Initialising ChemShell DEVELOPMENT VERSION 3.7_2023_DLF_GPR.dev on linux
read_xyz/======================================== Tstep:    0.6 Ttot:    0.6 ==
read_xyz/======================================== Tstep:    0.0 Ttot:    0.6 ==
dl-find/========================================= Tstep:    0.0 Ttot:    0.6 ==
dl-find/copy_object/============================= Tstep:    0.0 Ttot:    0.6 ==
dl-find/get_number_of_atoms/===================== Tstep:    0.0 Ttot:    0.6 ==
dl-find/set_matrix_size/========================= Tstep:    0.0 Ttot:    0.6 ==
dl-find/set_matrix_size/========================= Tstep:    0.0 Ttot:    0.6 ==
Using 2018 CODATA recommended values

***********************************************************************
**                                                                   **
**                       ---------------------                       **
**                              DL-FIND                              **
**                       Geometry Optimisation                       **
**                       ---------------------                       **
**                                                                   **
**                 J. Kaestner, J.M. Carr, T.W. Keal,                **
**                W. Thiel, A. Wander and P. Sherwood                **
**                                                                   **
**              J. Phys. Chem. A, 2009, 113 (43), 11856.             **
**                                                                   **
**   Please include this reference in published work using DL-FIND.  **
**                                                                   **
**               Copyright:  STFC Daresbury Laboratory               **
**                  and the University of Stuttgart                  **
**                           Revision:  341 $                        **
**                                                                   **
***********************************************************************


DL-FIND Report:
===============
Optimisation algorithm: L-BFGS
Number of steps in L-BFGS memory ...............         50
 
Step length: simple scaled
Maximum step length ............................  4.000E-01
Scaling step by ................................  1.000E+00
 
Coordinate system: Mass-weighted Cartesian coordinates
Dimer method, rotation by line search with extrapolation
Dimer distance (mid- to endpoint) ..............  1.000E-02
Maximum number of dimer rotations ..............         40
Tolerance in rotation ..........................  2.000E+00 degrees
 
Number of atoms ................................         85
Number of input geometries .....................          2
Variables to be optimised ......................        510
No restart information is written
This run has not been restarted.
Maximum number of steps ........................      10000
Maximum number of energy evaluations ...........  100000000
 
dl-find/turbomole/=============================== Tstep:    0.2 Ttot:    0.8 ==
eandg
Size of integral file returned by statistics run:  11604
Spin: 
 Energy calculation finished, energy: -2.138689541E+03
Testing convergence of dimer midpoint in cycle    1
  Max grad  1.1840E-03 Target: 4.5000E-04 converged?   no component   232
  RMS grad  1.2939E-04 Target: 3.0000E-04 converged?  yes
Next calculation will be the dimer endpoint before rotation
dl-find/turbomole/=============================== Tstep:  198.2 Ttot:  199.0 ==
eandg
Spin: 
 Energy calculation finished, energy: -2.138689546E+03
Curvature at dimer midpoint                   -0.00319
Predicted dimer rotation angle:      1.062 deg
Dimer rotation converged after    0 steps
Writing TS-mode
Curvature after dimer rotation:               -0.00319
Frequency of transition mode  -290.481 cm^-1 (negative value denotes imaginary frequency)
Crossover temperature for tunnelling       66.51680 K
Restarting L-BFGS optimiser, instance: dimer rotation
Next calculation will be the dimer  midpoint
dl-find/turbomole/=============================== Tstep:   91.0 Ttot:  289.9 ==
eandg
Spin: 
 Energy calculation finished, energy: -2.138689556E+03
Testing convergence of dimer midpoint in cycle    2
    Energy  1.5324E-05 Target: 1.0000E-06 converged?   no
  Max step  1.0116E-02 Target: 1.8000E-03 converged?   no component    18
  RMS step  1.2524E-03 Target: 1.2000E-03 converged?   no
  Max grad  8.5438E-04 Target: 4.5000E-04 converged?   no component    61
  RMS grad  1.3716E-04 Target: 3.0000E-04 converged?  yes
Next calculation will be the dimer endpoint before rotation
dl-find/turbomole/=============================== Tstep:  103.9 Ttot:  393.8 ==
eandg
Spin: 
 Energy calculation finished, energy: -2.138689564E+03
Curvature at dimer midpoint                   -0.00318
Predicted dimer rotation angle:      2.379 deg
Next calculation will be the dimer endpoint after rotation
dl-find/turbomole/=============================== Tstep:   82.6 Ttot:  476.5 ==
eandg
Spin: 
 Energy calculation finished, energy: -2.138689564E+03
Curvature at dimer midpoint after rotation    -0.00309
Curvature at dimer minimum                    -0.00318
Actual dimer rotation angle:         0.242 deg
Dimer rotation converged after    1 steps
Writing TS-mode
Curvature after dimer rotation:               -0.00318
Frequency of transition mode  -289.739 cm^-1 (negative value denotes imaginary frequency)
Crossover temperature for tunnelling       66.34694 K
Restarting L-BFGS optimiser, instance: dimer rotation
Next calculation will be the dimer  midpoint
dl-find/turbomole/=============================== Tstep:   69.1 Ttot:  545.6 ==
eandg
Spin: 
 Energy calculation finished, energy: -2.138689578E+03
Testing convergence of dimer midpoint in cycle    3
    Energy  2.1172E-05 Target: 1.0000E-06 converged?   no
  Max step  1.6830E-02 Target: 1.8000E-03 converged?   no component    18
  RMS step  1.9770E-03 Target: 1.2000E-03 converged?   no
  Max grad  3.7458E-04 Target: 4.5000E-04 converged?  yes component   226
  RMS grad  8.6846E-05 Target: 3.0000E-04 converged?  yes
Next calculation will be the dimer endpoint before rotation
dl-find/turbomole/=============================== Tstep:  109.7 Ttot:  655.3 ==
eandg
Spin: 
 Energy calculation finished, energy: -2.138689581E+03
Curvature at dimer midpoint                   -0.00320
Predicted dimer rotation angle:      3.836 deg
Next calculation will be the dimer endpoint after rotation
dl-find/turbomole/=============================== Tstep:   90.6 Ttot:  745.9 ==
eandg
Spin: 
 Energy calculation finished, energy: -2.138689581E+03
Curvature at dimer midpoint after rotation    -0.00253
Curvature at dimer minimum                    -0.00320
Actual dimer rotation angle:         0.151 deg
Dimer rotation converged after    1 steps
Writing TS-mode
Curvature after dimer rotation:               -0.00320
Frequency of transition mode  -290.745 cm^-1 (negative value denotes imaginary frequency)
Crossover temperature for tunnelling       66.57734 K
Restarting L-BFGS optimiser, instance: dimer rotation
Next calculation will be the dimer  midpoint
dl-find/turbomole/=============================== Tstep:   76.2 Ttot:  822.1 ==
eandg
Spin: 
 Energy calculation finished, energy: -2.138689586E+03
Testing convergence of dimer midpoint in cycle    4
    Energy  8.7220E-06 Target: 1.0000E-06 converged?   no
  Max step  1.6429E-02 Target: 1.8000E-03 converged?   no component    18
  RMS step  1.6422E-03 Target: 1.2000E-03 converged?   no
  Max grad  4.5512E-04 Target: 4.5000E-04 converged?   no component   234
  RMS grad  8.8086E-05 Target: 3.0000E-04 converged?  yes
Next calculation will be the dimer endpoint before rotation
dl-find/turbomole/=============================== Tstep:  103.8 Ttot:  925.9 ==
eandg
Spin: 
 Energy calculation finished, energy: -2.138689590E+03
Curvature at dimer midpoint                   -0.00315
Predicted dimer rotation angle:      2.791 deg
Next calculation will be the dimer endpoint after rotation
dl-find/turbomole/=============================== Tstep:   90.4 Ttot: 1016.3 ==
eandg
Spin: 
 Energy calculation finished, energy: -2.138689590E+03
Curvature at dimer midpoint after rotation    -0.00250
Curvature at dimer minimum                    -0.00315
Actual dimer rotation angle:         0.062 deg
Dimer rotation converged after    1 steps
Writing TS-mode
Curvature after dimer rotation:               -0.00315
Frequency of transition mode  -288.663 cm^-1 (negative value denotes imaginary frequency)
Crossover temperature for tunnelling       66.10047 K
Restarting L-BFGS optimiser, instance: dimer rotation
Next calculation will be the dimer  midpoint
dl-find/turbomole/=============================== Tstep:   73.1 Ttot: 1089.4 ==
eandg
Spin: 
 Energy calculation finished, energy: -2.138689565E+03
Testing convergence of dimer midpoint in cycle    5
    Energy  2.1422E-05 Target: 1.0000E-06 converged?   no
  Max step  5.7865E-02 Target: 1.8000E-03 converged?   no component    18
  RMS step  5.7528E-03 Target: 1.2000E-03 converged?   no
  Max grad  2.1917E-03 Target: 4.5000E-04 converged?   no component    88
  RMS grad  3.0012E-04 Target: 3.0000E-04 converged?   no
Next calculation will be the dimer endpoint before rotation
dl-find/turbomole/=============================== Tstep:  113.0 Ttot: 1202.4 ==
eandg
Spin: 
 Energy calculation finished, energy: -2.138689568E+03
Curvature at dimer midpoint                   -0.00301
Predicted dimer rotation angle:      5.292 deg
Next calculation will be the dimer endpoint after rotation
dl-find/turbomole/=============================== Tstep:   92.0 Ttot: 1294.4 ==
eandg
Spin: 
 Energy calculation finished, energy: -2.138689569E+03
Curvature at dimer midpoint after rotation    -0.00091
Curvature at dimer minimum                    -0.00302
Actual dimer rotation angle:         0.124 deg
Dimer rotation converged after    1 steps
Writing TS-mode
Curvature after dimer rotation:               -0.00302
Frequency of transition mode  -282.261 cm^-1 (negative value denotes imaginary frequency)
Crossover temperature for tunnelling       64.63444 K
Restarting L-BFGS optimiser, instance: dimer rotation
Next calculation will be the dimer  midpoint
dl-find/turbomole/=============================== Tstep:   71.5 Ttot: 1365.9 ==
eandg
Spin: 
 Energy calculation finished, energy: -2.138689601E+03
Testing convergence of dimer midpoint in cycle    6
    Energy  3.5938E-05 Target: 1.0000E-06 converged?   no
  Max step  5.5870E-03 Target: 1.8000E-03 converged?   no component    88
  RMS step  9.3998E-04 Target: 1.2000E-03 converged?  yes
  Max grad  3.5815E-04 Target: 4.5000E-04 converged?  yes component     1
  RMS grad  9.1746E-05 Target: 3.0000E-04 converged?  yes
Next calculation will be the dimer endpoint before rotation
dl-find/turbomole/=============================== Tstep:  110.1 Ttot: 1476.0 ==
eandg
Spin: 
 Energy calculation finished, energy: -2.138689604E+03
Curvature at dimer midpoint                   -0.00298
Predicted dimer rotation angle:      3.560 deg
Next calculation will be the dimer endpoint after rotation
dl-find/turbomole/=============================== Tstep:   93.1 Ttot: 1569.2 ==
eandg
Spin: 
 Energy calculation finished, energy: -2.138689604E+03
Curvature at dimer midpoint after rotation    -0.00246
Curvature at dimer minimum                    -0.00298
Actual dimer rotation angle:         0.147 deg
Dimer rotation converged after    1 steps
Writing TS-mode
Curvature after dimer rotation:               -0.00298
Frequency of transition mode  -280.464 cm^-1 (negative value denotes imaginary frequency)
Crossover temperature for tunnelling       64.22295 K
Restarting L-BFGS optimiser, instance: dimer rotation
Next calculation will be the dimer  midpoint
dl-find/turbomole/=============================== Tstep:   71.7 Ttot: 1640.9 ==
eandg
Spin: 
 Energy calculation finished, energy: -2.138689609E+03
Testing convergence of dimer midpoint in cycle    7
    Energy  8.1970E-06 Target: 1.0000E-06 converged?   no
  Max step  3.1985E-03 Target: 1.8000E-03 converged?   no component    16
  RMS step  5.8569E-04 Target: 1.2000E-03 converged?  yes
  Max grad  3.2176E-04 Target: 4.5000E-04 converged?  yes component    61
  RMS grad  8.3762E-05 Target: 3.0000E-04 converged?  yes
Next calculation will be the dimer endpoint before rotation
dl-find/turbomole/=============================== Tstep:  101.0 Ttot: 1741.9 ==
eandg
Spin: 
 Energy calculation finished, energy: -2.138689611E+03
Curvature at dimer midpoint                   -0.00296
Predicted dimer rotation angle:      3.970 deg
Next calculation will be the dimer endpoint after rotation
dl-find/turbomole/=============================== Tstep:   92.5 Ttot: 1834.5 ==
eandg
Spin: 
 Energy calculation finished, energy: -2.138689612E+03
Curvature at dimer midpoint after rotation    -0.00182
Curvature at dimer minimum                    -0.00296
Actual dimer rotation angle:         0.095 deg
Dimer rotation converged after    1 steps
Writing TS-mode
Curvature after dimer rotation:               -0.00296
Frequency of transition mode  -279.488 cm^-1 (negative value denotes imaginary frequency)
Crossover temperature for tunnelling       63.99945 K
Restarting L-BFGS optimiser, instance: dimer rotation
Next calculation will be the dimer  midpoint
dl-find/turbomole/=============================== Tstep:   70.1 Ttot: 1904.6 ==
eandg
Spin: 
 Energy calculation finished, energy: -2.138689559E+03
Testing convergence of dimer midpoint in cycle    8
    Energy  5.0057E-05 Target: 1.0000E-06 converged?   no
  Max step  2.5648E-02 Target: 1.8000E-03 converged?   no component    18
  RMS step  3.5998E-03 Target: 1.2000E-03 converged?   no
  Max grad  1.0408E-03 Target: 4.5000E-04 converged?   no component    88
  RMS grad  1.2004E-04 Target: 3.0000E-04 converged?  yes
Next calculation will be the dimer endpoint before rotation
dl-find/turbomole/=============================== Tstep:  121.8 Ttot: 2026.4 ==
eandg
Spin: 
 Energy calculation finished, energy: -2.138689561E+03
Curvature at dimer midpoint                   -0.00282
Predicted dimer rotation angle:      3.871 deg
Next calculation will be the dimer endpoint after rotation
dl-find/turbomole/=============================== Tstep:   91.2 Ttot: 2117.6 ==
eandg
Spin: 
 Energy calculation finished, energy: -2.138689561E+03
Curvature at dimer midpoint after rotation    -0.00263
Curvature at dimer minimum                    -0.00282
Actual dimer rotation angle:         0.416 deg
Dimer rotation converged after    1 steps
Writing TS-mode
Curvature after dimer rotation:               -0.00282
Frequency of transition mode  -273.149 cm^-1 (negative value denotes imaginary frequency)
Crossover temperature for tunnelling       62.54803 K
Restarting L-BFGS optimiser, instance: dimer rotation
Next calculation will be the dimer  midpoint
dl-find/turbomole/=============================== Tstep:   74.3 Ttot: 2191.9 ==
eandg
Spin: 
 Energy calculation finished, energy: -2.138689552E+03
Testing convergence of dimer midpoint in cycle    9
    Energy  6.9820E-06 Target: 1.0000E-06 converged?   no
  Max step  5.3424E-02 Target: 1.8000E-03 converged?   no component    18
  RMS step  6.7125E-03 Target: 1.2000E-03 converged?   no
  Max grad  2.0297E-03 Target: 4.5000E-04 converged?   no component    45
  RMS grad  2.9490E-04 Target: 3.0000E-04 converged?  yes
Next calculation will be the dimer endpoint before rotation
dl-find/turbomole/=============================== Tstep:  121.1 Ttot: 2312.9 ==
eandg
Spin: 
 Energy calculation finished, energy: -2.138689552E+03
Curvature at dimer midpoint                   -0.00257
Predicted dimer rotation angle:      8.601 deg
Next calculation will be the dimer endpoint after rotation
dl-find/turbomole/=============================== Tstep:   93.0 Ttot: 2406.0 ==
eandg
Spin: 
 Energy calculation finished, energy: -2.138689552E+03
Curvature at dimer midpoint after rotation     0.00351
Curvature at dimer minimum                    -0.00257
Actual dimer rotation angle:         0.161 deg
Dimer rotation converged after    1 steps
Writing TS-mode
Curvature after dimer rotation:               -0.00257
Frequency of transition mode  -260.789 cm^-1 (negative value denotes imaginary frequency)
Crossover temperature for tunnelling       59.71757 K
Restarting L-BFGS optimiser, instance: dimer rotation
Next calculation will be the dimer  midpoint
dl-find/turbomole/=============================== Tstep:   64.1 Ttot: 2470.1 ==
eandg
Spin: 
 Energy calculation finished, energy: -2.138689590E+03
Testing convergence of dimer midpoint in cycle   10
    Energy  3.8337E-05 Target: 1.0000E-06 converged?   no
  Max step  1.7140E-02 Target: 1.8000E-03 converged?   no component    18
  RMS step  2.0199E-03 Target: 1.2000E-03 converged?   no
  Max grad  6.7343E-04 Target: 4.5000E-04 converged?   no component    45
  RMS grad  1.1861E-04 Target: 3.0000E-04 converged?  yes
Next calculation will be the dimer endpoint before rotation
dl-find/turbomole/=============================== Tstep:  108.1 Ttot: 2578.2 ==
eandg
Spin: 
 Energy calculation finished, energy: -2.138689590E+03
Curvature at dimer midpoint                   -0.00249
Predicted dimer rotation angle:      5.523 deg
Next calculation will be the dimer endpoint after rotation
dl-find/turbomole/=============================== Tstep:   91.8 Ttot: 2670.0 ==
eandg
Spin: 
 Energy calculation finished, energy: -2.138689590E+03
Curvature at dimer midpoint after rotation    -0.00195
Curvature at dimer minimum                    -0.00250
Actual dimer rotation angle:         0.407 deg
Dimer rotation converged after    1 steps
Writing TS-mode
Curvature after dimer rotation:               -0.00250
Frequency of transition mode  -256.813 cm^-1 (negative value denotes imaginary frequency)
Crossover temperature for tunnelling       58.80732 K
Restarting L-BFGS optimiser, instance: dimer rotation
Next calculation will be the dimer  midpoint
dl-find/turbomole/=============================== Tstep:   72.7 Ttot: 2742.7 ==
eandg
Spin: 
 Energy calculation finished, energy: -2.138689609E+03
Testing convergence of dimer midpoint in cycle   11
    Energy  1.8881E-05 Target: 1.0000E-06 converged?   no
  Max step  2.3051E-02 Target: 1.8000E-03 converged?   no component    18
  RMS step  2.6127E-03 Target: 1.2000E-03 converged?   no
  Max grad  3.3945E-04 Target: 4.5000E-04 converged?  yes component    88
  RMS grad  8.3782E-05 Target: 3.0000E-04 converged?  yes
Next calculation will be the dimer endpoint before rotation
dl-find/turbomole/=============================== Tstep:  114.1 Ttot: 2856.7 ==
eandg
Spin: 
 Energy calculation finished, energy: -2.138689609E+03
Curvature at dimer midpoint                   -0.00244
Predicted dimer rotation angle:     10.236 deg
Next calculation will be the dimer endpoint after rotation
dl-find/turbomole/=============================== Tstep:   93.1 Ttot: 2949.8 ==
eandg
Spin: 
 Energy calculation finished, energy: -2.138689608E+03
Curvature at dimer midpoint after rotation     0.00794
Curvature at dimer minimum                    -0.00244
Actual dimer rotation angle:         0.154 deg
Dimer rotation converged after    1 steps
Writing TS-mode
Curvature after dimer rotation:               -0.00244
Frequency of transition mode  -254.013 cm^-1 (negative value denotes imaginary frequency)
Crossover temperature for tunnelling       58.16596 K
Restarting L-BFGS optimiser, instance: dimer rotation
Next calculation will be the dimer  midpoint
dl-find/turbomole/=============================== Tstep:   84.2 Ttot: 3034.0 ==
eandg
Spin: 
 Energy calculation finished, energy: -2.138689635E+03
Testing convergence of dimer midpoint in cycle   12
    Energy  2.6106E-05 Target: 1.0000E-06 converged?   no
  Max step  2.8612E-02 Target: 1.8000E-03 converged?   no component    18
  RMS step  3.5281E-03 Target: 1.2000E-03 converged?   no
  Max grad  5.1020E-04 Target: 4.5000E-04 converged?   no component    45
  RMS grad  9.3171E-05 Target: 3.0000E-04 converged?  yes
Next calculation will be the dimer endpoint before rotation
dl-find/turbomole/=============================== Tstep:  115.7 Ttot: 3149.7 ==
eandg
Spin: 
 Energy calculation finished, energy: -2.138689634E+03
Curvature at dimer midpoint                   -0.00233
Predicted dimer rotation angle:      5.825 deg
Next calculation will be the dimer endpoint after rotation
dl-find/turbomole/=============================== Tstep:   93.3 Ttot: 3243.0 ==
eandg
Spin: 
 Energy calculation finished, energy: -2.138689634E+03
Curvature at dimer midpoint after rotation    -0.00118
Curvature at dimer minimum                    -0.00233
Actual dimer rotation angle:         0.227 deg
Dimer rotation converged after    1 steps
Writing TS-mode
Curvature after dimer rotation:               -0.00233
Frequency of transition mode  -248.220 cm^-1 (negative value denotes imaginary frequency)
Crossover temperature for tunnelling       56.83960 K
Restarting L-BFGS optimiser, instance: dimer rotation
Next calculation will be the dimer  midpoint
dl-find/turbomole/=============================== Tstep:   77.4 Ttot: 3320.3 ==
eandg
Spin: 
 Energy calculation finished, energy: -2.138689668E+03
Testing convergence of dimer midpoint in cycle   13
    Energy  3.2943E-05 Target: 1.0000E-06 converged?   no
  Max step  3.2629E-02 Target: 1.8000E-03 converged?   no component    18
  RMS step  4.7599E-03 Target: 1.2000E-03 converged?   no
  Max grad  8.1074E-04 Target: 4.5000E-04 converged?   no component    45
  RMS grad  9.2774E-05 Target: 3.0000E-04 converged?  yes
Next calculation will be the dimer endpoint before rotation
dl-find/turbomole/=============================== Tstep:  113.0 Ttot: 3433.3 ==
eandg
Spin: 
 Energy calculation finished, energy: -2.138689666E+03
Curvature at dimer midpoint                   -0.00217
Predicted dimer rotation angle:      7.577 deg
Next calculation will be the dimer endpoint after rotation
dl-find/turbomole/=============================== Tstep:   91.4 Ttot: 3524.7 ==
eandg
Spin: 
 Energy calculation finished, energy: -2.138689667E+03
Curvature at dimer midpoint after rotation     0.00030
Curvature at dimer minimum                    -0.00217
Actual dimer rotation angle:         0.223 deg
Dimer rotation converged after    1 steps
Writing TS-mode
Curvature after dimer rotation:               -0.00217
Frequency of transition mode  -239.654 cm^-1 (negative value denotes imaginary frequency)
Crossover temperature for tunnelling       54.87804 K
Restarting L-BFGS optimiser, instance: dimer rotation
Next calculation will be the dimer  midpoint
dl-find/turbomole/=============================== Tstep:   75.7 Ttot: 3600.4 ==
eandg
Spin: 
 Energy calculation finished, energy: -2.138689656E+03
Testing convergence of dimer midpoint in cycle   14
    Energy  1.2361E-05 Target: 1.0000E-06 converged?   no
  Max step  5.2291E-02 Target: 1.8000E-03 converged?   no component    18
  RMS step  8.2108E-03 Target: 1.2000E-03 converged?   no
  Max grad  2.2647E-03 Target: 4.5000E-04 converged?   no component    45
  RMS grad  3.9636E-04 Target: 3.0000E-04 converged?   no
Next calculation will be the dimer endpoint before rotation
dl-find/turbomole/=============================== Tstep:  107.7 Ttot: 3708.0 ==
eandg
Spin: 
 Energy calculation finished, energy: -2.138689653E+03
Curvature at dimer midpoint                   -0.00187
Predicted dimer rotation angle:     15.809 deg
Next calculation will be the dimer endpoint after rotation
dl-find/turbomole/=============================== Tstep:   83.1 Ttot: 3791.2 ==
eandg
Spin: 
 Energy calculation finished, energy: -2.138689656E+03
Curvature at dimer midpoint after rotation     0.01759
Curvature at dimer minimum                    -0.00187
Actual dimer rotation angle:         0.243 deg
Dimer rotation converged after    1 steps
Writing TS-mode
Curvature after dimer rotation:               -0.00187
Frequency of transition mode  -222.294 cm^-1 (negative value denotes imaginary frequency)
Crossover temperature for tunnelling       50.90285 K
Restarting L-BFGS optimiser, instance: dimer rotation
Next calculation will be the dimer  midpoint
dl-find/turbomole/=============================== Tstep:   93.9 Ttot: 3885.1 ==
eandg
Spin: 
 Energy calculation finished, energy: -2.138689698E+03
Testing convergence of dimer midpoint in cycle   15
    Energy  4.1686E-05 Target: 1.0000E-06 converged?   no
  Max step  2.4824E-02 Target: 1.8000E-03 converged?   no component    18
  RMS step  3.3498E-03 Target: 1.2000E-03 converged?   no
  Max grad  2.4119E-04 Target: 4.5000E-04 converged?  yes component   235
  RMS grad  6.3421E-05 Target: 3.0000E-04 converged?  yes
Next calculation will be the dimer endpoint before rotation
dl-find/turbomole/=============================== Tstep:  113.7 Ttot: 3998.8 ==
eandg
Spin: 
 Energy calculation finished, energy: -2.138689695E+03
Curvature at dimer midpoint                   -0.00204
Predicted dimer rotation angle:     10.179 deg
Next calculation will be the dimer endpoint after rotation
dl-find/turbomole/=============================== Tstep:   93.5 Ttot: 4092.3 ==
eandg
Spin: 
 Energy calculation finished, energy: -2.138689695E+03
Curvature at dimer midpoint after rotation     0.00584
Curvature at dimer minimum                    -0.00204
Actual dimer rotation angle:         0.166 deg
Dimer rotation converged after    1 steps
Writing TS-mode
Curvature after dimer rotation:               -0.00204
Frequency of transition mode  -232.171 cm^-1 (negative value denotes imaginary frequency)
Crossover temperature for tunnelling       53.16439 K
Restarting L-BFGS optimiser, instance: dimer rotation
Next calculation will be the dimer  midpoint
dl-find/turbomole/=============================== Tstep:   77.3 Ttot: 4169.5 ==
eandg
Spin: 
 Energy calculation finished, energy: -2.138689700E+03
Testing convergence of dimer midpoint in cycle   16
    Energy  2.0630E-06 Target: 1.0000E-06 converged?   no
  Max step  4.1479E-03 Target: 1.8000E-03 converged?   no component    18
  RMS step  4.7598E-04 Target: 1.2000E-03 converged?  yes
  Max grad  2.2189E-04 Target: 4.5000E-04 converged?  yes component   235
  RMS grad  5.3155E-05 Target: 3.0000E-04 converged?  yes
Next calculation will be the dimer endpoint before rotation
dl-find/turbomole/=============================== Tstep:   92.2 Ttot: 4261.7 ==
eandg
Spin: 
 Energy calculation finished, energy: -2.138689697E+03
Curvature at dimer midpoint                   -0.00204
Predicted dimer rotation angle:      7.079 deg
Next calculation will be the dimer endpoint after rotation
dl-find/turbomole/=============================== Tstep:   92.5 Ttot: 4354.2 ==
eandg
Spin: 
 Energy calculation finished, energy: -2.138689696E+03
Curvature at dimer midpoint after rotation     0.00003
Curvature at dimer minimum                    -0.00204
Actual dimer rotation angle:         0.204 deg
Dimer rotation converged after    1 steps
Writing TS-mode
Curvature after dimer rotation:               -0.00204
Frequency of transition mode  -232.160 cm^-1 (negative value denotes imaginary frequency)
Crossover temperature for tunnelling       53.16205 K
Restarting L-BFGS optimiser, instance: dimer rotation
Next calculation will be the dimer  midpoint
dl-find/turbomole/=============================== Tstep:   82.5 Ttot: 4436.7 ==
eandg
Spin: 
 Energy calculation finished, energy: -2.138689714E+03
Testing convergence of dimer midpoint in cycle   17
    Energy  1.3976E-05 Target: 1.0000E-06 converged?   no
  Max step  9.9050E-03 Target: 1.8000E-03 converged?   no component   235
  RMS step  2.2264E-03 Target: 1.2000E-03 converged?   no
  Max grad  3.5908E-04 Target: 4.5000E-04 converged?  yes component   234
  RMS grad  7.4552E-05 Target: 3.0000E-04 converged?  yes
Next calculation will be the dimer endpoint before rotation
dl-find/turbomole/=============================== Tstep:   97.6 Ttot: 4534.3 ==
eandg
Spin: 
 Energy calculation finished, energy: -2.138689713E+03
Curvature at dimer midpoint                   -0.00197
Predicted dimer rotation angle:      8.992 deg
Next calculation will be the dimer endpoint after rotation
dl-find/turbomole/=============================== Tstep:   82.9 Ttot: 4617.2 ==
eandg
Spin: 
 Energy calculation finished, energy: -2.138689711E+03
Curvature at dimer midpoint after rotation     0.00305
Curvature at dimer minimum                    -0.00197
Actual dimer rotation angle:         0.172 deg
Dimer rotation converged after    1 steps
Writing TS-mode
Curvature after dimer rotation:               -0.00197
Frequency of transition mode  -228.190 cm^-1 (negative value denotes imaginary frequency)
Crossover temperature for tunnelling       52.25284 K
Restarting L-BFGS optimiser, instance: dimer rotation
Next calculation will be the dimer  midpoint
dl-find/turbomole/=============================== Tstep:   79.8 Ttot: 4697.0 ==
eandg
Spin: 
 Energy calculation finished, energy: -2.138689729E+03
Testing convergence of dimer midpoint in cycle   18
    Energy  1.5480E-05 Target: 1.0000E-06 converged?   no
  Max step  1.6016E-02 Target: 1.8000E-03 converged?   no component   235
  RMS step  3.6017E-03 Target: 1.2000E-03 converged?   no
  Max grad  6.1444E-04 Target: 4.5000E-04 converged?   no component    50
  RMS grad  1.1011E-04 Target: 3.0000E-04 converged?  yes
Next calculation will be the dimer endpoint before rotation
dl-find/turbomole/=============================== Tstep:  110.0 Ttot: 4807.1 ==
eandg
Spin: 
 Energy calculation finished, energy: -2.138689727E+03
Curvature at dimer midpoint                   -0.00199
Predicted dimer rotation angle:      9.057 deg
Next calculation will be the dimer endpoint after rotation
dl-find/turbomole/=============================== Tstep:   92.5 Ttot: 4899.6 ==
eandg
Spin: 
 Energy calculation finished, energy: -2.138689724E+03
Curvature at dimer midpoint after rotation     0.00410
Curvature at dimer minimum                    -0.00199
Actual dimer rotation angle:         0.147 deg
Dimer rotation converged after    1 steps
Writing TS-mode
Curvature after dimer rotation:               -0.00199
Frequency of transition mode  -229.173 cm^-1 (negative value denotes imaginary frequency)
Crossover temperature for tunnelling       52.47786 K
Restarting L-BFGS optimiser, instance: dimer rotation
Next calculation will be the dimer  midpoint
dl-find/turbomole/=============================== Tstep:   75.2 Ttot: 4974.8 ==
eandg
Spin: 
 Energy calculation finished, energy: -2.138689748E+03
Testing convergence of dimer midpoint in cycle   19
    Energy  1.8646E-05 Target: 1.0000E-06 converged?   no
  Max step  4.1641E-02 Target: 1.8000E-03 converged?   no component    21
  RMS step  9.2769E-03 Target: 1.2000E-03 converged?   no
  Max grad  1.4081E-03 Target: 4.5000E-04 converged?   no component    83
  RMS grad  1.5340E-04 Target: 3.0000E-04 converged?  yes
Next calculation will be the dimer endpoint before rotation
dl-find/turbomole/=============================== Tstep:  115.4 Ttot: 5090.2 ==
eandg
Spin: 
 Energy calculation finished, energy: -2.138689745E+03
Curvature at dimer midpoint                   -0.00187
Predicted dimer rotation angle:      9.088 deg
Next calculation will be the dimer endpoint after rotation
dl-find/turbomole/=============================== Tstep:   92.9 Ttot: 5183.1 ==
eandg
Spin: 
 Energy calculation finished, energy: -2.138689746E+03
Curvature at dimer midpoint after rotation     0.00165
Curvature at dimer minimum                    -0.00188
Actual dimer rotation angle:         0.236 deg
Dimer rotation converged after    1 steps
Writing TS-mode
Curvature after dimer rotation:               -0.00188
Frequency of transition mode  -222.591 cm^-1 (negative value denotes imaginary frequency)
Crossover temperature for tunnelling       50.97081 K
Restarting L-BFGS optimiser, instance: dimer rotation
Next calculation will be the dimer  midpoint
dl-find/turbomole/=============================== Tstep:   75.0 Ttot: 5258.1 ==
eandg
Spin: 
 Energy calculation finished, energy: -2.138689776E+03
Testing convergence of dimer midpoint in cycle   20
    Energy  2.8439E-05 Target: 1.0000E-06 converged?   no
  Max step  1.4030E-02 Target: 1.8000E-03 converged?   no component    18
  RMS step  3.0265E-03 Target: 1.2000E-03 converged?   no
  Max grad  3.6568E-04 Target: 4.5000E-04 converged?  yes component   234
  RMS grad  8.1695E-05 Target: 3.0000E-04 converged?  yes
Next calculation will be the dimer endpoint before rotation
dl-find/turbomole/=============================== Tstep:  110.6 Ttot: 5368.7 ==
eandg
Spin: 
 Energy calculation finished, energy: -2.138689773E+03
Curvature at dimer midpoint                   -0.00183
Predicted dimer rotation angle:     10.204 deg
Next calculation will be the dimer endpoint after rotation
dl-find/turbomole/=============================== Tstep:   94.6 Ttot: 5463.2 ==
eandg
Spin: 
 Energy calculation finished, energy: -2.138689771E+03
Curvature at dimer midpoint after rotation     0.00497
Curvature at dimer minimum                    -0.00183
Actual dimer rotation angle:         0.174 deg
Dimer rotation converged after    1 steps
Writing TS-mode
Curvature after dimer rotation:               -0.00183
Frequency of transition mode  -220.172 cm^-1 (negative value denotes imaginary frequency)
Crossover temperature for tunnelling       50.41675 K
Restarting L-BFGS optimiser, instance: dimer rotation
Next calculation will be the dimer  midpoint
dl-find/turbomole/=============================== Tstep:   84.9 Ttot: 5548.1 ==
eandg
Spin: 
 Energy calculation finished, energy: -2.138689794E+03
Testing convergence of dimer midpoint in cycle   21
    Energy  1.8196E-05 Target: 1.0000E-06 converged?   no
  Max step  1.5805E-02 Target: 1.8000E-03 converged?   no component    18
  RMS step  3.3124E-03 Target: 1.2000E-03 converged?   no
  Max grad  5.9924E-04 Target: 4.5000E-04 converged?   no component    83
  RMS grad  8.9680E-05 Target: 3.0000E-04 converged?  yes
Next calculation will be the dimer endpoint before rotation
dl-find/turbomole/=============================== Tstep:  103.1 Ttot: 5651.2 ==
eandg
Spin: 
 Energy calculation finished, energy: -2.138689791E+03
Curvature at dimer midpoint                   -0.00178
Predicted dimer rotation angle:      9.773 deg
Next calculation will be the dimer endpoint after rotation
dl-find/turbomole/=============================== Tstep:   94.0 Ttot: 5745.2 ==
eandg
Spin: 
 Energy calculation finished, energy: -2.138689791E+03
Curvature at dimer midpoint after rotation     0.00316
Curvature at dimer minimum                    -0.00178
Actual dimer rotation angle:         0.203 deg
Dimer rotation converged after    1 steps
Writing TS-mode
Curvature after dimer rotation:               -0.00178
Frequency of transition mode  -216.935 cm^-1 (negative value denotes imaginary frequency)
Crossover temperature for tunnelling       49.67559 K
Restarting L-BFGS optimiser, instance: dimer rotation
Next calculation will be the dimer  midpoint
dl-find/turbomole/=============================== Tstep:   78.5 Ttot: 5823.7 ==
eandg
Spin: 
 Energy calculation finished, energy: -2.138689814E+03
Testing convergence of dimer midpoint in cycle   22
    Energy  1.9163E-05 Target: 1.0000E-06 converged?   no
  Max step  1.3966E-02 Target: 1.8000E-03 converged?   no component    21
  RMS step  4.0643E-03 Target: 1.2000E-03 converged?   no
  Max grad  1.0264E-03 Target: 4.5000E-04 converged?   no component    83
  RMS grad  1.1257E-04 Target: 3.0000E-04 converged?  yes
Next calculation will be the dimer endpoint before rotation
dl-find/turbomole/=============================== Tstep:  102.2 Ttot: 5925.9 ==
eandg
Spin: 
 Energy calculation finished, energy: -2.138689810E+03
Curvature at dimer midpoint                   -0.00177
Predicted dimer rotation angle:      9.950 deg
Next calculation will be the dimer endpoint after rotation
dl-find/turbomole/=============================== Tstep:   94.1 Ttot: 6020.0 ==
eandg
Spin: 
 Energy calculation finished, energy: -2.138689811E+03
Curvature at dimer midpoint after rotation     0.00420
Curvature at dimer minimum                    -0.00177
Actual dimer rotation angle:         0.177 deg
Dimer rotation converged after    1 steps
Writing TS-mode
Curvature after dimer rotation:               -0.00177
Frequency of transition mode  -216.117 cm^-1 (negative value denotes imaginary frequency)
Crossover temperature for tunnelling       49.48822 K
Restarting L-BFGS optimiser, instance: dimer rotation
Next calculation will be the dimer  midpoint
dl-find/turbomole/=============================== Tstep:   88.1 Ttot: 6108.1 ==
eandg
Spin: 
 Energy calculation finished, energy: -2.138689848E+03
Testing convergence of dimer midpoint in cycle   23
    Energy  3.4129E-05 Target: 1.0000E-06 converged?   no
  Max step  3.7060E-02 Target: 1.8000E-03 converged?   no component   238
  RMS step  1.0074E-02 Target: 1.2000E-03 converged?   no
  Max grad  6.4634E-04 Target: 4.5000E-04 converged?   no component   245
  RMS grad  1.6580E-04 Target: 3.0000E-04 converged?  yes
Next calculation will be the dimer endpoint before rotation
dl-find/turbomole/=============================== Tstep:  113.7 Ttot: 6221.8 ==
eandg
Spin: 
 Energy calculation finished, energy: -2.138689845E+03
Curvature at dimer midpoint                   -0.00180
Predicted dimer rotation angle:     10.332 deg
Next calculation will be the dimer endpoint after rotation
dl-find/turbomole/=============================== Tstep:   91.2 Ttot: 6313.0 ==
eandg
Spin: 
 Energy calculation finished, energy: -2.138689846E+03
Curvature at dimer midpoint after rotation     0.00553
Curvature at dimer minimum                    -0.00180
Actual dimer rotation angle:         0.165 deg
Dimer rotation converged after    1 steps
Writing TS-mode
Curvature after dimer rotation:               -0.00180
Frequency of transition mode  -218.361 cm^-1 (negative value denotes imaginary frequency)
Crossover temperature for tunnelling       50.00219 K
Restarting L-BFGS optimiser, instance: dimer rotation
Next calculation will be the dimer  midpoint
dl-find/turbomole/=============================== Tstep:   79.4 Ttot: 6392.4 ==
eandg
Spin: 
 Energy calculation finished, energy: -2.138689873E+03
Testing convergence of dimer midpoint in cycle   24
    Energy  2.5497E-05 Target: 1.0000E-06 converged?   no
  Max step  2.2055E-02 Target: 1.8000E-03 converged?   no component   238
  RMS step  5.5375E-03 Target: 1.2000E-03 converged?   no
  Max grad  5.2397E-04 Target: 4.5000E-04 converged?   no component   245
  RMS grad  1.0600E-04 Target: 3.0000E-04 converged?  yes
Next calculation will be the dimer endpoint before rotation
dl-find/turbomole/=============================== Tstep:   98.7 Ttot: 6491.1 ==
eandg
Spin: 
 Energy calculation finished, energy: -2.138689869E+03
Curvature at dimer midpoint                   -0.00184
Predicted dimer rotation angle:      7.732 deg
Next calculation will be the dimer endpoint after rotation
dl-find/turbomole/=============================== Tstep:   92.7 Ttot: 6583.8 ==
eandg
Spin: 
 Energy calculation finished, energy: -2.138689869E+03
Curvature at dimer midpoint after rotation     0.00054
Curvature at dimer minimum                    -0.00184
Actual dimer rotation angle:         0.210 deg
Dimer rotation converged after    1 steps
Writing TS-mode
Curvature after dimer rotation:               -0.00184
Frequency of transition mode  -220.596 cm^-1 (negative value denotes imaginary frequency)
Crossover temperature for tunnelling       50.51393 K
Restarting L-BFGS optimiser, instance: dimer rotation
Next calculation will be the dimer  midpoint
dl-find/turbomole/=============================== Tstep:   85.9 Ttot: 6669.8 ==
eandg
Spin: 
 Energy calculation finished, energy: -2.138689882E+03
Testing convergence of dimer midpoint in cycle   25
    Energy  8.9360E-06 Target: 1.0000E-06 converged?   no
  Max step  2.6623E-02 Target: 1.8000E-03 converged?   no component   238
  RMS step  6.5431E-03 Target: 1.2000E-03 converged?   no
  Max grad  5.3817E-04 Target: 4.5000E-04 converged?   no component    45
  RMS grad  1.0758E-04 Target: 3.0000E-04 converged?  yes
Next calculation will be the dimer endpoint before rotation
dl-find/turbomole/=============================== Tstep:  108.9 Ttot: 6778.7 ==
eandg
Spin: 
 Energy calculation finished, energy: -2.138689880E+03
Curvature at dimer midpoint                   -0.00193
Predicted dimer rotation angle:      9.945 deg
Next calculation will be the dimer endpoint after rotation
dl-find/turbomole/=============================== Tstep:   89.8 Ttot: 6868.4 ==
eandg
Spin: 
 Energy calculation finished, energy: -2.138689879E+03
Curvature at dimer midpoint after rotation     0.00712
Curvature at dimer minimum                    -0.00193
Actual dimer rotation angle:         0.128 deg
Dimer rotation converged after    1 steps
Writing TS-mode
Curvature after dimer rotation:               -0.00193
Frequency of transition mode  -225.959 cm^-1 (negative value denotes imaginary frequency)
Crossover temperature for tunnelling       51.74197 K
Restarting L-BFGS optimiser, instance: dimer rotation
Next calculation will be the dimer  midpoint
dl-find/turbomole/=============================== Tstep:   83.6 Ttot: 6952.0 ==
eandg
Spin: 
 Energy calculation finished, energy: -2.138689888E+03
Testing convergence of dimer midpoint in cycle   26
    Energy  6.2830E-06 Target: 1.0000E-06 converged?   no
  Max step  2.4572E-02 Target: 1.8000E-03 converged?   no component   235
  RMS step  5.7917E-03 Target: 1.2000E-03 converged?   no
  Max grad  7.0195E-04 Target: 4.5000E-04 converged?   no component    57
  RMS grad  1.4102E-04 Target: 3.0000E-04 converged?  yes
Next calculation will be the dimer endpoint before rotation
dl-find/turbomole/=============================== Tstep:  106.9 Ttot: 7059.0 ==
eandg
Spin: 
 Energy calculation finished, energy: -2.138689886E+03
Curvature at dimer midpoint                   -0.00200
Predicted dimer rotation angle:      5.559 deg
Next calculation will be the dimer endpoint after rotation
dl-find/turbomole/=============================== Tstep:   93.7 Ttot: 7152.7 ==
eandg
Spin: 
 Energy calculation finished, energy: -2.138689886E+03
Curvature at dimer midpoint after rotation    -0.00038
Curvature at dimer minimum                    -0.00200
Actual dimer rotation angle:         0.125 deg
Dimer rotation converged after    1 steps
Writing TS-mode
Curvature after dimer rotation:               -0.00200
Frequency of transition mode  -230.174 cm^-1 (negative value denotes imaginary frequency)
Crossover temperature for tunnelling       52.70718 K
Restarting L-BFGS optimiser, instance: dimer rotation
Next calculation will be the dimer  midpoint
dl-find/turbomole/=============================== Tstep:   76.6 Ttot: 7229.2 ==
eandg
Spin: 
 Energy calculation finished, energy: -2.138689904E+03
Testing convergence of dimer midpoint in cycle   27
    Energy  1.5198E-05 Target: 1.0000E-06 converged?   no
  Max step  3.5157E-02 Target: 1.8000E-03 converged?   no component   235
  RMS step  7.9398E-03 Target: 1.2000E-03 converged?   no
  Max grad  4.1221E-04 Target: 4.5000E-04 converged?  yes component    61
  RMS grad  9.8734E-05 Target: 3.0000E-04 converged?  yes
Next calculation will be the dimer endpoint before rotation
dl-find/turbomole/=============================== Tstep:  104.5 Ttot: 7333.7 ==
eandg
Spin: 
 Energy calculation finished, energy: -2.138689902E+03
Curvature at dimer midpoint                   -0.00199
Predicted dimer rotation angle:      5.976 deg
Next calculation will be the dimer endpoint after rotation
dl-find/turbomole/=============================== Tstep:   93.1 Ttot: 7426.8 ==
eandg
Spin: 
 Energy calculation finished, energy: -2.138689902E+03
Curvature at dimer midpoint after rotation     0.00005
Curvature at dimer minimum                    -0.00199
Actual dimer rotation angle:         0.123 deg
Dimer rotation converged after    1 steps
Writing TS-mode
Curvature after dimer rotation:               -0.00199
Frequency of transition mode  -229.563 cm^-1 (negative value denotes imaginary frequency)
Crossover temperature for tunnelling       52.56726 K
Restarting L-BFGS optimiser, instance: dimer rotation
Next calculation will be the dimer  midpoint
dl-find/turbomole/=============================== Tstep:   81.0 Ttot: 7507.8 ==
eandg
Spin: 
 Energy calculation finished, energy: -2.138689922E+03
Testing convergence of dimer midpoint in cycle   28
    Energy  1.8662E-05 Target: 1.0000E-06 converged?   no
  Max step  1.3932E-02 Target: 1.8000E-03 converged?   no component   235
  RMS step  3.0781E-03 Target: 1.2000E-03 converged?   no
  Max grad  3.5306E-04 Target: 4.5000E-04 converged?  yes component   245
  RMS grad  7.7892E-05 Target: 3.0000E-04 converged?  yes
Next calculation will be the dimer endpoint before rotation
dl-find/turbomole/=============================== Tstep:  109.6 Ttot: 7617.4 ==
eandg
Spin: 
 Energy calculation finished, energy: -2.138689921E+03
Curvature at dimer midpoint                   -0.00204
Predicted dimer rotation angle:      5.675 deg
Next calculation will be the dimer endpoint after rotation
dl-find/turbomole/=============================== Tstep:   93.3 Ttot: 7710.7 ==
eandg
Spin: 
 Energy calculation finished, energy: -2.138689920E+03
Curvature at dimer midpoint after rotation     0.00005
Curvature at dimer minimum                    -0.00204
Actual dimer rotation angle:         0.106 deg
Dimer rotation converged after    1 steps
Writing TS-mode
Curvature after dimer rotation:               -0.00204
Frequency of transition mode  -232.371 cm^-1 (negative value denotes imaginary frequency)
Crossover temperature for tunnelling       53.21026 K
Restarting L-BFGS optimiser, instance: dimer rotation
Next calculation will be the dimer  midpoint
dl-find/turbomole/=============================== Tstep:   73.1 Ttot: 7783.8 ==
eandg
Spin: 
 Energy calculation finished, energy: -2.138689944E+03
Testing convergence of dimer midpoint in cycle   29
    Energy  2.1952E-05 Target: 1.0000E-06 converged?   no
  Max step  2.8833E-02 Target: 1.8000E-03 converged?   no component   235
  RMS step  6.4160E-03 Target: 1.2000E-03 converged?   no
  Max grad  6.0107E-04 Target: 4.5000E-04 converged?   no component    57
  RMS grad  1.2214E-04 Target: 3.0000E-04 converged?  yes
Next calculation will be the dimer endpoint before rotation
dl-find/turbomole/=============================== Tstep:  113.5 Ttot: 7897.2 ==
eandg
Spin: 
 Energy calculation finished, energy: -2.138689943E+03
Curvature at dimer midpoint                   -0.00204
Predicted dimer rotation angle:      5.777 deg
Next calculation will be the dimer endpoint after rotation
dl-find/turbomole/=============================== Tstep:   91.7 Ttot: 7988.9 ==
eandg
Spin: 
 Energy calculation finished, energy: -2.138689943E+03
Curvature at dimer midpoint after rotation     0.00009
Curvature at dimer minimum                    -0.00204
Actual dimer rotation angle:         0.109 deg
Dimer rotation converged after    1 steps
Writing TS-mode
Curvature after dimer rotation:               -0.00204
Frequency of transition mode  -232.285 cm^-1 (negative value denotes imaginary frequency)
Crossover temperature for tunnelling       53.19057 K
Restarting L-BFGS optimiser, instance: dimer rotation
Next calculation will be the dimer  midpoint
dl-find/turbomole/=============================== Tstep:   67.8 Ttot: 8056.7 ==
eandg
Spin: 
 Energy calculation finished, energy: -2.138689955E+03
Testing convergence of dimer midpoint in cycle   30
    Energy  1.0484E-05 Target: 1.0000E-06 converged?   no
  Max step  2.1024E-02 Target: 1.8000E-03 converged?   no component   235
  RMS step  4.7258E-03 Target: 1.2000E-03 converged?   no
  Max grad  4.4371E-04 Target: 4.5000E-04 converged?  yes component   225
  RMS grad  1.2536E-04 Target: 3.0000E-04 converged?  yes
Next calculation will be the dimer endpoint before rotation
dl-find/turbomole/=============================== Tstep:  111.0 Ttot: 8167.8 ==
eandg
Spin: 
 Energy calculation finished, energy: -2.138689953E+03
Curvature at dimer midpoint                   -0.00210
Predicted dimer rotation angle:      5.495 deg
Next calculation will be the dimer endpoint after rotation
dl-find/turbomole/=============================== Tstep:   92.2 Ttot: 8259.9 ==
eandg
Spin: 
 Energy calculation finished, energy: -2.138689953E+03
Curvature at dimer midpoint after rotation    -0.00045
Curvature at dimer minimum                    -0.00210
Actual dimer rotation angle:         0.124 deg
Dimer rotation converged after    1 steps
Writing TS-mode
Curvature after dimer rotation:               -0.00210
Frequency of transition mode  -235.669 cm^-1 (negative value denotes imaginary frequency)
Crossover temperature for tunnelling       53.96556 K
Restarting L-BFGS optimiser, instance: dimer rotation
Next calculation will be the dimer  midpoint
dl-find/turbomole/=============================== Tstep:   78.1 Ttot: 8338.0 ==
eandg
Spin: 
 Energy calculation finished, energy: -2.138689968E+03
Testing convergence of dimer midpoint in cycle   31
    Energy  1.2968E-05 Target: 1.0000E-06 converged?   no
  Max step  1.7109E-02 Target: 1.8000E-03 converged?   no component   235
  RMS step  3.9306E-03 Target: 1.2000E-03 converged?   no
  Max grad  4.1964E-04 Target: 4.5000E-04 converged?  yes component   251
  RMS grad  1.0443E-04 Target: 3.0000E-04 converged?  yes
Next calculation will be the dimer endpoint before rotation
dl-find/turbomole/=============================== Tstep:   93.5 Ttot: 8431.6 ==
eandg
Spin: 
 Energy calculation finished, energy: -2.138689966E+03
Curvature at dimer midpoint                   -0.00218
Predicted dimer rotation angle:      5.468 deg
Next calculation will be the dimer endpoint after rotation
dl-find/turbomole/=============================== Tstep:   93.6 Ttot: 8525.2 ==
eandg
Spin: 
 Energy calculation finished, energy: -2.138689967E+03
Curvature at dimer midpoint after rotation    -0.00043
Curvature at dimer minimum                    -0.00218
Actual dimer rotation angle:         0.120 deg
Dimer rotation converged after    1 steps
Writing TS-mode
Curvature after dimer rotation:               -0.00218
Frequency of transition mode  -239.952 cm^-1 (negative value denotes imaginary frequency)
Crossover temperature for tunnelling       54.94624 K
Restarting L-BFGS optimiser, instance: dimer rotation
Next calculation will be the dimer  midpoint
dl-find/turbomole/=============================== Tstep:   82.3 Ttot: 8607.5 ==
eandg
Spin: 
 Energy calculation finished, energy: -2.138689983E+03
Testing convergence of dimer midpoint in cycle   32
    Energy  1.5748E-05 Target: 1.0000E-06 converged?   no
  Max step  5.0150E-02 Target: 1.8000E-03 converged?   no component   235
  RMS step  1.1484E-02 Target: 1.2000E-03 converged?   no
  Max grad  1.4588E-03 Target: 4.5000E-04 converged?   no component   244
  RMS grad  1.8071E-04 Target: 3.0000E-04 converged?  yes
Next calculation will be the dimer endpoint before rotation
dl-find/turbomole/=============================== Tstep:  120.8 Ttot: 8728.3 ==
eandg
Spin: 
 Energy calculation finished, energy: -2.138689983E+03
Curvature at dimer midpoint                   -0.00235
Predicted dimer rotation angle:      7.119 deg
Next calculation will be the dimer endpoint after rotation
dl-find/turbomole/=============================== Tstep:   92.4 Ttot: 8820.7 ==
eandg
Spin: 
 Energy calculation finished, energy: -2.138689982E+03
Curvature at dimer midpoint after rotation     0.00070
Curvature at dimer minimum                    -0.00236
Actual dimer rotation angle:         0.164 deg
Dimer rotation converged after    1 steps
Writing TS-mode
Curvature after dimer rotation:               -0.00236
Frequency of transition mode  -249.478 cm^-1 (negative value denotes imaginary frequency)
Crossover temperature for tunnelling       57.12758 K
Restarting L-BFGS optimiser, instance: dimer rotation
Next calculation will be the dimer  midpoint
dl-find/turbomole/=============================== Tstep:   87.0 Ttot: 8907.7 ==
eandg
Spin: 
 Energy calculation finished, energy: -2.138689988E+03
Testing convergence of dimer midpoint in cycle   33
    Energy  4.3350E-06 Target: 1.0000E-06 converged?   no
  Max step  1.7055E-02 Target: 1.8000E-03 converged?   no component    18
  RMS step  4.1096E-03 Target: 1.2000E-03 converged?   no
  Max grad  8.7799E-04 Target: 4.5000E-04 converged?   no component   244
  RMS grad  1.3530E-04 Target: 3.0000E-04 converged?  yes
Next calculation will be the dimer endpoint before rotation
dl-find/turbomole/=============================== Tstep:  112.7 Ttot: 9020.4 ==
eandg
Spin: 
 Energy calculation finished, energy: -2.138689991E+03
Curvature at dimer midpoint                   -0.00246
Predicted dimer rotation angle:      7.552 deg
Next calculation will be the dimer endpoint after rotation
dl-find/turbomole/=============================== Tstep:   83.8 Ttot: 9104.2 ==
eandg
Spin: 
 Energy calculation finished, energy: -2.138689989E+03
Curvature at dimer midpoint after rotation     0.00078
Curvature at dimer minimum                    -0.00246
Actual dimer rotation angle:         0.192 deg
Dimer rotation converged after    1 steps
Writing TS-mode
Curvature after dimer rotation:               -0.00246
Frequency of transition mode  -254.960 cm^-1 (negative value denotes imaginary frequency)
Crossover temperature for tunnelling       58.38288 K
Restarting L-BFGS optimiser, instance: dimer rotation
Next calculation will be the dimer  midpoint
dl-find/turbomole/=============================== Tstep:   86.8 Ttot: 9191.0 ==
eandg
Spin: 
 Energy calculation finished, energy: -2.138689998E+03
Testing convergence of dimer midpoint in cycle   34
    Energy  1.0727E-05 Target: 1.0000E-06 converged?   no
  Max step  1.0197E-02 Target: 1.8000E-03 converged?   no component    18
  RMS step  1.6475E-03 Target: 1.2000E-03 converged?   no
  Max grad  2.3798E-04 Target: 4.5000E-04 converged?  yes component    16
  RMS grad  6.7268E-05 Target: 3.0000E-04 converged?  yes
Next calculation will be the dimer endpoint before rotation
dl-find/turbomole/=============================== Tstep:  111.2 Ttot: 9302.2 ==
eandg
Spin: 
 Energy calculation finished, energy: -2.138689998E+03
Curvature at dimer midpoint                   -0.00243
Predicted dimer rotation angle:      9.104 deg
Next calculation will be the dimer endpoint after rotation
dl-find/turbomole/=============================== Tstep:   93.3 Ttot: 9395.5 ==
eandg
Spin: 
 Energy calculation finished, energy: -2.138689998E+03
Curvature at dimer midpoint after rotation     0.00567
Curvature at dimer minimum                    -0.00243
Actual dimer rotation angle:         0.137 deg
Dimer rotation converged after    1 steps
Writing TS-mode
Curvature after dimer rotation:               -0.00243
Frequency of transition mode  -253.266 cm^-1 (negative value denotes imaginary frequency)
Crossover temperature for tunnelling       57.99496 K
Restarting L-BFGS optimiser, instance: dimer rotation
Next calculation will be the dimer  midpoint
dl-find/turbomole/=============================== Tstep:   87.9 Ttot: 9483.4 ==
eandg
Spin: 
 Energy calculation finished, energy: -2.138690004E+03
Testing convergence of dimer midpoint in cycle   35
    Energy  5.9330E-06 Target: 1.0000E-06 converged?   no
  Max step  5.7019E-03 Target: 1.8000E-03 converged?   no component    21
  RMS step  1.1761E-03 Target: 1.2000E-03 converged?  yes
  Max grad  2.0645E-04 Target: 4.5000E-04 converged?  yes component   244
  RMS grad  5.1281E-05 Target: 3.0000E-04 converged?  yes
Next calculation will be the dimer endpoint before rotation
dl-find/turbomole/=============================== Tstep:  104.0 Ttot: 9587.4 ==
eandg
Spin: 
 Energy calculation finished, energy: -2.138690004E+03
Curvature at dimer midpoint                   -0.00242
Predicted dimer rotation angle:      3.973 deg
Next calculation will be the dimer endpoint after rotation
dl-find/turbomole/=============================== Tstep:   94.0 Ttot: 9681.4 ==
eandg
Spin: 
 Energy calculation finished, energy: -2.138690004E+03
Curvature at dimer midpoint after rotation    -0.00198
Curvature at dimer minimum                    -0.00242
Actual dimer rotation angle:         0.191 deg
Dimer rotation converged after    1 steps
Writing TS-mode
Curvature after dimer rotation:               -0.00242
Frequency of transition mode  -252.932 cm^-1 (negative value denotes imaginary frequency)
Crossover temperature for tunnelling       57.91856 K
Restarting L-BFGS optimiser, instance: dimer rotation
Next calculation will be the dimer  midpoint
dl-find/turbomole/=============================== Tstep:   82.1 Ttot: 9763.5 ==
eandg
Spin: 
 Energy calculation finished, energy: -2.138690014E+03
Testing convergence of dimer midpoint in cycle   36
    Energy  9.2940E-06 Target: 1.0000E-06 converged?   no
  Max step  1.7057E-02 Target: 1.8000E-03 converged?   no component   235
  RMS step  4.0440E-03 Target: 1.2000E-03 converged?   no
  Max grad  4.3853E-04 Target: 4.5000E-04 converged?  yes component   244
  RMS grad  7.5598E-05 Target: 3.0000E-04 converged?  yes
Next calculation will be the dimer endpoint before rotation
dl-find/turbomole/=============================== Tstep:   97.0 Ttot: 9860.4 ==
eandg
Spin: 
 Energy calculation finished, energy: -2.138690014E+03
Curvature at dimer midpoint                   -0.00245
Predicted dimer rotation angle:      5.932 deg
Next calculation will be the dimer endpoint after rotation
dl-find/turbomole/=============================== Tstep:   93.2 Ttot: 9953.7 ==
eandg
Spin: 
 Energy calculation finished, energy: -2.138690013E+03
Curvature at dimer midpoint after rotation     0.00065
Curvature at dimer minimum                    -0.00245
Actual dimer rotation angle:         0.098 deg
Dimer rotation converged after    1 steps
Writing TS-mode
Curvature after dimer rotation:               -0.00245
Frequency of transition mode  -254.536 cm^-1 (negative value denotes imaginary frequency)
Crossover temperature for tunnelling       58.28585 K
Restarting L-BFGS optimiser, instance: dimer rotation
Next calculation will be the dimer  midpoint
dl-find/turbomole/=============================== Tstep:   82.4 Ttot:10036.1 ==
eandg
Spin: 
 Energy calculation finished, energy: -2.138690023E+03
Testing convergence of dimer midpoint in cycle   37
    Energy  9.6730E-06 Target: 1.0000E-06 converged?   no
  Max step  2.2547E-02 Target: 1.8000E-03 converged?   no component   229
  RMS step  5.0899E-03 Target: 1.2000E-03 converged?   no
  Max grad  1.0328E-03 Target: 4.5000E-04 converged?   no component    46
  RMS grad  1.3322E-04 Target: 3.0000E-04 converged?  yes
Next calculation will be the dimer endpoint before rotation
dl-find/turbomole/=============================== Tstep:  106.4 Ttot:10142.5 ==
eandg
Spin: 
 Energy calculation finished, energy: -2.138690024E+03
Curvature at dimer midpoint                   -0.00256
Predicted dimer rotation angle:      4.724 deg
Next calculation will be the dimer endpoint after rotation
dl-find/turbomole/=============================== Tstep:   93.2 Ttot:10235.7 ==
eandg
Spin: 
 Energy calculation finished, energy: -2.138690024E+03
Curvature at dimer midpoint after rotation    -0.00121
Curvature at dimer minimum                    -0.00256
Actual dimer rotation angle:         0.117 deg
Dimer rotation converged after    1 steps
Writing TS-mode
Curvature after dimer rotation:               -0.00256
Frequency of transition mode  -260.148 cm^-1 (negative value denotes imaginary frequency)
Crossover temperature for tunnelling       59.57096 K
Restarting L-BFGS optimiser, instance: dimer rotation
Next calculation will be the dimer  midpoint
dl-find/turbomole/=============================== Tstep:   73.5 Ttot:10309.2 ==
eandg
Spin: 
 Energy calculation finished, energy: -2.138690036E+03
Testing convergence of dimer midpoint in cycle   38
    Energy  1.3025E-05 Target: 1.0000E-06 converged?   no
  Max step  2.8856E-02 Target: 1.8000E-03 converged?   no component   235
  RMS step  6.6777E-03 Target: 1.2000E-03 converged?   no
  Max grad  2.2644E-04 Target: 4.5000E-04 converged?  yes component   223
  RMS grad  7.3406E-05 Target: 3.0000E-04 converged?  yes
Next calculation will be the dimer endpoint before rotation
dl-find/turbomole/=============================== Tstep:  111.3 Ttot:10420.5 ==
eandg
Spin: 
 Energy calculation finished, energy: -2.138690037E+03
Curvature at dimer midpoint                   -0.00265
Predicted dimer rotation angle:      4.019 deg
Next calculation will be the dimer endpoint after rotation
dl-find/turbomole/=============================== Tstep:   93.2 Ttot:10513.7 ==
eandg
Spin: 
 Energy calculation finished, energy: -2.138690037E+03
Curvature at dimer midpoint after rotation    -0.00217
Curvature at dimer minimum                    -0.00265
Actual dimer rotation angle:         0.200 deg
Dimer rotation converged after    1 steps
Writing TS-mode
Curvature after dimer rotation:               -0.00265
Frequency of transition mode  -264.480 cm^-1 (negative value denotes imaginary frequency)
Crossover temperature for tunnelling       60.56287 K
Restarting L-BFGS optimiser, instance: dimer rotation
Next calculation will be the dimer  midpoint
dl-find/turbomole/=============================== Tstep:   63.6 Ttot:10577.3 ==
eandg
Spin: 
 Energy calculation finished, energy: -2.138690048E+03
Testing convergence of dimer midpoint in cycle   39
    Energy  1.1574E-05 Target: 1.0000E-06 converged?   no
  Max step  1.3683E-02 Target: 1.8000E-03 converged?   no component   229
  RMS step  3.0599E-03 Target: 1.2000E-03 converged?   no
  Max grad  2.2074E-04 Target: 4.5000E-04 converged?  yes component   223
  RMS grad  6.1618E-05 Target: 3.0000E-04 converged?  yes
Next calculation will be the dimer endpoint before rotation
dl-find/turbomole/=============================== Tstep:  103.0 Ttot:10680.2 ==
eandg
Spin: 
 Energy calculation finished, energy: -2.138690049E+03
Curvature at dimer midpoint                   -0.00273
Predicted dimer rotation angle:      5.482 deg
Next calculation will be the dimer endpoint after rotation
dl-find/turbomole/=============================== Tstep:   93.6 Ttot:10773.9 ==
eandg
Spin: 
 Energy calculation finished, energy: -2.138690049E+03
Curvature at dimer midpoint after rotation    -0.00030
Curvature at dimer minimum                    -0.00273
Actual dimer rotation angle:         0.109 deg
Dimer rotation converged after    1 steps
Writing TS-mode
Curvature after dimer rotation:               -0.00273
Frequency of transition mode  -268.529 cm^-1 (negative value denotes imaginary frequency)
Crossover temperature for tunnelling       61.49012 K
Restarting L-BFGS optimiser, instance: dimer rotation
Next calculation will be the dimer  midpoint
dl-find/turbomole/=============================== Tstep:   83.3 Ttot:10857.2 ==
eandg
Spin: 
 Energy calculation finished, energy: -2.138690063E+03
Testing convergence of dimer midpoint in cycle   40
    Energy  1.5121E-05 Target: 1.0000E-06 converged?   no
  Max step  2.0934E-02 Target: 1.8000E-03 converged?   no component   229
  RMS step  4.3757E-03 Target: 1.2000E-03 converged?   no
  Max grad  6.5293E-04 Target: 4.5000E-04 converged?   no component   244
  RMS grad  9.5252E-05 Target: 3.0000E-04 converged?  yes
Next calculation will be the dimer endpoint before rotation
dl-find/turbomole/=============================== Tstep:  106.5 Ttot:10963.6 ==
eandg
Spin: 
 Energy calculation finished, energy: -2.138690064E+03
Curvature at dimer midpoint                   -0.00281
Predicted dimer rotation angle:      4.574 deg
Next calculation will be the dimer endpoint after rotation
dl-find/turbomole/=============================== Tstep:   93.4 Ttot:11057.0 ==
eandg
Spin: 
 Energy calculation finished, energy: -2.138690064E+03
Curvature at dimer midpoint after rotation    -0.00168
Curvature at dimer minimum                    -0.00281
Actual dimer rotation angle:         0.137 deg
Dimer rotation converged after    1 steps
Writing TS-mode
Curvature after dimer rotation:               -0.00281
Frequency of transition mode  -272.565 cm^-1 (negative value denotes imaginary frequency)
Crossover temperature for tunnelling       62.41427 K
Restarting L-BFGS optimiser, instance: dimer rotation
Next calculation will be the dimer  midpoint
dl-find/turbomole/=============================== Tstep:   68.4 Ttot:11125.4 ==
eandg
Spin: 
 Energy calculation finished, energy: -2.138690073E+03
Testing convergence of dimer midpoint in cycle   41
    Energy  1.0273E-05 Target: 1.0000E-06 converged?   no
  Max step  2.9236E-02 Target: 1.8000E-03 converged?   no component   229
  RMS step  5.8785E-03 Target: 1.2000E-03 converged?   no
  Max grad  9.6464E-04 Target: 4.5000E-04 converged?   no component    46
  RMS grad  1.5263E-04 Target: 3.0000E-04 converged?  yes
Next calculation will be the dimer endpoint before rotation
dl-find/turbomole/=============================== Tstep:  112.8 Ttot:11238.2 ==
eandg
Spin: 
 Energy calculation finished, energy: -2.138690075E+03
Curvature at dimer midpoint                   -0.00287
Predicted dimer rotation angle:      4.016 deg
Next calculation will be the dimer endpoint after rotation
dl-find/turbomole/=============================== Tstep:   93.3 Ttot:11331.5 ==
eandg
Spin: 
 Energy calculation finished, energy: -2.138690076E+03
Curvature at dimer midpoint after rotation    -0.00219
Curvature at dimer minimum                    -0.00287
Actual dimer rotation angle:         0.154 deg
Dimer rotation converged after    1 steps
Writing TS-mode
Curvature after dimer rotation:               -0.00287
Frequency of transition mode  -275.397 cm^-1 (negative value denotes imaginary frequency)
Crossover temperature for tunnelling       63.06267 K
Restarting L-BFGS optimiser, instance: dimer rotation
Next calculation will be the dimer  midpoint
dl-find/turbomole/=============================== Tstep:   81.6 Ttot:11413.1 ==
eandg
Spin: 
 Energy calculation finished, energy: -2.138690077E+03
Testing convergence of dimer midpoint in cycle   42
    Energy  3.7470E-06 Target: 1.0000E-06 converged?   no
  Max step  1.5538E-02 Target: 1.8000E-03 converged?   no component   229
  RMS step  3.2728E-03 Target: 1.2000E-03 converged?   no
  Max grad  3.8856E-04 Target: 4.5000E-04 converged?  yes component    46
  RMS grad  9.2475E-05 Target: 3.0000E-04 converged?  yes
Next calculation will be the dimer endpoint before rotation
dl-find/turbomole/=============================== Tstep:  102.7 Ttot:11515.8 ==
eandg
Spin: 
 Energy calculation finished, energy: -2.138690079E+03
Curvature at dimer midpoint                   -0.00284
Predicted dimer rotation angle:      4.958 deg
Next calculation will be the dimer endpoint after rotation
dl-find/turbomole/=============================== Tstep:   94.4 Ttot:11610.1 ==
eandg
Spin: 
 Energy calculation finished, energy: -2.138690079E+03
Curvature at dimer midpoint after rotation    -0.00077
Curvature at dimer minimum                    -0.00284
Actual dimer rotation angle:         0.099 deg
Dimer rotation converged after    1 steps
Writing TS-mode
Curvature after dimer rotation:               -0.00284
Frequency of transition mode  -274.180 cm^-1 (negative value denotes imaginary frequency)
Crossover temperature for tunnelling       62.78403 K
Restarting L-BFGS optimiser, instance: dimer rotation
Next calculation will be the dimer  midpoint
dl-find/turbomole/=============================== Tstep:   81.7 Ttot:11691.8 ==
eandg
Spin: 
 Energy calculation finished, energy: -2.138690083E+03
Testing convergence of dimer midpoint in cycle   43
    Energy  5.5470E-06 Target: 1.0000E-06 converged?   no
  Max step  2.1209E-02 Target: 1.8000E-03 converged?   no component   229
  RMS step  4.5407E-03 Target: 1.2000E-03 converged?   no
  Max grad  2.4799E-04 Target: 4.5000E-04 converged?  yes component    52
  RMS grad  7.0053E-05 Target: 3.0000E-04 converged?  yes
Next calculation will be the dimer endpoint before rotation
dl-find/turbomole/=============================== Tstep:  111.5 Ttot:11803.3 ==
eandg
Spin: 
 Energy calculation finished, energy: -2.138689700E+03
Curvature at dimer midpoint                   -0.00667
Predicted dimer rotation angle:     40.489 deg
Next calculation will be the dimer endpoint after rotation
dl-find/turbomole/=============================== Tstep:  119.9 Ttot:11923.2 ==
eandg
Spin: 
 Energy calculation finished, energy: -2.138689702E+03
Curvature at dimer midpoint after rotation     0.01397
Curvature at dimer minimum                    -0.01779
Actual dimer rotation angle:        14.842 deg
Predicted dimer rotation angle:     30.802 deg
Next calculation will be the dimer endpoint after rotation
dl-find/turbomole/=============================== Tstep:   93.8 Ttot:12017.0 ==
eandg
Spin: 
 Energy calculation finished, energy: -2.138689700E+03
Curvature at dimer midpoint after rotation     0.01207
Curvature at dimer minimum                    -0.01342
Actual dimer rotation angle:         7.272 deg
Predicted dimer rotation angle:     24.597 deg
Next calculation will be the dimer endpoint after rotation
dl-find/turbomole/=============================== Tstep:   89.4 Ttot:12106.3 ==
eandg
Spin: 
 Energy calculation finished, energy: -2.138689701E+03
Curvature at dimer midpoint after rotation     0.00263
Curvature at dimer minimum                    -0.01131
Actual dimer rotation angle:         5.324 deg
Predicted dimer rotation angle:     21.739 deg
Next calculation will be the dimer endpoint after rotation
dl-find/turbomole/=============================== Tstep:   86.0 Ttot:12192.3 ==
eandg
Spin: 
 Energy calculation finished, energy: -2.138690083E+03
Curvature at dimer midpoint after rotation     0.02265
Curvature at dimer minimum                    -0.00926
Actual dimer rotation angle:         1.785 deg
Dimer rotation converged after    4 steps
Writing TS-mode
Curvature after dimer rotation:               -0.00926
Frequency of transition mode  -494.737 cm^-1 (negative value denotes imaginary frequency)
Crossover temperature for tunnelling      113.28895 K
Restarting L-BFGS optimiser, instance: dimer rotation
Next calculation will be the dimer  midpoint
dl-find/turbomole/=============================== Tstep:  114.0 Ttot:12306.4 ==
eandg
Spin: 
 Energy calculation finished, energy: -2.138689706E+03
Testing convergence of dimer midpoint in cycle   44
    Energy  3.7645E-04 Target: 1.0000E-06 converged?   no
  Max step  4.0467E-02 Target: 1.8000E-03 converged?   no component   241
  RMS step  8.8988E-03 Target: 1.2000E-03 converged?   no
  Max grad  4.7796E-04 Target: 4.5000E-04 converged?   no component    46
  RMS grad  9.9186E-05 Target: 3.0000E-04 converged?  yes
Next calculation will be the dimer endpoint before rotation
dl-find/turbomole/=============================== Tstep:  126.3 Ttot:12432.7 ==
eandg
Spin: 
 Energy calculation finished, energy: -2.138689710E+03
Curvature at dimer midpoint                    0.01450
Predicted dimer rotation angle:     34.870 deg
Next calculation will be the dimer endpoint after rotation
dl-find/turbomole/=============================== Tstep:   99.1 Ttot:12531.8 ==
eandg
Spin: 
 Energy calculation finished, energy: -2.138689707E+03
Curvature at dimer midpoint after rotation     0.00622
Curvature at dimer minimum                    -0.00056
Actual dimer rotation angle:        20.973 deg
Predicted dimer rotation angle:     43.941 deg
Next calculation will be the dimer endpoint after rotation
dl-find/turbomole/=============================== Tstep:   93.7 Ttot:12625.5 ==
eandg
Spin: 
 Energy calculation finished, energy: -2.138689703E+03
Curvature at dimer midpoint after rotation     0.08885
Curvature at dimer minimum                    -0.00162
Actual dimer rotation angle:         3.987 deg
Predicted dimer rotation angle:     39.326 deg
Next calculation will be the dimer endpoint after rotation
dl-find/turbomole/=============================== Tstep:  101.6 Ttot:12727.1 ==
eandg
Spin: 
 Energy calculation finished, energy: -2.138689707E+03
Curvature at dimer midpoint after rotation     0.01860
Curvature at dimer minimum                    -0.00255
Actual dimer rotation angle:         6.502 deg
Predicted dimer rotation angle:     27.706 deg
Next calculation will be the dimer endpoint after rotation
dl-find/turbomole/=============================== Tstep:   93.3 Ttot:12820.4 ==
eandg
Spin: 
 Energy calculation finished, energy: -2.138689704E+03
Curvature at dimer midpoint after rotation     0.02458
Curvature at dimer minimum                    -0.00265
Actual dimer rotation angle:         1.515 deg
Dimer rotation converged after    4 steps
Writing TS-mode
Curvature after dimer rotation:               -0.00265
Frequency of transition mode  -264.401 cm^-1 (negative value denotes imaginary frequency)
Crossover temperature for tunnelling       60.54467 K
Restarting L-BFGS optimiser, instance: dimer rotation
Next calculation will be the dimer  midpoint
dl-find/turbomole/=============================== Tstep:   93.4 Ttot:12913.8 ==
eandg
Spin: 
 Energy calculation finished, energy: -2.138689683E+03
Testing convergence of dimer midpoint in cycle   45
    Energy  2.3355E-05 Target: 1.0000E-06 converged?   no
  Max step  3.9501E-02 Target: 1.8000E-03 converged?   no component   229
  RMS step  8.8532E-03 Target: 1.2000E-03 converged?   no
  Max grad  5.6473E-04 Target: 4.5000E-04 converged?   no component    46
  RMS grad  1.1390E-04 Target: 3.0000E-04 converged?  yes
Next calculation will be the dimer endpoint before rotation
dl-find/turbomole/=============================== Tstep:  111.2 Ttot:13025.0 ==
eandg
Spin: 
 Energy calculation finished, energy: -2.138689684E+03
Curvature at dimer midpoint                   -0.00253
Predicted dimer rotation angle:     26.384 deg
Next calculation will be the dimer endpoint after rotation
dl-find/turbomole/=============================== Tstep:  100.6 Ttot:13125.6 ==
eandg
Spin: 
 Energy calculation finished, energy: -2.138689682E+03
Curvature at dimer midpoint after rotation     0.03753
Curvature at dimer minimum                    -0.00258
Actual dimer rotation angle:         0.882 deg
Dimer rotation converged after    1 steps
Writing TS-mode
Curvature after dimer rotation:               -0.00258
Frequency of transition mode  -261.234 cm^-1 (negative value denotes imaginary frequency)
Crossover temperature for tunnelling       59.81964 K
Restarting L-BFGS optimiser, instance: dimer rotation
Next calculation will be the dimer  midpoint
dl-find/turbomole/=============================== Tstep:  100.2 Ttot:13225.8 ==
eandg
Spin: 
 Energy calculation finished, energy: -2.138689692E+03
Testing convergence of dimer midpoint in cycle   46
    Energy  8.8850E-06 Target: 1.0000E-06 converged?   no
  Max step  2.2812E-02 Target: 1.8000E-03 converged?   no component   231
  RMS step  4.4565E-03 Target: 1.2000E-03 converged?   no
  Max grad  7.3402E-04 Target: 4.5000E-04 converged?   no component   190
  RMS grad  1.7328E-04 Target: 3.0000E-04 converged?  yes
Next calculation will be the dimer endpoint before rotation
dl-find/turbomole/=============================== Tstep:  116.8 Ttot:13342.6 ==
eandg
Spin: 
 Energy calculation finished, energy: -2.138689693E+03
Curvature at dimer midpoint                   -0.00246
Predicted dimer rotation angle:     22.464 deg
Next calculation will be the dimer endpoint after rotation
dl-find/turbomole/=============================== Tstep:   83.6 Ttot:13426.2 ==
eandg
Spin: 
 Energy calculation finished, energy: -2.138689691E+03
Curvature at dimer midpoint after rotation     0.02605
Curvature at dimer minimum                    -0.00249
Actual dimer rotation angle:         0.679 deg
Dimer rotation converged after    1 steps
Writing TS-mode
Curvature after dimer rotation:               -0.00249
Frequency of transition mode  -256.537 cm^-1 (negative value denotes imaginary frequency)
Crossover temperature for tunnelling       58.74405 K
Restarting L-BFGS optimiser, instance: dimer rotation
Next calculation will be the dimer  midpoint
dl-find/turbomole/=============================== Tstep:   88.0 Ttot:13514.2 ==
eandg
Spin: 
 Energy calculation finished, energy: -2.138689733E+03
Testing convergence of dimer midpoint in cycle   47
    Energy  4.1043E-05 Target: 1.0000E-06 converged?   no
  Max step  1.8014E-02 Target: 1.8000E-03 converged?   no component    18
  RMS step  3.4461E-03 Target: 1.2000E-03 converged?   no
  Max grad  2.8954E-04 Target: 4.5000E-04 converged?  yes component     2
  RMS grad  8.3045E-05 Target: 3.0000E-04 converged?  yes
Next calculation will be the dimer endpoint before rotation
dl-find/turbomole/=============================== Tstep:  107.7 Ttot:13622.0 ==
eandg
Spin: 
 Energy calculation finished, energy: -2.138689734E+03
Curvature at dimer midpoint                   -0.00261
Predicted dimer rotation angle:     19.079 deg
Next calculation will be the dimer endpoint after rotation
dl-find/turbomole/=============================== Tstep:   93.5 Ttot:13715.5 ==
eandg
Spin: 
 Energy calculation finished, energy: -2.138689733E+03
Curvature at dimer midpoint after rotation     0.01911
Curvature at dimer minimum                    -0.00263
Actual dimer rotation angle:         0.546 deg
Dimer rotation converged after    1 steps
Writing TS-mode
Curvature after dimer rotation:               -0.00263
Frequency of transition mode  -263.526 cm^-1 (negative value denotes imaginary frequency)
Crossover temperature for tunnelling       60.34452 K
Restarting L-BFGS optimiser, instance: dimer rotation
Next calculation will be the dimer  midpoint
dl-find/turbomole/=============================== Tstep:   91.2 Ttot:13806.7 ==
eandg
Spin: 
 Energy calculation finished, energy: -2.138689730E+03
Testing convergence of dimer midpoint in cycle   48
    Energy  2.5940E-06 Target: 1.0000E-06 converged?   no
  Max step  3.3150E-02 Target: 1.8000E-03 converged?   no component   241
  RMS step  6.2982E-03 Target: 1.2000E-03 converged?   no
  Max grad  2.9661E-04 Target: 4.5000E-04 converged?  yes component     8
  RMS grad  8.0200E-05 Target: 3.0000E-04 converged?  yes
Next calculation will be the dimer endpoint before rotation
dl-find/turbomole/=============================== Tstep:   98.3 Ttot:13905.0 ==
eandg
Spin: 
 Energy calculation finished, energy: -2.138689732E+03
Curvature at dimer midpoint                   -0.00263
Predicted dimer rotation angle:     16.565 deg
Next calculation will be the dimer endpoint after rotation
dl-find/turbomole/=============================== Tstep:   93.0 Ttot:13998.1 ==
eandg
Spin: 
 Energy calculation finished, energy: -2.138689731E+03
Curvature at dimer midpoint after rotation     0.01288
Curvature at dimer minimum                    -0.00265
Actual dimer rotation angle:         0.487 deg
Dimer rotation converged after    1 steps
Writing TS-mode
Curvature after dimer rotation:               -0.00265
Frequency of transition mode  -264.554 cm^-1 (negative value denotes imaginary frequency)
Crossover temperature for tunnelling       60.57990 K
Restarting L-BFGS optimiser, instance: dimer rotation
Next calculation will be the dimer  midpoint
dl-find/turbomole/=============================== Tstep:   86.5 Ttot:14084.5 ==
eandg
Spin: 
 Energy calculation finished, energy: -2.138689751E+03
Testing convergence of dimer midpoint in cycle   49
    Energy  2.0853E-05 Target: 1.0000E-06 converged?   no
  Max step  4.6953E-02 Target: 1.8000E-03 converged?   no component   241
  RMS step  8.7600E-03 Target: 1.2000E-03 converged?   no
  Max grad  3.6365E-04 Target: 4.5000E-04 converged?  yes component    45
  RMS grad  1.0256E-04 Target: 3.0000E-04 converged?  yes
Next calculation will be the dimer endpoint before rotation
dl-find/turbomole/=============================== Tstep:  107.2 Ttot:14191.7 ==
eandg
Spin: 
 Energy calculation finished, energy: -2.138689753E+03
Curvature at dimer midpoint                   -0.00268
Predicted dimer rotation angle:     15.254 deg
Next calculation will be the dimer endpoint after rotation
dl-find/turbomole/=============================== Tstep:   93.3 Ttot:14285.1 ==
eandg
Spin: 
 Energy calculation finished, energy: -2.138689750E+03
Curvature at dimer midpoint after rotation     0.01141
Curvature at dimer minimum                    -0.00269
Actual dimer rotation angle:         0.421 deg
Dimer rotation converged after    1 steps
Writing TS-mode
Curvature after dimer rotation:               -0.00269
Frequency of transition mode  -266.803 cm^-1 (negative value denotes imaginary frequency)
Crossover temperature for tunnelling       61.09479 K
Restarting L-BFGS optimiser, instance: dimer rotation
Next calculation will be the dimer  midpoint
dl-find/turbomole/=============================== Tstep:   89.9 Ttot:14374.9 ==
eandg
Spin: 
 Energy calculation finished, energy: -2.138689763E+03
Testing convergence of dimer midpoint in cycle   50
    Energy  1.1673E-05 Target: 1.0000E-06 converged?   no
  Max step  1.1262E-01 Target: 1.8000E-03 converged?   no component   241
  RMS step  2.0895E-02 Target: 1.2000E-03 converged?   no
  Max grad  9.9796E-04 Target: 4.5000E-04 converged?   no component   190
  RMS grad  2.1345E-04 Target: 3.0000E-04 converged?  yes
Next calculation will be the dimer endpoint before rotation
dl-find/turbomole/=============================== Tstep:  120.1 Ttot:14495.0 ==
eandg
Spin: 
 Energy calculation finished, energy: -2.138689764E+03
Curvature at dimer midpoint                   -0.00271
Predicted dimer rotation angle:     13.983 deg
Next calculation will be the dimer endpoint after rotation
dl-find/turbomole/=============================== Tstep:   92.3 Ttot:14587.3 ==
eandg
Spin: 
 Energy calculation finished, energy: -2.138689762E+03
Curvature at dimer midpoint after rotation     0.00897
Curvature at dimer minimum                    -0.00272
Actual dimer rotation angle:         0.390 deg
Dimer rotation converged after    1 steps
Writing TS-mode
Curvature after dimer rotation:               -0.00272
Frequency of transition mode  -268.247 cm^-1 (negative value denotes imaginary frequency)
Crossover temperature for tunnelling       61.42553 K
Restarting L-BFGS optimiser, instance: dimer rotation
Next calculation will be the dimer  midpoint
dl-find/turbomole/=============================== Tstep:   86.7 Ttot:14674.1 ==
eandg
Spin: 
 Energy calculation finished, energy: -2.138689783E+03
Testing convergence of dimer midpoint in cycle   51
    Energy  2.0175E-05 Target: 1.0000E-06 converged?   no
  Max step  3.7199E-02 Target: 1.8000E-03 converged?   no component   241
  RMS step  7.0255E-03 Target: 1.2000E-03 converged?   no
  Max grad  3.2339E-04 Target: 4.5000E-04 converged?  yes component    58
  RMS grad  9.4327E-05 Target: 3.0000E-04 converged?  yes
Next calculation will be the dimer endpoint before rotation
dl-find/turbomole/=============================== Tstep:  112.2 Ttot:14786.3 ==
eandg
Spin: 
 Energy calculation finished, energy: -2.138689784E+03
Curvature at dimer midpoint                   -0.00272
Predicted dimer rotation angle:     12.458 deg
Next calculation will be the dimer endpoint after rotation
dl-find/turbomole/=============================== Tstep:   94.1 Ttot:14880.4 ==
eandg
Spin: 
 Energy calculation finished, energy: -2.138689784E+03
Curvature at dimer midpoint after rotation     0.00588
Curvature at dimer minimum                    -0.00273
Actual dimer rotation angle:         0.369 deg
Dimer rotation converged after    1 steps
Writing TS-mode
Curvature after dimer rotation:               -0.00273
Frequency of transition mode  -268.614 cm^-1 (negative value denotes imaginary frequency)
Crossover temperature for tunnelling       61.50949 K
Restarting L-BFGS optimiser, instance: dimer rotation
Next calculation will be the dimer  midpoint
dl-find/turbomole/=============================== Tstep:   90.9 Ttot:14971.3 ==
eandg
Spin: 
 Energy calculation finished, energy: -2.138689791E+03
Testing convergence of dimer midpoint in cycle   52
    Energy  8.2890E-06 Target: 1.0000E-06 converged?   no
  Max step  1.0445E-02 Target: 1.8000E-03 converged?   no component   229
  RMS step  1.7060E-03 Target: 1.2000E-03 converged?   no
  Max grad  3.2048E-04 Target: 4.5000E-04 converged?  yes component    52
  RMS grad  7.7726E-05 Target: 3.0000E-04 converged?  yes
Next calculation will be the dimer endpoint before rotation
dl-find/turbomole/=============================== Tstep:  107.5 Ttot:15078.8 ==
eandg
Spin: 
 Energy calculation finished, energy: -2.138689792E+03
Curvature at dimer midpoint                   -0.00265
Predicted dimer rotation angle:     12.381 deg
Next calculation will be the dimer endpoint after rotation
dl-find/turbomole/=============================== Tstep:   93.1 Ttot:15171.9 ==
eandg
Spin: 
 Energy calculation finished, energy: -2.138689792E+03
Curvature at dimer midpoint after rotation     0.00705
Curvature at dimer minimum                    -0.00266
Actual dimer rotation angle:         0.315 deg
Dimer rotation converged after    1 steps
Writing TS-mode
Curvature after dimer rotation:               -0.00266
Frequency of transition mode  -265.104 cm^-1 (negative value denotes imaginary frequency)
Crossover temperature for tunnelling       60.70574 K
Restarting L-BFGS optimiser, instance: dimer rotation
Next calculation will be the dimer  midpoint
dl-find/turbomole/=============================== Tstep:   88.0 Ttot:15260.0 ==
eandg
Spin: 
 Energy calculation finished, energy: -2.138689798E+03
Testing convergence of dimer midpoint in cycle   53
    Energy  6.6040E-06 Target: 1.0000E-06 converged?   no
  Max step  2.3606E-02 Target: 1.8000E-03 converged?   no component   229
  RMS step  3.8666E-03 Target: 1.2000E-03 converged?   no
  Max grad  4.5547E-04 Target: 4.5000E-04 converged?   no component   190
  RMS grad  9.3149E-05 Target: 3.0000E-04 converged?  yes
Next calculation will be the dimer endpoint before rotation
dl-find/turbomole/=============================== Tstep:  111.7 Ttot:15371.7 ==
eandg
Spin: 
 Energy calculation finished, energy: -2.138689799E+03
Curvature at dimer midpoint                   -0.00261
Predicted dimer rotation angle:     11.121 deg
Next calculation will be the dimer endpoint after rotation
dl-find/turbomole/=============================== Tstep:   93.1 Ttot:15464.7 ==
eandg
Spin: 
 Energy calculation finished, energy: -2.138689798E+03
Curvature at dimer midpoint after rotation     0.00434
Curvature at dimer minimum                    -0.00262
Actual dimer rotation angle:         0.310 deg
Dimer rotation converged after    1 steps
Writing TS-mode
Curvature after dimer rotation:               -0.00262
Frequency of transition mode  -263.065 cm^-1 (negative value denotes imaginary frequency)
Crossover temperature for tunnelling       60.23895 K
Restarting L-BFGS optimiser, instance: dimer rotation
Next calculation will be the dimer  midpoint
dl-find/turbomole/=============================== Tstep:   88.5 Ttot:15553.2 ==
eandg
Spin: 
 Energy calculation finished, energy: -2.138689805E+03
Testing convergence of dimer midpoint in cycle   54
    Energy  7.7050E-06 Target: 1.0000E-06 converged?   no
  Max step  4.4254E-02 Target: 1.8000E-03 converged?   no component   229
  RMS step  7.4562E-03 Target: 1.2000E-03 converged?   no
  Max grad  8.2237E-04 Target: 4.5000E-04 converged?   no component   249
  RMS grad  1.4805E-04 Target: 3.0000E-04 converged?  yes
Next calculation will be the dimer endpoint before rotation
dl-find/turbomole/=============================== Tstep:  110.2 Ttot:15663.4 ==
eandg
Spin: 
 Energy calculation finished, energy: -2.138689805E+03
Curvature at dimer midpoint                   -0.00251
Predicted dimer rotation angle:     11.475 deg
Next calculation will be the dimer endpoint after rotation
dl-find/turbomole/=============================== Tstep:   93.5 Ttot:15756.9 ==
eandg
Spin: 
 Energy calculation finished, energy: -2.138689806E+03
Curvature at dimer midpoint after rotation     0.00551
Curvature at dimer minimum                    -0.00252
Actual dimer rotation angle:         0.286 deg
Dimer rotation converged after    1 steps
Writing TS-mode
Curvature after dimer rotation:               -0.00252
Frequency of transition mode  -257.886 cm^-1 (negative value denotes imaginary frequency)
Crossover temperature for tunnelling       59.05285 K
Restarting L-BFGS optimiser, instance: dimer rotation
Next calculation will be the dimer  midpoint
dl-find/turbomole/=============================== Tstep:   77.0 Ttot:15833.8 ==
eandg
Spin: 
 Energy calculation finished, energy: -2.138689815E+03
Testing convergence of dimer midpoint in cycle   55
    Energy  9.2930E-06 Target: 1.0000E-06 converged?   no
  Max step  4.2717E-02 Target: 1.8000E-03 converged?   no component   229
  RMS step  7.5181E-03 Target: 1.2000E-03 converged?   no
  Max grad  3.1498E-04 Target: 4.5000E-04 converged?  yes component    58
  RMS grad  9.2324E-05 Target: 3.0000E-04 converged?  yes
Next calculation will be the dimer endpoint before rotation
dl-find/turbomole/=============================== Tstep:   95.7 Ttot:15929.6 ==
eandg
Spin: 
 Energy calculation finished, energy: -2.138689814E+03
Curvature at dimer midpoint                   -0.00230
Predicted dimer rotation angle:     12.252 deg
Next calculation will be the dimer endpoint after rotation
dl-find/turbomole/=============================== Tstep:   85.2 Ttot:16014.7 ==
eandg
Spin: 
 Energy calculation finished, energy: -2.138689815E+03
Curvature at dimer midpoint after rotation     0.00545
Curvature at dimer minimum                    -0.00231
Actual dimer rotation angle:         0.330 deg
Dimer rotation converged after    1 steps
Writing TS-mode
Curvature after dimer rotation:               -0.00231
Frequency of transition mode  -246.887 cm^-1 (negative value denotes imaginary frequency)
Crossover temperature for tunnelling       56.53422 K
Restarting L-BFGS optimiser, instance: dimer rotation
Next calculation will be the dimer  midpoint
dl-find/turbomole/=============================== Tstep:   93.2 Ttot:16107.9 ==
eandg
Spin: 
 Energy calculation finished, energy: -2.138689827E+03
Testing convergence of dimer midpoint in cycle   56
    Energy  1.2650E-05 Target: 1.0000E-06 converged?   no
  Max step  2.9034E-02 Target: 1.8000E-03 converged?   no component   241
  RMS step  5.2259E-03 Target: 1.2000E-03 converged?   no
  Max grad  3.1664E-04 Target: 4.5000E-04 converged?  yes component     7
  RMS grad  7.4411E-05 Target: 3.0000E-04 converged?  yes
Next calculation will be the dimer endpoint before rotation
dl-find/turbomole/=============================== Tstep:  112.8 Ttot:16220.8 ==
eandg
Spin: 
 Energy calculation finished, energy: -2.138689829E+03
Curvature at dimer midpoint                   -0.00240
Predicted dimer rotation angle:     12.125 deg
Next calculation will be the dimer endpoint after rotation
dl-find/turbomole/=============================== Tstep:   93.0 Ttot:16313.7 ==
eandg
Spin: 
 Energy calculation finished, energy: -2.138689828E+03
Curvature at dimer midpoint after rotation     0.00788
Curvature at dimer minimum                    -0.00240
Actual dimer rotation angle:         0.255 deg
Dimer rotation converged after    1 steps
Writing TS-mode
Curvature after dimer rotation:               -0.00240
Frequency of transition mode  -252.075 cm^-1 (negative value denotes imaginary frequency)
Crossover temperature for tunnelling       57.72233 K
Restarting L-BFGS optimiser, instance: dimer rotation
Next calculation will be the dimer  midpoint
dl-find/turbomole/=============================== Tstep:   89.8 Ttot:16403.5 ==
eandg
Spin: 
 Energy calculation finished, energy: -2.138689847E+03
Testing convergence of dimer midpoint in cycle   57
    Energy  1.9570E-05 Target: 1.0000E-06 converged?   no
  Max step  4.5647E-02 Target: 1.8000E-03 converged?   no component   241
  RMS step  8.3571E-03 Target: 1.2000E-03 converged?   no
  Max grad  6.2141E-04 Target: 4.5000E-04 converged?   no component    52
  RMS grad  1.1948E-04 Target: 3.0000E-04 converged?  yes
Next calculation will be the dimer endpoint before rotation
dl-find/turbomole/=============================== Tstep:  117.7 Ttot:16521.2 ==
eandg
Spin: 
 Energy calculation finished, energy: -2.138689846E+03
Curvature at dimer midpoint                   -0.00236
Predicted dimer rotation angle:     10.297 deg
Next calculation will be the dimer endpoint after rotation
dl-find/turbomole/=============================== Tstep:   94.4 Ttot:16615.6 ==
eandg
Spin: 
 Energy calculation finished, energy: -2.138689846E+03
Curvature at dimer midpoint after rotation     0.00329
Curvature at dimer minimum                    -0.00236
Actual dimer rotation angle:         0.272 deg
Dimer rotation converged after    1 steps
Writing TS-mode
Curvature after dimer rotation:               -0.00236
Frequency of transition mode  -249.904 cm^-1 (negative value denotes imaginary frequency)
Crossover temperature for tunnelling       57.22502 K
Restarting L-BFGS optimiser, instance: dimer rotation
Next calculation will be the dimer  midpoint
dl-find/turbomole/=============================== Tstep:   87.0 Ttot:16702.6 ==
eandg
Spin: 
 Energy calculation finished, energy: -2.138689860E+03
Testing convergence of dimer midpoint in cycle   58
    Energy  1.3241E-05 Target: 1.0000E-06 converged?   no
  Max step  5.3468E-02 Target: 1.8000E-03 converged?   no component   241
  RMS step  9.8787E-03 Target: 1.2000E-03 converged?   no
  Max grad  6.7257E-04 Target: 4.5000E-04 converged?   no component   190
  RMS grad  1.4989E-04 Target: 3.0000E-04 converged?  yes
Next calculation will be the dimer endpoint before rotation
dl-find/turbomole/=============================== Tstep:  118.7 Ttot:16821.3 ==
eandg
Spin: 
 Energy calculation finished, energy: -2.138689859E+03
Curvature at dimer midpoint                   -0.00232
Predicted dimer rotation angle:     11.003 deg
Next calculation will be the dimer endpoint after rotation
dl-find/turbomole/=============================== Tstep:   91.7 Ttot:16913.0 ==
eandg
Spin: 
 Energy calculation finished, energy: -2.138689861E+03
Curvature at dimer midpoint after rotation     0.00539
Curvature at dimer minimum                    -0.00232
Actual dimer rotation angle:         0.243 deg
Dimer rotation converged after    1 steps
Writing TS-mode
Curvature after dimer rotation:               -0.00232
Frequency of transition mode  -247.862 cm^-1 (negative value denotes imaginary frequency)
Crossover temperature for tunnelling       56.75744 K
Restarting L-BFGS optimiser, instance: dimer rotation
Next calculation will be the dimer  midpoint
dl-find/turbomole/=============================== Tstep:   89.0 Ttot:17002.0 ==
eandg
Spin: 
 Energy calculation finished, energy: -2.138689887E+03
Testing convergence of dimer midpoint in cycle   59
    Energy  2.6563E-05 Target: 1.0000E-06 converged?   no
  Max step  3.2094E-02 Target: 1.8000E-03 converged?   no component   241
  RMS step  6.0733E-03 Target: 1.2000E-03 converged?   no
  Max grad  4.0346E-04 Target: 4.5000E-04 converged?  yes component   190
  RMS grad  1.1053E-04 Target: 3.0000E-04 converged?  yes
Next calculation will be the dimer endpoint before rotation
dl-find/turbomole/=============================== Tstep:   94.3 Ttot:17096.3 ==
eandg
Spin: 
 Energy calculation finished, energy: -2.138689887E+03
Curvature at dimer midpoint                   -0.00224
Predicted dimer rotation angle:     10.674 deg
Next calculation will be the dimer endpoint after rotation
dl-find/turbomole/=============================== Tstep:   93.3 Ttot:17189.6 ==
eandg
Spin: 
 Energy calculation finished, energy: -2.138689886E+03
Curvature at dimer midpoint after rotation     0.00383
Curvature at dimer minimum                    -0.00225
Actual dimer rotation angle:         0.269 deg
Dimer rotation converged after    1 steps
Writing TS-mode
Curvature after dimer rotation:               -0.00225
Frequency of transition mode  -243.665 cm^-1 (negative value denotes imaginary frequency)
Crossover temperature for tunnelling       55.79658 K
Restarting L-BFGS optimiser, instance: dimer rotation
Next calculation will be the dimer  midpoint
dl-find/turbomole/=============================== Tstep:   90.2 Ttot:17279.8 ==
eandg
Spin: 
 Energy calculation finished, energy: -2.138689932E+03
Testing convergence of dimer midpoint in cycle   60
    Energy  4.5611E-05 Target: 1.0000E-06 converged?   no
  Max step  7.9296E-02 Target: 1.8000E-03 converged?   no component   241
  RMS step  1.5088E-02 Target: 1.2000E-03 converged?   no
  Max grad  6.0507E-04 Target: 4.5000E-04 converged?   no component    58
  RMS grad  9.7832E-05 Target: 3.0000E-04 converged?  yes
Next calculation will be the dimer endpoint before rotation
dl-find/turbomole/=============================== Tstep:  113.0 Ttot:17392.9 ==
eandg
Spin: 
 Energy calculation finished, energy: -2.138689931E+03
Curvature at dimer midpoint                   -0.00222
Predicted dimer rotation angle:     12.026 deg
Next calculation will be the dimer endpoint after rotation
dl-find/turbomole/=============================== Tstep:   94.0 Ttot:17486.9 ==
eandg
Spin: 
 Energy calculation finished, energy: -2.138689930E+03
Curvature at dimer midpoint after rotation     0.00771
Curvature at dimer minimum                    -0.00222
Actual dimer rotation angle:         0.238 deg
Dimer rotation converged after    1 steps
Writing TS-mode
Curvature after dimer rotation:               -0.00222
Frequency of transition mode  -242.274 cm^-1 (negative value denotes imaginary frequency)
Crossover temperature for tunnelling       55.47784 K
Restarting L-BFGS optimiser, instance: dimer rotation
Next calculation will be the dimer  midpoint
dl-find/turbomole/=============================== Tstep:   73.4 Ttot:17560.2 ==
eandg
Spin: 
 Energy calculation finished, energy: -2.138689941E+03
Testing convergence of dimer midpoint in cycle   61
    Energy  8.6740E-06 Target: 1.0000E-06 converged?   no
  Max step  4.6120E-02 Target: 1.8000E-03 converged?   no component   241
  RMS step  8.7305E-03 Target: 1.2000E-03 converged?   no
  Max grad  5.7804E-04 Target: 4.5000E-04 converged?   no component    52
  RMS grad  1.3530E-04 Target: 3.0000E-04 converged?  yes
Next calculation will be the dimer endpoint before rotation
dl-find/turbomole/=============================== Tstep:  120.7 Ttot:17680.9 ==
eandg
Spin: 
 Energy calculation finished, energy: -2.138689939E+03
Curvature at dimer midpoint                   -0.00218
Predicted dimer rotation angle:     10.140 deg
Next calculation will be the dimer endpoint after rotation
dl-find/turbomole/=============================== Tstep:   93.7 Ttot:17774.5 ==
eandg
Spin: 
 Energy calculation finished, energy: -2.138689939E+03
Curvature at dimer midpoint after rotation     0.00260
Curvature at dimer minimum                    -0.00218
Actual dimer rotation angle:         0.283 deg
Dimer rotation converged after    1 steps
Writing TS-mode
Curvature after dimer rotation:               -0.00218
Frequency of transition mode  -240.216 cm^-1 (negative value denotes imaginary frequency)
Crossover temperature for tunnelling       55.00662 K
Restarting L-BFGS optimiser, instance: dimer rotation
Next calculation will be the dimer  midpoint
dl-find/turbomole/=============================== Tstep:   89.2 Ttot:17863.7 ==
eandg
Spin: 
 Energy calculation finished, energy: -2.138689954E+03
Testing convergence of dimer midpoint in cycle   62
    Energy  1.3031E-05 Target: 1.0000E-06 converged?   no
  Max step  1.9477E-02 Target: 1.8000E-03 converged?   no component   241
  RMS step  3.8212E-03 Target: 1.2000E-03 converged?   no
  Max grad  3.6853E-04 Target: 4.5000E-04 converged?  yes component   190
  RMS grad  9.8699E-05 Target: 3.0000E-04 converged?  yes
Next calculation will be the dimer endpoint before rotation
dl-find/turbomole/=============================== Tstep:  107.9 Ttot:17971.6 ==
eandg
Spin: 
 Energy calculation finished, energy: -2.138689952E+03
Curvature at dimer midpoint                   -0.00217
Predicted dimer rotation angle:     11.753 deg
Next calculation will be the dimer endpoint after rotation
dl-find/turbomole/=============================== Tstep:   93.1 Ttot:18064.8 ==
eandg
Spin: 
 Energy calculation finished, energy: -2.138689951E+03
Curvature at dimer midpoint after rotation     0.00835
Curvature at dimer minimum                    -0.00217
Actual dimer rotation angle:         0.206 deg
Dimer rotation converged after    1 steps
Writing TS-mode
Curvature after dimer rotation:               -0.00217
Frequency of transition mode  -239.392 cm^-1 (negative value denotes imaginary frequency)
Crossover temperature for tunnelling       54.81810 K
Restarting L-BFGS optimiser, instance: dimer rotation
Next calculation will be the dimer  midpoint
dl-find/turbomole/=============================== Tstep:   89.7 Ttot:18154.4 ==
eandg
Spin: 
 Energy calculation finished, energy: -2.138689978E+03
Testing convergence of dimer midpoint in cycle   63
    Energy  2.3885E-05 Target: 1.0000E-06 converged?   no
  Max step  5.3257E-02 Target: 1.8000E-03 converged?   no component   241
  RMS step  1.0555E-02 Target: 1.2000E-03 converged?   no
  Max grad  2.4550E-04 Target: 4.5000E-04 converged?  yes component    64
  RMS grad  7.5265E-05 Target: 3.0000E-04 converged?  yes
Next calculation will be the dimer endpoint before rotation
dl-find/turbomole/=============================== Tstep:  111.2 Ttot:18265.6 ==
eandg
Spin: 
 Energy calculation finished, energy: -2.138689976E+03
Curvature at dimer midpoint                   -0.00215
Predicted dimer rotation angle:      9.671 deg
Next calculation will be the dimer endpoint after rotation
dl-find/turbomole/=============================== Tstep:   92.6 Ttot:18358.2 ==
eandg
Spin: 
 Energy calculation finished, energy: -2.138689975E+03
Curvature at dimer midpoint after rotation     0.00262
Curvature at dimer minimum                    -0.00215
Actual dimer rotation angle:         0.243 deg
Dimer rotation converged after    1 steps
Writing TS-mode
Curvature after dimer rotation:               -0.00215
Frequency of transition mode  -238.545 cm^-1 (negative value denotes imaginary frequency)
Crossover temperature for tunnelling       54.62397 K
Restarting L-BFGS optimiser, instance: dimer rotation
Next calculation will be the dimer  midpoint
dl-find/turbomole/=============================== Tstep:   84.5 Ttot:18442.8 ==
eandg
Spin: 
 Energy calculation finished, energy: -2.138689986E+03
Testing convergence of dimer midpoint in cycle   64
    Energy  7.7350E-06 Target: 1.0000E-06 converged?   no
  Max step  2.7973E-02 Target: 1.8000E-03 converged?   no component   241
  RMS step  5.7071E-03 Target: 1.2000E-03 converged?   no
  Max grad  8.1586E-04 Target: 4.5000E-04 converged?   no component    88
  RMS grad  1.0063E-04 Target: 3.0000E-04 converged?  yes
Next calculation will be the dimer endpoint before rotation
dl-find/turbomole/=============================== Tstep:  104.2 Ttot:18547.0 ==
eandg
Spin: 
 Energy calculation finished, energy: -2.138689983E+03
Curvature at dimer midpoint                   -0.00214
Predicted dimer rotation angle:     10.195 deg
Next calculation will be the dimer endpoint after rotation
dl-find/turbomole/=============================== Tstep:   94.0 Ttot:18641.0 ==
eandg
Spin: 
 Energy calculation finished, energy: -2.138689984E+03
Curvature at dimer midpoint after rotation     0.00473
Curvature at dimer minimum                    -0.00215
Actual dimer rotation angle:         0.200 deg
Dimer rotation converged after    1 steps
Writing TS-mode
Curvature after dimer rotation:               -0.00215
Frequency of transition mode  -238.095 cm^-1 (negative value denotes imaginary frequency)
Crossover temperature for tunnelling       54.52097 K
Restarting L-BFGS optimiser, instance: dimer rotation
Next calculation will be the dimer  midpoint
dl-find/turbomole/=============================== Tstep:   72.2 Ttot:18713.2 ==
eandg
Spin: 
 Energy calculation finished, energy: -2.138690016E+03
Testing convergence of dimer midpoint in cycle   65
    Energy  2.9935E-05 Target: 1.0000E-06 converged?   no
  Max step  4.0957E-02 Target: 1.8000E-03 converged?   no component   241
  RMS step  8.6118E-03 Target: 1.2000E-03 converged?   no
  Max grad  3.3715E-04 Target: 4.5000E-04 converged?  yes component    58
  RMS grad  9.0141E-05 Target: 3.0000E-04 converged?  yes
Next calculation will be the dimer endpoint before rotation
dl-find/turbomole/=============================== Tstep:  106.4 Ttot:18819.7 ==
eandg
Spin: 
 Energy calculation finished, energy: -2.138690013E+03
Curvature at dimer midpoint                   -0.00213
Predicted dimer rotation angle:      9.547 deg
Next calculation will be the dimer endpoint after rotation
dl-find/turbomole/=============================== Tstep:   93.0 Ttot:18912.7 ==
eandg
Spin: 
 Energy calculation finished, energy: -2.138690013E+03
Curvature at dimer midpoint after rotation     0.00342
Curvature at dimer minimum                    -0.00213
Actual dimer rotation angle:         0.201 deg
Dimer rotation converged after    1 steps
Writing TS-mode
Curvature after dimer rotation:               -0.00213
Frequency of transition mode  -237.477 cm^-1 (negative value denotes imaginary frequency)
Crossover temperature for tunnelling       54.37945 K
Restarting L-BFGS optimiser, instance: dimer rotation
Next calculation will be the dimer  midpoint
dl-find/turbomole/=============================== Tstep:   88.0 Ttot:19000.7 ==
eandg
Spin: 
 Energy calculation finished, energy: -2.138690038E+03
Testing convergence of dimer midpoint in cycle   66
    Energy  2.2749E-05 Target: 1.0000E-06 converged?   no
  Max step  4.8604E-02 Target: 1.8000E-03 converged?   no component   241
  RMS step  1.0289E-02 Target: 1.2000E-03 converged?   no
  Max grad  1.0326E-03 Target: 4.5000E-04 converged?   no component    88
  RMS grad  1.4759E-04 Target: 3.0000E-04 converged?  yes
Next calculation will be the dimer endpoint before rotation
dl-find/turbomole/=============================== Tstep:  115.7 Ttot:19116.4 ==
eandg
Spin: 
 Energy calculation finished, energy: -2.138690036E+03
Curvature at dimer midpoint                   -0.00216
Predicted dimer rotation angle:      8.752 deg
Next calculation will be the dimer endpoint after rotation
dl-find/turbomole/=============================== Tstep:   94.8 Ttot:19211.1 ==
eandg
Spin: 
 Energy calculation finished, energy: -2.138690037E+03
Curvature at dimer midpoint after rotation     0.00247
Curvature at dimer minimum                    -0.00217
Actual dimer rotation angle:         0.187 deg
Dimer rotation converged after    1 steps
Writing TS-mode
Curvature after dimer rotation:               -0.00217
Frequency of transition mode  -239.252 cm^-1 (negative value denotes imaginary frequency)
Crossover temperature for tunnelling       54.78584 K
Restarting L-BFGS optimiser, instance: dimer rotation
Next calculation will be the dimer  midpoint
dl-find/turbomole/=============================== Tstep:   70.7 Ttot:19281.9 ==
eandg
Spin: 
 Energy calculation finished, energy: -2.138690063E+03
Testing convergence of dimer midpoint in cycle   67
    Energy  2.4611E-05 Target: 1.0000E-06 converged?   no
  Max step  2.3849E-02 Target: 1.8000E-03 converged?   no component   229
  RMS step  4.9764E-03 Target: 1.2000E-03 converged?   no
  Max grad  4.3384E-04 Target: 4.5000E-04 converged?  yes component    64
  RMS grad  9.3689E-05 Target: 3.0000E-04 converged?  yes
Next calculation will be the dimer endpoint before rotation
dl-find/turbomole/=============================== Tstep:  104.2 Ttot:19386.1 ==
eandg
Spin: 
 Energy calculation finished, energy: -2.138690061E+03
Curvature at dimer midpoint                   -0.00214
Predicted dimer rotation angle:      8.352 deg
Next calculation will be the dimer endpoint after rotation
dl-find/turbomole/=============================== Tstep:   94.7 Ttot:19480.8 ==
eandg
Spin: 
 Energy calculation finished, energy: -2.138690061E+03
Curvature at dimer midpoint after rotation     0.00200
Curvature at dimer minimum                    -0.00214
Actual dimer rotation angle:         0.179 deg
Dimer rotation converged after    1 steps
Writing TS-mode
Curvature after dimer rotation:               -0.00214
Frequency of transition mode  -238.001 cm^-1 (negative value denotes imaginary frequency)
Crossover temperature for tunnelling       54.49954 K
Restarting L-BFGS optimiser, instance: dimer rotation
Next calculation will be the dimer  midpoint
dl-find/turbomole/=============================== Tstep:   89.1 Ttot:19569.9 ==
eandg
Spin: 
 Energy calculation finished, energy: -2.138690074E+03
Testing convergence of dimer midpoint in cycle   68
    Energy  1.1105E-05 Target: 1.0000E-06 converged?   no
  Max step  2.1519E-02 Target: 1.8000E-03 converged?   no component   229
  RMS step  4.3654E-03 Target: 1.2000E-03 converged?   no
  Max grad  4.3391E-04 Target: 4.5000E-04 converged?  yes component    88
  RMS grad  9.0584E-05 Target: 3.0000E-04 converged?  yes
Next calculation will be the dimer endpoint before rotation
dl-find/turbomole/=============================== Tstep:  103.1 Ttot:19673.0 ==
eandg
Spin: 
 Energy calculation finished, energy: -2.138690072E+03
Curvature at dimer midpoint                   -0.00215
Predicted dimer rotation angle:      8.319 deg
Next calculation will be the dimer endpoint after rotation
dl-find/turbomole/=============================== Tstep:   93.7 Ttot:19766.7 ==
eandg
Spin: 
 Energy calculation finished, energy: -2.138690071E+03
Curvature at dimer midpoint after rotation     0.00253
Curvature at dimer minimum                    -0.00216
Actual dimer rotation angle:         0.158 deg
Dimer rotation converged after    1 steps
Writing TS-mode
Curvature after dimer rotation:               -0.00216
Frequency of transition mode  -238.651 cm^-1 (negative value denotes imaginary frequency)
Crossover temperature for tunnelling       54.64834 K
Restarting L-BFGS optimiser, instance: dimer rotation
Next calculation will be the dimer  midpoint
dl-find/turbomole/=============================== Tstep:   77.0 Ttot:19843.7 ==
eandg
Spin: 
 Energy calculation finished, energy: -2.138690090E+03
Testing convergence of dimer midpoint in cycle   69
    Energy  1.5582E-05 Target: 1.0000E-06 converged?   no
  Max step  4.7665E-02 Target: 1.8000E-03 converged?   no component   241
  RMS step  9.2785E-03 Target: 1.2000E-03 converged?   no
  Max grad  8.3920E-04 Target: 4.5000E-04 converged?   no component    88
  RMS grad  1.1846E-04 Target: 3.0000E-04 converged?  yes
Next calculation will be the dimer endpoint before rotation
dl-find/turbomole/=============================== Tstep:  113.7 Ttot:19957.4 ==
eandg
Spin: 
 Energy calculation finished, energy: -2.138690088E+03
Curvature at dimer midpoint                   -0.00217
Predicted dimer rotation angle:      7.489 deg
Next calculation will be the dimer endpoint after rotation
dl-find/turbomole/=============================== Tstep:   94.0 Ttot:20051.4 ==
eandg
Spin: 
 Energy calculation finished, energy: -2.138690088E+03
Curvature at dimer midpoint after rotation     0.00093
Curvature at dimer minimum                    -0.00217
Actual dimer rotation angle:         0.174 deg
Dimer rotation converged after    1 steps
Writing TS-mode
Curvature after dimer rotation:               -0.00217
Frequency of transition mode  -239.661 cm^-1 (negative value denotes imaginary frequency)
Crossover temperature for tunnelling       54.87969 K
Restarting L-BFGS optimiser, instance: dimer rotation
Next calculation will be the dimer  midpoint
dl-find/turbomole/=============================== Tstep:   82.9 Ttot:20134.4 ==
eandg
Spin: 
 Energy calculation finished, energy: -2.138690139E+03
Testing convergence of dimer midpoint in cycle   70
    Energy  4.8984E-05 Target: 1.0000E-06 converged?   no
  Max step  1.1269E-01 Target: 1.8000E-03 converged?   no component   241
  RMS step  2.1892E-02 Target: 1.2000E-03 converged?   no
  Max grad  1.4075E-03 Target: 4.5000E-04 converged?   no component    64
  RMS grad  2.2636E-04 Target: 3.0000E-04 converged?  yes
Next calculation will be the dimer endpoint before rotation
dl-find/turbomole/=============================== Tstep:  119.9 Ttot:20254.3 ==
eandg
Spin: 
 Energy calculation finished, energy: -2.138690137E+03
Curvature at dimer midpoint                   -0.00218
Predicted dimer rotation angle:      8.533 deg
Next calculation will be the dimer endpoint after rotation
dl-find/turbomole/=============================== Tstep:   94.9 Ttot:20349.2 ==
eandg
Spin: 
 Energy calculation finished, energy: -2.138690137E+03
Curvature at dimer midpoint after rotation     0.00194
Curvature at dimer minimum                    -0.00219
Actual dimer rotation angle:         0.196 deg
Dimer rotation converged after    1 steps
Writing TS-mode
Curvature after dimer rotation:               -0.00219
Frequency of transition mode  -240.287 cm^-1 (negative value denotes imaginary frequency)
Crossover temperature for tunnelling       55.02293 K
Restarting L-BFGS optimiser, instance: dimer rotation
Next calculation will be the dimer  midpoint
dl-find/turbomole/=============================== Tstep:   69.5 Ttot:20418.7 ==
eandg
Spin: 
 Energy calculation finished, energy: -2.138690158E+03
Testing convergence of dimer midpoint in cycle   71
    Energy  1.9626E-05 Target: 1.0000E-06 converged?   no
  Max step  5.6200E-02 Target: 1.8000E-03 converged?   no component   241
  RMS step  1.0531E-02 Target: 1.2000E-03 converged?   no
  Max grad  4.8146E-04 Target: 4.5000E-04 converged?   no component   252
  RMS grad  1.1883E-04 Target: 3.0000E-04 converged?  yes
Next calculation will be the dimer endpoint before rotation
dl-find/turbomole/=============================== Tstep:  113.2 Ttot:20531.9 ==
eandg
Spin: 
 Energy calculation finished, energy: -2.138690157E+03
Curvature at dimer midpoint                   -0.00224
Predicted dimer rotation angle:      8.578 deg
Next calculation will be the dimer endpoint after rotation
dl-find/turbomole/=============================== Tstep:   95.2 Ttot:20627.1 ==
eandg
Spin: 
 Energy calculation finished, energy: -2.138690156E+03
Curvature at dimer midpoint after rotation     0.00277
Curvature at dimer minimum                    -0.00225
Actual dimer rotation angle:         0.169 deg
Dimer rotation converged after    1 steps
Writing TS-mode
Curvature after dimer rotation:               -0.00225
Frequency of transition mode  -243.623 cm^-1 (negative value denotes imaginary frequency)
Crossover temperature for tunnelling       55.78680 K
Restarting L-BFGS optimiser, instance: dimer rotation
Next calculation will be the dimer  midpoint
dl-find/turbomole/=============================== Tstep:   86.7 Ttot:20713.8 ==
eandg
Spin: 
 Energy calculation finished, energy: -2.138690145E+03
Testing convergence of dimer midpoint in cycle   72
    Energy  1.3482E-05 Target: 1.0000E-06 converged?   no
  Max step  6.7773E-02 Target: 1.8000E-03 converged?   no component   241
  RMS step  1.2622E-02 Target: 1.2000E-03 converged?   no
  Max grad  4.5157E-04 Target: 4.5000E-04 converged?   no component    50
  RMS grad  1.0343E-04 Target: 3.0000E-04 converged?  yes
Next calculation will be the dimer endpoint before rotation
dl-find/turbomole/=============================== Tstep:  109.7 Ttot:20823.5 ==
eandg
Spin: 
 Energy calculation finished, energy: -2.138690143E+03
Curvature at dimer midpoint                   -0.00231
Predicted dimer rotation angle:      8.123 deg
Next calculation will be the dimer endpoint after rotation
dl-find/turbomole/=============================== Tstep:   94.3 Ttot:20917.8 ==
eandg
Spin: 
 Energy calculation finished, energy: -2.138690142E+03
Curvature at dimer midpoint after rotation     0.00184
Curvature at dimer minimum                    -0.00231
Actual dimer rotation angle:         0.177 deg
Dimer rotation converged after    1 steps
Writing TS-mode
Curvature after dimer rotation:               -0.00231
Frequency of transition mode  -247.060 cm^-1 (negative value denotes imaginary frequency)
Crossover temperature for tunnelling       56.57387 K
Restarting L-BFGS optimiser, instance: dimer rotation
Next calculation will be the dimer  midpoint
dl-find/turbomole/=============================== Tstep:   83.6 Ttot:21001.4 ==
eandg
Spin: 
 Energy calculation finished, energy: -2.138690158E+03
Testing convergence of dimer midpoint in cycle   73
    Energy  1.3119E-05 Target: 1.0000E-06 converged?   no
  Max step  7.0855E-02 Target: 1.8000E-03 converged?   no component   241
  RMS step  1.3234E-02 Target: 1.2000E-03 converged?   no
  Max grad  6.1908E-04 Target: 4.5000E-04 converged?   no component    83
  RMS grad  1.2123E-04 Target: 3.0000E-04 converged?  yes
Next calculation will be the dimer endpoint before rotation
dl-find/turbomole/=============================== Tstep:  109.6 Ttot:21111.1 ==
eandg
Spin: 
 Energy calculation finished, energy: -2.138690157E+03
Curvature at dimer midpoint                   -0.00236
Predicted dimer rotation angle:      7.331 deg
Next calculation will be the dimer endpoint after rotation
dl-find/turbomole/=============================== Tstep:   93.6 Ttot:21204.7 ==
eandg
Spin: 
 Energy calculation finished, energy: -2.138690157E+03
Curvature at dimer midpoint after rotation     0.00045
Curvature at dimer minimum                    -0.00237
Actual dimer rotation angle:         0.194 deg
Dimer rotation converged after    1 steps
Writing TS-mode
Curvature after dimer rotation:               -0.00237
Frequency of transition mode  -250.066 cm^-1 (negative value denotes imaginary frequency)
Crossover temperature for tunnelling       57.26220 K
Restarting L-BFGS optimiser, instance: dimer rotation
Next calculation will be the dimer  midpoint
dl-find/turbomole/=============================== Tstep:   84.4 Ttot:21289.1 ==
eandg
Spin: 
 Energy calculation finished, energy: -2.138690202E+03
Testing convergence of dimer midpoint in cycle   74
    Energy  4.3566E-05 Target: 1.0000E-06 converged?   no
  Max step  1.3477E-01 Target: 1.8000E-03 converged?   no component   241
  RMS step  2.4885E-02 Target: 1.2000E-03 converged?   no
  Max grad  2.4560E-03 Target: 4.5000E-04 converged?   no component    83
  RMS grad  2.3953E-04 Target: 3.0000E-04 converged?  yes
Next calculation will be the dimer endpoint before rotation
dl-find/turbomole/=============================== Tstep:  115.4 Ttot:21404.6 ==
eandg
Spin: 
 Energy calculation finished, energy: -2.138690201E+03
Curvature at dimer midpoint                   -0.00253
Predicted dimer rotation angle:      9.511 deg
Next calculation will be the dimer endpoint after rotation
dl-find/turbomole/=============================== Tstep:   94.0 Ttot:21498.5 ==
eandg
Spin: 
 Energy calculation finished, energy: -2.138690202E+03
Curvature at dimer midpoint after rotation     0.00439
Curvature at dimer minimum                    -0.00253
Actual dimer rotation angle:         0.189 deg
Dimer rotation converged after    1 steps
Writing TS-mode
Curvature after dimer rotation:               -0.00253
Frequency of transition mode  -258.744 cm^-1 (negative value denotes imaginary frequency)
Crossover temperature for tunnelling       59.24932 K
Restarting L-BFGS optimiser, instance: dimer rotation
Next calculation will be the dimer  midpoint
dl-find/turbomole/=============================== Tstep:   74.4 Ttot:21572.9 ==
eandg
Spin: 
 Energy calculation finished, energy: -2.138690232E+03
Testing convergence of dimer midpoint in cycle   75
    Energy  3.0484E-05 Target: 1.0000E-06 converged?   no
  Max step  8.4204E-03 Target: 1.8000E-03 converged?   no component     9
  RMS step  1.9537E-03 Target: 1.2000E-03 converged?   no
  Max grad  2.8403E-04 Target: 4.5000E-04 converged?  yes component   229
  RMS grad  9.4045E-05 Target: 3.0000E-04 converged?  yes
Next calculation will be the dimer endpoint before rotation
dl-find/turbomole/=============================== Tstep:  106.5 Ttot:21679.4 ==
eandg
Spin: 
 Energy calculation finished, energy: -2.138690232E+03
Curvature at dimer midpoint                   -0.00251
Predicted dimer rotation angle:      6.890 deg
Next calculation will be the dimer endpoint after rotation
dl-find/turbomole/=============================== Tstep:   93.7 Ttot:21773.2 ==
eandg
Spin: 
 Energy calculation finished, energy: -2.138690232E+03
Curvature at dimer midpoint after rotation     0.00000
Curvature at dimer minimum                    -0.00252
Actual dimer rotation angle:         0.191 deg
Dimer rotation converged after    1 steps
Writing TS-mode
Curvature after dimer rotation:               -0.00252
Frequency of transition mode  -257.804 cm^-1 (negative value denotes imaginary frequency)
Crossover temperature for tunnelling       59.03420 K
Restarting L-BFGS optimiser, instance: dimer rotation
Next calculation will be the dimer  midpoint
dl-find/turbomole/=============================== Tstep:   69.0 Ttot:21842.1 ==
eandg
Spin: 
 Energy calculation finished, energy: -2.138690250E+03
Testing convergence of dimer midpoint in cycle   76
    Energy  1.7527E-05 Target: 1.0000E-06 converged?   no
  Max step  1.3064E-02 Target: 1.8000E-03 converged?   no component    13
  RMS step  2.8317E-03 Target: 1.2000E-03 converged?   no
  Max grad  4.7455E-04 Target: 4.5000E-04 converged?   no component    83
  RMS grad  8.6398E-05 Target: 3.0000E-04 converged?  yes
Next calculation will be the dimer endpoint before rotation
dl-find/turbomole/=============================== Tstep:  107.7 Ttot:21949.8 ==
eandg
Spin: 
 Energy calculation finished, energy: -2.138690249E+03
Curvature at dimer midpoint                   -0.00249
Predicted dimer rotation angle:      7.098 deg
Next calculation will be the dimer endpoint after rotation
dl-find/turbomole/=============================== Tstep:   93.0 Ttot:22042.8 ==
eandg
Spin: 
 Energy calculation finished, energy: -2.138690249E+03
Curvature at dimer midpoint after rotation     0.00104
Curvature at dimer minimum                    -0.00249
Actual dimer rotation angle:         0.150 deg
Dimer rotation converged after    1 steps
Writing TS-mode
Curvature after dimer rotation:               -0.00249
Frequency of transition mode  -256.512 cm^-1 (negative value denotes imaginary frequency)
Crossover temperature for tunnelling       58.73835 K
Restarting L-BFGS optimiser, instance: dimer rotation
Next calculation will be the dimer  midpoint
dl-find/turbomole/=============================== Tstep:   83.9 Ttot:22126.7 ==
eandg
Spin: 
 Energy calculation finished, energy: -2.138690265E+03
Testing convergence of dimer midpoint in cycle   77
    Energy  1.5145E-05 Target: 1.0000E-06 converged?   no
  Max step  3.4468E-02 Target: 1.8000E-03 converged?   no component   241
  RMS step  6.3112E-03 Target: 1.2000E-03 converged?   no
  Max grad  6.5492E-04 Target: 4.5000E-04 converged?   no component    83
  RMS grad  9.8006E-05 Target: 3.0000E-04 converged?  yes
Next calculation will be the dimer endpoint before rotation
dl-find/turbomole/=============================== Tstep:  104.5 Ttot:22231.2 ==
eandg
Spin: 
 Energy calculation finished, energy: -2.138690265E+03
Curvature at dimer midpoint                   -0.00250
Predicted dimer rotation angle:      5.649 deg
Next calculation will be the dimer endpoint after rotation
dl-find/turbomole/=============================== Tstep:   93.1 Ttot:22324.3 ==
eandg
Spin: 
 Energy calculation finished, energy: -2.138690265E+03
Curvature at dimer midpoint after rotation    -0.00111
Curvature at dimer minimum                    -0.00250
Actual dimer rotation angle:         0.187 deg
Dimer rotation converged after    1 steps
Writing TS-mode
Curvature after dimer rotation:               -0.00250
Frequency of transition mode  -257.237 cm^-1 (negative value denotes imaginary frequency)
Crossover temperature for tunnelling       58.90430 K
Restarting L-BFGS optimiser, instance: dimer rotation
Next calculation will be the dimer  midpoint
dl-find/turbomole/=============================== Tstep:   69.3 Ttot:22393.7 ==
eandg
Spin: 
 Energy calculation finished, energy: -2.138690288E+03
Testing convergence of dimer midpoint in cycle   78
    Energy  2.3127E-05 Target: 1.0000E-06 converged?   no
  Max step  8.1296E-02 Target: 1.8000E-03 converged?   no component   241
  RMS step  1.3888E-02 Target: 1.2000E-03 converged?   no
  Max grad  6.9965E-04 Target: 4.5000E-04 converged?   no component    64
  RMS grad  1.4169E-04 Target: 3.0000E-04 converged?  yes
Next calculation will be the dimer endpoint before rotation
dl-find/turbomole/=============================== Tstep:  110.4 Ttot:22504.1 ==
eandg
Spin: 
 Energy calculation finished, energy: -2.138690290E+03
Curvature at dimer midpoint                   -0.00252
Predicted dimer rotation angle:      8.367 deg
Next calculation will be the dimer endpoint after rotation
dl-find/turbomole/=============================== Tstep:   85.1 Ttot:22589.2 ==
eandg
Spin: 
 Energy calculation finished, energy: -2.138690289E+03
Curvature at dimer midpoint after rotation     0.00315
Curvature at dimer minimum                    -0.00252
Actual dimer rotation angle:         0.156 deg
Dimer rotation converged after    1 steps
Writing TS-mode
Curvature after dimer rotation:               -0.00252
Frequency of transition mode  -258.031 cm^-1 (negative value denotes imaginary frequency)
Crossover temperature for tunnelling       59.08622 K
Restarting L-BFGS optimiser, instance: dimer rotation
Next calculation will be the dimer  midpoint
dl-find/turbomole/=============================== Tstep:   73.3 Ttot:22662.5 ==
eandg
Spin: 
 Energy calculation finished, energy: -2.138690313E+03
Testing convergence of dimer midpoint in cycle   79
    Energy  2.4712E-05 Target: 1.0000E-06 converged?   no
  Max step  1.1661E-01 Target: 1.8000E-03 converged?   no component   241
  RMS step  1.9735E-02 Target: 1.2000E-03 converged?   no
  Max grad  6.8179E-04 Target: 4.5000E-04 converged?   no component    83
  RMS grad  1.4024E-04 Target: 3.0000E-04 converged?  yes
Next calculation will be the dimer endpoint before rotation
dl-find/turbomole/=============================== Tstep:  118.1 Ttot:22780.5 ==
eandg
Spin: 
 Energy calculation finished, energy: -2.138690313E+03
Curvature at dimer midpoint                   -0.00268
Predicted dimer rotation angle:      6.206 deg
Next calculation will be the dimer endpoint after rotation
dl-find/turbomole/=============================== Tstep:   95.0 Ttot:22875.5 ==
eandg
Spin: 
 Energy calculation finished, energy: -2.138690313E+03
Curvature at dimer midpoint after rotation    -0.00128
Curvature at dimer minimum                    -0.00269
Actual dimer rotation angle:         0.259 deg
Dimer rotation converged after    1 steps
Writing TS-mode
Curvature after dimer rotation:               -0.00269
Frequency of transition mode  -266.497 cm^-1 (negative value denotes imaginary frequency)
Crossover temperature for tunnelling       61.02466 K
Restarting L-BFGS optimiser, instance: dimer rotation
Next calculation will be the dimer  midpoint
dl-find/turbomole/=============================== Tstep:   78.6 Ttot:22954.1 ==
eandg
Spin: 
 Energy calculation finished, energy: -2.138690347E+03
Testing convergence of dimer midpoint in cycle   80
    Energy  3.4136E-05 Target: 1.0000E-06 converged?   no
  Max step  3.0148E-02 Target: 1.8000E-03 converged?   no component   241
  RMS step  5.1553E-03 Target: 1.2000E-03 converged?   no
  Max grad  2.4684E-04 Target: 4.5000E-04 converged?  yes component   223
  RMS grad  7.5467E-05 Target: 3.0000E-04 converged?  yes
Next calculation will be the dimer endpoint before rotation
dl-find/turbomole/=============================== Tstep:  107.9 Ttot:23062.0 ==
eandg
Spin: 
 Energy calculation finished, energy: -2.138690347E+03
Curvature at dimer midpoint                   -0.00269
Predicted dimer rotation angle:      7.933 deg
Next calculation will be the dimer endpoint after rotation
dl-find/turbomole/=============================== Tstep:   93.9 Ttot:23155.9 ==
eandg
Spin: 
 Energy calculation finished, energy: -2.138690346E+03
Curvature at dimer midpoint after rotation     0.00265
Curvature at dimer minimum                    -0.00269
Actual dimer rotation angle:         0.150 deg
Dimer rotation converged after    1 steps
Writing TS-mode
Curvature after dimer rotation:               -0.00269
Frequency of transition mode  -266.544 cm^-1 (negative value denotes imaginary frequency)
Crossover temperature for tunnelling       61.03545 K
Restarting L-BFGS optimiser, instance: dimer rotation
Next calculation will be the dimer  midpoint
dl-find/turbomole/=============================== Tstep:   82.3 Ttot:23238.1 ==
eandg
Spin: 
 Energy calculation finished, energy: -2.138690304E+03
Testing convergence of dimer midpoint in cycle   81
    Energy  4.2927E-05 Target: 1.0000E-06 converged?   no
  Max step  3.8949E-02 Target: 1.8000E-03 converged?   no component   241
  RMS step  6.4735E-03 Target: 1.2000E-03 converged?   no
  Max grad  4.6398E-04 Target: 4.5000E-04 converged?   no component    83
  RMS grad  8.5126E-05 Target: 3.0000E-04 converged?  yes
Next calculation will be the dimer endpoint before rotation
dl-find/turbomole/=============================== Tstep:  100.7 Ttot:23338.8 ==
eandg
Spin: 
 Energy calculation finished, energy: -2.138690304E+03
Curvature at dimer midpoint                   -0.00269
Predicted dimer rotation angle:      5.270 deg
Next calculation will be the dimer endpoint after rotation
dl-find/turbomole/=============================== Tstep:   93.7 Ttot:23432.5 ==
eandg
Spin: 
 Energy calculation finished, energy: -2.138690304E+03
Curvature at dimer midpoint after rotation    -0.00159
Curvature at dimer minimum                    -0.00270
Actual dimer rotation angle:         0.202 deg
Dimer rotation converged after    1 steps
Writing TS-mode
Curvature after dimer rotation:               -0.00270
Frequency of transition mode  -266.902 cm^-1 (negative value denotes imaginary frequency)
Crossover temperature for tunnelling       61.11756 K
Restarting L-BFGS optimiser, instance: dimer rotation
Next calculation will be the dimer  midpoint
dl-find/turbomole/=============================== Tstep:   72.5 Ttot:23505.0 ==
eandg
Spin: 
 Energy calculation finished, energy: -2.138690309E+03
Testing convergence of dimer midpoint in cycle   82
    Energy  4.9240E-06 Target: 1.0000E-06 converged?   no
  Max step  4.0627E-02 Target: 1.8000E-03 converged?   no component   241
  RMS step  6.3144E-03 Target: 1.2000E-03 converged?   no
  Max grad  5.1249E-04 Target: 4.5000E-04 converged?   no component    83
  RMS grad  9.7018E-05 Target: 3.0000E-04 converged?  yes
Next calculation will be the dimer endpoint before rotation
dl-find/turbomole/=============================== Tstep:  108.9 Ttot:23613.9 ==
eandg
Spin: 
 Energy calculation finished, energy: -2.138690310E+03
Curvature at dimer midpoint                   -0.00272
Predicted dimer rotation angle:      6.429 deg
Next calculation will be the dimer endpoint after rotation
dl-find/turbomole/=============================== Tstep:   94.9 Ttot:23708.8 ==
eandg
Spin: 
 Energy calculation finished, energy: -2.138690310E+03
Curvature at dimer midpoint after rotation     0.00052
Curvature at dimer minimum                    -0.00272
Actual dimer rotation angle:         0.132 deg
Dimer rotation converged after    1 steps
Writing TS-mode
Curvature after dimer rotation:               -0.00272
Frequency of transition mode  -268.222 cm^-1 (negative value denotes imaginary frequency)
Crossover temperature for tunnelling       61.41969 K
Restarting L-BFGS optimiser, instance: dimer rotation
Next calculation will be the dimer  midpoint
dl-find/turbomole/=============================== Tstep:   82.1 Ttot:23791.0 ==
eandg
Spin: 
 Energy calculation finished, energy: -2.138690285E+03
Testing convergence of dimer midpoint in cycle   83
    Energy  2.3355E-05 Target: 1.0000E-06 converged?   no
  Max step  1.0344E-01 Target: 1.8000E-03 converged?   no component   241
  RMS step  1.6306E-02 Target: 1.2000E-03 converged?   no
  Max grad  5.0728E-04 Target: 4.5000E-04 converged?   no component   244
  RMS grad  1.3500E-04 Target: 3.0000E-04 converged?  yes
Next calculation will be the dimer endpoint before rotation
dl-find/turbomole/=============================== Tstep:  120.3 Ttot:23911.3 ==
eandg
Spin: 
 Energy calculation finished, energy: -2.138690286E+03
Curvature at dimer midpoint                   -0.00271
Predicted dimer rotation angle:      6.288 deg
Next calculation will be the dimer endpoint after rotation
dl-find/turbomole/=============================== Tstep:   93.7 Ttot:24005.1 ==
eandg
Spin: 
 Energy calculation finished, energy: -2.138690286E+03
Curvature at dimer midpoint after rotation    -0.00017
Curvature at dimer minimum                    -0.00271
Actual dimer rotation angle:         0.156 deg
Dimer rotation converged after    1 steps
Writing TS-mode
Curvature after dimer rotation:               -0.00271
Frequency of transition mode  -267.523 cm^-1 (negative value denotes imaginary frequency)
Crossover temperature for tunnelling       61.25967 K
Restarting L-BFGS optimiser, instance: dimer rotation
Next calculation will be the dimer  midpoint
dl-find/turbomole/=============================== Tstep:   73.5 Ttot:24078.5 ==
eandg
Spin: 
 Energy calculation finished, energy: -2.138690308E+03
Testing convergence of dimer midpoint in cycle   84
    Energy  2.2869E-05 Target: 1.0000E-06 converged?   no
  Max step  6.9601E-02 Target: 1.8000E-03 converged?   no component   241
  RMS step  1.1724E-02 Target: 1.2000E-03 converged?   no
  Max grad  3.8065E-04 Target: 4.5000E-04 converged?  yes component   253
  RMS grad  9.7433E-05 Target: 3.0000E-04 converged?  yes
Next calculation will be the dimer endpoint before rotation
dl-find/turbomole/=============================== Tstep:  119.3 Ttot:24197.8 ==
eandg
Spin: 
 Energy calculation finished, energy: -2.138690309E+03
Curvature at dimer midpoint                   -0.00275
Predicted dimer rotation angle:      4.988 deg
Next calculation will be the dimer endpoint after rotation
dl-find/turbomole/=============================== Tstep:   95.0 Ttot:24292.8 ==
eandg
Spin: 
 Energy calculation finished, energy: -2.138690309E+03
Curvature at dimer midpoint after rotation    -0.00184
Curvature at dimer minimum                    -0.00275
Actual dimer rotation angle:         0.211 deg
Dimer rotation converged after    1 steps
Writing TS-mode
Curvature after dimer rotation:               -0.00275
Frequency of transition mode  -269.791 cm^-1 (negative value denotes imaginary frequency)
Crossover temperature for tunnelling       61.77907 K
Restarting L-BFGS optimiser, instance: dimer rotation
Next calculation will be the dimer  midpoint
dl-find/turbomole/=============================== Tstep:   69.5 Ttot:24362.3 ==
eandg
Spin: 
 Energy calculation finished, energy: -2.138690324E+03
Testing convergence of dimer midpoint in cycle   85
    Energy  1.6001E-05 Target: 1.0000E-06 converged?   no
  Max step  1.9218E-02 Target: 1.8000E-03 converged?   no component     9
  RMS step  4.0570E-03 Target: 1.2000E-03 converged?   no
  Max grad  5.1885E-04 Target: 4.5000E-04 converged?   no component    45
  RMS grad  9.6411E-05 Target: 3.0000E-04 converged?  yes
Next calculation will be the dimer endpoint before rotation
dl-find/turbomole/=============================== Tstep:  108.4 Ttot:24470.8 ==
eandg
Spin: 
 Energy calculation finished, energy: -2.138690325E+03
Curvature at dimer midpoint                   -0.00275
Predicted dimer rotation angle:      6.280 deg
Next calculation will be the dimer endpoint after rotation
dl-find/turbomole/=============================== Tstep:   94.6 Ttot:24565.4 ==
eandg
Spin: 
 Energy calculation finished, energy: -2.138690326E+03
Curvature at dimer midpoint after rotation     0.00074
Curvature at dimer minimum                    -0.00276
Actual dimer rotation angle:         0.116 deg
Dimer rotation converged after    1 steps
Writing TS-mode
Curvature after dimer rotation:               -0.00276
Frequency of transition mode  -269.851 cm^-1 (negative value denotes imaginary frequency)
Crossover temperature for tunnelling       61.79279 K
Restarting L-BFGS optimiser, instance: dimer rotation
Next calculation will be the dimer  midpoint
dl-find/turbomole/=============================== Tstep:   80.4 Ttot:24645.8 ==
eandg
Spin: 
 Energy calculation finished, energy: -2.138690339E+03
Testing convergence of dimer midpoint in cycle   86
    Energy  1.4515E-05 Target: 1.0000E-06 converged?   no
  Max step  7.9319E-02 Target: 1.8000E-03 converged?   no component   241
  RMS step  1.3317E-02 Target: 1.2000E-03 converged?   no
  Max grad  6.6922E-04 Target: 4.5000E-04 converged?   no component    52
  RMS grad  1.1918E-04 Target: 3.0000E-04 converged?  yes
Next calculation will be the dimer endpoint before rotation
dl-find/turbomole/=============================== Tstep:  117.2 Ttot:24763.0 ==
eandg
Spin: 
 Energy calculation finished, energy: -2.138690340E+03
Curvature at dimer midpoint                   -0.00275
Predicted dimer rotation angle:      4.902 deg
Next calculation will be the dimer endpoint after rotation
dl-find/turbomole/=============================== Tstep:   92.0 Ttot:24855.0 ==
eandg
Spin: 
 Energy calculation finished, energy: -2.138690340E+03
Curvature at dimer midpoint after rotation    -0.00136
Curvature at dimer minimum                    -0.00275
Actual dimer rotation angle:         0.135 deg
Dimer rotation converged after    1 steps
Writing TS-mode
Curvature after dimer rotation:               -0.00275
Frequency of transition mode  -269.606 cm^-1 (negative value denotes imaginary frequency)
Crossover temperature for tunnelling       61.73677 K
Restarting L-BFGS optimiser, instance: dimer rotation
Next calculation will be the dimer  midpoint
dl-find/turbomole/=============================== Tstep:   81.6 Ttot:24936.6 ==
eandg
Spin: 
 Energy calculation finished, energy: -2.138690430E+03
Testing convergence of dimer midpoint in cycle   87
    Energy  9.1201E-05 Target: 1.0000E-06 converged?   no
  Max step  5.9929E-02 Target: 1.8000E-03 converged?   no component   241
  RMS step  1.1016E-02 Target: 1.2000E-03 converged?   no
  Max grad  1.2650E-03 Target: 4.5000E-04 converged?   no component    57
  RMS grad  1.8858E-04 Target: 3.0000E-04 converged?  yes
Next calculation will be the dimer endpoint before rotation
dl-find/turbomole/=============================== Tstep:  111.0 Ttot:25047.5 ==
eandg
Spin: 
 Energy calculation finished, energy: -2.138690431E+03
Curvature at dimer midpoint                   -0.00274
Predicted dimer rotation angle:      4.416 deg
Next calculation will be the dimer endpoint after rotation
dl-find/turbomole/=============================== Tstep:   94.4 Ttot:25141.9 ==
eandg
Spin: 
 Energy calculation finished, energy: -2.138690431E+03
Curvature at dimer midpoint after rotation    -0.00183
Curvature at dimer minimum                    -0.00274
Actual dimer rotation angle:         0.148 deg
Dimer rotation converged after    1 steps
Writing TS-mode
Curvature after dimer rotation:               -0.00274
Frequency of transition mode  -269.185 cm^-1 (negative value denotes imaginary frequency)
Crossover temperature for tunnelling       61.64024 K
Restarting L-BFGS optimiser, instance: dimer rotation
Next calculation will be the dimer  midpoint
dl-find/turbomole/=============================== Tstep:   69.4 Ttot:25211.3 ==
eandg
Spin: 
 Energy calculation finished, energy: -2.138690445E+03
Testing convergence of dimer midpoint in cycle   88
    Energy  1.4696E-05 Target: 1.0000E-06 converged?   no
  Max step  8.2667E-02 Target: 1.8000E-03 converged?   no component   241
  RMS step  1.4032E-02 Target: 1.2000E-03 converged?   no
  Max grad  4.4430E-04 Target: 4.5000E-04 converged?  yes component   244
  RMS grad  1.0503E-04 Target: 3.0000E-04 converged?  yes
Next calculation will be the dimer endpoint before rotation
dl-find/turbomole/=============================== Tstep:  113.8 Ttot:25325.1 ==
eandg
Spin: 
 Energy calculation finished, energy: -2.138690446E+03
Curvature at dimer midpoint                   -0.00278
Predicted dimer rotation angle:      6.559 deg
Next calculation will be the dimer endpoint after rotation
dl-find/turbomole/=============================== Tstep:   96.1 Ttot:25421.2 ==
eandg
Spin: 
 Energy calculation finished, energy: -2.138690446E+03
Curvature at dimer midpoint after rotation     0.00090
Curvature at dimer minimum                    -0.00278
Actual dimer rotation angle:         0.127 deg
Dimer rotation converged after    1 steps
Writing TS-mode
Curvature after dimer rotation:               -0.00278
Frequency of transition mode  -271.170 cm^-1 (negative value denotes imaginary frequency)
Crossover temperature for tunnelling       62.09482 K
Restarting L-BFGS optimiser, instance: dimer rotation
Next calculation will be the dimer  midpoint
dl-find/turbomole/=============================== Tstep:   70.4 Ttot:25491.6 ==
eandg
Spin: 
 Energy calculation finished, energy: -2.138690457E+03
Testing convergence of dimer midpoint in cycle   89
    Energy  1.2091E-05 Target: 1.0000E-06 converged?   no
  Max step  5.7424E-02 Target: 1.8000E-03 converged?   no component   241
  RMS step  9.5846E-03 Target: 1.2000E-03 converged?   no
  Max grad  3.7421E-04 Target: 4.5000E-04 converged?  yes component   253
  RMS grad  1.0169E-04 Target: 3.0000E-04 converged?  yes
Next calculation will be the dimer endpoint before rotation
dl-find/turbomole/=============================== Tstep:  110.6 Ttot:25602.2 ==
eandg
Spin: 
 Energy calculation finished, energy: -2.138690461E+03
Curvature at dimer midpoint                   -0.00283
Predicted dimer rotation angle:      5.507 deg
Next calculation will be the dimer endpoint after rotation
dl-find/turbomole/=============================== Tstep:   94.0 Ttot:25696.2 ==
eandg
Spin: 
 Energy calculation finished, energy: -2.138690458E+03
Curvature at dimer midpoint after rotation    -0.00216
Curvature at dimer minimum                    -0.00283
Actual dimer rotation angle:         0.378 deg
Dimer rotation converged after    1 steps
Writing TS-mode
Curvature after dimer rotation:               -0.00283
Frequency of transition mode  -273.426 cm^-1 (negative value denotes imaginary frequency)
Crossover temperature for tunnelling       62.61136 K
Restarting L-BFGS optimiser, instance: dimer rotation
Next calculation will be the dimer  midpoint
dl-find/turbomole/=============================== Tstep:   73.8 Ttot:25769.9 ==
eandg
Spin: 
 Energy calculation finished, energy: -2.138690471E+03
Testing convergence of dimer midpoint in cycle   90
    Energy  1.4810E-05 Target: 1.0000E-06 converged?   no
  Max step  9.0078E-02 Target: 1.8000E-03 converged?   no component   241
  RMS step  1.5010E-02 Target: 1.2000E-03 converged?   no
  Max grad  6.7519E-04 Target: 4.5000E-04 converged?   no component    57
  RMS grad  1.2481E-04 Target: 3.0000E-04 converged?  yes
Next calculation will be the dimer endpoint before rotation
dl-find/turbomole/=============================== Tstep:  112.4 Ttot:25882.3 ==
eandg
Spin: 
 Energy calculation finished, energy: -2.138690473E+03
Curvature at dimer midpoint                   -0.00283
Predicted dimer rotation angle:      8.109 deg
Next calculation will be the dimer endpoint after rotation
dl-find/turbomole/=============================== Tstep:   94.3 Ttot:25976.6 ==
eandg
Spin: 
 Energy calculation finished, energy: -2.138690473E+03
Curvature at dimer midpoint after rotation     0.00290
Curvature at dimer minimum                    -0.00283
Actual dimer rotation angle:         0.157 deg
Dimer rotation converged after    1 steps
Writing TS-mode
Curvature after dimer rotation:               -0.00283
Frequency of transition mode  -273.556 cm^-1 (negative value denotes imaginary frequency)
Crossover temperature for tunnelling       62.64119 K
Restarting L-BFGS optimiser, instance: dimer rotation
Next calculation will be the dimer  midpoint
dl-find/turbomole/=============================== Tstep:   88.3 Ttot:26064.9 ==
eandg
Spin: 
 Energy calculation finished, energy: -2.138690486E+03
Testing convergence of dimer midpoint in cycle   91
    Energy  1.4481E-05 Target: 1.0000E-06 converged?   no
  Max step  1.6509E-01 Target: 1.8000E-03 converged?   no component   241
  RMS step  2.8248E-02 Target: 1.2000E-03 converged?   no
  Max grad  1.7425E-03 Target: 4.5000E-04 converged?   no component   244
  RMS grad  2.3269E-04 Target: 3.0000E-04 converged?  yes
Next calculation will be the dimer endpoint before rotation
dl-find/turbomole/=============================== Tstep:  125.1 Ttot:26190.0 ==
eandg
Spin: 
 Energy calculation finished, energy: -2.138690487E+03
Curvature at dimer midpoint                   -0.00285
Predicted dimer rotation angle:      5.730 deg
Next calculation will be the dimer endpoint after rotation
dl-find/turbomole/=============================== Tstep:   94.1 Ttot:26284.0 ==
eandg
Spin: 
 Energy calculation finished, energy: -2.138690487E+03
Curvature at dimer midpoint after rotation    -0.00170
Curvature at dimer minimum                    -0.00285
Actual dimer rotation angle:         0.261 deg
Dimer rotation converged after    1 steps
Writing TS-mode
Curvature after dimer rotation:               -0.00285
Frequency of transition mode  -274.352 cm^-1 (negative value denotes imaginary frequency)
Crossover temperature for tunnelling       62.82339 K
Restarting L-BFGS optimiser, instance: dimer rotation
Next calculation will be the dimer  midpoint
dl-find/turbomole/=============================== Tstep:   74.7 Ttot:26358.7 ==
eandg
Spin: 
 Energy calculation finished, energy: -2.138690508E+03
Testing convergence of dimer midpoint in cycle   92
    Energy  2.2146E-05 Target: 1.0000E-06 converged?   no
  Max step  9.3240E-02 Target: 1.8000E-03 converged?   no component   241
  RMS step  1.5975E-02 Target: 1.2000E-03 converged?   no
  Max grad  4.6820E-04 Target: 4.5000E-04 converged?   no component    63
  RMS grad  1.2122E-04 Target: 3.0000E-04 converged?  yes
Next calculation will be the dimer endpoint before rotation
dl-find/turbomole/=============================== Tstep:  121.9 Ttot:26480.7 ==
eandg
Spin: 
 Energy calculation finished, energy: -2.138690509E+03
Curvature at dimer midpoint                   -0.00280
Predicted dimer rotation angle:      7.402 deg
Next calculation will be the dimer endpoint after rotation
dl-find/turbomole/=============================== Tstep:   95.3 Ttot:26575.9 ==
eandg
Spin: 
 Energy calculation finished, energy: -2.138690509E+03
Curvature at dimer midpoint after rotation     0.00184
Curvature at dimer minimum                    -0.00280
Actual dimer rotation angle:         0.146 deg
Dimer rotation converged after    1 steps
Writing TS-mode
Curvature after dimer rotation:               -0.00280
Frequency of transition mode  -272.040 cm^-1 (negative value denotes imaginary frequency)
Crossover temperature for tunnelling       62.29403 K
Restarting L-BFGS optimiser, instance: dimer rotation
Next calculation will be the dimer  midpoint
dl-find/turbomole/=============================== Tstep:   84.8 Ttot:26660.8 ==
eandg
Spin: 
 Energy calculation finished, energy: -2.138690517E+03
Testing convergence of dimer midpoint in cycle   93
    Energy  9.1520E-06 Target: 1.0000E-06 converged?   no
  Max step  8.6617E-02 Target: 1.8000E-03 converged?   no component   241
  RMS step  1.5299E-02 Target: 1.2000E-03 converged?   no
  Max grad  5.4879E-04 Target: 4.5000E-04 converged?   no component   244
  RMS grad  1.1744E-04 Target: 3.0000E-04 converged?  yes
Next calculation will be the dimer endpoint before rotation
dl-find/turbomole/=============================== Tstep:  107.2 Ttot:26767.9 ==
eandg
Spin: 
 Energy calculation finished, energy: -2.138690518E+03
Curvature at dimer midpoint                   -0.00271
Predicted dimer rotation angle:      5.896 deg
Next calculation will be the dimer endpoint after rotation
dl-find/turbomole/=============================== Tstep:   95.4 Ttot:26863.3 ==
eandg
Spin: 
 Energy calculation finished, energy: -2.138690518E+03
Curvature at dimer midpoint after rotation    -0.00111
Curvature at dimer minimum                    -0.00271
Actual dimer rotation angle:         0.199 deg
Dimer rotation converged after    1 steps
Writing TS-mode
Curvature after dimer rotation:               -0.00271
Frequency of transition mode  -267.727 cm^-1 (negative value denotes imaginary frequency)
Crossover temperature for tunnelling       61.30636 K
Restarting L-BFGS optimiser, instance: dimer rotation
Next calculation will be the dimer  midpoint
dl-find/turbomole/=============================== Tstep:   78.2 Ttot:26941.6 ==
eandg
Spin: 
 Energy calculation finished, energy: -2.138690533E+03
Testing convergence of dimer midpoint in cycle   94
    Energy  1.5262E-05 Target: 1.0000E-06 converged?   no
  Max step  1.0951E-01 Target: 1.8000E-03 converged?   no component   241
  RMS step  1.9357E-02 Target: 1.2000E-03 converged?   no
  Max grad  7.0952E-04 Target: 4.5000E-04 converged?   no component   244
  RMS grad  1.3893E-04 Target: 3.0000E-04 converged?  yes
Next calculation will be the dimer endpoint before rotation
dl-find/turbomole/=============================== Tstep:   99.3 Ttot:27040.9 ==
eandg
Spin: 
 Energy calculation finished, energy: -2.138690533E+03
Curvature at dimer midpoint                   -0.00256
Predicted dimer rotation angle:      7.052 deg
Next calculation will be the dimer endpoint after rotation
dl-find/turbomole/=============================== Tstep:   95.6 Ttot:27136.5 ==
eandg
Spin: 
 Energy calculation finished, energy: -2.138690533E+03
Curvature at dimer midpoint after rotation     0.00001
Curvature at dimer minimum                    -0.00256
Actual dimer rotation angle:         0.203 deg
Dimer rotation converged after    1 steps
Writing TS-mode
Curvature after dimer rotation:               -0.00256
Frequency of transition mode  -260.050 cm^-1 (negative value denotes imaginary frequency)
Crossover temperature for tunnelling       59.54841 K
Restarting L-BFGS optimiser, instance: dimer rotation
Next calculation will be the dimer  midpoint
dl-find/turbomole/=============================== Tstep:   84.4 Ttot:27220.9 ==
eandg
Spin: 
 Energy calculation finished, energy: -2.138690509E+03
Testing convergence of dimer midpoint in cycle   95
    Energy  2.3269E-05 Target: 1.0000E-06 converged?   no
  Max step  2.4264E-01 Target: 1.8000E-03 converged?   no component   241
  RMS step  4.2951E-02 Target: 1.2000E-03 converged?   no
  Max grad  1.8934E-03 Target: 4.5000E-04 converged?   no component    80
  RMS grad  3.5551E-04 Target: 3.0000E-04 converged?   no
Next calculation will be the dimer endpoint before rotation
dl-find/turbomole/=============================== Tstep:  129.4 Ttot:27350.3 ==
eandg
Spin: 
 Energy calculation finished, energy: -2.138690509E+03
Curvature at dimer midpoint                   -0.00260
Predicted dimer rotation angle:     12.021 deg
Next calculation will be the dimer endpoint after rotation
dl-find/turbomole/=============================== Tstep:   95.4 Ttot:27445.8 ==
eandg
Spin: 
 Energy calculation finished, energy: -2.138690510E+03
Curvature at dimer midpoint after rotation     0.00934
Curvature at dimer minimum                    -0.00261
Actual dimer rotation angle:         0.233 deg
Dimer rotation converged after    1 steps
Writing TS-mode
Curvature after dimer rotation:               -0.00261
Frequency of transition mode  -262.540 cm^-1 (negative value denotes imaginary frequency)
Crossover temperature for tunnelling       60.11854 K
Restarting L-BFGS optimiser, instance: dimer rotation
Next calculation will be the dimer  midpoint
dl-find/turbomole/=============================== Tstep:   89.6 Ttot:27535.3 ==
eandg
Spin: 
 Energy calculation finished, energy: -2.138690558E+03
Testing convergence of dimer midpoint in cycle   96
    Energy  4.8906E-05 Target: 1.0000E-06 converged?   no
  Max step  1.6788E-02 Target: 1.8000E-03 converged?   no component   229
  RMS step  3.6298E-03 Target: 1.2000E-03 converged?   no
  Max grad  3.9979E-04 Target: 4.5000E-04 converged?  yes component    57
  RMS grad  1.1766E-04 Target: 3.0000E-04 converged?  yes
Next calculation will be the dimer endpoint before rotation
dl-find/turbomole/=============================== Tstep:  117.3 Ttot:27652.7 ==
eandg
Spin: 
 Energy calculation finished, energy: -2.138690558E+03
Curvature at dimer midpoint                   -0.00257
Predicted dimer rotation angle:      6.966 deg
Next calculation will be the dimer endpoint after rotation
dl-find/turbomole/=============================== Tstep:   94.4 Ttot:27747.1 ==
eandg
Spin: 
 Energy calculation finished, energy: -2.138690557E+03
Curvature at dimer midpoint after rotation    -0.00000
Curvature at dimer minimum                    -0.00257
Actual dimer rotation angle:         0.198 deg
Dimer rotation converged after    1 steps
Writing TS-mode
Curvature after dimer rotation:               -0.00257
Frequency of transition mode  -260.787 cm^-1 (negative value denotes imaginary frequency)
Crossover temperature for tunnelling       59.71718 K
Restarting L-BFGS optimiser, instance: dimer rotation
Next calculation will be the dimer  midpoint
dl-find/turbomole/=============================== Tstep:   65.0 Ttot:27812.1 ==
eandg
Spin: 
 Energy calculation finished, energy: -2.138690574E+03
Testing convergence of dimer midpoint in cycle   97
    Energy  1.5463E-05 Target: 1.0000E-06 converged?   no
  Max step  3.0357E-02 Target: 1.8000E-03 converged?   no component   241
  RMS step  5.3469E-03 Target: 1.2000E-03 converged?   no
  Max grad  2.3841E-04 Target: 4.5000E-04 converged?  yes component   243
  RMS grad  8.4582E-05 Target: 3.0000E-04 converged?  yes
Next calculation will be the dimer endpoint before rotation
dl-find/turbomole/=============================== Tstep:  113.1 Ttot:27925.2 ==
eandg
Spin: 
 Energy calculation finished, energy: -2.138690575E+03
Curvature at dimer midpoint                   -0.00257
Predicted dimer rotation angle:      8.436 deg
Next calculation will be the dimer endpoint after rotation
dl-find/turbomole/=============================== Tstep:   95.7 Ttot:28020.8 ==
eandg
Spin: 
 Energy calculation finished, energy: -2.138690573E+03
Curvature at dimer midpoint after rotation     0.00261
Curvature at dimer minimum                    -0.00258
Actual dimer rotation angle:         0.178 deg
Dimer rotation converged after    1 steps
Writing TS-mode
Curvature after dimer rotation:               -0.00258
Frequency of transition mode  -260.930 cm^-1 (negative value denotes imaginary frequency)
Crossover temperature for tunnelling       59.74999 K
Restarting L-BFGS optimiser, instance: dimer rotation
Next calculation will be the dimer  midpoint
dl-find/turbomole/=============================== Tstep:   74.5 Ttot:28095.3 ==
eandg
Spin: 
 Energy calculation finished, energy: -2.138690597E+03
Testing convergence of dimer midpoint in cycle   98
    Energy  2.3248E-05 Target: 1.0000E-06 converged?   no
  Max step  2.0182E-02 Target: 1.8000E-03 converged?   no component   231
  RMS step  4.3671E-03 Target: 1.2000E-03 converged?   no
  Max grad  5.1473E-04 Target: 4.5000E-04 converged?   no component    46
  RMS grad  1.1009E-04 Target: 3.0000E-04 converged?  yes
Next calculation will be the dimer endpoint before rotation
dl-find/turbomole/=============================== Tstep:  115.1 Ttot:28210.4 ==
eandg
Spin: 
 Energy calculation finished, energy: -2.138690596E+03
Curvature at dimer midpoint                   -0.00254
Predicted dimer rotation angle:      7.845 deg
Next calculation will be the dimer endpoint after rotation
dl-find/turbomole/=============================== Tstep:  102.5 Ttot:28312.9 ==
eandg
Spin: 
 Energy calculation finished, energy: -2.138690595E+03
Curvature at dimer midpoint after rotation     0.00283
Curvature at dimer minimum                    -0.00254
Actual dimer rotation angle:         0.137 deg
Dimer rotation converged after    1 steps
Writing TS-mode
Curvature after dimer rotation:               -0.00254
Frequency of transition mode  -259.240 cm^-1 (negative value denotes imaginary frequency)
Crossover temperature for tunnelling       59.36304 K
Restarting L-BFGS optimiser, instance: dimer rotation
Next calculation will be the dimer  midpoint
dl-find/turbomole/=============================== Tstep:   83.3 Ttot:28396.2 ==
eandg
Spin: 
 Energy calculation finished, energy: -2.138690584E+03
Testing convergence of dimer midpoint in cycle   99
    Energy  1.3234E-05 Target: 1.0000E-06 converged?   no
  Max step  1.6095E-01 Target: 1.8000E-03 converged?   no component   241
  RMS step  2.7968E-02 Target: 1.2000E-03 converged?   no
  Max grad  1.0251E-03 Target: 4.5000E-04 converged?   no component   123
  RMS grad  1.8038E-04 Target: 3.0000E-04 converged?  yes
Next calculation will be the dimer endpoint before rotation
dl-find/turbomole/=============================== Tstep:  116.7 Ttot:28512.9 ==
eandg
Spin: 
 Energy calculation finished, energy: -2.138690584E+03
Curvature at dimer midpoint                   -0.00247
Predicted dimer rotation angle:      7.660 deg
Next calculation will be the dimer endpoint after rotation
dl-find/turbomole/=============================== Tstep:  102.8 Ttot:28615.7 ==
eandg
Spin: 
 Energy calculation finished, energy: -2.138690584E+03
Curvature at dimer midpoint after rotation     0.00111
Curvature at dimer minimum                    -0.00247
Actual dimer rotation angle:         0.183 deg
Dimer rotation converged after    1 steps
Writing TS-mode
Curvature after dimer rotation:               -0.00247
Frequency of transition mode  -255.547 cm^-1 (negative value denotes imaginary frequency)
Crossover temperature for tunnelling       58.51738 K
Restarting L-BFGS optimiser, instance: dimer rotation
Next calculation will be the dimer  midpoint
dl-find/turbomole/=============================== Tstep:   79.1 Ttot:28694.8 ==
eandg
Spin: 
 Energy calculation finished, energy: -2.138690613E+03
Testing convergence of dimer midpoint in cycle  100
    Energy  2.9204E-05 Target: 1.0000E-06 converged?   no
  Max step  2.2668E-02 Target: 1.8000E-03 converged?   no component   231
  RMS step  4.9368E-03 Target: 1.2000E-03 converged?   no
  Max grad  4.0298E-04 Target: 4.5000E-04 converged?  yes component   244
  RMS grad  9.8376E-05 Target: 3.0000E-04 converged?  yes
Next calculation will be the dimer endpoint before rotation
dl-find/turbomole/=============================== Tstep:  108.3 Ttot:28803.0 ==
eandg
Spin: 
 Energy calculation finished, energy: -2.138690613E+03
Curvature at dimer midpoint                   -0.00245
Predicted dimer rotation angle:      7.252 deg
Next calculation will be the dimer endpoint after rotation
dl-find/turbomole/=============================== Tstep:  102.7 Ttot:28905.7 ==
eandg
Spin: 
 Energy calculation finished, energy: -2.138690611E+03
Curvature at dimer midpoint after rotation     0.00136
Curvature at dimer minimum                    -0.00245
Actual dimer rotation angle:         0.146 deg
Dimer rotation converged after    1 steps
Writing TS-mode
Curvature after dimer rotation:               -0.00245
Frequency of transition mode  -254.575 cm^-1 (negative value denotes imaginary frequency)
Crossover temperature for tunnelling       58.29475 K
Restarting L-BFGS optimiser, instance: dimer rotation
Next calculation will be the dimer  midpoint
dl-find/turbomole/=============================== Tstep:   83.3 Ttot:28989.0 ==
eandg
Spin: 
 Energy calculation finished, energy: -2.138690631E+03
Testing convergence of dimer midpoint in cycle  101
    Energy  1.8493E-05 Target: 1.0000E-06 converged?   no
  Max step  2.0171E-02 Target: 1.8000E-03 converged?   no component   229
  RMS step  5.0002E-03 Target: 1.2000E-03 converged?   no
  Max grad  3.0043E-04 Target: 4.5000E-04 converged?  yes component    46
  RMS grad  7.4461E-05 Target: 3.0000E-04 converged?  yes
Next calculation will be the dimer endpoint before rotation
dl-find/turbomole/=============================== Tstep:  109.8 Ttot:29098.8 ==
eandg
Spin: 
 Energy calculation finished, energy: -2.138690631E+03
Curvature at dimer midpoint                   -0.00242
Predicted dimer rotation angle:      4.589 deg
Next calculation will be the dimer endpoint after rotation
dl-find/turbomole/=============================== Tstep:  102.3 Ttot:29201.1 ==
eandg
Spin: 
 Energy calculation finished, energy: -2.138690631E+03
Curvature at dimer midpoint after rotation    -0.00180
Curvature at dimer minimum                    -0.00242
Actual dimer rotation angle:         0.211 deg
Dimer rotation converged after    1 steps
Writing TS-mode
Curvature after dimer rotation:               -0.00242
Frequency of transition mode  -253.038 cm^-1 (negative value denotes imaginary frequency)
Crossover temperature for tunnelling       57.94286 K
Restarting L-BFGS optimiser, instance: dimer rotation
Next calculation will be the dimer  midpoint
dl-find/turbomole/=============================== Tstep:   69.0 Ttot:29270.0 ==
eandg
Spin: 
 Energy calculation finished, energy: -2.138690637E+03
Testing convergence of dimer midpoint in cycle  102
    Energy  5.9170E-06 Target: 1.0000E-06 converged?   no
  Max step  6.9508E-02 Target: 1.8000E-03 converged?   no component   241
  RMS step  1.2512E-02 Target: 1.2000E-03 converged?   no
  Max grad  4.9329E-04 Target: 4.5000E-04 converged?   no component   123
  RMS grad  9.1328E-05 Target: 3.0000E-04 converged?  yes
Next calculation will be the dimer endpoint before rotation
dl-find/turbomole/=============================== Tstep:  106.7 Ttot:29376.7 ==
eandg
Spin: 
 Energy calculation finished, energy: -2.138690636E+03
Curvature at dimer midpoint                   -0.00238
Predicted dimer rotation angle:      6.112 deg
Next calculation will be the dimer endpoint after rotation
dl-find/turbomole/=============================== Tstep:  101.7 Ttot:29478.5 ==
eandg
Spin: 
 Energy calculation finished, energy: -2.138690636E+03
Curvature at dimer midpoint after rotation     0.00028
Curvature at dimer minimum                    -0.00238
Actual dimer rotation angle:         0.121 deg
Dimer rotation converged after    1 steps
Writing TS-mode
Curvature after dimer rotation:               -0.00238
Frequency of transition mode  -250.683 cm^-1 (negative value denotes imaginary frequency)
Crossover temperature for tunnelling       57.40359 K
Restarting L-BFGS optimiser, instance: dimer rotation
Next calculation will be the dimer  midpoint
dl-find/turbomole/=============================== Tstep:   83.2 Ttot:29561.7 ==
eandg
Spin: 
 Energy calculation finished, energy: -2.138690652E+03
Testing convergence of dimer midpoint in cycle  103
    Energy  1.4296E-05 Target: 1.0000E-06 converged?   no
  Max step  5.5152E-02 Target: 1.8000E-03 converged?   no component   241
  RMS step  1.1950E-02 Target: 1.2000E-03 converged?   no
  Max grad  1.3518E-03 Target: 4.5000E-04 converged?   no component   244
  RMS grad  1.6758E-04 Target: 3.0000E-04 converged?  yes
Next calculation will be the dimer endpoint before rotation
dl-find/turbomole/=============================== Tstep:  113.2 Ttot:29674.9 ==
eandg
Spin: 
 Energy calculation finished, energy: -2.138690651E+03
Curvature at dimer midpoint                   -0.00236
Predicted dimer rotation angle:      5.349 deg
Next calculation will be the dimer endpoint after rotation
dl-find/turbomole/=============================== Tstep:   95.1 Ttot:29770.0 ==
eandg
Spin: 
 Energy calculation finished, energy: -2.138690651E+03
Curvature at dimer midpoint after rotation    -0.00094
Curvature at dimer minimum                    -0.00236
Actual dimer rotation angle:         0.148 deg
Dimer rotation converged after    1 steps
Writing TS-mode
Curvature after dimer rotation:               -0.00236
Frequency of transition mode  -249.539 cm^-1 (negative value denotes imaginary frequency)
Crossover temperature for tunnelling       57.14165 K
Restarting L-BFGS optimiser, instance: dimer rotation
Next calculation will be the dimer  midpoint
dl-find/turbomole/=============================== Tstep:   70.1 Ttot:29840.1 ==
eandg
Spin: 
 Energy calculation finished, energy: -2.138690672E+03
Testing convergence of dimer midpoint in cycle  104
    Energy  2.0255E-05 Target: 1.0000E-06 converged?   no
  Max step  1.6590E-02 Target: 1.8000E-03 converged?   no component   241
  RMS step  4.2089E-03 Target: 1.2000E-03 converged?   no
  Max grad  4.0257E-04 Target: 4.5000E-04 converged?  yes component    46
  RMS grad  9.3415E-05 Target: 3.0000E-04 converged?  yes
Next calculation will be the dimer endpoint before rotation
dl-find/turbomole/=============================== Tstep:  110.1 Ttot:29950.2 ==
eandg
Spin: 
 Energy calculation finished, energy: -2.138690671E+03
Curvature at dimer midpoint                   -0.00235
Predicted dimer rotation angle:      5.412 deg
Next calculation will be the dimer endpoint after rotation
dl-find/turbomole/=============================== Tstep:  102.4 Ttot:30052.7 ==
eandg
Spin: 
 Energy calculation finished, energy: -2.138690671E+03
Curvature at dimer midpoint after rotation    -0.00070
Curvature at dimer minimum                    -0.00235
Actual dimer rotation angle:         0.132 deg
Dimer rotation converged after    1 steps
Writing TS-mode
Curvature after dimer rotation:               -0.00235
Frequency of transition mode  -249.251 cm^-1 (negative value denotes imaginary frequency)
Crossover temperature for tunnelling       57.07565 K
Restarting L-BFGS optimiser, instance: dimer rotation
Next calculation will be the dimer  midpoint
dl-find/turbomole/=============================== Tstep:   79.0 Ttot:30131.7 ==
eandg
Spin: 
 Energy calculation finished, energy: -2.138690676E+03
Testing convergence of dimer midpoint in cycle  105
    Energy  4.5760E-06 Target: 1.0000E-06 converged?   no
  Max step  5.2894E-02 Target: 1.8000E-03 converged?   no component   241
  RMS step  9.4092E-03 Target: 1.2000E-03 converged?   no
  Max grad  2.8911E-04 Target: 4.5000E-04 converged?  yes component    46
  RMS grad  8.3331E-05 Target: 3.0000E-04 converged?  yes
Next calculation will be the dimer endpoint before rotation
dl-find/turbomole/=============================== Tstep:  114.5 Ttot:30246.1 ==
eandg
Spin: 
 Energy calculation finished, energy: -2.138690676E+03
Curvature at dimer midpoint                   -0.00235
Predicted dimer rotation angle:      6.798 deg
Next calculation will be the dimer endpoint after rotation
dl-find/turbomole/=============================== Tstep:  103.1 Ttot:30349.3 ==
eandg
Spin: 
 Energy calculation finished, energy: -2.138690676E+03
Curvature at dimer midpoint after rotation     0.00116
Curvature at dimer minimum                    -0.00235
Actual dimer rotation angle:         0.125 deg
Dimer rotation converged after    1 steps
Writing TS-mode
Curvature after dimer rotation:               -0.00235
Frequency of transition mode  -249.367 cm^-1 (negative value denotes imaginary frequency)
Crossover temperature for tunnelling       57.10218 K
Restarting L-BFGS optimiser, instance: dimer rotation
Next calculation will be the dimer  midpoint
dl-find/turbomole/=============================== Tstep:   75.2 Ttot:30424.4 ==
eandg
Spin: 
 Energy calculation finished, energy: -2.138690700E+03
Testing convergence of dimer midpoint in cycle  106
    Energy  2.3353E-05 Target: 1.0000E-06 converged?   no
  Max step  1.7927E-02 Target: 1.8000E-03 converged?   no component   241
  RMS step  4.4168E-03 Target: 1.2000E-03 converged?   no
  Max grad  4.0536E-04 Target: 4.5000E-04 converged?  yes component    83
  RMS grad  9.8080E-05 Target: 3.0000E-04 converged?  yes
Next calculation will be the dimer endpoint before rotation
dl-find/turbomole/=============================== Tstep:  109.4 Ttot:30533.8 ==
eandg
Spin: 
 Energy calculation finished, energy: -2.138690699E+03
Curvature at dimer midpoint                   -0.00234
Predicted dimer rotation angle:      4.442 deg
Next calculation will be the dimer endpoint after rotation
dl-find/turbomole/=============================== Tstep:   94.2 Ttot:30628.0 ==
eandg
Spin: 
 Energy calculation finished, energy: -2.138690699E+03
Curvature at dimer midpoint after rotation    -0.00177
Curvature at dimer minimum                    -0.00234
Actual dimer rotation angle:         0.200 deg
Dimer rotation converged after    1 steps
Writing TS-mode
Curvature after dimer rotation:               -0.00234
Frequency of transition mode  -248.843 cm^-1 (negative value denotes imaginary frequency)
Crossover temperature for tunnelling       56.98217 K
Restarting L-BFGS optimiser, instance: dimer rotation
Next calculation will be the dimer  midpoint
dl-find/turbomole/=============================== Tstep:   72.5 Ttot:30700.6 ==
eandg
Spin: 
 Energy calculation finished, energy: -2.138690731E+03
Testing convergence of dimer midpoint in cycle  107
    Energy  3.1221E-05 Target: 1.0000E-06 converged?   no
  Max step  1.1042E-01 Target: 1.8000E-03 converged?   no component   241
  RMS step  2.0634E-02 Target: 1.2000E-03 converged?   no
  Max grad  1.0243E-03 Target: 4.5000E-04 converged?   no component    97
  RMS grad  1.7410E-04 Target: 3.0000E-04 converged?  yes
Next calculation will be the dimer endpoint before rotation
dl-find/turbomole/=============================== Tstep:  116.0 Ttot:30816.6 ==
eandg
Spin: 
 Energy calculation finished, energy: -2.138690730E+03
Curvature at dimer midpoint                   -0.00229
Predicted dimer rotation angle:      9.222 deg
Next calculation will be the dimer endpoint after rotation
dl-find/turbomole/=============================== Tstep:   92.6 Ttot:30909.2 ==
eandg
Spin: 
 Energy calculation finished, energy: -2.138690730E+03
Curvature at dimer midpoint after rotation     0.00573
Curvature at dimer minimum                    -0.00229
Actual dimer rotation angle:         0.136 deg
Dimer rotation converged after    1 steps
Writing TS-mode
Curvature after dimer rotation:               -0.00229
Frequency of transition mode  -246.150 cm^-1 (negative value denotes imaginary frequency)
Crossover temperature for tunnelling       56.36552 K
Restarting L-BFGS optimiser, instance: dimer rotation
Next calculation will be the dimer  midpoint
dl-find/turbomole/=============================== Tstep:   79.9 Ttot:30989.1 ==
eandg
Spin: 
 Energy calculation finished, energy: -2.138690745E+03
Testing convergence of dimer midpoint in cycle  108
    Energy  1.4444E-05 Target: 1.0000E-06 converged?   no
  Max step  6.7411E-02 Target: 1.8000E-03 converged?   no component   241
  RMS step  1.4217E-02 Target: 1.2000E-03 converged?   no
  Max grad  3.8021E-04 Target: 4.5000E-04 converged?  yes component   190
  RMS grad  1.1638E-04 Target: 3.0000E-04 converged?  yes
Next calculation will be the dimer endpoint before rotation
dl-find/turbomole/=============================== Tstep:  121.0 Ttot:31110.1 ==
eandg
Spin: 
 Energy calculation finished, energy: -2.138690745E+03
Curvature at dimer midpoint                   -0.00225
Predicted dimer rotation angle:      5.663 deg
Next calculation will be the dimer endpoint after rotation
dl-find/turbomole/=============================== Tstep:  103.5 Ttot:31213.6 ==
eandg
Spin: 
 Energy calculation finished, energy: -2.138690745E+03
Curvature at dimer midpoint after rotation    -0.00088
Curvature at dimer minimum                    -0.00226
Actual dimer rotation angle:         0.173 deg
Dimer rotation converged after    1 steps
Writing TS-mode
Curvature after dimer rotation:               -0.00226
Frequency of transition mode  -244.136 cm^-1 (negative value denotes imaginary frequency)
Crossover temperature for tunnelling       55.90424 K
Restarting L-BFGS optimiser, instance: dimer rotation
Next calculation will be the dimer  midpoint
dl-find/turbomole/=============================== Tstep:   78.4 Ttot:31292.0 ==
eandg
Spin: 
 Energy calculation finished, energy: -2.138690765E+03
Testing convergence of dimer midpoint in cycle  109
    Energy  1.9456E-05 Target: 1.0000E-06 converged?   no
  Max step  1.3042E-02 Target: 1.8000E-03 converged?   no component   237
  RMS step  3.7503E-03 Target: 1.2000E-03 converged?   no
  Max grad  2.3694E-04 Target: 4.5000E-04 converged?  yes component    49
  RMS grad  8.3494E-05 Target: 3.0000E-04 converged?  yes
Next calculation will be the dimer endpoint before rotation
dl-find/turbomole/=============================== Tstep:   96.1 Ttot:31388.1 ==
eandg
Spin: 
 Energy calculation finished, energy: -2.138690764E+03
Curvature at dimer midpoint                   -0.00218
Predicted dimer rotation angle:      6.078 deg
Next calculation will be the dimer endpoint after rotation
dl-find/turbomole/=============================== Tstep:   94.3 Ttot:31482.4 ==
eandg
Spin: 
 Energy calculation finished, energy: -2.138690764E+03
Curvature at dimer midpoint after rotation    -0.00007
Curvature at dimer minimum                    -0.00218
Actual dimer rotation angle:         0.137 deg
Dimer rotation converged after    1 steps
Writing TS-mode
Curvature after dimer rotation:               -0.00218
Frequency of transition mode  -240.143 cm^-1 (negative value denotes imaginary frequency)
Crossover temperature for tunnelling       54.99002 K
Restarting L-BFGS optimiser, instance: dimer rotation
Next calculation will be the dimer  midpoint
dl-find/turbomole/=============================== Tstep:   65.4 Ttot:31547.8 ==
eandg
Spin: 
 Energy calculation finished, energy: -2.138690780E+03
Testing convergence of dimer midpoint in cycle  110
    Energy  1.5295E-05 Target: 1.0000E-06 converged?   no
  Max step  8.2653E-02 Target: 1.8000E-03 converged?   no component   241
  RMS step  1.6164E-02 Target: 1.2000E-03 converged?   no
  Max grad  3.7222E-04 Target: 4.5000E-04 converged?  yes component    83
  RMS grad  9.4608E-05 Target: 3.0000E-04 converged?  yes
Next calculation will be the dimer endpoint before rotation
dl-find/turbomole/=============================== Tstep:  116.9 Ttot:31664.7 ==
eandg
Spin: 
 Energy calculation finished, energy: -2.138690779E+03
Curvature at dimer midpoint                   -0.00216
Predicted dimer rotation angle:      8.836 deg
Next calculation will be the dimer endpoint after rotation
dl-find/turbomole/=============================== Tstep:  104.7 Ttot:31769.4 ==
eandg
Spin: 
 Energy calculation finished, energy: -2.138690778E+03
Curvature at dimer midpoint after rotation     0.00480
Curvature at dimer minimum                    -0.00217
Actual dimer rotation angle:         0.130 deg
Dimer rotation converged after    1 steps
Writing TS-mode
Curvature after dimer rotation:               -0.00217
Frequency of transition mode  -239.257 cm^-1 (negative value denotes imaginary frequency)
Crossover temperature for tunnelling       54.78710 K
Restarting L-BFGS optimiser, instance: dimer rotation
Next calculation will be the dimer  midpoint
dl-find/turbomole/=============================== Tstep:   80.7 Ttot:31850.1 ==
eandg
Spin: 
 Energy calculation finished, energy: -2.138690789E+03
Testing convergence of dimer midpoint in cycle  111
    Energy  9.1150E-06 Target: 1.0000E-06 converged?   no
  Max step  4.8103E-02 Target: 1.8000E-03 converged?   no component   241
  RMS step  1.0558E-02 Target: 1.2000E-03 converged?   no
  Max grad  9.4769E-04 Target: 4.5000E-04 converged?   no component   253
  RMS grad  1.7402E-04 Target: 3.0000E-04 converged?  yes
Next calculation will be the dimer endpoint before rotation
dl-find/turbomole/=============================== Tstep:  119.3 Ttot:31969.4 ==
eandg
Spin: 
 Energy calculation finished, energy: -2.138690788E+03
Curvature at dimer midpoint                   -0.00216
Predicted dimer rotation angle:      4.704 deg
Next calculation will be the dimer endpoint after rotation
dl-find/turbomole/=============================== Tstep:  102.1 Ttot:32071.5 ==
eandg
Spin: 
 Energy calculation finished, energy: -2.138690788E+03
Curvature at dimer midpoint after rotation    -0.00186
Curvature at dimer minimum                    -0.00216
Actual dimer rotation angle:         0.394 deg
Dimer rotation converged after    1 steps
Writing TS-mode
Curvature after dimer rotation:               -0.00216
Frequency of transition mode  -238.769 cm^-1 (negative value denotes imaginary frequency)
Crossover temperature for tunnelling       54.67530 K
Restarting L-BFGS optimiser, instance: dimer rotation
Next calculation will be the dimer  midpoint
dl-find/turbomole/=============================== Tstep:   69.3 Ttot:32140.8 ==
eandg
Spin: 
 Energy calculation finished, energy: -2.138690816E+03
Testing convergence of dimer midpoint in cycle  112
    Energy  2.6357E-05 Target: 1.0000E-06 converged?   no
  Max step  1.8534E-02 Target: 1.8000E-03 converged?   no component   243
  RMS step  2.8705E-03 Target: 1.2000E-03 converged?   no
  Max grad  4.3055E-04 Target: 4.5000E-04 converged?  yes component   253
  RMS grad  1.0289E-04 Target: 3.0000E-04 converged?  yes
Next calculation will be the dimer endpoint before rotation
dl-find/turbomole/=============================== Tstep:  108.8 Ttot:32249.6 ==
eandg
Spin: 
 Energy calculation finished, energy: -2.138690815E+03
Curvature at dimer midpoint                   -0.00218
Predicted dimer rotation angle:      8.336 deg
Next calculation will be the dimer endpoint after rotation
dl-find/turbomole/=============================== Tstep:  102.8 Ttot:32352.3 ==
eandg
Spin: 
 Energy calculation finished, energy: -2.138690814E+03
Curvature at dimer midpoint after rotation     0.00526
Curvature at dimer minimum                    -0.00218
Actual dimer rotation angle:         0.103 deg
Dimer rotation converged after    1 steps
Writing TS-mode
Curvature after dimer rotation:               -0.00218
Frequency of transition mode  -239.859 cm^-1 (negative value denotes imaginary frequency)
Crossover temperature for tunnelling       54.92489 K
Restarting L-BFGS optimiser, instance: dimer rotation
Next calculation will be the dimer  midpoint
dl-find/turbomole/=============================== Tstep:   89.7 Ttot:32442.0 ==
eandg
Spin: 
 Energy calculation finished, energy: -2.138690865E+03
Testing convergence of dimer midpoint in cycle  113
    Energy  4.9800E-05 Target: 1.0000E-06 converged?   no
  Max step  7.9229E-02 Target: 1.8000E-03 converged?   no component   241
  RMS step  1.5038E-02 Target: 1.2000E-03 converged?   no
  Max grad  2.5355E-04 Target: 4.5000E-04 converged?  yes component   106
  RMS grad  9.2597E-05 Target: 3.0000E-04 converged?  yes
Next calculation will be the dimer endpoint before rotation
dl-find/turbomole/=============================== Tstep:  113.3 Ttot:32555.3 ==
eandg
Spin: 
 Energy calculation finished, energy: -2.138690865E+03
Curvature at dimer midpoint                   -0.00221
Predicted dimer rotation angle:      3.948 deg
Next calculation will be the dimer endpoint after rotation
dl-find/turbomole/=============================== Tstep:  103.4 Ttot:32658.8 ==
eandg
Spin: 
 Energy calculation finished, energy: -2.138690865E+03
Curvature at dimer midpoint after rotation    -0.00157
Curvature at dimer minimum                    -0.00221
Actual dimer rotation angle:         0.123 deg
Dimer rotation converged after    1 steps
Writing TS-mode
Curvature after dimer rotation:               -0.00221
Frequency of transition mode  -241.727 cm^-1 (negative value denotes imaginary frequency)
Crossover temperature for tunnelling       55.35266 K
Restarting L-BFGS optimiser, instance: dimer rotation
Next calculation will be the dimer  midpoint
dl-find/turbomole/=============================== Tstep:   78.5 Ttot:32737.2 ==
eandg
Spin: 
 Energy calculation finished, energy: -2.138690878E+03
Testing convergence of dimer midpoint in cycle  114
    Energy  1.2893E-05 Target: 1.0000E-06 converged?   no
  Max step  3.7489E-02 Target: 1.8000E-03 converged?   no component   241
  RMS step  8.5977E-03 Target: 1.2000E-03 converged?   no
  Max grad  4.8265E-04 Target: 4.5000E-04 converged?   no component    83
  RMS grad  1.2402E-04 Target: 3.0000E-04 converged?  yes
Next calculation will be the dimer endpoint before rotation
dl-find/turbomole/=============================== Tstep:  111.1 Ttot:32848.3 ==
eandg
Spin: 
 Energy calculation finished, energy: -2.138690878E+03
Curvature at dimer midpoint                   -0.00224
Predicted dimer rotation angle:      4.321 deg
Next calculation will be the dimer endpoint after rotation
dl-find/turbomole/=============================== Tstep:   95.1 Ttot:32943.4 ==
eandg
Spin: 
 Energy calculation finished, energy: -2.138690878E+03
Curvature at dimer midpoint after rotation    -0.00118
Curvature at dimer minimum                    -0.00224
Actual dimer rotation angle:         0.100 deg
Dimer rotation converged after    1 steps
Writing TS-mode
Curvature after dimer rotation:               -0.00224
Frequency of transition mode  -243.168 cm^-1 (negative value denotes imaginary frequency)
Crossover temperature for tunnelling       55.68277 K
Restarting L-BFGS optimiser, instance: dimer rotation
Next calculation will be the dimer  midpoint
dl-find/turbomole/=============================== Tstep:   82.8 Ttot:33026.2 ==
eandg
Spin: 
 Energy calculation finished, energy: -2.138690902E+03
Testing convergence of dimer midpoint in cycle  115
    Energy  2.3311E-05 Target: 1.0000E-06 converged?   no
  Max step  1.2310E-01 Target: 1.8000E-03 converged?   no component   241
  RMS step  2.6386E-02 Target: 1.2000E-03 converged?   no
  Max grad  1.2350E-03 Target: 4.5000E-04 converged?   no component    80
  RMS grad  2.4389E-04 Target: 3.0000E-04 converged?  yes
Next calculation will be the dimer endpoint before rotation
dl-find/turbomole/=============================== Tstep:  119.7 Ttot:33145.9 ==
eandg
Spin: 
 Energy calculation finished, energy: -2.138690902E+03
Curvature at dimer midpoint                   -0.00230
Predicted dimer rotation angle:      7.046 deg
Next calculation will be the dimer endpoint after rotation
dl-find/turbomole/=============================== Tstep:  101.9 Ttot:33247.8 ==
eandg
Spin: 
 Energy calculation finished, energy: -2.138690902E+03
Curvature at dimer midpoint after rotation     0.00121
Curvature at dimer minimum                    -0.00230
Actual dimer rotation angle:         0.136 deg
Dimer rotation converged after    1 steps
Writing TS-mode
Curvature after dimer rotation:               -0.00230
Frequency of transition mode  -246.352 cm^-1 (negative value denotes imaginary frequency)
Crossover temperature for tunnelling       56.41167 K
Restarting L-BFGS optimiser, instance: dimer rotation
Next calculation will be the dimer  midpoint
dl-find/turbomole/=============================== Tstep:   78.5 Ttot:33326.3 ==
eandg
Spin: 
 Energy calculation finished, energy: -2.138690950E+03
Testing convergence of dimer midpoint in cycle  116
    Energy  4.8211E-05 Target: 1.0000E-06 converged?   no
  Max step  6.1369E-02 Target: 1.8000E-03 converged?   no component   243
  RMS step  1.4021E-02 Target: 1.2000E-03 converged?   no
  Max grad  7.0871E-04 Target: 4.5000E-04 converged?   no component    83
  RMS grad  1.5308E-04 Target: 3.0000E-04 converged?  yes
Next calculation will be the dimer endpoint before rotation
dl-find/turbomole/=============================== Tstep:  114.0 Ttot:33440.3 ==
eandg
Spin: 
 Energy calculation finished, energy: -2.138690950E+03
Curvature at dimer midpoint                   -0.00231
Predicted dimer rotation angle:      4.928 deg
Next calculation will be the dimer endpoint after rotation
dl-find/turbomole/=============================== Tstep:  102.3 Ttot:33542.7 ==
eandg
Spin: 
 Energy calculation finished, energy: -2.138690950E+03
Curvature at dimer midpoint after rotation    -0.00153
Curvature at dimer minimum                    -0.00231
Actual dimer rotation angle:         0.201 deg
Dimer rotation converged after    1 steps
Writing TS-mode
Curvature after dimer rotation:               -0.00231
Frequency of transition mode  -247.175 cm^-1 (negative value denotes imaginary frequency)
Crossover temperature for tunnelling       56.60026 K
Restarting L-BFGS optimiser, instance: dimer rotation
Next calculation will be the dimer  midpoint
dl-find/turbomole/=============================== Tstep:   78.9 Ttot:33621.6 ==
eandg
Spin: 
 Energy calculation finished, energy: -2.138690975E+03
Testing convergence of dimer midpoint in cycle  117
    Energy  2.5396E-05 Target: 1.0000E-06 converged?   no
  Max step  5.0880E-02 Target: 1.8000E-03 converged?   no component   196
  RMS step  1.1983E-02 Target: 1.2000E-03 converged?   no
  Max grad  3.5092E-04 Target: 4.5000E-04 converged?  yes component    64
  RMS grad  1.1218E-04 Target: 3.0000E-04 converged?  yes
Next calculation will be the dimer endpoint before rotation
dl-find/turbomole/=============================== Tstep:  104.6 Ttot:33726.2 ==
eandg
Spin: 
 Energy calculation finished, energy: -2.138690975E+03
Curvature at dimer midpoint                   -0.00226
Predicted dimer rotation angle:      7.442 deg
Next calculation will be the dimer endpoint after rotation
dl-find/turbomole/=============================== Tstep:  104.3 Ttot:33830.5 ==
eandg
Spin: 
 Energy calculation finished, energy: -2.138690975E+03
Curvature at dimer midpoint after rotation     0.00242
Curvature at dimer minimum                    -0.00227
Actual dimer rotation angle:         0.120 deg
Dimer rotation converged after    1 steps
Writing TS-mode
Curvature after dimer rotation:               -0.00227
Frequency of transition mode  -244.703 cm^-1 (negative value denotes imaginary frequency)
Crossover temperature for tunnelling       56.03425 K
Restarting L-BFGS optimiser, instance: dimer rotation
Next calculation will be the dimer  midpoint
dl-find/turbomole/=============================== Tstep:   81.4 Ttot:33911.9 ==
eandg
Spin: 
 Energy calculation finished, energy: -2.138691010E+03
Testing convergence of dimer midpoint in cycle  118
    Energy  3.4881E-05 Target: 1.0000E-06 converged?   no
  Max step  6.6666E-02 Target: 1.8000E-03 converged?   no component   196
  RMS step  1.5501E-02 Target: 1.2000E-03 converged?   no
  Max grad  6.1350E-04 Target: 4.5000E-04 converged?   no component    57
  RMS grad  1.3766E-04 Target: 3.0000E-04 converged?  yes
Next calculation will be the dimer endpoint before rotation
dl-find/turbomole/=============================== Tstep:  113.1 Ttot:34024.9 ==
eandg
Spin: 
 Energy calculation finished, energy: -2.138691010E+03
Curvature at dimer midpoint                   -0.00230
Predicted dimer rotation angle:      4.707 deg
Next calculation will be the dimer endpoint after rotation
dl-find/turbomole/=============================== Tstep:  103.7 Ttot:34128.6 ==
eandg
Spin: 
 Energy calculation finished, energy: -2.138691010E+03
Curvature at dimer midpoint after rotation    -0.00154
Curvature at dimer minimum                    -0.00230
Actual dimer rotation angle:         0.179 deg
Dimer rotation converged after    1 steps
Writing TS-mode
Curvature after dimer rotation:               -0.00230
Frequency of transition mode  -246.445 cm^-1 (negative value denotes imaginary frequency)
Crossover temperature for tunnelling       56.43300 K
Restarting L-BFGS optimiser, instance: dimer rotation
Next calculation will be the dimer  midpoint
dl-find/turbomole/=============================== Tstep:   76.0 Ttot:34204.6 ==
eandg
Spin: 
 Energy calculation finished, energy: -2.138691037E+03
Testing convergence of dimer midpoint in cycle  119
    Energy  2.7194E-05 Target: 1.0000E-06 converged?   no
  Max step  7.3147E-02 Target: 1.8000E-03 converged?   no component    13
  RMS step  1.7180E-02 Target: 1.2000E-03 converged?   no
  Max grad  1.1895E-03 Target: 4.5000E-04 converged?   no component    52
  RMS grad  1.7114E-04 Target: 3.0000E-04 converged?  yes
Next calculation will be the dimer endpoint before rotation
dl-find/turbomole/=============================== Tstep:  117.7 Ttot:34322.3 ==
eandg
Spin: 
 Energy calculation finished, energy: -2.138691037E+03
Curvature at dimer midpoint                   -0.00230
Predicted dimer rotation angle:      7.183 deg
Next calculation will be the dimer endpoint after rotation
dl-find/turbomole/=============================== Tstep:   94.7 Ttot:34416.9 ==
eandg
Spin: 
 Energy calculation finished, energy: -2.138691037E+03
Curvature at dimer midpoint after rotation     0.00212
Curvature at dimer minimum                    -0.00230
Actual dimer rotation angle:         0.115 deg
Dimer rotation converged after    1 steps
Writing TS-mode
Curvature after dimer rotation:               -0.00230
Frequency of transition mode  -246.451 cm^-1 (negative value denotes imaginary frequency)
Crossover temperature for tunnelling       56.43432 K
Restarting L-BFGS optimiser, instance: dimer rotation
Next calculation will be the dimer  midpoint
dl-find/turbomole/=============================== Tstep:   84.6 Ttot:34501.5 ==
eandg
Spin: 
 Energy calculation finished, energy: -2.138691072E+03
Testing convergence of dimer midpoint in cycle  120
    Energy  3.4875E-05 Target: 1.0000E-06 converged?   no
  Max step  2.5424E-02 Target: 1.8000E-03 converged?   no component   241
  RMS step  4.6177E-03 Target: 1.2000E-03 converged?   no
  Max grad  6.1879E-04 Target: 4.5000E-04 converged?   no component    52
  RMS grad  1.1236E-04 Target: 3.0000E-04 converged?  yes
Next calculation will be the dimer endpoint before rotation
dl-find/turbomole/=============================== Tstep:  104.5 Ttot:34606.0 ==
eandg
Spin: 
 Energy calculation finished, energy: -2.138691072E+03
Curvature at dimer midpoint                   -0.00233
Predicted dimer rotation angle:      4.247 deg
Next calculation will be the dimer endpoint after rotation
dl-find/turbomole/=============================== Tstep:  102.8 Ttot:34708.8 ==
eandg
Spin: 
 Energy calculation finished, energy: -2.138691072E+03
Curvature at dimer midpoint after rotation    -0.00157
Curvature at dimer minimum                    -0.00233
Actual dimer rotation angle:         0.135 deg
Dimer rotation converged after    1 steps
Writing TS-mode
Curvature after dimer rotation:               -0.00233
Frequency of transition mode  -248.281 cm^-1 (negative value denotes imaginary frequency)
Crossover temperature for tunnelling       56.85358 K
Restarting L-BFGS optimiser, instance: dimer rotation
Next calculation will be the dimer  midpoint
dl-find/turbomole/=============================== Tstep:   78.9 Ttot:34787.6 ==
eandg
Spin: 
 Energy calculation finished, energy: -2.138691090E+03
Testing convergence of dimer midpoint in cycle  121
    Energy  1.7787E-05 Target: 1.0000E-06 converged?   no
  Max step  4.4632E-02 Target: 1.8000E-03 converged?   no component   196
  RMS step  1.0481E-02 Target: 1.2000E-03 converged?   no
  Max grad  4.1997E-04 Target: 4.5000E-04 converged?  yes component   123
  RMS grad  1.0073E-04 Target: 3.0000E-04 converged?  yes
Next calculation will be the dimer endpoint before rotation
dl-find/turbomole/=============================== Tstep:  120.4 Ttot:34908.1 ==
eandg
Spin: 
 Energy calculation finished, energy: -2.138691091E+03
Curvature at dimer midpoint                   -0.00236
Predicted dimer rotation angle:      6.366 deg
Next calculation will be the dimer endpoint after rotation
dl-find/turbomole/=============================== Tstep:  103.3 Ttot:35011.4 ==
eandg
Spin: 
 Energy calculation finished, energy: -2.138691091E+03
Curvature at dimer midpoint after rotation     0.00105
Curvature at dimer minimum                    -0.00236
Actual dimer rotation angle:         0.106 deg
Dimer rotation converged after    1 steps
Writing TS-mode
Curvature after dimer rotation:               -0.00236
Frequency of transition mode  -249.598 cm^-1 (negative value denotes imaginary frequency)
Crossover temperature for tunnelling       57.15511 K
Restarting L-BFGS optimiser, instance: dimer rotation
Next calculation will be the dimer  midpoint
dl-find/turbomole/=============================== Tstep:   84.5 Ttot:35095.9 ==
eandg
Spin: 
 Energy calculation finished, energy: -2.138691115E+03
Testing convergence of dimer midpoint in cycle  122
    Energy  2.4581E-05 Target: 1.0000E-06 converged?   no
  Max step  5.8973E-02 Target: 1.8000E-03 converged?   no component   241
  RMS step  8.7577E-03 Target: 1.2000E-03 converged?   no
  Max grad  6.5463E-04 Target: 4.5000E-04 converged?   no component    88
  RMS grad  1.1651E-04 Target: 3.0000E-04 converged?  yes
Next calculation will be the dimer endpoint before rotation
dl-find/turbomole/=============================== Tstep:   96.7 Ttot:35192.6 ==
eandg
Spin: 
 Energy calculation finished, energy: -2.138691115E+03
Curvature at dimer midpoint                   -0.00237
Predicted dimer rotation angle:      4.229 deg
Next calculation will be the dimer endpoint after rotation
dl-find/turbomole/=============================== Tstep:  101.4 Ttot:35294.0 ==
eandg
Spin: 
 Energy calculation finished, energy: -2.138691116E+03
Curvature at dimer midpoint after rotation    -0.00154
Curvature at dimer minimum                    -0.00237
Actual dimer rotation angle:         0.124 deg
Dimer rotation converged after    1 steps
Writing TS-mode
Curvature after dimer rotation:               -0.00237
Frequency of transition mode  -250.348 cm^-1 (negative value denotes imaginary frequency)
Crossover temperature for tunnelling       57.32672 K
Restarting L-BFGS optimiser, instance: dimer rotation
Next calculation will be the dimer  midpoint
dl-find/turbomole/=============================== Tstep:   78.2 Ttot:35372.3 ==
eandg
Spin: 
 Energy calculation finished, energy: -2.138691144E+03
Testing convergence of dimer midpoint in cycle  123
    Energy  2.9397E-05 Target: 1.0000E-06 converged?   no
  Max step  2.3304E-02 Target: 1.8000E-03 converged?   no component   196
  RMS step  5.9349E-03 Target: 1.2000E-03 converged?   no
  Max grad  3.3496E-04 Target: 4.5000E-04 converged?  yes component    83
  RMS grad  9.7080E-05 Target: 3.0000E-04 converged?  yes
Next calculation will be the dimer endpoint before rotation
dl-find/turbomole/=============================== Tstep:  115.7 Ttot:35488.0 ==
eandg
Spin: 
 Energy calculation finished, energy: -2.138691145E+03
Curvature at dimer midpoint                   -0.00240
Predicted dimer rotation angle:      4.804 deg
Next calculation will be the dimer endpoint after rotation
dl-find/turbomole/=============================== Tstep:  102.9 Ttot:35590.9 ==
eandg
Spin: 
 Energy calculation finished, energy: -2.138691145E+03
Curvature at dimer midpoint after rotation    -0.00065
Curvature at dimer minimum                    -0.00240
Actual dimer rotation angle:         0.090 deg
Dimer rotation converged after    1 steps
Writing TS-mode
Curvature after dimer rotation:               -0.00240
Frequency of transition mode  -251.779 cm^-1 (negative value denotes imaginary frequency)
Crossover temperature for tunnelling       57.65456 K
Restarting L-BFGS optimiser, instance: dimer rotation
Next calculation will be the dimer  midpoint
dl-find/turbomole/=============================== Tstep:   75.2 Ttot:35666.1 ==
eandg
Spin: 
 Energy calculation finished, energy: -2.138691170E+03
Testing convergence of dimer midpoint in cycle  124
    Energy  2.6295E-05 Target: 1.0000E-06 converged?   no
  Max step  5.6859E-02 Target: 1.8000E-03 converged?   no component   196
  RMS step  1.3049E-02 Target: 1.2000E-03 converged?   no
  Max grad  1.1042E-03 Target: 4.5000E-04 converged?   no component    88
  RMS grad  1.5912E-04 Target: 3.0000E-04 converged?  yes
Next calculation will be the dimer endpoint before rotation
dl-find/turbomole/=============================== Tstep:  118.0 Ttot:35784.1 ==
eandg
Spin: 
 Energy calculation finished, energy: -2.138691171E+03
Curvature at dimer midpoint                   -0.00238
Predicted dimer rotation angle:      3.800 deg
Next calculation will be the dimer endpoint after rotation
dl-find/turbomole/=============================== Tstep:  103.0 Ttot:35887.1 ==
eandg
Spin: 
 Energy calculation finished, energy: -2.138691171E+03
Curvature at dimer midpoint after rotation    -0.00178
Curvature at dimer minimum                    -0.00238
Actual dimer rotation angle:         0.125 deg
Dimer rotation converged after    1 steps
Writing TS-mode
Curvature after dimer rotation:               -0.00238
Frequency of transition mode  -250.703 cm^-1 (negative value denotes imaginary frequency)
Crossover temperature for tunnelling       57.40807 K
Restarting L-BFGS optimiser, instance: dimer rotation
Next calculation will be the dimer  midpoint
dl-find/turbomole/=============================== Tstep:   70.3 Ttot:35957.4 ==
eandg
Spin: 
 Energy calculation finished, energy: -2.138691181E+03
Testing convergence of dimer midpoint in cycle  125
    Energy  1.1057E-05 Target: 1.0000E-06 converged?   no
  Max step  1.1499E-02 Target: 1.8000E-03 converged?   no component   196
  RMS step  3.0683E-03 Target: 1.2000E-03 converged?   no
  Max grad  2.8892E-04 Target: 4.5000E-04 converged?  yes component    43
  RMS grad  8.4382E-05 Target: 3.0000E-04 converged?  yes
Next calculation will be the dimer endpoint before rotation
dl-find/turbomole/=============================== Tstep:  113.7 Ttot:36071.1 ==
eandg
Spin: 
 Energy calculation finished, energy: -2.138691182E+03
Curvature at dimer midpoint                   -0.00235
Predicted dimer rotation angle:      4.637 deg
Next calculation will be the dimer endpoint after rotation
dl-find/turbomole/=============================== Tstep:  103.0 Ttot:36174.1 ==
eandg
Spin: 
 Energy calculation finished, energy: -2.138691183E+03
Curvature at dimer midpoint after rotation    -0.00054
Curvature at dimer minimum                    -0.00235
Actual dimer rotation angle:         0.077 deg
Dimer rotation converged after    1 steps
Writing TS-mode
Curvature after dimer rotation:               -0.00235
Frequency of transition mode  -249.407 cm^-1 (negative value denotes imaginary frequency)
Crossover temperature for tunnelling       57.11143 K
Restarting L-BFGS optimiser, instance: dimer rotation
Next calculation will be the dimer  midpoint
dl-find/turbomole/=============================== Tstep:   79.5 Ttot:36253.6 ==
eandg
Spin: 
 Energy calculation finished, energy: -2.138691189E+03
Testing convergence of dimer midpoint in cycle  126
    Energy  7.2150E-06 Target: 1.0000E-06 converged?   no
  Max step  3.2481E-03 Target: 1.8000E-03 converged?   no component   234
  RMS step  9.4308E-04 Target: 1.2000E-03 converged?  yes
  Max grad  4.2390E-04 Target: 4.5000E-04 converged?  yes component    88
  RMS grad  7.8062E-05 Target: 3.0000E-04 converged?  yes
Next calculation will be the dimer endpoint before rotation
dl-find/turbomole/=============================== Tstep:  108.5 Ttot:36362.1 ==
eandg
Spin: 
 Energy calculation finished, energy: -2.138691190E+03
Curvature at dimer midpoint                   -0.00235
Predicted dimer rotation angle:      2.957 deg
Next calculation will be the dimer endpoint after rotation
dl-find/turbomole/=============================== Tstep:  102.0 Ttot:36464.1 ==
eandg
Spin: 
 Energy calculation finished, energy: -2.138691189E+03
Curvature at dimer midpoint after rotation    -0.00199
Curvature at dimer minimum                    -0.00235
Actual dimer rotation angle:         0.097 deg
Dimer rotation converged after    1 steps
Writing TS-mode
Curvature after dimer rotation:               -0.00235
Frequency of transition mode  -249.293 cm^-1 (negative value denotes imaginary frequency)
Crossover temperature for tunnelling       57.08532 K
Restarting L-BFGS optimiser, instance: dimer rotation
Next calculation will be the dimer  midpoint
dl-find/turbomole/=============================== Tstep:   68.2 Ttot:36532.3 ==
eandg
Spin: 
 Energy calculation finished, energy: -2.138691214E+03
Testing convergence of dimer midpoint in cycle  127
    Energy  2.5248E-05 Target: 1.0000E-06 converged?   no
  Max step  5.0918E-02 Target: 1.8000E-03 converged?   no component    13
  RMS step  1.2289E-02 Target: 1.2000E-03 converged?   no
  Max grad  2.6192E-04 Target: 4.5000E-04 converged?  yes component    65
  RMS grad  8.5271E-05 Target: 3.0000E-04 converged?  yes
Next calculation will be the dimer endpoint before rotation
dl-find/turbomole/=============================== Tstep:  115.5 Ttot:36647.8 ==
eandg
Spin: 
 Energy calculation finished, energy: -2.138691215E+03
Curvature at dimer midpoint                   -0.00231
Predicted dimer rotation angle:      4.750 deg
Next calculation will be the dimer endpoint after rotation
dl-find/turbomole/=============================== Tstep:   93.1 Ttot:36740.9 ==
eandg
Spin: 
 Energy calculation finished, energy: -2.138691216E+03
Curvature at dimer midpoint after rotation    -0.00047
Curvature at dimer minimum                    -0.00231
Actual dimer rotation angle:         0.080 deg
Dimer rotation converged after    1 steps
Writing TS-mode
Curvature after dimer rotation:               -0.00231
Frequency of transition mode  -246.959 cm^-1 (negative value denotes imaginary frequency)
Crossover temperature for tunnelling       56.55068 K
Restarting L-BFGS optimiser, instance: dimer rotation
Next calculation will be the dimer  midpoint
dl-find/turbomole/=============================== Tstep:   75.9 Ttot:36816.8 ==
eandg
Spin: 
 Energy calculation finished, energy: -2.138691225E+03
Testing convergence of dimer midpoint in cycle  128
    Energy  1.0834E-05 Target: 1.0000E-06 converged?   no
  Max step  5.1769E-02 Target: 1.8000E-03 converged?   no component   241
  RMS step  8.1571E-03 Target: 1.2000E-03 converged?   no
  Max grad  1.1075E-03 Target: 4.5000E-04 converged?   no component   249
  RMS grad  2.0268E-04 Target: 3.0000E-04 converged?  yes
Next calculation will be the dimer endpoint before rotation
dl-find/turbomole/=============================== Tstep:  112.9 Ttot:36929.7 ==
eandg
Spin: 
 Energy calculation finished, energy: -2.138691225E+03
Curvature at dimer midpoint                   -0.00236
Predicted dimer rotation angle:      3.532 deg
Next calculation will be the dimer endpoint after rotation
dl-find/turbomole/=============================== Tstep:   99.9 Ttot:37029.7 ==
eandg
Spin: 
 Energy calculation finished, energy: -2.138691225E+03
Curvature at dimer midpoint after rotation    -0.00161
Curvature at dimer minimum                    -0.00236
Actual dimer rotation angle:         0.081 deg
Dimer rotation converged after    1 steps
Writing TS-mode
Curvature after dimer rotation:               -0.00236
Frequency of transition mode  -249.584 cm^-1 (negative value denotes imaginary frequency)
Crossover temperature for tunnelling       57.15194 K
Restarting L-BFGS optimiser, instance: dimer rotation
Next calculation will be the dimer  midpoint
dl-find/turbomole/=============================== Tstep:   72.4 Ttot:37102.1 ==
eandg
Spin: 
 Energy calculation finished, energy: -2.138691247E+03
Testing convergence of dimer midpoint in cycle  129
    Energy  2.1919E-05 Target: 1.0000E-06 converged?   no
  Max step  3.2214E-02 Target: 1.8000E-03 converged?   no component   241
  RMS step  6.3017E-03 Target: 1.2000E-03 converged?   no
  Max grad  3.1397E-04 Target: 4.5000E-04 converged?  yes component   249
  RMS grad  7.6786E-05 Target: 3.0000E-04 converged?  yes
Next calculation will be the dimer endpoint before rotation
dl-find/turbomole/=============================== Tstep:   96.7 Ttot:37198.8 ==
eandg
Spin: 
 Energy calculation finished, energy: -2.138691247E+03
Curvature at dimer midpoint                   -0.00231
Predicted dimer rotation angle:      3.603 deg
Next calculation will be the dimer endpoint after rotation
dl-find/turbomole/=============================== Tstep:  102.3 Ttot:37301.1 ==
eandg
Spin: 
 Energy calculation finished, energy: -2.138691247E+03
Curvature at dimer midpoint after rotation    -0.00143
Curvature at dimer minimum                    -0.00231
Actual dimer rotation angle:         0.072 deg
Dimer rotation converged after    1 steps
Writing TS-mode
Curvature after dimer rotation:               -0.00231
Frequency of transition mode  -247.022 cm^-1 (negative value denotes imaginary frequency)
Crossover temperature for tunnelling       56.56518 K
Restarting L-BFGS optimiser, instance: dimer rotation
Next calculation will be the dimer  midpoint
dl-find/turbomole/=============================== Tstep:   78.3 Ttot:37379.4 ==
eandg
Spin: 
 Energy calculation finished, energy: -2.138691257E+03
Testing convergence of dimer midpoint in cycle  130
    Energy  1.0135E-05 Target: 1.0000E-06 converged?   no
  Max step  3.5622E-02 Target: 1.8000E-03 converged?   no component   241
  RMS step  8.2794E-03 Target: 1.2000E-03 converged?   no
  Max grad  2.4503E-04 Target: 4.5000E-04 converged?  yes component   123
  RMS grad  6.0061E-05 Target: 3.0000E-04 converged?  yes
Next calculation will be the dimer endpoint before rotation
dl-find/turbomole/=============================== Tstep:  115.6 Ttot:37495.0 ==
eandg
Spin: 
 Energy calculation finished, energy: -2.138691258E+03
Curvature at dimer midpoint                   -0.00235
Predicted dimer rotation angle:      2.785 deg
Next calculation will be the dimer endpoint after rotation
dl-find/turbomole/=============================== Tstep:  102.9 Ttot:37597.9 ==
eandg
Spin: 
 Energy calculation finished, energy: -2.138691260E+03
Curvature at dimer midpoint after rotation    -0.00203
Curvature at dimer minimum                    -0.00235
Actual dimer rotation angle:         0.090 deg
Dimer rotation converged after    1 steps
Writing TS-mode
Curvature after dimer rotation:               -0.00235
Frequency of transition mode  -249.346 cm^-1 (negative value denotes imaginary frequency)
Crossover temperature for tunnelling       57.09742 K
Restarting L-BFGS optimiser, instance: dimer rotation
Next calculation will be the dimer  midpoint
dl-find/turbomole/=============================== Tstep:   78.2 Ttot:37676.1 ==
eandg
Spin: 
 Energy calculation finished, energy: -2.138691267E+03
Testing convergence of dimer midpoint in cycle  131
    Energy  1.0401E-05 Target: 1.0000E-06 converged?   no
  Max step  1.5480E-02 Target: 1.8000E-03 converged?   no component   208
  RMS step  4.0584E-03 Target: 1.2000E-03 converged?   no
  Max grad  3.8977E-04 Target: 4.5000E-04 converged?  yes component   249
  RMS grad  8.3171E-05 Target: 3.0000E-04 converged?  yes
Next calculation will be the dimer endpoint before rotation
dl-find/turbomole/=============================== Tstep:  111.5 Ttot:37787.6 ==
eandg
Spin: 
 Energy calculation finished, energy: -2.138691268E+03
Curvature at dimer midpoint                   -0.00236
Predicted dimer rotation angle:      3.375 deg
Next calculation will be the dimer endpoint after rotation
dl-find/turbomole/=============================== Tstep:  101.6 Ttot:37889.2 ==
eandg
Spin: 
 Energy calculation finished, energy: -2.138691268E+03
Curvature at dimer midpoint after rotation    -0.00145
Curvature at dimer minimum                    -0.00236
Actual dimer rotation angle:         0.059 deg
Dimer rotation converged after    1 steps
Writing TS-mode
Curvature after dimer rotation:               -0.00236
Frequency of transition mode  -249.796 cm^-1 (negative value denotes imaginary frequency)
Crossover temperature for tunnelling       57.20044 K
Restarting L-BFGS optimiser, instance: dimer rotation
Next calculation will be the dimer  midpoint
dl-find/turbomole/=============================== Tstep:   79.0 Ttot:37968.2 ==
eandg
Spin: 
 Energy calculation finished, energy: -2.138691279E+03
Testing convergence of dimer midpoint in cycle  132
    Energy  1.2128E-05 Target: 1.0000E-06 converged?   no
  Max step  6.4685E-02 Target: 1.8000E-03 converged?   no component   241
  RMS step  1.5585E-02 Target: 1.2000E-03 converged?   no
  Max grad  6.1926E-04 Target: 4.5000E-04 converged?   no component    88
  RMS grad  1.1096E-04 Target: 3.0000E-04 converged?  yes
Next calculation will be the dimer endpoint before rotation
dl-find/turbomole/=============================== Tstep:   93.4 Ttot:38061.6 ==
eandg
Spin: 
 Energy calculation finished, energy: -2.138691280E+03
Curvature at dimer midpoint                   -0.00221
Predicted dimer rotation angle:      4.894 deg
Next calculation will be the dimer endpoint after rotation
dl-find/turbomole/=============================== Tstep:   94.9 Ttot:38156.5 ==
eandg
Spin: 
 Energy calculation finished, energy: -2.138691280E+03
Curvature at dimer midpoint after rotation    -0.00117
Curvature at dimer minimum                    -0.00221
Actual dimer rotation angle:         0.144 deg
Dimer rotation converged after    1 steps
Writing TS-mode
Curvature after dimer rotation:               -0.00221
Frequency of transition mode  -241.479 cm^-1 (negative value denotes imaginary frequency)
Crossover temperature for tunnelling       55.29592 K
Restarting L-BFGS optimiser, instance: dimer rotation
Next calculation will be the dimer  midpoint
dl-find/turbomole/=============================== Tstep:   73.2 Ttot:38229.7 ==
eandg
Spin: 
 Energy calculation finished, energy: -2.138691304E+03
Testing convergence of dimer midpoint in cycle  133
    Energy  2.4872E-05 Target: 1.0000E-06 converged?   no
  Max step  3.5693E-02 Target: 1.8000E-03 converged?   no component   208
  RMS step  8.4127E-03 Target: 1.2000E-03 converged?   no
  Max grad  7.7236E-04 Target: 4.5000E-04 converged?   no component    83
  RMS grad  1.1593E-04 Target: 3.0000E-04 converged?  yes
Next calculation will be the dimer endpoint before rotation
dl-find/turbomole/=============================== Tstep:  110.8 Ttot:38340.5 ==
eandg
Spin: 
 Energy calculation finished, energy: -2.138691305E+03
Curvature at dimer midpoint                   -0.00230
Predicted dimer rotation angle:      5.327 deg
Next calculation will be the dimer endpoint after rotation
dl-find/turbomole/=============================== Tstep:  100.4 Ttot:38440.9 ==
eandg
Spin: 
 Energy calculation finished, energy: -2.138691305E+03
Curvature at dimer midpoint after rotation     0.00023
Curvature at dimer minimum                    -0.00230
Actual dimer rotation angle:         0.082 deg
Dimer rotation converged after    1 steps
Writing TS-mode
Curvature after dimer rotation:               -0.00230
Frequency of transition mode  -246.579 cm^-1 (negative value denotes imaginary frequency)
Crossover temperature for tunnelling       56.46367 K
Restarting L-BFGS optimiser, instance: dimer rotation
Next calculation will be the dimer  midpoint
dl-find/turbomole/=============================== Tstep:   83.8 Ttot:38524.7 ==
eandg
Spin: 
 Energy calculation finished, energy: -2.138691225E+03
Testing convergence of dimer midpoint in cycle  134
    Energy  7.8995E-05 Target: 1.0000E-06 converged?   no
  Max step  1.8792E-02 Target: 1.8000E-03 converged?   no component   208
  RMS step  4.5242E-03 Target: 1.2000E-03 converged?   no
  Max grad  2.3827E-04 Target: 4.5000E-04 converged?  yes component    99
  RMS grad  7.9228E-05 Target: 3.0000E-04 converged?  yes
Next calculation will be the dimer endpoint before rotation
dl-find/turbomole/=============================== Tstep:  111.1 Ttot:38635.8 ==
eandg
Spin: 
 Energy calculation finished, energy: -2.138691226E+03
Curvature at dimer midpoint                   -0.00231
Predicted dimer rotation angle:      3.314 deg
Next calculation will be the dimer endpoint after rotation
dl-find/turbomole/=============================== Tstep:  102.3 Ttot:38738.1 ==
eandg
Spin: 
 Energy calculation finished, energy: -2.138691226E+03
Curvature at dimer midpoint after rotation    -0.00192
Curvature at dimer minimum                    -0.00231
Actual dimer rotation angle:         0.122 deg
Dimer rotation converged after    1 steps
Writing TS-mode
Curvature after dimer rotation:               -0.00231
Frequency of transition mode  -247.086 cm^-1 (negative value denotes imaginary frequency)
Crossover temperature for tunnelling       56.57989 K
Restarting L-BFGS optimiser, instance: dimer rotation
Next calculation will be the dimer  midpoint
dl-find/turbomole/=============================== Tstep:   72.7 Ttot:38810.8 ==
eandg
Spin: 
 Energy calculation finished, energy: -2.138691322E+03
Testing convergence of dimer midpoint in cycle  135
    Energy  9.6903E-05 Target: 1.0000E-06 converged?   no
  Max step  1.5701E-02 Target: 1.8000E-03 converged?   no component   241
  RMS step  3.8588E-03 Target: 1.2000E-03 converged?   no
  Max grad  4.2788E-04 Target: 4.5000E-04 converged?  yes component    83
  RMS grad  8.9636E-05 Target: 3.0000E-04 converged?  yes
Next calculation will be the dimer endpoint before rotation
dl-find/turbomole/=============================== Tstep:  119.6 Ttot:38930.4 ==
eandg
Spin: 
 Energy calculation finished, energy: -2.138691322E+03
Curvature at dimer midpoint                   -0.00225
Predicted dimer rotation angle:      4.670 deg
Next calculation will be the dimer endpoint after rotation
dl-find/turbomole/=============================== Tstep:  102.2 Ttot:39032.5 ==
eandg
Spin: 
 Energy calculation finished, energy: -2.138691329E+03
Curvature at dimer midpoint after rotation    -0.00042
Curvature at dimer minimum                    -0.00225
Actual dimer rotation angle:         0.074 deg
Dimer rotation converged after    1 steps
Writing TS-mode
Curvature after dimer rotation:               -0.00225
Frequency of transition mode  -244.083 cm^-1 (negative value denotes imaginary frequency)
Crossover temperature for tunnelling       55.89225 K
Restarting L-BFGS optimiser, instance: dimer rotation
Next calculation will be the dimer  midpoint
dl-find/turbomole/=============================== Tstep:   76.3 Ttot:39108.8 ==
eandg
Spin: 
 Energy calculation finished, energy: -2.138691294E+03
Testing convergence of dimer midpoint in cycle  136
    Energy  2.7960E-05 Target: 1.0000E-06 converged?   no
  Max step  1.1017E-01 Target: 1.8000E-03 converged?   no component   241
  RMS step  2.2749E-02 Target: 1.2000E-03 converged?   no
  Max grad  7.9562E-04 Target: 4.5000E-04 converged?   no component   249
  RMS grad  1.2693E-04 Target: 3.0000E-04 converged?  yes
Next calculation will be the dimer endpoint before rotation
dl-find/turbomole/=============================== Tstep:  121.3 Ttot:39230.1 ==
eandg
Spin: 
 Energy calculation finished, energy: -2.138691294E+03
Curvature at dimer midpoint                   -0.00218
Predicted dimer rotation angle:      5.499 deg
Next calculation will be the dimer endpoint after rotation
dl-find/turbomole/=============================== Tstep:  103.1 Ttot:39333.2 ==
eandg
Spin: 
 Energy calculation finished, energy: -2.138691289E+03
Curvature at dimer midpoint after rotation    -0.00027
Curvature at dimer minimum                    -0.00218
Actual dimer rotation angle:         0.112 deg
Dimer rotation converged after    1 steps
Writing TS-mode
Curvature after dimer rotation:               -0.00218
Frequency of transition mode  -240.224 cm^-1 (negative value denotes imaginary frequency)
Crossover temperature for tunnelling       55.00844 K
Restarting L-BFGS optimiser, instance: dimer rotation
Next calculation will be the dimer  midpoint
dl-find/turbomole/=============================== Tstep:   85.8 Ttot:39419.0 ==
eandg
Spin: 
 Energy calculation finished, energy: -2.138691307E+03
Testing convergence of dimer midpoint in cycle  137
    Energy  1.3231E-05 Target: 1.0000E-06 converged?   no
  Max step  3.6048E-02 Target: 1.8000E-03 converged?   no component   241
  RMS step  8.9004E-03 Target: 1.2000E-03 converged?   no
  Max grad  3.6295E-04 Target: 4.5000E-04 converged?  yes component   190
  RMS grad  9.2145E-05 Target: 3.0000E-04 converged?  yes
Next calculation will be the dimer endpoint before rotation
dl-find/turbomole/=============================== Tstep:  121.7 Ttot:39540.7 ==
eandg
Spin: 
 Energy calculation finished, energy: -2.138691310E+03
Curvature at dimer midpoint                   -0.00217
Predicted dimer rotation angle:      4.715 deg
Next calculation will be the dimer endpoint after rotation
dl-find/turbomole/=============================== Tstep:  100.5 Ttot:39641.2 ==
eandg
Spin: 
 Energy calculation finished, energy: -2.138691310E+03
Curvature at dimer midpoint after rotation    -0.00142
Curvature at dimer minimum                    -0.00217
Actual dimer rotation angle:         0.172 deg
Dimer rotation converged after    1 steps
Writing TS-mode
Curvature after dimer rotation:               -0.00217
Frequency of transition mode  -239.619 cm^-1 (negative value denotes imaginary frequency)
Crossover temperature for tunnelling       54.86995 K
Restarting L-BFGS optimiser, instance: dimer rotation
Next calculation will be the dimer  midpoint
dl-find/turbomole/=============================== Tstep:   76.4 Ttot:39717.7 ==
eandg
Spin: 
 Energy calculation finished, energy: -2.138691330E+03
Testing convergence of dimer midpoint in cycle  138
    Energy  2.2356E-05 Target: 1.0000E-06 converged?   no
  Max step  1.2724E-02 Target: 1.8000E-03 converged?   no component    34
  RMS step  3.5467E-03 Target: 1.2000E-03 converged?   no
  Max grad  2.3696E-04 Target: 4.5000E-04 converged?  yes component   121
  RMS grad  7.1320E-05 Target: 3.0000E-04 converged?  yes
Next calculation will be the dimer endpoint before rotation
dl-find/turbomole/=============================== Tstep:  118.1 Ttot:39835.8 ==
eandg
Spin: 
 Energy calculation finished, energy: -2.138691330E+03
Curvature at dimer midpoint                   -0.00216
Predicted dimer rotation angle:      6.171 deg
Next calculation will be the dimer endpoint after rotation
dl-find/turbomole/=============================== Tstep:  102.1 Ttot:39937.9 ==
eandg
Spin: 
 Energy calculation finished, energy: -2.138691331E+03
Curvature at dimer midpoint after rotation     0.00087
Curvature at dimer minimum                    -0.00216
Actual dimer rotation angle:         0.100 deg
Dimer rotation converged after    1 steps
Writing TS-mode
Curvature after dimer rotation:               -0.00216
Frequency of transition mode  -238.787 cm^-1 (negative value denotes imaginary frequency)
Crossover temperature for tunnelling       54.67950 K
Restarting L-BFGS optimiser, instance: dimer rotation
Next calculation will be the dimer  midpoint
dl-find/turbomole/=============================== Tstep:   78.2 Ttot:40016.0 ==
eandg
Spin: 
 Energy calculation finished, energy: -2.138691339E+03
Testing convergence of dimer midpoint in cycle  139
    Energy  8.9650E-06 Target: 1.0000E-06 converged?   no
  Max step  3.8667E-02 Target: 1.8000E-03 converged?   no component   196
  RMS step  9.2789E-03 Target: 1.2000E-03 converged?   no
  Max grad  2.6624E-04 Target: 4.5000E-04 converged?  yes component    88
  RMS grad  7.3178E-05 Target: 3.0000E-04 converged?  yes
Next calculation will be the dimer endpoint before rotation
dl-find/turbomole/=============================== Tstep:  117.2 Ttot:40133.2 ==
eandg
Spin: 
 Energy calculation finished, energy: -2.138691339E+03
Curvature at dimer midpoint                   -0.00215
Predicted dimer rotation angle:      3.907 deg
Next calculation will be the dimer endpoint after rotation
dl-find/turbomole/=============================== Tstep:  103.0 Ttot:40236.3 ==
eandg
Spin: 
 Energy calculation finished, energy: -2.138691339E+03
Curvature at dimer midpoint after rotation    -0.00160
Curvature at dimer minimum                    -0.00215
Actual dimer rotation angle:         0.133 deg
Dimer rotation converged after    1 steps
Writing TS-mode
Curvature after dimer rotation:               -0.00215
Frequency of transition mode  -238.426 cm^-1 (negative value denotes imaginary frequency)
Crossover temperature for tunnelling       54.59670 K
Restarting L-BFGS optimiser, instance: dimer rotation
Next calculation will be the dimer  midpoint
dl-find/turbomole/=============================== Tstep:   83.4 Ttot:40319.6 ==
eandg
Spin: 
 Energy calculation finished, energy: -2.138691352E+03
Testing convergence of dimer midpoint in cycle  140
    Energy  1.3542E-05 Target: 1.0000E-06 converged?   no
  Max step  5.6972E-02 Target: 1.8000E-03 converged?   no component   241
  RMS step  1.3278E-02 Target: 1.2000E-03 converged?   no
  Max grad  7.7727E-04 Target: 4.5000E-04 converged?   no component   249
  RMS grad  1.3049E-04 Target: 3.0000E-04 converged?  yes
Next calculation will be the dimer endpoint before rotation
dl-find/turbomole/=============================== Tstep:  116.6 Ttot:40436.2 ==
eandg
Spin: 
 Energy calculation finished, energy: -2.138691352E+03
Curvature at dimer midpoint                   -0.00210
Predicted dimer rotation angle:      5.963 deg
Next calculation will be the dimer endpoint after rotation
dl-find/turbomole/=============================== Tstep:   95.0 Ttot:40531.2 ==
eandg
Spin: 
 Energy calculation finished, energy: -2.138691350E+03
Curvature at dimer midpoint after rotation     0.00068
Curvature at dimer minimum                    -0.00210
Actual dimer rotation angle:         0.095 deg
Dimer rotation converged after    1 steps
Writing TS-mode
Curvature after dimer rotation:               -0.00210
Frequency of transition mode  -235.518 cm^-1 (negative value denotes imaginary frequency)
Crossover temperature for tunnelling       53.93084 K
Restarting L-BFGS optimiser, instance: dimer rotation
Next calculation will be the dimer  midpoint
dl-find/turbomole/=============================== Tstep:   77.4 Ttot:40608.5 ==
eandg
Spin: 
 Energy calculation finished, energy: -2.138691372E+03
Testing convergence of dimer midpoint in cycle  141
    Energy  2.0174E-05 Target: 1.0000E-06 converged?   no
  Max step  4.9778E-02 Target: 1.8000E-03 converged?   no component   196
  RMS step  1.0920E-02 Target: 1.2000E-03 converged?   no
  Max grad  2.3347E-04 Target: 4.5000E-04 converged?  yes component    26
  RMS grad  8.1619E-05 Target: 3.0000E-04 converged?  yes
Next calculation will be the dimer endpoint before rotation
dl-find/turbomole/=============================== Tstep:  115.5 Ttot:40724.0 ==
eandg
Spin: 
 Energy calculation finished, energy: -2.138691372E+03
Curvature at dimer midpoint                   -0.00209
Predicted dimer rotation angle:      4.528 deg
Next calculation will be the dimer endpoint after rotation
dl-find/turbomole/=============================== Tstep:  102.5 Ttot:40826.5 ==
eandg
Spin: 
 Energy calculation finished, energy: -2.138691372E+03
Curvature at dimer midpoint after rotation    -0.00118
Curvature at dimer minimum                    -0.00209
Actual dimer rotation angle:         0.124 deg
Dimer rotation converged after    1 steps
Writing TS-mode
Curvature after dimer rotation:               -0.00209
Frequency of transition mode  -234.914 cm^-1 (negative value denotes imaginary frequency)
Crossover temperature for tunnelling       53.79264 K
Restarting L-BFGS optimiser, instance: dimer rotation
Next calculation will be the dimer  midpoint
dl-find/turbomole/=============================== Tstep:   83.6 Ttot:40910.1 ==
eandg
Spin: 
 Energy calculation finished, energy: -2.138691379E+03
Testing convergence of dimer midpoint in cycle  142
    Energy  6.9830E-06 Target: 1.0000E-06 converged?   no
  Max step  7.7586E-03 Target: 1.8000E-03 converged?   no component   243
  RMS step  1.4804E-03 Target: 1.2000E-03 converged?   no
  Max grad  2.2623E-04 Target: 4.5000E-04 converged?  yes component    26
  RMS grad  6.6607E-05 Target: 3.0000E-04 converged?  yes
Next calculation will be the dimer endpoint before rotation
dl-find/turbomole/=============================== Tstep:  109.9 Ttot:41020.0 ==
eandg
Spin: 
 Energy calculation finished, energy: -2.138691379E+03
Curvature at dimer midpoint                   -0.00208
Predicted dimer rotation angle:      5.496 deg
Next calculation will be the dimer endpoint after rotation
dl-find/turbomole/=============================== Tstep:  103.5 Ttot:41123.5 ==
eandg
Spin: 
 Energy calculation finished, energy: -2.138691379E+03
Curvature at dimer midpoint after rotation     0.00051
Curvature at dimer minimum                    -0.00208
Actual dimer rotation angle:         0.080 deg
Dimer rotation converged after    1 steps
Writing TS-mode
Curvature after dimer rotation:               -0.00208
Frequency of transition mode  -234.350 cm^-1 (negative value denotes imaginary frequency)
Crossover temperature for tunnelling       53.66343 K
Restarting L-BFGS optimiser, instance: dimer rotation
Next calculation will be the dimer  midpoint
dl-find/turbomole/=============================== Tstep:   72.0 Ttot:41195.5 ==
eandg
Spin: 
 Energy calculation finished, energy: -2.138691401E+03
Testing convergence of dimer midpoint in cycle  143
    Energy  2.2078E-05 Target: 1.0000E-06 converged?   no
  Max step  1.6800E-02 Target: 1.8000E-03 converged?   no component   241
  RMS step  4.2452E-03 Target: 1.2000E-03 converged?   no
  Max grad  5.3415E-04 Target: 4.5000E-04 converged?   no component   253
  RMS grad  1.1202E-04 Target: 3.0000E-04 converged?  yes
Next calculation will be the dimer endpoint before rotation
dl-find/turbomole/=============================== Tstep:  118.5 Ttot:41314.0 ==
eandg
Spin: 
 Energy calculation finished, energy: -2.138691401E+03
Curvature at dimer midpoint                   -0.00205
Predicted dimer rotation angle:      3.826 deg
Next calculation will be the dimer endpoint after rotation
dl-find/turbomole/=============================== Tstep:   95.2 Ttot:41409.1 ==
eandg
Spin: 
 Energy calculation finished, energy: -2.138691401E+03
Curvature at dimer midpoint after rotation    -0.00149
Curvature at dimer minimum                    -0.00205
Actual dimer rotation angle:         0.119 deg
Dimer rotation converged after    1 steps
Writing TS-mode
Curvature after dimer rotation:               -0.00205
Frequency of transition mode  -232.572 cm^-1 (negative value denotes imaginary frequency)
Crossover temperature for tunnelling       53.25632 K
Restarting L-BFGS optimiser, instance: dimer rotation
Next calculation will be the dimer  midpoint
dl-find/turbomole/=============================== Tstep:   82.5 Ttot:41491.7 ==
eandg
Spin: 
 Energy calculation finished, energy: -2.138691409E+03
Testing convergence of dimer midpoint in cycle  144
    Energy  7.9010E-06 Target: 1.0000E-06 converged?   no
  Max step  3.9370E-02 Target: 1.8000E-03 converged?   no component   241
  RMS step  7.0176E-03 Target: 1.2000E-03 converged?   no
  Max grad  7.8806E-04 Target: 4.5000E-04 converged?   no component    52
  RMS grad  1.2767E-04 Target: 3.0000E-04 converged?  yes
Next calculation will be the dimer endpoint before rotation
dl-find/turbomole/=============================== Tstep:  109.2 Ttot:41600.9 ==
eandg
Spin: 
 Energy calculation finished, energy: -2.138691409E+03
Curvature at dimer midpoint                   -0.00202
Predicted dimer rotation angle:      4.875 deg
Next calculation will be the dimer endpoint after rotation
dl-find/turbomole/=============================== Tstep:  103.9 Ttot:41704.8 ==
eandg
Spin: 
 Energy calculation finished, energy: -2.138691409E+03
Curvature at dimer midpoint after rotation    -0.00027
Curvature at dimer minimum                    -0.00202
Actual dimer rotation angle:         0.079 deg
Dimer rotation converged after    1 steps
Writing TS-mode
Curvature after dimer rotation:               -0.00202
Frequency of transition mode  -231.222 cm^-1 (negative value denotes imaginary frequency)
Crossover temperature for tunnelling       52.94719 K
Restarting L-BFGS optimiser, instance: dimer rotation
Next calculation will be the dimer  midpoint
dl-find/turbomole/=============================== Tstep:   70.9 Ttot:41775.6 ==
eandg
Spin: 
 Energy calculation finished, energy: -2.138691424E+03
Testing convergence of dimer midpoint in cycle  145
    Energy  1.4658E-05 Target: 1.0000E-06 converged?   no
  Max step  2.8488E-02 Target: 1.8000E-03 converged?   no component   196
  RMS step  5.9378E-03 Target: 1.2000E-03 converged?   no
  Max grad  5.6941E-04 Target: 4.5000E-04 converged?   no component    52
  RMS grad  8.9062E-05 Target: 3.0000E-04 converged?  yes
Next calculation will be the dimer endpoint before rotation
dl-find/turbomole/=============================== Tstep:  106.5 Ttot:41882.1 ==
eandg
Spin: 
 Energy calculation finished, energy: -2.138691423E+03
Curvature at dimer midpoint                   -0.00204
Predicted dimer rotation angle:      3.825 deg
Next calculation will be the dimer endpoint after rotation
dl-find/turbomole/=============================== Tstep:  104.4 Ttot:41986.6 ==
eandg
Spin: 
 Energy calculation finished, energy: -2.138691423E+03
Curvature at dimer midpoint after rotation    -0.00126
Curvature at dimer minimum                    -0.00204
Actual dimer rotation angle:         0.086 deg
Dimer rotation converged after    1 steps
Writing TS-mode
Curvature after dimer rotation:               -0.00204
Frequency of transition mode  -232.123 cm^-1 (negative value denotes imaginary frequency)
Crossover temperature for tunnelling       53.15343 K
Restarting L-BFGS optimiser, instance: dimer rotation
Next calculation will be the dimer  midpoint
dl-find/turbomole/=============================== Tstep:   75.8 Ttot:42062.4 ==
eandg
Spin: 
 Energy calculation finished, energy: -2.138691441E+03
Testing convergence of dimer midpoint in cycle  146
    Energy  1.7588E-05 Target: 1.0000E-06 converged?   no
  Max step  1.0675E-01 Target: 1.8000E-03 converged?   no component   196
  RMS step  2.3391E-02 Target: 1.2000E-03 converged?   no
  Max grad  3.4669E-04 Target: 4.5000E-04 converged?  yes component    88
  RMS grad  9.6808E-05 Target: 3.0000E-04 converged?  yes
Next calculation will be the dimer endpoint before rotation
dl-find/turbomole/=============================== Tstep:  125.1 Ttot:42187.5 ==
eandg
Spin: 
 Energy calculation finished, energy: -2.138691441E+03
Curvature at dimer midpoint                   -0.00203
Predicted dimer rotation angle:      5.427 deg
Next calculation will be the dimer endpoint after rotation
dl-find/turbomole/=============================== Tstep:  103.6 Ttot:42291.1 ==
eandg
Spin: 
 Energy calculation finished, energy: -2.138691441E+03
Curvature at dimer midpoint after rotation     0.00030
Curvature at dimer minimum                    -0.00203
Actual dimer rotation angle:         0.083 deg
Dimer rotation converged after    1 steps
Writing TS-mode
Curvature after dimer rotation:               -0.00203
Frequency of transition mode  -231.593 cm^-1 (negative value denotes imaginary frequency)
Crossover temperature for tunnelling       53.03221 K
Restarting L-BFGS optimiser, instance: dimer rotation
Next calculation will be the dimer  midpoint
dl-find/turbomole/=============================== Tstep:   75.4 Ttot:42366.5 ==
eandg
Spin: 
 Energy calculation finished, energy: -2.138691454E+03
Testing convergence of dimer midpoint in cycle  147
    Energy  1.2442E-05 Target: 1.0000E-06 converged?   no
  Max step  4.7957E-02 Target: 1.8000E-03 converged?   no component   196
  RMS step  1.0335E-02 Target: 1.2000E-03 converged?   no
  Max grad  6.8713E-04 Target: 4.5000E-04 converged?   no component    57
  RMS grad  1.1693E-04 Target: 3.0000E-04 converged?  yes
Next calculation will be the dimer endpoint before rotation
dl-find/turbomole/=============================== Tstep:  122.7 Ttot:42489.2 ==
eandg
Spin: 
 Energy calculation finished, energy: -2.138691453E+03
Curvature at dimer midpoint                   -0.00202
Predicted dimer rotation angle:      3.852 deg
Next calculation will be the dimer endpoint after rotation
dl-find/turbomole/=============================== Tstep:  105.1 Ttot:42594.3 ==
eandg
Spin: 
 Energy calculation finished, energy: -2.138691453E+03
Curvature at dimer midpoint after rotation    -0.00149
Curvature at dimer minimum                    -0.00202
Actual dimer rotation angle:         0.124 deg
Dimer rotation converged after    1 steps
Writing TS-mode
Curvature after dimer rotation:               -0.00202
Frequency of transition mode  -231.251 cm^-1 (negative value denotes imaginary frequency)
Crossover temperature for tunnelling       52.95386 K
Restarting L-BFGS optimiser, instance: dimer rotation
Next calculation will be the dimer  midpoint
dl-find/turbomole/=============================== Tstep:   80.4 Ttot:42674.7 ==
eandg
Spin: 
 Energy calculation finished, energy: -2.138691473E+03
Testing convergence of dimer midpoint in cycle  148
    Energy  1.8947E-05 Target: 1.0000E-06 converged?   no
  Max step  3.8073E-02 Target: 1.8000E-03 converged?   no component   241
  RMS step  8.0108E-03 Target: 1.2000E-03 converged?   no
  Max grad  6.1719E-04 Target: 4.5000E-04 converged?   no component    57
  RMS grad  9.5678E-05 Target: 3.0000E-04 converged?  yes
Next calculation will be the dimer endpoint before rotation
dl-find/turbomole/=============================== Tstep:  117.3 Ttot:42792.1 ==
eandg
Spin: 
 Energy calculation finished, energy: -2.138691472E+03
Curvature at dimer midpoint                   -0.00199
Predicted dimer rotation angle:      5.341 deg
Next calculation will be the dimer endpoint after rotation
dl-find/turbomole/=============================== Tstep:  104.1 Ttot:42896.2 ==
eandg
Spin: 
 Energy calculation finished, energy: -2.138691472E+03
Curvature at dimer midpoint after rotation     0.00039
Curvature at dimer minimum                    -0.00199
Actual dimer rotation angle:         0.076 deg
Dimer rotation converged after    1 steps
Writing TS-mode
Curvature after dimer rotation:               -0.00199
Frequency of transition mode  -229.080 cm^-1 (negative value denotes imaginary frequency)
Crossover temperature for tunnelling       52.45672 K
Restarting L-BFGS optimiser, instance: dimer rotation
Next calculation will be the dimer  midpoint
dl-find/turbomole/=============================== Tstep:   84.1 Ttot:42980.3 ==
eandg
Spin: 
 Energy calculation finished, energy: -2.138691513E+03
Testing convergence of dimer midpoint in cycle  149
    Energy  3.9820E-05 Target: 1.0000E-06 converged?   no
  Max step  1.5621E-01 Target: 1.8000E-03 converged?   no component   241
  RMS step  3.0115E-02 Target: 1.2000E-03 converged?   no
  Max grad  6.9761E-04 Target: 4.5000E-04 converged?   no component    57
  RMS grad  1.5340E-04 Target: 3.0000E-04 converged?  yes
Next calculation will be the dimer endpoint before rotation
dl-find/turbomole/=============================== Tstep:  119.4 Ttot:43099.8 ==
eandg
Spin: 
 Energy calculation finished, energy: -2.138691511E+03
Curvature at dimer midpoint                   -0.00193
Predicted dimer rotation angle:      7.932 deg
Next calculation will be the dimer endpoint after rotation
dl-find/turbomole/=============================== Tstep:  102.8 Ttot:43202.5 ==
eandg
Spin: 
 Energy calculation finished, energy: -2.138691511E+03
Curvature at dimer midpoint after rotation     0.00275
Curvature at dimer minimum                    -0.00193
Actual dimer rotation angle:         0.124 deg
Dimer rotation converged after    1 steps
Writing TS-mode
Curvature after dimer rotation:               -0.00193
Frequency of transition mode  -225.808 cm^-1 (negative value denotes imaginary frequency)
Crossover temperature for tunnelling       51.70747 K
Restarting L-BFGS optimiser, instance: dimer rotation
Next calculation will be the dimer  midpoint
dl-find/turbomole/=============================== Tstep:   75.7 Ttot:43278.3 ==
eandg
Spin: 
 Energy calculation finished, energy: -2.138691528E+03
Testing convergence of dimer midpoint in cycle  150
    Energy  1.5211E-05 Target: 1.0000E-06 converged?   no
  Max step  5.7403E-02 Target: 1.8000E-03 converged?   no component   241
  RMS step  1.1572E-02 Target: 1.2000E-03 converged?   no
  Max grad  6.4838E-04 Target: 4.5000E-04 converged?   no component    64
  RMS grad  1.2821E-04 Target: 3.0000E-04 converged?  yes
Next calculation will be the dimer endpoint before rotation
dl-find/turbomole/=============================== Tstep:  115.4 Ttot:43393.7 ==
eandg
Spin: 
 Energy calculation finished, energy: -2.138691526E+03
Curvature at dimer midpoint                   -0.00191
Predicted dimer rotation angle:      5.308 deg
Next calculation will be the dimer endpoint after rotation
dl-find/turbomole/=============================== Tstep:  100.7 Ttot:43494.4 ==
eandg
Spin: 
 Energy calculation finished, energy: -2.138691526E+03
Curvature at dimer midpoint after rotation    -0.00128
Curvature at dimer minimum                    -0.00191
Actual dimer rotation angle:         0.253 deg
Dimer rotation converged after    1 steps
Writing TS-mode
Curvature after dimer rotation:               -0.00191
Frequency of transition mode  -224.560 cm^-1 (negative value denotes imaginary frequency)
Crossover temperature for tunnelling       51.42155 K
Restarting L-BFGS optimiser, instance: dimer rotation
Next calculation will be the dimer  midpoint
dl-find/turbomole/=============================== Tstep:   84.3 Ttot:43578.7 ==
eandg
Spin: 
 Energy calculation finished, energy: -2.138691538E+03
Testing convergence of dimer midpoint in cycle  151
    Energy  1.0208E-05 Target: 1.0000E-06 converged?   no
  Max step  7.7996E-03 Target: 1.8000E-03 converged?   no component   166
  RMS step  1.6578E-03 Target: 1.2000E-03 converged?   no
  Max grad  4.8551E-04 Target: 4.5000E-04 converged?   no component    64
  RMS grad  1.0173E-04 Target: 3.0000E-04 converged?  yes
Next calculation will be the dimer endpoint before rotation
dl-find/turbomole/=============================== Tstep:  106.9 Ttot:43685.6 ==
eandg
Spin: 
 Energy calculation finished, energy: -2.138691536E+03
Curvature at dimer midpoint                   -0.00192
Predicted dimer rotation angle:      7.417 deg
Next calculation will be the dimer endpoint after rotation
dl-find/turbomole/=============================== Tstep:  102.9 Ttot:43788.5 ==
eandg
Spin: 
 Energy calculation finished, energy: -2.138691537E+03
Curvature at dimer midpoint after rotation     0.00372
Curvature at dimer minimum                    -0.00192
Actual dimer rotation angle:         0.084 deg
Dimer rotation converged after    1 steps
Writing TS-mode
Curvature after dimer rotation:               -0.00192
Frequency of transition mode  -225.457 cm^-1 (negative value denotes imaginary frequency)
Crossover temperature for tunnelling       51.62702 K
Restarting L-BFGS optimiser, instance: dimer rotation
Next calculation will be the dimer  midpoint
dl-find/turbomole/=============================== Tstep:   81.7 Ttot:43870.3 ==
eandg
Spin: 
 Energy calculation finished, energy: -2.138691597E+03
Testing convergence of dimer midpoint in cycle  152
    Energy  5.9368E-05 Target: 1.0000E-06 converged?   no
  Max step  1.0947E-01 Target: 1.8000E-03 converged?   no component   241
  RMS step  2.5088E-02 Target: 1.2000E-03 converged?   no
  Max grad  8.8955E-04 Target: 4.5000E-04 converged?   no component    45
  RMS grad  1.2621E-04 Target: 3.0000E-04 converged?  yes
Next calculation will be the dimer endpoint before rotation
dl-find/turbomole/=============================== Tstep:  114.8 Ttot:43985.0 ==
eandg
Spin: 
 Energy calculation finished, energy: -2.138691597E+03
Curvature at dimer midpoint                   -0.00195
Predicted dimer rotation angle:      7.066 deg
Next calculation will be the dimer endpoint after rotation
dl-find/turbomole/=============================== Tstep:  103.6 Ttot:44088.7 ==
eandg
Spin: 
 Energy calculation finished, energy: -2.138691596E+03
Curvature at dimer midpoint after rotation     0.00152
Curvature at dimer minimum                    -0.00195
Actual dimer rotation angle:         0.119 deg
Dimer rotation converged after    1 steps
Writing TS-mode
Curvature after dimer rotation:               -0.00195
Frequency of transition mode  -227.003 cm^-1 (negative value denotes imaginary frequency)
Crossover temperature for tunnelling       51.98106 K
Restarting L-BFGS optimiser, instance: dimer rotation
Next calculation will be the dimer  midpoint
dl-find/turbomole/=============================== Tstep:   81.6 Ttot:44170.2 ==
eandg
Spin: 
 Energy calculation finished, energy: -2.138691626E+03
Testing convergence of dimer midpoint in cycle  153
    Energy  2.8096E-05 Target: 1.0000E-06 converged?   no
  Max step  9.0546E-02 Target: 1.8000E-03 converged?   no component   196
  RMS step  2.2198E-02 Target: 1.2000E-03 converged?   no
  Max grad  1.0552E-03 Target: 4.5000E-04 converged?   no component   190
  RMS grad  2.2116E-04 Target: 3.0000E-04 converged?  yes
Next calculation will be the dimer endpoint before rotation
dl-find/turbomole/=============================== Tstep:  118.2 Ttot:44288.5 ==
eandg
Spin: 
 Energy calculation finished, energy: -2.138691624E+03
Curvature at dimer midpoint                   -0.00194
Predicted dimer rotation angle:      5.505 deg
Next calculation will be the dimer endpoint after rotation
dl-find/turbomole/=============================== Tstep:  103.9 Ttot:44392.3 ==
eandg
Spin: 
 Energy calculation finished, energy: -2.138691624E+03
Curvature at dimer midpoint after rotation    -0.00053
Curvature at dimer minimum                    -0.00194
Actual dimer rotation angle:         0.134 deg
Dimer rotation converged after    1 steps
Writing TS-mode
Curvature after dimer rotation:               -0.00194
Frequency of transition mode  -226.584 cm^-1 (negative value denotes imaginary frequency)
Crossover temperature for tunnelling       51.88511 K
Restarting L-BFGS optimiser, instance: dimer rotation
Next calculation will be the dimer  midpoint
dl-find/turbomole/=============================== Tstep:   76.5 Ttot:44468.8 ==
eandg
Spin: 
 Energy calculation finished, energy: -2.138691628E+03
Testing convergence of dimer midpoint in cycle  154
    Energy  2.7600E-06 Target: 1.0000E-06 converged?   no
  Max step  1.5077E-02 Target: 1.8000E-03 converged?   no component   241
  RMS step  3.2420E-03 Target: 1.2000E-03 converged?   no
  Max grad  3.8600E-04 Target: 4.5000E-04 converged?  yes component   174
  RMS grad  1.0593E-04 Target: 3.0000E-04 converged?  yes
Next calculation will be the dimer endpoint before rotation
dl-find/turbomole/=============================== Tstep:  109.2 Ttot:44578.0 ==
eandg
Spin: 
 Energy calculation finished, energy: -2.138691628E+03
Curvature at dimer midpoint                   -0.00196
Predicted dimer rotation angle:      5.569 deg
Next calculation will be the dimer endpoint after rotation
dl-find/turbomole/=============================== Tstep:  103.6 Ttot:44681.6 ==
eandg
Spin: 
 Energy calculation finished, energy: -2.138691628E+03
Curvature at dimer midpoint after rotation     0.00049
Curvature at dimer minimum                    -0.00196
Actual dimer rotation angle:         0.082 deg
Dimer rotation converged after    1 steps
Writing TS-mode
Curvature after dimer rotation:               -0.00196
Frequency of transition mode  -227.749 cm^-1 (negative value denotes imaginary frequency)
Crossover temperature for tunnelling       52.15184 K
Restarting L-BFGS optimiser, instance: dimer rotation
Next calculation will be the dimer  midpoint
dl-find/turbomole/=============================== Tstep:   80.6 Ttot:44762.1 ==
eandg
Spin: 
 Energy calculation finished, energy: -2.138691656E+03
Testing convergence of dimer midpoint in cycle  155
    Energy  2.7565E-05 Target: 1.0000E-06 converged?   no
  Max step  5.8438E-02 Target: 1.8000E-03 converged?   no component   196
  RMS step  1.4264E-02 Target: 1.2000E-03 converged?   no
  Max grad  2.9548E-04 Target: 4.5000E-04 converged?  yes component   190
  RMS grad  7.3576E-05 Target: 3.0000E-04 converged?  yes
Next calculation will be the dimer endpoint before rotation
dl-find/turbomole/=============================== Tstep:  119.8 Ttot:44882.0 ==
eandg
Spin: 
 Energy calculation finished, energy: -2.138691654E+03
Curvature at dimer midpoint                   -0.00195
Predicted dimer rotation angle:      4.476 deg
Next calculation will be the dimer endpoint after rotation
dl-find/turbomole/=============================== Tstep:  102.9 Ttot:44984.9 ==
eandg
Spin: 
 Energy calculation finished, energy: -2.138691654E+03
Curvature at dimer midpoint after rotation    -0.00134
Curvature at dimer minimum                    -0.00195
Actual dimer rotation angle:         0.164 deg
Dimer rotation converged after    1 steps
Writing TS-mode
Curvature after dimer rotation:               -0.00195
Frequency of transition mode  -227.088 cm^-1 (negative value denotes imaginary frequency)
Crossover temperature for tunnelling       52.00053 K
Restarting L-BFGS optimiser, instance: dimer rotation
Next calculation will be the dimer  midpoint
dl-find/turbomole/=============================== Tstep:   80.9 Ttot:45065.9 ==
eandg
Spin: 
 Energy calculation finished, energy: -2.138691680E+03
Testing convergence of dimer midpoint in cycle  156
    Energy  2.3632E-05 Target: 1.0000E-06 converged?   no
  Max step  4.3373E-02 Target: 1.8000E-03 converged?   no component   166
  RMS step  1.0711E-02 Target: 1.2000E-03 converged?   no
  Max grad  4.7228E-04 Target: 4.5000E-04 converged?   no component   249
  RMS grad  9.7186E-05 Target: 3.0000E-04 converged?  yes
Next calculation will be the dimer endpoint before rotation
dl-find/turbomole/=============================== Tstep:  112.5 Ttot:45178.4 ==
eandg
Spin: 
 Energy calculation finished, energy: -2.138691678E+03
Curvature at dimer midpoint                   -0.00198
Predicted dimer rotation angle:      6.535 deg
Next calculation will be the dimer endpoint after rotation
dl-find/turbomole/=============================== Tstep:  103.4 Ttot:45281.8 ==
eandg
Spin: 
 Energy calculation finished, energy: -2.138691678E+03
Curvature at dimer midpoint after rotation     0.00184
Curvature at dimer minimum                    -0.00198
Actual dimer rotation angle:         0.087 deg
Dimer rotation converged after    1 steps
Writing TS-mode
Curvature after dimer rotation:               -0.00198
Frequency of transition mode  -228.880 cm^-1 (negative value denotes imaginary frequency)
Crossover temperature for tunnelling       52.41089 K
Restarting L-BFGS optimiser, instance: dimer rotation
Next calculation will be the dimer  midpoint
dl-find/turbomole/=============================== Tstep:   79.9 Ttot:45361.8 ==
eandg
Spin: 
 Energy calculation finished, energy: -2.138691703E+03
Testing convergence of dimer midpoint in cycle  157
    Energy  2.3665E-05 Target: 1.0000E-06 converged?   no
  Max step  1.2840E-01 Target: 1.8000E-03 converged?   no component   196
  RMS step  3.1269E-02 Target: 1.2000E-03 converged?   no
  Max grad  7.1073E-04 Target: 4.5000E-04 converged?   no component   138
  RMS grad  1.3791E-04 Target: 3.0000E-04 converged?  yes
Next calculation will be the dimer endpoint before rotation
dl-find/turbomole/=============================== Tstep:  122.5 Ttot:45484.2 ==
eandg
Spin: 
 Energy calculation finished, energy: -2.138691702E+03
Curvature at dimer midpoint                   -0.00200
Predicted dimer rotation angle:      5.201 deg
Next calculation will be the dimer endpoint after rotation
dl-find/turbomole/=============================== Tstep:  103.1 Ttot:45587.3 ==
eandg
Spin: 
 Energy calculation finished, energy: -2.138691702E+03
Curvature at dimer midpoint after rotation    -0.00083
Curvature at dimer minimum                    -0.00200
Actual dimer rotation angle:         0.140 deg
Dimer rotation converged after    1 steps
Writing TS-mode
Curvature after dimer rotation:               -0.00200
Frequency of transition mode  -230.006 cm^-1 (negative value denotes imaginary frequency)
Crossover temperature for tunnelling       52.66875 K
Restarting L-BFGS optimiser, instance: dimer rotation
Next calculation will be the dimer  midpoint
dl-find/turbomole/=============================== Tstep:   80.3 Ttot:45667.6 ==
eandg
Spin: 
 Energy calculation finished, energy: -2.138691723E+03
Testing convergence of dimer midpoint in cycle  158
    Energy  1.9346E-05 Target: 1.0000E-06 converged?   no
  Max step  1.4450E-02 Target: 1.8000E-03 converged?   no component   166
  RMS step  3.9788E-03 Target: 1.2000E-03 converged?   no
  Max grad  2.0385E-04 Target: 4.5000E-04 converged?  yes component     8
  RMS grad  7.0258E-05 Target: 3.0000E-04 converged?  yes
Next calculation will be the dimer endpoint before rotation
dl-find/turbomole/=============================== Tstep:  111.0 Ttot:45778.6 ==
eandg
Spin: 
 Energy calculation finished, energy: -2.138691721E+03
Curvature at dimer midpoint                   -0.00205
Predicted dimer rotation angle:      6.125 deg
Next calculation will be the dimer endpoint after rotation
dl-find/turbomole/=============================== Tstep:  102.2 Ttot:45880.8 ==
eandg
Spin: 
 Energy calculation finished, energy: -2.138691721E+03
Curvature at dimer midpoint after rotation     0.00110
Curvature at dimer minimum                    -0.00205
Actual dimer rotation angle:         0.090 deg
Dimer rotation converged after    1 steps
Writing TS-mode
Curvature after dimer rotation:               -0.00205
Frequency of transition mode  -232.667 cm^-1 (negative value denotes imaginary frequency)
Crossover temperature for tunnelling       53.27797 K
Restarting L-BFGS optimiser, instance: dimer rotation
Next calculation will be the dimer  midpoint
dl-find/turbomole/=============================== Tstep:   78.9 Ttot:45959.7 ==
eandg
Spin: 
 Energy calculation finished, energy: -2.138691727E+03
Testing convergence of dimer midpoint in cycle  159
    Energy  4.3200E-06 Target: 1.0000E-06 converged?   no
  Max step  2.5471E-02 Target: 1.8000E-03 converged?   no component   241
  RMS step  5.4870E-03 Target: 1.2000E-03 converged?   no
  Max grad  2.2012E-04 Target: 4.5000E-04 converged?  yes component   138
  RMS grad  6.7487E-05 Target: 3.0000E-04 converged?  yes
Next calculation will be the dimer endpoint before rotation
dl-find/turbomole/=============================== Tstep:   88.7 Ttot:46048.4 ==
eandg
Spin: 
 Energy calculation finished, energy: -2.138691726E+03
Curvature at dimer midpoint                   -0.00208
Predicted dimer rotation angle:      3.521 deg
Next calculation will be the dimer endpoint after rotation
dl-find/turbomole/=============================== Tstep:   98.9 Ttot:46147.3 ==
eandg
Spin: 
 Energy calculation finished, energy: -2.138691726E+03
Curvature at dimer midpoint after rotation    -0.00172
Curvature at dimer minimum                    -0.00208
Actual dimer rotation angle:         0.142 deg
Dimer rotation converged after    1 steps
Writing TS-mode
Curvature after dimer rotation:               -0.00208
Frequency of transition mode  -234.313 cm^-1 (negative value denotes imaginary frequency)
Crossover temperature for tunnelling       53.65506 K
Restarting L-BFGS optimiser, instance: dimer rotation
Next calculation will be the dimer  midpoint
dl-find/turbomole/=============================== Tstep:   88.1 Ttot:46235.4 ==
eandg
Spin: 
 Energy calculation finished, energy: -2.138691735E+03
Testing convergence of dimer midpoint in cycle  160
    Energy  8.6290E-06 Target: 1.0000E-06 converged?   no
  Max step  1.5333E-02 Target: 1.8000E-03 converged?   no component   196
  RMS step  3.8863E-03 Target: 1.2000E-03 converged?   no
  Max grad  4.5442E-04 Target: 4.5000E-04 converged?   no component   138
  RMS grad  8.3785E-05 Target: 3.0000E-04 converged?  yes
Next calculation will be the dimer endpoint before rotation
dl-find/turbomole/=============================== Tstep:  109.5 Ttot:46344.8 ==
eandg
Spin: 
 Energy calculation finished, energy: -2.138691735E+03
Curvature at dimer midpoint                   -0.00212
Predicted dimer rotation angle:      5.765 deg
Next calculation will be the dimer endpoint after rotation
dl-find/turbomole/=============================== Tstep:  103.8 Ttot:46448.6 ==
eandg
Spin: 
 Energy calculation finished, energy: -2.138691737E+03
Curvature at dimer midpoint after rotation     0.00087
Curvature at dimer minimum                    -0.00212
Actual dimer rotation angle:         0.081 deg
Dimer rotation converged after    1 steps
Writing TS-mode
Curvature after dimer rotation:               -0.00212
Frequency of transition mode  -236.520 cm^-1 (negative value denotes imaginary frequency)
Crossover temperature for tunnelling       54.16037 K
Restarting L-BFGS optimiser, instance: dimer rotation
Next calculation will be the dimer  midpoint
dl-find/turbomole/=============================== Tstep:   66.7 Ttot:46515.4 ==
eandg
Spin: 
 Energy calculation finished, energy: -2.138691746E+03
Testing convergence of dimer midpoint in cycle  161
    Energy  1.0236E-05 Target: 1.0000E-06 converged?   no
  Max step  1.8169E-02 Target: 1.8000E-03 converged?   no component   241
  RMS step  4.3062E-03 Target: 1.2000E-03 converged?   no
  Max grad  7.6815E-04 Target: 4.5000E-04 converged?   no component   190
  RMS grad  1.1755E-04 Target: 3.0000E-04 converged?  yes
Next calculation will be the dimer endpoint before rotation
dl-find/turbomole/=============================== Tstep:  110.4 Ttot:46625.8 ==
eandg
Spin: 
 Energy calculation finished, energy: -2.138691745E+03
Curvature at dimer midpoint                   -0.00219
Predicted dimer rotation angle:      3.646 deg
Next calculation will be the dimer endpoint after rotation
dl-find/turbomole/=============================== Tstep:  105.0 Ttot:46730.8 ==
eandg
Spin: 
 Energy calculation finished, energy: -2.138691745E+03
Curvature at dimer midpoint after rotation    -0.00155
Curvature at dimer minimum                    -0.00219
Actual dimer rotation angle:         0.097 deg
Dimer rotation converged after    1 steps
Writing TS-mode
Curvature after dimer rotation:               -0.00219
Frequency of transition mode  -240.600 cm^-1 (negative value denotes imaginary frequency)
Crossover temperature for tunnelling       55.09468 K
Restarting L-BFGS optimiser, instance: dimer rotation
Next calculation will be the dimer  midpoint
dl-find/turbomole/=============================== Tstep:   76.6 Ttot:46807.4 ==
eandg
Spin: 
 Energy calculation finished, energy: -2.138691761E+03
Testing convergence of dimer midpoint in cycle  162
    Energy  1.4908E-05 Target: 1.0000E-06 converged?   no
  Max step  1.7866E-02 Target: 1.8000E-03 converged?   no component    34
  RMS step  4.1000E-03 Target: 1.2000E-03 converged?   no
  Max grad  2.1368E-04 Target: 4.5000E-04 converged?  yes component    11
  RMS grad  6.4558E-05 Target: 3.0000E-04 converged?  yes
Next calculation will be the dimer endpoint before rotation
dl-find/turbomole/=============================== Tstep:  110.3 Ttot:46917.7 ==
eandg
Spin: 
 Energy calculation finished, energy: -2.138691760E+03
Curvature at dimer midpoint                   -0.00221
Predicted dimer rotation angle:      4.341 deg
Next calculation will be the dimer endpoint after rotation
dl-find/turbomole/=============================== Tstep:  102.6 Ttot:47020.3 ==
eandg
Spin: 
 Energy calculation finished, energy: -2.138691760E+03
Curvature at dimer midpoint after rotation    -0.00078
Curvature at dimer minimum                    -0.00221
Actual dimer rotation angle:         0.075 deg
Dimer rotation converged after    1 steps
Writing TS-mode
Curvature after dimer rotation:               -0.00221
Frequency of transition mode  -241.687 cm^-1 (negative value denotes imaginary frequency)
Crossover temperature for tunnelling       55.34359 K
Restarting L-BFGS optimiser, instance: dimer rotation
Next calculation will be the dimer  midpoint
dl-find/turbomole/=============================== Tstep:   71.6 Ttot:47091.9 ==
eandg
Spin: 
 Energy calculation finished, energy: -2.138691770E+03
Testing convergence of dimer midpoint in cycle  163
    Energy  8.8810E-06 Target: 1.0000E-06 converged?   no
  Max step  4.4887E-02 Target: 1.8000E-03 converged?   no component   196
  RMS step  9.8910E-03 Target: 1.2000E-03 converged?   no
  Max grad  2.4109E-04 Target: 4.5000E-04 converged?  yes component   218
  RMS grad  6.4888E-05 Target: 3.0000E-04 converged?  yes
Next calculation will be the dimer endpoint before rotation
dl-find/turbomole/=============================== Tstep:  111.5 Ttot:47203.4 ==
eandg
Spin: 
 Energy calculation finished, energy: -2.138691769E+03
Curvature at dimer midpoint                   -0.00222
Predicted dimer rotation angle:      3.343 deg
Next calculation will be the dimer endpoint after rotation
dl-find/turbomole/=============================== Tstep:  104.2 Ttot:47307.7 ==
eandg
Spin: 
 Energy calculation finished, energy: -2.138691769E+03
Curvature at dimer midpoint after rotation    -0.00182
Curvature at dimer minimum                    -0.00222
Actual dimer rotation angle:         0.117 deg
Dimer rotation converged after    1 steps
Writing TS-mode
Curvature after dimer rotation:               -0.00222
Frequency of transition mode  -242.189 cm^-1 (negative value denotes imaginary frequency)
Crossover temperature for tunnelling       55.45856 K
Restarting L-BFGS optimiser, instance: dimer rotation
Next calculation will be the dimer  midpoint
dl-find/turbomole/=============================== Tstep:   70.8 Ttot:47378.5 ==
eandg
Spin: 
 Energy calculation finished, energy: -2.138691784E+03
Testing convergence of dimer midpoint in cycle  164
    Energy  1.4704E-05 Target: 1.0000E-06 converged?   no
  Max step  2.3687E-02 Target: 1.8000E-03 converged?   no component    34
  RMS step  5.5177E-03 Target: 1.2000E-03 converged?   no
  Max grad  2.9812E-04 Target: 4.5000E-04 converged?  yes component   190
  RMS grad  7.0233E-05 Target: 3.0000E-04 converged?  yes
Next calculation will be the dimer endpoint before rotation
dl-find/turbomole/=============================== Tstep:  108.4 Ttot:47486.9 ==
eandg
Spin: 
 Energy calculation finished, energy: -2.138691784E+03
Curvature at dimer midpoint                   -0.00225
Predicted dimer rotation angle:      4.885 deg
Next calculation will be the dimer endpoint after rotation
dl-find/turbomole/=============================== Tstep:  105.2 Ttot:47592.2 ==
eandg
Spin: 
 Energy calculation finished, energy: -2.138691784E+03
Curvature at dimer midpoint after rotation    -0.00028
Curvature at dimer minimum                    -0.00225
Actual dimer rotation angle:         0.079 deg
Dimer rotation converged after    1 steps
Writing TS-mode
Curvature after dimer rotation:               -0.00225
Frequency of transition mode  -243.911 cm^-1 (negative value denotes imaginary frequency)
Crossover temperature for tunnelling       55.85277 K
Restarting L-BFGS optimiser, instance: dimer rotation
Next calculation will be the dimer  midpoint
dl-find/turbomole/=============================== Tstep:   75.5 Ttot:47667.7 ==
eandg
Spin: 
 Energy calculation finished, energy: -2.138691810E+03
Testing convergence of dimer midpoint in cycle  165
    Energy  2.6045E-05 Target: 1.0000E-06 converged?   no
  Max step  6.2023E-02 Target: 1.8000E-03 converged?   no component    34
  RMS step  1.4043E-02 Target: 1.2000E-03 converged?   no
  Max grad  9.4494E-04 Target: 4.5000E-04 converged?   no component    46
  RMS grad  1.7572E-04 Target: 3.0000E-04 converged?  yes
Next calculation will be the dimer endpoint before rotation
dl-find/turbomole/=============================== Tstep:  112.0 Ttot:47779.7 ==
eandg
Spin: 
 Energy calculation finished, energy: -2.138691811E+03
Curvature at dimer midpoint                   -0.00236
Predicted dimer rotation angle:      4.388 deg
Next calculation will be the dimer endpoint after rotation
dl-find/turbomole/=============================== Tstep:  103.4 Ttot:47883.2 ==
eandg
Spin: 
 Energy calculation finished, energy: -2.138691810E+03
Curvature at dimer midpoint after rotation    -0.00188
Curvature at dimer minimum                    -0.00236
Actual dimer rotation angle:         0.229 deg
Dimer rotation converged after    1 steps
Writing TS-mode
Curvature after dimer rotation:               -0.00236
Frequency of transition mode  -249.594 cm^-1 (negative value denotes imaginary frequency)
Crossover temperature for tunnelling       57.15409 K
Restarting L-BFGS optimiser, instance: dimer rotation
Next calculation will be the dimer  midpoint
dl-find/turbomole/=============================== Tstep:   84.2 Ttot:47967.4 ==
eandg
Spin: 
 Energy calculation finished, energy: -2.138691824E+03
Testing convergence of dimer midpoint in cycle  166
    Energy  1.3515E-05 Target: 1.0000E-06 converged?   no
  Max step  5.1131E-03 Target: 1.8000E-03 converged?   no component   231
  RMS step  1.3159E-03 Target: 1.2000E-03 converged?   no
  Max grad  2.1629E-04 Target: 4.5000E-04 converged?  yes component   239
  RMS grad  6.0068E-05 Target: 3.0000E-04 converged?  yes
Next calculation will be the dimer endpoint before rotation
dl-find/turbomole/=============================== Tstep:  112.3 Ttot:48079.7 ==
eandg
Spin: 
 Energy calculation finished, energy: -2.138691824E+03
Curvature at dimer midpoint                   -0.00234
Predicted dimer rotation angle:      6.344 deg
Next calculation will be the dimer endpoint after rotation
dl-find/turbomole/=============================== Tstep:  105.1 Ttot:48184.8 ==
eandg
Spin: 
 Energy calculation finished, energy: -2.138691823E+03
Curvature at dimer midpoint after rotation     0.00129
Curvature at dimer minimum                    -0.00234
Actual dimer rotation angle:         0.098 deg
Dimer rotation converged after    1 steps
Writing TS-mode
Curvature after dimer rotation:               -0.00234
Frequency of transition mode  -248.453 cm^-1 (negative value denotes imaginary frequency)
Crossover temperature for tunnelling       56.89298 K
Restarting L-BFGS optimiser, instance: dimer rotation
Next calculation will be the dimer  midpoint
dl-find/turbomole/=============================== Tstep:   77.0 Ttot:48261.8 ==
eandg
Spin: 
 Energy calculation finished, energy: -2.138691825E+03
Testing convergence of dimer midpoint in cycle  167
    Energy  1.3680E-06 Target: 1.0000E-06 converged?   no
  Max step  9.8617E-03 Target: 1.8000E-03 converged?   no component   196
  RMS step  2.7063E-03 Target: 1.2000E-03 converged?   no
  Max grad  2.0309E-04 Target: 4.5000E-04 converged?  yes component    46
  RMS grad  5.6761E-05 Target: 3.0000E-04 converged?  yes
Next calculation will be the dimer endpoint before rotation
dl-find/turbomole/=============================== Tstep:  107.7 Ttot:48369.5 ==
eandg
Spin: 
 Energy calculation finished, energy: -2.138691825E+03
Curvature at dimer midpoint                   -0.00235
Predicted dimer rotation angle:      3.455 deg
Next calculation will be the dimer endpoint after rotation
dl-find/turbomole/=============================== Tstep:  103.9 Ttot:48473.4 ==
eandg
Spin: 
 Energy calculation finished, energy: -2.138691825E+03
Curvature at dimer midpoint after rotation    -0.00181
Curvature at dimer minimum                    -0.00235
Actual dimer rotation angle:         0.102 deg
Dimer rotation converged after    1 steps
Writing TS-mode
Curvature after dimer rotation:               -0.00235
Frequency of transition mode  -249.317 cm^-1 (negative value denotes imaginary frequency)
Crossover temperature for tunnelling       57.09064 K
Restarting L-BFGS optimiser, instance: dimer rotation
Next calculation will be the dimer  midpoint
dl-find/turbomole/=============================== Tstep:   78.2 Ttot:48551.6 ==
eandg
Spin: 
 Energy calculation finished, energy: -2.138691837E+03
Testing convergence of dimer midpoint in cycle  168
    Energy  1.1982E-05 Target: 1.0000E-06 converged?   no
  Max step  1.4195E-02 Target: 1.8000E-03 converged?   no component   231
  RMS step  3.2935E-03 Target: 1.2000E-03 converged?   no
  Max grad  3.6005E-04 Target: 4.5000E-04 converged?  yes component    46
  RMS grad  7.3958E-05 Target: 3.0000E-04 converged?  yes
Next calculation will be the dimer endpoint before rotation
dl-find/turbomole/=============================== Tstep:  103.8 Ttot:48655.4 ==
eandg
Spin: 
 Energy calculation finished, energy: -2.138691837E+03
Curvature at dimer midpoint                   -0.00239
Predicted dimer rotation angle:      3.489 deg
Next calculation will be the dimer endpoint after rotation
dl-find/turbomole/=============================== Tstep:  102.3 Ttot:48757.7 ==
eandg
Spin: 
 Energy calculation finished, energy: -2.138691837E+03
Curvature at dimer midpoint after rotation    -0.00171
Curvature at dimer minimum                    -0.00239
Actual dimer rotation angle:         0.087 deg
Dimer rotation converged after    1 steps
Writing TS-mode
Curvature after dimer rotation:               -0.00239
Frequency of transition mode  -251.328 cm^-1 (negative value denotes imaginary frequency)
Crossover temperature for tunnelling       57.55110 K
Restarting L-BFGS optimiser, instance: dimer rotation
Next calculation will be the dimer  midpoint
dl-find/turbomole/=============================== Tstep:   71.0 Ttot:48828.7 ==
eandg
Spin: 
 Energy calculation finished, energy: -2.138691845E+03
Testing convergence of dimer midpoint in cycle  169
    Energy  8.1460E-06 Target: 1.0000E-06 converged?   no
  Max step  2.3151E-02 Target: 1.8000E-03 converged?   no component    34
  RMS step  6.0675E-03 Target: 1.2000E-03 converged?   no
  Max grad  4.3961E-04 Target: 4.5000E-04 converged?  yes component   218
  RMS grad  8.9495E-05 Target: 3.0000E-04 converged?  yes
Next calculation will be the dimer endpoint before rotation
dl-find/turbomole/=============================== Tstep:  108.6 Ttot:48937.3 ==
eandg
Spin: 
 Energy calculation finished, energy: -2.138691846E+03
Curvature at dimer midpoint                   -0.00246
Predicted dimer rotation angle:      4.335 deg
Next calculation will be the dimer endpoint after rotation
dl-find/turbomole/=============================== Tstep:  102.9 Ttot:49040.2 ==
eandg
Spin: 
 Energy calculation finished, energy: -2.138691846E+03
Curvature at dimer midpoint after rotation    -0.00117
Curvature at dimer minimum                    -0.00246
Actual dimer rotation angle:         0.091 deg
Dimer rotation converged after    1 steps
Writing TS-mode
Curvature after dimer rotation:               -0.00246
Frequency of transition mode  -254.794 cm^-1 (negative value denotes imaginary frequency)
Crossover temperature for tunnelling       58.34484 K
Restarting L-BFGS optimiser, instance: dimer rotation
Next calculation will be the dimer  midpoint
dl-find/turbomole/=============================== Tstep:   73.6 Ttot:49113.8 ==
eandg
Spin: 
 Energy calculation finished, energy: -2.138691860E+03
Testing convergence of dimer midpoint in cycle  170
    Energy  1.4268E-05 Target: 1.0000E-06 converged?   no
  Max step  8.6891E-02 Target: 1.8000E-03 converged?   no component    34
  RMS step  1.9003E-02 Target: 1.2000E-03 converged?   no
  Max grad  1.2962E-03 Target: 4.5000E-04 converged?   no component    50
  RMS grad  2.6662E-04 Target: 3.0000E-04 converged?  yes
Next calculation will be the dimer endpoint before rotation
dl-find/turbomole/=============================== Tstep:  122.1 Ttot:49235.9 ==
eandg
Spin: 
 Energy calculation finished, energy: -2.138691860E+03
Curvature at dimer midpoint                   -0.00258
Predicted dimer rotation angle:      4.365 deg
Next calculation will be the dimer endpoint after rotation
dl-find/turbomole/=============================== Tstep:  102.6 Ttot:49338.5 ==
eandg
Spin: 
 Energy calculation finished, energy: -2.138691860E+03
Curvature at dimer midpoint after rotation    -0.00190
Curvature at dimer minimum                    -0.00258
Actual dimer rotation angle:         0.178 deg
Dimer rotation converged after    1 steps
Writing TS-mode
Curvature after dimer rotation:               -0.00258
Frequency of transition mode  -261.286 cm^-1 (negative value denotes imaginary frequency)
Crossover temperature for tunnelling       59.83142 K
Restarting L-BFGS optimiser, instance: dimer rotation
Next calculation will be the dimer  midpoint
dl-find/turbomole/=============================== Tstep:   72.9 Ttot:49411.5 ==
eandg
Spin: 
 Energy calculation finished, energy: -2.138691881E+03
Testing convergence of dimer midpoint in cycle  171
    Energy  2.1773E-05 Target: 1.0000E-06 converged?   no
  Max step  1.8987E-02 Target: 1.8000E-03 converged?   no component    34
  RMS step  4.6964E-03 Target: 1.2000E-03 converged?   no
  Max grad  1.6326E-04 Target: 4.5000E-04 converged?  yes component   234
  RMS grad  5.5228E-05 Target: 3.0000E-04 converged?  yes
Next calculation will be the dimer endpoint before rotation
dl-find/turbomole/=============================== Tstep:  112.9 Ttot:49524.4 ==
eandg
Spin: 
 Energy calculation finished, energy: -2.138691882E+03
Curvature at dimer midpoint                   -0.00254
Predicted dimer rotation angle:      6.453 deg
Next calculation will be the dimer endpoint after rotation
dl-find/turbomole/=============================== Tstep:  101.0 Ttot:49625.4 ==
eandg
Spin: 
 Energy calculation finished, energy: -2.138691882E+03
Curvature at dimer midpoint after rotation     0.00152
Curvature at dimer minimum                    -0.00254
Actual dimer rotation angle:         0.100 deg
Dimer rotation converged after    1 steps
Writing TS-mode
Curvature after dimer rotation:               -0.00254
Frequency of transition mode  -259.025 cm^-1 (negative value denotes imaginary frequency)
Crossover temperature for tunnelling       59.31376 K
Restarting L-BFGS optimiser, instance: dimer rotation
Next calculation will be the dimer  midpoint
dl-find/turbomole/=============================== Tstep:   83.6 Ttot:49709.0 ==
eandg
Spin: 
 Energy calculation finished, energy: -2.138691888E+03
Testing convergence of dimer midpoint in cycle  172
    Energy  6.6510E-06 Target: 1.0000E-06 converged?   no
  Max step  7.9843E-03 Target: 1.8000E-03 converged?   no component   241
  RMS step  1.5818E-03 Target: 1.2000E-03 converged?   no
  Max grad  1.3446E-04 Target: 4.5000E-04 converged?  yes component   234
  RMS grad  4.5015E-05 Target: 3.0000E-04 converged?  yes
Next calculation will be the dimer endpoint before rotation
dl-find/turbomole/=============================== Tstep:  104.0 Ttot:49813.0 ==
eandg
Spin: 
 Energy calculation finished, energy: -2.138691887E+03
Curvature at dimer midpoint                   -0.00252
Predicted dimer rotation angle:      3.539 deg
Next calculation will be the dimer endpoint after rotation
dl-find/turbomole/=============================== Tstep:  102.6 Ttot:49915.6 ==
eandg
Spin: 
 Energy calculation finished, energy: -2.138691889E+03
Curvature at dimer midpoint after rotation    -0.00215
Curvature at dimer minimum                    -0.00252
Actual dimer rotation angle:         0.168 deg
Dimer rotation converged after    1 steps
Writing TS-mode
Curvature after dimer rotation:               -0.00252
Frequency of transition mode  -258.284 cm^-1 (negative value denotes imaginary frequency)
Crossover temperature for tunnelling       59.14414 K
Restarting L-BFGS optimiser, instance: dimer rotation
Next calculation will be the dimer  midpoint
dl-find/turbomole/=============================== Tstep:   72.6 Ttot:49988.2 ==
eandg
Spin: 
 Energy calculation finished, energy: -2.138691906E+03
Testing convergence of dimer midpoint in cycle  173
    Energy  1.8132E-05 Target: 1.0000E-06 converged?   no
  Max step  3.6977E-02 Target: 1.8000E-03 converged?   no component   196
  RMS step  8.3827E-03 Target: 1.2000E-03 converged?   no
  Max grad  2.2085E-04 Target: 4.5000E-04 converged?  yes component    83
  RMS grad  6.0795E-05 Target: 3.0000E-04 converged?  yes
Next calculation will be the dimer endpoint before rotation
dl-find/turbomole/=============================== Tstep:  115.7 Ttot:50103.9 ==
eandg
Spin: 
 Energy calculation finished, energy: -2.138691905E+03
Curvature at dimer midpoint                   -0.00251
Predicted dimer rotation angle:      5.394 deg
Next calculation will be the dimer endpoint after rotation
dl-find/turbomole/=============================== Tstep:  103.2 Ttot:50207.1 ==
eandg
Spin: 
 Energy calculation finished, energy: -2.138691905E+03
Curvature at dimer midpoint after rotation    -0.00057
Curvature at dimer minimum                    -0.00251
Actual dimer rotation angle:         0.119 deg
Dimer rotation converged after    1 steps
Writing TS-mode
Curvature after dimer rotation:               -0.00251
Frequency of transition mode  -257.744 cm^-1 (negative value denotes imaginary frequency)
Crossover temperature for tunnelling       59.02036 K
Restarting L-BFGS optimiser, instance: dimer rotation
Next calculation will be the dimer  midpoint
dl-find/turbomole/=============================== Tstep:   71.4 Ttot:50278.5 ==
eandg
Spin: 
 Energy calculation finished, energy: -2.138691915E+03
Testing convergence of dimer midpoint in cycle  174
    Energy  9.0530E-06 Target: 1.0000E-06 converged?   no
  Max step  3.7580E-02 Target: 1.8000E-03 converged?   no component   241
  RMS step  7.7140E-03 Target: 1.2000E-03 converged?   no
  Max grad  5.9148E-04 Target: 4.5000E-04 converged?   no component    50
  RMS grad  9.6658E-05 Target: 3.0000E-04 converged?  yes
Next calculation will be the dimer endpoint before rotation
dl-find/turbomole/=============================== Tstep:  114.5 Ttot:50392.9 ==
eandg
Spin: 
 Energy calculation finished, energy: -2.138691916E+03
Curvature at dimer midpoint                   -0.00254
Predicted dimer rotation angle:      3.993 deg
Next calculation will be the dimer endpoint after rotation
dl-find/turbomole/=============================== Tstep:   95.9 Ttot:50488.9 ==
eandg
Spin: 
 Energy calculation finished, energy: -2.138691916E+03
Curvature at dimer midpoint after rotation    -0.00132
Curvature at dimer minimum                    -0.00254
Actual dimer rotation angle:         0.078 deg
Dimer rotation converged after    1 steps
Writing TS-mode
Curvature after dimer rotation:               -0.00254
Frequency of transition mode  -259.198 cm^-1 (negative value denotes imaginary frequency)
Crossover temperature for tunnelling       59.35346 K
Restarting L-BFGS optimiser, instance: dimer rotation
Next calculation will be the dimer  midpoint
dl-find/turbomole/=============================== Tstep:   80.0 Ttot:50568.9 ==
eandg
Spin: 
 Energy calculation finished, energy: -2.138691934E+03
Testing convergence of dimer midpoint in cycle  175
    Energy  1.8991E-05 Target: 1.0000E-06 converged?   no
  Max step  4.4639E-02 Target: 1.8000E-03 converged?   no component   196
  RMS step  1.0431E-02 Target: 1.2000E-03 converged?   no
  Max grad  2.7902E-04 Target: 4.5000E-04 converged?  yes component    63
  RMS grad  7.0288E-05 Target: 3.0000E-04 converged?  yes
Next calculation will be the dimer endpoint before rotation
dl-find/turbomole/=============================== Tstep:  111.5 Ttot:50680.4 ==
eandg
Spin: 
 Energy calculation finished, energy: -2.138691935E+03
Curvature at dimer midpoint                   -0.00260
Predicted dimer rotation angle:      3.047 deg
Next calculation will be the dimer endpoint after rotation
dl-find/turbomole/=============================== Tstep:  103.8 Ttot:50784.2 ==
eandg
Spin: 
 Energy calculation finished, energy: -2.138691935E+03
Curvature at dimer midpoint after rotation    -0.00227
Curvature at dimer minimum                    -0.00260
Actual dimer rotation angle:         0.126 deg
Dimer rotation converged after    1 steps
Writing TS-mode
Curvature after dimer rotation:               -0.00260
Frequency of transition mode  -261.960 cm^-1 (negative value denotes imaginary frequency)
Crossover temperature for tunnelling       59.98575 K
Restarting L-BFGS optimiser, instance: dimer rotation
Next calculation will be the dimer  midpoint
dl-find/turbomole/=============================== Tstep:   72.8 Ttot:50857.0 ==
eandg
Spin: 
 Energy calculation finished, energy: -2.138691959E+03
Testing convergence of dimer midpoint in cycle  176
    Energy  2.5123E-05 Target: 1.0000E-06 converged?   no
  Max step  2.6421E-02 Target: 1.8000E-03 converged?   no component   196
  RMS step  6.1512E-03 Target: 1.2000E-03 converged?   no
  Max grad  2.0180E-04 Target: 4.5000E-04 converged?  yes component    63
  RMS grad  5.0427E-05 Target: 3.0000E-04 converged?  yes
Next calculation will be the dimer endpoint before rotation
dl-find/turbomole/=============================== Tstep:   95.4 Ttot:50952.4 ==
eandg
Spin: 
 Energy calculation finished, energy: -2.138691960E+03
Curvature at dimer midpoint                   -0.00258
Predicted dimer rotation angle:      4.114 deg
Next calculation will be the dimer endpoint after rotation
dl-find/turbomole/=============================== Tstep:  105.2 Ttot:51057.6 ==
eandg
Spin: 
 Energy calculation finished, energy: -2.138691960E+03
Curvature at dimer midpoint after rotation    -0.00106
Curvature at dimer minimum                    -0.00258
Actual dimer rotation angle:         0.070 deg
Dimer rotation converged after    1 steps
Writing TS-mode
Curvature after dimer rotation:               -0.00258
Frequency of transition mode  -261.236 cm^-1 (negative value denotes imaginary frequency)
Crossover temperature for tunnelling       59.81998 K
Restarting L-BFGS optimiser, instance: dimer rotation
Next calculation will be the dimer  midpoint
dl-find/turbomole/=============================== Tstep:   80.6 Ttot:51138.1 ==
eandg
Spin: 
 Energy calculation finished, energy: -2.138691964E+03
Testing convergence of dimer midpoint in cycle  177
    Energy  5.2080E-06 Target: 1.0000E-06 converged?   no
  Max step  2.5796E-02 Target: 1.8000E-03 converged?   no component   241
  RMS step  5.0657E-03 Target: 1.2000E-03 converged?   no
  Max grad  2.6451E-04 Target: 4.5000E-04 converged?  yes component   174
  RMS grad  7.3529E-05 Target: 3.0000E-04 converged?  yes
Next calculation will be the dimer endpoint before rotation
dl-find/turbomole/=============================== Tstep:  116.6 Ttot:51254.7 ==
eandg
Spin: 
 Energy calculation finished, energy: -2.138691966E+03
Curvature at dimer midpoint                   -0.00261
Predicted dimer rotation angle:      2.713 deg
Next calculation will be the dimer endpoint after rotation
dl-find/turbomole/=============================== Tstep:  104.2 Ttot:51358.9 ==
eandg
Spin: 
 Energy calculation finished, energy: -2.138691966E+03
Curvature at dimer midpoint after rotation    -0.00230
Curvature at dimer minimum                    -0.00261
Actual dimer rotation angle:         0.098 deg
Dimer rotation converged after    1 steps
Writing TS-mode
Curvature after dimer rotation:               -0.00261
Frequency of transition mode  -262.446 cm^-1 (negative value denotes imaginary frequency)
Crossover temperature for tunnelling       60.09720 K
Restarting L-BFGS optimiser, instance: dimer rotation
Next calculation will be the dimer  midpoint
dl-find/turbomole/=============================== Tstep:   70.5 Ttot:51429.4 ==
eandg
Spin: 
 Energy calculation finished, energy: -2.138691948E+03
Testing convergence of dimer midpoint in cycle  178
    Energy  1.6203E-05 Target: 1.0000E-06 converged?   no
  Max step  2.0343E-02 Target: 1.8000E-03 converged?   no component   196
  RMS step  5.3960E-03 Target: 1.2000E-03 converged?   no
  Max grad  5.5689E-04 Target: 4.5000E-04 converged?   no component   244
  RMS grad  9.3974E-05 Target: 3.0000E-04 converged?  yes
Next calculation will be the dimer endpoint before rotation
dl-find/turbomole/=============================== Tstep:  110.6 Ttot:51540.0 ==
eandg
Spin: 
 Energy calculation finished, energy: -2.138691950E+03
Curvature at dimer midpoint                   -0.00261
Predicted dimer rotation angle:      3.201 deg
Next calculation will be the dimer endpoint after rotation
dl-find/turbomole/=============================== Tstep:  104.6 Ttot:51644.6 ==
eandg
Spin: 
 Energy calculation finished, energy: -2.138691952E+03
Curvature at dimer midpoint after rotation    -0.00185
Curvature at dimer minimum                    -0.00261
Actual dimer rotation angle:         0.066 deg
Dimer rotation converged after    1 steps
Writing TS-mode
Curvature after dimer rotation:               -0.00261
Frequency of transition mode  -262.532 cm^-1 (negative value denotes imaginary frequency)
Crossover temperature for tunnelling       60.11678 K
Restarting L-BFGS optimiser, instance: dimer rotation
Next calculation will be the dimer  midpoint
dl-find/turbomole/=============================== Tstep:   71.6 Ttot:51716.2 ==
eandg
Spin: 
 Energy calculation finished, energy: -2.138691964E+03
Testing convergence of dimer midpoint in cycle  179
    Energy  1.5309E-05 Target: 1.0000E-06 converged?   no
  Max step  3.6221E-02 Target: 1.8000E-03 converged?   no component   241
  RMS step  8.7948E-03 Target: 1.2000E-03 converged?   no
  Max grad  2.7525E-04 Target: 4.5000E-04 converged?  yes component   248
  RMS grad  6.9799E-05 Target: 3.0000E-04 converged?  yes
Next calculation will be the dimer endpoint before rotation
dl-find/turbomole/=============================== Tstep:  112.9 Ttot:51829.1 ==
eandg
Spin: 
 Energy calculation finished, energy: -2.138691965E+03
Curvature at dimer midpoint                   -0.00260
Predicted dimer rotation angle:      2.735 deg
Next calculation will be the dimer endpoint after rotation
dl-find/turbomole/=============================== Tstep:  105.2 Ttot:51934.3 ==
eandg
Spin: 
 Energy calculation finished, energy: -2.138691965E+03
Curvature at dimer midpoint after rotation    -0.00223
Curvature at dimer minimum                    -0.00260
Actual dimer rotation angle:         0.082 deg
Dimer rotation converged after    1 steps
Writing TS-mode
Curvature after dimer rotation:               -0.00260
Frequency of transition mode  -262.314 cm^-1 (negative value denotes imaginary frequency)
Crossover temperature for tunnelling       60.06691 K
Restarting L-BFGS optimiser, instance: dimer rotation
Next calculation will be the dimer  midpoint
dl-find/turbomole/=============================== Tstep:   75.1 Ttot:52009.4 ==
eandg
Spin: 
 Energy calculation finished, energy: -2.138691977E+03
Testing convergence of dimer midpoint in cycle  180
    Energy  1.3214E-05 Target: 1.0000E-06 converged?   no
  Max step  2.0868E-02 Target: 1.8000E-03 converged?   no component   241
  RMS step  5.5518E-03 Target: 1.2000E-03 converged?   no
  Max grad  1.9208E-04 Target: 4.5000E-04 converged?  yes component    90
  RMS grad  5.6772E-05 Target: 3.0000E-04 converged?  yes
Next calculation will be the dimer endpoint before rotation
dl-find/turbomole/=============================== Tstep:  115.2 Ttot:52124.7 ==
eandg
Spin: 
 Energy calculation finished, energy: -2.138691978E+03
Curvature at dimer midpoint                   -0.00260
Predicted dimer rotation angle:      3.123 deg
Next calculation will be the dimer endpoint after rotation
dl-find/turbomole/=============================== Tstep:  104.8 Ttot:52229.4 ==
eandg
Spin: 
 Energy calculation finished, energy: -2.138691976E+03
Curvature at dimer midpoint after rotation    -0.00191
Curvature at dimer minimum                    -0.00260
Actual dimer rotation angle:         0.067 deg
Dimer rotation converged after    1 steps
Writing TS-mode
Curvature after dimer rotation:               -0.00260
Frequency of transition mode  -261.937 cm^-1 (negative value denotes imaginary frequency)
Crossover temperature for tunnelling       59.98046 K
Restarting L-BFGS optimiser, instance: dimer rotation
Next calculation will be the dimer  midpoint
dl-find/turbomole/=============================== Tstep:   79.3 Ttot:52308.7 ==
eandg
Spin: 
 Energy calculation finished, energy: -2.138691991E+03
Testing convergence of dimer midpoint in cycle  181
    Energy  1.4701E-05 Target: 1.0000E-06 converged?   no
  Max step  2.3345E-02 Target: 1.8000E-03 converged?   no component   196
  RMS step  5.7280E-03 Target: 1.2000E-03 converged?   no
  Max grad  3.3271E-04 Target: 4.5000E-04 converged?  yes component    50
  RMS grad  6.7362E-05 Target: 3.0000E-04 converged?  yes
Next calculation will be the dimer endpoint before rotation
dl-find/turbomole/=============================== Tstep:   97.9 Ttot:52406.6 ==
eandg
Spin: 
 Energy calculation finished, energy: -2.138691992E+03
Curvature at dimer midpoint                   -0.00253
Predicted dimer rotation angle:      3.040 deg
Next calculation will be the dimer endpoint after rotation
dl-find/turbomole/=============================== Tstep:  104.9 Ttot:52511.5 ==
eandg
Spin: 
 Energy calculation finished, energy: -2.138691992E+03
Curvature at dimer midpoint after rotation    -0.00197
Curvature at dimer minimum                    -0.00253
Actual dimer rotation angle:         0.074 deg
Dimer rotation converged after    1 steps
Writing TS-mode
Curvature after dimer rotation:               -0.00253
Frequency of transition mode  -258.659 cm^-1 (negative value denotes imaginary frequency)
Crossover temperature for tunnelling       59.22993 K
Restarting L-BFGS optimiser, instance: dimer rotation
Next calculation will be the dimer  midpoint
dl-find/turbomole/=============================== Tstep:   80.8 Ttot:52592.3 ==
eandg
Spin: 
 Energy calculation finished, energy: -2.138692003E+03
Testing convergence of dimer midpoint in cycle  182
    Energy  1.1213E-05 Target: 1.0000E-06 converged?   no
  Max step  2.8707E-02 Target: 1.8000E-03 converged?   no component    34
  RMS step  6.6836E-03 Target: 1.2000E-03 converged?   no
  Max grad  3.1511E-04 Target: 4.5000E-04 converged?  yes component   244
  RMS grad  6.7434E-05 Target: 3.0000E-04 converged?  yes
Next calculation will be the dimer endpoint before rotation
dl-find/turbomole/=============================== Tstep:  106.6 Ttot:52698.9 ==
eandg
Spin: 
 Energy calculation finished, energy: -2.138692003E+03
Curvature at dimer midpoint                   -0.00257
Predicted dimer rotation angle:      2.621 deg
Next calculation will be the dimer endpoint after rotation
dl-find/turbomole/=============================== Tstep:  104.1 Ttot:52803.0 ==
eandg
Spin: 
 Energy calculation finished, energy: -2.138692003E+03
Curvature at dimer midpoint after rotation    -0.00217
Curvature at dimer minimum                    -0.00257
Actual dimer rotation angle:         0.067 deg
Dimer rotation converged after    1 steps
Writing TS-mode
Curvature after dimer rotation:               -0.00257
Frequency of transition mode  -260.572 cm^-1 (negative value denotes imaginary frequency)
Crossover temperature for tunnelling       59.66789 K
Restarting L-BFGS optimiser, instance: dimer rotation
Next calculation will be the dimer  midpoint
dl-find/turbomole/=============================== Tstep:   70.5 Ttot:52873.5 ==
eandg
Spin: 
 Energy calculation finished, energy: -2.138692039E+03
Testing convergence of dimer midpoint in cycle  183
    Energy  3.6115E-05 Target: 1.0000E-06 converged?   no
  Max step  2.7148E-02 Target: 1.8000E-03 converged?   no component    34
  RMS step  6.2198E-03 Target: 1.2000E-03 converged?   no
  Max grad  4.0748E-04 Target: 4.5000E-04 converged?  yes component    57
  RMS grad  9.1967E-05 Target: 3.0000E-04 converged?  yes
Next calculation will be the dimer endpoint before rotation
dl-find/turbomole/=============================== Tstep:  124.2 Ttot:52997.8 ==
eandg
Spin: 
 Energy calculation finished, energy: -2.138692039E+03
Curvature at dimer midpoint                   -0.00255
Predicted dimer rotation angle:      2.822 deg
Next calculation will be the dimer endpoint after rotation
dl-find/turbomole/=============================== Tstep:  103.5 Ttot:53101.3 ==
eandg
Spin: 
 Energy calculation finished, energy: -2.138692039E+03
Curvature at dimer midpoint after rotation    -0.00196
Curvature at dimer minimum                    -0.00255
Actual dimer rotation angle:         0.057 deg
Dimer rotation converged after    1 steps
Writing TS-mode
Curvature after dimer rotation:               -0.00255
Frequency of transition mode  -259.690 cm^-1 (negative value denotes imaginary frequency)
Crossover temperature for tunnelling       59.46595 K
Restarting L-BFGS optimiser, instance: dimer rotation
Next calculation will be the dimer  midpoint
dl-find/turbomole/=============================== Tstep:   74.4 Ttot:53175.6 ==
eandg
Spin: 
 Energy calculation finished, energy: -2.138692009E+03
Testing convergence of dimer midpoint in cycle  184
    Energy  2.9734E-05 Target: 1.0000E-06 converged?   no
  Max step  1.1121E-02 Target: 1.8000E-03 converged?   no component   241
  RMS step  2.5442E-03 Target: 1.2000E-03 converged?   no
  Max grad  1.7154E-04 Target: 4.5000E-04 converged?  yes component   218
  RMS grad  5.2595E-05 Target: 3.0000E-04 converged?  yes
Next calculation will be the dimer endpoint before rotation
dl-find/turbomole/=============================== Tstep:  119.3 Ttot:53295.0 ==
eandg
Spin: 
 Energy calculation finished, energy: -2.138692009E+03
Curvature at dimer midpoint                   -0.00254
Predicted dimer rotation angle:      2.113 deg
Next calculation will be the dimer endpoint after rotation
dl-find/turbomole/=============================== Tstep:  101.4 Ttot:53396.4 ==
eandg
Spin: 
 Energy calculation finished, energy: -2.138692009E+03
Curvature at dimer midpoint after rotation    -0.00230
Curvature at dimer minimum                    -0.00254
Actual dimer rotation angle:         0.060 deg
Dimer rotation converged after    1 steps
Writing TS-mode
Curvature after dimer rotation:               -0.00254
Frequency of transition mode  -258.887 cm^-1 (negative value denotes imaginary frequency)
Crossover temperature for tunnelling       59.28206 K
Restarting L-BFGS optimiser, instance: dimer rotation
Next calculation will be the dimer  midpoint
dl-find/turbomole/=============================== Tstep:   70.7 Ttot:53467.1 ==
eandg
Spin: 
 Energy calculation finished, energy: -2.138692101E+03
Testing convergence of dimer midpoint in cycle  185
    Energy  9.2061E-05 Target: 1.0000E-06 converged?   no
  Max step  2.4198E-02 Target: 1.8000E-03 converged?   no component   196
  RMS step  5.1311E-03 Target: 1.2000E-03 converged?   no
  Max grad  2.3934E-04 Target: 4.5000E-04 converged?  yes component   190
  RMS grad  5.7982E-05 Target: 3.0000E-04 converged?  yes
Next calculation will be the dimer endpoint before rotation
dl-find/turbomole/=============================== Tstep:  125.4 Ttot:53592.5 ==
eandg
Spin: 
 Energy calculation finished, energy: -2.138692102E+03
Curvature at dimer midpoint                   -0.00251
Predicted dimer rotation angle:      2.398 deg
Next calculation will be the dimer endpoint after rotation
dl-find/turbomole/=============================== Tstep:  103.4 Ttot:53695.9 ==
eandg
Spin: 
 Energy calculation finished, energy: -2.138692102E+03
Curvature at dimer midpoint after rotation    -0.00208
Curvature at dimer minimum                    -0.00251
Actual dimer rotation angle:         0.047 deg
Dimer rotation converged after    1 steps
Writing TS-mode
Curvature after dimer rotation:               -0.00251
Frequency of transition mode  -257.701 cm^-1 (negative value denotes imaginary frequency)
Crossover temperature for tunnelling       59.01056 K
Restarting L-BFGS optimiser, instance: dimer rotation
Next calculation will be the dimer  midpoint
dl-find/turbomole/=============================== Tstep:   80.1 Ttot:53776.0 ==
eandg
Spin: 
 Energy calculation finished, energy: -2.138692088E+03
Testing convergence of dimer midpoint in cycle  186
    Energy  1.3521E-05 Target: 1.0000E-06 converged?   no
  Max step  3.2896E-02 Target: 1.8000E-03 converged?   no component   196
  RMS step  6.9166E-03 Target: 1.2000E-03 converged?   no
  Max grad  3.1031E-04 Target: 4.5000E-04 converged?  yes component    57
  RMS grad  7.0855E-05 Target: 3.0000E-04 converged?  yes
Next calculation will be the dimer endpoint before rotation
dl-find/turbomole/=============================== Tstep:  115.1 Ttot:53891.0 ==
eandg
Spin: 
 Energy calculation finished, energy: -2.138692088E+03
Curvature at dimer midpoint                   -0.00246
Predicted dimer rotation angle:      2.659 deg
Next calculation will be the dimer endpoint after rotation
dl-find/turbomole/=============================== Tstep:  103.0 Ttot:53994.0 ==
eandg
Spin: 
 Energy calculation finished, energy: -2.138692088E+03
Curvature at dimer midpoint after rotation    -0.00203
Curvature at dimer minimum                    -0.00246
Actual dimer rotation angle:         0.062 deg
Dimer rotation converged after    1 steps
Writing TS-mode
Curvature after dimer rotation:               -0.00246
Frequency of transition mode  -255.020 cm^-1 (negative value denotes imaginary frequency)
Crossover temperature for tunnelling       58.39674 K
Restarting L-BFGS optimiser, instance: dimer rotation
Next calculation will be the dimer  midpoint
dl-find/turbomole/=============================== Tstep:   73.5 Ttot:54067.5 ==
eandg
Spin: 
 Energy calculation finished, energy: -2.138692109E+03
Testing convergence of dimer midpoint in cycle  187
    Energy  2.1608E-05 Target: 1.0000E-06 converged?   no
  Max step  5.7800E-02 Target: 1.8000E-03 converged?   no component   196
  RMS step  1.2274E-02 Target: 1.2000E-03 converged?   no
  Max grad  6.2707E-04 Target: 4.5000E-04 converged?   no component   135
  RMS grad  1.1471E-04 Target: 3.0000E-04 converged?  yes
Next calculation will be the dimer endpoint before rotation
dl-find/turbomole/=============================== Tstep:  124.7 Ttot:54192.2 ==
eandg
Spin: 
 Energy calculation finished, energy: -2.138692109E+03
Curvature at dimer midpoint                   -0.00241
Predicted dimer rotation angle:      3.296 deg
Next calculation will be the dimer endpoint after rotation
dl-find/turbomole/=============================== Tstep:  103.6 Ttot:54295.8 ==
eandg
Spin: 
 Energy calculation finished, energy: -2.138692109E+03
Curvature at dimer midpoint after rotation    -0.00193
Curvature at dimer minimum                    -0.00241
Actual dimer rotation angle:         0.103 deg
Dimer rotation converged after    1 steps
Writing TS-mode
Curvature after dimer rotation:               -0.00241
Frequency of transition mode  -252.322 cm^-1 (negative value denotes imaginary frequency)
Crossover temperature for tunnelling       57.77890 K
Restarting L-BFGS optimiser, instance: dimer rotation
Next calculation will be the dimer  midpoint
dl-find/turbomole/=============================== Tstep:   80.1 Ttot:54375.9 ==
eandg
Spin: 
 Energy calculation finished, energy: -2.138692117E+03
Testing convergence of dimer midpoint in cycle  188
    Energy  7.5890E-06 Target: 1.0000E-06 converged?   no
  Max step  9.4499E-03 Target: 1.8000E-03 converged?   no component   241
  RMS step  2.1030E-03 Target: 1.2000E-03 converged?   no
  Max grad  1.3598E-04 Target: 4.5000E-04 converged?  yes component   134
  RMS grad  4.8153E-05 Target: 3.0000E-04 converged?  yes
Next calculation will be the dimer endpoint before rotation
dl-find/turbomole/=============================== Tstep:  101.9 Ttot:54477.8 ==
eandg
Spin: 
 Energy calculation finished, energy: -2.138692117E+03
Curvature at dimer midpoint                   -0.00237
Predicted dimer rotation angle:      3.572 deg
Next calculation will be the dimer endpoint after rotation
dl-find/turbomole/=============================== Tstep:  102.3 Ttot:54580.1 ==
eandg
Spin: 
 Energy calculation finished, energy: -2.138692116E+03
Curvature at dimer midpoint after rotation    -0.00141
Curvature at dimer minimum                    -0.00237
Actual dimer rotation angle:         0.066 deg
Dimer rotation converged after    1 steps
Writing TS-mode
Curvature after dimer rotation:               -0.00237
Frequency of transition mode  -250.137 cm^-1 (negative value denotes imaginary frequency)
Crossover temperature for tunnelling       57.27857 K
Restarting L-BFGS optimiser, instance: dimer rotation
Next calculation will be the dimer  midpoint
dl-find/turbomole/=============================== Tstep:   76.1 Ttot:54656.2 ==
eandg
Spin: 
 Energy calculation finished, energy: -2.138692124E+03
Testing convergence of dimer midpoint in cycle  189
    Energy  7.6530E-06 Target: 1.0000E-06 converged?   no
  Max step  1.4200E-02 Target: 1.8000E-03 converged?   no component   196
  RMS step  3.2322E-03 Target: 1.2000E-03 converged?   no
  Max grad  1.4420E-04 Target: 4.5000E-04 converged?  yes component    57
  RMS grad  4.3901E-05 Target: 3.0000E-04 converged?  yes
Next calculation will be the dimer endpoint before rotation
dl-find/turbomole/=============================== Tstep:  106.1 Ttot:54762.3 ==
eandg
Spin: 
 Energy calculation finished, energy: -2.138692125E+03
Curvature at dimer midpoint                   -0.00235
Predicted dimer rotation angle:      2.700 deg
Next calculation will be the dimer endpoint after rotation
dl-find/turbomole/=============================== Tstep:  103.7 Ttot:54866.0 ==
eandg
Spin: 
 Energy calculation finished, energy: -2.138692125E+03
Curvature at dimer midpoint after rotation    -0.00194
Curvature at dimer minimum                    -0.00235
Actual dimer rotation angle:         0.066 deg
Dimer rotation converged after    1 steps
Writing TS-mode
Curvature after dimer rotation:               -0.00235
Frequency of transition mode  -249.179 cm^-1 (negative value denotes imaginary frequency)
Crossover temperature for tunnelling       57.05910 K
Restarting L-BFGS optimiser, instance: dimer rotation
Next calculation will be the dimer  midpoint
dl-find/turbomole/=============================== Tstep:   79.7 Ttot:54945.7 ==
eandg
Spin: 
 Energy calculation finished, energy: -2.138692154E+03
Testing convergence of dimer midpoint in cycle  190
    Energy  2.9400E-05 Target: 1.0000E-06 converged?   no
  Max step  1.0524E-02 Target: 1.8000E-03 converged?   no component   208
  RMS step  2.3828E-03 Target: 1.2000E-03 converged?   no
  Max grad  1.9399E-04 Target: 4.5000E-04 converged?  yes component    57
  RMS grad  5.3125E-05 Target: 3.0000E-04 converged?  yes
Next calculation will be the dimer endpoint before rotation
dl-find/turbomole/=============================== Tstep:  107.1 Ttot:55052.8 ==
eandg
Spin: 
 Energy calculation finished, energy: -2.138692131E+03
Curvature at dimer midpoint                   -0.00209
Predicted dimer rotation angle:     28.064 deg
Next calculation will be the dimer endpoint after rotation
dl-find/turbomole/=============================== Tstep:  105.4 Ttot:55158.2 ==
eandg
Spin: 
 Energy calculation finished, energy: -2.138692151E+03
Curvature at dimer midpoint after rotation     0.02156
Curvature at dimer minimum                    -0.00217
Actual dimer rotation angle:         1.503 deg
Dimer rotation converged after    1 steps
Writing TS-mode
Curvature after dimer rotation:               -0.00217
Frequency of transition mode  -239.450 cm^-1 (negative value denotes imaginary frequency)
Crossover temperature for tunnelling       54.83126 K
Restarting L-BFGS optimiser, instance: dimer rotation
Next calculation will be the dimer  midpoint
dl-find/turbomole/=============================== Tstep:   90.6 Ttot:55248.8 ==
eandg
Spin: 
 Energy calculation finished, energy: -2.138692163E+03
Testing convergence of dimer midpoint in cycle  191
    Energy  9.2950E-06 Target: 1.0000E-06 converged?   no
  Max step  2.9475E-02 Target: 1.8000E-03 converged?   no component   208
  RMS step  6.2950E-03 Target: 1.2000E-03 converged?   no
  Max grad  2.9393E-04 Target: 4.5000E-04 converged?  yes component    45
  RMS grad  6.4541E-05 Target: 3.0000E-04 converged?  yes
Next calculation will be the dimer endpoint before rotation
dl-find/turbomole/=============================== Tstep:  113.0 Ttot:55361.8 ==
eandg
Spin: 
 Energy calculation finished, energy: -2.138692162E+03
Curvature at dimer midpoint                   -0.00215
Predicted dimer rotation angle:     27.137 deg
Next calculation will be the dimer endpoint after rotation
dl-find/turbomole/=============================== Tstep:   86.8 Ttot:55448.6 ==
eandg
Spin: 
 Energy calculation finished, energy: -2.138692161E+03
Curvature at dimer midpoint after rotation     0.02394
Curvature at dimer minimum                    -0.00221
Actual dimer rotation angle:         1.247 deg
Dimer rotation converged after    1 steps
Writing TS-mode
Curvature after dimer rotation:               -0.00221
Frequency of transition mode  -241.720 cm^-1 (negative value denotes imaginary frequency)
Crossover temperature for tunnelling       55.35113 K
Restarting L-BFGS optimiser, instance: dimer rotation
Next calculation will be the dimer  midpoint
dl-find/turbomole/=============================== Tstep:   98.5 Ttot:55547.0 ==
eandg
Spin: 
 Energy calculation finished, energy: -2.138692165E+03
Testing convergence of dimer midpoint in cycle  192
    Energy  1.7000E-06 Target: 1.0000E-06 converged?   no
  Max step  3.5535E-02 Target: 1.8000E-03 converged?   no component   208
  RMS step  8.6920E-03 Target: 1.2000E-03 converged?   no
  Max grad  1.0583E-03 Target: 4.5000E-04 converged?   no component    88
  RMS grad  1.6856E-04 Target: 3.0000E-04 converged?  yes
Next calculation will be the dimer endpoint before rotation
dl-find/turbomole/=============================== Tstep:  119.6 Ttot:55666.6 ==
eandg
Spin: 
 Energy calculation finished, energy: -2.138692163E+03
Curvature at dimer midpoint                   -0.00217
Predicted dimer rotation angle:     17.152 deg
Next calculation will be the dimer endpoint after rotation
dl-find/turbomole/=============================== Tstep:  104.9 Ttot:55771.5 ==
eandg
Spin: 
 Energy calculation finished, energy: -2.138692156E+03
Curvature at dimer midpoint after rotation     0.02805
Curvature at dimer minimum                    -0.00217
Actual dimer rotation angle:         0.237 deg
Dimer rotation converged after    1 steps
Writing TS-mode
Curvature after dimer rotation:               -0.00217
Frequency of transition mode  -239.728 cm^-1 (negative value denotes imaginary frequency)
Crossover temperature for tunnelling       54.89498 K
Restarting L-BFGS optimiser, instance: dimer rotation
Next calculation will be the dimer  midpoint
dl-find/turbomole/=============================== Tstep:   95.4 Ttot:55866.8 ==
eandg
Spin: 
 Energy calculation finished, energy: -2.138692173E+03
Testing convergence of dimer midpoint in cycle  193
    Energy  7.6970E-06 Target: 1.0000E-06 converged?   no
  Max step  6.7498E-03 Target: 1.8000E-03 converged?   no component   238
  RMS step  1.6223E-03 Target: 1.2000E-03 converged?   no
  Max grad  1.2868E-04 Target: 4.5000E-04 converged?  yes component   138
  RMS grad  4.3618E-05 Target: 3.0000E-04 converged?  yes
Next calculation will be the dimer endpoint before rotation
dl-find/turbomole/=============================== Tstep:  108.7 Ttot:55975.6 ==
eandg
Spin: 
 Energy calculation finished, energy: -2.138692172E+03
Curvature at dimer midpoint                   -0.00221
Predicted dimer rotation angle:      6.150 deg
Next calculation will be the dimer endpoint after rotation
dl-find/turbomole/=============================== Tstep:  103.4 Ttot:56078.9 ==
eandg
Spin: 
 Energy calculation finished, energy: -2.138692172E+03
Curvature at dimer midpoint after rotation    -0.00099
Curvature at dimer minimum                    -0.00221
Actual dimer rotation angle:         0.240 deg
Dimer rotation converged after    1 steps
Writing TS-mode
Curvature after dimer rotation:               -0.00221
Frequency of transition mode  -241.912 cm^-1 (negative value denotes imaginary frequency)
Crossover temperature for tunnelling       55.39502 K
Restarting L-BFGS optimiser, instance: dimer rotation
Next calculation will be the dimer  midpoint
dl-find/turbomole/=============================== Tstep:   82.1 Ttot:56161.1 ==
eandg
Spin: 
 Energy calculation finished, energy: -2.138692175E+03
Testing convergence of dimer midpoint in cycle  194
    Energy  2.1920E-06 Target: 1.0000E-06 converged?   no
  Max step  1.5897E-03 Target: 1.8000E-03 converged?  yes component   243
  RMS step  4.3468E-04 Target: 1.2000E-03 converged?  yes
  Max grad  1.0986E-04 Target: 4.5000E-04 converged?  yes component   124
  RMS grad  3.6887E-05 Target: 3.0000E-04 converged?  yes
Next calculation will be the dimer endpoint before rotation
dl-find/turbomole/=============================== Tstep:   78.9 Ttot:56239.9 ==
eandg
Spin: 
 Energy calculation finished, energy: -2.138692174E+03
Curvature at dimer midpoint                   -0.00190
Predicted dimer rotation angle:      9.321 deg
Next calculation will be the dimer endpoint after rotation
dl-find/turbomole/=============================== Tstep:  101.2 Ttot:56341.1 ==
eandg
Spin: 
 Energy calculation finished, energy: -2.138692174E+03
Curvature at dimer midpoint after rotation     0.00301
Curvature at dimer minimum                    -0.00190
Actual dimer rotation angle:         0.188 deg
Dimer rotation converged after    1 steps
Writing TS-mode
Curvature after dimer rotation:               -0.00190
Frequency of transition mode  -223.953 cm^-1 (negative value denotes imaginary frequency)
Crossover temperature for tunnelling       51.28262 K
Restarting L-BFGS optimiser, instance: dimer rotation
Next calculation will be the dimer  midpoint
dl-find/turbomole/=============================== Tstep:   95.9 Ttot:56436.9 ==
eandg
Spin: 
 Energy calculation finished, energy: -2.138692178E+03
Testing convergence of dimer midpoint in cycle  195
    Energy  2.8800E-06 Target: 1.0000E-06 converged?   no
  Max step  1.2338E-02 Target: 1.8000E-03 converged?   no component   208
  RMS step  2.6951E-03 Target: 1.2000E-03 converged?   no
  Max grad  2.7000E-04 Target: 4.5000E-04 converged?  yes component    83
  RMS grad  5.1585E-05 Target: 3.0000E-04 converged?  yes
Next calculation will be the dimer endpoint before rotation
dl-find/turbomole/=============================== Tstep:  105.7 Ttot:56542.6 ==
eandg
Spin: 
 Energy calculation finished, energy: -2.138692177E+03
Curvature at dimer midpoint                   -0.00220
Predicted dimer rotation angle:      6.904 deg
Next calculation will be the dimer endpoint after rotation
dl-find/turbomole/=============================== Tstep:  105.6 Ttot:56648.3 ==
eandg
Spin: 
 Energy calculation finished, energy: -2.138692176E+03
Curvature at dimer midpoint after rotation     0.00212
Curvature at dimer minimum                    -0.00220
Actual dimer rotation angle:         0.101 deg
Dimer rotation converged after    1 steps
Writing TS-mode
Curvature after dimer rotation:               -0.00220
Frequency of transition mode  -241.332 cm^-1 (negative value denotes imaginary frequency)
Crossover temperature for tunnelling       55.26227 K
Restarting L-BFGS optimiser, instance: dimer rotation
Next calculation will be the dimer  midpoint
dl-find/turbomole/=============================== Tstep:   82.4 Ttot:56730.7 ==
eandg
Spin: 
 Energy calculation finished, energy: -2.138692182E+03
Testing convergence of dimer midpoint in cycle  196
    Energy  3.9980E-06 Target: 1.0000E-06 converged?   no
  Max step  1.3403E-02 Target: 1.8000E-03 converged?   no component   238
  RMS step  3.6327E-03 Target: 1.2000E-03 converged?   no
  Max grad  3.2723E-04 Target: 4.5000E-04 converged?  yes component   135
  RMS grad  6.6062E-05 Target: 3.0000E-04 converged?  yes
Next calculation will be the dimer endpoint before rotation
dl-find/turbomole/=============================== Tstep:  105.5 Ttot:56836.2 ==
eandg
Spin: 
 Energy calculation finished, energy: -2.138692181E+03
Curvature at dimer midpoint                   -0.00219
Predicted dimer rotation angle:      3.493 deg
Next calculation will be the dimer endpoint after rotation
dl-find/turbomole/=============================== Tstep:  104.6 Ttot:56940.8 ==
eandg
Spin: 
 Energy calculation finished, energy: -2.138692181E+03
Curvature at dimer midpoint after rotation    -0.00163
Curvature at dimer minimum                    -0.00219
Actual dimer rotation angle:         0.097 deg
Dimer rotation converged after    1 steps
Writing TS-mode
Curvature after dimer rotation:               -0.00219
Frequency of transition mode  -240.517 cm^-1 (negative value denotes imaginary frequency)
Crossover temperature for tunnelling       55.07553 K
Restarting L-BFGS optimiser, instance: dimer rotation
Next calculation will be the dimer  midpoint
dl-find/turbomole/=============================== Tstep:   76.9 Ttot:57017.7 ==
eandg
Spin: 
 Energy calculation finished, energy: -2.138692190E+03
Testing convergence of dimer midpoint in cycle  197
    Energy  8.6890E-06 Target: 1.0000E-06 converged?   no
  Max step  4.7143E-02 Target: 1.8000E-03 converged?   no component   208
  RMS step  1.0327E-02 Target: 1.2000E-03 converged?   no
  Max grad  8.0287E-04 Target: 4.5000E-04 converged?   no component    83
  RMS grad  1.0463E-04 Target: 3.0000E-04 converged?  yes
Next calculation will be the dimer endpoint before rotation
dl-find/turbomole/=============================== Tstep:  114.3 Ttot:57132.0 ==
eandg
Spin: 
 Energy calculation finished, energy: -2.138692189E+03
Curvature at dimer midpoint                   -0.00216
Predicted dimer rotation angle:      3.727 deg
Next calculation will be the dimer endpoint after rotation
dl-find/turbomole/=============================== Tstep:  106.4 Ttot:57238.4 ==
eandg
Spin: 
 Energy calculation finished, energy: -2.138692189E+03
Curvature at dimer midpoint after rotation    -0.00101
Curvature at dimer minimum                    -0.00216
Actual dimer rotation angle:         0.058 deg
Dimer rotation converged after    1 steps
Writing TS-mode
Curvature after dimer rotation:               -0.00216
Frequency of transition mode  -239.008 cm^-1 (negative value denotes imaginary frequency)
Crossover temperature for tunnelling       54.73000 K
Restarting L-BFGS optimiser, instance: dimer rotation
Next calculation will be the dimer  midpoint
dl-find/turbomole/=============================== Tstep:   66.2 Ttot:57304.7 ==
eandg
Spin: 
 Energy calculation finished, energy: -2.138692194E+03
Testing convergence of dimer midpoint in cycle  198
    Energy  3.6440E-06 Target: 1.0000E-06 converged?   no
  Max step  2.4356E-03 Target: 1.8000E-03 converged?   no component   241
  RMS step  7.5210E-04 Target: 1.2000E-03 converged?  yes
  Max grad  1.3746E-04 Target: 4.5000E-04 converged?  yes component   246
  RMS grad  4.1747E-05 Target: 3.0000E-04 converged?  yes
Next calculation will be the dimer endpoint before rotation
dl-find/turbomole/=============================== Tstep:  110.0 Ttot:57414.7 ==
eandg
Spin: 
 Energy calculation finished, energy: -2.138692193E+03
Curvature at dimer midpoint                   -0.00215
Predicted dimer rotation angle:      2.537 deg
Next calculation will be the dimer endpoint after rotation
dl-find/turbomole/=============================== Tstep:   96.4 Ttot:57511.1 ==
eandg
Spin: 
 Energy calculation finished, energy: -2.138692193E+03
Curvature at dimer midpoint after rotation    -0.00182
Curvature at dimer minimum                    -0.00215
Actual dimer rotation angle:         0.062 deg
Dimer rotation converged after    1 steps
Writing TS-mode
Curvature after dimer rotation:               -0.00215
Frequency of transition mode  -238.498 cm^-1 (negative value denotes imaginary frequency)
Crossover temperature for tunnelling       54.61327 K
Restarting L-BFGS optimiser, instance: dimer rotation
Next calculation will be the dimer  midpoint
dl-find/turbomole/=============================== Tstep:   75.1 Ttot:57586.2 ==
eandg
Spin: 
 Energy calculation finished, energy: -2.138692199E+03
Testing convergence of dimer midpoint in cycle  199
    Energy  4.6590E-06 Target: 1.0000E-06 converged?   no
  Max step  4.4511E-03 Target: 1.8000E-03 converged?   no component    13
  RMS step  1.3023E-03 Target: 1.2000E-03 converged?   no
  Max grad  2.8145E-04 Target: 4.5000E-04 converged?  yes component    83
  RMS grad  4.6513E-05 Target: 3.0000E-04 converged?  yes
Next calculation will be the dimer endpoint before rotation
dl-find/turbomole/=============================== Tstep:  107.6 Ttot:57693.8 ==
eandg
Spin: 
 Energy calculation finished, energy: -2.138692198E+03
Curvature at dimer midpoint                   -0.00216
Predicted dimer rotation angle:      2.812 deg
Next calculation will be the dimer endpoint after rotation
dl-find/turbomole/=============================== Tstep:  102.9 Ttot:57796.7 ==
eandg
Spin: 
 Energy calculation finished, energy: -2.138692198E+03
Curvature at dimer midpoint after rotation    -0.00160
Curvature at dimer minimum                    -0.00216
Actual dimer rotation angle:         0.051 deg
Dimer rotation converged after    1 steps
Writing TS-mode
Curvature after dimer rotation:               -0.00216
Frequency of transition mode  -238.935 cm^-1 (negative value denotes imaginary frequency)
Crossover temperature for tunnelling       54.71327 K
Restarting L-BFGS optimiser, instance: dimer rotation
Next calculation will be the dimer  midpoint
dl-find/turbomole/=============================== Tstep:   54.1 Ttot:57850.8 ==
eandg
Spin: 
 Energy calculation finished, energy: -2.138692207E+03
Testing convergence of dimer midpoint in cycle  200
    Energy  8.8060E-06 Target: 1.0000E-06 converged?   no
  Max step  1.7233E-02 Target: 1.8000E-03 converged?   no component   208
  RMS step  3.6044E-03 Target: 1.2000E-03 converged?   no
  Max grad  5.0755E-04 Target: 4.5000E-04 converged?   no component    83
  RMS grad  6.1143E-05 Target: 3.0000E-04 converged?  yes
Next calculation will be the dimer endpoint before rotation
dl-find/turbomole/=============================== Tstep:  109.1 Ttot:57960.0 ==
eandg
Spin: 
 Energy calculation finished, energy: -2.138692208E+03
Curvature at dimer midpoint                   -0.00218
Predicted dimer rotation angle:      2.776 deg
Next calculation will be the dimer endpoint after rotation
dl-find/turbomole/=============================== Tstep:   95.3 Ttot:58055.3 ==
eandg
Spin: 
 Energy calculation finished, energy: -2.138692208E+03
Curvature at dimer midpoint after rotation    -0.00177
Curvature at dimer minimum                    -0.00218
Actual dimer rotation angle:         0.066 deg
Dimer rotation converged after    1 steps
Writing TS-mode
Curvature after dimer rotation:               -0.00218
Frequency of transition mode  -239.917 cm^-1 (negative value denotes imaginary frequency)
Crossover temperature for tunnelling       54.93812 K
Restarting L-BFGS optimiser, instance: dimer rotation
Next calculation will be the dimer  midpoint
dl-find/turbomole/=============================== Tstep:   75.1 Ttot:58130.4 ==
eandg
Spin: 
 Energy calculation finished, energy: -2.138692209E+03
Testing convergence of dimer midpoint in cycle  201
    Energy  1.8980E-06 Target: 1.0000E-06 converged?   no
  Max step  2.3405E-02 Target: 1.8000E-03 converged?   no component     3
  RMS step  7.2439E-03 Target: 1.2000E-03 converged?   no
  Max grad  7.1328E-04 Target: 4.5000E-04 converged?   no component   244
  RMS grad  1.2520E-04 Target: 3.0000E-04 converged?  yes
Next calculation will be the dimer endpoint before rotation
dl-find/turbomole/=============================== Tstep:  115.9 Ttot:58246.4 ==
eandg
Spin: 
 Energy calculation finished, energy: -2.138692208E+03
Curvature at dimer midpoint                   -0.00217
Predicted dimer rotation angle:      3.456 deg
Next calculation will be the dimer endpoint after rotation
dl-find/turbomole/=============================== Tstep:  103.6 Ttot:58349.9 ==
eandg
Spin: 
 Energy calculation finished, energy: -2.138692209E+03
Curvature at dimer midpoint after rotation    -0.00140
Curvature at dimer minimum                    -0.00217
Actual dimer rotation angle:         0.068 deg
Dimer rotation converged after    1 steps
Writing TS-mode
Curvature after dimer rotation:               -0.00217
Frequency of transition mode  -239.589 cm^-1 (negative value denotes imaginary frequency)
Crossover temperature for tunnelling       54.86304 K
Restarting L-BFGS optimiser, instance: dimer rotation
Next calculation will be the dimer  midpoint
dl-find/turbomole/=============================== Tstep:   82.9 Ttot:58432.9 ==
eandg
Spin: 
 Energy calculation finished, energy: -2.138692218E+03
Testing convergence of dimer midpoint in cycle  202
    Energy  8.2900E-06 Target: 1.0000E-06 converged?   no
  Max step  3.1564E-02 Target: 1.8000E-03 converged?   no component   208
  RMS step  6.5054E-03 Target: 1.2000E-03 converged?   no
  Max grad  2.1096E-04 Target: 4.5000E-04 converged?  yes component    52
  RMS grad  5.8544E-05 Target: 3.0000E-04 converged?  yes
Next calculation will be the dimer endpoint before rotation
dl-find/turbomole/=============================== Tstep:  105.5 Ttot:58538.4 ==
eandg
Spin: 
 Energy calculation finished, energy: -2.138692216E+03
Curvature at dimer midpoint                   -0.00218
Predicted dimer rotation angle:      2.677 deg
Next calculation will be the dimer endpoint after rotation
dl-find/turbomole/=============================== Tstep:  103.4 Ttot:58641.9 ==
eandg
Spin: 
 Energy calculation finished, energy: -2.138692216E+03
Curvature at dimer midpoint after rotation    -0.00183
Curvature at dimer minimum                    -0.00218
Actual dimer rotation angle:         0.068 deg
Dimer rotation converged after    1 steps
Writing TS-mode
Curvature after dimer rotation:               -0.00218
Frequency of transition mode  -240.227 cm^-1 (negative value denotes imaginary frequency)
Crossover temperature for tunnelling       55.00921 K
Restarting L-BFGS optimiser, instance: dimer rotation
Next calculation will be the dimer  midpoint
dl-find/turbomole/=============================== Tstep:   75.3 Ttot:58717.2 ==
eandg
Spin: 
 Energy calculation finished, energy: -2.138692221E+03
Testing convergence of dimer midpoint in cycle  203
    Energy  2.9430E-06 Target: 1.0000E-06 converged?   no
  Max step  1.7445E-02 Target: 1.8000E-03 converged?   no component   208
  RMS step  3.6480E-03 Target: 1.2000E-03 converged?   no
  Max grad  1.7220E-04 Target: 4.5000E-04 converged?  yes component   244
  RMS grad  4.7831E-05 Target: 3.0000E-04 converged?  yes
Next calculation will be the dimer endpoint before rotation
dl-find/turbomole/=============================== Tstep:  105.8 Ttot:58823.0 ==
eandg
Spin: 
 Energy calculation finished, energy: -2.138692219E+03
Curvature at dimer midpoint                   -0.00220
Predicted dimer rotation angle:      3.198 deg
Next calculation will be the dimer endpoint after rotation
dl-find/turbomole/=============================== Tstep:  105.5 Ttot:58928.5 ==
eandg
Spin: 
 Energy calculation finished, energy: -2.138692226E+03
Curvature at dimer midpoint after rotation    -0.00138
Curvature at dimer minimum                    -0.00220
Actual dimer rotation angle:         0.052 deg
Dimer rotation converged after    1 steps
Writing TS-mode
Curvature after dimer rotation:               -0.00220
Frequency of transition mode  -241.176 cm^-1 (negative value denotes imaginary frequency)
Crossover temperature for tunnelling       55.22652 K
Restarting L-BFGS optimiser, instance: dimer rotation
Next calculation will be the dimer  midpoint
dl-find/turbomole/=============================== Tstep:   85.5 Ttot:59014.0 ==
eandg
Spin: 
 Energy calculation finished, energy: -2.138692230E+03
Testing convergence of dimer midpoint in cycle  204
    Energy  9.7030E-06 Target: 1.0000E-06 converged?   no
  Max step  1.4332E-02 Target: 1.8000E-03 converged?   no component   208
  RMS step  3.6896E-03 Target: 1.2000E-03 converged?   no
  Max grad  2.8510E-04 Target: 4.5000E-04 converged?  yes component   244
  RMS grad  5.9635E-05 Target: 3.0000E-04 converged?  yes
Next calculation will be the dimer endpoint before rotation
dl-find/turbomole/=============================== Tstep:  106.4 Ttot:59120.4 ==
eandg
Spin: 
 Energy calculation finished, energy: -2.138692229E+03
Curvature at dimer midpoint                   -0.00222
Predicted dimer rotation angle:      2.398 deg
Next calculation will be the dimer endpoint after rotation
dl-find/turbomole/=============================== Tstep:  102.5 Ttot:59223.0 ==
eandg
Spin: 
 Energy calculation finished, energy: -2.138692229E+03
Curvature at dimer midpoint after rotation    -0.00199
Curvature at dimer minimum                    -0.00222
Actual dimer rotation angle:         0.075 deg
Dimer rotation converged after    1 steps
Writing TS-mode
Curvature after dimer rotation:               -0.00222
Frequency of transition mode  -242.431 cm^-1 (negative value denotes imaginary frequency)
Crossover temperature for tunnelling       55.51398 K
Restarting L-BFGS optimiser, instance: dimer rotation
Next calculation will be the dimer  midpoint
dl-find/turbomole/=============================== Tstep:   74.7 Ttot:59297.6 ==
eandg
Spin: 
 Energy calculation finished, energy: -2.138692243E+03
Testing convergence of dimer midpoint in cycle  205
    Energy  1.3017E-05 Target: 1.0000E-06 converged?   no
  Max step  3.5626E-02 Target: 1.8000E-03 converged?   no component   208
  RMS step  7.1509E-03 Target: 1.2000E-03 converged?   no
  Max grad  3.9407E-04 Target: 4.5000E-04 converged?  yes component    52
  RMS grad  7.7117E-05 Target: 3.0000E-04 converged?  yes
Next calculation will be the dimer endpoint before rotation
dl-find/turbomole/=============================== Tstep:  110.8 Ttot:59408.4 ==
eandg
Spin: 
 Energy calculation finished, energy: -2.138692243E+03
Curvature at dimer midpoint                   -0.00229
Predicted dimer rotation angle:      6.924 deg
Next calculation will be the dimer endpoint after rotation
dl-find/turbomole/=============================== Tstep:  101.6 Ttot:59510.0 ==
eandg
Spin: 
 Energy calculation finished, energy: -2.138692243E+03
Curvature at dimer midpoint after rotation    -0.00096
Curvature at dimer minimum                    -0.00229
Actual dimer rotation angle:         0.322 deg
Dimer rotation converged after    1 steps
Writing TS-mode
Curvature after dimer rotation:               -0.00229
Frequency of transition mode  -246.056 cm^-1 (negative value denotes imaginary frequency)
Crossover temperature for tunnelling       56.34389 K
Restarting L-BFGS optimiser, instance: dimer rotation
Next calculation will be the dimer  midpoint
dl-find/turbomole/=============================== Tstep:   77.9 Ttot:59587.9 ==
eandg
Spin: 
 Energy calculation finished, energy: -2.138692244E+03
Testing convergence of dimer midpoint in cycle  206
    Energy  1.0920E-06 Target: 1.0000E-06 converged?   no
  Max step  6.8499E-02 Target: 1.8000E-03 converged?   no component   208
  RMS step  1.3620E-02 Target: 1.2000E-03 converged?   no
  Max grad  5.6080E-04 Target: 4.5000E-04 converged?   no component   251
  RMS grad  1.1434E-04 Target: 3.0000E-04 converged?  yes
Next calculation will be the dimer endpoint before rotation
dl-find/turbomole/=============================== Tstep:  114.2 Ttot:59702.1 ==
eandg
Spin: 
 Energy calculation finished, energy: -2.138692244E+03
Curvature at dimer midpoint                   -0.00231
Predicted dimer rotation angle:      8.381 deg
Next calculation will be the dimer endpoint after rotation
dl-find/turbomole/=============================== Tstep:  105.4 Ttot:59807.5 ==
eandg
Spin: 
 Energy calculation finished, energy: -2.138692243E+03
Curvature at dimer midpoint after rotation     0.00403
Curvature at dimer minimum                    -0.00231
Actual dimer rotation angle:         0.129 deg
Dimer rotation converged after    1 steps
Writing TS-mode
Curvature after dimer rotation:               -0.00231
Frequency of transition mode  -246.893 cm^-1 (negative value denotes imaginary frequency)
Crossover temperature for tunnelling       56.53564 K
Restarting L-BFGS optimiser, instance: dimer rotation
Next calculation will be the dimer  midpoint
dl-find/turbomole/=============================== Tstep:   79.3 Ttot:59886.8 ==
eandg
Spin: 
 Energy calculation finished, energy: -2.138692248E+03
Testing convergence of dimer midpoint in cycle  207
    Energy  4.0410E-06 Target: 1.0000E-06 converged?   no
  Max step  1.0725E-02 Target: 1.8000E-03 converged?   no component   166
  RMS step  2.4007E-03 Target: 1.2000E-03 converged?   no
  Max grad  1.5369E-04 Target: 4.5000E-04 converged?  yes component    89
  RMS grad  4.9703E-05 Target: 3.0000E-04 converged?  yes
Next calculation will be the dimer endpoint before rotation
dl-find/turbomole/=============================== Tstep:  101.0 Ttot:59987.7 ==
eandg
Spin: 
 Energy calculation finished, energy: -2.138692248E+03
Curvature at dimer midpoint                   -0.00230
Predicted dimer rotation angle:      4.277 deg
Next calculation will be the dimer endpoint after rotation
dl-find/turbomole/=============================== Tstep:  106.5 Ttot:60094.3 ==
eandg
Spin: 
 Energy calculation finished, energy: -2.138692248E+03
Curvature at dimer midpoint after rotation    -0.00130
Curvature at dimer minimum                    -0.00230
Actual dimer rotation angle:         0.105 deg
Dimer rotation converged after    1 steps
Writing TS-mode
Curvature after dimer rotation:               -0.00230
Frequency of transition mode  -246.345 cm^-1 (negative value denotes imaginary frequency)
Crossover temperature for tunnelling       56.41024 K
Restarting L-BFGS optimiser, instance: dimer rotation
Next calculation will be the dimer  midpoint
dl-find/turbomole/=============================== Tstep:   76.9 Ttot:60171.2 ==
eandg
Spin: 
 Energy calculation finished, energy: -2.138692258E+03
Testing convergence of dimer midpoint in cycle  208
    Energy  9.9650E-06 Target: 1.0000E-06 converged?   no
  Max step  1.5754E-02 Target: 1.8000E-03 converged?   no component   196
  RMS step  3.6949E-03 Target: 1.2000E-03 converged?   no
  Max grad  1.9153E-04 Target: 4.5000E-04 converged?  yes component    74
  RMS grad  5.1998E-05 Target: 3.0000E-04 converged?  yes
Next calculation will be the dimer endpoint before rotation
dl-find/turbomole/=============================== Tstep:  110.2 Ttot:60281.4 ==
eandg
Spin: 
 Energy calculation finished, energy: -2.138692258E+03
Curvature at dimer midpoint                   -0.00231
Predicted dimer rotation angle:      3.843 deg
Next calculation will be the dimer endpoint after rotation
dl-find/turbomole/=============================== Tstep:  104.3 Ttot:60385.7 ==
eandg
Spin: 
 Energy calculation finished, energy: -2.138692258E+03
Curvature at dimer midpoint after rotation    -0.00104
Curvature at dimer minimum                    -0.00231
Actual dimer rotation angle:         0.061 deg
Dimer rotation converged after    1 steps
Writing TS-mode
Curvature after dimer rotation:               -0.00231
Frequency of transition mode  -247.116 cm^-1 (negative value denotes imaginary frequency)
Crossover temperature for tunnelling       56.58675 K
Restarting L-BFGS optimiser, instance: dimer rotation
Next calculation will be the dimer  midpoint
dl-find/turbomole/=============================== Tstep:   76.7 Ttot:60462.3 ==
eandg
Spin: 
 Energy calculation finished, energy: -2.138692263E+03
Testing convergence of dimer midpoint in cycle  209
    Energy  4.5300E-06 Target: 1.0000E-06 converged?   no
  Max step  1.3947E-02 Target: 1.8000E-03 converged?   no component   208
  RMS step  2.7060E-03 Target: 1.2000E-03 converged?   no
  Max grad  3.2669E-04 Target: 4.5000E-04 converged?  yes component    83
  RMS grad  6.0511E-05 Target: 3.0000E-04 converged?  yes
Next calculation will be the dimer endpoint before rotation
dl-find/turbomole/=============================== Tstep:  108.7 Ttot:60571.0 ==
eandg
Spin: 
 Energy calculation finished, energy: -2.138692262E+03
Curvature at dimer midpoint                   -0.00233
Predicted dimer rotation angle:      2.419 deg
Next calculation will be the dimer endpoint after rotation
dl-find/turbomole/=============================== Tstep:  105.1 Ttot:60676.1 ==
eandg
Spin: 
 Energy calculation finished, energy: -2.138692262E+03
Curvature at dimer midpoint after rotation    -0.00205
Curvature at dimer minimum                    -0.00233
Actual dimer rotation angle:         0.068 deg
Dimer rotation converged after    1 steps
Writing TS-mode
Curvature after dimer rotation:               -0.00233
Frequency of transition mode  -248.077 cm^-1 (negative value denotes imaginary frequency)
Crossover temperature for tunnelling       56.80680 K
Restarting L-BFGS optimiser, instance: dimer rotation
Next calculation will be the dimer  midpoint
dl-find/turbomole/=============================== Tstep:   75.1 Ttot:60751.2 ==
eandg
Spin: 
 Energy calculation finished, energy: -2.138692267E+03
Testing convergence of dimer midpoint in cycle  210
    Energy  4.1770E-06 Target: 1.0000E-06 converged?   no
  Max step  6.4310E-02 Target: 1.8000E-03 converged?   no component   208
  RMS step  1.2245E-02 Target: 1.2000E-03 converged?   no
  Max grad  5.9230E-04 Target: 4.5000E-04 converged?   no component    74
  RMS grad  1.1212E-04 Target: 3.0000E-04 converged?  yes
Next calculation will be the dimer endpoint before rotation
dl-find/turbomole/=============================== Tstep:  118.8 Ttot:60870.0 ==
eandg
Spin: 
 Energy calculation finished, energy: -2.138692267E+03
Curvature at dimer midpoint                   -0.00239
Predicted dimer rotation angle:      3.162 deg
Next calculation will be the dimer endpoint after rotation
dl-find/turbomole/=============================== Tstep:  105.4 Ttot:60975.4 ==
eandg
Spin: 
 Energy calculation finished, energy: -2.138692267E+03
Curvature at dimer midpoint after rotation    -0.00176
Curvature at dimer minimum                    -0.00239
Actual dimer rotation angle:         0.070 deg
Dimer rotation converged after    1 steps
Writing TS-mode
Curvature after dimer rotation:               -0.00239
Frequency of transition mode  -251.558 cm^-1 (negative value denotes imaginary frequency)
Crossover temperature for tunnelling       57.60394 K
Restarting L-BFGS optimiser, instance: dimer rotation
Next calculation will be the dimer  midpoint
dl-find/turbomole/=============================== Tstep:   76.7 Ttot:61052.1 ==
eandg
Spin: 
 Energy calculation finished, energy: -2.138692271E+03
Testing convergence of dimer midpoint in cycle  211
    Energy  3.9010E-06 Target: 1.0000E-06 converged?   no
  Max step  3.6665E-02 Target: 1.8000E-03 converged?   no component   208
  RMS step  6.7023E-03 Target: 1.2000E-03 converged?   no
  Max grad  2.0052E-04 Target: 4.5000E-04 converged?  yes component    83
  RMS grad  5.5969E-05 Target: 3.0000E-04 converged?  yes
Next calculation will be the dimer endpoint before rotation
dl-find/turbomole/=============================== Tstep:  112.4 Ttot:61164.6 ==
eandg
Spin: 
 Energy calculation finished, energy: -2.138692271E+03
Curvature at dimer midpoint                   -0.00241
Predicted dimer rotation angle:      2.871 deg
Next calculation will be the dimer endpoint after rotation
dl-find/turbomole/=============================== Tstep:  103.6 Ttot:61268.2 ==
eandg
Spin: 
 Energy calculation finished, energy: -2.138692271E+03
Curvature at dimer midpoint after rotation    -0.00190
Curvature at dimer minimum                    -0.00241
Actual dimer rotation angle:         0.066 deg
Dimer rotation converged after    1 steps
Writing TS-mode
Curvature after dimer rotation:               -0.00241
Frequency of transition mode  -252.247 cm^-1 (negative value denotes imaginary frequency)
Crossover temperature for tunnelling       57.76173 K
Restarting L-BFGS optimiser, instance: dimer rotation
Next calculation will be the dimer  midpoint
dl-find/turbomole/=============================== Tstep:   66.5 Ttot:61334.7 ==
eandg
Spin: 
 Energy calculation finished, energy: -2.138692278E+03
Testing convergence of dimer midpoint in cycle  212
    Energy  7.2070E-06 Target: 1.0000E-06 converged?   no
  Max step  2.1563E-02 Target: 1.8000E-03 converged?   no component   208
  RMS step  4.0314E-03 Target: 1.2000E-03 converged?   no
  Max grad  2.0936E-04 Target: 4.5000E-04 converged?  yes component    74
  RMS grad  5.1703E-05 Target: 3.0000E-04 converged?  yes
Next calculation will be the dimer endpoint before rotation
dl-find/turbomole/=============================== Tstep:  108.2 Ttot:61442.9 ==
eandg
Spin: 
 Energy calculation finished, energy: -2.138692278E+03
Curvature at dimer midpoint                   -0.00243
Predicted dimer rotation angle:      2.795 deg
Next calculation will be the dimer endpoint after rotation
dl-find/turbomole/=============================== Tstep:  105.5 Ttot:61548.4 ==
eandg
Spin: 
 Energy calculation finished, energy: -2.138692278E+03
Curvature at dimer midpoint after rotation    -0.00200
Curvature at dimer minimum                    -0.00243
Actual dimer rotation angle:         0.071 deg
Dimer rotation converged after    1 steps
Writing TS-mode
Curvature after dimer rotation:               -0.00243
Frequency of transition mode  -253.307 cm^-1 (negative value denotes imaginary frequency)
Crossover temperature for tunnelling       58.00447 K
Restarting L-BFGS optimiser, instance: dimer rotation
Next calculation will be the dimer  midpoint
dl-find/turbomole/=============================== Tstep:   71.2 Ttot:61619.5 ==
eandg
Spin: 
 Energy calculation finished, energy: -2.138692284E+03
Testing convergence of dimer midpoint in cycle  213
    Energy  5.6450E-06 Target: 1.0000E-06 converged?   no
  Max step  4.7194E-02 Target: 1.8000E-03 converged?   no component   208
  RMS step  8.6053E-03 Target: 1.2000E-03 converged?   no
  Max grad  3.2826E-04 Target: 4.5000E-04 converged?  yes component   154
  RMS grad  6.3896E-05 Target: 3.0000E-04 converged?  yes
Next calculation will be the dimer endpoint before rotation
dl-find/turbomole/=============================== Tstep:  106.5 Ttot:61726.0 ==
eandg
Spin: 
 Energy calculation finished, energy: -2.138692284E+03
Curvature at dimer midpoint                   -0.00247
Predicted dimer rotation angle:      3.243 deg
Next calculation will be the dimer endpoint after rotation
dl-find/turbomole/=============================== Tstep:  105.6 Ttot:61831.7 ==
eandg
Spin: 
 Energy calculation finished, energy: -2.138692284E+03
Curvature at dimer midpoint after rotation    -0.00188
Curvature at dimer minimum                    -0.00247
Actual dimer rotation angle:         0.084 deg
Dimer rotation converged after    1 steps
Writing TS-mode
Curvature after dimer rotation:               -0.00247
Frequency of transition mode  -255.313 cm^-1 (negative value denotes imaginary frequency)
Crossover temperature for tunnelling       58.46365 K
Restarting L-BFGS optimiser, instance: dimer rotation
Next calculation will be the dimer  midpoint
dl-find/turbomole/=============================== Tstep:   80.8 Ttot:61912.4 ==
eandg
Spin: 
 Energy calculation finished, energy: -2.138692292E+03
Testing convergence of dimer midpoint in cycle  214
    Energy  8.6390E-06 Target: 1.0000E-06 converged?   no
  Max step  6.2245E-02 Target: 1.8000E-03 converged?   no component   208
  RMS step  1.0899E-02 Target: 1.2000E-03 converged?   no
  Max grad  6.5585E-04 Target: 4.5000E-04 converged?   no component    83
  RMS grad  1.2514E-04 Target: 3.0000E-04 converged?  yes
Next calculation will be the dimer endpoint before rotation
dl-find/turbomole/=============================== Tstep:  104.0 Ttot:62016.5 ==
eandg
Spin: 
 Energy calculation finished, energy: -2.138692293E+03
Curvature at dimer midpoint                   -0.00248
Predicted dimer rotation angle:      3.404 deg
Next calculation will be the dimer endpoint after rotation
dl-find/turbomole/=============================== Tstep:  104.5 Ttot:62121.0 ==
eandg
Spin: 
 Energy calculation finished, energy: -2.138692292E+03
Curvature at dimer midpoint after rotation    -0.00168
Curvature at dimer minimum                    -0.00248
Actual dimer rotation angle:         0.072 deg
Dimer rotation converged after    1 steps
Writing TS-mode
Curvature after dimer rotation:               -0.00248
Frequency of transition mode  -255.899 cm^-1 (negative value denotes imaginary frequency)
Crossover temperature for tunnelling       58.59799 K
Restarting L-BFGS optimiser, instance: dimer rotation
Next calculation will be the dimer  midpoint
dl-find/turbomole/=============================== Tstep:   67.0 Ttot:62188.1 ==
eandg
Spin: 
 Energy calculation finished, energy: -2.138692302E+03
Testing convergence of dimer midpoint in cycle  215
    Energy  9.2920E-06 Target: 1.0000E-06 converged?   no
  Max step  2.3042E-02 Target: 1.8000E-03 converged?   no component   208
  RMS step  4.1931E-03 Target: 1.2000E-03 converged?   no
  Max grad  3.1715E-04 Target: 4.5000E-04 converged?  yes component    83
  RMS grad  5.8166E-05 Target: 3.0000E-04 converged?  yes
Next calculation will be the dimer endpoint before rotation
dl-find/turbomole/=============================== Tstep:  115.8 Ttot:62303.9 ==
eandg
Spin: 
 Energy calculation finished, energy: -2.138692302E+03
Curvature at dimer midpoint                   -0.00249
Predicted dimer rotation angle:      2.845 deg
Next calculation will be the dimer endpoint after rotation
dl-find/turbomole/=============================== Tstep:  105.8 Ttot:62409.7 ==
eandg
Spin: 
 Energy calculation finished, energy: -2.138692302E+03
Curvature at dimer midpoint after rotation    -0.00204
Curvature at dimer minimum                    -0.00249
Actual dimer rotation angle:         0.073 deg
Dimer rotation converged after    1 steps
Writing TS-mode
Curvature after dimer rotation:               -0.00249
Frequency of transition mode  -256.623 cm^-1 (negative value denotes imaginary frequency)
Crossover temperature for tunnelling       58.76380 K
Restarting L-BFGS optimiser, instance: dimer rotation
Next calculation will be the dimer  midpoint
dl-find/turbomole/=============================== Tstep:   69.2 Ttot:62478.8 ==
eandg
Spin: 
 Energy calculation finished, energy: -2.138692310E+03
Testing convergence of dimer midpoint in cycle  216
    Energy  8.4620E-06 Target: 1.0000E-06 converged?   no
  Max step  1.6365E-02 Target: 1.8000E-03 converged?   no component   208
  RMS step  3.3448E-03 Target: 1.2000E-03 converged?   no
  Max grad  1.3734E-04 Target: 4.5000E-04 converged?  yes component   154
  RMS grad  4.6597E-05 Target: 3.0000E-04 converged?  yes
Next calculation will be the dimer endpoint before rotation
dl-find/turbomole/=============================== Tstep:  105.7 Ttot:62584.6 ==
eandg
Spin: 
 Energy calculation finished, energy: -2.138692311E+03
Curvature at dimer midpoint                   -0.00249
Predicted dimer rotation angle:      2.815 deg
Next calculation will be the dimer endpoint after rotation
dl-find/turbomole/=============================== Tstep:  104.9 Ttot:62689.5 ==
eandg
Spin: 
 Energy calculation finished, energy: -2.138692311E+03
Curvature at dimer midpoint after rotation    -0.00189
Curvature at dimer minimum                    -0.00249
Actual dimer rotation angle:         0.054 deg
Dimer rotation converged after    1 steps
Writing TS-mode
Curvature after dimer rotation:               -0.00249
Frequency of transition mode  -256.455 cm^-1 (negative value denotes imaginary frequency)
Crossover temperature for tunnelling       58.72529 K
Restarting L-BFGS optimiser, instance: dimer rotation
Next calculation will be the dimer  midpoint
dl-find/turbomole/=============================== Tstep:   75.2 Ttot:62764.7 ==
eandg
Spin: 
 Energy calculation finished, energy: -2.138692316E+03
Testing convergence of dimer midpoint in cycle  217
    Energy  5.4150E-06 Target: 1.0000E-06 converged?   no
  Max step  2.0283E-02 Target: 1.8000E-03 converged?   no component   208
  RMS step  3.7564E-03 Target: 1.2000E-03 converged?   no
  Max grad  2.2825E-04 Target: 4.5000E-04 converged?  yes component   244
  RMS grad  5.6551E-05 Target: 3.0000E-04 converged?  yes
Next calculation will be the dimer endpoint before rotation
dl-find/turbomole/=============================== Tstep:  106.2 Ttot:62870.9 ==
eandg
Spin: 
 Energy calculation finished, energy: -2.138692316E+03
Curvature at dimer midpoint                   -0.00250
Predicted dimer rotation angle:      2.267 deg
Next calculation will be the dimer endpoint after rotation
dl-find/turbomole/=============================== Tstep:  105.1 Ttot:62975.9 ==
eandg
Spin: 
 Energy calculation finished, energy: -2.138692316E+03
Curvature at dimer midpoint after rotation    -0.00226
Curvature at dimer minimum                    -0.00250
Actual dimer rotation angle:         0.070 deg
Dimer rotation converged after    1 steps
Writing TS-mode
Curvature after dimer rotation:               -0.00250
Frequency of transition mode  -257.151 cm^-1 (negative value denotes imaginary frequency)
Crossover temperature for tunnelling       58.88463 K
Restarting L-BFGS optimiser, instance: dimer rotation
Next calculation will be the dimer  midpoint
dl-find/turbomole/=============================== Tstep:   80.5 Ttot:63056.5 ==
eandg
Spin: 
 Energy calculation finished, energy: -2.138692329E+03
Testing convergence of dimer midpoint in cycle  218
    Energy  1.3562E-05 Target: 1.0000E-06 converged?   no
  Max step  4.1747E-02 Target: 1.8000E-03 converged?   no component   208
  RMS step  7.3772E-03 Target: 1.2000E-03 converged?   no
  Max grad  2.9659E-04 Target: 4.5000E-04 converged?  yes component    83
  RMS grad  6.5153E-05 Target: 3.0000E-04 converged?  yes
Next calculation will be the dimer endpoint before rotation
dl-find/turbomole/=============================== Tstep:  109.8 Ttot:63166.2 ==
eandg
Spin: 
 Energy calculation finished, energy: -2.138692330E+03
Curvature at dimer midpoint                   -0.00254
Predicted dimer rotation angle:      3.231 deg
Next calculation will be the dimer endpoint after rotation
dl-find/turbomole/=============================== Tstep:  104.3 Ttot:63270.5 ==
eandg
Spin: 
 Energy calculation finished, energy: -2.138692330E+03
Curvature at dimer midpoint after rotation    -0.00166
Curvature at dimer minimum                    -0.00254
Actual dimer rotation angle:         0.057 deg
Dimer rotation converged after    1 steps
Writing TS-mode
Curvature after dimer rotation:               -0.00254
Frequency of transition mode  -259.028 cm^-1 (negative value denotes imaginary frequency)
Crossover temperature for tunnelling       59.31432 K
Restarting L-BFGS optimiser, instance: dimer rotation
Next calculation will be the dimer  midpoint
dl-find/turbomole/=============================== Tstep:   74.9 Ttot:63345.4 ==
eandg
Spin: 
 Energy calculation finished, energy: -2.138692316E+03
Testing convergence of dimer midpoint in cycle  219
    Energy  1.3429E-05 Target: 1.0000E-06 converged?   no
  Max step  1.0171E-01 Target: 1.8000E-03 converged?   no component   208
  RMS step  1.8135E-02 Target: 1.2000E-03 converged?   no
  Max grad  1.4105E-03 Target: 4.5000E-04 converged?   no component    46
  RMS grad  2.2592E-04 Target: 3.0000E-04 converged?  yes
Next calculation will be the dimer endpoint before rotation
dl-find/turbomole/=============================== Tstep:  110.4 Ttot:63455.8 ==
eandg
Spin: 
 Energy calculation finished, energy: -2.138692316E+03
Curvature at dimer midpoint                   -0.00264
Predicted dimer rotation angle:      4.149 deg
Next calculation will be the dimer endpoint after rotation
dl-find/turbomole/=============================== Tstep:  106.0 Ttot:63561.8 ==
eandg
Spin: 
 Energy calculation finished, energy: -2.138692321E+03
Curvature at dimer midpoint after rotation    -0.00180
Curvature at dimer minimum                    -0.00264
Actual dimer rotation angle:         0.130 deg
Dimer rotation converged after    1 steps
Writing TS-mode
Curvature after dimer rotation:               -0.00264
Frequency of transition mode  -263.946 cm^-1 (negative value denotes imaginary frequency)
Crossover temperature for tunnelling       60.44063 K
Restarting L-BFGS optimiser, instance: dimer rotation
Next calculation will be the dimer  midpoint
dl-find/turbomole/=============================== Tstep:   86.4 Ttot:63648.3 ==
eandg
Spin: 
 Energy calculation finished, energy: -2.138692335E+03
Testing convergence of dimer midpoint in cycle  220
    Energy  1.8958E-05 Target: 1.0000E-06 converged?   no
  Max step  2.4330E-02 Target: 1.8000E-03 converged?   no component   208
  RMS step  4.7021E-03 Target: 1.2000E-03 converged?   no
  Max grad  1.7432E-04 Target: 4.5000E-04 converged?  yes component    83
  RMS grad  5.0602E-05 Target: 3.0000E-04 converged?  yes
Next calculation will be the dimer endpoint before rotation
dl-find/turbomole/=============================== Tstep:  116.6 Ttot:63764.8 ==
eandg
Spin: 
 Energy calculation finished, energy: -2.138692338E+03
Curvature at dimer midpoint                   -0.00254
Predicted dimer rotation angle:      7.847 deg
Next calculation will be the dimer endpoint after rotation
dl-find/turbomole/=============================== Tstep:  104.6 Ttot:63869.4 ==
eandg
Spin: 
 Energy calculation finished, energy: -2.138692335E+03
Curvature at dimer midpoint after rotation    -0.00052
Curvature at dimer minimum                    -0.00254
Actual dimer rotation angle:         0.344 deg
Dimer rotation converged after    1 steps
Writing TS-mode
Curvature after dimer rotation:               -0.00254
Frequency of transition mode  -259.176 cm^-1 (negative value denotes imaginary frequency)
Crossover temperature for tunnelling       59.34827 K
Restarting L-BFGS optimiser, instance: dimer rotation
Next calculation will be the dimer  midpoint
dl-find/turbomole/=============================== Tstep:   79.7 Ttot:63949.1 ==
eandg
Spin: 
 Energy calculation finished, energy: -2.138692340E+03
Testing convergence of dimer midpoint in cycle  221
    Energy  5.3060E-06 Target: 1.0000E-06 converged?   no
  Max step  9.2984E-03 Target: 1.8000E-03 converged?   no component    34
  RMS step  2.0917E-03 Target: 1.2000E-03 converged?   no
  Max grad  1.3044E-04 Target: 4.5000E-04 converged?  yes component   118
  RMS grad  3.8933E-05 Target: 3.0000E-04 converged?  yes
Next calculation will be the dimer endpoint before rotation
dl-find/turbomole/=============================== Tstep:  108.8 Ttot:64057.9 ==
eandg
Spin: 
 Energy calculation finished, energy: -2.138692343E+03
Curvature at dimer midpoint                   -0.00255
Predicted dimer rotation angle:      7.476 deg
Next calculation will be the dimer endpoint after rotation
dl-find/turbomole/=============================== Tstep:  105.7 Ttot:64163.6 ==
eandg
Spin: 
 Energy calculation finished, energy: -2.138692341E+03
Curvature at dimer midpoint after rotation     0.00241
Curvature at dimer minimum                    -0.00255
Actual dimer rotation angle:         0.129 deg
Dimer rotation converged after    1 steps
Writing TS-mode
Curvature after dimer rotation:               -0.00255
Frequency of transition mode  -259.815 cm^-1 (negative value denotes imaginary frequency)
Crossover temperature for tunnelling       59.49455 K
Restarting L-BFGS optimiser, instance: dimer rotation
Next calculation will be the dimer  midpoint
dl-find/turbomole/=============================== Tstep:   86.9 Ttot:64250.5 ==
eandg
Spin: 
 Energy calculation finished, energy: -2.138692344E+03
Testing convergence of dimer midpoint in cycle  222
    Energy  3.9590E-06 Target: 1.0000E-06 converged?   no
  Max step  3.1046E-02 Target: 1.8000E-03 converged?   no component   208
  RMS step  6.2800E-03 Target: 1.2000E-03 converged?   no
  Max grad  2.4472E-04 Target: 4.5000E-04 converged?  yes component    83
  RMS grad  5.5861E-05 Target: 3.0000E-04 converged?  yes
Next calculation will be the dimer endpoint before rotation
dl-find/turbomole/=============================== Tstep:  110.8 Ttot:64361.4 ==
eandg
Spin: 
 Energy calculation finished, energy: -2.138692347E+03
Curvature at dimer midpoint                   -0.00255
Predicted dimer rotation angle:      4.160 deg
Next calculation will be the dimer endpoint after rotation
dl-find/turbomole/=============================== Tstep:  103.1 Ttot:64464.5 ==
eandg
Spin: 
 Energy calculation finished, energy: -2.138692347E+03
Curvature at dimer midpoint after rotation    -0.00193
Curvature at dimer minimum                    -0.00255
Actual dimer rotation angle:         0.167 deg
Dimer rotation converged after    1 steps
Writing TS-mode
Curvature after dimer rotation:               -0.00255
Frequency of transition mode  -259.580 cm^-1 (negative value denotes imaginary frequency)
Crossover temperature for tunnelling       59.44078 K
Restarting L-BFGS optimiser, instance: dimer rotation
Next calculation will be the dimer  midpoint
dl-find/turbomole/=============================== Tstep:   79.9 Ttot:64544.4 ==
eandg
Spin: 
 Energy calculation finished, energy: -2.138692356E+03
Testing convergence of dimer midpoint in cycle  223
    Energy  1.2188E-05 Target: 1.0000E-06 converged?   no
  Max step  4.8415E-02 Target: 1.8000E-03 converged?   no component   208
  RMS step  9.2104E-03 Target: 1.2000E-03 converged?   no
  Max grad  3.7535E-04 Target: 4.5000E-04 converged?  yes component    83
  RMS grad  6.8958E-05 Target: 3.0000E-04 converged?  yes
Next calculation will be the dimer endpoint before rotation
dl-find/turbomole/=============================== Tstep:  112.1 Ttot:64656.5 ==
eandg
Spin: 
 Energy calculation finished, energy: -2.138692356E+03
Curvature at dimer midpoint                   -0.00258
Predicted dimer rotation angle:      7.975 deg
Next calculation will be the dimer endpoint after rotation
dl-find/turbomole/=============================== Tstep:  104.6 Ttot:64761.1 ==
eandg
Spin: 
 Energy calculation finished, energy: -2.138692357E+03
Curvature at dimer midpoint after rotation     0.00173
Curvature at dimer minimum                    -0.00259
Actual dimer rotation angle:         0.180 deg
Dimer rotation converged after    1 steps
Writing TS-mode
Curvature after dimer rotation:               -0.00259
Frequency of transition mode  -261.411 cm^-1 (negative value denotes imaginary frequency)
Crossover temperature for tunnelling       59.86007 K
Restarting L-BFGS optimiser, instance: dimer rotation
Next calculation will be the dimer  midpoint
dl-find/turbomole/=============================== Tstep:   89.0 Ttot:64850.1 ==
eandg
Spin: 
 Energy calculation finished, energy: -2.138692354E+03
Testing convergence of dimer midpoint in cycle  224
    Energy  1.7290E-06 Target: 1.0000E-06 converged?   no
  Max step  9.7050E-02 Target: 1.8000E-03 converged?   no component   208
  RMS step  1.8528E-02 Target: 1.2000E-03 converged?   no
  Max grad  1.5364E-03 Target: 4.5000E-04 converged?   no component   215
  RMS grad  2.1473E-04 Target: 3.0000E-04 converged?  yes
Next calculation will be the dimer endpoint before rotation
dl-find/turbomole/=============================== Tstep:  121.9 Ttot:64972.0 ==
eandg
Spin: 
 Energy calculation finished, energy: -2.138692355E+03
Curvature at dimer midpoint                   -0.00262
Predicted dimer rotation angle:      6.474 deg
Next calculation will be the dimer endpoint after rotation
dl-find/turbomole/=============================== Tstep:  106.5 Ttot:65078.5 ==
eandg
Spin: 
 Energy calculation finished, energy: -2.138692355E+03
Curvature at dimer midpoint after rotation     0.00076
Curvature at dimer minimum                    -0.00263
Actual dimer rotation angle:         0.125 deg
Dimer rotation converged after    1 steps
Writing TS-mode
Curvature after dimer rotation:               -0.00263
Frequency of transition mode  -263.431 cm^-1 (negative value denotes imaginary frequency)
Crossover temperature for tunnelling       60.32266 K
Restarting L-BFGS optimiser, instance: dimer rotation
Next calculation will be the dimer  midpoint
dl-find/turbomole/=============================== Tstep:   88.3 Ttot:65166.8 ==
eandg
Spin: 
 Energy calculation finished, energy: -2.138692372E+03
Testing convergence of dimer midpoint in cycle  225
    Energy  1.8007E-05 Target: 1.0000E-06 converged?   no
  Max step  1.0276E-02 Target: 1.8000E-03 converged?   no component   166
  RMS step  2.5576E-03 Target: 1.2000E-03 converged?   no
  Max grad  1.7147E-04 Target: 4.5000E-04 converged?  yes component   215
  RMS grad  5.6668E-05 Target: 3.0000E-04 converged?  yes
Next calculation will be the dimer endpoint before rotation
dl-find/turbomole/=============================== Tstep:  119.4 Ttot:65286.2 ==
eandg
Spin: 
 Energy calculation finished, energy: -2.138692373E+03
Curvature at dimer midpoint                   -0.00261
Predicted dimer rotation angle:      4.100 deg
Next calculation will be the dimer endpoint after rotation
dl-find/turbomole/=============================== Tstep:  105.5 Ttot:65391.7 ==
eandg
Spin: 
 Energy calculation finished, energy: -2.138692373E+03
Curvature at dimer midpoint after rotation    -0.00156
Curvature at dimer minimum                    -0.00261
Actual dimer rotation angle:         0.100 deg
Dimer rotation converged after    1 steps
Writing TS-mode
Curvature after dimer rotation:               -0.00261
Frequency of transition mode  -262.543 cm^-1 (negative value denotes imaginary frequency)
Crossover temperature for tunnelling       60.11926 K
Restarting L-BFGS optimiser, instance: dimer rotation
Next calculation will be the dimer  midpoint
dl-find/turbomole/=============================== Tstep:   76.7 Ttot:65468.4 ==
eandg
Spin: 
 Energy calculation finished, energy: -2.138692376E+03
Testing convergence of dimer midpoint in cycle  226
    Energy  3.4150E-06 Target: 1.0000E-06 converged?   no
  Max step  6.0735E-03 Target: 1.8000E-03 converged?   no component    34
  RMS step  1.6460E-03 Target: 1.2000E-03 converged?   no
  Max grad  1.2322E-04 Target: 4.5000E-04 converged?  yes component   250
  RMS grad  4.4354E-05 Target: 3.0000E-04 converged?  yes
Next calculation will be the dimer endpoint before rotation
dl-find/turbomole/=============================== Tstep:  106.1 Ttot:65574.5 ==
eandg
Spin: 
 Energy calculation finished, energy: -2.138692377E+03
Curvature at dimer midpoint                   -0.00260
Predicted dimer rotation angle:      3.101 deg
Next calculation will be the dimer endpoint after rotation
dl-find/turbomole/=============================== Tstep:  105.2 Ttot:65679.7 ==
eandg
Spin: 
 Energy calculation finished, energy: -2.138692377E+03
Curvature at dimer midpoint after rotation    -0.00200
Curvature at dimer minimum                    -0.00260
Actual dimer rotation angle:         0.075 deg
Dimer rotation converged after    1 steps
Writing TS-mode
Curvature after dimer rotation:               -0.00260
Frequency of transition mode  -261.998 cm^-1 (negative value denotes imaginary frequency)
Crossover temperature for tunnelling       59.99446 K
Restarting L-BFGS optimiser, instance: dimer rotation
Next calculation will be the dimer  midpoint
dl-find/turbomole/=============================== Tstep:   71.9 Ttot:65751.6 ==
eandg
Spin: 
 Energy calculation finished, energy: -2.138692366E+03
Testing convergence of dimer midpoint in cycle  227
    Energy  9.7930E-06 Target: 1.0000E-06 converged?   no
  Max step  2.1697E-02 Target: 1.8000E-03 converged?   no component   205
  RMS step  4.4366E-03 Target: 1.2000E-03 converged?   no
  Max grad  2.8799E-04 Target: 4.5000E-04 converged?  yes component   215
  RMS grad  6.1217E-05 Target: 3.0000E-04 converged?  yes
Next calculation will be the dimer endpoint before rotation
dl-find/turbomole/=============================== Tstep:  112.3 Ttot:65863.9 ==
eandg
Spin: 
 Energy calculation finished, energy: -2.138692367E+03
Curvature at dimer midpoint                   -0.00259
Predicted dimer rotation angle:      2.693 deg
Next calculation will be the dimer endpoint after rotation
dl-find/turbomole/=============================== Tstep:  104.7 Ttot:65968.6 ==
eandg
Spin: 
 Energy calculation finished, energy: -2.138692367E+03
Curvature at dimer midpoint after rotation    -0.00205
Curvature at dimer minimum                    -0.00259
Actual dimer rotation angle:         0.055 deg
Dimer rotation converged after    1 steps
Writing TS-mode
Curvature after dimer rotation:               -0.00259
Frequency of transition mode  -261.847 cm^-1 (negative value denotes imaginary frequency)
Crossover temperature for tunnelling       59.95986 K
Restarting L-BFGS optimiser, instance: dimer rotation
Next calculation will be the dimer  midpoint
dl-find/turbomole/=============================== Tstep:   67.2 Ttot:66035.8 ==
eandg
Spin: 
 Energy calculation finished, energy: -2.138692307E+03
Testing convergence of dimer midpoint in cycle  228
    Energy  5.9311E-05 Target: 1.0000E-06 converged?   no
  Max step  4.4939E-02 Target: 1.8000E-03 converged?   no component   208
  RMS step  8.5610E-03 Target: 1.2000E-03 converged?   no
  Max grad  3.4403E-04 Target: 4.5000E-04 converged?  yes component    83
  RMS grad  7.5661E-05 Target: 3.0000E-04 converged?  yes
Next calculation will be the dimer endpoint before rotation
dl-find/turbomole/=============================== Tstep:  124.9 Ttot:66160.6 ==
eandg
Spin: 
 Energy calculation finished, energy: -2.138692308E+03
Curvature at dimer midpoint                   -0.00258
Predicted dimer rotation angle:      2.012 deg
Next calculation will be the dimer endpoint after rotation
dl-find/turbomole/=============================== Tstep:  106.6 Ttot:66267.3 ==
eandg
Spin: 
 Energy calculation finished, energy: -2.138692308E+03
Curvature at dimer midpoint after rotation    -0.00239
Curvature at dimer minimum                    -0.00258
Actual dimer rotation angle:         0.061 deg
Dimer rotation converged after    1 steps
Writing TS-mode
Curvature after dimer rotation:               -0.00258
Frequency of transition mode  -261.308 cm^-1 (negative value denotes imaginary frequency)
Crossover temperature for tunnelling       59.83646 K
Restarting L-BFGS optimiser, instance: dimer rotation
Next calculation will be the dimer  midpoint
dl-find/turbomole/=============================== Tstep:   69.8 Ttot:66337.1 ==
eandg
Spin: 
 Energy calculation finished, energy: -2.138692309E+03
Testing convergence of dimer midpoint in cycle  229
    Energy  2.2570E-06 Target: 1.0000E-06 converged?   no
  Max step  1.2711E-01 Target: 1.8000E-03 converged?   no component   208
  RMS step  2.4604E-02 Target: 1.2000E-03 converged?   no
  Max grad  1.1422E-03 Target: 4.5000E-04 converged?   no component    46
  RMS grad  1.8400E-04 Target: 3.0000E-04 converged?  yes
Next calculation will be the dimer endpoint before rotation
dl-find/turbomole/=============================== Tstep:  124.5 Ttot:66461.5 ==
eandg
Spin: 
 Energy calculation finished, energy: -2.138692309E+03
Curvature at dimer midpoint                   -0.00253
Predicted dimer rotation angle:      3.272 deg
Next calculation will be the dimer endpoint after rotation
dl-find/turbomole/=============================== Tstep:  105.9 Ttot:66567.5 ==
eandg
Spin: 
 Energy calculation finished, energy: -2.138692309E+03
Curvature at dimer midpoint after rotation    -0.00179
Curvature at dimer minimum                    -0.00253
Actual dimer rotation angle:         0.069 deg
Dimer rotation converged after    1 steps
Writing TS-mode
Curvature after dimer rotation:               -0.00253
Frequency of transition mode  -258.745 cm^-1 (negative value denotes imaginary frequency)
Crossover temperature for tunnelling       59.24950 K
Restarting L-BFGS optimiser, instance: dimer rotation
Next calculation will be the dimer  midpoint
dl-find/turbomole/=============================== Tstep:   77.3 Ttot:66644.8 ==
eandg
Spin: 
 Energy calculation finished, energy: -2.138692324E+03
Testing convergence of dimer midpoint in cycle  230
    Energy  1.5275E-05 Target: 1.0000E-06 converged?   no
  Max step  2.1497E-02 Target: 1.8000E-03 converged?   no component   208
  RMS step  4.3171E-03 Target: 1.2000E-03 converged?   no
  Max grad  1.2987E-04 Target: 4.5000E-04 converged?  yes component    42
  RMS grad  5.1756E-05 Target: 3.0000E-04 converged?  yes
Next calculation will be the dimer endpoint before rotation
dl-find/turbomole/=============================== Tstep:  112.3 Ttot:66757.1 ==
eandg
Spin: 
 Energy calculation finished, energy: -2.138692325E+03
Curvature at dimer midpoint                   -0.00255
Predicted dimer rotation angle:      2.476 deg
Next calculation will be the dimer endpoint after rotation
dl-find/turbomole/=============================== Tstep:  105.9 Ttot:66863.0 ==
eandg
Spin: 
 Energy calculation finished, energy: -2.138692325E+03
Curvature at dimer midpoint after rotation    -0.00207
Curvature at dimer minimum                    -0.00255
Actual dimer rotation angle:         0.047 deg
Dimer rotation converged after    1 steps
Writing TS-mode
Curvature after dimer rotation:               -0.00255
Frequency of transition mode  -259.795 cm^-1 (negative value denotes imaginary frequency)
Crossover temperature for tunnelling       59.48996 K
Restarting L-BFGS optimiser, instance: dimer rotation
Next calculation will be the dimer  midpoint
dl-find/turbomole/=============================== Tstep:   68.2 Ttot:66931.2 ==
eandg
Spin: 
 Energy calculation finished, energy: -2.138692328E+03
Testing convergence of dimer midpoint in cycle  231
    Energy  3.5850E-06 Target: 1.0000E-06 converged?   no
  Max step  1.3063E-02 Target: 1.8000E-03 converged?   no component    34
  RMS step  2.9412E-03 Target: 1.2000E-03 converged?   no
  Max grad  1.1416E-04 Target: 4.5000E-04 converged?  yes component   238
  RMS grad  4.3863E-05 Target: 3.0000E-04 converged?  yes
Next calculation will be the dimer endpoint before rotation
dl-find/turbomole/=============================== Tstep:  115.3 Ttot:67046.5 ==
eandg
Spin: 
 Energy calculation finished, energy: -2.138692328E+03
Curvature at dimer midpoint                   -0.00255
Predicted dimer rotation angle:      1.615 deg
Dimer rotation converged after    0 steps
Writing TS-mode
Curvature after dimer rotation:               -0.00255
Frequency of transition mode  -259.681 cm^-1 (negative value denotes imaginary frequency)
Crossover temperature for tunnelling       59.46388 K
Restarting L-BFGS optimiser, instance: dimer rotation
Next calculation will be the dimer  midpoint
dl-find/turbomole/=============================== Tstep:  104.3 Ttot:67150.8 ==
eandg
Spin: 
 Energy calculation finished, energy: -2.138692334E+03
Testing convergence of dimer midpoint in cycle  232
    Energy  6.3850E-06 Target: 1.0000E-06 converged?   no
  Max step  3.7944E-02 Target: 1.8000E-03 converged?   no component   208
  RMS step  7.4348E-03 Target: 1.2000E-03 converged?   no
  Max grad  2.3582E-04 Target: 4.5000E-04 converged?  yes component    46
  RMS grad  5.6643E-05 Target: 3.0000E-04 converged?  yes
Next calculation will be the dimer endpoint before rotation
dl-find/turbomole/=============================== Tstep:  117.9 Ttot:67268.8 ==
eandg
Spin: 
 Energy calculation finished, energy: -2.138692335E+03
Curvature at dimer midpoint                   -0.00252
Predicted dimer rotation angle:      1.853 deg
Dimer rotation converged after    0 steps
Writing TS-mode
Curvature after dimer rotation:               -0.00252
Frequency of transition mode  -258.177 cm^-1 (negative value denotes imaginary frequency)
Crossover temperature for tunnelling       59.11952 K
Restarting L-BFGS optimiser, instance: dimer rotation
Next calculation will be the dimer  midpoint
dl-find/turbomole/=============================== Tstep:  105.3 Ttot:67374.0 ==
eandg
Spin: 
 Energy calculation finished, energy: -2.138692327E+03
Testing convergence of dimer midpoint in cycle  233
    Energy  7.6940E-06 Target: 1.0000E-06 converged?   no
  Max step  7.9441E-02 Target: 1.8000E-03 converged?   no component   208
  RMS step  1.5170E-02 Target: 1.2000E-03 converged?   no
  Max grad  5.1287E-04 Target: 4.5000E-04 converged?   no component    46
  RMS grad  1.0650E-04 Target: 3.0000E-04 converged?  yes
Next calculation will be the dimer endpoint before rotation
dl-find/turbomole/=============================== Tstep:  124.9 Ttot:67499.0 ==
eandg
Spin: 
 Energy calculation finished, energy: -2.138692327E+03
Curvature at dimer midpoint                   -0.00249
Predicted dimer rotation angle:      2.762 deg
Next calculation will be the dimer endpoint after rotation
dl-find/turbomole/=============================== Tstep:  104.4 Ttot:67603.4 ==
eandg
Spin: 
 Energy calculation finished, energy: -2.138692327E+03
Curvature at dimer midpoint after rotation    -0.00197
Curvature at dimer minimum                    -0.00249
Actual dimer rotation angle:         0.059 deg
Dimer rotation converged after    1 steps
Writing TS-mode
Curvature after dimer rotation:               -0.00249
Frequency of transition mode  -256.393 cm^-1 (negative value denotes imaginary frequency)
Crossover temperature for tunnelling       58.71094 K
Restarting L-BFGS optimiser, instance: dimer rotation
Next calculation will be the dimer  midpoint
dl-find/turbomole/=============================== Tstep:   84.2 Ttot:67687.6 ==
eandg
Spin: 
 Energy calculation finished, energy: -2.138692340E+03
Testing convergence of dimer midpoint in cycle  234
    Energy  1.3760E-05 Target: 1.0000E-06 converged?   no
  Max step  4.7980E-02 Target: 1.8000E-03 converged?   no component   208
  RMS step  9.0860E-03 Target: 1.2000E-03 converged?   no
  Max grad  1.7542E-04 Target: 4.5000E-04 converged?  yes component    97
  RMS grad  5.3503E-05 Target: 3.0000E-04 converged?  yes
Next calculation will be the dimer endpoint before rotation
dl-find/turbomole/=============================== Tstep:  120.4 Ttot:67808.1 ==
eandg
Spin: 
 Energy calculation finished, energy: -2.138692341E+03
Curvature at dimer midpoint                   -0.00245
Predicted dimer rotation angle:      2.073 deg
Next calculation will be the dimer endpoint after rotation
dl-find/turbomole/=============================== Tstep:  106.0 Ttot:67914.1 ==
eandg
Spin: 
 Energy calculation finished, energy: -2.138692341E+03
Curvature at dimer midpoint after rotation    -0.00236
Curvature at dimer minimum                    -0.00245
Actual dimer rotation angle:         0.134 deg
Dimer rotation converged after    1 steps
Writing TS-mode
Curvature after dimer rotation:               -0.00245
Frequency of transition mode  -254.272 cm^-1 (negative value denotes imaginary frequency)
Crossover temperature for tunnelling       58.22535 K
Restarting L-BFGS optimiser, instance: dimer rotation
Next calculation will be the dimer  midpoint
dl-find/turbomole/=============================== Tstep:   83.5 Ttot:67997.6 ==
eandg
Spin: 
 Energy calculation finished, energy: -2.138692343E+03
Testing convergence of dimer midpoint in cycle  235
    Energy  2.5440E-06 Target: 1.0000E-06 converged?   no
  Max step  1.2975E-02 Target: 1.8000E-03 converged?   no component   205
  RMS step  2.8300E-03 Target: 1.2000E-03 converged?   no
  Max grad  1.2556E-04 Target: 4.5000E-04 converged?  yes component   219
  RMS grad  3.8751E-05 Target: 3.0000E-04 converged?  yes
Next calculation will be the dimer endpoint before rotation
dl-find/turbomole/=============================== Tstep:  108.4 Ttot:68106.0 ==
eandg
Spin: 
 Energy calculation finished, energy: -2.138692343E+03
Curvature at dimer midpoint                   -0.00243
Predicted dimer rotation angle:      3.499 deg
Next calculation will be the dimer endpoint after rotation
dl-find/turbomole/=============================== Tstep:  105.5 Ttot:68211.5 ==
eandg
Spin: 
 Energy calculation finished, energy: -2.138692343E+03
Curvature at dimer midpoint after rotation    -0.00131
Curvature at dimer minimum                    -0.00243
Actual dimer rotation angle:         0.055 deg
Dimer rotation converged after    1 steps
Writing TS-mode
Curvature after dimer rotation:               -0.00243
Frequency of transition mode  -253.351 cm^-1 (negative value denotes imaginary frequency)
Crossover temperature for tunnelling       58.01446 K
Restarting L-BFGS optimiser, instance: dimer rotation
Next calculation will be the dimer  midpoint
dl-find/turbomole/=============================== Tstep:   84.9 Ttot:68296.5 ==
eandg
Spin: 
 Energy calculation finished, energy: -2.138692355E+03
Testing convergence of dimer midpoint in cycle  236
    Energy  1.1967E-05 Target: 1.0000E-06 converged?   no
  Max step  3.5077E-02 Target: 1.8000E-03 converged?   no component   208
  RMS step  6.6865E-03 Target: 1.2000E-03 converged?   no
  Max grad  1.7564E-04 Target: 4.5000E-04 converged?  yes component    80
  RMS grad  4.9976E-05 Target: 3.0000E-04 converged?  yes
Next calculation will be the dimer endpoint before rotation
dl-find/turbomole/=============================== Tstep:  108.4 Ttot:68404.8 ==
eandg
Spin: 
 Energy calculation finished, energy: -2.138692355E+03
Curvature at dimer midpoint                   -0.00241
Predicted dimer rotation angle:      1.944 deg
Dimer rotation converged after    0 steps
Writing TS-mode
Curvature after dimer rotation:               -0.00241
Frequency of transition mode  -252.182 cm^-1 (negative value denotes imaginary frequency)
Crossover temperature for tunnelling       57.74666 K
Restarting L-BFGS optimiser, instance: dimer rotation
Next calculation will be the dimer  midpoint
dl-find/turbomole/=============================== Tstep:  104.8 Ttot:68509.6 ==
eandg
Spin: 
 Energy calculation finished, energy: -2.138692360E+03
Testing convergence of dimer midpoint in cycle  237
    Energy  5.5400E-06 Target: 1.0000E-06 converged?   no
  Max step  2.7571E-02 Target: 1.8000E-03 converged?   no component   208
  RMS step  5.1353E-03 Target: 1.2000E-03 converged?   no
  Max grad  2.3555E-04 Target: 4.5000E-04 converged?  yes component    46
  RMS grad  6.0360E-05 Target: 3.0000E-04 converged?  yes
Next calculation will be the dimer endpoint before rotation
dl-find/turbomole/=============================== Tstep:  118.0 Ttot:68627.6 ==
eandg
Spin: 
 Energy calculation finished, energy: -2.138692360E+03
Curvature at dimer midpoint                   -0.00240
Predicted dimer rotation angle:      2.069 deg
Next calculation will be the dimer endpoint after rotation
dl-find/turbomole/=============================== Tstep:  105.2 Ttot:68732.8 ==
eandg
Spin: 
 Energy calculation finished, energy: -2.138692360E+03
Curvature at dimer midpoint after rotation    -0.00234
Curvature at dimer minimum                    -0.00240
Actual dimer rotation angle:         0.169 deg
Dimer rotation converged after    1 steps
Writing TS-mode
Curvature after dimer rotation:               -0.00240
Frequency of transition mode  -251.856 cm^-1 (negative value denotes imaginary frequency)
Crossover temperature for tunnelling       57.67219 K
Restarting L-BFGS optimiser, instance: dimer rotation
Next calculation will be the dimer  midpoint
dl-find/turbomole/=============================== Tstep:   56.1 Ttot:68788.9 ==
eandg
Spin: 
 Energy calculation finished, energy: -2.138692370E+03
Testing convergence of dimer midpoint in cycle  238
    Energy  9.2600E-06 Target: 1.0000E-06 converged?   no
  Max step  3.4314E-02 Target: 1.8000E-03 converged?   no component   208
  RMS step  6.3652E-03 Target: 1.2000E-03 converged?   no
  Max grad  1.8961E-04 Target: 4.5000E-04 converged?  yes component   255
  RMS grad  5.2002E-05 Target: 3.0000E-04 converged?  yes
Next calculation will be the dimer endpoint before rotation
dl-find/turbomole/=============================== Tstep:  118.7 Ttot:68907.6 ==
eandg
Spin: 
 Energy calculation finished, energy: -2.138692369E+03
Curvature at dimer midpoint                   -0.00239
Predicted dimer rotation angle:      5.738 deg
Next calculation will be the dimer endpoint after rotation
dl-find/turbomole/=============================== Tstep:  104.7 Ttot:69012.3 ==
eandg
Spin: 
 Energy calculation finished, energy: -2.138692369E+03
Curvature at dimer midpoint after rotation     0.00135
Curvature at dimer minimum                    -0.00239
Actual dimer rotation angle:         0.073 deg
Dimer rotation converged after    1 steps
Writing TS-mode
Curvature after dimer rotation:               -0.00239
Frequency of transition mode  -251.376 cm^-1 (negative value denotes imaginary frequency)
Crossover temperature for tunnelling       57.56221 K
Restarting L-BFGS optimiser, instance: dimer rotation
Next calculation will be the dimer  midpoint
dl-find/turbomole/=============================== Tstep:   86.6 Ttot:69098.9 ==
eandg
Spin: 
 Energy calculation finished, energy: -2.138692385E+03
Testing convergence of dimer midpoint in cycle  239
    Energy  1.5615E-05 Target: 1.0000E-06 converged?   no
  Max step  7.0028E-02 Target: 1.8000E-03 converged?   no component   208
  RMS step  1.2991E-02 Target: 1.2000E-03 converged?   no
  Max grad  4.2546E-04 Target: 4.5000E-04 converged?  yes component   253
  RMS grad  6.6287E-05 Target: 3.0000E-04 converged?  yes
Next calculation will be the dimer endpoint before rotation
dl-find/turbomole/=============================== Tstep:  122.6 Ttot:69221.5 ==
eandg
Spin: 
 Energy calculation finished, energy: -2.138692385E+03
Curvature at dimer midpoint                   -0.00236
Predicted dimer rotation angle:      1.770 deg
Dimer rotation converged after    0 steps
Writing TS-mode
Curvature after dimer rotation:               -0.00236
Frequency of transition mode  -249.925 cm^-1 (negative value denotes imaginary frequency)
Crossover temperature for tunnelling       57.22984 K
Restarting L-BFGS optimiser, instance: dimer rotation
Next calculation will be the dimer  midpoint
dl-find/turbomole/=============================== Tstep:  104.5 Ttot:69326.0 ==
eandg
Spin: 
 Energy calculation finished, energy: -2.138692191E+03
Testing convergence of dimer midpoint in cycle  240
    Energy  1.9422E-04 Target: 1.0000E-06 converged?   no
  Max step  1.2117E-02 Target: 1.8000E-03 converged?   no component   208
  RMS step  2.5417E-03 Target: 1.2000E-03 converged?   no
  Max grad  2.0832E-04 Target: 4.5000E-04 converged?  yes component   141
  RMS grad  5.6403E-05 Target: 3.0000E-04 converged?  yes
Next calculation will be the dimer endpoint before rotation
dl-find/turbomole/=============================== Tstep:  124.1 Ttot:69450.2 ==
eandg
Spin: 
 Energy calculation finished, energy: -2.138692190E+03
Curvature at dimer midpoint                   -0.00235
Predicted dimer rotation angle:      2.056 deg
Next calculation will be the dimer endpoint after rotation
dl-find/turbomole/=============================== Tstep:  103.9 Ttot:69554.1 ==
eandg
Spin: 
 Energy calculation finished, energy: -2.138692190E+03
Curvature at dimer midpoint after rotation    -0.00221
Curvature at dimer minimum                    -0.00235
Actual dimer rotation angle:         0.079 deg
Dimer rotation converged after    1 steps
Writing TS-mode
Curvature after dimer rotation:               -0.00235
Frequency of transition mode  -249.302 cm^-1 (negative value denotes imaginary frequency)
Crossover temperature for tunnelling       57.08722 K
Restarting L-BFGS optimiser, instance: dimer rotation
Next calculation will be the dimer  midpoint
dl-find/turbomole/=============================== Tstep:   78.6 Ttot:69632.6 ==
eandg
Spin: 
 Energy calculation finished, energy: -2.138692385E+03
Testing convergence of dimer midpoint in cycle  241
    Energy  1.9437E-04 Target: 1.0000E-06 converged?   no
  Max step  1.0204E-01 Target: 1.8000E-03 converged?   no component   208
  RMS step  1.9757E-02 Target: 1.2000E-03 converged?   no
  Max grad  5.0171E-04 Target: 4.5000E-04 converged?   no component   253
  RMS grad  9.2134E-05 Target: 3.0000E-04 converged?  yes
Next calculation will be the dimer endpoint before rotation
dl-find/turbomole/=============================== Tstep:  123.9 Ttot:69756.5 ==
eandg
Spin: 
 Energy calculation finished, energy: -2.138692385E+03
Curvature at dimer midpoint                   -0.00235
Predicted dimer rotation angle:      3.324 deg
Next calculation will be the dimer endpoint after rotation
dl-find/turbomole/=============================== Tstep:  106.5 Ttot:69863.0 ==
eandg
Spin: 
 Energy calculation finished, energy: -2.138692385E+03
Curvature at dimer midpoint after rotation    -0.00149
Curvature at dimer minimum                    -0.00235
Actual dimer rotation angle:         0.059 deg
Dimer rotation converged after    1 steps
Writing TS-mode
Curvature after dimer rotation:               -0.00235
Frequency of transition mode  -249.057 cm^-1 (negative value denotes imaginary frequency)
Crossover temperature for tunnelling       57.03112 K
Restarting L-BFGS optimiser, instance: dimer rotation
Next calculation will be the dimer  midpoint
dl-find/turbomole/=============================== Tstep:   78.9 Ttot:69942.0 ==
eandg
Spin: 
 Energy calculation finished, energy: -2.138692398E+03
Testing convergence of dimer midpoint in cycle  242
    Energy  1.2581E-05 Target: 1.0000E-06 converged?   no
  Max step  6.2422E-02 Target: 1.8000E-03 converged?   no component   208
  RMS step  1.1259E-02 Target: 1.2000E-03 converged?   no
  Max grad  3.0410E-04 Target: 4.5000E-04 converged?  yes component    57
  RMS grad  5.6928E-05 Target: 3.0000E-04 converged?  yes
Next calculation will be the dimer endpoint before rotation
dl-find/turbomole/=============================== Tstep:  121.0 Ttot:70062.9 ==
eandg
Spin: 
 Energy calculation finished, energy: -2.138692397E+03
Curvature at dimer midpoint                   -0.00235
Predicted dimer rotation angle:      2.228 deg
Next calculation will be the dimer endpoint after rotation
dl-find/turbomole/=============================== Tstep:  106.1 Ttot:70169.0 ==
eandg
Spin: 
 Energy calculation finished, energy: -2.138692397E+03
Curvature at dimer midpoint after rotation    -0.00194
Curvature at dimer minimum                    -0.00235
Actual dimer rotation angle:         0.038 deg
Dimer rotation converged after    1 steps
Writing TS-mode
Curvature after dimer rotation:               -0.00235
Frequency of transition mode  -248.975 cm^-1 (negative value denotes imaginary frequency)
Crossover temperature for tunnelling       57.01232 K
Restarting L-BFGS optimiser, instance: dimer rotation
Next calculation will be the dimer  midpoint
dl-find/turbomole/=============================== Tstep:   75.2 Ttot:70244.3 ==
eandg
Spin: 
 Energy calculation finished, energy: -2.138692199E+03
Testing convergence of dimer midpoint in cycle  243
    Energy  1.9857E-04 Target: 1.0000E-06 converged?   no
  Max step  1.0678E-01 Target: 1.8000E-03 converged?   no component   208
  RMS step  1.9316E-02 Target: 1.2000E-03 converged?   no
  Max grad  2.6315E-04 Target: 4.5000E-04 converged?  yes component   255
  RMS grad  5.8964E-05 Target: 3.0000E-04 converged?  yes
Next calculation will be the dimer endpoint before rotation
dl-find/turbomole/=============================== Tstep:  128.3 Ttot:70372.6 ==
eandg
Spin: 
 Energy calculation finished, energy: -2.138692198E+03
Curvature at dimer midpoint                   -0.00230
Predicted dimer rotation angle:      2.304 deg
Next calculation will be the dimer endpoint after rotation
dl-find/turbomole/=============================== Tstep:  105.4 Ttot:70478.0 ==
eandg
Spin: 
 Energy calculation finished, energy: -2.138692198E+03
Curvature at dimer midpoint after rotation    -0.00201
Curvature at dimer minimum                    -0.00230
Actual dimer rotation angle:         0.055 deg
Dimer rotation converged after    1 steps
Writing TS-mode
Curvature after dimer rotation:               -0.00230
Frequency of transition mode  -246.580 cm^-1 (negative value denotes imaginary frequency)
Crossover temperature for tunnelling       56.46408 K
Restarting L-BFGS optimiser, instance: dimer rotation
Next calculation will be the dimer  midpoint
dl-find/turbomole/=============================== Tstep:   78.4 Ttot:70556.3 ==
eandg
Spin: 
 Energy calculation finished, energy: -2.138692201E+03
Testing convergence of dimer midpoint in cycle  244
    Energy  1.8760E-06 Target: 1.0000E-06 converged?   no
  Max step  2.4152E-02 Target: 1.8000E-03 converged?   no component   208
  RMS step  5.3133E-03 Target: 1.2000E-03 converged?   no
  Max grad  1.9541E-04 Target: 4.5000E-04 converged?  yes component    46
  RMS grad  4.7301E-05 Target: 3.0000E-04 converged?  yes
Next calculation will be the dimer endpoint before rotation
dl-find/turbomole/=============================== Tstep:  119.5 Ttot:70675.8 ==
eandg
Spin: 
 Energy calculation finished, energy: -2.138692200E+03
Curvature at dimer midpoint                   -0.00229
Predicted dimer rotation angle:      1.873 deg
Dimer rotation converged after    0 steps
Writing TS-mode
Curvature after dimer rotation:               -0.00229
Frequency of transition mode  -246.156 cm^-1 (negative value denotes imaginary frequency)
Crossover temperature for tunnelling       56.36683 K
Restarting L-BFGS optimiser, instance: dimer rotation
Next calculation will be the dimer  midpoint
dl-find/turbomole/=============================== Tstep:  105.9 Ttot:70781.7 ==
eandg
Spin: 
 Energy calculation finished, energy: -2.138692396E+03
Testing convergence of dimer midpoint in cycle  245
    Energy  1.9504E-04 Target: 1.0000E-06 converged?   no
  Max step  6.4467E-02 Target: 1.8000E-03 converged?   no component   208
  RMS step  1.3879E-02 Target: 1.2000E-03 converged?   no
  Max grad  1.8457E-04 Target: 4.5000E-04 converged?  yes component   123
  RMS grad  4.8895E-05 Target: 3.0000E-04 converged?  yes
Next calculation will be the dimer endpoint before rotation
dl-find/turbomole/=============================== Tstep:  122.6 Ttot:70904.3 ==
eandg
Spin: 
 Energy calculation finished, energy: -2.138692395E+03
Curvature at dimer midpoint                   -0.00228
Predicted dimer rotation angle:      2.152 deg
Next calculation will be the dimer endpoint after rotation
dl-find/turbomole/=============================== Tstep:  105.9 Ttot:71010.2 ==
eandg
Spin: 
 Energy calculation finished, energy: -2.138692395E+03
Curvature at dimer midpoint after rotation    -0.00207
Curvature at dimer minimum                    -0.00228
Actual dimer rotation angle:         0.063 deg
Dimer rotation converged after    1 steps
Writing TS-mode
Curvature after dimer rotation:               -0.00228
Frequency of transition mode  -245.592 cm^-1 (negative value denotes imaginary frequency)
Crossover temperature for tunnelling       56.23781 K
Restarting L-BFGS optimiser, instance: dimer rotation
Next calculation will be the dimer  midpoint
dl-find/turbomole/=============================== Tstep:   66.6 Ttot:71076.8 ==
eandg
Spin: 
 Energy calculation finished, energy: -2.138692402E+03
Testing convergence of dimer midpoint in cycle  246
    Energy  5.2880E-06 Target: 1.0000E-06 converged?   no
  Max step  2.7981E-02 Target: 1.8000E-03 converged?   no component   208
  RMS step  5.6147E-03 Target: 1.2000E-03 converged?   no
  Max grad  3.5967E-04 Target: 4.5000E-04 converged?  yes component   253
  RMS grad  7.0083E-05 Target: 3.0000E-04 converged?  yes
Next calculation will be the dimer endpoint before rotation
dl-find/turbomole/=============================== Tstep:  119.5 Ttot:71196.3 ==
eandg
Spin: 
 Energy calculation finished, energy: -2.138692401E+03
Curvature at dimer midpoint                   -0.00228
Predicted dimer rotation angle:      2.374 deg
Next calculation will be the dimer endpoint after rotation
dl-find/turbomole/=============================== Tstep:  106.0 Ttot:71302.4 ==
eandg
Spin: 
 Energy calculation finished, energy: -2.138692401E+03
Curvature at dimer midpoint after rotation    -0.00183
Curvature at dimer minimum                    -0.00228
Actual dimer rotation angle:         0.039 deg
Dimer rotation converged after    1 steps
Writing TS-mode
Curvature after dimer rotation:               -0.00228
Frequency of transition mode  -245.566 cm^-1 (negative value denotes imaginary frequency)
Crossover temperature for tunnelling       56.23178 K
Restarting L-BFGS optimiser, instance: dimer rotation
Next calculation will be the dimer  midpoint
dl-find/turbomole/=============================== Tstep:   75.2 Ttot:71377.6 ==
eandg
Spin: 
 Energy calculation finished, energy: -2.138692210E+03
Testing convergence of dimer midpoint in cycle  247
    Energy  1.9141E-04 Target: 1.0000E-06 converged?   no
  Max step  7.2204E-02 Target: 1.8000E-03 converged?   no component   208
  RMS step  1.3762E-02 Target: 1.2000E-03 converged?   no
  Max grad  1.4544E-04 Target: 4.5000E-04 converged?  yes component   249
  RMS grad  4.6542E-05 Target: 3.0000E-04 converged?  yes
Next calculation will be the dimer endpoint before rotation
dl-find/turbomole/=============================== Tstep:  127.7 Ttot:71505.3 ==
eandg
Spin: 
 Energy calculation finished, energy: -2.138692209E+03
Curvature at dimer midpoint                   -0.00226
Predicted dimer rotation angle:      1.638 deg
Dimer rotation converged after    0 steps
Writing TS-mode
Curvature after dimer rotation:               -0.00226
Frequency of transition mode  -244.216 cm^-1 (negative value denotes imaginary frequency)
Crossover temperature for tunnelling       55.92274 K
Restarting L-BFGS optimiser, instance: dimer rotation
Next calculation will be the dimer  midpoint
dl-find/turbomole/=============================== Tstep:  104.9 Ttot:71610.2 ==
eandg
Spin: 
 Energy calculation finished, energy: -2.138692419E+03
Testing convergence of dimer midpoint in cycle  248
    Energy  2.0872E-04 Target: 1.0000E-06 converged?   no
  Max step  9.0835E-03 Target: 1.8000E-03 converged?   no component    39
  RMS step  2.6383E-03 Target: 1.2000E-03 converged?   no
  Max grad  2.1779E-04 Target: 4.5000E-04 converged?  yes component   190
  RMS grad  5.3885E-05 Target: 3.0000E-04 converged?  yes
Next calculation will be the dimer endpoint before rotation
dl-find/turbomole/=============================== Tstep:  121.2 Ttot:71731.3 ==
eandg
Spin: 
 Energy calculation finished, energy: -2.138692418E+03
Curvature at dimer midpoint                   -0.00226
Predicted dimer rotation angle:      1.846 deg
Dimer rotation converged after    0 steps
Writing TS-mode
Curvature after dimer rotation:               -0.00226
Frequency of transition mode  -244.432 cm^-1 (negative value denotes imaginary frequency)
Crossover temperature for tunnelling       55.97217 K
Restarting L-BFGS optimiser, instance: dimer rotation
Next calculation will be the dimer  midpoint
dl-find/turbomole/=============================== Tstep:  105.7 Ttot:71837.1 ==
eandg
Spin: 
 Energy calculation finished, energy: -2.138692225E+03
Testing convergence of dimer midpoint in cycle  249
    Energy  1.9431E-04 Target: 1.0000E-06 converged?   no
  Max step  4.8549E-02 Target: 1.8000E-03 converged?   no component   208
  RMS step  9.3291E-03 Target: 1.2000E-03 converged?   no
  Max grad  1.9423E-04 Target: 4.5000E-04 converged?  yes component    92
  RMS grad  5.2620E-05 Target: 3.0000E-04 converged?  yes
Next calculation will be the dimer endpoint before rotation
dl-find/turbomole/=============================== Tstep:  124.8 Ttot:71961.9 ==
eandg
Spin: 
 Energy calculation finished, energy: -2.138692224E+03
Curvature at dimer midpoint                   -0.00226
Predicted dimer rotation angle:      2.651 deg
Next calculation will be the dimer endpoint after rotation
dl-find/turbomole/=============================== Tstep:  105.6 Ttot:72067.5 ==
eandg
Spin: 
 Energy calculation finished, energy: -2.138692224E+03
Curvature at dimer midpoint after rotation    -0.00193
Curvature at dimer minimum                    -0.00226
Actual dimer rotation angle:         0.073 deg
Dimer rotation converged after    1 steps
Writing TS-mode
Curvature after dimer rotation:               -0.00226
Frequency of transition mode  -244.406 cm^-1 (negative value denotes imaginary frequency)
Crossover temperature for tunnelling       55.96618 K
Restarting L-BFGS optimiser, instance: dimer rotation
Next calculation will be the dimer  midpoint
dl-find/turbomole/=============================== Tstep:   67.2 Ttot:72134.8 ==
eandg
Spin: 
 Energy calculation finished, energy: -2.138692223E+03
Testing convergence of dimer midpoint in cycle  250
    Energy  1.5250E-06 Target: 1.0000E-06 converged?   no
  Max step  7.2356E-03 Target: 1.8000E-03 converged?   no component   241
  RMS step  1.4903E-03 Target: 1.2000E-03 converged?   no
  Max grad  1.7182E-04 Target: 4.5000E-04 converged?  yes component   138
  RMS grad  4.5230E-05 Target: 3.0000E-04 converged?  yes
Next calculation will be the dimer endpoint before rotation
dl-find/turbomole/=============================== Tstep:  104.8 Ttot:72239.6 ==
eandg
Spin: 
 Energy calculation finished, energy: -2.138692222E+03
Curvature at dimer midpoint                   -0.00226
Predicted dimer rotation angle:      2.625 deg
Next calculation will be the dimer endpoint after rotation
dl-find/turbomole/=============================== Tstep:   97.0 Ttot:72336.6 ==
eandg
Spin: 
 Energy calculation finished, energy: -2.138692222E+03
Curvature at dimer midpoint after rotation    -0.00175
Curvature at dimer minimum                    -0.00226
Actual dimer rotation angle:         0.048 deg
Dimer rotation converged after    1 steps
Writing TS-mode
Curvature after dimer rotation:               -0.00226
Frequency of transition mode  -244.272 cm^-1 (negative value denotes imaginary frequency)
Crossover temperature for tunnelling       55.93536 K
Restarting L-BFGS optimiser, instance: dimer rotation
Next calculation will be the dimer  midpoint
dl-find/turbomole/=============================== Tstep:   72.3 Ttot:72408.9 ==
eandg
Spin: 
 Energy calculation finished, energy: -2.138692232E+03
Testing convergence of dimer midpoint in cycle  251
    Energy  9.2080E-06 Target: 1.0000E-06 converged?   no
  Max step  1.6413E-02 Target: 1.8000E-03 converged?   no component   241
  RMS step  3.3182E-03 Target: 1.2000E-03 converged?   no
  Max grad  2.6900E-04 Target: 4.5000E-04 converged?  yes component    58
  RMS grad  5.0407E-05 Target: 3.0000E-04 converged?  yes
Next calculation will be the dimer endpoint before rotation
dl-find/turbomole/=============================== Tstep:  114.7 Ttot:72523.6 ==
eandg
Spin: 
 Energy calculation finished, energy: -2.138692232E+03
Curvature at dimer midpoint                   -0.00228
Predicted dimer rotation angle:      1.867 deg
Dimer rotation converged after    0 steps
Writing TS-mode
Curvature after dimer rotation:               -0.00228
Frequency of transition mode  -245.259 cm^-1 (negative value denotes imaginary frequency)
Crossover temperature for tunnelling       56.16149 K
Restarting L-BFGS optimiser, instance: dimer rotation
Next calculation will be the dimer  midpoint
dl-find/turbomole/=============================== Tstep:  106.4 Ttot:72630.0 ==
eandg
Spin: 
 Energy calculation finished, energy: -2.138692230E+03
Testing convergence of dimer midpoint in cycle  252
    Energy  2.5810E-06 Target: 1.0000E-06 converged?   no
  Max step  1.6921E-02 Target: 1.8000E-03 converged?   no component   241
  RMS step  3.0716E-03 Target: 1.2000E-03 converged?   no
  Max grad  3.3984E-04 Target: 4.5000E-04 converged?  yes component    88
  RMS grad  6.4371E-05 Target: 3.0000E-04 converged?  yes
Next calculation will be the dimer endpoint before rotation
dl-find/turbomole/=============================== Tstep:  111.0 Ttot:72741.0 ==
eandg
Spin: 
 Energy calculation finished, energy: -2.138692229E+03
Curvature at dimer midpoint                   -0.00229
Predicted dimer rotation angle:      1.955 deg
Dimer rotation converged after    0 steps
Writing TS-mode
Curvature after dimer rotation:               -0.00229
Frequency of transition mode  -246.219 cm^-1 (negative value denotes imaginary frequency)
Crossover temperature for tunnelling       56.38132 K
Restarting L-BFGS optimiser, instance: dimer rotation
Next calculation will be the dimer  midpoint
dl-find/turbomole/=============================== Tstep:  105.7 Ttot:72846.7 ==
eandg
Spin: 
 Energy calculation finished, energy: -2.138692236E+03
Testing convergence of dimer midpoint in cycle  253
    Energy  6.4450E-06 Target: 1.0000E-06 converged?   no
  Max step  1.4906E-02 Target: 1.8000E-03 converged?   no component   193
  RMS step  4.4986E-03 Target: 1.2000E-03 converged?   no
  Max grad  2.5931E-04 Target: 4.5000E-04 converged?  yes component   190
  RMS grad  5.7888E-05 Target: 3.0000E-04 converged?  yes
Next calculation will be the dimer endpoint before rotation
dl-find/turbomole/=============================== Tstep:  115.9 Ttot:72962.6 ==
eandg
Spin: 
 Energy calculation finished, energy: -2.138692236E+03
Curvature at dimer midpoint                   -0.00232
Predicted dimer rotation angle:      2.484 deg
Next calculation will be the dimer endpoint after rotation
dl-find/turbomole/=============================== Tstep:  106.1 Ttot:73068.7 ==
eandg
Spin: 
 Energy calculation finished, energy: -2.138692451E+03
Curvature at dimer midpoint after rotation    -0.00359
Curvature at dimer minimum                    -0.66972
Actual dimer rotation angle:        89.983 deg
Predicted dimer rotation angle:      4.197 deg
Next calculation will be the dimer endpoint after rotation
dl-find/turbomole/=============================== Tstep:  113.1 Ttot:73181.8 ==
eandg
Spin: 
 Energy calculation finished, energy: -2.138692437E+03
Curvature at dimer midpoint after rotation     0.26308
Curvature at dimer minimum                    -2.40961
Actual dimer rotation angle:        89.110 deg
Predicted dimer rotation angle:     14.052 deg
Next calculation will be the dimer endpoint after rotation
dl-find/turbomole/=============================== Tstep:  106.9 Ttot:73288.7 ==
eandg
Spin: 
 Energy calculation finished, energy: -2.138692450E+03
Curvature at dimer midpoint after rotation     0.01367
Curvature at dimer minimum                    -6.04722
Actual dimer rotation angle:        87.511 deg
Predicted dimer rotation angle:     28.131 deg
Next calculation will be the dimer endpoint after rotation
dl-find/turbomole/=============================== Tstep:  105.4 Ttot:73394.1 ==
eandg
Spin: 
 Energy calculation finished, energy: -2.138692440E+03
Curvature at dimer midpoint after rotation     0.19768
Curvature at dimer minimum                     0.19444
Actual dimer rotation angle:        29.654 deg
Predicted dimer rotation angle:     11.460 deg
Next calculation will be the dimer endpoint after rotation
dl-find/turbomole/=============================== Tstep:  103.7 Ttot:73497.9 ==
eandg
Spin: 
 Energy calculation finished, energy: -2.138692443E+03
Curvature at dimer midpoint after rotation     0.14007
Curvature at dimer minimum                    -0.38649
Actual dimer rotation angle:        81.941 deg
Predicted dimer rotation angle:     24.490 deg
Next calculation will be the dimer endpoint after rotation
dl-find/turbomole/=============================== Tstep:   94.4 Ttot:73592.3 ==
eandg
Spin: 
 Energy calculation finished, energy: -2.138692451E+03
Curvature at dimer midpoint after rotation    -0.00259
Curvature at dimer minimum                    -0.15410
Actual dimer rotation angle:         6.032 deg
Predicted dimer rotation angle:     23.245 deg
Next calculation will be the dimer endpoint after rotation
dl-find/turbomole/=============================== Tstep:   98.4 Ttot:73690.8 ==
eandg
Spin: 
 Energy calculation finished, energy: -2.138692450E+03
Curvature at dimer midpoint after rotation    -0.00006
Curvature at dimer minimum                    -0.12948
Actual dimer rotation angle:         5.270 deg
Predicted dimer rotation angle:     40.951 deg
Next calculation will be the dimer endpoint after rotation
dl-find/turbomole/=============================== Tstep:   87.0 Ttot:73777.8 ==
eandg
Spin: 
 Energy calculation finished, energy: -2.138692447E+03
Curvature at dimer midpoint after rotation     0.05768
Curvature at dimer minimum                    -0.33264
Actual dimer rotation angle:        17.663 deg
Predicted dimer rotation angle:     43.136 deg
Next calculation will be the dimer endpoint after rotation
dl-find/turbomole/=============================== Tstep:  100.8 Ttot:73878.5 ==
eandg
Spin: 
 Energy calculation finished, energy: -2.138692236E+03
Curvature at dimer midpoint after rotation     0.04891
Curvature at dimer minimum                    -1.25781
Actual dimer rotation angle:        20.440 deg
Predicted dimer rotation angle:     22.498 deg
Next calculation will be the dimer endpoint after rotation
dl-find/turbomole/=============================== Tstep:  117.1 Ttot:73995.7 ==
eandg
Spin: 
 Energy calculation finished, energy: -2.138692233E+03
Curvature at dimer midpoint after rotation     0.07609
Curvature at dimer minimum                    -0.70413
Actual dimer rotation angle:         4.561 deg
Predicted dimer rotation angle:     27.272 deg
Next calculation will be the dimer endpoint after rotation
dl-find/turbomole/=============================== Tstep:   96.0 Ttot:74091.7 ==
eandg
Spin: 
 Energy calculation finished, energy: -2.138692236E+03
Curvature at dimer midpoint after rotation     0.04357
Curvature at dimer minimum                    -0.65883
Actual dimer rotation angle:         7.431 deg
Predicted dimer rotation angle:     29.095 deg
Next calculation will be the dimer endpoint after rotation
dl-find/turbomole/=============================== Tstep:  110.2 Ttot:74201.8 ==
eandg
Spin: 
 Energy calculation finished, energy: -2.138692235E+03
Curvature at dimer midpoint after rotation     0.07690
Curvature at dimer minimum                    -0.59110
Actual dimer rotation angle:         8.381 deg
Predicted dimer rotation angle:     25.140 deg
Next calculation will be the dimer endpoint after rotation
dl-find/turbomole/=============================== Tstep:   96.6 Ttot:74298.4 ==
eandg
Spin: 
 Energy calculation finished, energy: -2.138692235E+03
Curvature at dimer midpoint after rotation     0.08109
Curvature at dimer minimum                    -0.45950
Actual dimer rotation angle:         5.781 deg
Predicted dimer rotation angle:     22.266 deg
Next calculation will be the dimer endpoint after rotation
dl-find/turbomole/=============================== Tstep:   84.7 Ttot:74383.2 ==
eandg
Spin: 
 Energy calculation finished, energy: -2.138692235E+03
Curvature at dimer midpoint after rotation     0.08412
Curvature at dimer minimum                    -0.36657
Actual dimer rotation angle:         4.151 deg
Predicted dimer rotation angle:     20.313 deg
Next calculation will be the dimer endpoint after rotation
dl-find/turbomole/=============================== Tstep:   79.4 Ttot:74462.6 ==
eandg
Spin: 
 Energy calculation finished, energy: -2.138692235E+03
Curvature at dimer midpoint after rotation     0.08497
Curvature at dimer minimum                    -0.30082
Actual dimer rotation angle:         3.181 deg
Predicted dimer rotation angle:     18.938 deg
Next calculation will be the dimer endpoint after rotation
dl-find/turbomole/=============================== Tstep:   78.9 Ttot:74541.5 ==
eandg
Spin: 
 Energy calculation finished, energy: -2.138692235E+03
Curvature at dimer midpoint after rotation     0.08461
Curvature at dimer minimum                    -0.25200
Actual dimer rotation angle:         2.565 deg
Predicted dimer rotation angle:     17.974 deg
Next calculation will be the dimer endpoint after rotation
dl-find/turbomole/=============================== Tstep:   66.0 Ttot:74607.5 ==
eandg
Spin: 
 Energy calculation finished, energy: -2.138692235E+03
Curvature at dimer midpoint after rotation     0.08345
Curvature at dimer minimum                    -0.21430
Actual dimer rotation angle:         2.163 deg
Predicted dimer rotation angle:     17.306 deg
Next calculation will be the dimer endpoint after rotation
dl-find/turbomole/=============================== Tstep:   70.6 Ttot:74678.0 ==
eandg
Spin: 
 Energy calculation finished, energy: -2.138692235E+03
Curvature at dimer midpoint after rotation     0.08179
Curvature at dimer minimum                    -0.18413
Actual dimer rotation angle:         1.893 deg
Dimer rotation converged after   18 steps
Writing TS-mode
Curvature after dimer rotation:               -0.18413
Frequency of transition mode -2205.813 cm^-1 (negative value denotes imaginary frequency)
Crossover temperature for tunnelling      505.10563 K
Restarting L-BFGS optimiser, instance: dimer rotation
Next calculation will be the dimer  midpoint
dl-find/turbomole/=============================== Tstep:   67.2 Ttot:74745.3 ==
eandg
Spin: 
 Energy calculation finished, energy: -2.138692463E+03
Testing convergence of dimer midpoint in cycle  254
    Energy  2.2661E-04 Target: 1.0000E-06 converged?   no
  Max step  3.2873E-02 Target: 1.8000E-03 converged?   no component   241
  RMS step  8.6492E-03 Target: 1.2000E-03 converged?   no
  Max grad  3.2863E-04 Target: 4.5000E-04 converged?  yes component    57
  RMS grad  7.3222E-05 Target: 3.0000E-04 converged?  yes
Next calculation will be the dimer endpoint before rotation
dl-find/turbomole/=============================== Tstep:  131.6 Ttot:74876.8 ==
eandg
Spin: 
 Energy calculation finished, energy: -2.138692250E+03
Curvature at dimer midpoint                    0.08933
Predicted dimer rotation angle:     22.188 deg
Next calculation will be the dimer endpoint after rotation
dl-find/turbomole/=============================== Tstep:  116.6 Ttot:74993.5 ==
eandg
Spin: 
 Energy calculation finished, energy: -2.138692251E+03
Curvature at dimer midpoint after rotation     0.04841
Curvature at dimer minimum                     0.04767
Actual dimer rotation angle:        25.485 deg
Predicted dimer rotation angle:     24.381 deg
Next calculation will be the dimer endpoint after rotation
dl-find/turbomole/=============================== Tstep:  100.7 Ttot:75094.2 ==
eandg
Spin: 
 Energy calculation finished, energy: -2.138692248E+03
Curvature at dimer midpoint after rotation     0.02112
Curvature at dimer minimum                     0.02104
Actual dimer rotation angle:        25.776 deg
Predicted dimer rotation angle:     33.505 deg
Next calculation will be the dimer endpoint after rotation
dl-find/turbomole/=============================== Tstep:  100.9 Ttot:75195.0 ==
eandg
Spin: 
 Energy calculation finished, energy: -2.138692460E+03
Curvature at dimer midpoint after rotation     0.01668
Curvature at dimer minimum                     0.00484
Actual dimer rotation angle:        17.953 deg
Predicted dimer rotation angle:     39.903 deg
Next calculation will be the dimer endpoint after rotation
dl-find/turbomole/=============================== Tstep:  113.2 Ttot:75308.2 ==
eandg
Spin: 
 Energy calculation finished, energy: -2.138692460E+03
Curvature at dimer midpoint after rotation     0.06774
Curvature at dimer minimum                     0.00106
Actual dimer rotation angle:         8.559 deg
Predicted dimer rotation angle:     43.546 deg
Next calculation will be the dimer endpoint after rotation
dl-find/turbomole/=============================== Tstep:  103.2 Ttot:75411.4 ==
eandg
Spin: 
 Energy calculation finished, energy: -2.138692461E+03
Curvature at dimer midpoint after rotation     0.04978
Curvature at dimer minimum                    -0.00051
Actual dimer rotation angle:         5.324 deg
Predicted dimer rotation angle:     41.094 deg
Next calculation will be the dimer endpoint after rotation
dl-find/turbomole/=============================== Tstep:  104.7 Ttot:75516.1 ==
eandg
Spin: 
 Energy calculation finished, energy: -2.138692457E+03
Curvature at dimer midpoint after rotation     0.04875
Curvature at dimer minimum                    -0.00125
Actual dimer rotation angle:         2.918 deg
Predicted dimer rotation angle:     36.263 deg
Next calculation will be the dimer endpoint after rotation
dl-find/turbomole/=============================== Tstep:  110.8 Ttot:75626.9 ==
eandg
Spin: 
 Energy calculation finished, energy: -2.138692460E+03
Curvature at dimer midpoint after rotation     0.01202
Curvature at dimer minimum                    -0.00138
Actual dimer rotation angle:         4.270 deg
Predicted dimer rotation angle:     34.462 deg
Next calculation will be the dimer endpoint after rotation
dl-find/turbomole/=============================== Tstep:   92.4 Ttot:75719.4 ==
eandg
Spin: 
 Energy calculation finished, energy: -2.138692462E+03
Curvature at dimer midpoint after rotation     0.00505
Curvature at dimer minimum                    -0.00143
Actual dimer rotation angle:         5.926 deg
Predicted dimer rotation angle:     32.112 deg
Next calculation will be the dimer endpoint after rotation
dl-find/turbomole/=============================== Tstep:   95.5 Ttot:75814.9 ==
eandg
Spin: 
 Energy calculation finished, energy: -2.138692463E+03
Curvature at dimer midpoint after rotation     0.01484
Curvature at dimer minimum                    -0.00153
Actual dimer rotation angle:         2.487 deg
Predicted dimer rotation angle:     29.368 deg
Next calculation will be the dimer endpoint after rotation
dl-find/turbomole/=============================== Tstep:   95.0 Ttot:75909.9 ==
eandg
Spin: 
 Energy calculation finished, energy: -2.138692462E+03
Curvature at dimer midpoint after rotation     0.00791
Curvature at dimer minimum                    -0.00169
Actual dimer rotation angle:         3.016 deg
Predicted dimer rotation angle:     25.248 deg
Next calculation will be the dimer endpoint after rotation
dl-find/turbomole/=============================== Tstep:  101.1 Ttot:76011.0 ==
eandg
Spin: 
 Energy calculation finished, energy: -2.138692461E+03
Curvature at dimer midpoint after rotation     0.00346
Curvature at dimer minimum                    -0.00189
Actual dimer rotation angle:         3.236 deg
Predicted dimer rotation angle:     18.790 deg
Next calculation will be the dimer endpoint after rotation
dl-find/turbomole/=============================== Tstep:   98.9 Ttot:76109.8 ==
eandg
Spin: 
 Energy calculation finished, energy: -2.138692461E+03
Curvature at dimer midpoint after rotation     0.00054
Curvature at dimer minimum                    -0.00194
Actual dimer rotation angle:         2.594 deg
Predicted dimer rotation angle:      9.993 deg
Next calculation will be the dimer endpoint after rotation
dl-find/turbomole/=============================== Tstep:   89.4 Ttot:76199.3 ==
eandg
Spin: 
 Energy calculation finished, energy: -2.138692462E+03
Curvature at dimer midpoint after rotation    -0.00180
Curvature at dimer minimum                    -0.00196
Actual dimer rotation angle:         3.291 deg
Predicted dimer rotation angle:     13.366 deg
Next calculation will be the dimer endpoint after rotation
dl-find/turbomole/=============================== Tstep:   86.7 Ttot:76286.0 ==
eandg
Spin: 
 Energy calculation finished, energy: -2.138692463E+03
Curvature at dimer midpoint after rotation    -0.00122
Curvature at dimer minimum                    -0.00200
Actual dimer rotation angle:         2.557 deg
Predicted dimer rotation angle:     16.570 deg
Next calculation will be the dimer endpoint after rotation
dl-find/turbomole/=============================== Tstep:   84.1 Ttot:76370.1 ==
eandg
Spin: 
 Energy calculation finished, energy: -2.138692461E+03
Curvature at dimer midpoint after rotation     0.00084
Curvature at dimer minimum                    -0.00206
Actual dimer rotation angle:         1.712 deg
Dimer rotation converged after   15 steps
Writing TS-mode
Curvature after dimer rotation:               -0.00206
Frequency of transition mode  -233.333 cm^-1 (negative value denotes imaginary frequency)
Crossover temperature for tunnelling       53.43066 K
Restarting L-BFGS optimiser, instance: dimer rotation
Next calculation will be the dimer  midpoint
dl-find/turbomole/=============================== Tstep:   89.0 Ttot:76459.1 ==
eandg
Spin: 
 Energy calculation finished, energy: -2.138692471E+03
Testing convergence of dimer midpoint in cycle  255
    Energy  8.6000E-06 Target: 1.0000E-06 converged?   no
  Max step  2.2093E-02 Target: 1.8000E-03 converged?   no component   208
  RMS step  4.0446E-03 Target: 1.2000E-03 converged?   no
  Max grad  2.7622E-04 Target: 4.5000E-04 converged?  yes component    58
  RMS grad  5.6588E-05 Target: 3.0000E-04 converged?  yes
Next calculation will be the dimer endpoint before rotation
dl-find/turbomole/=============================== Tstep:  111.7 Ttot:76570.8 ==
eandg
Spin: 
 Energy calculation finished, energy: -2.138692471E+03
Curvature at dimer midpoint                   -0.00214
Predicted dimer rotation angle:     23.966 deg
Next calculation will be the dimer endpoint after rotation
dl-find/turbomole/=============================== Tstep:  107.2 Ttot:76678.0 ==
eandg
Spin: 
 Energy calculation finished, energy: -2.138692471E+03
Curvature at dimer midpoint after rotation     0.02370
Curvature at dimer minimum                    -0.00217
Actual dimer rotation angle:         0.811 deg
Dimer rotation converged after    1 steps
Writing TS-mode
Curvature after dimer rotation:               -0.00217
Frequency of transition mode  -239.501 cm^-1 (negative value denotes imaginary frequency)
Crossover temperature for tunnelling       54.84291 K
Restarting L-BFGS optimiser, instance: dimer rotation
Next calculation will be the dimer  midpoint
dl-find/turbomole/=============================== Tstep:  100.6 Ttot:76778.6 ==
eandg
Spin: 
 Energy calculation finished, energy: -2.138692275E+03
Testing convergence of dimer midpoint in cycle  256
    Energy  1.9629E-04 Target: 1.0000E-06 converged?   no
  Max step  9.0182E-02 Target: 1.8000E-03 converged?   no component   208
  RMS step  1.6301E-02 Target: 1.2000E-03 converged?   no
  Max grad  3.5455E-04 Target: 4.5000E-04 converged?  yes component    88
  RMS grad  5.8395E-05 Target: 3.0000E-04 converged?  yes
Next calculation will be the dimer endpoint before rotation
dl-find/turbomole/=============================== Tstep:  123.6 Ttot:76902.2 ==
eandg
Spin: 
 Energy calculation finished, energy: -2.138692274E+03
Curvature at dimer midpoint                   -0.00222
Predicted dimer rotation angle:     20.569 deg
Next calculation will be the dimer endpoint after rotation
dl-find/turbomole/=============================== Tstep:  100.8 Ttot:77003.0 ==
eandg
Spin: 
 Energy calculation finished, energy: -2.138692272E+03
Curvature at dimer midpoint after rotation     0.03138
Curvature at dimer minimum                    -0.00223
Actual dimer rotation angle:         0.393 deg
Dimer rotation converged after    1 steps
Writing TS-mode
Curvature after dimer rotation:               -0.00223
Frequency of transition mode  -242.674 cm^-1 (negative value denotes imaginary frequency)
Crossover temperature for tunnelling       55.56947 K
Restarting L-BFGS optimiser, instance: dimer rotation
Next calculation will be the dimer  midpoint
dl-find/turbomole/=============================== Tstep:   94.9 Ttot:77097.9 ==
eandg
Spin: 
 Energy calculation finished, energy: -2.138692280E+03
Testing convergence of dimer midpoint in cycle  257
    Energy  5.3520E-06 Target: 1.0000E-06 converged?   no
  Max step  3.2997E-02 Target: 1.8000E-03 converged?   no component   208
  RMS step  6.2856E-03 Target: 1.2000E-03 converged?   no
  Max grad  2.4785E-04 Target: 4.5000E-04 converged?  yes component    57
  RMS grad  5.2540E-05 Target: 3.0000E-04 converged?  yes
Next calculation will be the dimer endpoint before rotation
dl-find/turbomole/=============================== Tstep:  116.7 Ttot:77214.6 ==
eandg
Spin: 
 Energy calculation finished, energy: -2.138692280E+03
Curvature at dimer midpoint                   -0.00224
Predicted dimer rotation angle:     13.725 deg
Next calculation will be the dimer endpoint after rotation
dl-find/turbomole/=============================== Tstep:  101.9 Ttot:77316.4 ==
eandg
Spin: 
 Energy calculation finished, energy: -2.138692279E+03
Curvature at dimer midpoint after rotation     0.00562
Curvature at dimer minimum                    -0.00225
Actual dimer rotation angle:         0.447 deg
Dimer rotation converged after    1 steps
Writing TS-mode
Curvature after dimer rotation:               -0.00225
Frequency of transition mode  -243.801 cm^-1 (negative value denotes imaginary frequency)
Crossover temperature for tunnelling       55.82769 K
Restarting L-BFGS optimiser, instance: dimer rotation
Next calculation will be the dimer  midpoint
dl-find/turbomole/=============================== Tstep:   74.3 Ttot:77390.7 ==
eandg
Spin: 
 Energy calculation finished, energy: -2.138692286E+03
Testing convergence of dimer midpoint in cycle  258
    Energy  5.1030E-06 Target: 1.0000E-06 converged?   no
  Max step  4.0651E-02 Target: 1.8000E-03 converged?   no component   208
  RMS step  8.4624E-03 Target: 1.2000E-03 converged?   no
  Max grad  2.7145E-04 Target: 4.5000E-04 converged?  yes component    88
  RMS grad  4.8579E-05 Target: 3.0000E-04 converged?  yes
Next calculation will be the dimer endpoint before rotation
dl-find/turbomole/=============================== Tstep:  115.7 Ttot:77506.4 ==
eandg
Spin: 
 Energy calculation finished, energy: -2.138692285E+03
Curvature at dimer midpoint                   -0.00226
Predicted dimer rotation angle:     15.282 deg
Next calculation will be the dimer endpoint after rotation
dl-find/turbomole/=============================== Tstep:  102.7 Ttot:77609.1 ==
eandg
Spin: 
 Energy calculation finished, energy: -2.138692282E+03
Curvature at dimer midpoint after rotation     0.01530
Curvature at dimer minimum                    -0.00226
Actual dimer rotation angle:         0.291 deg
Dimer rotation converged after    1 steps
Writing TS-mode
Curvature after dimer rotation:               -0.00226
Frequency of transition mode  -244.625 cm^-1 (negative value denotes imaginary frequency)
Crossover temperature for tunnelling       56.01637 K
Restarting L-BFGS optimiser, instance: dimer rotation
Next calculation will be the dimer  midpoint
dl-find/turbomole/=============================== Tstep:   80.8 Ttot:77689.9 ==
eandg
Spin: 
 Energy calculation finished, energy: -2.138692287E+03
Testing convergence of dimer midpoint in cycle  259
    Energy  1.4530E-06 Target: 1.0000E-06 converged?   no
  Max step  3.6193E-02 Target: 1.8000E-03 converged?   no component   205
  RMS step  7.8139E-03 Target: 1.2000E-03 converged?   no
  Max grad  3.9253E-04 Target: 4.5000E-04 converged?  yes component   106
  RMS grad  8.4248E-05 Target: 3.0000E-04 converged?  yes
Next calculation will be the dimer endpoint before rotation
dl-find/turbomole/=============================== Tstep:  113.7 Ttot:77803.6 ==
eandg
Spin: 
 Energy calculation finished, energy: -2.138692501E+03
Curvature at dimer midpoint                   -0.00317
Predicted dimer rotation angle:     41.416 deg
Next calculation will be the dimer endpoint after rotation
dl-find/turbomole/=============================== Tstep:  121.9 Ttot:77925.5 ==
eandg
Spin: 
 Energy calculation finished, energy: -2.138692286E+03
Curvature at dimer midpoint after rotation     0.04393
Curvature at dimer minimum                    -0.00694
Actual dimer rotation angle:         8.504 deg
Predicted dimer rotation angle:     35.681 deg
Next calculation will be the dimer endpoint after rotation
dl-find/turbomole/=============================== Tstep:  116.2 Ttot:78041.7 ==
eandg
Spin: 
 Energy calculation finished, energy: -2.138692286E+03
Curvature at dimer midpoint after rotation     0.04375
Curvature at dimer minimum                    -0.00455
Actual dimer rotation angle:         3.754 deg
Predicted dimer rotation angle:     29.263 deg
Next calculation will be the dimer endpoint after rotation
dl-find/turbomole/=============================== Tstep:   97.2 Ttot:78138.9 ==
eandg
Spin: 
 Energy calculation finished, energy: -2.138692288E+03
Curvature at dimer midpoint after rotation     0.01180
Curvature at dimer minimum                    -0.00376
Actual dimer rotation angle:         3.788 deg
Predicted dimer rotation angle:     29.784 deg
Next calculation will be the dimer endpoint after rotation
dl-find/turbomole/=============================== Tstep:   95.6 Ttot:78234.5 ==
eandg
Spin: 
 Energy calculation finished, energy: -2.138692288E+03
Curvature at dimer midpoint after rotation     0.00456
Curvature at dimer minimum                    -0.00317
Actual dimer rotation angle:         5.717 deg
Predicted dimer rotation angle:     30.502 deg
Next calculation will be the dimer endpoint after rotation
dl-find/turbomole/=============================== Tstep:   88.6 Ttot:78323.1 ==
eandg
Spin: 
 Energy calculation finished, energy: -2.138692288E+03
Curvature at dimer midpoint after rotation     0.00409
Curvature at dimer minimum                    -0.00271
Actual dimer rotation angle:         5.999 deg
Predicted dimer rotation angle:     29.750 deg
Next calculation will be the dimer endpoint after rotation
dl-find/turbomole/=============================== Tstep:   93.2 Ttot:78416.3 ==
eandg
Spin: 
 Energy calculation finished, energy: -2.138692288E+03
Curvature at dimer midpoint after rotation     0.00143
Curvature at dimer minimum                    -0.00261
Actual dimer rotation angle:         7.468 deg
Predicted dimer rotation angle:     28.984 deg
Next calculation will be the dimer endpoint after rotation
dl-find/turbomole/=============================== Tstep:   89.6 Ttot:78505.9 ==
eandg
Spin: 
 Energy calculation finished, energy: -2.138692288E+03
Curvature at dimer midpoint after rotation     0.00211
Curvature at dimer minimum                    -0.00264
Actual dimer rotation angle:         6.412 deg
Predicted dimer rotation angle:     27.704 deg
Next calculation will be the dimer endpoint after rotation
dl-find/turbomole/=============================== Tstep:   95.4 Ttot:78601.3 ==
eandg
Spin: 
 Energy calculation finished, energy: -2.138692288E+03
Curvature at dimer midpoint after rotation     0.01386
Curvature at dimer minimum                    -0.00263
Actual dimer rotation angle:         2.306 deg
Predicted dimer rotation angle:     18.200 deg
Next calculation will be the dimer endpoint after rotation
dl-find/turbomole/=============================== Tstep:   92.5 Ttot:78693.8 ==
eandg
Spin: 
 Energy calculation finished, energy: -2.138692288E+03
Curvature at dimer midpoint after rotation     0.00043
Curvature at dimer minimum                    -0.00268
Actual dimer rotation angle:         2.560 deg
Predicted dimer rotation angle:     13.475 deg
Next calculation will be the dimer endpoint after rotation
dl-find/turbomole/=============================== Tstep:  100.2 Ttot:78794.0 ==
eandg
Spin: 
 Energy calculation finished, energy: -2.138692288E+03
Curvature at dimer midpoint after rotation    -0.00157
Curvature at dimer minimum                    -0.00260
Actual dimer rotation angle:         2.580 deg
Predicted dimer rotation angle:     12.595 deg
Next calculation will be the dimer endpoint after rotation
dl-find/turbomole/=============================== Tstep:   88.6 Ttot:78882.7 ==
eandg
Spin: 
 Energy calculation finished, energy: -2.138692288E+03
Curvature at dimer midpoint after rotation    -0.00124
Curvature at dimer minimum                    -0.00253
Actual dimer rotation angle:         1.823 deg
Dimer rotation converged after   11 steps
Writing TS-mode
Curvature after dimer rotation:               -0.00253
Frequency of transition mode  -258.600 cm^-1 (negative value denotes imaginary frequency)
Crossover temperature for tunnelling       59.21648 K
Restarting L-BFGS optimiser, instance: dimer rotation
Next calculation will be the dimer  midpoint
dl-find/turbomole/=============================== Tstep:   86.8 Ttot:78969.4 ==
eandg
Spin: 
 Energy calculation finished, energy: -2.138692504E+03
Testing convergence of dimer midpoint in cycle  260
    Energy  2.1720E-04 Target: 1.0000E-06 converged?   no
  Max step  1.7873E-02 Target: 1.8000E-03 converged?   no component   205
  RMS step  3.8653E-03 Target: 1.2000E-03 converged?   no
  Max grad  1.4706E-04 Target: 4.5000E-04 converged?  yes component   218
  RMS grad  3.9547E-05 Target: 3.0000E-04 converged?  yes
Next calculation will be the dimer endpoint before rotation
dl-find/turbomole/=============================== Tstep:  119.5 Ttot:79088.9 ==
eandg
Spin: 
 Energy calculation finished, energy: -2.138692505E+03
Curvature at dimer midpoint                   -0.00185
Predicted dimer rotation angle:     35.342 deg
Next calculation will be the dimer endpoint after rotation
dl-find/turbomole/=============================== Tstep:  107.4 Ttot:79196.3 ==
eandg
Spin: 
 Energy calculation finished, energy: -2.138692502E+03
Curvature at dimer midpoint after rotation     0.04379
Curvature at dimer minimum                    -0.00203
Actual dimer rotation angle:         1.994 deg
Dimer rotation converged after    1 steps
Writing TS-mode
Curvature after dimer rotation:               -0.00203
Frequency of transition mode  -231.658 cm^-1 (negative value denotes imaginary frequency)
Crossover temperature for tunnelling       53.04695 K
Restarting L-BFGS optimiser, instance: dimer rotation
Next calculation will be the dimer  midpoint
dl-find/turbomole/=============================== Tstep:  109.0 Ttot:79305.4 ==
eandg
Spin: 
 Energy calculation finished, energy: -2.138692506E+03
Testing convergence of dimer midpoint in cycle  261
    Energy  2.2160E-06 Target: 1.0000E-06 converged?   no
  Max step  9.6465E-03 Target: 1.8000E-03 converged?   no component   208
  RMS step  2.2615E-03 Target: 1.2000E-03 converged?   no
  Max grad  1.9126E-04 Target: 4.5000E-04 converged?  yes component   106
  RMS grad  4.0909E-05 Target: 3.0000E-04 converged?  yes
Next calculation will be the dimer endpoint before rotation
dl-find/turbomole/=============================== Tstep:  117.3 Ttot:79422.6 ==
eandg
Spin: 
 Energy calculation finished, energy: -2.138692507E+03
Curvature at dimer midpoint                   -0.00203
Predicted dimer rotation angle:     32.072 deg
Next calculation will be the dimer endpoint after rotation
dl-find/turbomole/=============================== Tstep:   98.4 Ttot:79521.0 ==
eandg
Spin: 
 Energy calculation finished, energy: -2.138692499E+03
Curvature at dimer midpoint after rotation     0.08802
Curvature at dimer minimum                    -0.00208
Actual dimer rotation angle:         0.720 deg
Dimer rotation converged after    1 steps
Writing TS-mode
Curvature after dimer rotation:               -0.00208
Frequency of transition mode  -234.466 cm^-1 (negative value denotes imaginary frequency)
Crossover temperature for tunnelling       53.68995 K
Restarting L-BFGS optimiser, instance: dimer rotation
Next calculation will be the dimer  midpoint
dl-find/turbomole/=============================== Tstep:  101.0 Ttot:79622.0 ==
eandg
Spin: 
 Energy calculation finished, energy: -2.138692514E+03
Testing convergence of dimer midpoint in cycle  262
    Energy  7.5280E-06 Target: 1.0000E-06 converged?   no
  Max step  1.1825E-02 Target: 1.8000E-03 converged?   no component   208
  RMS step  2.1802E-03 Target: 1.2000E-03 converged?   no
  Max grad  2.1756E-04 Target: 4.5000E-04 converged?  yes component    83
  RMS grad  3.7724E-05 Target: 3.0000E-04 converged?  yes
Next calculation will be the dimer endpoint before rotation
dl-find/turbomole/=============================== Tstep:  105.6 Ttot:79727.6 ==
eandg
Spin: 
 Energy calculation finished, energy: -2.138692514E+03
Curvature at dimer midpoint                   -0.00208
Predicted dimer rotation angle:     21.058 deg
Next calculation will be the dimer endpoint after rotation
dl-find/turbomole/=============================== Tstep:   99.6 Ttot:79827.2 ==
eandg
Spin: 
 Energy calculation finished, energy: -2.138692514E+03
Curvature at dimer midpoint after rotation     0.01269
Curvature at dimer minimum                    -0.00211
Actual dimer rotation angle:         0.868 deg
Dimer rotation converged after    1 steps
Writing TS-mode
Curvature after dimer rotation:               -0.00211
Frequency of transition mode  -236.086 cm^-1 (negative value denotes imaginary frequency)
Crossover temperature for tunnelling       54.06086 K
Restarting L-BFGS optimiser, instance: dimer rotation
Next calculation will be the dimer  midpoint
dl-find/turbomole/=============================== Tstep:   85.9 Ttot:79913.1 ==
eandg
Spin: 
 Energy calculation finished, energy: -2.138692515E+03
Testing convergence of dimer midpoint in cycle  263
    Energy  1.4070E-06 Target: 1.0000E-06 converged?   no
  Max step  3.8154E-02 Target: 1.8000E-03 converged?   no component   208
  RMS step  6.9192E-03 Target: 1.2000E-03 converged?   no
  Max grad  3.8108E-04 Target: 4.5000E-04 converged?  yes component   190
  RMS grad  7.7921E-05 Target: 3.0000E-04 converged?  yes
Next calculation will be the dimer endpoint before rotation
dl-find/turbomole/=============================== Tstep:  111.7 Ttot:80024.9 ==
eandg
Spin: 
 Energy calculation finished, energy: -2.138692516E+03
Curvature at dimer midpoint                   -0.00212
Predicted dimer rotation angle:     24.382 deg
Next calculation will be the dimer endpoint after rotation
dl-find/turbomole/=============================== Tstep:   98.9 Ttot:80123.8 ==
eandg
Spin: 
 Energy calculation finished, energy: -2.138692513E+03
Curvature at dimer midpoint after rotation     0.04899
Curvature at dimer minimum                    -0.00214
Actual dimer rotation angle:         0.446 deg
Dimer rotation converged after    1 steps
Writing TS-mode
Curvature after dimer rotation:               -0.00214
Frequency of transition mode  -237.555 cm^-1 (negative value denotes imaginary frequency)
Crossover temperature for tunnelling       54.39739 K
Restarting L-BFGS optimiser, instance: dimer rotation
Next calculation will be the dimer  midpoint
dl-find/turbomole/=============================== Tstep:  100.4 Ttot:80224.1 ==
eandg
Spin: 
 Energy calculation finished, energy: -2.138692307E+03
Testing convergence of dimer midpoint in cycle  264
    Energy  2.0791E-04 Target: 1.0000E-06 converged?   no
  Max step  1.6309E-02 Target: 1.8000E-03 converged?   no component   208
  RMS step  3.2024E-03 Target: 1.2000E-03 converged?   no
  Max grad  1.3429E-04 Target: 4.5000E-04 converged?  yes component   219
  RMS grad  3.9866E-05 Target: 3.0000E-04 converged?  yes
Next calculation will be the dimer endpoint before rotation
dl-find/turbomole/=============================== Tstep:  123.6 Ttot:80347.7 ==
eandg
Spin: 
 Energy calculation finished, energy: -2.138692308E+03
Curvature at dimer midpoint                   -0.00215
Predicted dimer rotation angle:     16.082 deg
Next calculation will be the dimer endpoint after rotation
dl-find/turbomole/=============================== Tstep:  100.2 Ttot:80447.9 ==
eandg
Spin: 
 Energy calculation finished, energy: -2.138692307E+03
Curvature at dimer midpoint after rotation     0.00654
Curvature at dimer minimum                    -0.00216
Actual dimer rotation angle:         0.631 deg
Dimer rotation converged after    1 steps
Writing TS-mode
Curvature after dimer rotation:               -0.00216
Frequency of transition mode  -238.987 cm^-1 (negative value denotes imaginary frequency)
Crossover temperature for tunnelling       54.72537 K
Restarting L-BFGS optimiser, instance: dimer rotation
Next calculation will be the dimer  midpoint
dl-find/turbomole/=============================== Tstep:   92.8 Ttot:80540.8 ==
eandg
Spin: 
 Energy calculation finished, energy: -2.138692524E+03
Testing convergence of dimer midpoint in cycle  265
    Energy  2.1660E-04 Target: 1.0000E-06 converged?   no
  Max step  1.5223E-02 Target: 1.8000E-03 converged?   no component   208
  RMS step  4.1870E-03 Target: 1.2000E-03 converged?   no
  Max grad  2.7631E-04 Target: 4.5000E-04 converged?  yes component    80
  RMS grad  6.4018E-05 Target: 3.0000E-04 converged?  yes
Next calculation will be the dimer endpoint before rotation
dl-find/turbomole/=============================== Tstep:  120.3 Ttot:80661.0 ==
eandg
Spin: 
 Energy calculation finished, energy: -2.138692525E+03
Curvature at dimer midpoint                   -0.00220
Predicted dimer rotation angle:     21.337 deg
Next calculation will be the dimer endpoint after rotation
dl-find/turbomole/=============================== Tstep:   98.7 Ttot:80759.7 ==
eandg
Spin: 
 Energy calculation finished, energy: -2.138692523E+03
Curvature at dimer midpoint after rotation     0.03607
Curvature at dimer minimum                    -0.00221
Actual dimer rotation angle:         0.388 deg
Dimer rotation converged after    1 steps
Writing TS-mode
Curvature after dimer rotation:               -0.00221
Frequency of transition mode  -241.744 cm^-1 (negative value denotes imaginary frequency)
Crossover temperature for tunnelling       55.35648 K
Restarting L-BFGS optimiser, instance: dimer rotation
Next calculation will be the dimer  midpoint
dl-find/turbomole/=============================== Tstep:   93.8 Ttot:80853.5 ==
eandg
Spin: 
 Energy calculation finished, energy: -2.138692532E+03
Testing convergence of dimer midpoint in cycle  266
    Energy  7.5880E-06 Target: 1.0000E-06 converged?   no
  Max step  1.7547E-02 Target: 1.8000E-03 converged?   no component   208
  RMS step  3.2081E-03 Target: 1.2000E-03 converged?   no
  Max grad  1.4556E-04 Target: 4.5000E-04 converged?  yes component    45
  RMS grad  4.0593E-05 Target: 3.0000E-04 converged?  yes
Next calculation will be the dimer endpoint before rotation
dl-find/turbomole/=============================== Tstep:  109.3 Ttot:80962.9 ==
eandg
Spin: 
 Energy calculation finished, energy: -2.138692318E+03
Curvature at dimer midpoint                    0.00113
Predicted dimer rotation angle:     43.702 deg
Next calculation will be the dimer endpoint after rotation
dl-find/turbomole/=============================== Tstep:  118.9 Ttot:81081.8 ==
eandg
Spin: 
 Energy calculation finished, energy: -2.138692528E+03
Curvature at dimer midpoint after rotation     0.04866
Curvature at dimer minimum                    -0.00286
Actual dimer rotation angle:         9.094 deg
Predicted dimer rotation angle:     44.678 deg
Next calculation will be the dimer endpoint after rotation
dl-find/turbomole/=============================== Tstep:  115.7 Ttot:81197.5 ==
eandg
Spin: 
 Energy calculation finished, energy: -2.138692526E+03
Curvature at dimer midpoint after rotation     0.06678
Curvature at dimer minimum                    -0.00093
Actual dimer rotation angle:         4.073 deg
Predicted dimer rotation angle:     44.976 deg
Next calculation will be the dimer endpoint after rotation
dl-find/turbomole/=============================== Tstep:   97.7 Ttot:81295.2 ==
eandg
Spin: 
 Energy calculation finished, energy: -2.138692529E+03
Curvature at dimer midpoint after rotation     0.02088
Curvature at dimer minimum                    -0.00060
Actual dimer rotation angle:         6.070 deg
Predicted dimer rotation angle:     41.837 deg
Next calculation will be the dimer endpoint after rotation
dl-find/turbomole/=============================== Tstep:  101.8 Ttot:81396.9 ==
eandg
Spin: 
 Energy calculation finished, energy: -2.138692530E+03
Curvature at dimer midpoint after rotation     0.00898
Curvature at dimer minimum                    -0.00021
Actual dimer rotation angle:         8.872 deg
Predicted dimer rotation angle:     41.949 deg
Next calculation will be the dimer endpoint after rotation
dl-find/turbomole/=============================== Tstep:   95.7 Ttot:81492.6 ==
eandg
Spin: 
 Energy calculation finished, energy: -2.138692530E+03
Curvature at dimer midpoint after rotation     0.00527
Curvature at dimer minimum                    -0.00047
Actual dimer rotation angle:        11.845 deg
Predicted dimer rotation angle:     44.169 deg
Next calculation will be the dimer endpoint after rotation
dl-find/turbomole/=============================== Tstep:   92.6 Ttot:81585.2 ==
eandg
Spin: 
 Energy calculation finished, energy: -2.138692530E+03
Curvature at dimer midpoint after rotation     0.00802
Curvature at dimer minimum                    -0.00100
Actual dimer rotation angle:         9.978 deg
Predicted dimer rotation angle:     39.666 deg
Next calculation will be the dimer endpoint after rotation
dl-find/turbomole/=============================== Tstep:  101.0 Ttot:81686.2 ==
eandg
Spin: 
 Energy calculation finished, energy: -2.138692530E+03
Curvature at dimer midpoint after rotation     0.02991
Curvature at dimer minimum                    -0.00155
Actual dimer rotation angle:         3.810 deg
Predicted dimer rotation angle:     33.748 deg
Next calculation will be the dimer endpoint after rotation
dl-find/turbomole/=============================== Tstep:  103.6 Ttot:81789.9 ==
eandg
Spin: 
 Energy calculation finished, energy: -2.138692530E+03
Curvature at dimer midpoint after rotation     0.01361
Curvature at dimer minimum                    -0.00180
Actual dimer rotation angle:         3.557 deg
Predicted dimer rotation angle:     27.933 deg
Next calculation will be the dimer endpoint after rotation
dl-find/turbomole/=============================== Tstep:   78.8 Ttot:81868.6 ==
eandg
Spin: 
 Energy calculation finished, energy: -2.138692530E+03
Curvature at dimer midpoint after rotation     0.00506
Curvature at dimer minimum                    -0.00190
Actual dimer rotation angle:         3.593 deg
Predicted dimer rotation angle:     23.672 deg
Next calculation will be the dimer endpoint after rotation
dl-find/turbomole/=============================== Tstep:   96.5 Ttot:81965.1 ==
eandg
Spin: 
 Energy calculation finished, energy: -2.138692530E+03
Curvature at dimer midpoint after rotation     0.00744
Curvature at dimer minimum                    -0.00200
Actual dimer rotation angle:         1.777 deg
Dimer rotation converged after   10 steps
Writing TS-mode
Curvature after dimer rotation:               -0.00200
Frequency of transition mode  -230.174 cm^-1 (negative value denotes imaginary frequency)
Crossover temperature for tunnelling       52.70723 K
Restarting L-BFGS optimiser, instance: dimer rotation
Next calculation will be the dimer  midpoint
dl-find/turbomole/=============================== Tstep:   89.5 Ttot:82054.6 ==
eandg
Spin: 
 Energy calculation finished, energy: -2.138692314E+03
Testing convergence of dimer midpoint in cycle  267
    Energy  2.1721E-04 Target: 1.0000E-06 converged?   no
  Max step  2.8602E-01 Target: 1.8000E-03 converged?   no component   208
  RMS step  5.1382E-02 Target: 1.2000E-03 converged?   no
  Max grad  1.2131E-03 Target: 4.5000E-04 converged?   no component    80
  RMS grad  2.4014E-04 Target: 3.0000E-04 converged?  yes
Next calculation will be the dimer endpoint before rotation
dl-find/turbomole/=============================== Tstep:  128.1 Ttot:82182.7 ==
eandg
Spin: 
 Energy calculation finished, energy: -2.138692315E+03
Curvature at dimer midpoint                   -0.00166
Predicted dimer rotation angle:     37.555 deg
Next calculation will be the dimer endpoint after rotation
dl-find/turbomole/=============================== Tstep:  106.3 Ttot:82289.0 ==
eandg
Spin: 
 Energy calculation finished, energy: -2.138692308E+03
Curvature at dimer midpoint after rotation     0.05253
Curvature at dimer minimum                    -0.00189
Actual dimer rotation angle:         2.197 deg
Predicted dimer rotation angle:     32.062 deg
Next calculation will be the dimer endpoint after rotation
dl-find/turbomole/=============================== Tstep:  107.0 Ttot:82396.0 ==
eandg
Spin: 
 Energy calculation finished, energy: -2.138692317E+03
Curvature at dimer midpoint after rotation     0.02315
Curvature at dimer minimum                    -0.00205
Actual dimer rotation angle:         2.208 deg
Predicted dimer rotation angle:     22.564 deg
Next calculation will be the dimer endpoint after rotation
dl-find/turbomole/=============================== Tstep:  101.4 Ttot:82497.4 ==
eandg
Spin: 
 Energy calculation finished, energy: -2.138692315E+03
Curvature at dimer midpoint after rotation     0.00454
Curvature at dimer minimum                    -0.00213
Actual dimer rotation angle:         2.156 deg
Predicted dimer rotation angle:     20.243 deg
Next calculation will be the dimer endpoint after rotation
dl-find/turbomole/=============================== Tstep:  106.6 Ttot:82604.0 ==
eandg
Spin: 
 Energy calculation finished, energy: -2.138692315E+03
Curvature at dimer midpoint after rotation     0.00015
Curvature at dimer minimum                    -0.00225
Actual dimer rotation angle:         3.589 deg
Predicted dimer rotation angle:     16.968 deg
Next calculation will be the dimer endpoint after rotation
dl-find/turbomole/=============================== Tstep:   83.1 Ttot:82687.1 ==
eandg
Spin: 
 Energy calculation finished, energy: -2.138692315E+03
Curvature at dimer midpoint after rotation    -0.00139
Curvature at dimer minimum                    -0.00236
Actual dimer rotation angle:         4.299 deg
Predicted dimer rotation angle:     14.107 deg
Next calculation will be the dimer endpoint after rotation
dl-find/turbomole/=============================== Tstep:   90.3 Ttot:82777.4 ==
eandg
Spin: 
 Energy calculation finished, energy: -2.138692314E+03
Curvature at dimer midpoint after rotation     0.00124
Curvature at dimer minimum                    -0.00239
Actual dimer rotation angle:         1.027 deg
Dimer rotation converged after    6 steps
Writing TS-mode
Curvature after dimer rotation:               -0.00239
Frequency of transition mode  -251.061 cm^-1 (negative value denotes imaginary frequency)
Crossover temperature for tunnelling       57.49009 K
Restarting L-BFGS optimiser, instance: dimer rotation
Next calculation will be the dimer  midpoint
dl-find/turbomole/=============================== Tstep:   91.1 Ttot:82868.5 ==
eandg
Spin: 
 Energy calculation finished, energy: -2.138692334E+03
Testing convergence of dimer midpoint in cycle  268
    Energy  1.9121E-05 Target: 1.0000E-06 converged?   no
  Max step  2.0759E-01 Target: 1.8000E-03 converged?   no component   208
  RMS step  3.7311E-02 Target: 1.2000E-03 converged?   no
  Max grad  2.1660E-04 Target: 4.5000E-04 converged?  yes component    80
  RMS grad  5.0067E-05 Target: 3.0000E-04 converged?  yes
Next calculation will be the dimer endpoint before rotation
dl-find/turbomole/=============================== Tstep:  120.7 Ttot:82989.2 ==
eandg
Spin: 
 Energy calculation finished, energy: -2.138692333E+03
Curvature at dimer midpoint                   -0.00233
Predicted dimer rotation angle:     16.927 deg
Next calculation will be the dimer endpoint after rotation
dl-find/turbomole/=============================== Tstep:  105.3 Ttot:83094.5 ==
eandg
Spin: 
 Energy calculation finished, energy: -2.138692332E+03
Curvature at dimer midpoint after rotation     0.01296
Curvature at dimer minimum                    -0.00234
Actual dimer rotation angle:         0.470 deg
Dimer rotation converged after    1 steps
Writing TS-mode
Curvature after dimer rotation:               -0.00234
Frequency of transition mode  -248.842 cm^-1 (negative value denotes imaginary frequency)
Crossover temperature for tunnelling       56.98190 K
Restarting L-BFGS optimiser, instance: dimer rotation
Next calculation will be the dimer  midpoint
dl-find/turbomole/=============================== Tstep:   93.0 Ttot:83187.5 ==
eandg
Spin: 
 Energy calculation finished, energy: -2.138692333E+03
Testing convergence of dimer midpoint in cycle  269
    Energy  2.6900E-07 Target: 1.0000E-06 converged?  yes
  Max step  7.1752E-03 Target: 1.8000E-03 converged?   no component   241
  RMS step  1.6983E-03 Target: 1.2000E-03 converged?   no
  Max grad  9.1095E-05 Target: 4.5000E-04 converged?  yes component   228
  RMS grad  2.9803E-05 Target: 3.0000E-04 converged?  yes
Next calculation will be the dimer endpoint before rotation
dl-find/turbomole/=============================== Tstep:  107.2 Ttot:83294.7 ==
eandg
Spin: 
 Energy calculation finished, energy: -2.138692333E+03
Curvature at dimer midpoint                   -0.00234
Predicted dimer rotation angle:     15.617 deg
Next calculation will be the dimer endpoint after rotation
dl-find/turbomole/=============================== Tstep:  106.1 Ttot:83400.8 ==
eandg
Spin: 
 Energy calculation finished, energy: -2.138692332E+03
Curvature at dimer midpoint after rotation     0.01236
Curvature at dimer minimum                    -0.00235
Actual dimer rotation angle:         0.382 deg
Dimer rotation converged after    1 steps
Writing TS-mode
Curvature after dimer rotation:               -0.00235
Frequency of transition mode  -249.335 cm^-1 (negative value denotes imaginary frequency)
Crossover temperature for tunnelling       57.09489 K
Restarting L-BFGS optimiser, instance: dimer rotation
Next calculation will be the dimer  midpoint
dl-find/turbomole/=============================== Tstep:   80.3 Ttot:83481.0 ==
eandg
Spin: 
 Energy calculation finished, energy: -2.138692336E+03
Testing convergence of dimer midpoint in cycle  270
    Energy  2.3070E-06 Target: 1.0000E-06 converged?   no
  Max step  8.1708E-03 Target: 1.8000E-03 converged?   no component   238
  RMS step  2.0654E-03 Target: 1.2000E-03 converged?   no
  Max grad  7.1410E-05 Target: 4.5000E-04 converged?  yes component   248
  RMS grad  2.6226E-05 Target: 3.0000E-04 converged?  yes
Next calculation will be the dimer endpoint before rotation
dl-find/turbomole/=============================== Tstep:  111.0 Ttot:83592.0 ==
eandg
Spin: 
 Energy calculation finished, energy: -2.138692336E+03
Curvature at dimer midpoint                   -0.00235
Predicted dimer rotation angle:     13.618 deg
Next calculation will be the dimer endpoint after rotation
dl-find/turbomole/=============================== Tstep:  106.9 Ttot:83698.9 ==
eandg
Spin: 
 Energy calculation finished, energy: -2.138692336E+03
Curvature at dimer midpoint after rotation     0.00772
Curvature at dimer minimum                    -0.00236
Actual dimer rotation angle:         0.362 deg
Dimer rotation converged after    1 steps
Writing TS-mode
Curvature after dimer rotation:               -0.00236
Frequency of transition mode  -249.727 cm^-1 (negative value denotes imaginary frequency)
Crossover temperature for tunnelling       57.18469 K
Restarting L-BFGS optimiser, instance: dimer rotation
Next calculation will be the dimer  midpoint
dl-find/turbomole/=============================== Tstep:   93.7 Ttot:83792.6 ==
eandg
Spin: 
 Energy calculation finished, energy: -2.138692345E+03
Testing convergence of dimer midpoint in cycle  271
    Energy  9.1790E-06 Target: 1.0000E-06 converged?   no
  Max step  2.8887E-02 Target: 1.8000E-03 converged?   no component   208
  RMS step  5.5445E-03 Target: 1.2000E-03 converged?   no
  Max grad  1.6955E-04 Target: 4.5000E-04 converged?  yes component    80
  RMS grad  4.2710E-05 Target: 3.0000E-04 converged?  yes
Next calculation will be the dimer endpoint before rotation
dl-find/turbomole/=============================== Tstep:   92.9 Ttot:83885.5 ==
eandg
Spin: 
 Energy calculation finished, energy: -2.138692345E+03
Curvature at dimer midpoint                   -0.00226
Predicted dimer rotation angle:     14.478 deg
Next calculation will be the dimer endpoint after rotation
dl-find/turbomole/=============================== Tstep:   98.4 Ttot:83983.8 ==
eandg
Spin: 
 Energy calculation finished, energy: -2.138692344E+03
Curvature at dimer midpoint after rotation     0.01154
Curvature at dimer minimum                    -0.00226
Actual dimer rotation angle:         0.310 deg
Dimer rotation converged after    1 steps
Writing TS-mode
Curvature after dimer rotation:               -0.00226
Frequency of transition mode  -244.593 cm^-1 (negative value denotes imaginary frequency)
Crossover temperature for tunnelling       56.00890 K
Restarting L-BFGS optimiser, instance: dimer rotation
Next calculation will be the dimer  midpoint
dl-find/turbomole/=============================== Tstep:   79.4 Ttot:84063.2 ==
eandg
Spin: 
 Energy calculation finished, energy: -2.138692366E+03
Testing convergence of dimer midpoint in cycle  272
    Energy  2.0924E-05 Target: 1.0000E-06 converged?   no
  Max step  4.9869E-02 Target: 1.8000E-03 converged?   no component   208
  RMS step  9.1919E-03 Target: 1.2000E-03 converged?   no
  Max grad  5.1464E-04 Target: 4.5000E-04 converged?   no component    83
  RMS grad  7.4467E-05 Target: 3.0000E-04 converged?  yes
Next calculation will be the dimer endpoint before rotation
dl-find/turbomole/=============================== Tstep:  114.1 Ttot:84177.4 ==
eandg
Spin: 
 Energy calculation finished, energy: -2.138692366E+03
Curvature at dimer midpoint                   -0.00235
Predicted dimer rotation angle:     11.297 deg
Next calculation will be the dimer endpoint after rotation
dl-find/turbomole/=============================== Tstep:  106.3 Ttot:84283.7 ==
eandg
Spin: 
 Energy calculation finished, energy: -2.138692366E+03
Curvature at dimer midpoint after rotation     0.00384
Curvature at dimer minimum                    -0.00236
Actual dimer rotation angle:         0.328 deg
Dimer rotation converged after    1 steps
Writing TS-mode
Curvature after dimer rotation:               -0.00236
Frequency of transition mode  -249.709 cm^-1 (negative value denotes imaginary frequency)
Crossover temperature for tunnelling       57.18056 K
Restarting L-BFGS optimiser, instance: dimer rotation
Next calculation will be the dimer  midpoint
dl-find/turbomole/=============================== Tstep:   92.5 Ttot:84376.2 ==
eandg
Spin: 
 Energy calculation finished, energy: -2.138692368E+03
Testing convergence of dimer midpoint in cycle  273
    Energy  2.6270E-06 Target: 1.0000E-06 converged?   no
  Max step  7.4973E-03 Target: 1.8000E-03 converged?   no component   208
  RMS step  1.4869E-03 Target: 1.2000E-03 converged?   no
  Max grad  1.1265E-04 Target: 4.5000E-04 converged?  yes component   242
  RMS grad  3.3372E-05 Target: 3.0000E-04 converged?  yes
Next calculation will be the dimer endpoint before rotation
dl-find/turbomole/=============================== Tstep:   91.9 Ttot:84468.1 ==
eandg
Spin: 
 Energy calculation finished, energy: -2.138692368E+03
Curvature at dimer midpoint                   -0.00230
Predicted dimer rotation angle:     12.855 deg
Next calculation will be the dimer endpoint after rotation
dl-find/turbomole/=============================== Tstep:   97.7 Ttot:84565.8 ==
eandg
Spin: 
 Energy calculation finished, energy: -2.138692368E+03
Curvature at dimer midpoint after rotation     0.00961
Curvature at dimer minimum                    -0.00231
Actual dimer rotation angle:         0.253 deg
Dimer rotation converged after    1 steps
Writing TS-mode
Curvature after dimer rotation:               -0.00231
Frequency of transition mode  -246.839 cm^-1 (negative value denotes imaginary frequency)
Crossover temperature for tunnelling       56.52336 K
Restarting L-BFGS optimiser, instance: dimer rotation
Next calculation will be the dimer  midpoint
dl-find/turbomole/=============================== Tstep:   90.6 Ttot:84656.4 ==
eandg
Spin: 
 Energy calculation finished, energy: -2.138692373E+03
Testing convergence of dimer midpoint in cycle  274
    Energy  4.7410E-06 Target: 1.0000E-06 converged?   no
  Max step  1.1896E-02 Target: 1.8000E-03 converged?   no component   208
  RMS step  2.6327E-03 Target: 1.2000E-03 converged?   no
  Max grad  1.4605E-04 Target: 4.5000E-04 converged?  yes component    83
  RMS grad  3.1583E-05 Target: 3.0000E-04 converged?  yes
Next calculation will be the dimer endpoint before rotation
dl-find/turbomole/=============================== Tstep:   97.3 Ttot:84753.7 ==
eandg
Spin: 
 Energy calculation finished, energy: -2.138692369E+03
Curvature at dimer midpoint                   -0.00236
Predicted dimer rotation angle:     10.680 deg
Next calculation will be the dimer endpoint after rotation
dl-find/turbomole/=============================== Tstep:  101.8 Ttot:84855.5 ==
eandg
Spin: 
 Energy calculation finished, energy: -2.138692369E+03
Curvature at dimer midpoint after rotation     0.00273
Curvature at dimer minimum                    -0.00237
Actual dimer rotation angle:         0.335 deg
Dimer rotation converged after    1 steps
Writing TS-mode
Curvature after dimer rotation:               -0.00237
Frequency of transition mode  -250.109 cm^-1 (negative value denotes imaginary frequency)
Crossover temperature for tunnelling       57.27205 K
Restarting L-BFGS optimiser, instance: dimer rotation
Next calculation will be the dimer  midpoint
dl-find/turbomole/=============================== Tstep:   89.0 Ttot:84944.5 ==
eandg
Spin: 
 Energy calculation finished, energy: -2.138692378E+03
Testing convergence of dimer midpoint in cycle  275
    Energy  5.0270E-06 Target: 1.0000E-06 converged?   no
  Max step  1.8882E-02 Target: 1.8000E-03 converged?   no component   208
  RMS step  3.9899E-03 Target: 1.2000E-03 converged?   no
  Max grad  3.0149E-04 Target: 4.5000E-04 converged?  yes component    83
  RMS grad  4.5094E-05 Target: 3.0000E-04 converged?  yes
Next calculation will be the dimer endpoint before rotation
dl-find/turbomole/=============================== Tstep:  112.2 Ttot:85056.7 ==
eandg
Spin: 
 Energy calculation finished, energy: -2.138692378E+03
Curvature at dimer midpoint                   -0.00236
Predicted dimer rotation angle:     12.389 deg
Next calculation will be the dimer endpoint after rotation
dl-find/turbomole/=============================== Tstep:  106.8 Ttot:85163.5 ==
eandg
Spin: 
 Energy calculation finished, energy: -2.138692374E+03
Curvature at dimer midpoint after rotation     0.00956
Curvature at dimer minimum                    -0.00236
Actual dimer rotation angle:         0.232 deg
Dimer rotation converged after    1 steps
Writing TS-mode
Curvature after dimer rotation:               -0.00236
Frequency of transition mode  -249.899 cm^-1 (negative value denotes imaginary frequency)
Crossover temperature for tunnelling       57.22395 K
Restarting L-BFGS optimiser, instance: dimer rotation
Next calculation will be the dimer  midpoint
dl-find/turbomole/=============================== Tstep:   94.9 Ttot:85258.4 ==
eandg
Spin: 
 Energy calculation finished, energy: -2.138692381E+03
Testing convergence of dimer midpoint in cycle  276
    Energy  3.1960E-06 Target: 1.0000E-06 converged?   no
  Max step  2.8079E-02 Target: 1.8000E-03 converged?   no component   208
  RMS step  5.9017E-03 Target: 1.2000E-03 converged?   no
  Max grad  2.6145E-04 Target: 4.5000E-04 converged?  yes component    83
  RMS grad  4.9083E-05 Target: 3.0000E-04 converged?  yes
Next calculation will be the dimer endpoint before rotation
dl-find/turbomole/=============================== Tstep:  118.3 Ttot:85376.6 ==
eandg
Spin: 
 Energy calculation finished, energy: -2.138692381E+03
Curvature at dimer midpoint                   -0.00233
Predicted dimer rotation angle:      9.122 deg
Next calculation will be the dimer endpoint after rotation
dl-find/turbomole/=============================== Tstep:   97.2 Ttot:85473.9 ==
eandg
Spin: 
 Energy calculation finished, energy: -2.138692386E+03
Curvature at dimer midpoint after rotation     0.00149
Curvature at dimer minimum                    -0.00233
Actual dimer rotation angle:         0.272 deg
Dimer rotation converged after    1 steps
Writing TS-mode
Curvature after dimer rotation:               -0.00233
Frequency of transition mode  -248.387 cm^-1 (negative value denotes imaginary frequency)
Crossover temperature for tunnelling       56.87777 K
Restarting L-BFGS optimiser, instance: dimer rotation
Next calculation will be the dimer  midpoint
dl-find/turbomole/=============================== Tstep:   92.7 Ttot:85566.5 ==
eandg
Spin: 
 Energy calculation finished, energy: -2.138692449E+03
Testing convergence of dimer midpoint in cycle  277
    Energy  6.7770E-05 Target: 1.0000E-06 converged?   no
  Max step  6.7607E-02 Target: 1.8000E-03 converged?   no component   208
  RMS step  1.3446E-02 Target: 1.2000E-03 converged?   no
  Max grad  1.4263E-03 Target: 4.5000E-04 converged?   no component   141
  RMS grad  1.9697E-04 Target: 3.0000E-04 converged?  yes
Next calculation will be the dimer endpoint before rotation
dl-find/turbomole/=============================== Tstep:  132.7 Ttot:85699.2 ==
eandg
Spin: 
 Energy calculation finished, energy: -2.138692449E+03
Curvature at dimer midpoint                   -0.00226
Predicted dimer rotation angle:     11.450 deg
Next calculation will be the dimer endpoint after rotation
dl-find/turbomole/=============================== Tstep:  102.9 Ttot:85802.1 ==
eandg
Spin: 
 Energy calculation finished, energy: -2.138692450E+03
Curvature at dimer midpoint after rotation     0.00737
Curvature at dimer minimum                    -0.00226
Actual dimer rotation angle:         0.215 deg
Dimer rotation converged after    1 steps
Writing TS-mode
Curvature after dimer rotation:               -0.00226
Frequency of transition mode  -244.317 cm^-1 (negative value denotes imaginary frequency)
Crossover temperature for tunnelling       55.94579 K
Restarting L-BFGS optimiser, instance: dimer rotation
Next calculation will be the dimer  midpoint
dl-find/turbomole/=============================== Tstep:   89.7 Ttot:85891.9 ==
eandg
Spin: 
 Energy calculation finished, energy: -2.138692394E+03
Testing convergence of dimer midpoint in cycle  278
    Energy  5.5039E-05 Target: 1.0000E-06 converged?   no
  Max step  3.5901E-02 Target: 1.8000E-03 converged?   no component   208
  RMS step  6.7657E-03 Target: 1.2000E-03 converged?   no
  Max grad  9.9199E-05 Target: 4.5000E-04 converged?  yes component    83
  RMS grad  3.0344E-05 Target: 3.0000E-04 converged?  yes
Next calculation will be the dimer endpoint before rotation
dl-find/turbomole/=============================== Tstep:  119.9 Ttot:86011.8 ==
eandg
Spin: 
 Energy calculation finished, energy: -2.138692394E+03
Curvature at dimer midpoint                   -0.00229
Predicted dimer rotation angle:      9.103 deg
Next calculation will be the dimer endpoint after rotation
dl-find/turbomole/=============================== Tstep:  104.5 Ttot:86116.3 ==
eandg
Spin: 
 Energy calculation finished, energy: -2.138692394E+03
Curvature at dimer midpoint after rotation     0.00224
Curvature at dimer minimum                    -0.00229
Actual dimer rotation angle:         0.227 deg
Dimer rotation converged after    1 steps
Writing TS-mode
Curvature after dimer rotation:               -0.00229
Frequency of transition mode  -246.069 cm^-1 (negative value denotes imaginary frequency)
Crossover temperature for tunnelling       56.34690 K
Restarting L-BFGS optimiser, instance: dimer rotation
Next calculation will be the dimer  midpoint
dl-find/turbomole/=============================== Tstep:   85.7 Ttot:86202.0 ==
eandg
Spin: 
 Energy calculation finished, energy: -2.138692394E+03
Testing convergence of dimer midpoint in cycle  279
    Energy  3.1000E-07 Target: 1.0000E-06 converged?  yes
  Max step  5.4895E-03 Target: 1.8000E-03 converged?   no component   205
  RMS step  1.3020E-03 Target: 1.2000E-03 converged?   no
  Max grad  6.8529E-05 Target: 4.5000E-04 converged?  yes component    27
  RMS grad  2.3940E-05 Target: 3.0000E-04 converged?  yes
Next calculation will be the dimer endpoint before rotation
dl-find/turbomole/=============================== Tstep:  109.1 Ttot:86311.1 ==
eandg
Spin: 
 Energy calculation finished, energy: -2.138692394E+03
Curvature at dimer midpoint                   -0.00229
Predicted dimer rotation angle:      9.479 deg
Next calculation will be the dimer endpoint after rotation
dl-find/turbomole/=============================== Tstep:  106.9 Ttot:86418.1 ==
eandg
Spin: 
 Energy calculation finished, energy: -2.138692393E+03
Curvature at dimer midpoint after rotation     0.00354
Curvature at dimer minimum                    -0.00229
Actual dimer rotation angle:         0.201 deg
Dimer rotation converged after    1 steps
Writing TS-mode
Curvature after dimer rotation:               -0.00229
Frequency of transition mode  -246.012 cm^-1 (negative value denotes imaginary frequency)
Crossover temperature for tunnelling       56.33400 K
Restarting L-BFGS optimiser, instance: dimer rotation
Next calculation will be the dimer  midpoint
dl-find/turbomole/=============================== Tstep:   89.5 Ttot:86507.6 ==
eandg
Spin: 
 Energy calculation finished, energy: -2.138692389E+03
Testing convergence of dimer midpoint in cycle  280
    Energy  5.1820E-06 Target: 1.0000E-06 converged?   no
  Max step  1.2005E-02 Target: 1.8000E-03 converged?   no component   205
  RMS step  2.9873E-03 Target: 1.2000E-03 converged?   no
  Max grad  2.1688E-04 Target: 4.5000E-04 converged?  yes component    83
  RMS grad  3.5149E-05 Target: 3.0000E-04 converged?  yes
Next calculation will be the dimer endpoint before rotation
dl-find/turbomole/=============================== Tstep:  119.4 Ttot:86627.0 ==
eandg
Spin: 
 Energy calculation finished, energy: -2.138692389E+03
Curvature at dimer midpoint                   -0.00228
Predicted dimer rotation angle:      8.497 deg
Next calculation will be the dimer endpoint after rotation
dl-find/turbomole/=============================== Tstep:  106.4 Ttot:86733.4 ==
eandg
Spin: 
 Energy calculation finished, energy: -2.138692389E+03
Curvature at dimer midpoint after rotation     0.00176
Curvature at dimer minimum                    -0.00228
Actual dimer rotation angle:         0.205 deg
Dimer rotation converged after    1 steps
Writing TS-mode
Curvature after dimer rotation:               -0.00228
Frequency of transition mode  -245.502 cm^-1 (negative value denotes imaginary frequency)
Crossover temperature for tunnelling       56.21705 K
Restarting L-BFGS optimiser, instance: dimer rotation
Next calculation will be the dimer  midpoint
dl-find/turbomole/=============================== Tstep:   87.8 Ttot:86821.2 ==
eandg
Spin: 
 Energy calculation finished, energy: -2.138692461E+03
Testing convergence of dimer midpoint in cycle  281
    Energy  7.1607E-05 Target: 1.0000E-06 converged?   no
  Max step  1.5477E-02 Target: 1.8000E-03 converged?   no component   205
  RMS step  3.2185E-03 Target: 1.2000E-03 converged?   no
  Max grad  2.5135E-04 Target: 4.5000E-04 converged?  yes component    83
  RMS grad  4.7107E-05 Target: 3.0000E-04 converged?  yes
Next calculation will be the dimer endpoint before rotation
dl-find/turbomole/=============================== Tstep:  124.3 Ttot:86945.4 ==
eandg
Spin: 
 Energy calculation finished, energy: -2.138692462E+03
Curvature at dimer midpoint                   -0.00227
Predicted dimer rotation angle:      9.398 deg
Next calculation will be the dimer endpoint after rotation
dl-find/turbomole/=============================== Tstep:  102.7 Ttot:87048.2 ==
eandg
Spin: 
 Energy calculation finished, energy: -2.138692461E+03
Curvature at dimer midpoint after rotation     0.00327
Curvature at dimer minimum                    -0.00227
Actual dimer rotation angle:         0.204 deg
Dimer rotation converged after    1 steps
Writing TS-mode
Curvature after dimer rotation:               -0.00227
Frequency of transition mode  -245.090 cm^-1 (negative value denotes imaginary frequency)
Crossover temperature for tunnelling       56.12277 K
Restarting L-BFGS optimiser, instance: dimer rotation
Next calculation will be the dimer  midpoint
dl-find/turbomole/=============================== Tstep:   83.1 Ttot:87131.3 ==
eandg
Spin: 
 Energy calculation finished, energy: -2.138692590E+03
Testing convergence of dimer midpoint in cycle  282
    Energy  1.2933E-04 Target: 1.0000E-06 converged?   no
  Max step  1.3470E-02 Target: 1.8000E-03 converged?   no component    87
  RMS step  3.8947E-03 Target: 1.2000E-03 converged?   no
  Max grad  1.9256E-04 Target: 4.5000E-04 converged?  yes component    83
  RMS grad  4.4007E-05 Target: 3.0000E-04 converged?  yes
Next calculation will be the dimer endpoint before rotation
dl-find/turbomole/=============================== Tstep:  127.4 Ttot:87258.7 ==
eandg
Spin: 
 Energy calculation finished, energy: -2.138692590E+03
Curvature at dimer midpoint                   -0.00226
Predicted dimer rotation angle:      9.404 deg
Next calculation will be the dimer endpoint after rotation
dl-find/turbomole/=============================== Tstep:  106.1 Ttot:87364.8 ==
eandg
Spin: 
 Energy calculation finished, energy: -2.138692590E+03
Curvature at dimer midpoint after rotation     0.00371
Curvature at dimer minimum                    -0.00226
Actual dimer rotation angle:         0.189 deg
Dimer rotation converged after    1 steps
Writing TS-mode
Curvature after dimer rotation:               -0.00226
Frequency of transition mode  -244.527 cm^-1 (negative value denotes imaginary frequency)
Crossover temperature for tunnelling       55.99388 K
Restarting L-BFGS optimiser, instance: dimer rotation
Next calculation will be the dimer  midpoint
dl-find/turbomole/=============================== Tstep:   83.7 Ttot:87448.5 ==
eandg
Spin: 
 Energy calculation finished, energy: -2.138692390E+03
Testing convergence of dimer midpoint in cycle  283
    Energy  1.9971E-04 Target: 1.0000E-06 converged?   no
  Max step  2.8712E-02 Target: 1.8000E-03 converged?   no component   208
  RMS step  5.0352E-03 Target: 1.2000E-03 converged?   no
  Max grad  1.4926E-04 Target: 4.5000E-04 converged?  yes component   218
  RMS grad  3.5988E-05 Target: 3.0000E-04 converged?  yes
Next calculation will be the dimer endpoint before rotation
dl-find/turbomole/=============================== Tstep:  123.7 Ttot:87572.2 ==
eandg
Spin: 
 Energy calculation finished, energy: -2.138692591E+03
Curvature at dimer midpoint                   -0.00315
Predicted dimer rotation angle:     41.016 deg
Next calculation will be the dimer endpoint after rotation
dl-find/turbomole/=============================== Tstep:  118.3 Ttot:87690.5 ==
eandg
Spin: 
 Energy calculation finished, energy: -2.138692387E+03
Curvature at dimer midpoint after rotation     0.04356
Curvature at dimer minimum                    -0.00624
Actual dimer rotation angle:         7.842 deg
Predicted dimer rotation angle:     34.813 deg
Next calculation will be the dimer endpoint after rotation
dl-find/turbomole/=============================== Tstep:  114.2 Ttot:87804.7 ==
eandg
Spin: 
 Energy calculation finished, energy: -2.138692387E+03
Curvature at dimer midpoint after rotation     0.04348
Curvature at dimer minimum                    -0.00413
Actual dimer rotation angle:         3.202 deg
Predicted dimer rotation angle:     28.540 deg
Next calculation will be the dimer endpoint after rotation
dl-find/turbomole/=============================== Tstep:  102.7 Ttot:87907.4 ==
eandg
Spin: 
 Energy calculation finished, energy: -2.138692389E+03
Curvature at dimer midpoint after rotation     0.01073
Curvature at dimer minimum                    -0.00355
Actual dimer rotation angle:         3.580 deg
Predicted dimer rotation angle:     28.880 deg
Next calculation will be the dimer endpoint after rotation
dl-find/turbomole/=============================== Tstep:   97.7 Ttot:88005.1 ==
eandg
Spin: 
 Energy calculation finished, energy: -2.138692389E+03
Curvature at dimer midpoint after rotation     0.00359
Curvature at dimer minimum                    -0.00305
Actual dimer rotation angle:         5.647 deg
Predicted dimer rotation angle:     29.523 deg
Next calculation will be the dimer endpoint after rotation
dl-find/turbomole/=============================== Tstep:   90.7 Ttot:88095.8 ==
eandg
Spin: 
 Energy calculation finished, energy: -2.138692390E+03
Curvature at dimer midpoint after rotation     0.00331
Curvature at dimer minimum                    -0.00263
Actual dimer rotation angle:         5.855 deg
Predicted dimer rotation angle:     29.038 deg
Next calculation will be the dimer endpoint after rotation
dl-find/turbomole/=============================== Tstep:   95.6 Ttot:88191.4 ==
eandg
Spin: 
 Energy calculation finished, energy: -2.138692390E+03
Curvature at dimer midpoint after rotation     0.00083
Curvature at dimer minimum                    -0.00256
Actual dimer rotation angle:         7.668 deg
Predicted dimer rotation angle:     27.912 deg
Next calculation will be the dimer endpoint after rotation
dl-find/turbomole/=============================== Tstep:   93.9 Ttot:88285.3 ==
eandg
Spin: 
 Energy calculation finished, energy: -2.138692390E+03
Curvature at dimer midpoint after rotation     0.00108
Curvature at dimer minimum                    -0.00257
Actual dimer rotation angle:         6.696 deg
Predicted dimer rotation angle:     27.102 deg
Next calculation will be the dimer endpoint after rotation
dl-find/turbomole/=============================== Tstep:   96.7 Ttot:88381.9 ==
eandg
Spin: 
 Energy calculation finished, energy: -2.138692396E+03
Curvature at dimer midpoint after rotation     0.01089
Curvature at dimer minimum                    -0.00253
Actual dimer rotation angle:         2.464 deg
Predicted dimer rotation angle:     20.567 deg
Next calculation will be the dimer endpoint after rotation
dl-find/turbomole/=============================== Tstep:   98.4 Ttot:88480.3 ==
eandg
Spin: 
 Energy calculation finished, energy: -2.138692390E+03
Curvature at dimer midpoint after rotation     0.00224
Curvature at dimer minimum                    -0.00258
Actual dimer rotation angle:         2.487 deg
Predicted dimer rotation angle:     13.050 deg
Next calculation will be the dimer endpoint after rotation
dl-find/turbomole/=============================== Tstep:  102.8 Ttot:88583.1 ==
eandg
Spin: 
 Energy calculation finished, energy: -2.138692390E+03
Curvature at dimer midpoint after rotation    -0.00141
Curvature at dimer minimum                    -0.00253
Actual dimer rotation angle:         2.203 deg
Predicted dimer rotation angle:     12.064 deg
Next calculation will be the dimer endpoint after rotation
dl-find/turbomole/=============================== Tstep:   86.1 Ttot:88669.2 ==
eandg
Spin: 
 Energy calculation finished, energy: -2.138692390E+03
Curvature at dimer midpoint after rotation    -0.00173
Curvature at dimer minimum                    -0.00248
Actual dimer rotation angle:         2.368 deg
Predicted dimer rotation angle:      9.744 deg
Next calculation will be the dimer endpoint after rotation
dl-find/turbomole/=============================== Tstep:   87.2 Ttot:88756.4 ==
eandg
Spin: 
 Energy calculation finished, energy: -2.138692390E+03
Curvature at dimer midpoint after rotation    -0.00189
Curvature at dimer minimum                    -0.00244
Actual dimer rotation angle:         1.731 deg
Dimer rotation converged after   12 steps
Writing TS-mode
Curvature after dimer rotation:               -0.00244
Frequency of transition mode  -254.015 cm^-1 (negative value denotes imaginary frequency)
Crossover temperature for tunnelling       58.16651 K
Restarting L-BFGS optimiser, instance: dimer rotation
Next calculation will be the dimer  midpoint
dl-find/turbomole/=============================== Tstep:   87.4 Ttot:88843.8 ==
eandg
Spin: 
 Energy calculation finished, energy: -2.138692391E+03
Testing convergence of dimer midpoint in cycle  284
    Energy  8.6000E-07 Target: 1.0000E-06 converged?  yes
  Max step  3.5346E-02 Target: 1.8000E-03 converged?   no component   208
  RMS step  6.2124E-03 Target: 1.2000E-03 converged?   no
  Max grad  1.8225E-04 Target: 4.5000E-04 converged?  yes component    83
  RMS grad  3.5175E-05 Target: 3.0000E-04 converged?  yes
Next calculation will be the dimer endpoint before rotation
dl-find/turbomole/=============================== Tstep:  111.4 Ttot:88955.2 ==
eandg
Spin: 
 Energy calculation finished, energy: -2.138692391E+03
Curvature at dimer midpoint                   -0.00196
Predicted dimer rotation angle:     31.256 deg
Next calculation will be the dimer endpoint after rotation
dl-find/turbomole/=============================== Tstep:  105.0 Ttot:89060.3 ==
eandg
Spin: 
 Energy calculation finished, energy: -2.138692390E+03
Curvature at dimer midpoint after rotation     0.02854
Curvature at dimer minimum                    -0.00207
Actual dimer rotation angle:         1.711 deg
Dimer rotation converged after    1 steps
Writing TS-mode
Curvature after dimer rotation:               -0.00207
Frequency of transition mode  -233.729 cm^-1 (negative value denotes imaginary frequency)
Crossover temperature for tunnelling       53.52122 K
Restarting L-BFGS optimiser, instance: dimer rotation
Next calculation will be the dimer  midpoint
dl-find/turbomole/=============================== Tstep:  109.3 Ttot:89169.6 ==
eandg
Spin: 
 Energy calculation finished, energy: -2.138692594E+03
Testing convergence of dimer midpoint in cycle  285
    Energy  2.0244E-04 Target: 1.0000E-06 converged?   no
  Max step  1.1768E-02 Target: 1.8000E-03 converged?   no component   205
  RMS step  2.0357E-03 Target: 1.2000E-03 converged?   no
  Max grad  2.1890E-04 Target: 4.5000E-04 converged?  yes component    83
  RMS grad  3.6765E-05 Target: 3.0000E-04 converged?  yes
Next calculation will be the dimer endpoint before rotation
dl-find/turbomole/=============================== Tstep:  119.6 Ttot:89289.2 ==
eandg
Spin: 
 Energy calculation finished, energy: -2.138692594E+03
Curvature at dimer midpoint                   -0.00208
Predicted dimer rotation angle:     27.414 deg
Next calculation will be the dimer endpoint after rotation
dl-find/turbomole/=============================== Tstep:   98.6 Ttot:89387.8 ==
eandg
Spin: 
 Energy calculation finished, energy: -2.138692590E+03
Curvature at dimer midpoint after rotation     0.06094
Curvature at dimer minimum                    -0.00210
Actual dimer rotation angle:         0.547 deg
Dimer rotation converged after    1 steps
Writing TS-mode
Curvature after dimer rotation:               -0.00210
Frequency of transition mode  -235.780 cm^-1 (negative value denotes imaginary frequency)
Crossover temperature for tunnelling       53.99079 K
Restarting L-BFGS optimiser, instance: dimer rotation
Next calculation will be the dimer  midpoint
dl-find/turbomole/=============================== Tstep:   98.1 Ttot:89486.0 ==
eandg
Spin: 
 Energy calculation finished, energy: -2.138692564E+03
Testing convergence of dimer midpoint in cycle  286
    Energy  2.9510E-05 Target: 1.0000E-06 converged?   no
  Max step  3.8800E-02 Target: 1.8000E-03 converged?   no component   205
  RMS step  6.8274E-03 Target: 1.2000E-03 converged?   no
  Max grad  1.2638E-04 Target: 4.5000E-04 converged?  yes component   154
  RMS grad  3.7163E-05 Target: 3.0000E-04 converged?  yes
Next calculation will be the dimer endpoint before rotation
dl-find/turbomole/=============================== Tstep:  111.2 Ttot:89597.1 ==
eandg
Spin: 
 Energy calculation finished, energy: -2.138692564E+03
Curvature at dimer midpoint                   -0.00206
Predicted dimer rotation angle:     16.635 deg
Next calculation will be the dimer endpoint after rotation
dl-find/turbomole/=============================== Tstep:   98.8 Ttot:89696.0 ==
eandg
Spin: 
 Energy calculation finished, energy: -2.138692563E+03
Curvature at dimer midpoint after rotation     0.00610
Curvature at dimer minimum                    -0.00208
Actual dimer rotation angle:         0.713 deg
Dimer rotation converged after    1 steps
Writing TS-mode
Curvature after dimer rotation:               -0.00208
Frequency of transition mode  -234.311 cm^-1 (negative value denotes imaginary frequency)
Crossover temperature for tunnelling       53.65453 K
Restarting L-BFGS optimiser, instance: dimer rotation
Next calculation will be the dimer  midpoint
dl-find/turbomole/=============================== Tstep:   93.6 Ttot:89789.6 ==
eandg
Spin: 
 Energy calculation finished, energy: -2.138692571E+03
Testing convergence of dimer midpoint in cycle  287
    Energy  6.5380E-06 Target: 1.0000E-06 converged?   no
  Max step  3.3449E-02 Target: 1.8000E-03 converged?   no component   205
  RMS step  5.7825E-03 Target: 1.2000E-03 converged?   no
  Max grad  3.4404E-04 Target: 4.5000E-04 converged?  yes component    57
  RMS grad  7.0005E-05 Target: 3.0000E-04 converged?  yes
Next calculation will be the dimer endpoint before rotation
dl-find/turbomole/=============================== Tstep:  117.5 Ttot:89907.1 ==
eandg
Spin: 
 Energy calculation finished, energy: -2.138692570E+03
Curvature at dimer midpoint                   -0.00206
Predicted dimer rotation angle:     21.441 deg
Next calculation will be the dimer endpoint after rotation
dl-find/turbomole/=============================== Tstep:   99.1 Ttot:90006.2 ==
eandg
Spin: 
 Energy calculation finished, energy: -2.138692562E+03
Curvature at dimer midpoint after rotation     0.03609
Curvature at dimer minimum                    -0.00207
Actual dimer rotation angle:         0.371 deg
Dimer rotation converged after    1 steps
Writing TS-mode
Curvature after dimer rotation:               -0.00207
Frequency of transition mode  -233.925 cm^-1 (negative value denotes imaginary frequency)
Crossover temperature for tunnelling       53.56601 K
Restarting L-BFGS optimiser, instance: dimer rotation
Next calculation will be the dimer  midpoint
dl-find/turbomole/=============================== Tstep:   96.5 Ttot:90102.7 ==
eandg
Spin: 
 Energy calculation finished, energy: -2.138692574E+03
Testing convergence of dimer midpoint in cycle  288
    Energy  3.4680E-06 Target: 1.0000E-06 converged?   no
  Max step  7.7327E-03 Target: 1.8000E-03 converged?   no component   196
  RMS step  1.7983E-03 Target: 1.2000E-03 converged?   no
  Max grad  1.3862E-04 Target: 4.5000E-04 converged?  yes component    57
  RMS grad  3.3747E-05 Target: 3.0000E-04 converged?  yes
Next calculation will be the dimer endpoint before rotation
dl-find/turbomole/=============================== Tstep:  111.6 Ttot:90214.3 ==
eandg
Spin: 
 Energy calculation finished, energy: -2.138692574E+03
Curvature at dimer midpoint                   -0.00206
Predicted dimer rotation angle:     14.011 deg
Next calculation will be the dimer endpoint after rotation
dl-find/turbomole/=============================== Tstep:   98.9 Ttot:90313.1 ==
eandg
Spin: 
 Energy calculation finished, energy: -2.138692573E+03
Curvature at dimer midpoint after rotation     0.00399
Curvature at dimer minimum                    -0.00207
Actual dimer rotation angle:         0.561 deg
Dimer rotation converged after    1 steps
Writing TS-mode
Curvature after dimer rotation:               -0.00207
Frequency of transition mode  -233.967 cm^-1 (negative value denotes imaginary frequency)
Crossover temperature for tunnelling       53.57566 K
Restarting L-BFGS optimiser, instance: dimer rotation
Next calculation will be the dimer  midpoint
dl-find/turbomole/=============================== Tstep:   81.3 Ttot:90394.5 ==
eandg
Spin: 
 Energy calculation finished, energy: -2.138692581E+03
Testing convergence of dimer midpoint in cycle  289
    Energy  7.0800E-06 Target: 1.0000E-06 converged?   no
  Max step  1.3009E-02 Target: 1.8000E-03 converged?   no component   205
  RMS step  2.3248E-03 Target: 1.2000E-03 converged?   no
  Max grad  1.4373E-04 Target: 4.5000E-04 converged?  yes component    83
  RMS grad  2.6463E-05 Target: 3.0000E-04 converged?  yes
Next calculation will be the dimer endpoint before rotation
dl-find/turbomole/=============================== Tstep:  107.9 Ttot:90502.3 ==
eandg
Spin: 
 Energy calculation finished, energy: -2.138692581E+03
Curvature at dimer midpoint                   -0.00206
Predicted dimer rotation angle:     19.669 deg
Next calculation will be the dimer endpoint after rotation
dl-find/turbomole/=============================== Tstep:   98.0 Ttot:90600.3 ==
eandg
Spin: 
 Energy calculation finished, energy: -2.138692578E+03
Curvature at dimer midpoint after rotation     0.03022
Curvature at dimer minimum                    -0.00207
Actual dimer rotation angle:         0.328 deg
Dimer rotation converged after    1 steps
Writing TS-mode
Curvature after dimer rotation:               -0.00207
Frequency of transition mode  -233.677 cm^-1 (negative value denotes imaginary frequency)
Crossover temperature for tunnelling       53.50936 K
Restarting L-BFGS optimiser, instance: dimer rotation
Next calculation will be the dimer  midpoint
dl-find/turbomole/=============================== Tstep:   96.9 Ttot:90697.2 ==
eandg
Spin: 
 Energy calculation finished, energy: -2.138692584E+03
Testing convergence of dimer midpoint in cycle  290
    Energy  2.6760E-06 Target: 1.0000E-06 converged?   no
  Max step  1.9129E-02 Target: 1.8000E-03 converged?   no component   208
  RMS step  3.4911E-03 Target: 1.2000E-03 converged?   no
  Max grad  1.5838E-04 Target: 4.5000E-04 converged?  yes component    83
  RMS grad  2.9428E-05 Target: 3.0000E-04 converged?  yes
Next calculation will be the dimer endpoint before rotation
dl-find/turbomole/=============================== Tstep:  110.9 Ttot:90808.1 ==
eandg
Spin: 
 Energy calculation finished, energy: -2.138692584E+03
Curvature at dimer midpoint                   -0.00206
Predicted dimer rotation angle:     12.955 deg
Next calculation will be the dimer endpoint after rotation
dl-find/turbomole/=============================== Tstep:   99.1 Ttot:90907.3 ==
eandg
Spin: 
 Energy calculation finished, energy: -2.138692583E+03
Curvature at dimer midpoint after rotation     0.00328
Curvature at dimer minimum                    -0.00207
Actual dimer rotation angle:         0.500 deg
Dimer rotation converged after    1 steps
Writing TS-mode
Curvature after dimer rotation:               -0.00207
Frequency of transition mode  -234.067 cm^-1 (negative value denotes imaginary frequency)
Crossover temperature for tunnelling       53.59866 K
Restarting L-BFGS optimiser, instance: dimer rotation
Next calculation will be the dimer  midpoint
dl-find/turbomole/=============================== Tstep:   93.0 Ttot:91000.3 ==
eandg
Spin: 
 Energy calculation finished, energy: -2.138692574E+03
Testing convergence of dimer midpoint in cycle  291
    Energy  1.0229E-05 Target: 1.0000E-06 converged?   no
  Max step  4.0141E-02 Target: 1.8000E-03 converged?   no component   208
  RMS step  7.3801E-03 Target: 1.2000E-03 converged?   no
  Max grad  2.9683E-04 Target: 4.5000E-04 converged?  yes component    57
  RMS grad  5.9581E-05 Target: 3.0000E-04 converged?  yes
Next calculation will be the dimer endpoint before rotation
dl-find/turbomole/=============================== Tstep:  114.5 Ttot:91114.7 ==
eandg
Spin: 
 Energy calculation finished, energy: -2.138692573E+03
Curvature at dimer midpoint                   -0.00206
Predicted dimer rotation angle:     18.343 deg
Next calculation will be the dimer endpoint after rotation
dl-find/turbomole/=============================== Tstep:   99.1 Ttot:91213.9 ==
eandg
Spin: 
 Energy calculation finished, energy: -2.138692570E+03
Curvature at dimer midpoint after rotation     0.02588
Curvature at dimer minimum                    -0.00207
Actual dimer rotation angle:         0.302 deg
Dimer rotation converged after    1 steps
Writing TS-mode
Curvature after dimer rotation:               -0.00207
Frequency of transition mode  -233.743 cm^-1 (negative value denotes imaginary frequency)
Crossover temperature for tunnelling       53.52445 K
Restarting L-BFGS optimiser, instance: dimer rotation
Next calculation will be the dimer  midpoint
dl-find/turbomole/=============================== Tstep:   97.7 Ttot:91311.5 ==
eandg
Spin: 
 Energy calculation finished, energy: -2.138692573E+03
Testing convergence of dimer midpoint in cycle  292
    Energy  3.2300E-07 Target: 1.0000E-06 converged?  yes
  Max step  2.1849E-02 Target: 1.8000E-03 converged?   no component   208
  RMS step  4.0962E-03 Target: 1.2000E-03 converged?   no
  Max grad  1.3043E-04 Target: 4.5000E-04 converged?  yes component   244
  RMS grad  3.2986E-05 Target: 3.0000E-04 converged?  yes
Next calculation will be the dimer endpoint before rotation
dl-find/turbomole/=============================== Tstep:   87.8 Ttot:91399.3 ==
eandg
Spin: 
 Energy calculation finished, energy: -2.138692573E+03
Curvature at dimer midpoint                   -0.00191
Predicted dimer rotation angle:     13.657 deg
Next calculation will be the dimer endpoint after rotation
dl-find/turbomole/=============================== Tstep:   99.4 Ttot:91498.7 ==
eandg
Spin: 
 Energy calculation finished, energy: -2.138692573E+03
Curvature at dimer midpoint after rotation     0.00447
Curvature at dimer minimum                    -0.00192
Actual dimer rotation angle:         0.461 deg
Dimer rotation converged after    1 steps
Writing TS-mode
Curvature after dimer rotation:               -0.00192
Frequency of transition mode  -225.089 cm^-1 (negative value denotes imaginary frequency)
Crossover temperature for tunnelling       51.54283 K
Restarting L-BFGS optimiser, instance: dimer rotation
Next calculation will be the dimer  midpoint
dl-find/turbomole/=============================== Tstep:   93.5 Ttot:91592.2 ==
eandg
Spin: 
 Energy calculation finished, energy: -2.138692574E+03
Testing convergence of dimer midpoint in cycle  293
    Energy  7.1200E-07 Target: 1.0000E-06 converged?  yes
  Max step  3.9529E-03 Target: 1.8000E-03 converged?   no component   196
  RMS step  9.8347E-04 Target: 1.2000E-03 converged?  yes
  Max grad  1.2046E-04 Target: 4.5000E-04 converged?  yes component   244
  RMS grad  2.9941E-05 Target: 3.0000E-04 converged?  yes
Next calculation will be the dimer endpoint before rotation
dl-find/turbomole/=============================== Tstep:  106.0 Ttot:91698.2 ==
eandg
Spin: 
 Energy calculation finished, energy: -2.138692574E+03
Curvature at dimer midpoint                   -0.00207
Predicted dimer rotation angle:     17.535 deg
Next calculation will be the dimer endpoint after rotation
dl-find/turbomole/=============================== Tstep:   98.2 Ttot:91796.4 ==
eandg
Spin: 
 Energy calculation finished, energy: -2.138692571E+03
Curvature at dimer midpoint after rotation     0.02325
Curvature at dimer minimum                    -0.00207
Actual dimer rotation angle:         0.288 deg
Dimer rotation converged after    1 steps
Writing TS-mode
Curvature after dimer rotation:               -0.00207
Frequency of transition mode  -234.078 cm^-1 (negative value denotes imaginary frequency)
Crossover temperature for tunnelling       53.60107 K
Restarting L-BFGS optimiser, instance: dimer rotation
Next calculation will be the dimer  midpoint
dl-find/turbomole/=============================== Tstep:   96.7 Ttot:91893.1 ==
eandg
Spin: 
 Energy calculation finished, energy: -2.138692575E+03
Testing convergence of dimer midpoint in cycle  294
    Energy  9.3000E-07 Target: 1.0000E-06 converged?  yes
  Max step  1.4554E-02 Target: 1.8000E-03 converged?   no component   208
  RMS step  3.2877E-03 Target: 1.2000E-03 converged?   no
  Max grad  1.4630E-04 Target: 4.5000E-04 converged?  yes component   244
  RMS grad  3.6896E-05 Target: 3.0000E-04 converged?  yes
Next calculation will be the dimer endpoint before rotation
dl-find/turbomole/=============================== Tstep:  111.6 Ttot:92004.7 ==
eandg
Spin: 
 Energy calculation finished, energy: -2.138692575E+03
Curvature at dimer midpoint                   -0.00208
Predicted dimer rotation angle:     11.737 deg
Next calculation will be the dimer endpoint after rotation
dl-find/turbomole/=============================== Tstep:   99.0 Ttot:92103.7 ==
eandg
Spin: 
 Energy calculation finished, energy: -2.138692575E+03
Curvature at dimer midpoint after rotation     0.00270
Curvature at dimer minimum                    -0.00209
Actual dimer rotation angle:         0.417 deg
Dimer rotation converged after    1 steps
Writing TS-mode
Curvature after dimer rotation:               -0.00209
Frequency of transition mode  -235.046 cm^-1 (negative value denotes imaginary frequency)
Crossover temperature for tunnelling       53.82275 K
Restarting L-BFGS optimiser, instance: dimer rotation
Next calculation will be the dimer  midpoint
dl-find/turbomole/=============================== Tstep:   83.9 Ttot:92187.6 ==
eandg
Spin: 
 Energy calculation finished, energy: -2.138692563E+03
Testing convergence of dimer midpoint in cycle  295
    Energy  1.2473E-05 Target: 1.0000E-06 converged?   no
  Max step  1.8768E-02 Target: 1.8000E-03 converged?   no component   208
  RMS step  4.6137E-03 Target: 1.2000E-03 converged?   no
  Max grad  4.7782E-04 Target: 4.5000E-04 converged?   no component    45
  RMS grad  7.1762E-05 Target: 3.0000E-04 converged?  yes
Next calculation will be the dimer endpoint before rotation
dl-find/turbomole/=============================== Tstep:  116.0 Ttot:92303.6 ==
eandg
Spin: 
 Energy calculation finished, energy: -2.138692566E+03
Curvature at dimer midpoint                   -0.00208
Predicted dimer rotation angle:     16.324 deg
Next calculation will be the dimer endpoint after rotation
dl-find/turbomole/=============================== Tstep:   99.6 Ttot:92403.2 ==
eandg
Spin: 
 Energy calculation finished, energy: -2.138692566E+03
Curvature at dimer midpoint after rotation     0.01920
Curvature at dimer minimum                    -0.00209
Actual dimer rotation angle:         0.274 deg
Dimer rotation converged after    1 steps
Writing TS-mode
Curvature after dimer rotation:               -0.00209
Frequency of transition mode  -234.830 cm^-1 (negative value denotes imaginary frequency)
Crossover temperature for tunnelling       53.77325 K
Restarting L-BFGS optimiser, instance: dimer rotation
Next calculation will be the dimer  midpoint
dl-find/turbomole/=============================== Tstep:   96.9 Ttot:92500.1 ==
eandg
Spin: 
 Energy calculation finished, energy: -2.138692567E+03
Testing convergence of dimer midpoint in cycle  296
    Energy  4.1380E-06 Target: 1.0000E-06 converged?   no
  Max step  3.8792E-03 Target: 1.8000E-03 converged?   no component   238
  RMS step  1.2314E-03 Target: 1.2000E-03 converged?   no
  Max grad  1.3265E-04 Target: 4.5000E-04 converged?  yes component    45
  RMS grad  3.4482E-05 Target: 3.0000E-04 converged?  yes
Next calculation will be the dimer endpoint before rotation
dl-find/turbomole/=============================== Tstep:  114.2 Ttot:92614.3 ==
eandg
Spin: 
 Energy calculation finished, energy: -2.138692567E+03
Curvature at dimer midpoint                   -0.00210
Predicted dimer rotation angle:     11.309 deg
Next calculation will be the dimer endpoint after rotation
dl-find/turbomole/=============================== Tstep:   99.0 Ttot:92713.3 ==
eandg
Spin: 
 Energy calculation finished, energy: -2.138692566E+03
Curvature at dimer midpoint after rotation     0.00295
Curvature at dimer minimum                    -0.00210
Actual dimer rotation angle:         0.358 deg
Dimer rotation converged after    1 steps
Writing TS-mode
Curvature after dimer rotation:               -0.00210
Frequency of transition mode  -235.816 cm^-1 (negative value denotes imaginary frequency)
Crossover temperature for tunnelling       53.99907 K
Restarting L-BFGS optimiser, instance: dimer rotation
Next calculation will be the dimer  midpoint
dl-find/turbomole/=============================== Tstep:   89.4 Ttot:92802.7 ==
eandg
Spin: 
 Energy calculation finished, energy: -2.138692571E+03
Testing convergence of dimer midpoint in cycle  297
    Energy  4.2210E-06 Target: 1.0000E-06 converged?   no
  Max step  1.1306E-02 Target: 1.8000E-03 converged?   no component   208
  RMS step  2.7631E-03 Target: 1.2000E-03 converged?   no
  Max grad  1.2026E-04 Target: 4.5000E-04 converged?  yes component    45
  RMS grad  2.7046E-05 Target: 3.0000E-04 converged?  yes
Next calculation will be the dimer endpoint before rotation
dl-find/turbomole/=============================== Tstep:  115.1 Ttot:92917.8 ==
eandg
Spin: 
 Energy calculation finished, energy: -2.138692571E+03
Curvature at dimer midpoint                   -0.00210
Predicted dimer rotation angle:     14.681 deg
Next calculation will be the dimer endpoint after rotation
dl-find/turbomole/=============================== Tstep:   99.4 Ttot:93017.1 ==
eandg
Spin: 
 Energy calculation finished, energy: -2.138692570E+03
Curvature at dimer midpoint after rotation     0.01483
Curvature at dimer minimum                    -0.00211
Actual dimer rotation angle:         0.249 deg
Dimer rotation converged after    1 steps
Writing TS-mode
Curvature after dimer rotation:               -0.00211
Frequency of transition mode  -236.086 cm^-1 (negative value denotes imaginary frequency)
Crossover temperature for tunnelling       54.06095 K
Restarting L-BFGS optimiser, instance: dimer rotation
Next calculation will be the dimer  midpoint
dl-find/turbomole/=============================== Tstep:   95.5 Ttot:93112.7 ==
eandg
Spin: 
 Energy calculation finished, energy: -2.138692577E+03
Testing convergence of dimer midpoint in cycle  298
    Energy  5.5980E-06 Target: 1.0000E-06 converged?   no
  Max step  1.0872E-02 Target: 1.8000E-03 converged?   no component   208
  RMS step  2.6705E-03 Target: 1.2000E-03 converged?   no
  Max grad  1.4837E-04 Target: 4.5000E-04 converged?  yes component    83
  RMS grad  3.0541E-05 Target: 3.0000E-04 converged?  yes
Next calculation will be the dimer endpoint before rotation
dl-find/turbomole/=============================== Tstep:  113.1 Ttot:93225.8 ==
eandg
Spin: 
 Energy calculation finished, energy: -2.138692576E+03
Curvature at dimer midpoint                   -0.00211
Predicted dimer rotation angle:     10.719 deg
Next calculation will be the dimer endpoint after rotation
dl-find/turbomole/=============================== Tstep:   98.2 Ttot:93324.0 ==
eandg
Spin: 
 Energy calculation finished, energy: -2.138692576E+03
Curvature at dimer midpoint after rotation     0.00252
Curvature at dimer minimum                    -0.00211
Actual dimer rotation angle:         0.333 deg
Dimer rotation converged after    1 steps
Writing TS-mode
Curvature after dimer rotation:               -0.00211
Frequency of transition mode  -236.121 cm^-1 (negative value denotes imaginary frequency)
Crossover temperature for tunnelling       54.06909 K
Restarting L-BFGS optimiser, instance: dimer rotation
Next calculation will be the dimer  midpoint
dl-find/turbomole/=============================== Tstep:   93.0 Ttot:93417.0 ==
eandg
Spin: 
 Energy calculation finished, energy: -2.138692581E+03
Testing convergence of dimer midpoint in cycle  299
    Energy  4.8330E-06 Target: 1.0000E-06 converged?   no
  Max step  1.8475E-02 Target: 1.8000E-03 converged?   no component   196
  RMS step  4.6135E-03 Target: 1.2000E-03 converged?   no
  Max grad  2.1397E-04 Target: 4.5000E-04 converged?  yes component    45
  RMS grad  3.7620E-05 Target: 3.0000E-04 converged?  yes
Next calculation will be the dimer endpoint before rotation
dl-find/turbomole/=============================== Tstep:  116.5 Ttot:93533.5 ==
eandg
Spin: 
 Energy calculation finished, energy: -2.138692581E+03
Curvature at dimer midpoint                   -0.00211
Predicted dimer rotation angle:     13.796 deg
Next calculation will be the dimer endpoint after rotation
dl-find/turbomole/=============================== Tstep:   98.8 Ttot:93632.4 ==
eandg
Spin: 
 Energy calculation finished, energy: -2.138692581E+03
Curvature at dimer midpoint after rotation     0.01265
Curvature at dimer minimum                    -0.00211
Actual dimer rotation angle:         0.235 deg
Dimer rotation converged after    1 steps
Writing TS-mode
Curvature after dimer rotation:               -0.00211
Frequency of transition mode  -236.348 cm^-1 (negative value denotes imaginary frequency)
Crossover temperature for tunnelling       54.12098 K
Restarting L-BFGS optimiser, instance: dimer rotation
Next calculation will be the dimer  midpoint
dl-find/turbomole/=============================== Tstep:   94.0 Ttot:93726.4 ==
eandg
Spin: 
 Energy calculation finished, energy: -2.138692565E+03
Testing convergence of dimer midpoint in cycle  300
    Energy  1.6473E-05 Target: 1.0000E-06 converged?   no
  Max step  2.6907E-02 Target: 1.8000E-03 converged?   no component   196
  RMS step  7.5692E-03 Target: 1.2000E-03 converged?   no
  Max grad  4.2660E-04 Target: 4.5000E-04 converged?  yes component    67
  RMS grad  7.4882E-05 Target: 3.0000E-04 converged?  yes
Next calculation will be the dimer endpoint before rotation
dl-find/turbomole/=============================== Tstep:  117.8 Ttot:93844.2 ==
eandg
Spin: 
 Energy calculation finished, energy: -2.138692566E+03
Curvature at dimer midpoint                   -0.00211
Predicted dimer rotation angle:     10.670 deg
Next calculation will be the dimer endpoint after rotation
dl-find/turbomole/=============================== Tstep:   96.7 Ttot:93940.9 ==
eandg
Spin: 
 Energy calculation finished, energy: -2.138692565E+03
Curvature at dimer midpoint after rotation     0.00294
Curvature at dimer minimum                    -0.00211
Actual dimer rotation angle:         0.303 deg
Dimer rotation converged after    1 steps
Writing TS-mode
Curvature after dimer rotation:               -0.00211
Frequency of transition mode  -236.368 cm^-1 (negative value denotes imaginary frequency)
Crossover temperature for tunnelling       54.12555 K
Restarting L-BFGS optimiser, instance: dimer rotation
Next calculation will be the dimer  midpoint
dl-find/turbomole/=============================== Tstep:   80.3 Ttot:94021.2 ==
eandg
Spin: 
 Energy calculation finished, energy: -2.138692568E+03
Testing convergence of dimer midpoint in cycle  301
    Energy  3.0250E-06 Target: 1.0000E-06 converged?   no
  Max step  3.0888E-03 Target: 1.8000E-03 converged?   no component    87
  RMS step  7.6009E-04 Target: 1.2000E-03 converged?  yes
  Max grad  7.6934E-05 Target: 4.5000E-04 converged?  yes component    21
  RMS grad  2.5728E-05 Target: 3.0000E-04 converged?  yes
Next calculation will be the dimer endpoint before rotation
dl-find/turbomole/=============================== Tstep:  113.3 Ttot:94134.5 ==
eandg
Spin: 
 Energy calculation finished, energy: -2.138692569E+03
Curvature at dimer midpoint                   -0.00212
Predicted dimer rotation angle:     12.927 deg
Next calculation will be the dimer endpoint after rotation
dl-find/turbomole/=============================== Tstep:   99.5 Ttot:94234.0 ==
eandg
Spin: 
 Energy calculation finished, energy: -2.138692568E+03
Curvature at dimer midpoint after rotation     0.01029
Curvature at dimer minimum                    -0.00212
Actual dimer rotation angle:         0.229 deg
Dimer rotation converged after    1 steps
Writing TS-mode
Curvature after dimer rotation:               -0.00212
Frequency of transition mode  -236.939 cm^-1 (negative value denotes imaginary frequency)
Crossover temperature for tunnelling       54.25632 K
Restarting L-BFGS optimiser, instance: dimer rotation
Next calculation will be the dimer  midpoint
dl-find/turbomole/=============================== Tstep:   94.3 Ttot:94328.3 ==
eandg
Spin: 
 Energy calculation finished, energy: -2.138692569E+03
Testing convergence of dimer midpoint in cycle  302
    Energy  1.3030E-06 Target: 1.0000E-06 converged?   no
  Max step  3.1546E-03 Target: 1.8000E-03 converged?   no component   196
  RMS step  6.2740E-04 Target: 1.2000E-03 converged?  yes
  Max grad  1.0429E-04 Target: 4.5000E-04 converged?  yes component   244
  RMS grad  2.4562E-05 Target: 3.0000E-04 converged?  yes
Next calculation will be the dimer endpoint before rotation
dl-find/turbomole/=============================== Tstep:  112.7 Ttot:94441.0 ==
eandg
Spin: 
 Energy calculation finished, energy: -2.138692569E+03
Curvature at dimer midpoint                   -0.00214
Predicted dimer rotation angle:      9.870 deg
Next calculation will be the dimer endpoint after rotation
dl-find/turbomole/=============================== Tstep:   99.5 Ttot:94540.5 ==
eandg
Spin: 
 Energy calculation finished, energy: -2.138692569E+03
Curvature at dimer midpoint after rotation     0.00200
Curvature at dimer minimum                    -0.00214
Actual dimer rotation angle:         0.294 deg
Dimer rotation converged after    1 steps
Writing TS-mode
Curvature after dimer rotation:               -0.00214
Frequency of transition mode  -238.058 cm^-1 (negative value denotes imaginary frequency)
Crossover temperature for tunnelling       54.51258 K
Restarting L-BFGS optimiser, instance: dimer rotation
Next calculation will be the dimer  midpoint
dl-find/turbomole/=============================== Tstep:   63.3 Ttot:94603.8 ==
eandg
Spin: 
 Energy calculation finished, energy: -2.138692566E+03
Testing convergence of dimer midpoint in cycle  303
    Energy  2.8730E-06 Target: 1.0000E-06 converged?   no
  Max step  6.6210E-03 Target: 1.8000E-03 converged?   no component    96
  RMS step  1.4199E-03 Target: 1.2000E-03 converged?   no
  Max grad  1.4046E-04 Target: 4.5000E-04 converged?  yes component   244
  RMS grad  3.0457E-05 Target: 3.0000E-04 converged?  yes
Next calculation will be the dimer endpoint before rotation
dl-find/turbomole/=============================== Tstep:  109.6 Ttot:94713.4 ==
eandg
Spin: 
 Energy calculation finished, energy: -2.138692566E+03
Curvature at dimer midpoint                   -0.00215
Predicted dimer rotation angle:     12.433 deg
Next calculation will be the dimer endpoint after rotation
dl-find/turbomole/=============================== Tstep:   99.7 Ttot:94813.1 ==
eandg
Spin: 
 Energy calculation finished, energy: -2.138692566E+03
Curvature at dimer midpoint after rotation     0.00967
Curvature at dimer minimum                    -0.00216
Actual dimer rotation angle:         0.217 deg
Dimer rotation converged after    1 steps
Writing TS-mode
Curvature after dimer rotation:               -0.00216
Frequency of transition mode  -238.821 cm^-1 (negative value denotes imaginary frequency)
Crossover temperature for tunnelling       54.68718 K
Restarting L-BFGS optimiser, instance: dimer rotation
Next calculation will be the dimer  midpoint
dl-find/turbomole/=============================== Tstep:   93.2 Ttot:94906.3 ==
eandg
Spin: 
 Energy calculation finished, energy: -2.138692569E+03
Testing convergence of dimer midpoint in cycle  304
    Energy  2.2290E-06 Target: 1.0000E-06 converged?   no
  Max step  1.7328E-02 Target: 1.8000E-03 converged?   no component   196
  RMS step  4.3418E-03 Target: 1.2000E-03 converged?   no
  Max grad  4.5844E-04 Target: 4.5000E-04 converged?   no component    46
  RMS grad  6.7379E-05 Target: 3.0000E-04 converged?  yes
Next calculation will be the dimer endpoint before rotation
dl-find/turbomole/=============================== Tstep:  112.0 Ttot:95018.3 ==
eandg
Spin: 
 Energy calculation finished, energy: -2.138692569E+03
Curvature at dimer midpoint                   -0.00218
Predicted dimer rotation angle:      9.474 deg
Next calculation will be the dimer endpoint after rotation
dl-find/turbomole/=============================== Tstep:   98.6 Ttot:95116.8 ==
eandg
Spin: 
 Energy calculation finished, energy: -2.138692568E+03
Curvature at dimer midpoint after rotation     0.00175
Curvature at dimer minimum                    -0.00218
Actual dimer rotation angle:         0.278 deg
Dimer rotation converged after    1 steps
Writing TS-mode
Curvature after dimer rotation:               -0.00218
Frequency of transition mode  -240.179 cm^-1 (negative value denotes imaginary frequency)
Crossover temperature for tunnelling       54.99830 K
Restarting L-BFGS optimiser, instance: dimer rotation
Next calculation will be the dimer  midpoint
dl-find/turbomole/=============================== Tstep:   69.5 Ttot:95186.3 ==
eandg
Spin: 
 Energy calculation finished, energy: -2.138692568E+03
Testing convergence of dimer midpoint in cycle  305
    Energy  4.7100E-07 Target: 1.0000E-06 converged?  yes
  Max step  8.0488E-03 Target: 1.8000E-03 converged?   no component    96
  RMS step  1.7980E-03 Target: 1.2000E-03 converged?   no
  Max grad  1.0143E-04 Target: 4.5000E-04 converged?  yes component    46
  RMS grad  2.6511E-05 Target: 3.0000E-04 converged?  yes
Next calculation will be the dimer endpoint before rotation
dl-find/turbomole/=============================== Tstep:  110.5 Ttot:95296.8 ==
eandg
Spin: 
 Energy calculation finished, energy: -2.138692569E+03
Curvature at dimer midpoint                   -0.00219
Predicted dimer rotation angle:     11.752 deg
Next calculation will be the dimer endpoint after rotation
dl-find/turbomole/=============================== Tstep:   99.4 Ttot:95396.2 ==
eandg
Spin: 
 Energy calculation finished, energy: -2.138692568E+03
Curvature at dimer midpoint after rotation     0.00800
Curvature at dimer minimum                    -0.00220
Actual dimer rotation angle:         0.214 deg
Dimer rotation converged after    1 steps
Writing TS-mode
Curvature after dimer rotation:               -0.00220
Frequency of transition mode  -240.899 cm^-1 (negative value denotes imaginary frequency)
Crossover temperature for tunnelling       55.16299 K
Restarting L-BFGS optimiser, instance: dimer rotation
Next calculation will be the dimer  midpoint
dl-find/turbomole/=============================== Tstep:   89.7 Ttot:95485.9 ==
eandg
Spin: 
 Energy calculation finished, energy: -2.138692572E+03
Testing convergence of dimer midpoint in cycle  306
    Energy  3.9260E-06 Target: 1.0000E-06 converged?   no
  Max step  7.5343E-03 Target: 1.8000E-03 converged?   no component   196
  RMS step  2.0971E-03 Target: 1.2000E-03 converged?   no
  Max grad  5.6343E-05 Target: 4.5000E-04 converged?  yes component   105
  RMS grad  2.0774E-05 Target: 3.0000E-04 converged?  yes
Next calculation will be the dimer endpoint before rotation
dl-find/turbomole/=============================== Tstep:  117.0 Ttot:95602.9 ==
eandg
Spin: 
 Energy calculation finished, energy: -2.138692573E+03
Curvature at dimer midpoint                   -0.00219
Predicted dimer rotation angle:      9.389 deg
Next calculation will be the dimer endpoint after rotation
dl-find/turbomole/=============================== Tstep:  105.5 Ttot:95708.4 ==
eandg
Spin: 
 Energy calculation finished, energy: -2.138692572E+03
Curvature at dimer midpoint after rotation     0.00213
Curvature at dimer minimum                    -0.00220
Actual dimer rotation angle:         0.249 deg
Dimer rotation converged after    1 steps
Writing TS-mode
Curvature after dimer rotation:               -0.00220
Frequency of transition mode  -240.934 cm^-1 (negative value denotes imaginary frequency)
Crossover temperature for tunnelling       55.17120 K
Restarting L-BFGS optimiser, instance: dimer rotation
Next calculation will be the dimer  midpoint
dl-find/turbomole/=============================== Tstep:   70.0 Ttot:95778.4 ==
eandg
Spin: 
 Energy calculation finished, energy: -2.138692574E+03
Testing convergence of dimer midpoint in cycle  307
    Energy  2.1130E-06 Target: 1.0000E-06 converged?   no
  Max step  1.3081E-02 Target: 1.8000E-03 converged?   no component   196
  RMS step  3.1016E-03 Target: 1.2000E-03 converged?   no
  Max grad  1.2350E-04 Target: 4.5000E-04 converged?  yes component   123
  RMS grad  2.4274E-05 Target: 3.0000E-04 converged?  yes
Next calculation will be the dimer endpoint before rotation
dl-find/turbomole/=============================== Tstep:  117.3 Ttot:95895.6 ==
eandg
Spin: 
 Energy calculation finished, energy: -2.138692575E+03
Curvature at dimer midpoint                   -0.00220
Predicted dimer rotation angle:     10.705 deg
Next calculation will be the dimer endpoint after rotation
dl-find/turbomole/=============================== Tstep:   98.0 Ttot:95993.6 ==
eandg
Spin: 
 Energy calculation finished, energy: -2.138692576E+03
Curvature at dimer midpoint after rotation     0.00589
Curvature at dimer minimum                    -0.00220
Actual dimer rotation angle:         0.203 deg
Dimer rotation converged after    1 steps
Writing TS-mode
Curvature after dimer rotation:               -0.00220
Frequency of transition mode  -241.213 cm^-1 (negative value denotes imaginary frequency)
Crossover temperature for tunnelling       55.23492 K
Restarting L-BFGS optimiser, instance: dimer rotation
Next calculation will be the dimer  midpoint
dl-find/turbomole/=============================== Tstep:   92.2 Ttot:96085.8 ==
eandg
Spin: 
 Energy calculation finished, energy: -2.138692583E+03
Testing convergence of dimer midpoint in cycle  308
    Energy  8.8140E-06 Target: 1.0000E-06 converged?   no
  Max step  1.9400E-02 Target: 1.8000E-03 converged?   no component   208
  RMS step  4.4282E-03 Target: 1.2000E-03 converged?   no
  Max grad  2.2304E-04 Target: 4.5000E-04 converged?  yes component    46
  RMS grad  4.8092E-05 Target: 3.0000E-04 converged?  yes
Next calculation will be the dimer endpoint before rotation
dl-find/turbomole/=============================== Tstep:  116.0 Ttot:96201.8 ==
eandg
Spin: 
 Energy calculation finished, energy: -2.138692584E+03
Curvature at dimer midpoint                   -0.00222
Predicted dimer rotation angle:      8.994 deg
Next calculation will be the dimer endpoint after rotation
dl-find/turbomole/=============================== Tstep:   97.5 Ttot:96299.3 ==
eandg
Spin: 
 Energy calculation finished, energy: -2.138692583E+03
Curvature at dimer midpoint after rotation     0.00180
Curvature at dimer minimum                    -0.00222
Actual dimer rotation angle:         0.238 deg
Dimer rotation converged after    1 steps
Writing TS-mode
Curvature after dimer rotation:               -0.00222
Frequency of transition mode  -242.135 cm^-1 (negative value denotes imaginary frequency)
Crossover temperature for tunnelling       55.44621 K
Restarting L-BFGS optimiser, instance: dimer rotation
Next calculation will be the dimer  midpoint
dl-find/turbomole/=============================== Tstep:   90.9 Ttot:96390.3 ==
eandg
Spin: 
 Energy calculation finished, energy: -2.138692578E+03
Testing convergence of dimer midpoint in cycle  309
    Energy  5.2200E-06 Target: 1.0000E-06 converged?   no
  Max step  6.5929E-03 Target: 1.8000E-03 converged?   no component   208
  RMS step  1.4083E-03 Target: 1.2000E-03 converged?   no
  Max grad  7.8859E-05 Target: 4.5000E-04 converged?  yes component   244
  RMS grad  2.0754E-05 Target: 3.0000E-04 converged?  yes
Next calculation will be the dimer endpoint before rotation
dl-find/turbomole/=============================== Tstep:  109.7 Ttot:96499.9 ==
eandg
Spin: 
 Energy calculation finished, energy: -2.138692579E+03
Curvature at dimer midpoint                   -0.00224
Predicted dimer rotation angle:     10.326 deg
Next calculation will be the dimer endpoint after rotation
dl-find/turbomole/=============================== Tstep:  107.0 Ttot:96606.9 ==
eandg
Spin: 
 Energy calculation finished, energy: -2.138692578E+03
Curvature at dimer midpoint after rotation     0.00533
Curvature at dimer minimum                    -0.00224
Actual dimer rotation angle:         0.197 deg
Dimer rotation converged after    1 steps
Writing TS-mode
Curvature after dimer rotation:               -0.00224
Frequency of transition mode  -243.185 cm^-1 (negative value denotes imaginary frequency)
Crossover temperature for tunnelling       55.68653 K
Restarting L-BFGS optimiser, instance: dimer rotation
Next calculation will be the dimer  midpoint
dl-find/turbomole/=============================== Tstep:   93.0 Ttot:96699.9 ==
eandg
Spin: 
 Energy calculation finished, energy: -2.138692577E+03
Testing convergence of dimer midpoint in cycle  310
    Energy  9.9600E-07 Target: 1.0000E-06 converged?  yes
  Max step  2.3753E-03 Target: 1.8000E-03 converged?   no component   105
  RMS step  6.1884E-04 Target: 1.2000E-03 converged?  yes
  Max grad  4.5305E-05 Target: 4.5000E-04 converged?  yes component   208
  RMS grad  1.6722E-05 Target: 3.0000E-04 converged?  yes
Next calculation will be the dimer endpoint before rotation
dl-find/turbomole/=============================== Tstep:  109.0 Ttot:96808.9 ==
eandg
Spin: 
 Energy calculation finished, energy: -2.138692578E+03
Curvature at dimer midpoint                   -0.00226
Predicted dimer rotation angle:      8.858 deg
Next calculation will be the dimer endpoint after rotation
dl-find/turbomole/=============================== Tstep:   99.7 Ttot:96908.6 ==
eandg
Spin: 
 Energy calculation finished, energy: -2.138692578E+03
Curvature at dimer midpoint after rotation     0.00178
Curvature at dimer minimum                    -0.00226
Actual dimer rotation angle:         0.230 deg
Dimer rotation converged after    1 steps
Writing TS-mode
Curvature after dimer rotation:               -0.00226
Frequency of transition mode  -244.594 cm^-1 (negative value denotes imaginary frequency)
Crossover temperature for tunnelling       56.00918 K
Restarting L-BFGS optimiser, instance: dimer rotation
Next calculation will be the dimer  midpoint
dl-find/turbomole/=============================== Tstep:   74.4 Ttot:96983.0 ==
eandg
Spin: 
 Energy calculation finished, energy: -2.138692576E+03
Testing convergence of dimer midpoint in cycle  311
    Energy  8.2800E-07 Target: 1.0000E-06 converged?  yes
  Max step  4.2073E-03 Target: 1.8000E-03 converged?   no component   208
  RMS step  8.2400E-04 Target: 1.2000E-03 converged?  yes
  Max grad  6.1294E-05 Target: 4.5000E-04 converged?  yes component    98
  RMS grad  2.0074E-05 Target: 3.0000E-04 converged?  yes
Next calculation will be the dimer endpoint before rotation
dl-find/turbomole/=============================== Tstep:  107.8 Ttot:97090.8 ==
eandg
Spin: 
 Energy calculation finished, energy: -2.138692576E+03
Curvature at dimer midpoint                   -0.00227
Predicted dimer rotation angle:     10.343 deg
Next calculation will be the dimer endpoint after rotation
dl-find/turbomole/=============================== Tstep:  100.2 Ttot:97191.0 ==
eandg
Spin: 
 Energy calculation finished, energy: -2.138692575E+03
Curvature at dimer midpoint after rotation     0.00572
Curvature at dimer minimum                    -0.00227
Actual dimer rotation angle:         0.191 deg
Dimer rotation converged after    1 steps
Writing TS-mode
Curvature after dimer rotation:               -0.00227
Frequency of transition mode  -245.176 cm^-1 (negative value denotes imaginary frequency)
Crossover temperature for tunnelling       56.14251 K
Restarting L-BFGS optimiser, instance: dimer rotation
Next calculation will be the dimer  midpoint
dl-find/turbomole/=============================== Tstep:   88.8 Ttot:97279.8 ==
eandg
Spin: 
 Energy calculation finished, energy: -2.138692574E+03
Testing convergence of dimer midpoint in cycle  312
    Energy  2.0560E-06 Target: 1.0000E-06 converged?   no
  Max step  1.0205E-02 Target: 1.8000E-03 converged?   no component   208
  RMS step  2.0382E-03 Target: 1.2000E-03 converged?   no
  Max grad  1.9267E-04 Target: 4.5000E-04 converged?  yes component    57
  RMS grad  3.8967E-05 Target: 3.0000E-04 converged?  yes
Next calculation will be the dimer endpoint before rotation
dl-find/turbomole/=============================== Tstep:  109.9 Ttot:97389.7 ==
eandg
Spin: 
 Energy calculation finished, energy: -2.138692574E+03
Curvature at dimer midpoint                   -0.00229
Predicted dimer rotation angle:      7.979 deg
Next calculation will be the dimer endpoint after rotation
dl-find/turbomole/=============================== Tstep:   98.9 Ttot:97488.6 ==
eandg
Spin: 
 Energy calculation finished, energy: -2.138692574E+03
Curvature at dimer midpoint after rotation     0.00052
Curvature at dimer minimum                    -0.00229
Actual dimer rotation angle:         0.242 deg
Dimer rotation converged after    1 steps
Writing TS-mode
Curvature after dimer rotation:               -0.00229
Frequency of transition mode  -246.073 cm^-1 (negative value denotes imaginary frequency)
Crossover temperature for tunnelling       56.34790 K
Restarting L-BFGS optimiser, instance: dimer rotation
Next calculation will be the dimer  midpoint
dl-find/turbomole/=============================== Tstep:   78.1 Ttot:97566.7 ==
eandg
Spin: 
 Energy calculation finished, energy: -2.138692575E+03
Testing convergence of dimer midpoint in cycle  313
    Energy  1.1750E-06 Target: 1.0000E-06 converged?   no
  Max step  3.0245E-03 Target: 1.8000E-03 converged?   no component   243
  RMS step  9.4166E-04 Target: 1.2000E-03 converged?  yes
  Max grad  6.1785E-05 Target: 4.5000E-04 converged?  yes component    57
  RMS grad  1.8120E-05 Target: 3.0000E-04 converged?  yes
Next calculation will be the dimer endpoint before rotation
dl-find/turbomole/=============================== Tstep:  110.4 Ttot:97677.0 ==
eandg
Spin: 
 Energy calculation finished, energy: -2.138692575E+03
Curvature at dimer midpoint                   -0.00230
Predicted dimer rotation angle:      9.933 deg
Next calculation will be the dimer endpoint after rotation
dl-find/turbomole/=============================== Tstep:   99.1 Ttot:97776.2 ==
eandg
Spin: 
 Energy calculation finished, energy: -2.138692575E+03
Curvature at dimer midpoint after rotation     0.00510
Curvature at dimer minimum                    -0.00230
Actual dimer rotation angle:         0.184 deg
Dimer rotation converged after    1 steps
Writing TS-mode
Curvature after dimer rotation:               -0.00230
Frequency of transition mode  -246.629 cm^-1 (negative value denotes imaginary frequency)
Crossover temperature for tunnelling       56.47518 K
Restarting L-BFGS optimiser, instance: dimer rotation
Next calculation will be the dimer  midpoint
dl-find/turbomole/=============================== Tstep:   88.5 Ttot:97864.6 ==
eandg
Spin: 
 Energy calculation finished, energy: -2.138692577E+03
Testing convergence of dimer midpoint in cycle  314
    Energy  1.9560E-06 Target: 1.0000E-06 converged?   no
  Max step  4.6422E-03 Target: 1.8000E-03 converged?   no component   208
  RMS step  1.2553E-03 Target: 1.2000E-03 converged?   no
  Max grad  4.2612E-05 Target: 4.5000E-04 converged?  yes component   226
  RMS grad  1.4697E-05 Target: 3.0000E-04 converged?  yes
Next calculation will be the dimer endpoint before rotation
dl-find/turbomole/=============================== Tstep:  109.9 Ttot:97974.6 ==
eandg
Spin: 
 Energy calculation finished, energy: -2.138692577E+03
Curvature at dimer midpoint                   -0.00230
Predicted dimer rotation angle:      7.696 deg
Next calculation will be the dimer endpoint after rotation
dl-find/turbomole/=============================== Tstep:   99.2 Ttot:98073.8 ==
eandg
Spin: 
 Energy calculation finished, energy: -2.138692577E+03
Curvature at dimer midpoint after rotation     0.00042
Curvature at dimer minimum                    -0.00231
Actual dimer rotation angle:         0.225 deg
Dimer rotation converged after    1 steps
Writing TS-mode
Curvature after dimer rotation:               -0.00231
Frequency of transition mode  -246.902 cm^-1 (negative value denotes imaginary frequency)
Crossover temperature for tunnelling       56.53777 K
Restarting L-BFGS optimiser, instance: dimer rotation
Next calculation will be the dimer  midpoint
dl-find/turbomole/=============================== Tstep:   74.7 Ttot:98148.4 ==
eandg
Spin: 
 Energy calculation finished, energy: -2.138692576E+03
Testing convergence of dimer midpoint in cycle  315
    Energy  9.7100E-07 Target: 1.0000E-06 converged?  yes
  Max step  5.8271E-03 Target: 1.8000E-03 converged?   no component   208
  RMS step  1.4572E-03 Target: 1.2000E-03 converged?   no
  Max grad  6.6564E-05 Target: 4.5000E-04 converged?  yes component    46
  RMS grad  1.6957E-05 Target: 3.0000E-04 converged?  yes
Next calculation will be the dimer endpoint before rotation
dl-find/turbomole/=============================== Tstep:   97.9 Ttot:98246.3 ==
eandg
Spin: 
 Energy calculation finished, energy: -2.138692577E+03
Curvature at dimer midpoint                   -0.00228
Predicted dimer rotation angle:      9.386 deg
Next calculation will be the dimer endpoint after rotation
dl-find/turbomole/=============================== Tstep:  107.6 Ttot:98353.9 ==
eandg
Spin: 
 Energy calculation finished, energy: -2.138692577E+03
Curvature at dimer midpoint after rotation     0.00418
Curvature at dimer minimum                    -0.00228
Actual dimer rotation angle:         0.176 deg
Dimer rotation converged after    1 steps
Writing TS-mode
Curvature after dimer rotation:               -0.00228
Frequency of transition mode  -245.594 cm^-1 (negative value denotes imaginary frequency)
Crossover temperature for tunnelling       56.23822 K
Restarting L-BFGS optimiser, instance: dimer rotation
Next calculation will be the dimer  midpoint
dl-find/turbomole/=============================== Tstep:   88.0 Ttot:98441.9 ==
eandg
Spin: 
 Energy calculation finished, energy: -2.138692581E+03
Testing convergence of dimer midpoint in cycle  316
    Energy  5.0920E-06 Target: 1.0000E-06 converged?   no
  Max step  8.5243E-03 Target: 1.8000E-03 converged?   no component   208
  RMS step  1.9048E-03 Target: 1.2000E-03 converged?   no
  Max grad  1.7139E-04 Target: 4.5000E-04 converged?  yes component    64
  RMS grad  3.0847E-05 Target: 3.0000E-04 converged?  yes
Next calculation will be the dimer endpoint before rotation
dl-find/turbomole/=============================== Tstep:  111.4 Ttot:98553.3 ==
eandg
Spin: 
 Energy calculation finished, energy: -2.138692582E+03
Curvature at dimer midpoint                   -0.00230
Predicted dimer rotation angle:      7.452 deg
Next calculation will be the dimer endpoint after rotation
dl-find/turbomole/=============================== Tstep:  107.1 Ttot:98660.4 ==
eandg
Spin: 
 Energy calculation finished, energy: -2.138692582E+03
Curvature at dimer midpoint after rotation     0.00025
Curvature at dimer minimum                    -0.00231
Actual dimer rotation angle:         0.218 deg
Dimer rotation converged after    1 steps
Writing TS-mode
Curvature after dimer rotation:               -0.00231
Frequency of transition mode  -246.915 cm^-1 (negative value denotes imaginary frequency)
Crossover temperature for tunnelling       56.54068 K
Restarting L-BFGS optimiser, instance: dimer rotation
Next calculation will be the dimer  midpoint
dl-find/turbomole/=============================== Tstep:   69.3 Ttot:98729.7 ==
eandg
Spin: 
 Energy calculation finished, energy: -2.138692581E+03
Testing convergence of dimer midpoint in cycle  317
    Energy  2.9900E-07 Target: 1.0000E-06 converged?  yes
  Max step  5.9134E-03 Target: 1.8000E-03 converged?   no component   208
  RMS step  1.2028E-03 Target: 1.2000E-03 converged?   no
  Max grad  6.6503E-05 Target: 4.5000E-04 converged?  yes component    57
  RMS grad  1.8407E-05 Target: 3.0000E-04 converged?  yes
Next calculation will be the dimer endpoint before rotation
dl-find/turbomole/=============================== Tstep:  110.9 Ttot:98840.6 ==
eandg
Spin: 
 Energy calculation finished, energy: -2.138692582E+03
Curvature at dimer midpoint                   -0.00231
Predicted dimer rotation angle:      9.019 deg
Next calculation will be the dimer endpoint after rotation
dl-find/turbomole/=============================== Tstep:  108.6 Ttot:98949.1 ==
eandg
Spin: 
 Energy calculation finished, energy: -2.138692582E+03
Curvature at dimer midpoint after rotation     0.00370
Curvature at dimer minimum                    -0.00231
Actual dimer rotation angle:         0.170 deg
Dimer rotation converged after    1 steps
Writing TS-mode
Curvature after dimer rotation:               -0.00231
Frequency of transition mode  -247.325 cm^-1 (negative value denotes imaginary frequency)
Crossover temperature for tunnelling       56.63463 K
Restarting L-BFGS optimiser, instance: dimer rotation
Next calculation will be the dimer  midpoint
dl-find/turbomole/=============================== Tstep:   88.2 Ttot:99037.3 ==
eandg
Spin: 
 Energy calculation finished, energy: -2.138692581E+03
Testing convergence of dimer midpoint in cycle  318
    Energy  1.5400E-07 Target: 1.0000E-06 converged?  yes
  Max step  2.3305E-03 Target: 1.8000E-03 converged?   no component   166
  RMS step  6.7441E-04 Target: 1.2000E-03 converged?  yes
  Max grad  7.7843E-05 Target: 4.5000E-04 converged?  yes component    64
  RMS grad  1.6610E-05 Target: 3.0000E-04 converged?  yes
Next calculation will be the dimer endpoint before rotation
dl-find/turbomole/=============================== Tstep:  108.4 Ttot:99145.7 ==
eandg
Spin: 
 Energy calculation finished, energy: -2.138692582E+03
Curvature at dimer midpoint                   -0.00232
Predicted dimer rotation angle:      7.195 deg
Next calculation will be the dimer endpoint after rotation
dl-find/turbomole/=============================== Tstep:  106.9 Ttot:99252.6 ==
eandg
Spin: 
 Energy calculation finished, energy: -2.138692582E+03
Curvature at dimer midpoint after rotation     0.00009
Curvature at dimer minimum                    -0.00232
Actual dimer rotation angle:         0.209 deg
Dimer rotation converged after    1 steps
Writing TS-mode
Curvature after dimer rotation:               -0.00232
Frequency of transition mode  -247.583 cm^-1 (negative value denotes imaginary frequency)
Crossover temperature for tunnelling       56.69370 K
Restarting L-BFGS optimiser, instance: dimer rotation
Next calculation will be the dimer  midpoint
dl-find/turbomole/=============================== Tstep:   85.9 Ttot:99338.5 ==
eandg
Spin: 
 Energy calculation finished, energy: -2.138692582E+03
Testing convergence of dimer midpoint in cycle  319
    Energy  9.3200E-07 Target: 1.0000E-06 converged?  yes
  Max step  3.3095E-03 Target: 1.8000E-03 converged?   no component   166
  RMS step  1.1001E-03 Target: 1.2000E-03 converged?  yes
  Max grad  1.1243E-04 Target: 4.5000E-04 converged?  yes component    83
  RMS grad  2.3487E-05 Target: 3.0000E-04 converged?  yes
Next calculation will be the dimer endpoint before rotation
dl-find/turbomole/=============================== Tstep:  110.1 Ttot:99448.7 ==
eandg
Spin: 
 Energy calculation finished, energy: -2.138692583E+03
Curvature at dimer midpoint                   -0.00233
Predicted dimer rotation angle:      8.719 deg
Next calculation will be the dimer endpoint after rotation
dl-find/turbomole/=============================== Tstep:  107.8 Ttot:99556.4 ==
eandg
Spin: 
 Energy calculation finished, energy: -2.138692583E+03
Curvature at dimer midpoint after rotation     0.00332
Curvature at dimer minimum                    -0.00233
Actual dimer rotation angle:         0.164 deg
Dimer rotation converged after    1 steps
Writing TS-mode
Curvature after dimer rotation:               -0.00233
Frequency of transition mode  -248.201 cm^-1 (negative value denotes imaginary frequency)
Crossover temperature for tunnelling       56.83522 K
Restarting L-BFGS optimiser, instance: dimer rotation
Next calculation will be the dimer  midpoint
dl-find/turbomole/=============================== Tstep:   87.9 Ttot:99644.3 ==
eandg
Spin: 
 Energy calculation finished, energy: -2.138692578E+03
Testing convergence of dimer midpoint in cycle  320
    Energy  3.8530E-06 Target: 1.0000E-06 converged?   no
  Max step  4.8624E-03 Target: 1.8000E-03 converged?   no component   166
  RMS step  1.6889E-03 Target: 1.2000E-03 converged?   no
  Max grad  2.9560E-04 Target: 4.5000E-04 converged?  yes component    64
  RMS grad  3.9700E-05 Target: 3.0000E-04 converged?  yes
Next calculation will be the dimer endpoint before rotation
dl-find/turbomole/=============================== Tstep:  111.2 Ttot:99755.5 ==
eandg
Spin: 
 Energy calculation finished, energy: -2.138692579E+03
Curvature at dimer midpoint                   -0.00233
Predicted dimer rotation angle:      6.981 deg
Next calculation will be the dimer endpoint after rotation
dl-find/turbomole/=============================== Tstep:  106.3 Ttot:99861.8 ==
eandg
Spin: 
 Energy calculation finished, energy: -2.138692579E+03
Curvature at dimer midpoint after rotation    -0.00003
Curvature at dimer minimum                    -0.00233
Actual dimer rotation angle:         0.201 deg
Dimer rotation converged after    1 steps
Writing TS-mode
Curvature after dimer rotation:               -0.00233
Frequency of transition mode  -248.178 cm^-1 (negative value denotes imaginary frequency)
Crossover temperature for tunnelling       56.82999 K
Restarting L-BFGS optimiser, instance: dimer rotation
Next calculation will be the dimer  midpoint
dl-find/turbomole/=============================== Tstep:   85.9 Ttot:99947.7 ==
eandg
Spin: 
 Energy calculation finished, energy: -2.138692574E+03
Testing convergence of dimer midpoint in cycle  321
    Energy  3.9070E-06 Target: 1.0000E-06 converged?   no
  Max step  2.2716E-03 Target: 1.8000E-03 converged?   no component   102
  RMS step  5.9824E-04 Target: 1.2000E-03 converged?  yes
  Max grad  7.9216E-05 Target: 4.5000E-04 converged?  yes component    64
  RMS grad  2.1292E-05 Target: 3.0000E-04 converged?  yes
Next calculation will be the dimer endpoint before rotation
dl-find/turbomole/=============================== Tstep:  108.8 Ttot:100056.5 ==
eandg
Spin: 
 Energy calculation finished, energy: -2.138692576E+03
Curvature at dimer midpoint                   -0.00234
Predicted dimer rotation angle:      8.439 deg
Next calculation will be the dimer endpoint after rotation
dl-find/turbomole/=============================== Tstep:  106.1 Ttot:100162.6 ==
eandg
Spin: 
 Energy calculation finished, energy: -2.138692575E+03
Curvature at dimer midpoint after rotation     0.00295
Curvature at dimer minimum                    -0.00234
Actual dimer rotation angle:         0.159 deg
Dimer rotation converged after    1 steps
Writing TS-mode
Curvature after dimer rotation:               -0.00234
Frequency of transition mode  -248.570 cm^-1 (negative value denotes imaginary frequency)
Crossover temperature for tunnelling       56.91959 K
Restarting L-BFGS optimiser, instance: dimer rotation
Next calculation will be the dimer  midpoint
dl-find/turbomole/=============================== Tstep:   88.7 Ttot:100251.3 ==
eandg
Spin: 
 Energy calculation finished, energy: -2.138692575E+03
Testing convergence of dimer midpoint in cycle  322
    Energy  2.3900E-07 Target: 1.0000E-06 converged?  yes
  Max step  4.8304E-03 Target: 1.8000E-03 converged?   no component   102
  RMS step  1.3607E-03 Target: 1.2000E-03 converged?   no
  Max grad  1.0566E-04 Target: 4.5000E-04 converged?  yes component    64
  RMS grad  1.9378E-05 Target: 3.0000E-04 converged?  yes
Next calculation will be the dimer endpoint before rotation
dl-find/turbomole/=============================== Tstep:  106.8 Ttot:100358.1 ==
eandg
Spin: 
 Energy calculation finished, energy: -2.138692575E+03
Curvature at dimer midpoint                   -0.00233
Predicted dimer rotation angle:      6.838 deg
Next calculation will be the dimer endpoint after rotation
dl-find/turbomole/=============================== Tstep:  106.3 Ttot:100464.5 ==
eandg
Spin: 
 Energy calculation finished, energy: -2.138692575E+03
Curvature at dimer midpoint after rotation     0.00000
Curvature at dimer minimum                    -0.00234
Actual dimer rotation angle:         0.187 deg
Dimer rotation converged after    1 steps
Writing TS-mode
Curvature after dimer rotation:               -0.00234
Frequency of transition mode  -248.464 cm^-1 (negative value denotes imaginary frequency)
Crossover temperature for tunnelling       56.89545 K
Restarting L-BFGS optimiser, instance: dimer rotation
Next calculation will be the dimer  midpoint
dl-find/turbomole/=============================== Tstep:   86.0 Ttot:100550.4 ==
eandg
Spin: 
 Energy calculation finished, energy: -2.138692578E+03
Testing convergence of dimer midpoint in cycle  323
    Energy  3.0410E-06 Target: 1.0000E-06 converged?   no
  Max step  5.6749E-03 Target: 1.8000E-03 converged?   no component   208
  RMS step  1.4724E-03 Target: 1.2000E-03 converged?   no
  Max grad  1.2975E-04 Target: 4.5000E-04 converged?  yes component    64
  RMS grad  2.2923E-05 Target: 3.0000E-04 converged?  yes
Next calculation will be the dimer endpoint before rotation
dl-find/turbomole/=============================== Tstep:  112.0 Ttot:100662.4 ==
eandg
Spin: 
 Energy calculation finished, energy: -2.138692579E+03
Curvature at dimer midpoint                   -0.00233
Predicted dimer rotation angle:      8.080 deg
Next calculation will be the dimer endpoint after rotation
dl-find/turbomole/=============================== Tstep:   99.4 Ttot:100761.8 ==
eandg
Spin: 
 Energy calculation finished, energy: -2.138692579E+03
Curvature at dimer midpoint after rotation     0.00230
Curvature at dimer minimum                    -0.00233
Actual dimer rotation angle:         0.158 deg
Dimer rotation converged after    1 steps
Writing TS-mode
Curvature after dimer rotation:               -0.00233
Frequency of transition mode  -248.123 cm^-1 (negative value denotes imaginary frequency)
Crossover temperature for tunnelling       56.81737 K
Restarting L-BFGS optimiser, instance: dimer rotation
Next calculation will be the dimer  midpoint
dl-find/turbomole/=============================== Tstep:   87.0 Ttot:100848.8 ==
eandg
Spin: 
 Energy calculation finished, energy: -2.138692577E+03
Testing convergence of dimer midpoint in cycle  324
    Energy  3.4400E-07 Target: 1.0000E-06 converged?  yes
  Max step  1.5074E-02 Target: 1.8000E-03 converged?   no component   208
  RMS step  3.3773E-03 Target: 1.2000E-03 converged?   no
  Max grad  2.1807E-04 Target: 4.5000E-04 converged?  yes component    64
  RMS grad  3.7434E-05 Target: 3.0000E-04 converged?  yes
Next calculation will be the dimer endpoint before rotation
dl-find/turbomole/=============================== Tstep:  108.4 Ttot:100957.3 ==
eandg
Spin: 
 Energy calculation finished, energy: -2.138692578E+03
Curvature at dimer midpoint                   -0.00232
Predicted dimer rotation angle:      6.761 deg
Next calculation will be the dimer endpoint after rotation
dl-find/turbomole/=============================== Tstep:  107.1 Ttot:101064.4 ==
eandg
Spin: 
 Energy calculation finished, energy: -2.138692577E+03
Curvature at dimer midpoint after rotation     0.00008
Curvature at dimer minimum                    -0.00232
Actual dimer rotation angle:         0.175 deg
Dimer rotation converged after    1 steps
Writing TS-mode
Curvature after dimer rotation:               -0.00232
Frequency of transition mode  -247.821 cm^-1 (negative value denotes imaginary frequency)
Crossover temperature for tunnelling       56.74821 K
Restarting L-BFGS optimiser, instance: dimer rotation
Next calculation will be the dimer  midpoint
dl-find/turbomole/=============================== Tstep:   83.4 Ttot:101147.7 ==
eandg
Spin: 
 Energy calculation finished, energy: -2.138692583E+03
Testing convergence of dimer midpoint in cycle  325
    Energy  5.9040E-06 Target: 1.0000E-06 converged?   no
  Max step  1.6597E-02 Target: 1.8000E-03 converged?   no component   208
  RMS step  3.5242E-03 Target: 1.2000E-03 converged?   no
  Max grad  1.5959E-04 Target: 4.5000E-04 converged?  yes component    57
  RMS grad  3.1818E-05 Target: 3.0000E-04 converged?  yes
Next calculation will be the dimer endpoint before rotation
dl-find/turbomole/=============================== Tstep:  111.0 Ttot:101258.7 ==
eandg
Spin: 
 Energy calculation finished, energy: -2.138692584E+03
Curvature at dimer midpoint                   -0.00231
Predicted dimer rotation angle:      7.685 deg
Next calculation will be the dimer endpoint after rotation
dl-find/turbomole/=============================== Tstep:   98.3 Ttot:101357.0 ==
eandg
Spin: 
 Energy calculation finished, energy: -2.138692583E+03
Curvature at dimer midpoint after rotation     0.00173
Curvature at dimer minimum                    -0.00231
Actual dimer rotation angle:         0.155 deg
Dimer rotation converged after    1 steps
Writing TS-mode
Curvature after dimer rotation:               -0.00231
Frequency of transition mode  -246.946 cm^-1 (negative value denotes imaginary frequency)
Crossover temperature for tunnelling       56.54774 K
Restarting L-BFGS optimiser, instance: dimer rotation
Next calculation will be the dimer  midpoint
dl-find/turbomole/=============================== Tstep:   87.9 Ttot:101444.9 ==
eandg
Spin: 
 Energy calculation finished, energy: -2.138692585E+03
Testing convergence of dimer midpoint in cycle  326
    Energy  1.4330E-06 Target: 1.0000E-06 converged?   no
  Max step  5.1468E-03 Target: 1.8000E-03 converged?   no component   208
  RMS step  1.4300E-03 Target: 1.2000E-03 converged?   no
  Max grad  4.7523E-05 Target: 4.5000E-04 converged?  yes component   222
  RMS grad  1.7152E-05 Target: 3.0000E-04 converged?  yes
Next calculation will be the dimer endpoint before rotation
dl-find/turbomole/=============================== Tstep:  109.8 Ttot:101554.7 ==
eandg
Spin: 
 Energy calculation finished, energy: -2.138692585E+03
Curvature at dimer midpoint                   -0.00232
Predicted dimer rotation angle:      6.661 deg
Next calculation will be the dimer endpoint after rotation
dl-find/turbomole/=============================== Tstep:  106.1 Ttot:101660.7 ==
eandg
Spin: 
 Energy calculation finished, energy: -2.138692585E+03
Curvature at dimer midpoint after rotation     0.00010
Curvature at dimer minimum                    -0.00232
Actual dimer rotation angle:         0.166 deg
Dimer rotation converged after    1 steps
Writing TS-mode
Curvature after dimer rotation:               -0.00232
Frequency of transition mode  -247.701 cm^-1 (negative value denotes imaginary frequency)
Crossover temperature for tunnelling       56.72056 K
Restarting L-BFGS optimiser, instance: dimer rotation
Next calculation will be the dimer  midpoint
dl-find/turbomole/=============================== Tstep:   86.5 Ttot:101747.2 ==
eandg
Spin: 
 Energy calculation finished, energy: -2.138692585E+03
Testing convergence of dimer midpoint in cycle  327
    Energy  3.9000E-08 Target: 1.0000E-06 converged?  yes
  Max step  3.3684E-03 Target: 1.8000E-03 converged?   no component    87
  RMS step  1.0016E-03 Target: 1.2000E-03 converged?  yes
  Max grad  7.4603E-05 Target: 4.5000E-04 converged?  yes component   248
  RMS grad  1.8084E-05 Target: 3.0000E-04 converged?  yes
Next calculation will be the dimer endpoint before rotation
dl-find/turbomole/=============================== Tstep:  109.2 Ttot:101856.5 ==
eandg
Spin: 
 Energy calculation finished, energy: -2.138692585E+03
Curvature at dimer midpoint                   -0.00232
Predicted dimer rotation angle:      7.228 deg
Next calculation will be the dimer endpoint after rotation
dl-find/turbomole/=============================== Tstep:  107.7 Ttot:101964.2 ==
eandg
Spin: 
 Energy calculation finished, energy: -2.138692585E+03
Curvature at dimer midpoint after rotation     0.00117
Curvature at dimer minimum                    -0.00232
Actual dimer rotation angle:         0.149 deg
Dimer rotation converged after    1 steps
Writing TS-mode
Curvature after dimer rotation:               -0.00232
Frequency of transition mode  -247.767 cm^-1 (negative value denotes imaginary frequency)
Crossover temperature for tunnelling       56.73586 K
Restarting L-BFGS optimiser, instance: dimer rotation
Next calculation will be the dimer  midpoint
dl-find/turbomole/=============================== Tstep:   86.3 Ttot:102050.5 ==
eandg
Spin: 
 Energy calculation finished, energy: -2.138692585E+03
Testing convergence of dimer midpoint in cycle  328
    Energy  1.3600E-07 Target: 1.0000E-06 converged?  yes
  Max step  5.6571E-03 Target: 1.8000E-03 converged?   no component   208
  RMS step  1.0958E-03 Target: 1.2000E-03 converged?  yes
  Max grad  8.3157E-05 Target: 4.5000E-04 converged?  yes component    46
  RMS grad  2.2508E-05 Target: 3.0000E-04 converged?  yes
Next calculation will be the dimer endpoint before rotation
dl-find/turbomole/=============================== Tstep:   91.9 Ttot:102142.3 ==
eandg
Spin: 
 Energy calculation finished, energy: -2.138692585E+03
Curvature at dimer midpoint                   -0.00227
Predicted dimer rotation angle:      6.781 deg
Next calculation will be the dimer endpoint after rotation
dl-find/turbomole/=============================== Tstep:  107.8 Ttot:102250.1 ==
eandg
Spin: 
 Energy calculation finished, energy: -2.138692584E+03
Curvature at dimer midpoint after rotation     0.00030
Curvature at dimer minimum                    -0.00227
Actual dimer rotation angle:         0.162 deg
Dimer rotation converged after    1 steps
Writing TS-mode
Curvature after dimer rotation:               -0.00227
Frequency of transition mode  -245.172 cm^-1 (negative value denotes imaginary frequency)
Crossover temperature for tunnelling       56.14164 K
Restarting L-BFGS optimiser, instance: dimer rotation
Next calculation will be the dimer  midpoint
dl-find/turbomole/=============================== Tstep:   87.0 Ttot:102337.1 ==
eandg
Spin: 
 Energy calculation finished, energy: -2.138692584E+03
Testing convergence of dimer midpoint in cycle  329
    Energy  9.1200E-07 Target: 1.0000E-06 converged?  yes
  Max step  1.6163E-02 Target: 1.8000E-03 converged?   no component   208
  RMS step  3.1441E-03 Target: 1.2000E-03 converged?   no
  Max grad  1.4860E-04 Target: 4.5000E-04 converged?  yes component    57
  RMS grad  2.5612E-05 Target: 3.0000E-04 converged?  yes
Next calculation will be the dimer endpoint before rotation
dl-find/turbomole/=============================== Tstep:  116.8 Ttot:102453.9 ==
eandg
Spin: 
 Energy calculation finished, energy: -2.138692584E+03
Curvature at dimer midpoint                   -0.00230
Predicted dimer rotation angle:      7.183 deg
Next calculation will be the dimer endpoint after rotation
dl-find/turbomole/=============================== Tstep:  107.9 Ttot:102561.8 ==
eandg
Spin: 
 Energy calculation finished, energy: -2.138692584E+03
Curvature at dimer midpoint after rotation     0.00122
Curvature at dimer minimum                    -0.00231
Actual dimer rotation angle:         0.144 deg
Dimer rotation converged after    1 steps
Writing TS-mode
Curvature after dimer rotation:               -0.00231
Frequency of transition mode  -246.855 cm^-1 (negative value denotes imaginary frequency)
Crossover temperature for tunnelling       56.52702 K
Restarting L-BFGS optimiser, instance: dimer rotation
Next calculation will be the dimer  midpoint
dl-find/turbomole/=============================== Tstep:   85.9 Ttot:102647.7 ==
eandg
Spin: 
 Energy calculation finished, energy: -2.138692582E+03
Testing convergence of dimer midpoint in cycle  330
    Energy  1.9030E-06 Target: 1.0000E-06 converged?   no
  Max step  1.0721E-02 Target: 1.8000E-03 converged?   no component   208
  RMS step  2.2706E-03 Target: 1.2000E-03 converged?   no
  Max grad  1.3414E-04 Target: 4.5000E-04 converged?  yes component    76
  RMS grad  2.5291E-05 Target: 3.0000E-04 converged?  yes
Next calculation will be the dimer endpoint before rotation
dl-find/turbomole/=============================== Tstep:  106.8 Ttot:102754.4 ==
eandg
Spin: 
 Energy calculation finished, energy: -2.138692582E+03
Curvature at dimer midpoint                   -0.00229
Predicted dimer rotation angle:      6.454 deg
Next calculation will be the dimer endpoint after rotation
dl-find/turbomole/=============================== Tstep:  107.1 Ttot:102861.5 ==
eandg
Spin: 
 Energy calculation finished, energy: -2.138692582E+03
Curvature at dimer midpoint after rotation    -0.00008
Curvature at dimer minimum                    -0.00229
Actual dimer rotation angle:         0.163 deg
Dimer rotation converged after    1 steps
Writing TS-mode
Curvature after dimer rotation:               -0.00229
Frequency of transition mode  -245.993 cm^-1 (negative value denotes imaginary frequency)
Crossover temperature for tunnelling       56.32959 K
Restarting L-BFGS optimiser, instance: dimer rotation
Next calculation will be the dimer  midpoint
dl-find/turbomole/=============================== Tstep:   74.3 Ttot:102935.7 ==
eandg
Spin: 
 Energy calculation finished, energy: -2.138692583E+03
Testing convergence of dimer midpoint in cycle  331
    Energy  8.5400E-07 Target: 1.0000E-06 converged?  yes
  Max step  2.7466E-03 Target: 1.8000E-03 converged?   no component   208
  RMS step  7.4778E-04 Target: 1.2000E-03 converged?  yes
  Max grad  7.4260E-05 Target: 4.5000E-04 converged?  yes component    57
  RMS grad  1.5654E-05 Target: 3.0000E-04 converged?  yes
Next calculation will be the dimer endpoint before rotation
dl-find/turbomole/=============================== Tstep:   86.1 Ttot:103021.8 ==
eandg
Spin: 
 Energy calculation finished, energy: -2.138692582E+03
Curvature at dimer midpoint                   -0.00213
Predicted dimer rotation angle:      8.338 deg
Next calculation will be the dimer endpoint after rotation
dl-find/turbomole/=============================== Tstep:   98.8 Ttot:103120.6 ==
eandg
Spin: 
 Energy calculation finished, energy: -2.138692583E+03
Curvature at dimer midpoint after rotation     0.00221
Curvature at dimer minimum                    -0.00213
Actual dimer rotation angle:         0.170 deg
Dimer rotation converged after    1 steps
Writing TS-mode
Curvature after dimer rotation:               -0.00213
Frequency of transition mode  -237.121 cm^-1 (negative value denotes imaginary frequency)
Crossover temperature for tunnelling       54.29803 K
Restarting L-BFGS optimiser, instance: dimer rotation
Next calculation will be the dimer  midpoint
dl-find/turbomole/=============================== Tstep:   93.6 Ttot:103214.2 ==
eandg
Spin: 
 Energy calculation finished, energy: -2.138692582E+03
Testing convergence of dimer midpoint in cycle  332
    Energy  1.5300E-07 Target: 1.0000E-06 converged?  yes
  Max step  2.9273E-03 Target: 1.8000E-03 converged?   no component    15
  RMS step  7.1615E-04 Target: 1.2000E-03 converged?  yes
  Max grad  6.3808E-05 Target: 4.5000E-04 converged?  yes component    57
  RMS grad  1.5044E-05 Target: 3.0000E-04 converged?  yes
Next calculation will be the dimer endpoint before rotation
dl-find/turbomole/=============================== Tstep:  107.3 Ttot:103321.6 ==
eandg
Spin: 
 Energy calculation finished, energy: -2.138692582E+03
Curvature at dimer midpoint                   -0.00228
Predicted dimer rotation angle:      7.104 deg
Next calculation will be the dimer endpoint after rotation
dl-find/turbomole/=============================== Tstep:  107.0 Ttot:103428.6 ==
eandg
Spin: 
 Energy calculation finished, energy: -2.138692583E+03
Curvature at dimer midpoint after rotation     0.00115
Curvature at dimer minimum                    -0.00228
Actual dimer rotation angle:         0.142 deg
Dimer rotation converged after    1 steps
Writing TS-mode
Curvature after dimer rotation:               -0.00228
Frequency of transition mode  -245.377 cm^-1 (negative value denotes imaginary frequency)
Crossover temperature for tunnelling       56.18841 K
Restarting L-BFGS optimiser, instance: dimer rotation
Next calculation will be the dimer  midpoint
dl-find/turbomole/=============================== Tstep:   78.8 Ttot:103507.4 ==
eandg
Spin: 
 Energy calculation finished, energy: -2.138692583E+03
Testing convergence of dimer midpoint in cycle  333
    Energy  8.6100E-07 Target: 1.0000E-06 converged?  yes
  Max step  8.1738E-03 Target: 1.8000E-03 converged?   no component   208
  RMS step  1.5406E-03 Target: 1.2000E-03 converged?   no
  Max grad  1.0652E-04 Target: 4.5000E-04 converged?  yes component    88
  RMS grad  2.0021E-05 Target: 3.0000E-04 converged?  yes
Next calculation will be the dimer endpoint before rotation
dl-find/turbomole/=============================== Tstep:   86.8 Ttot:103594.2 ==
eandg
Spin: 
 Energy calculation finished, energy: -2.138692583E+03
Curvature at dimer midpoint                   -0.00212
Predicted dimer rotation angle:      7.297 deg
Next calculation will be the dimer endpoint after rotation
dl-find/turbomole/=============================== Tstep:  100.0 Ttot:103694.2 ==
eandg
Spin: 
 Energy calculation finished, energy: -2.138692583E+03
Curvature at dimer midpoint after rotation     0.00076
Curvature at dimer minimum                    -0.00213
Actual dimer rotation angle:         0.169 deg
Dimer rotation converged after    1 steps
Writing TS-mode
Curvature after dimer rotation:               -0.00213
Frequency of transition mode  -236.974 cm^-1 (negative value denotes imaginary frequency)
Crossover temperature for tunnelling       54.26434 K
Restarting L-BFGS optimiser, instance: dimer rotation
Next calculation will be the dimer  midpoint
dl-find/turbomole/=============================== Tstep:   83.7 Ttot:103777.9 ==
eandg
Spin: 
 Energy calculation finished, energy: -2.138692585E+03
Testing convergence of dimer midpoint in cycle  334
    Energy  1.9850E-06 Target: 1.0000E-06 converged?   no
  Max step  9.6953E-03 Target: 1.8000E-03 converged?   no component   208
  RMS step  2.1264E-03 Target: 1.2000E-03 converged?   no
  Max grad  9.7656E-05 Target: 4.5000E-04 converged?  yes component    83
  RMS grad  2.3529E-05 Target: 3.0000E-04 converged?  yes
Next calculation will be the dimer endpoint before rotation
dl-find/turbomole/=============================== Tstep:  108.4 Ttot:103886.4 ==
eandg
Spin: 
 Energy calculation finished, energy: -2.138692585E+03
Curvature at dimer midpoint                   -0.00225
Predicted dimer rotation angle:      7.402 deg
Next calculation will be the dimer endpoint after rotation
dl-find/turbomole/=============================== Tstep:   99.4 Ttot:103985.7 ==
eandg
Spin: 
 Energy calculation finished, energy: -2.138692585E+03
Curvature at dimer midpoint after rotation     0.00184
Curvature at dimer minimum                    -0.00225
Actual dimer rotation angle:         0.133 deg
Dimer rotation converged after    1 steps
Writing TS-mode
Curvature after dimer rotation:               -0.00225
Frequency of transition mode  -243.748 cm^-1 (negative value denotes imaginary frequency)
Crossover temperature for tunnelling       55.81541 K
Restarting L-BFGS optimiser, instance: dimer rotation
Next calculation will be the dimer  midpoint
dl-find/turbomole/=============================== Tstep:   84.2 Ttot:104070.0 ==
eandg
Spin: 
 Energy calculation finished, energy: -2.138692586E+03
Testing convergence of dimer midpoint in cycle  335
    Energy  3.6300E-07 Target: 1.0000E-06 converged?  yes
  Max step  4.1823E-03 Target: 1.8000E-03 converged?   no component   208
  RMS step  9.2737E-04 Target: 1.2000E-03 converged?  yes
  Max grad  5.1453E-05 Target: 4.5000E-04 converged?  yes component   248
  RMS grad  1.4290E-05 Target: 3.0000E-04 converged?  yes
Next calculation will be the dimer endpoint before rotation
dl-find/turbomole/=============================== Tstep:  102.0 Ttot:104171.9 ==
eandg
Spin: 
 Energy calculation finished, energy: -2.138692585E+03
Curvature at dimer midpoint                   -0.00225
Predicted dimer rotation angle:      5.909 deg
Next calculation will be the dimer endpoint after rotation
dl-find/turbomole/=============================== Tstep:  106.9 Ttot:104278.9 ==
eandg
Spin: 
 Energy calculation finished, energy: -2.138692585E+03
Curvature at dimer midpoint after rotation    -0.00053
Curvature at dimer minimum                    -0.00225
Actual dimer rotation angle:         0.157 deg
Dimer rotation converged after    1 steps
Writing TS-mode
Curvature after dimer rotation:               -0.00225
Frequency of transition mode  -243.959 cm^-1 (negative value denotes imaginary frequency)
Crossover temperature for tunnelling       55.86381 K
Restarting L-BFGS optimiser, instance: dimer rotation
Next calculation will be the dimer  midpoint
dl-find/turbomole/=============================== Tstep:   83.4 Ttot:104362.2 ==
eandg
Spin: 
 Energy calculation finished, energy: -2.138692585E+03
Testing convergence of dimer midpoint in cycle  336
    Energy  2.4200E-07 Target: 1.0000E-06 converged?  yes
  Max step  3.5913E-03 Target: 1.8000E-03 converged?   no component   196
  RMS step  8.4921E-04 Target: 1.2000E-03 converged?  yes
  Max grad  5.3461E-05 Target: 4.5000E-04 converged?  yes component   218
  RMS grad  1.5087E-05 Target: 3.0000E-04 converged?  yes
Next calculation will be the dimer endpoint before rotation
dl-find/turbomole/=============================== Tstep:  109.2 Ttot:104471.4 ==
eandg
Spin: 
 Energy calculation finished, energy: -2.138692585E+03
Curvature at dimer midpoint                   -0.00226
Predicted dimer rotation angle:      6.935 deg
Next calculation will be the dimer endpoint after rotation
dl-find/turbomole/=============================== Tstep:  107.2 Ttot:104578.6 ==
eandg
Spin: 
 Energy calculation finished, energy: -2.138692585E+03
Curvature at dimer midpoint after rotation     0.00125
Curvature at dimer minimum                    -0.00226
Actual dimer rotation angle:         0.128 deg
Dimer rotation converged after    1 steps
Writing TS-mode
Curvature after dimer rotation:               -0.00226
Frequency of transition mode  -244.422 cm^-1 (negative value denotes imaginary frequency)
Crossover temperature for tunnelling       55.96972 K
Restarting L-BFGS optimiser, instance: dimer rotation
Next calculation will be the dimer  midpoint
dl-find/turbomole/=============================== Tstep:   87.4 Ttot:104666.0 ==
eandg
Spin: 
 Energy calculation finished, energy: -2.138692603E+03
Testing convergence of dimer midpoint in cycle  337
    Energy  1.7466E-05 Target: 1.0000E-06 converged?   no
  Max step  4.6415E-03 Target: 1.8000E-03 converged?   no component   196
  RMS step  1.1015E-03 Target: 1.2000E-03 converged?  yes
  Max grad  7.0054E-05 Target: 4.5000E-04 converged?  yes component    80
  RMS grad  1.8249E-05 Target: 3.0000E-04 converged?  yes
Next calculation will be the dimer endpoint before rotation
dl-find/turbomole/=============================== Tstep:  101.3 Ttot:104767.3 ==
eandg
Spin: 
 Energy calculation finished, energy: -2.138692603E+03
Curvature at dimer midpoint                   -0.00225
Predicted dimer rotation angle:      5.691 deg
Next calculation will be the dimer endpoint after rotation
dl-find/turbomole/=============================== Tstep:  106.1 Ttot:104873.4 ==
eandg
Spin: 
 Energy calculation finished, energy: -2.138692603E+03
Curvature at dimer midpoint after rotation    -0.00065
Curvature at dimer minimum                    -0.00225
Actual dimer rotation angle:         0.151 deg
Dimer rotation converged after    1 steps
Writing TS-mode
Curvature after dimer rotation:               -0.00225
Frequency of transition mode  -244.008 cm^-1 (negative value denotes imaginary frequency)
Crossover temperature for tunnelling       55.87504 K
Restarting L-BFGS optimiser, instance: dimer rotation
Next calculation will be the dimer  midpoint
dl-find/turbomole/=============================== Tstep:   87.5 Ttot:104960.9 ==
eandg
Spin: 
 Energy calculation finished, energy: -2.138692603E+03
Testing convergence of dimer midpoint in cycle  338
    Energy  4.2800E-07 Target: 1.0000E-06 converged?  yes
  Max step  1.2394E-02 Target: 1.8000E-03 converged?   no component   208
  RMS step  2.7408E-03 Target: 1.2000E-03 converged?   no
  Max grad  1.0254E-04 Target: 4.5000E-04 converged?  yes component   244
  RMS grad  2.5434E-05 Target: 3.0000E-04 converged?  yes
Next calculation will be the dimer endpoint before rotation
dl-find/turbomole/=============================== Tstep:  111.0 Ttot:105071.8 ==
eandg
Spin: 
 Energy calculation finished, energy: -2.138692603E+03
Curvature at dimer midpoint                   -0.00224
Predicted dimer rotation angle:      6.764 deg
Next calculation will be the dimer endpoint after rotation
dl-find/turbomole/=============================== Tstep:  107.7 Ttot:105179.6 ==
eandg
Spin: 
 Energy calculation finished, energy: -2.138692603E+03
Curvature at dimer midpoint after rotation     0.00104
Curvature at dimer minimum                    -0.00224
Actual dimer rotation angle:         0.126 deg
Dimer rotation converged after    1 steps
Writing TS-mode
Curvature after dimer rotation:               -0.00224
Frequency of transition mode  -243.456 cm^-1 (negative value denotes imaginary frequency)
Crossover temperature for tunnelling       55.74866 K
Restarting L-BFGS optimiser, instance: dimer rotation
Next calculation will be the dimer  midpoint
dl-find/turbomole/=============================== Tstep:   87.6 Ttot:105267.2 ==
eandg
Spin: 
 Energy calculation finished, energy: -2.138692602E+03
Testing convergence of dimer midpoint in cycle  339
    Energy  1.0340E-06 Target: 1.0000E-06 converged?   no
  Max step  2.9664E-03 Target: 1.8000E-03 converged?   no component    15
  RMS step  6.6792E-04 Target: 1.2000E-03 converged?  yes
  Max grad  4.0254E-05 Target: 4.5000E-04 converged?  yes component    90
  RMS grad  1.1766E-05 Target: 3.0000E-04 converged?  yes
Next calculation will be the dimer endpoint before rotation
dl-find/turbomole/=============================== Tstep:   97.3 Ttot:105364.5 ==
eandg
Spin: 
 Energy calculation finished, energy: -2.138692602E+03
Curvature at dimer midpoint                   -0.00222
Predicted dimer rotation angle:      5.650 deg
Next calculation will be the dimer endpoint after rotation
dl-find/turbomole/=============================== Tstep:  107.3 Ttot:105471.8 ==
eandg
Spin: 
 Energy calculation finished, energy: -2.138692602E+03
Curvature at dimer midpoint after rotation    -0.00065
Curvature at dimer minimum                    -0.00222
Actual dimer rotation angle:         0.149 deg
Dimer rotation converged after    1 steps
Writing TS-mode
Curvature after dimer rotation:               -0.00222
Frequency of transition mode  -242.463 cm^-1 (negative value denotes imaginary frequency)
Crossover temperature for tunnelling       55.52118 K
Restarting L-BFGS optimiser, instance: dimer rotation
Next calculation will be the dimer  midpoint
dl-find/turbomole/=============================== Tstep:   82.6 Ttot:105554.5 ==
eandg
Spin: 
 Energy calculation finished, energy: -2.138692602E+03
Testing convergence of dimer midpoint in cycle  340
    Energy  5.0600E-07 Target: 1.0000E-06 converged?  yes
  Max step  2.1307E-03 Target: 1.8000E-03 converged?   no component   102
  RMS step  4.9623E-04 Target: 1.2000E-03 converged?  yes
  Max grad  4.6663E-05 Target: 4.5000E-04 converged?  yes component   244
  RMS grad  1.2541E-05 Target: 3.0000E-04 converged?  yes
Next calculation will be the dimer endpoint before rotation
dl-find/turbomole/=============================== Tstep:  101.2 Ttot:105655.6 ==
eandg
Spin: 
 Energy calculation finished, energy: -2.138692601E+03
Curvature at dimer midpoint                   -0.00223
Predicted dimer rotation angle:      6.758 deg
Next calculation will be the dimer endpoint after rotation
dl-find/turbomole/=============================== Tstep:  106.5 Ttot:105762.1 ==
eandg
Spin: 
 Energy calculation finished, energy: -2.138692601E+03
Curvature at dimer midpoint after rotation     0.00092
Curvature at dimer minimum                    -0.00223
Actual dimer rotation angle:         0.130 deg
Dimer rotation converged after    1 steps
Writing TS-mode
Curvature after dimer rotation:               -0.00223
Frequency of transition mode  -242.963 cm^-1 (negative value denotes imaginary frequency)
Crossover temperature for tunnelling       55.63565 K
Restarting L-BFGS optimiser, instance: dimer rotation
Next calculation will be the dimer  midpoint
dl-find/turbomole/=============================== Tstep:   82.1 Ttot:105844.2 ==
eandg
Spin: 
 Energy calculation finished, energy: -2.138692604E+03
Testing convergence of dimer midpoint in cycle  341
    Energy  1.8670E-06 Target: 1.0000E-06 converged?   no
  Max step  3.5069E-03 Target: 1.8000E-03 converged?   no component    15
  RMS step  7.4903E-04 Target: 1.2000E-03 converged?  yes
  Max grad  7.3266E-05 Target: 4.5000E-04 converged?  yes component   244
  RMS grad  1.5640E-05 Target: 3.0000E-04 converged?  yes
Next calculation will be the dimer endpoint before rotation
dl-find/turbomole/=============================== Tstep:   96.5 Ttot:105940.7 ==
eandg
Spin: 
 Energy calculation finished, energy: -2.138692603E+03
Curvature at dimer midpoint                   -0.00222
Predicted dimer rotation angle:      5.677 deg
Next calculation will be the dimer endpoint after rotation
dl-find/turbomole/=============================== Tstep:  107.3 Ttot:106048.1 ==
eandg
Spin: 
 Energy calculation finished, energy: -2.138692603E+03
Curvature at dimer midpoint after rotation    -0.00040
Curvature at dimer minimum                    -0.00222
Actual dimer rotation angle:         0.131 deg
Dimer rotation converged after    1 steps
Writing TS-mode
Curvature after dimer rotation:               -0.00222
Frequency of transition mode  -242.338 cm^-1 (negative value denotes imaginary frequency)
Crossover temperature for tunnelling       55.49269 K
Restarting L-BFGS optimiser, instance: dimer rotation
Next calculation will be the dimer  midpoint
dl-find/turbomole/=============================== Tstep:   82.8 Ttot:106130.9 ==
eandg
Spin: 
 Energy calculation finished, energy: -2.138692603E+03
Testing convergence of dimer midpoint in cycle  342
    Energy  7.1000E-07 Target: 1.0000E-06 converged?  yes
  Max step  8.6184E-03 Target: 1.8000E-03 converged?   no component    15
  RMS step  1.8242E-03 Target: 1.2000E-03 converged?   no
  Max grad  1.2392E-04 Target: 4.5000E-04 converged?  yes component    46
  RMS grad  2.4429E-05 Target: 3.0000E-04 converged?  yes
Next calculation will be the dimer endpoint before rotation
dl-find/turbomole/=============================== Tstep:   87.5 Ttot:106218.4 ==
eandg
Spin: 
 Energy calculation finished, energy: -2.138692603E+03
Curvature at dimer midpoint                   -0.00209
Predicted dimer rotation angle:      7.063 deg
Next calculation will be the dimer endpoint after rotation
dl-find/turbomole/=============================== Tstep:   99.4 Ttot:106317.8 ==
eandg
Spin: 
 Energy calculation finished, energy: -2.138692602E+03
Curvature at dimer midpoint after rotation     0.00073
Curvature at dimer minimum                    -0.00209
Actual dimer rotation angle:         0.155 deg
Dimer rotation converged after    1 steps
Writing TS-mode
Curvature after dimer rotation:               -0.00209
Frequency of transition mode  -235.181 cm^-1 (negative value denotes imaginary frequency)
Crossover temperature for tunnelling       53.85381 K
Restarting L-BFGS optimiser, instance: dimer rotation
Next calculation will be the dimer  midpoint
dl-find/turbomole/=============================== Tstep:   92.2 Ttot:106409.9 ==
eandg
Spin: 
 Energy calculation finished, energy: -2.138692603E+03
Testing convergence of dimer midpoint in cycle  343
    Energy  6.0000E-08 Target: 1.0000E-06 converged?  yes
  Max step  8.6443E-03 Target: 1.8000E-03 converged?   no component    15
  RMS step  1.9508E-03 Target: 1.2000E-03 converged?   no
  Max grad  9.2680E-05 Target: 4.5000E-04 converged?  yes component   244
  RMS grad  1.9542E-05 Target: 3.0000E-04 converged?  yes
Next calculation will be the dimer endpoint before rotation
dl-find/turbomole/=============================== Tstep:  111.1 Ttot:106521.0 ==
eandg
Spin: 
 Energy calculation finished, energy: -2.138692602E+03
Curvature at dimer midpoint                   -0.00223
Predicted dimer rotation angle:      6.518 deg
Next calculation will be the dimer endpoint after rotation
dl-find/turbomole/=============================== Tstep:  108.4 Ttot:106629.3 ==
eandg
Spin: 
 Energy calculation finished, energy: -2.138692603E+03
Curvature at dimer midpoint after rotation     0.00087
Curvature at dimer minimum                    -0.00223
Actual dimer rotation angle:         0.118 deg
Dimer rotation converged after    1 steps
Writing TS-mode
Curvature after dimer rotation:               -0.00223
Frequency of transition mode  -242.930 cm^-1 (negative value denotes imaginary frequency)
Crossover temperature for tunnelling       55.62827 K
Restarting L-BFGS optimiser, instance: dimer rotation
Next calculation will be the dimer  midpoint
dl-find/turbomole/=============================== Tstep:   88.9 Ttot:106718.2 ==
eandg
Spin: 
 Energy calculation finished, energy: -2.138692604E+03
Testing convergence of dimer midpoint in cycle  344
    Energy  1.4200E-06 Target: 1.0000E-06 converged?   no
  Max step  2.1096E-03 Target: 1.8000E-03 converged?   no component   196
  RMS step  4.9553E-04 Target: 1.2000E-03 converged?  yes
  Max grad  3.4455E-05 Target: 4.5000E-04 converged?  yes component   200
  RMS grad  1.2013E-05 Target: 3.0000E-04 converged?  yes
Next calculation will be the dimer endpoint before rotation
dl-find/turbomole/=============================== Tstep:  105.0 Ttot:106823.2 ==
eandg
Spin: 
 Energy calculation finished, energy: -2.138692603E+03
Curvature at dimer midpoint                   -0.00223
Predicted dimer rotation angle:      5.322 deg
Next calculation will be the dimer endpoint after rotation
dl-find/turbomole/=============================== Tstep:  107.5 Ttot:106930.7 ==
eandg
Spin: 
 Energy calculation finished, energy: -2.138692604E+03
Curvature at dimer midpoint after rotation    -0.00081
Curvature at dimer minimum                    -0.00223
Actual dimer rotation angle:         0.138 deg
Dimer rotation converged after    1 steps
Writing TS-mode
Curvature after dimer rotation:               -0.00223
Frequency of transition mode  -242.782 cm^-1 (negative value denotes imaginary frequency)
Crossover temperature for tunnelling       55.59428 K
Restarting L-BFGS optimiser, instance: dimer rotation
Next calculation will be the dimer  midpoint
dl-find/turbomole/=============================== Tstep:   74.3 Ttot:107005.0 ==
eandg
Spin: 
 Energy calculation finished, energy: -2.138692639E+03
Testing convergence of dimer midpoint in cycle  345
    Energy  3.5061E-05 Target: 1.0000E-06 converged?   no
  Max step  4.9297E-03 Target: 1.8000E-03 converged?   no component   208
  RMS step  1.1955E-03 Target: 1.2000E-03 converged?  yes
  Max grad  5.6526E-05 Target: 4.5000E-04 converged?  yes component   244
  RMS grad  1.5789E-05 Target: 3.0000E-04 converged?  yes
Next calculation will be the dimer endpoint before rotation
dl-find/turbomole/=============================== Tstep:  106.7 Ttot:107111.7 ==
eandg
Spin: 
 Energy calculation finished, energy: -2.138692641E+03
Curvature at dimer midpoint                   -0.00222
Predicted dimer rotation angle:      6.332 deg
Next calculation will be the dimer endpoint after rotation
dl-find/turbomole/=============================== Tstep:   99.5 Ttot:107211.2 ==
eandg
Spin: 
 Energy calculation finished, energy: -2.138692640E+03
Curvature at dimer midpoint after rotation     0.00064
Curvature at dimer minimum                    -0.00222
Actual dimer rotation angle:         0.117 deg
Dimer rotation converged after    1 steps
Writing TS-mode
Curvature after dimer rotation:               -0.00222
Frequency of transition mode  -242.399 cm^-1 (negative value denotes imaginary frequency)
Crossover temperature for tunnelling       55.50660 K
Restarting L-BFGS optimiser, instance: dimer rotation
Next calculation will be the dimer  midpoint
dl-find/turbomole/=============================== Tstep:   86.9 Ttot:107298.1 ==
eandg
Spin: 
 Energy calculation finished, energy: -2.138692643E+03
Testing convergence of dimer midpoint in cycle  346
    Energy  4.0100E-06 Target: 1.0000E-06 converged?   no
  Max step  3.6916E-03 Target: 1.8000E-03 converged?   no component   166
  RMS step  1.0320E-03 Target: 1.2000E-03 converged?  yes
  Max grad  8.7101E-05 Target: 4.5000E-04 converged?  yes component   244
  RMS grad  1.9338E-05 Target: 3.0000E-04 converged?  yes
Next calculation will be the dimer endpoint before rotation
dl-find/turbomole/=============================== Tstep:  112.7 Ttot:107410.8 ==
eandg
Spin: 
 Energy calculation finished, energy: -2.138692643E+03
Curvature at dimer midpoint                   -0.00224
Predicted dimer rotation angle:      5.183 deg
Next calculation will be the dimer endpoint after rotation
dl-find/turbomole/=============================== Tstep:  108.7 Ttot:107519.6 ==
eandg
Spin: 
 Energy calculation finished, energy: -2.138692643E+03
Curvature at dimer midpoint after rotation    -0.00080
Curvature at dimer minimum                    -0.00224
Actual dimer rotation angle:         0.126 deg
Dimer rotation converged after    1 steps
Writing TS-mode
Curvature after dimer rotation:               -0.00224
Frequency of transition mode  -243.513 cm^-1 (negative value denotes imaginary frequency)
Crossover temperature for tunnelling       55.76167 K
Restarting L-BFGS optimiser, instance: dimer rotation
Next calculation will be the dimer  midpoint
dl-find/turbomole/=============================== Tstep:   82.2 Ttot:107601.8 ==
eandg
Spin: 
 Energy calculation finished, energy: -2.138692646E+03
Testing convergence of dimer midpoint in cycle  347
    Energy  2.7660E-06 Target: 1.0000E-06 converged?   no
  Max step  1.1336E-02 Target: 1.8000E-03 converged?   no component    15
  RMS step  2.7674E-03 Target: 1.2000E-03 converged?   no
  Max grad  8.9207E-05 Target: 4.5000E-04 converged?  yes component    67
  RMS grad  2.0776E-05 Target: 3.0000E-04 converged?  yes
Next calculation will be the dimer endpoint before rotation
dl-find/turbomole/=============================== Tstep:  114.9 Ttot:107716.7 ==
eandg
Spin: 
 Energy calculation finished, energy: -2.138692643E+03
Curvature at dimer midpoint                   -0.00221
Predicted dimer rotation angle:      6.287 deg
Next calculation will be the dimer endpoint after rotation
dl-find/turbomole/=============================== Tstep:  106.6 Ttot:107823.2 ==
eandg
Spin: 
 Energy calculation finished, energy: -2.138692644E+03
Curvature at dimer midpoint after rotation     0.00036
Curvature at dimer minimum                    -0.00222
Actual dimer rotation angle:         0.127 deg
Dimer rotation converged after    1 steps
Writing TS-mode
Curvature after dimer rotation:               -0.00222
Frequency of transition mode  -241.935 cm^-1 (negative value denotes imaginary frequency)
Crossover temperature for tunnelling       55.40026 K
Restarting L-BFGS optimiser, instance: dimer rotation
Next calculation will be the dimer  midpoint
dl-find/turbomole/=============================== Tstep:   79.1 Ttot:107902.3 ==
eandg
Spin: 
 Energy calculation finished, energy: -2.138692642E+03
Testing convergence of dimer midpoint in cycle  348
    Energy  4.4610E-06 Target: 1.0000E-06 converged?   no
  Max step  1.3476E-02 Target: 1.8000E-03 converged?   no component    15
  RMS step  3.0608E-03 Target: 1.2000E-03 converged?   no
  Max grad  6.4848E-05 Target: 4.5000E-04 converged?  yes component   109
  RMS grad  1.6918E-05 Target: 3.0000E-04 converged?  yes
Next calculation will be the dimer endpoint before rotation
dl-find/turbomole/=============================== Tstep:  108.1 Ttot:108010.4 ==
eandg
Spin: 
 Energy calculation finished, energy: -2.138692641E+03
Curvature at dimer midpoint                   -0.00223
Predicted dimer rotation angle:      5.561 deg
Next calculation will be the dimer endpoint after rotation
dl-find/turbomole/=============================== Tstep:  106.8 Ttot:108117.2 ==
eandg
Spin: 
 Energy calculation finished, energy: -2.138692641E+03
Curvature at dimer midpoint after rotation    -0.00032
Curvature at dimer minimum                    -0.00223
Actual dimer rotation angle:         0.118 deg
Dimer rotation converged after    1 steps
Writing TS-mode
Curvature after dimer rotation:               -0.00223
Frequency of transition mode  -242.573 cm^-1 (negative value denotes imaginary frequency)
Crossover temperature for tunnelling       55.54633 K
Restarting L-BFGS optimiser, instance: dimer rotation
Next calculation will be the dimer  midpoint
dl-find/turbomole/=============================== Tstep:   77.8 Ttot:108194.9 ==
eandg
Spin: 
 Energy calculation finished, energy: -2.138692640E+03
Testing convergence of dimer midpoint in cycle  349
    Energy  1.7840E-06 Target: 1.0000E-06 converged?   no
  Max step  6.4188E-03 Target: 1.8000E-03 converged?   no component    15
  RMS step  1.3583E-03 Target: 1.2000E-03 converged?   no
  Max grad  8.2674E-05 Target: 4.5000E-04 converged?  yes component    52
  RMS grad  1.5466E-05 Target: 3.0000E-04 converged?  yes
Next calculation will be the dimer endpoint before rotation
dl-find/turbomole/=============================== Tstep:  111.0 Ttot:108305.9 ==
eandg
Spin: 
 Energy calculation finished, energy: -2.138692639E+03
Curvature at dimer midpoint                   -0.00223
Predicted dimer rotation angle:      5.335 deg
Next calculation will be the dimer endpoint after rotation
dl-find/turbomole/=============================== Tstep:  106.9 Ttot:108412.8 ==
eandg
Spin: 
 Energy calculation finished, energy: -2.138692641E+03
Curvature at dimer midpoint after rotation    -0.00047
Curvature at dimer minimum                    -0.00223
Actual dimer rotation angle:         0.113 deg
Dimer rotation converged after    1 steps
Writing TS-mode
Curvature after dimer rotation:               -0.00223
Frequency of transition mode  -242.931 cm^-1 (negative value denotes imaginary frequency)
Crossover temperature for tunnelling       55.62843 K
Restarting L-BFGS optimiser, instance: dimer rotation
Next calculation will be the dimer  midpoint
dl-find/turbomole/=============================== Tstep:   85.6 Ttot:108498.5 ==
eandg
Spin: 
 Energy calculation finished, energy: -2.138692644E+03
Testing convergence of dimer midpoint in cycle  350
    Energy  4.4370E-06 Target: 1.0000E-06 converged?   no
  Max step  1.0674E-02 Target: 1.8000E-03 converged?   no component    15
  RMS step  2.1669E-03 Target: 1.2000E-03 converged?   no
  Max grad  9.9556E-05 Target: 4.5000E-04 converged?  yes component   244
  RMS grad  2.0581E-05 Target: 3.0000E-04 converged?  yes
Next calculation will be the dimer endpoint before rotation
dl-find/turbomole/=============================== Tstep:  111.5 Ttot:108610.0 ==
eandg
Spin: 
 Energy calculation finished, energy: -2.138692643E+03
Curvature at dimer midpoint                   -0.00222
Predicted dimer rotation angle:      5.295 deg
Next calculation will be the dimer endpoint after rotation
dl-find/turbomole/=============================== Tstep:  106.9 Ttot:108716.8 ==
eandg
Spin: 
 Energy calculation finished, energy: -2.138692644E+03
Curvature at dimer midpoint after rotation    -0.00055
Curvature at dimer minimum                    -0.00222
Actual dimer rotation angle:         0.116 deg
Dimer rotation converged after    1 steps
Writing TS-mode
Curvature after dimer rotation:               -0.00222
Frequency of transition mode  -242.096 cm^-1 (negative value denotes imaginary frequency)
Crossover temperature for tunnelling       55.43717 K
Restarting L-BFGS optimiser, instance: dimer rotation
Next calculation will be the dimer  midpoint
dl-find/turbomole/=============================== Tstep:   86.1 Ttot:108803.0 ==
eandg
Spin: 
 Energy calculation finished, energy: -2.138692646E+03
Testing convergence of dimer midpoint in cycle  351
    Energy  1.4730E-06 Target: 1.0000E-06 converged?   no
  Max step  8.0300E-03 Target: 1.8000E-03 converged?   no component    15
  RMS step  1.6140E-03 Target: 1.2000E-03 converged?   no
  Max grad  8.7034E-05 Target: 4.5000E-04 converged?  yes component   135
  RMS grad  2.2927E-05 Target: 3.0000E-04 converged?  yes
Next calculation will be the dimer endpoint before rotation
dl-find/turbomole/=============================== Tstep:  105.7 Ttot:108908.7 ==
eandg
Spin: 
 Energy calculation finished, energy: -2.138692442E+03
Curvature at dimer midpoint                    0.00002
Predicted dimer rotation angle:     44.976 deg
Next calculation will be the dimer endpoint after rotation
dl-find/turbomole/=============================== Tstep:  119.5 Ttot:109028.2 ==
eandg
Spin: 
 Energy calculation finished, energy: -2.138692642E+03
Curvature at dimer midpoint after rotation     0.05170
Curvature at dimer minimum                    -0.00338
Actual dimer rotation angle:         8.490 deg
Predicted dimer rotation angle:     42.604 deg
Next calculation will be the dimer endpoint after rotation
dl-find/turbomole/=============================== Tstep:  118.2 Ttot:109146.3 ==
eandg
Spin: 
 Energy calculation finished, energy: -2.138692641E+03
Curvature at dimer midpoint after rotation     0.06464
Curvature at dimer minimum                    -0.00144
Actual dimer rotation angle:         3.461 deg
Predicted dimer rotation angle:     41.325 deg
Next calculation will be the dimer endpoint after rotation
dl-find/turbomole/=============================== Tstep:  102.6 Ttot:109248.9 ==
eandg
Spin: 
 Energy calculation finished, energy: -2.138692644E+03
Curvature at dimer midpoint after rotation     0.01907
Curvature at dimer minimum                    -0.00112
Actual dimer rotation angle:         5.105 deg
Predicted dimer rotation angle:     43.860 deg
Next calculation will be the dimer endpoint after rotation
dl-find/turbomole/=============================== Tstep:  101.9 Ttot:109350.8 ==
eandg
Spin: 
 Energy calculation finished, energy: -2.138692645E+03
Curvature at dimer midpoint after rotation     0.00920
Curvature at dimer minimum                    -0.00077
Actual dimer rotation angle:         8.264 deg
Predicted dimer rotation angle:     43.962 deg
Next calculation will be the dimer endpoint after rotation
dl-find/turbomole/=============================== Tstep:   97.0 Ttot:109447.8 ==
eandg
Spin: 
 Energy calculation finished, energy: -2.138692645E+03
Curvature at dimer midpoint after rotation     0.00726
Curvature at dimer minimum                    -0.00079
Actual dimer rotation angle:         9.274 deg
Predicted dimer rotation angle:     41.597 deg
Next calculation will be the dimer endpoint after rotation
dl-find/turbomole/=============================== Tstep:  100.0 Ttot:109547.8 ==
eandg
Spin: 
 Energy calculation finished, energy: -2.138692645E+03
Curvature at dimer midpoint after rotation     0.00625
Curvature at dimer minimum                    -0.00114
Actual dimer rotation angle:         9.201 deg
Predicted dimer rotation angle:     38.327 deg
Next calculation will be the dimer endpoint after rotation
dl-find/turbomole/=============================== Tstep:  100.2 Ttot:109648.0 ==
eandg
Spin: 
 Energy calculation finished, energy: -2.138692643E+03
Curvature at dimer midpoint after rotation     0.02231
Curvature at dimer minimum                    -0.00151
Actual dimer rotation angle:         3.837 deg
Predicted dimer rotation angle:     34.214 deg
Next calculation will be the dimer endpoint after rotation
dl-find/turbomole/=============================== Tstep:  106.0 Ttot:109753.9 ==
eandg
Spin: 
 Energy calculation finished, energy: -2.138692644E+03
Curvature at dimer midpoint after rotation     0.02006
Curvature at dimer minimum                    -0.00166
Actual dimer rotation angle:         2.704 deg
Predicted dimer rotation angle:     26.552 deg
Next calculation will be the dimer endpoint after rotation
dl-find/turbomole/=============================== Tstep:   97.9 Ttot:109851.8 ==
eandg
Spin: 
 Energy calculation finished, energy: -2.138692645E+03
Curvature at dimer midpoint after rotation     0.00546
Curvature at dimer minimum                    -0.00169
Actual dimer rotation angle:         2.766 deg
Predicted dimer rotation angle:     18.664 deg
Next calculation will be the dimer endpoint after rotation
dl-find/turbomole/=============================== Tstep:   97.9 Ttot:109949.7 ==
eandg
Spin: 
 Energy calculation finished, energy: -2.138692645E+03
Curvature at dimer midpoint after rotation     0.00015
Curvature at dimer minimum                    -0.00170
Actual dimer rotation angle:         2.872 deg
Predicted dimer rotation angle:     16.385 deg
Next calculation will be the dimer endpoint after rotation
dl-find/turbomole/=============================== Tstep:   98.2 Ttot:110048.0 ==
eandg
Spin: 
 Energy calculation finished, energy: -2.138692645E+03
Curvature at dimer midpoint after rotation     0.00013
Curvature at dimer minimum                    -0.00166
Actual dimer rotation angle:         2.055 deg
Predicted dimer rotation angle:     17.302 deg
Next calculation will be the dimer endpoint after rotation
dl-find/turbomole/=============================== Tstep:   83.7 Ttot:110131.7 ==
eandg
Spin: 
 Energy calculation finished, energy: -2.138692645E+03
Curvature at dimer midpoint after rotation    -0.00038
Curvature at dimer minimum                    -0.00168
Actual dimer rotation angle:         3.010 deg
Predicted dimer rotation angle:     12.282 deg
Next calculation will be the dimer endpoint after rotation
dl-find/turbomole/=============================== Tstep:   89.8 Ttot:110221.5 ==
eandg
Spin: 
 Energy calculation finished, energy: -2.138692645E+03
Curvature at dimer midpoint after rotation    -0.00130
Curvature at dimer minimum                    -0.00170
Actual dimer rotation angle:         2.885 deg
Predicted dimer rotation angle:      9.924 deg
Next calculation will be the dimer endpoint after rotation
dl-find/turbomole/=============================== Tstep:   96.4 Ttot:110317.9 ==
eandg
Spin: 
 Energy calculation finished, energy: -2.138692645E+03
Curvature at dimer midpoint after rotation    -0.00166
Curvature at dimer minimum                    -0.00171
Actual dimer rotation angle:         4.995 deg
Predicted dimer rotation angle:      9.492 deg
Next calculation will be the dimer endpoint after rotation
dl-find/turbomole/=============================== Tstep:   76.1 Ttot:110394.0 ==
eandg
Spin: 
 Energy calculation finished, energy: -2.138692645E+03
Curvature at dimer midpoint after rotation    -0.00176
Curvature at dimer minimum                    -0.00176
Actual dimer rotation angle:         7.939 deg
Predicted dimer rotation angle:     13.596 deg
Next calculation will be the dimer endpoint after rotation
dl-find/turbomole/=============================== Tstep:   72.1 Ttot:110466.1 ==
eandg
Spin: 
 Energy calculation finished, energy: -2.138692645E+03
Curvature at dimer midpoint after rotation    -0.00152
Curvature at dimer minimum                    -0.00183
Actual dimer rotation angle:         4.330 deg
Predicted dimer rotation angle:     22.478 deg
Next calculation will be the dimer endpoint after rotation
dl-find/turbomole/=============================== Tstep:   85.0 Ttot:110551.1 ==
eandg
Spin: 
 Energy calculation finished, energy: -2.138692442E+03
Curvature at dimer midpoint after rotation     0.00208
Curvature at dimer minimum                    -0.00193
Actual dimer rotation angle:         2.934 deg
Predicted dimer rotation angle:     20.844 deg
Next calculation will be the dimer endpoint after rotation
dl-find/turbomole/=============================== Tstep:  113.8 Ttot:110664.9 ==
eandg
Spin: 
 Energy calculation finished, energy: -2.138692645E+03
Curvature at dimer midpoint after rotation     0.00001
Curvature at dimer minimum                    -0.00204
Actual dimer rotation angle:         4.022 deg
Predicted dimer rotation angle:     15.847 deg
Next calculation will be the dimer endpoint after rotation
dl-find/turbomole/=============================== Tstep:  114.2 Ttot:110779.1 ==
eandg
Spin: 
 Energy calculation finished, energy: -2.138692645E+03
Curvature at dimer midpoint after rotation     0.00080
Curvature at dimer minimum                    -0.00205
Actual dimer rotation angle:         1.531 deg
Dimer rotation converged after   19 steps
Writing TS-mode
Curvature after dimer rotation:               -0.00205
Frequency of transition mode  -232.954 cm^-1 (negative value denotes imaginary frequency)
Crossover temperature for tunnelling       53.34371 K
Restarting L-BFGS optimiser, instance: dimer rotation
Next calculation will be the dimer  midpoint
dl-find/turbomole/=============================== Tstep:   94.1 Ttot:110873.2 ==
eandg
Spin: 
 Energy calculation finished, energy: -2.138692446E+03
Testing convergence of dimer midpoint in cycle  352
    Energy  2.0001E-04 Target: 1.0000E-06 converged?   no
  Max step  1.0284E-02 Target: 1.8000E-03 converged?   no component   208
  RMS step  1.7226E-03 Target: 1.2000E-03 converged?   no
  Max grad  1.1887E-04 Target: 4.5000E-04 converged?  yes component   221
  RMS grad  2.3740E-05 Target: 3.0000E-04 converged?  yes
Next calculation will be the dimer endpoint before rotation
dl-find/turbomole/=============================== Tstep:  120.4 Ttot:110993.6 ==
eandg
Spin: 
 Energy calculation finished, energy: -2.138692648E+03
Curvature at dimer midpoint                   -0.00215
Predicted dimer rotation angle:     42.525 deg
Next calculation will be the dimer endpoint after rotation
dl-find/turbomole/=============================== Tstep:  123.2 Ttot:111116.8 ==
eandg
Spin: 
 Energy calculation finished, energy: -2.138692443E+03
Curvature at dimer midpoint after rotation     0.04539
Curvature at dimer minimum                    -0.00595
Actual dimer rotation angle:         8.709 deg
Predicted dimer rotation angle:     37.049 deg
Next calculation will be the dimer endpoint after rotation
dl-find/turbomole/=============================== Tstep:  114.5 Ttot:111231.4 ==
eandg
Spin: 
 Energy calculation finished, energy: -2.138692441E+03
Curvature at dimer midpoint after rotation     0.04876
Curvature at dimer minimum                    -0.00381
Actual dimer rotation angle:         3.625 deg
Predicted dimer rotation angle:     31.160 deg
Next calculation will be the dimer endpoint after rotation
dl-find/turbomole/=============================== Tstep:  101.0 Ttot:111332.3 ==
eandg
Spin: 
 Energy calculation finished, energy: -2.138692444E+03
Curvature at dimer midpoint after rotation     0.01237
Curvature at dimer minimum                    -0.00322
Actual dimer rotation angle:         4.118 deg
Predicted dimer rotation angle:     31.646 deg
Next calculation will be the dimer endpoint after rotation
dl-find/turbomole/=============================== Tstep:   98.5 Ttot:111430.8 ==
eandg
Spin: 
 Energy calculation finished, energy: -2.138692445E+03
Curvature at dimer midpoint after rotation     0.00486
Curvature at dimer minimum                    -0.00274
Actual dimer rotation angle:         6.247 deg
Predicted dimer rotation angle:     32.055 deg
Next calculation will be the dimer endpoint after rotation
dl-find/turbomole/=============================== Tstep:   90.8 Ttot:111521.7 ==
eandg
Spin: 
 Energy calculation finished, energy: -2.138692445E+03
Curvature at dimer midpoint after rotation     0.00389
Curvature at dimer minimum                    -0.00243
Actual dimer rotation angle:         6.738 deg
Predicted dimer rotation angle:     30.866 deg
Next calculation will be the dimer endpoint after rotation
dl-find/turbomole/=============================== Tstep:   95.4 Ttot:111617.1 ==
eandg
Spin: 
 Energy calculation finished, energy: -2.138692445E+03
Curvature at dimer midpoint after rotation     0.00160
Curvature at dimer minimum                    -0.00244
Actual dimer rotation angle:         7.895 deg
Predicted dimer rotation angle:     30.211 deg
Next calculation will be the dimer endpoint after rotation
dl-find/turbomole/=============================== Tstep:   86.9 Ttot:111704.0 ==
eandg
Spin: 
 Energy calculation finished, energy: -2.138692445E+03
Curvature at dimer midpoint after rotation     0.00541
Curvature at dimer minimum                    -0.00251
Actual dimer rotation angle:         5.035 deg
Predicted dimer rotation angle:     29.415 deg
Next calculation will be the dimer endpoint after rotation
dl-find/turbomole/=============================== Tstep:  101.2 Ttot:111805.2 ==
eandg
Spin: 
 Energy calculation finished, energy: -2.138692444E+03
Curvature at dimer midpoint after rotation     0.01241
Curvature at dimer minimum                    -0.00263
Actual dimer rotation angle:         3.016 deg
Predicted dimer rotation angle:     19.333 deg
Next calculation will be the dimer endpoint after rotation
dl-find/turbomole/=============================== Tstep:   95.0 Ttot:111900.2 ==
eandg
Spin: 
 Energy calculation finished, energy: -2.138692445E+03
Curvature at dimer midpoint after rotation     0.00290
Curvature at dimer minimum                    -0.00265
Actual dimer rotation angle:         1.910 deg
Dimer rotation converged after    9 steps
Writing TS-mode
Curvature after dimer rotation:               -0.00265
Frequency of transition mode  -264.454 cm^-1 (negative value denotes imaginary frequency)
Crossover temperature for tunnelling       60.55694 K
Restarting L-BFGS optimiser, instance: dimer rotation
Next calculation will be the dimer  midpoint
dl-find/turbomole/=============================== Tstep:  100.9 Ttot:112001.0 ==
eandg
Spin: 
 Energy calculation finished, energy: -2.138692441E+03
Testing convergence of dimer midpoint in cycle  353
    Energy  4.3510E-06 Target: 1.0000E-06 converged?   no
  Max step  3.8187E-02 Target: 1.8000E-03 converged?   no component   208
  RMS step  6.1813E-03 Target: 1.2000E-03 converged?   no
  Max grad  2.4877E-04 Target: 4.5000E-04 converged?  yes component   253
  RMS grad  4.3744E-05 Target: 3.0000E-04 converged?  yes
Next calculation will be the dimer endpoint before rotation
dl-find/turbomole/=============================== Tstep:  114.0 Ttot:112115.0 ==
eandg
Spin: 
 Energy calculation finished, energy: -2.138692441E+03
Curvature at dimer midpoint                   -0.00162
Predicted dimer rotation angle:     37.827 deg
Next calculation will be the dimer endpoint after rotation
dl-find/turbomole/=============================== Tstep:  104.7 Ttot:112219.8 ==
eandg
Spin: 
 Energy calculation finished, energy: -2.138692640E+03
Curvature at dimer midpoint after rotation     0.04387
Curvature at dimer minimum                    -0.00191
Actual dimer rotation angle:         2.633 deg
Predicted dimer rotation angle:     25.938 deg
Next calculation will be the dimer endpoint after rotation
dl-find/turbomole/=============================== Tstep:  103.0 Ttot:112322.8 ==
eandg
Spin: 
 Energy calculation finished, energy: -2.138692439E+03
Curvature at dimer midpoint after rotation     0.03690
Curvature at dimer minimum                    -0.00226
Actual dimer rotation angle:         0.752 deg
Dimer rotation converged after    2 steps
Writing TS-mode
Curvature after dimer rotation:               -0.00226
Frequency of transition mode  -244.635 cm^-1 (negative value denotes imaginary frequency)
Crossover temperature for tunnelling       56.01862 K
Restarting L-BFGS optimiser, instance: dimer rotation
Next calculation will be the dimer  midpoint
dl-find/turbomole/=============================== Tstep:  113.7 Ttot:112436.5 ==
eandg
Spin: 
 Energy calculation finished, energy: -2.138692446E+03
Testing convergence of dimer midpoint in cycle  354
    Energy  4.2440E-06 Target: 1.0000E-06 converged?   no
  Max step  1.9512E-02 Target: 1.8000E-03 converged?   no component   208
  RMS step  3.5915E-03 Target: 1.2000E-03 converged?   no
  Max grad  1.3812E-04 Target: 4.5000E-04 converged?  yes component    50
  RMS grad  2.8621E-05 Target: 3.0000E-04 converged?  yes
Next calculation will be the dimer endpoint before rotation
dl-find/turbomole/=============================== Tstep:  117.5 Ttot:112553.9 ==
eandg
Spin: 
 Energy calculation finished, energy: -2.138692445E+03
Curvature at dimer midpoint                   -0.00187
Predicted dimer rotation angle:     27.079 deg
Next calculation will be the dimer endpoint after rotation
dl-find/turbomole/=============================== Tstep:   89.8 Ttot:112643.8 ==
eandg
Spin: 
 Energy calculation finished, energy: -2.138692444E+03
Curvature at dimer midpoint after rotation     0.02701
Curvature at dimer minimum                    -0.00192
Actual dimer rotation angle:         0.992 deg
Dimer rotation converged after    1 steps
Writing TS-mode
Curvature after dimer rotation:               -0.00192
Frequency of transition mode  -224.981 cm^-1 (negative value denotes imaginary frequency)
Crossover temperature for tunnelling       51.51815 K
Restarting L-BFGS optimiser, instance: dimer rotation
Next calculation will be the dimer  midpoint
dl-find/turbomole/=============================== Tstep:   94.9 Ttot:112738.6 ==
eandg
Spin: 
 Energy calculation finished, energy: -2.138692445E+03
Testing convergence of dimer midpoint in cycle  355
    Energy  5.7500E-07 Target: 1.0000E-06 converged?  yes
  Max step  7.6707E-03 Target: 1.8000E-03 converged?   no component   208
  RMS step  1.7823E-03 Target: 1.2000E-03 converged?   no
  Max grad  2.2578E-04 Target: 4.5000E-04 converged?  yes component    50
  RMS grad  3.6312E-05 Target: 3.0000E-04 converged?  yes
Next calculation will be the dimer endpoint before rotation
dl-find/turbomole/=============================== Tstep:  108.1 Ttot:112846.7 ==
eandg
Spin: 
 Energy calculation finished, energy: -2.138692445E+03
Curvature at dimer midpoint                   -0.00190
Predicted dimer rotation angle:     28.406 deg
Next calculation will be the dimer endpoint after rotation
dl-find/turbomole/=============================== Tstep:   90.8 Ttot:112937.5 ==
eandg
Spin: 
 Energy calculation finished, energy: -2.138692443E+03
Curvature at dimer midpoint after rotation     0.05466
Curvature at dimer minimum                    -0.00193
Actual dimer rotation angle:         0.638 deg
Dimer rotation converged after    1 steps
Writing TS-mode
Curvature after dimer rotation:               -0.00193
Frequency of transition mode  -225.825 cm^-1 (negative value denotes imaginary frequency)
Crossover temperature for tunnelling       51.71128 K
Restarting L-BFGS optimiser, instance: dimer rotation
Next calculation will be the dimer  midpoint
dl-find/turbomole/=============================== Tstep:   98.3 Ttot:113035.8 ==
eandg
Spin: 
 Energy calculation finished, energy: -2.138692445E+03
Testing convergence of dimer midpoint in cycle  356
    Energy  3.4000E-08 Target: 1.0000E-06 converged?  yes
  Max step  2.6951E-03 Target: 1.8000E-03 converged?   no component   208
  RMS step  6.7394E-04 Target: 1.2000E-03 converged?  yes
  Max grad  4.2969E-05 Target: 4.5000E-04 converged?  yes component   123
  RMS grad  1.0829E-05 Target: 3.0000E-04 converged?  yes
Next calculation will be the dimer endpoint before rotation
dl-find/turbomole/=============================== Tstep:  100.9 Ttot:113136.8 ==
eandg
Spin: 
 Energy calculation finished, energy: -2.138692445E+03
Curvature at dimer midpoint                   -0.00194
Predicted dimer rotation angle:     22.612 deg
Next calculation will be the dimer endpoint after rotation
dl-find/turbomole/=============================== Tstep:   90.7 Ttot:113227.4 ==
eandg
Spin: 
 Energy calculation finished, energy: -2.138692447E+03
Curvature at dimer midpoint after rotation     0.01853
Curvature at dimer minimum                    -0.00197
Actual dimer rotation angle:         0.759 deg
Dimer rotation converged after    1 steps
Writing TS-mode
Curvature after dimer rotation:               -0.00197
Frequency of transition mode  -228.153 cm^-1 (negative value denotes imaginary frequency)
Crossover temperature for tunnelling       52.24447 K
Restarting L-BFGS optimiser, instance: dimer rotation
Next calculation will be the dimer  midpoint
dl-find/turbomole/=============================== Tstep:   97.4 Ttot:113324.9 ==
eandg
Spin: 
 Energy calculation finished, energy: -2.138692448E+03
Testing convergence of dimer midpoint in cycle  357
    Energy  3.0550E-06 Target: 1.0000E-06 converged?   no
  Max step  4.4234E-03 Target: 1.8000E-03 converged?   no component    15
  RMS step  1.0856E-03 Target: 1.2000E-03 converged?  yes
  Max grad  3.6583E-05 Target: 4.5000E-04 converged?  yes component   230
  RMS grad  1.0521E-05 Target: 3.0000E-04 converged?  yes
Next calculation will be the dimer endpoint before rotation
dl-find/turbomole/=============================== Tstep:  102.6 Ttot:113427.5 ==
eandg
Spin: 
 Energy calculation finished, energy: -2.138692448E+03
Curvature at dimer midpoint                   -0.00197
Predicted dimer rotation angle:     25.166 deg
Next calculation will be the dimer endpoint after rotation
dl-find/turbomole/=============================== Tstep:   90.2 Ttot:113517.7 ==
eandg
Spin: 
 Energy calculation finished, energy: -2.138692446E+03
Curvature at dimer midpoint after rotation     0.04326
Curvature at dimer minimum                    -0.00200
Actual dimer rotation angle:         0.524 deg
Dimer rotation converged after    1 steps
Writing TS-mode
Curvature after dimer rotation:               -0.00200
Frequency of transition mode  -229.668 cm^-1 (negative value denotes imaginary frequency)
Crossover temperature for tunnelling       52.59131 K
Restarting L-BFGS optimiser, instance: dimer rotation
Next calculation will be the dimer  midpoint
dl-find/turbomole/=============================== Tstep:   98.6 Ttot:113616.3 ==
eandg
Spin: 
 Energy calculation finished, energy: -2.138692448E+03
Testing convergence of dimer midpoint in cycle  358
    Energy  3.4400E-07 Target: 1.0000E-06 converged?  yes
  Max step  4.6323E-03 Target: 1.8000E-03 converged?   no component   208
  RMS step  1.1543E-03 Target: 1.2000E-03 converged?  yes
  Max grad  9.5514E-05 Target: 4.5000E-04 converged?  yes component    50
  RMS grad  2.0311E-05 Target: 3.0000E-04 converged?  yes
Next calculation will be the dimer endpoint before rotation
dl-find/turbomole/=============================== Tstep:   97.9 Ttot:113714.2 ==
eandg
Spin: 
 Energy calculation finished, energy: -2.138692456E+03
Curvature at dimer midpoint                   -0.00205
Predicted dimer rotation angle:     21.003 deg
Next calculation will be the dimer endpoint after rotation
dl-find/turbomole/=============================== Tstep:  107.2 Ttot:113821.4 ==
eandg
Spin: 
 Energy calculation finished, energy: -2.138692447E+03
Curvature at dimer midpoint after rotation     0.01622
Curvature at dimer minimum                    -0.00207
Actual dimer rotation angle:         0.696 deg
Dimer rotation converged after    1 steps
Writing TS-mode
Curvature after dimer rotation:               -0.00207
Frequency of transition mode  -233.864 cm^-1 (negative value denotes imaginary frequency)
Crossover temperature for tunnelling       53.55225 K
Restarting L-BFGS optimiser, instance: dimer rotation
Next calculation will be the dimer  midpoint
dl-find/turbomole/=============================== Tstep:   92.6 Ttot:113914.0 ==
eandg
Spin: 
 Energy calculation finished, energy: -2.138692454E+03
Testing convergence of dimer midpoint in cycle  359
    Energy  6.7080E-06 Target: 1.0000E-06 converged?   no
  Max step  9.4436E-03 Target: 1.8000E-03 converged?   no component    15
  RMS step  1.9894E-03 Target: 1.2000E-03 converged?   no
  Max grad  9.9851E-05 Target: 4.5000E-04 converged?  yes component   253
  RMS grad  2.1040E-05 Target: 3.0000E-04 converged?  yes
Next calculation will be the dimer endpoint before rotation
dl-find/turbomole/=============================== Tstep:   97.6 Ttot:114011.6 ==
eandg
Spin: 
 Energy calculation finished, energy: -2.138692454E+03
Curvature at dimer midpoint                   -0.00208
Predicted dimer rotation angle:     23.721 deg
Next calculation will be the dimer endpoint after rotation
dl-find/turbomole/=============================== Tstep:   99.2 Ttot:114110.8 ==
eandg
Spin: 
 Energy calculation finished, energy: -2.138692452E+03
Curvature at dimer midpoint after rotation     0.03988
Curvature at dimer minimum                    -0.00209
Actual dimer rotation angle:         0.480 deg
Dimer rotation converged after    1 steps
Writing TS-mode
Curvature after dimer rotation:               -0.00209
Frequency of transition mode  -235.250 cm^-1 (negative value denotes imaginary frequency)
Crossover temperature for tunnelling       53.86944 K
Restarting L-BFGS optimiser, instance: dimer rotation
Next calculation will be the dimer  midpoint
dl-find/turbomole/=============================== Tstep:   89.6 Ttot:114200.4 ==
eandg
Spin: 
 Energy calculation finished, energy: -2.138692451E+03
Testing convergence of dimer midpoint in cycle  360
    Energy  3.2460E-06 Target: 1.0000E-06 converged?   no
  Max step  1.6105E-02 Target: 1.8000E-03 converged?   no component    15
  RMS step  3.4507E-03 Target: 1.2000E-03 converged?   no
  Max grad  1.2400E-04 Target: 4.5000E-04 converged?  yes component   135
  RMS grad  2.6437E-05 Target: 3.0000E-04 converged?  yes
Next calculation will be the dimer endpoint before rotation
dl-find/turbomole/=============================== Tstep:  112.2 Ttot:114312.6 ==
eandg
Spin: 
 Energy calculation finished, energy: -2.138692451E+03
Curvature at dimer midpoint                   -0.00213
Predicted dimer rotation angle:     17.361 deg
Next calculation will be the dimer endpoint after rotation
dl-find/turbomole/=============================== Tstep:  100.0 Ttot:114412.6 ==
eandg
Spin: 
 Energy calculation finished, energy: -2.138692451E+03
Curvature at dimer midpoint after rotation     0.01014
Curvature at dimer minimum                    -0.00215
Actual dimer rotation angle:         0.575 deg
Dimer rotation converged after    1 steps
Writing TS-mode
Curvature after dimer rotation:               -0.00215
Frequency of transition mode  -238.289 cm^-1 (negative value denotes imaginary frequency)
Crossover temperature for tunnelling       54.56549 K
Restarting L-BFGS optimiser, instance: dimer rotation
Next calculation will be the dimer  midpoint
dl-find/turbomole/=============================== Tstep:   91.0 Ttot:114503.6 ==
eandg
Spin: 
 Energy calculation finished, energy: -2.138692452E+03
Testing convergence of dimer midpoint in cycle  361
    Energy  1.1200E-06 Target: 1.0000E-06 converged?   no
  Max step  1.1924E-03 Target: 1.8000E-03 converged?  yes component   102
  RMS step  3.4179E-04 Target: 1.2000E-03 converged?  yes
  Max grad  5.0178E-05 Target: 4.5000E-04 converged?  yes component    93
  RMS grad  1.3550E-05 Target: 3.0000E-04 converged?  yes
Next calculation will be the dimer endpoint before rotation
dl-find/turbomole/=============================== Tstep:   87.7 Ttot:114591.3 ==
eandg
Spin: 
 Energy calculation finished, energy: -2.138692452E+03
Curvature at dimer midpoint                   -0.00195
Predicted dimer rotation angle:     21.789 deg
Next calculation will be the dimer endpoint after rotation
dl-find/turbomole/=============================== Tstep:   90.3 Ttot:114681.6 ==
eandg
Spin: 
 Energy calculation finished, energy: -2.138692450E+03
Curvature at dimer midpoint after rotation     0.03245
Curvature at dimer minimum                    -0.00197
Actual dimer rotation angle:         0.411 deg
Dimer rotation converged after    1 steps
Writing TS-mode
Curvature after dimer rotation:               -0.00197
Frequency of transition mode  -228.046 cm^-1 (negative value denotes imaginary frequency)
Crossover temperature for tunnelling       52.21988 K
Restarting L-BFGS optimiser, instance: dimer rotation
Next calculation will be the dimer  midpoint
dl-find/turbomole/=============================== Tstep:   97.0 Ttot:114778.7 ==
eandg
Spin: 
 Energy calculation finished, energy: -2.138692454E+03
Testing convergence of dimer midpoint in cycle  362
    Energy  1.3240E-06 Target: 1.0000E-06 converged?   no
  Max step  2.9771E-03 Target: 1.8000E-03 converged?   no component   196
  RMS step  7.4714E-04 Target: 1.2000E-03 converged?  yes
  Max grad  6.7880E-05 Target: 4.5000E-04 converged?  yes component   135
  RMS grad  1.3858E-05 Target: 3.0000E-04 converged?  yes
Next calculation will be the dimer endpoint before rotation
dl-find/turbomole/=============================== Tstep:   80.6 Ttot:114859.2 ==
eandg
Spin: 
 Energy calculation finished, energy: -2.138692455E+03
Curvature at dimer midpoint                   -0.00182
Predicted dimer rotation angle:     18.542 deg
Next calculation will be the dimer endpoint after rotation
dl-find/turbomole/=============================== Tstep:  103.3 Ttot:114962.5 ==
eandg
Spin: 
 Energy calculation finished, energy: -2.138692453E+03
Curvature at dimer midpoint after rotation     0.01125
Curvature at dimer minimum                    -0.00183
Actual dimer rotation angle:         0.573 deg
Dimer rotation converged after    1 steps
Writing TS-mode
Curvature after dimer rotation:               -0.00183
Frequency of transition mode  -219.945 cm^-1 (negative value denotes imaginary frequency)
Crossover temperature for tunnelling       50.36478 K
Restarting L-BFGS optimiser, instance: dimer rotation
Next calculation will be the dimer  midpoint
dl-find/turbomole/=============================== Tstep:   83.5 Ttot:115046.0 ==
eandg
Spin: 
 Energy calculation finished, energy: -2.138692451E+03
Testing convergence of dimer midpoint in cycle  363
    Energy  2.7120E-06 Target: 1.0000E-06 converged?   no
  Max step  2.4808E-03 Target: 1.8000E-03 converged?   no component    96
  RMS step  5.3375E-04 Target: 1.2000E-03 converged?  yes
  Max grad  7.6905E-05 Target: 4.5000E-04 converged?  yes component   135
  RMS grad  1.4220E-05 Target: 3.0000E-04 converged?  yes
Next calculation will be the dimer endpoint before rotation
dl-find/turbomole/=============================== Tstep:  109.1 Ttot:115155.2 ==
eandg
Spin: 
 Energy calculation finished, energy: -2.138692451E+03
Curvature at dimer midpoint                   -0.00217
Predicted dimer rotation angle:     19.551 deg
Next calculation will be the dimer endpoint after rotation
dl-find/turbomole/=============================== Tstep:   99.7 Ttot:115254.9 ==
eandg
Spin: 
 Energy calculation finished, energy: -2.138692450E+03
Curvature at dimer midpoint after rotation     0.02775
Curvature at dimer minimum                    -0.00218
Actual dimer rotation angle:         0.364 deg
Dimer rotation converged after    1 steps
Writing TS-mode
Curvature after dimer rotation:               -0.00218
Frequency of transition mode  -239.864 cm^-1 (negative value denotes imaginary frequency)
Crossover temperature for tunnelling       54.92615 K
Restarting L-BFGS optimiser, instance: dimer rotation
Next calculation will be the dimer  midpoint
dl-find/turbomole/=============================== Tstep:   96.6 Ttot:115351.5 ==
eandg
Spin: 
 Energy calculation finished, energy: -2.138692446E+03
Testing convergence of dimer midpoint in cycle  364
    Energy  4.6020E-06 Target: 1.0000E-06 converged?   no
  Max step  8.1023E-03 Target: 1.8000E-03 converged?   no component    15
  RMS step  2.1866E-03 Target: 1.2000E-03 converged?   no
  Max grad  2.5288E-04 Target: 4.5000E-04 converged?  yes component    45
  RMS grad  3.3299E-05 Target: 3.0000E-04 converged?  yes
Next calculation will be the dimer endpoint before rotation
dl-find/turbomole/=============================== Tstep:  111.4 Ttot:115462.9 ==
eandg
Spin: 
 Energy calculation finished, energy: -2.138692448E+03
Curvature at dimer midpoint                   -0.00218
Predicted dimer rotation angle:     14.065 deg
Next calculation will be the dimer endpoint after rotation
dl-find/turbomole/=============================== Tstep:   99.7 Ttot:115562.6 ==
eandg
Spin: 
 Energy calculation finished, energy: -2.138692446E+03
Curvature at dimer midpoint after rotation     0.00542
Curvature at dimer minimum                    -0.00219
Actual dimer rotation angle:         0.484 deg
Dimer rotation converged after    1 steps
Writing TS-mode
Curvature after dimer rotation:               -0.00219
Frequency of transition mode  -240.591 cm^-1 (negative value denotes imaginary frequency)
Crossover temperature for tunnelling       55.09254 K
Restarting L-BFGS optimiser, instance: dimer rotation
Next calculation will be the dimer  midpoint
dl-find/turbomole/=============================== Tstep:   87.1 Ttot:115649.7 ==
eandg
Spin: 
 Energy calculation finished, energy: -2.138692446E+03
Testing convergence of dimer midpoint in cycle  365
    Energy  5.7600E-07 Target: 1.0000E-06 converged?  yes
  Max step  4.7905E-03 Target: 1.8000E-03 converged?   no component    15
  RMS step  1.3110E-03 Target: 1.2000E-03 converged?   no
  Max grad  6.0629E-05 Target: 4.5000E-04 converged?  yes component   219
  RMS grad  1.2434E-05 Target: 3.0000E-04 converged?  yes
Next calculation will be the dimer endpoint before rotation
dl-find/turbomole/=============================== Tstep:  104.0 Ttot:115753.7 ==
eandg
Spin: 
 Energy calculation finished, energy: -2.138692446E+03
Curvature at dimer midpoint                   -0.00220
Predicted dimer rotation angle:     17.710 deg
Next calculation will be the dimer endpoint after rotation
dl-find/turbomole/=============================== Tstep:  100.1 Ttot:115853.9 ==
eandg
Spin: 
 Energy calculation finished, energy: -2.138692445E+03
Curvature at dimer midpoint after rotation     0.02251
Curvature at dimer minimum                    -0.00221
Actual dimer rotation angle:         0.324 deg
Dimer rotation converged after    1 steps
Writing TS-mode
Curvature after dimer rotation:               -0.00221
Frequency of transition mode  -241.806 cm^-1 (negative value denotes imaginary frequency)
Crossover temperature for tunnelling       55.37071 K
Restarting L-BFGS optimiser, instance: dimer rotation
Next calculation will be the dimer  midpoint
dl-find/turbomole/=============================== Tstep:   96.4 Ttot:115950.2 ==
eandg
Spin: 
 Energy calculation finished, energy: -2.138692445E+03
Testing convergence of dimer midpoint in cycle  366
    Energy  9.8500E-07 Target: 1.0000E-06 converged?  yes
  Max step  2.9325E-03 Target: 1.8000E-03 converged?   no component   230
  RMS step  7.0683E-04 Target: 1.2000E-03 converged?  yes
  Max grad  4.8745E-05 Target: 4.5000E-04 converged?  yes component   218
  RMS grad  1.0736E-05 Target: 3.0000E-04 converged?  yes
Next calculation will be the dimer endpoint before rotation
dl-find/turbomole/=============================== Tstep:  105.9 Ttot:116056.1 ==
eandg
Spin: 
 Energy calculation finished, energy: -2.138692445E+03
Curvature at dimer midpoint                   -0.00222
Predicted dimer rotation angle:     12.750 deg
Next calculation will be the dimer endpoint after rotation
dl-find/turbomole/=============================== Tstep:  101.0 Ttot:116157.1 ==
eandg
Spin: 
 Energy calculation finished, energy: -2.138692445E+03
Curvature at dimer midpoint after rotation     0.00417
Curvature at dimer minimum                    -0.00223
Actual dimer rotation angle:         0.431 deg
Dimer rotation converged after    1 steps
Writing TS-mode
Curvature after dimer rotation:               -0.00223
Frequency of transition mode  -242.647 cm^-1 (negative value denotes imaginary frequency)
Crossover temperature for tunnelling       55.56328 K
Restarting L-BFGS optimiser, instance: dimer rotation
Next calculation will be the dimer  midpoint
dl-find/turbomole/=============================== Tstep:   80.9 Ttot:116238.0 ==
eandg
Spin: 
 Energy calculation finished, energy: -2.138692639E+03
Testing convergence of dimer midpoint in cycle  367
    Energy  1.9421E-04 Target: 1.0000E-06 converged?   no
  Max step  5.5105E-03 Target: 1.8000E-03 converged?   no component   230
  RMS step  1.2068E-03 Target: 1.2000E-03 converged?   no
  Max grad  1.2901E-04 Target: 4.5000E-04 converged?  yes component   221
  RMS grad  2.0881E-05 Target: 3.0000E-04 converged?  yes
Next calculation will be the dimer endpoint before rotation
dl-find/turbomole/=============================== Tstep:  120.0 Ttot:116358.0 ==
eandg
Spin: 
 Energy calculation finished, energy: -2.138692640E+03
Curvature at dimer midpoint                   -0.00224
Predicted dimer rotation angle:     16.201 deg
Next calculation will be the dimer endpoint after rotation
dl-find/turbomole/=============================== Tstep:   97.7 Ttot:116455.7 ==
eandg
Spin: 
 Energy calculation finished, energy: -2.138692639E+03
Curvature at dimer midpoint after rotation     0.01864
Curvature at dimer minimum                    -0.00225
Actual dimer rotation angle:         0.293 deg
Dimer rotation converged after    1 steps
Writing TS-mode
Curvature after dimer rotation:               -0.00225
Frequency of transition mode  -243.808 cm^-1 (negative value denotes imaginary frequency)
Crossover temperature for tunnelling       55.82929 K
Restarting L-BFGS optimiser, instance: dimer rotation
Next calculation will be the dimer  midpoint
dl-find/turbomole/=============================== Tstep:   94.0 Ttot:116549.8 ==
eandg
Spin: 
 Energy calculation finished, energy: -2.138692638E+03
Testing convergence of dimer midpoint in cycle  368
    Energy  6.1200E-07 Target: 1.0000E-06 converged?  yes
  Max step  6.2908E-03 Target: 1.8000E-03 converged?   no component   208
  RMS step  1.3722E-03 Target: 1.2000E-03 converged?   no
  Max grad  1.0190E-04 Target: 4.5000E-04 converged?  yes component    45
  RMS grad  2.0412E-05 Target: 3.0000E-04 converged?  yes
Next calculation will be the dimer endpoint before rotation
dl-find/turbomole/=============================== Tstep:  107.4 Ttot:116657.2 ==
eandg
Spin: 
 Energy calculation finished, energy: -2.138692639E+03
Curvature at dimer midpoint                   -0.00223
Predicted dimer rotation angle:     11.766 deg
Next calculation will be the dimer endpoint after rotation
dl-find/turbomole/=============================== Tstep:   98.9 Ttot:116756.1 ==
eandg
Spin: 
 Energy calculation finished, energy: -2.138692639E+03
Curvature at dimer midpoint after rotation     0.00330
Curvature at dimer minimum                    -0.00224
Actual dimer rotation angle:         0.391 deg
Dimer rotation converged after    1 steps
Writing TS-mode
Curvature after dimer rotation:               -0.00224
Frequency of transition mode  -243.187 cm^-1 (negative value denotes imaginary frequency)
Crossover temperature for tunnelling       55.68712 K
Restarting L-BFGS optimiser, instance: dimer rotation
Next calculation will be the dimer  midpoint
dl-find/turbomole/=============================== Tstep:   69.9 Ttot:116826.0 ==
eandg
Spin: 
 Energy calculation finished, energy: -2.138692447E+03
Testing convergence of dimer midpoint in cycle  369
    Energy  1.9187E-04 Target: 1.0000E-06 converged?   no
  Max step  1.0131E-02 Target: 1.8000E-03 converged?   no component    15
  RMS step  2.3451E-03 Target: 1.2000E-03 converged?   no
  Max grad  1.9118E-04 Target: 4.5000E-04 converged?  yes component   123
  RMS grad  3.7818E-05 Target: 3.0000E-04 converged?  yes
Next calculation will be the dimer endpoint before rotation
dl-find/turbomole/=============================== Tstep:  126.0 Ttot:116952.0 ==
eandg
Spin: 
 Energy calculation finished, energy: -2.138692448E+03
Curvature at dimer midpoint                   -0.00223
Predicted dimer rotation angle:     15.370 deg
Next calculation will be the dimer endpoint after rotation
dl-find/turbomole/=============================== Tstep:  108.2 Ttot:117060.3 ==
eandg
Spin: 
 Energy calculation finished, energy: -2.138692447E+03
Curvature at dimer midpoint after rotation     0.01670
Curvature at dimer minimum                    -0.00224
Actual dimer rotation angle:         0.273 deg
Dimer rotation converged after    1 steps
Writing TS-mode
Curvature after dimer rotation:               -0.00224
Frequency of transition mode  -243.284 cm^-1 (negative value denotes imaginary frequency)
Crossover temperature for tunnelling       55.70928 K
Restarting L-BFGS optimiser, instance: dimer rotation
Next calculation will be the dimer  midpoint
dl-find/turbomole/=============================== Tstep:   96.2 Ttot:117156.5 ==
eandg
Spin: 
 Energy calculation finished, energy: -2.138692444E+03
Testing convergence of dimer midpoint in cycle  370
    Energy  2.5760E-06 Target: 1.0000E-06 converged?   no
  Max step  6.3567E-03 Target: 1.8000E-03 converged?   no component   208
  RMS step  1.3190E-03 Target: 1.2000E-03 converged?   no
  Max grad  8.3492E-05 Target: 4.5000E-04 converged?  yes component   221
  RMS grad  1.1588E-05 Target: 3.0000E-04 converged?  yes
Next calculation will be the dimer endpoint before rotation
dl-find/turbomole/=============================== Tstep:   92.1 Ttot:117248.6 ==
eandg
Spin: 
 Energy calculation finished, energy: -2.138692444E+03
Curvature at dimer midpoint                   -0.00220
Predicted dimer rotation angle:     11.496 deg
Next calculation will be the dimer endpoint after rotation
dl-find/turbomole/=============================== Tstep:  106.7 Ttot:117355.3 ==
eandg
Spin: 
 Energy calculation finished, energy: -2.138692444E+03
Curvature at dimer midpoint after rotation     0.00331
Curvature at dimer minimum                    -0.00220
Actual dimer rotation angle:         0.361 deg
Dimer rotation converged after    1 steps
Writing TS-mode
Curvature after dimer rotation:               -0.00220
Frequency of transition mode  -241.383 cm^-1 (negative value denotes imaginary frequency)
Crossover temperature for tunnelling       55.27401 K
Restarting L-BFGS optimiser, instance: dimer rotation
Next calculation will be the dimer  midpoint
dl-find/turbomole/=============================== Tstep:   82.2 Ttot:117437.5 ==
eandg
Spin: 
 Energy calculation finished, energy: -2.138692647E+03
Testing convergence of dimer midpoint in cycle  371
    Energy  2.0348E-04 Target: 1.0000E-06 converged?   no
  Max step  3.8738E-03 Target: 1.8000E-03 converged?   no component   208
  RMS step  9.6510E-04 Target: 1.2000E-03 converged?  yes
  Max grad  5.7284E-05 Target: 4.5000E-04 converged?  yes component   242
  RMS grad  1.0777E-05 Target: 3.0000E-04 converged?  yes
Next calculation will be the dimer endpoint before rotation
dl-find/turbomole/=============================== Tstep:  120.7 Ttot:117558.2 ==
eandg
Spin: 
 Energy calculation finished, energy: -2.138692648E+03
Curvature at dimer midpoint                   -0.00226
Predicted dimer rotation angle:     14.144 deg
Next calculation will be the dimer endpoint after rotation
dl-find/turbomole/=============================== Tstep:  101.5 Ttot:117659.6 ==
eandg
Spin: 
 Energy calculation finished, energy: -2.138692647E+03
Curvature at dimer midpoint after rotation     0.01338
Curvature at dimer minimum                    -0.00226
Actual dimer rotation angle:         0.256 deg
Dimer rotation converged after    1 steps
Writing TS-mode
Curvature after dimer rotation:               -0.00226
Frequency of transition mode  -244.536 cm^-1 (negative value denotes imaginary frequency)
Crossover temperature for tunnelling       55.99582 K
Restarting L-BFGS optimiser, instance: dimer rotation
Next calculation will be the dimer  midpoint
dl-find/turbomole/=============================== Tstep:   95.2 Ttot:117754.9 ==
eandg
Spin: 
 Energy calculation finished, energy: -2.138692647E+03
Testing convergence of dimer midpoint in cycle  372
    Energy  1.1000E-08 Target: 1.0000E-06 converged?  yes
  Max step  2.8475E-03 Target: 1.8000E-03 converged?   no component    15
  RMS step  5.6369E-04 Target: 1.2000E-03 converged?  yes
  Max grad  4.6269E-05 Target: 4.5000E-04 converged?  yes component   242
  RMS grad  9.3636E-06 Target: 3.0000E-04 converged?  yes
Next calculation will be the dimer endpoint before rotation
dl-find/turbomole/=============================== Tstep:  107.2 Ttot:117862.0 ==
eandg
Spin: 
 Energy calculation finished, energy: -2.138692648E+03
Curvature at dimer midpoint                   -0.00226
Predicted dimer rotation angle:     10.480 deg
Next calculation will be the dimer endpoint after rotation
dl-find/turbomole/=============================== Tstep:   99.4 Ttot:117961.5 ==
eandg
Spin: 
 Energy calculation finished, energy: -2.138692648E+03
Curvature at dimer midpoint after rotation     0.00236
Curvature at dimer minimum                    -0.00227
Actual dimer rotation angle:         0.333 deg
Dimer rotation converged after    1 steps
Writing TS-mode
Curvature after dimer rotation:               -0.00227
Frequency of transition mode  -244.771 cm^-1 (negative value denotes imaginary frequency)
Crossover temperature for tunnelling       56.04983 K
Restarting L-BFGS optimiser, instance: dimer rotation
Next calculation will be the dimer  midpoint
dl-find/turbomole/=============================== Tstep:   81.6 Ttot:118043.0 ==
eandg
Spin: 
 Energy calculation finished, energy: -2.138692648E+03
Testing convergence of dimer midpoint in cycle  373
    Energy  3.5400E-07 Target: 1.0000E-06 converged?  yes
  Max step  1.5689E-02 Target: 1.8000E-03 converged?   no component    15
  RMS step  3.0413E-03 Target: 1.2000E-03 converged?   no
  Max grad  1.6802E-04 Target: 4.5000E-04 converged?  yes component   135
  RMS grad  3.3385E-05 Target: 3.0000E-04 converged?  yes
Next calculation will be the dimer endpoint before rotation
dl-find/turbomole/=============================== Tstep:  111.4 Ttot:118154.4 ==
eandg
Spin: 
 Energy calculation finished, energy: -2.138692648E+03
Curvature at dimer midpoint                   -0.00225
Predicted dimer rotation angle:     13.323 deg
Next calculation will be the dimer endpoint after rotation
dl-find/turbomole/=============================== Tstep:   99.6 Ttot:118254.0 ==
eandg
Spin: 
 Energy calculation finished, energy: -2.138692648E+03
Curvature at dimer midpoint after rotation     0.01179
Curvature at dimer minimum                    -0.00225
Actual dimer rotation angle:         0.236 deg
Dimer rotation converged after    1 steps
Writing TS-mode
Curvature after dimer rotation:               -0.00225
Frequency of transition mode  -243.857 cm^-1 (negative value denotes imaginary frequency)
Crossover temperature for tunnelling       55.84048 K
Restarting L-BFGS optimiser, instance: dimer rotation
Next calculation will be the dimer  midpoint
dl-find/turbomole/=============================== Tstep:   94.8 Ttot:118348.8 ==
eandg
Spin: 
 Energy calculation finished, energy: -2.138692651E+03
Testing convergence of dimer midpoint in cycle  374
    Energy  2.8760E-06 Target: 1.0000E-06 converged?   no
  Max step  6.4742E-03 Target: 1.8000E-03 converged?   no component    15
  RMS step  1.2892E-03 Target: 1.2000E-03 converged?   no
  Max grad  5.6441E-05 Target: 4.5000E-04 converged?  yes component   123
  RMS grad  1.4536E-05 Target: 3.0000E-04 converged?  yes
Next calculation will be the dimer endpoint before rotation
dl-find/turbomole/=============================== Tstep:   87.3 Ttot:118436.1 ==
eandg
Spin: 
 Energy calculation finished, energy: -2.138692651E+03
Curvature at dimer midpoint                   -0.00209
Predicted dimer rotation angle:     10.988 deg
Next calculation will be the dimer endpoint after rotation
dl-find/turbomole/=============================== Tstep:   94.3 Ttot:118530.4 ==
eandg
Spin: 
 Energy calculation finished, energy: -2.138692651E+03
Curvature at dimer midpoint after rotation     0.00277
Curvature at dimer minimum                    -0.00210
Actual dimer rotation angle:         0.339 deg
Dimer rotation converged after    1 steps
Writing TS-mode
Curvature after dimer rotation:               -0.00210
Frequency of transition mode  -235.497 cm^-1 (negative value denotes imaginary frequency)
Crossover temperature for tunnelling       53.92600 K
Restarting L-BFGS optimiser, instance: dimer rotation
Next calculation will be the dimer  midpoint
dl-find/turbomole/=============================== Tstep:   80.5 Ttot:118610.9 ==
eandg
Spin: 
 Energy calculation finished, energy: -2.138692646E+03
Testing convergence of dimer midpoint in cycle  375
    Energy  4.5010E-06 Target: 1.0000E-06 converged?   no
  Max step  4.9953E-03 Target: 1.8000E-03 converged?   no component    15
  RMS step  1.1152E-03 Target: 1.2000E-03 converged?  yes
  Max grad  3.7180E-05 Target: 4.5000E-04 converged?  yes component   221
  RMS grad  8.6733E-06 Target: 3.0000E-04 converged?  yes
Next calculation will be the dimer endpoint before rotation
dl-find/turbomole/=============================== Tstep:  101.1 Ttot:118712.0 ==
eandg
Spin: 
 Energy calculation finished, energy: -2.138692648E+03
Curvature at dimer midpoint                   -0.00226
Predicted dimer rotation angle:     13.531 deg
Next calculation will be the dimer endpoint after rotation
dl-find/turbomole/=============================== Tstep:   99.0 Ttot:118810.9 ==
eandg
Spin: 
 Energy calculation finished, energy: -2.138692648E+03
Curvature at dimer midpoint after rotation     0.01279
Curvature at dimer minimum                    -0.00226
Actual dimer rotation angle:         0.232 deg
Dimer rotation converged after    1 steps
Writing TS-mode
Curvature after dimer rotation:               -0.00226
Frequency of transition mode  -244.471 cm^-1 (negative value denotes imaginary frequency)
Crossover temperature for tunnelling       55.98099 K
Restarting L-BFGS optimiser, instance: dimer rotation
Next calculation will be the dimer  midpoint
dl-find/turbomole/=============================== Tstep:   95.3 Ttot:118906.2 ==
eandg
Spin: 
 Energy calculation finished, energy: -2.138692646E+03
Testing convergence of dimer midpoint in cycle  376
    Energy  1.9700E-07 Target: 1.0000E-06 converged?  yes
  Max step  1.6302E-03 Target: 1.8000E-03 converged?  yes component    15
  RMS step  3.5801E-04 Target: 1.2000E-03 converged?  yes
  Max grad  2.9122E-05 Target: 4.5000E-04 converged?  yes component    64
  RMS grad  8.0260E-06 Target: 3.0000E-04 converged?  yes
Convergence reached
Writing TS-mode
Testing convergence of dimer midpoint in cycle  376
    Energy  0.0000E+00 Target: 1.0000E-06 converged?  yes
  Max step  1.6302E-03 Target: 1.8000E-03 converged?  yes component    15
  RMS step  3.5801E-04 Target: 1.2000E-03 converged?  yes
  Max grad  2.9122E-05 Target: 4.5000E-04 converged?  yes component    64
  RMS grad  8.0260E-06 Target: 3.0000E-04 converged?  yes
Convergence reached

 Optimisation converged
 ----------------------
 Final converged energy:   -2138.692646392000


DL-FIND Report:
===============
Optimisation algorithm: L-BFGS
Number of steps in L-BFGS memory ...............         50
 
Step length: simple scaled
Maximum step length ............................  4.000E-01
Scaling step by ................................  1.000E+00
 
Coordinate system: Mass-weighted Cartesian coordinates
Dimer method, rotation by line search with extrapolation
Dimer distance (mid- to endpoint) ..............  1.000E-02
Maximum number of dimer rotations ..............         40
Tolerance in rotation ..........................  2.000E+00 degrees
 
Number of atoms ................................         85
Number of input geometries .....................          2
Variables to be optimised ......................        510
No restart information is written
This run has not been restarted.
Number of energy evaluations on this processor .       1215
Number of steps ................................        376
Number of accepted steps / line searches .......        376
 

Timing report
=============
Module                                      CPU time            Wall clock time
Total .................................  1764.029 (100.00%)-95737.832 (******%) seconds
Energy and Gradient ...................  1763.080 ( 99.95%)-95745.816 (******%) seconds
Step direction ........................     0.153 (  0.01%)     0.248 (  7.47%) seconds
Coordinate transformation .............     0.315 (  0.02%)     3.319 (100.00%) seconds
Checkpoint file I/O ...................     0.000 (  0.00%)     0.000 (  0.00%) seconds
XYZ-file I/O ..........................     0.000 (  0.00%)     0.000 (  0.00%) seconds
exit 0
write_xyz/======================================= Tstep:  104.6 Ttot:119010.8 ==
dl-find/========================================= Tstep:    0.0 Ttot:119010.8 ==
dl-find/copy_object/============================= Tstep:    0.0 Ttot:119010.8 ==
dl-find/get_number_of_atoms/===================== Tstep:    0.0 Ttot:119010.8 ==
dl-find/set_matrix_size/========================= Tstep:    0.0 Ttot:119010.8 ==
dl-find/set_matrix_size/========================= Tstep:    0.0 Ttot:119010.8 ==
Using 2018 CODATA recommended values

***********************************************************************
**                                                                   **
**                       ---------------------                       **
**                              DL-FIND                              **
**                       Geometry Optimisation                       **
**                       ---------------------                       **
**                                                                   **
**                 J. Kaestner, J.M. Carr, T.W. Keal,                **
**                W. Thiel, A. Wander and P. Sherwood                **
**                                                                   **
**              J. Phys. Chem. A, 2009, 113 (43), 11856.             **
**                                                                   **
**   Please include this reference in published work using DL-FIND.  **
**                                                                   **
**               Copyright:  STFC Daresbury Laboratory               **
**                  and the University of Stuttgart                  **
**                           Revision:  341 $                        **
**                                                                   **
***********************************************************************

Atom      1  free
Atom      2  free
Atom      3  free
Atom      4  free
Atom      5  free
Atom      6  free
Atom      7  free
Atom      8  free
Atom      9  free
Atom     10  free
Atom     11  free
Atom     12  free
Atom     13  free
Atom     14  free
Atom     15  free
Atom     16  free
Atom     17  free
Atom     18  free
Atom     19  free
Atom     20  free
Atom     21  free
Atom     22  free
Atom     23  free
Atom     24  free
Atom     25  free
Atom     26  free
Atom     27  free
Atom     28  free
Atom     29  free
Atom     30  free
Atom     31  free
Atom     32  free
Atom     33  free
Atom     34  free
Atom     35  free
Atom     36  free
Atom     37  free
Atom     38  free
Atom     39  free
Atom     40  free
Atom     41  free
Atom     42  free
Atom     43  free
Atom     44  free
Atom     45  free
Atom     46  free
Atom     47  free
Atom     48  free
Atom     49  free
Atom     50  free
Atom     51  free
Atom     52  free
Atom     53  free
Atom     54  free
Atom     55  free
Atom     56  free
Atom     57  free
Atom     58  free
Atom     59  free
Atom     60  free
Atom     61  free
Atom     62  free
Atom     63  free
Atom     64  free
Atom     65  free
Atom     66  free
Atom     67  free
Atom     68  free
Atom     69  free
Atom     70  free
Atom     71  free
Atom     72  free
Atom     73  free
Atom     74  free
Atom     75  free
Atom     76  free
Atom     77  free
Atom     78  free
Atom     79  free
Atom     80  free
Atom     81  free
Atom     82  free
Atom     83  free
Atom     84  free
Atom     85  free

DL-FIND Report:
===============
Optimisation algorithm: no optimisation, just calculate the
    Hessian and thermal corrections
Modes assumed to have zero vibrational frequency          6
Temperature ....................................  2.981E+02 K
Minimum wave number ............................  1.000E+02 cm^-1
Finite difference for Hessian calculation ......  1.000E-02
 
Step length: simple scaled
Maximum step length ............................  5.000E-01
Scaling step by ................................  1.000E+00
 
Coordinate system: Mass-weighted Cartesian coordinates
 
Number of atoms ................................         85
Number of input geometries .....................          1
Variables to be optimised ......................        255
No restart information is written
This run has not been restarted.
Maximum number of steps ........................        100
Maximum number of energy evaluations ...........     100000
 
dl-find/turbomole/=============================== Tstep:    0.0 Ttot:119010.8 ==
eandg
Spin: 
 Energy calculation finished, energy: -2.138692646E+03
dl-find/turbomole/=============================== Tstep:   54.4 Ttot:119065.2 ==
hessian
Analytic hessian calculated

Hessian eigenvalues:
 -0.00233 -0.00003 -0.00000 -0.00000 -0.00000 -0.00000  0.00000  0.00000  0.00000  0.00001  0.00001  0.00002
  0.00004  0.00005  0.00007  0.00008  0.00010  0.00011  0.00012  0.00016  0.00020  0.00023  0.00026  0.00031
  0.00046  0.00050  0.00052  0.00064  0.00071  0.00079  0.00082  0.00090  0.00096  0.00103  0.00120  0.00142
  0.00147  0.00149  0.00179  0.00224  0.00227  0.00234  0.00246  0.00249  0.00277  0.00321  0.00334  0.00349
  0.00410  0.00433  0.00469  0.00512  0.00567  0.00591  0.00599  0.00636  0.00664  0.00694  0.00729  0.00736
  0.00756  0.00825  0.00928  0.00966  0.01020  0.01077  0.01102  0.01105  0.01146  0.01179  0.01184  0.01218
  0.01415  0.01428  0.01454  0.01462  0.01488  0.01555  0.01610  0.01635  0.01769  0.01811  0.01840  0.01880
  0.01920  0.01937  0.01945  0.02034  0.02063  0.02160  0.02192  0.02247  0.02268  0.02275  0.02290  0.02333
  0.02364  0.02450  0.02454  0.02508  0.02528  0.02604  0.02735  0.02748  0.02767  0.02875  0.02881  0.02894
  0.02941  0.03017  0.03089  0.03147  0.03185  0.03189  0.03355  0.03375  0.03506  0.03586  0.03762  0.03819
  0.03856  0.03860  0.03879  0.03898  0.03917  0.03936  0.03976  0.04026  0.04044  0.04110  0.04116  0.04156
  0.04171  0.04220  0.04226  0.04238  0.04480  0.04521  0.04550  0.04681  0.04739  0.04809  0.04830  0.04910
  0.04931  0.04944  0.04956  0.04964  0.04988  0.04997  0.05040  0.05061  0.05092  0.05226  0.05318  0.05371
  0.05531  0.05726  0.05738  0.05779  0.05844  0.05913  0.06026  0.06091  0.06210  0.06270  0.06331  0.06502
  0.06718  0.06762  0.06797  0.06987  0.07025  0.07078  0.07131  0.07292  0.07432  0.07454  0.07527  0.07581
  0.07614  0.07705  0.07813  0.07823  0.07870  0.07905  0.07917  0.07988  0.08016  0.08039  0.08104  0.08191
  0.08277  0.08328  0.08354  0.08390  0.08417  0.08525  0.08611  0.08653  0.08830  0.08970  0.09013  0.09351
  0.09457  0.09929  0.09982  0.10306  0.10497  0.10540  0.10666  0.10789  0.10838  0.10855  0.11133  0.11154
  0.12053  0.12383  0.12933  0.24789  0.35567  0.35730  0.35922  0.36325  0.37133  0.37276  0.37691  0.37725
  0.38036  0.38109  0.38298  0.38740  0.38849  0.38877  0.38954  0.38976  0.38999  0.39074  0.39154  0.39248
  0.39279  0.39282  0.39457  0.39522  0.39552  0.39553  0.39593  0.39689  0.39714  0.39756  0.39887  0.40025
  0.40716  0.41336  0.41782
Testing convergence  in cycle    1
  Max grad  2.9117E-05 Target: 4.5000E-04 converged?  yes component    64
  RMS grad  8.0254E-06 Target: 3.0000E-04 converged?  yes
Convergence reached
 
Projecting out translational and rotational modes

Number of translational/rotational modes:   6
 
Thermochemical analysis
 Mode     Eigenvalue Frequency Vib.T.(K)        ZPE (H)   Vib. Ene.(H)      - T*S (H)
    1  -0.0023290561   248.081i
    2  -0.0000331649   -29.604    42.593   0.0000674418   0.0007346202  -0.0016412577
    3   0.0000021149     7.476    10.756   0.0000170309   0.0007346202  -0.0016412577
    4   0.0000126801    18.305    26.337   0.0000417015   0.0007346202  -0.0016412577
    5   0.0000145697    19.621    28.231   0.0000447008   0.0007346202  -0.0016412577
    6   0.0000244534    25.420    36.574   0.0000579109   0.0007346202  -0.0016412577
    7   0.0000365410    31.074    44.708   0.0000707913   0.0007346202  -0.0016412577
    8   0.0000545046    37.951    54.603   0.0000864583   0.0007346202  -0.0016412577
    9   0.0000748679    44.479    63.995   0.0001013300   0.0007346202  -0.0016412577
   10   0.0000822460    46.619    67.074   0.0001062056   0.0007346202  -0.0016412577
   11   0.0000962277    50.426    72.552   0.0001148788   0.0007346202  -0.0016412577
   12   0.0001104800    54.031    77.739   0.0001230926   0.0007346202  -0.0016412577
   13   0.0001245537    57.370    82.542   0.0001306978   0.0007346202  -0.0016412577
   14   0.0001582539    64.667    93.041   0.0001473219   0.0007346202  -0.0016412577
   15   0.0002013060    72.934   104.936   0.0001661569   0.0007346202  -0.0016412577
   16   0.0002335842    78.564   113.037   0.0001789830   0.0007346202  -0.0016412577
   17   0.0002560811    82.261   118.355   0.0001874039   0.0007346202  -0.0016412577
   18   0.0003058734    89.903   129.351   0.0002048146   0.0007346202  -0.0016412577
   19   0.0004588131   110.109   158.422   0.0002508464   0.0007154492  -0.0015522545
   20   0.0004964814   114.540   164.797   0.0002609405   0.0007071612  -0.0015159037
   21   0.0005173553   116.923   168.226   0.0002663694   0.0007027325  -0.0014969586
   22   0.0006359258   129.631   186.509   0.0002953202   0.0006794556  -0.0014023616
   23   0.0007073694   136.719   196.707   0.0003114678   0.0006667202  -0.0013537918
   24   0.0007941402   144.861   208.423   0.0003300187   0.0006523068  -0.0013012204
   25   0.0008210075   147.292   211.920   0.0003355548   0.0006480503  -0.0012861474
   26   0.0008955712   153.835   221.334   0.0003504613   0.0006366917  -0.0012468670
   27   0.0009581878   159.122   228.941   0.0003625061   0.0006276222  -0.0012164356
   28   0.0010306235   165.027   237.437   0.0003759586   0.0006176068  -0.0011837329
   29   0.0012042557   178.387   256.659   0.0004063959   0.0005953883  -0.0011142919
   30   0.0014171938   193.517   278.428   0.0004408639   0.0005709607  -0.0010423808
   31   0.0014700551   197.093   283.573   0.0004490108   0.0005652999  -0.0010263170
   32   0.0014906205   198.467   285.549   0.0004521406   0.0005631365  -0.0010202344
   33   0.0017852898   217.199   312.501   0.0004948167   0.0005342649  -0.0009418624
   34   0.0022426034   243.434   350.247   0.0005545825   0.0004957654  -0.0008446160
   35   0.0022735258   245.106   352.653   0.0005583929   0.0004933861  -0.0008388503
   36   0.0023420987   248.775   357.932   0.0005667513   0.0004881983  -0.0008263704
   37   0.0024566964   254.789   366.584   0.0005804512   0.0004797876  -0.0008063993
   38   0.0024899799   256.509   369.059   0.0005843700   0.0004774028  -0.0008007942
   39   0.0027673348   270.418   389.071   0.0006160569   0.0004584603  -0.0007571409
   40   0.0032119613   291.333   419.163   0.0006637050   0.0004311015  -0.0006966422
   41   0.0033400768   297.086   427.441   0.0006768122   0.0004238087  -0.0006809900
   42   0.0034896131   303.664   436.904   0.0006917969   0.0004155926  -0.0006635830
   43   0.0040987885   329.103   473.506   0.0007497521   0.0003850144  -0.0006007965
   44   0.0043284600   338.198   486.591   0.0007704716   0.0003745358  -0.0005799650
   45   0.0046880066   351.964   506.398   0.0008018332   0.0003591188  -0.0005499120
   46   0.0051235860   367.952   529.401   0.0008382566   0.0003418708  -0.0005170936
   47   0.0056727493   387.169   557.050   0.0008820369   0.0003220499  -0.0004803726
   48   0.0059093622   395.161   568.549   0.0009002440   0.0003140929  -0.0004659167
   49   0.0059909699   397.881   572.462   0.0009064389   0.0003114232  -0.0004611022
   50   0.0063590580   409.921   589.786   0.0009338698   0.0002998285  -0.0004403959
   51   0.0066368093   418.778   602.528   0.0009540467   0.0002915330  -0.0004257800
   52   0.0069426741   428.319   616.256   0.0009757832   0.0002828131  -0.0004105908
   53   0.0072851060   438.755   631.271   0.0009995578   0.0002735288  -0.0003946103
   54   0.0073624956   441.079   634.615   0.0010048529   0.0002714965  -0.0003911382
   55   0.0075599762   446.956   643.070   0.0010182400   0.0002664154  -0.0003824976
   56   0.0082476917   466.843   671.682   0.0010635457   0.0002498152  -0.0003546617
   57   0.0092798232   495.193   712.472   0.0011281317   0.0002276850  -0.0003184583
   58   0.0096599608   505.233   726.918   0.0011510061   0.0002202629  -0.0003065403
   59   0.0102039001   519.263   747.104   0.0011829681   0.0002102432  -0.0002906251
   60   0.0107698368   533.469   767.542   0.0012153308   0.0002005037  -0.0002753430
   61   0.0110155724   539.520   776.249   0.0012291177   0.0001964755  -0.0002690758
   62   0.0110537172   540.454   777.592   0.0012312440   0.0001958606  -0.0002681218
   63   0.0114582484   550.254   791.693   0.0012535714   0.0001895045  -0.0002583030
   64   0.0117903157   558.171   803.083   0.0012716063   0.0001845031  -0.0002506304
   65   0.0118370407   559.276   804.673   0.0012741235   0.0001838143  -0.0002495774
   66   0.0121788649   567.293   816.209   0.0012923893   0.0001788836  -0.0002420654
   67   0.0141520828   611.525   879.849   0.0013931572   0.0001537228  -0.0002044279
   68   0.0142783340   614.247   883.764   0.0013993576   0.0001522827  -0.0002023083
   69   0.0145388936   619.826   891.792   0.0014120681   0.0001493679  -0.0001980298
   70   0.0146223636   621.603   894.348   0.0014161157   0.0001484502  -0.0001966859
   71   0.0148753788   626.958   902.052   0.0014283149   0.0001457147  -0.0001926887
   72   0.0155468401   640.952   922.187   0.0014601955   0.0001387772  -0.0001826114
   73   0.0161014778   652.285   938.492   0.0014860137   0.0001333773  -0.0001748267
   74   0.0163497259   657.294   945.699   0.0014974254   0.0001310512  -0.0001714892
   75   0.0176943841   683.789   983.820   0.0015577856   0.0001193441  -0.0001548363
   76   0.0181130175   691.830   995.390   0.0015761058   0.0001159825  -0.0001500990
   77   0.0183955995   697.206  1003.124   0.0015883526   0.0001137834  -0.0001470106
   78   0.0188017121   704.860  1014.137   0.0016057896   0.0001107174  -0.0001427191
   79   0.0192018538   712.321  1024.871   0.0016227870   0.0001078011  -0.0001386524
   80   0.0193716773   715.464  1029.393   0.0016299473   0.0001065936  -0.0001369730
   81   0.0194463685   716.842  1031.376   0.0016330866   0.0001060681  -0.0001362429
   82   0.0203434713   733.190  1054.897   0.0016703308   0.0001000109  -0.0001278625
   83   0.0206264152   738.272  1062.208   0.0016819064   0.0000981935  -0.0001253607
   84   0.0215974563   755.450  1086.924   0.0017210412   0.0000922706  -0.0001172477
   85   0.0219161907   761.004  1094.915   0.0017336942   0.0000904268  -0.0001147347
   86   0.0224719665   770.593  1108.711   0.0017555390   0.0000873227  -0.0001105179
   87   0.0226792936   774.139  1113.814   0.0017636188   0.0000861996  -0.0001089964
   88   0.0227544201   775.420  1115.657   0.0017665374   0.0000857972  -0.0001084518
   89   0.0229006776   777.908  1119.237   0.0017722057   0.0000850206  -0.0001074016
   90   0.0233341647   785.236  1129.780   0.0017889001   0.0000827707  -0.0001043651
   91   0.0236409879   790.382  1137.183   0.0018006229   0.0000812237  -0.0001022825
   92   0.0244986816   804.592  1157.628   0.0018329951   0.0000770890  -0.0000967375
   93   0.0245449810   805.352  1158.722   0.0018347264   0.0000768734  -0.0000964493
   94   0.0250847318   814.159  1171.393   0.0018547897   0.0000744156  -0.0000931689
   95   0.0252814426   817.345  1175.977   0.0018620480   0.0000735445  -0.0000920088
   96   0.0260442236   829.583  1193.585   0.0018899297   0.0000702852  -0.0000876808
   97   0.0273451259   850.050  1223.032   0.0019365554   0.0000651324  -0.0000808783
   98   0.0274762409   852.085  1225.960   0.0019411925   0.0000646396  -0.0000802303
   99   0.0276719882   855.115  1230.320   0.0019480950   0.0000639124  -0.0000792750
  100   0.0287484253   871.588  1254.021   0.0019856239   0.0000600902  -0.0000742700
  101   0.0288065786   872.469  1255.289   0.0019876311   0.0000598919  -0.0000740110
  102   0.0289391091   874.474  1258.173   0.0019921981   0.0000594430  -0.0000734252
  103   0.0294081735   881.532  1268.329   0.0020082787   0.0000578871  -0.0000713977
  104   0.0301668083   892.830  1284.584   0.0020340173   0.0000554757  -0.0000682645
  105   0.0308887857   903.451  1299.865   0.0020582133   0.0000532947  -0.0000654405
  106   0.0314665164   911.861  1311.964   0.0020773721   0.0000516249  -0.0000632847
  107   0.0318545233   917.466  1320.028   0.0020901406   0.0000505395  -0.0000618862
  108   0.0318868731   917.931  1320.699   0.0020912017   0.0000504502  -0.0000617713
  109   0.0335487515   941.548  1354.677   0.0021450041   0.0000461144  -0.0000562095
  110   0.0337531006   944.411  1358.797   0.0021515269   0.0000456132  -0.0000555691
  111   0.0350620175   962.549  1384.893   0.0021928474   0.0000425554  -0.0000516729
  112   0.0358576610   973.409  1400.518   0.0022175884   0.0000408180  -0.0000494678
  113   0.0376187417   997.026  1434.498   0.0022713920   0.0000372681  -0.0000449824
  114   0.0381854001  1004.507  1445.261   0.0022884352   0.0000362058  -0.0000436455
  115   0.0385635705  1009.469  1452.400   0.0022997391   0.0000355172  -0.0000427801
  116   0.0386046078  1010.006  1453.173   0.0023009624   0.0000354434  -0.0000426875
  117   0.0387928404  1012.465  1456.711   0.0023065652   0.0000351073  -0.0000422656
  118   0.0389776950  1014.875  1460.178   0.0023120543   0.0000347810  -0.0000418563
  119   0.0391657941  1017.320  1463.697   0.0023176264   0.0000344527  -0.0000414446
  120   0.0393631277  1019.880  1467.380   0.0023234576   0.0000341123  -0.0000410181
  121   0.0397593309  1025.000  1474.746   0.0023351215   0.0000334409  -0.0000401775
  122   0.0402605647  1031.441  1484.013   0.0023497945   0.0000326140  -0.0000391438
  123   0.0404404456  1033.742  1487.324   0.0023550380   0.0000323233  -0.0000387807
  124   0.0410977485  1042.109  1499.363   0.0023740998   0.0000312869  -0.0000374880
  125   0.0411564559  1042.853  1500.433   0.0023757949   0.0000311963  -0.0000373751
  126   0.0415644804  1048.010  1507.853   0.0023875426   0.0000305751  -0.0000366015
  127   0.0417129736  1049.880  1510.544   0.0023918037   0.0000303527  -0.0000363248
  128   0.0422046155  1056.049  1519.420   0.0024058577   0.0000296301  -0.0000354264
  129   0.0422617511  1056.764  1520.448   0.0024074856   0.0000295474  -0.0000353238
  130   0.0423849844  1058.304  1522.663   0.0024109931   0.0000293701  -0.0000351036
  131   0.0447999955  1088.036  1565.441   0.0024787284   0.0000261380  -0.0000311032
  132   0.0452060873  1092.956  1572.520   0.0024899373   0.0000256370  -0.0000304853
  133   0.0454968045  1096.465  1577.568   0.0024979308   0.0000252853  -0.0000300520
  134   0.0468128433  1112.210  1600.222   0.0025338008   0.0000237630  -0.0000281801
  135   0.0473926182  1119.076  1610.101   0.0025494430   0.0000231269  -0.0000273998
  136   0.0480944243  1127.331  1621.978   0.0025682501   0.0000223837  -0.0000264893
  137   0.0483043454  1129.789  1625.514   0.0025738489   0.0000221669  -0.0000262240
  138   0.0490962387  1139.012  1638.784   0.0025948608   0.0000213710  -0.0000252511
  139   0.0493081976  1141.468  1642.318   0.0026004560   0.0000211637  -0.0000249980
  140   0.0494418553  1143.014  1644.543   0.0026039781   0.0000210342  -0.0000248400
  141   0.0495638949  1144.424  1646.571   0.0026071899   0.0000209168  -0.0000246967
  142   0.0496362892  1145.260  1647.773   0.0026090933   0.0000208475  -0.0000246122
  143   0.0498820949  1148.092  1651.848   0.0026155456   0.0000206143  -0.0000243277
  144   0.0499690968  1149.093  1653.288   0.0026178256   0.0000205324  -0.0000242280
  145   0.0503976959  1154.010  1660.363   0.0026290285   0.0000201349  -0.0000237436
  146   0.0506070548  1156.405  1663.808   0.0026344835   0.0000199440  -0.0000235111
  147   0.0509226564  1160.005  1668.988   0.0026426855   0.0000196602  -0.0000231658
  148   0.0522613585  1175.154  1690.784   0.0026771968   0.0000185081  -0.0000217661
  149   0.0531799312  1185.436  1705.578   0.0027006222   0.0000177632  -0.0000208633
  150   0.0537149183  1191.384  1714.136   0.0027141723   0.0000173456  -0.0000203579
  151   0.0553058326  1208.898  1739.335   0.0027540728   0.0000161700  -0.0000189377
  152   0.0572622763  1230.095  1769.832   0.0028023621   0.0000148495  -0.0000173478
  153   0.0573791056  1231.349  1771.636   0.0028052194   0.0000147747  -0.0000172579
  154   0.0577935059  1235.787  1778.022   0.0028153311   0.0000145129  -0.0000169434
  155   0.0584376452  1242.655  1787.904   0.0028309768   0.0000141167  -0.0000164678
  156   0.0591339583  1250.037  1798.524   0.0028477931   0.0000137024  -0.0000159712
  157   0.0602591313  1261.873  1815.554   0.0028747586   0.0000130625  -0.0000152051
  158   0.0609080621  1268.650  1825.304   0.0028901963   0.0000127092  -0.0000147829
  159   0.0621017039  1281.020  1843.102   0.0029183791   0.0000120879  -0.0000140413
  160   0.0626966402  1287.142  1851.910   0.0029323249   0.0000117914  -0.0000136879
  161   0.0633119605  1293.443  1860.975   0.0029466790   0.0000114936  -0.0000133332
  162   0.0650247311  1310.822  1885.980   0.0029862711   0.0000107093  -0.0000124008
  163   0.0671798822  1332.367  1916.979   0.0030353556   0.0000098087  -0.0000113330
  164   0.0676237533  1336.761  1923.301   0.0030453667   0.0000096342  -0.0000111265
  165   0.0679738821  1340.218  1928.274   0.0030532403   0.0000094991  -0.0000109667
  166   0.0698669053  1358.751  1954.940   0.0030954636   0.0000088054  -0.0000101473
  167   0.0702500862  1362.472  1960.294   0.0031039405   0.0000086721  -0.0000099902
  168   0.0707833401  1367.634  1967.720   0.0031156989   0.0000084905  -0.0000097762
  169   0.0713113387  1372.725  1975.045   0.0031272979   0.0000083150  -0.0000095694
  170   0.0729208257  1388.130  1997.209   0.0031623923   0.0000078052  -0.0000089697
  171   0.0743173751  1401.359  2016.243   0.0031925311   0.0000073917  -0.0000084841
  172   0.0745399399  1403.456  2019.260   0.0031973080   0.0000073282  -0.0000084096
  173   0.0752711267  1410.323  2029.140   0.0032129514   0.0000071237  -0.0000081699
  174   0.0758078966  1415.342  2036.362   0.0032243871   0.0000069778  -0.0000079989
  175   0.0761381513  1418.422  2040.793   0.0032314030   0.0000068897  -0.0000078958
  176   0.0770467923  1426.861  2052.934   0.0032506277   0.0000066539  -0.0000076197
  177   0.0781345646  1436.898  2067.375   0.0032734940   0.0000063835  -0.0000073037
  178   0.0782316218  1437.790  2068.659   0.0032755265   0.0000063600  -0.0000072763
  179   0.0786969132  1442.059  2074.802   0.0032852529   0.0000062487  -0.0000071462
  180   0.0790495186  1445.286  2079.445   0.0032926045   0.0000061659  -0.0000070495
  181   0.0791716182  1446.402  2081.050   0.0032951464   0.0000061374  -0.0000070163
  182   0.0798808812  1452.866  2090.351   0.0033098734   0.0000059754  -0.0000068272
  183   0.0801583416  1455.387  2093.978   0.0033156167   0.0000059133  -0.0000067549
  184   0.0803896612  1457.486  2096.997   0.0033203973   0.0000058621  -0.0000066952
  185   0.0810412529  1463.381  2105.478   0.0033338267   0.0000057206  -0.0000065303
  186   0.0819067576  1471.174  2116.692   0.0033515818   0.0000055386  -0.0000063184
  187   0.0827700355  1478.907  2127.817   0.0033691979   0.0000053636  -0.0000061149
  188   0.0832794846  1483.451  2134.355   0.0033795507   0.0000052633  -0.0000059983
  189   0.0835432949  1485.799  2137.733   0.0033848993   0.0000052122  -0.0000059389
  190   0.0838969845  1488.941  2142.254   0.0033920569   0.0000051446  -0.0000058603
  191   0.0841677612  1491.342  2145.708   0.0033975264   0.0000050935  -0.0000058010
  192   0.0852475125  1500.877  2159.427   0.0034192496   0.0000048953  -0.0000055710
  193   0.0861050170  1508.407  2170.261   0.0034364037   0.0000047442  -0.0000053958
  194   0.0865338710  1512.159  2175.659   0.0034449508   0.0000046706  -0.0000053105
  195   0.0883044856  1527.551  2197.805   0.0034800168   0.0000043802  -0.0000049742
  196   0.0896954045  1539.534  2215.046   0.0035073172   0.0000041664  -0.0000047270
  197   0.0901250867  1543.217  2220.346   0.0035157080   0.0000041027  -0.0000046535
  198   0.0935145677  1571.969  2261.712   0.0035812084   0.0000036375  -0.0000041169
  199   0.0945687241  1580.804  2274.424   0.0036013366   0.0000035052  -0.0000039645
  200   0.0992924971  1619.804  2330.537   0.0036901853   0.0000029752  -0.0000033558
  201   0.0998163809  1624.072  2336.677   0.0036999075   0.0000029222  -0.0000032950
  202   0.1030647228  1650.286  2374.394   0.0037596288   0.0000026164  -0.0000029449
  203   0.1049655818  1665.435  2396.190   0.0037941405   0.0000024543  -0.0000027596
  204   0.1053988591  1668.869  2401.130   0.0038019632   0.0000024189  -0.0000027192
  205   0.1066608188  1678.830  2415.462   0.0038246563   0.0000023191  -0.0000026053
  206   0.1078938573  1688.506  2429.384   0.0038467000   0.0000022260  -0.0000024992
  207   0.1083758970  1692.274  2434.804   0.0038552834   0.0000021908  -0.0000024590
  208   0.1085481011  1693.618  2436.738   0.0038583451   0.0000021783  -0.0000024448
  209   0.1113336146  1715.211  2467.805   0.0039075371   0.0000019878  -0.0000022279
  210   0.1115351173  1716.762  2470.037   0.0039110716   0.0000019747  -0.0000022130
  211   0.1205340540  1784.675  2567.749   0.0040657890   0.0000014791  -0.0000016508
  212   0.1238286853  1808.901  2602.606   0.0041209807   0.0000013337  -0.0000014865
  213   0.1293287134  1848.637  2659.777   0.0042115061   0.0000011252  -0.0000012513
  214   0.2478931842  2559.391  3682.392   0.0058307208   0.0000000505  -0.0000000545
  215   0.3556672884  3065.676  4410.824   0.0069841236   0.0000000053  -0.0000000056
  216   0.3572960460  3072.687  4420.912   0.0070000970   0.0000000051  -0.0000000054
  217   0.3592243688  3080.968  4432.825   0.0070189613   0.0000000049  -0.0000000052
  218   0.3632506702  3098.186  4457.598   0.0070581871   0.0000000045  -0.0000000048
  219   0.3713319956  3132.459  4506.910   0.0071362678   0.0000000039  -0.0000000041
  220   0.3727604298  3138.479  4515.571   0.0071499805   0.0000000038  -0.0000000040
  221   0.3769076726  3155.889  4540.621   0.0071896449   0.0000000035  -0.0000000037
  222   0.3772487241  3157.317  4542.674   0.0071928970   0.0000000035  -0.0000000037
  223   0.3803638926  3170.326  4561.392   0.0072225340   0.0000000033  -0.0000000035
  224   0.3810889535  3173.346  4565.737   0.0072294146   0.0000000032  -0.0000000034
  225   0.3829780437  3181.202  4577.040   0.0072473109   0.0000000031  -0.0000000033
  226   0.3873978545  3199.506  4603.375   0.0072890102   0.0000000029  -0.0000000031
  227   0.3884893140  3204.010  4609.855   0.0072992711   0.0000000028  -0.0000000030
  228   0.3887687918  3205.162  4611.513   0.0073018961   0.0000000028  -0.0000000030
  229   0.3895426801  3208.350  4616.100   0.0073091601   0.0000000028  -0.0000000029
  230   0.3897649072  3209.265  4617.417   0.0073112447   0.0000000027  -0.0000000029
  231   0.3899857889  3210.175  4618.725   0.0073133161   0.0000000027  -0.0000000029
  232   0.3907444317  3213.296  4623.215   0.0073204260   0.0000000027  -0.0000000029
  233   0.3915423347  3216.575  4627.933   0.0073278963   0.0000000027  -0.0000000028
  234   0.3924757947  3220.407  4633.447   0.0073366262   0.0000000026  -0.0000000028
  235   0.3927880947  3221.688  4635.290   0.0073395446   0.0000000026  -0.0000000028
  236   0.3928174925  3221.808  4635.463   0.0073398192   0.0000000026  -0.0000000028
  237   0.3945736139  3229.002  4645.813   0.0073562075   0.0000000025  -0.0000000027
  238   0.3952181498  3231.638  4649.606   0.0073622133   0.0000000025  -0.0000000026
  239   0.3955237990  3232.887  4651.404   0.0073650596   0.0000000025  -0.0000000026
  240   0.3955300414  3232.913  4651.440   0.0073651177   0.0000000025  -0.0000000026
  241   0.3959275033  3234.537  4653.777   0.0073688173   0.0000000025  -0.0000000026
  242   0.3968876350  3238.456  4659.416   0.0073777467   0.0000000024  -0.0000000026
  243   0.3971401479  3239.486  4660.898   0.0073800933   0.0000000024  -0.0000000026
  244   0.3975555833  3241.180  4663.335   0.0073839523   0.0000000024  -0.0000000025
  245   0.3988680907  3246.526  4671.027   0.0073961311   0.0000000023  -0.0000000025
  246   0.4002502780  3252.146  4679.113   0.0074089348   0.0000000023  -0.0000000024
  247   0.4071626788  3280.109  4719.345   0.0074726378   0.0000000020  -0.0000000021
  248   0.4133590301  3304.974  4755.120   0.0075292838   0.0000000018  -0.0000000019
  249   0.4178168913  3322.747  4780.692   0.0075697746   0.0000000016  -0.0000000017
total                                      0.6860437306   0.0379739049  -0.0695979990
Wave numbers > 0 and <    100.0 cm^-1 were raised to that value for vibrational H and S.
Temperature:            298.15 Kelvin
 
Energy contributions for the gas phase:
The standard state is an ideal gas at a pressure of 101300.0 Pa
Molar volume (V_m):      24.47 L
                                  Hartree     kJ/mol   kcal/mol          K
ZPE .........................    0.686044   1801.208    430.499   216635.5
H_trans .....................    0.002360      6.197      1.481      745.4
H_rot .......................    0.001416      3.718      0.889      447.2
H_vib .......................    0.037974     99.700     23.829    11991.2
H_total .....................    0.041751    109.616     26.199    13183.8
 
S_trans*T ...................    0.021527     56.520     13.509     6797.8
S_rot*T .....................    0.018224     47.846     11.435     5754.6
S_vib*T .....................    0.069598    182.730     43.673    21977.3
S_total*T ...................    0.109349    287.096     68.618    34529.7
 
H(T) ........................    0.727794   1910.824    456.698   229819.3
S(T)*T ......................    0.109349    287.096     68.618    34529.7
G(T) ........................    0.618445   1623.728    388.080   195289.6
Total free energy G (electronic energy+ZPE+RRHO):  -2138.074201 Hartree
 
Energy contributions for solutions:
The standard state is a concentration of c_0 = 1 mol / L:
R*T*ln(c_0*V_m) .............    0.003019      7.926      1.894      953.3
S_trans*T ...................    0.018508     48.594     11.614     5844.5
S_total*T ...................    0.106330    279.169     66.723    33576.4
S(T)*T ......................    0.106330    279.169     66.723    33576.4
G(T) ........................    0.621464   1631.654    389.975   196242.9
Total free energy G (electronic energy+ZPE+RRHO):  -2138.071182 Hartree
 
Crossover temperature for tunnelling       56.80780 K
 Writing file qts_ts.txt
 Writing Hessian file qts_hessian_ts.txt

DL-FIND Report:
===============
Optimisation algorithm: no optimisation, just calculate the
    Hessian and thermal corrections
Modes assumed to have zero vibrational frequency          6
Temperature ....................................  2.981E+02 K
Minimum wave number ............................  1.000E+02 cm^-1
Finite difference for Hessian calculation ......  1.000E-02
 
Step length: simple scaled
Maximum step length ............................  5.000E-01
Scaling step by ................................  1.000E+00
 
Coordinate system: Mass-weighted Cartesian coordinates
 
Number of atoms ................................         85
Number of input geometries .....................          1
Variables to be optimised ......................        255
No restart information is written
This run has not been restarted.
Number of energy evaluations on this processor .          1
Number of steps ................................          1
Number of accepted steps / line searches .......          0
 

Timing report
=============
Module                                      CPU time            Wall clock time
Total .................................     3.979 (100.00%) 13027.873 (100.00%) seconds
Energy and Gradient ...................     2.833 ( 71.21%)    54.406 (  0.42%) seconds
Step direction ........................     0.000 (  0.00%)     0.000 (  0.00%) seconds
Coordinate transformation .............     0.010 (  0.25%)     0.060 (  0.00%) seconds
Checkpoint file I/O ...................     0.000 (  0.00%)     0.000 (  0.00%) seconds
XYZ-file I/O ..........................     0.000 (  0.01%)     0.003 (  0.00%) seconds
exit 0

 Timing Analysis by Executable 
                                 aoforce  [      1]  12972.011   9.8%
                                    grad  [   1216]  25156.167  19.1%
                                    dscf  [   1217]  92109.374  69.8%
                                  define  [      1]      0.843   0.0%
                               ChemShell              1800.274   1.4%

                                   Total            132038.668

  Timing Analysis by Module       module   # calls        time time (exc) percent 
                               write_xyz  [      1]      0.004      0.004   0.0%
                                 dl-find  [      2] 132038.052     12.462   0.0%
                               turbomole  [   1217] 132025.589 131386.256  99.5%
                      set_matrix_element  [188749921]    637.863    637.863   0.5%
                       get_number_of_bqs  [   1218]      0.020      0.020   0.0%
                          get_atom_entry  [ 103445]      0.561      0.561   0.0%
                         set_matrix_size  [   2437]      0.855      0.855   0.0%
                     get_number_of_atoms  [   1219]      0.035      0.035   0.0%
                             copy_object  [      2]      0.001      0.001   0.0%
                                read_xyz  [      2]      0.001      0.001   0.0%
                                   Other                 0.611              0.0%

                                   Total            132038.668
ChemShell exiting code 0
