Initialising ChemShell DEVELOPMENT VERSION 3.7_2023_DLF_GPR.dev on linux
read_xyz/======================================== Tstep:    0.0 Ttot:    0.0 ==
read_xyz/======================================== Tstep:    0.0 Ttot:    0.0 ==
dl-find/========================================= Tstep:    0.0 Ttot:    0.0 ==
dl-find/copy_object/============================= Tstep:    0.0 Ttot:    0.0 ==
dl-find/get_number_of_atoms/===================== Tstep:    0.0 Ttot:    0.0 ==
dl-find/set_matrix_size/========================= Tstep:    0.0 Ttot:    0.0 ==
dl-find/set_matrix_size/========================= Tstep:    0.0 Ttot:    0.0 ==
Using 2018 CODATA recommended values

***********************************************************************
**                                                                   **
**                       ---------------------                       **
**                              DL-FIND                              **
**                       Geometry Optimisation                       **
**                       ---------------------                       **
**                                                                   **
**                 J. Kaestner, J.M. Carr, T.W. Keal,                **
**                W. Thiel, A. Wander and P. Sherwood                **
**                                                                   **
**              J. Phys. Chem. A, 2009, 113 (43), 11856.             **
**                                                                   **
**   Please include this reference in published work using DL-FIND.  **
**                                                                   **
**               Copyright:  STFC Daresbury Laboratory               **
**                  and the University of Stuttgart                  **
**                           Revision:  341 $                        **
**                                                                   **
***********************************************************************


DL-FIND Report:
===============
Optimisation algorithm: L-BFGS
Number of steps in L-BFGS memory ...............         50
 
Step length: simple scaled
Maximum step length ............................  4.000E-01
Scaling step by ................................  1.000E+00
 
Coordinate system: Mass-weighted Cartesian coordinates
Dimer method, rotation by line search with extrapolation
Dimer distance (mid- to endpoint) ..............  1.000E-02
Maximum number of dimer rotations ..............         40
Tolerance in rotation ..........................  2.000E+00 degrees
 
Number of atoms ................................         85
Number of input geometries .....................          2
Variables to be optimised ......................        510
No restart information is written
This run has not been restarted.
Maximum number of steps ........................      10000
Maximum number of energy evaluations ...........  100000000
 
dl-find/turbomole/=============================== Tstep:    2.6 Ttot:    2.6 ==
eandg
Size of integral file returned by statistics run:  12573
Spin: 
 Energy calculation finished, energy: -2.138679164E+03
Testing convergence of dimer midpoint in cycle    1
  Max grad  1.3717E-03 Target: 4.5000E-04 converged?   no component   232
  RMS grad  1.5052E-04 Target: 3.0000E-04 converged?  yes
Next calculation will be the dimer endpoint before rotation
dl-find/turbomole/=============================== Tstep:  234.1 Ttot:  236.7 ==
eandg
Spin: 
 Energy calculation finished, energy: -2.138679147E+03
Curvature at dimer midpoint                   -0.00449
Predicted dimer rotation angle:      1.517 deg
Dimer rotation converged after    0 steps
Writing TS-mode
Curvature after dimer rotation:               -0.00449
Frequency of transition mode  -344.272 cm^-1 (negative value denotes imaginary frequency)
Crossover temperature for tunnelling       78.83442 K
Restarting L-BFGS optimiser, instance: dimer rotation
Next calculation will be the dimer  midpoint
dl-find/turbomole/=============================== Tstep:  109.4 Ttot:  346.1 ==
eandg
Spin: 
 Energy calculation finished, energy: -2.138679158E+03
Testing convergence of dimer midpoint in cycle    2
    Energy  5.9630E-06 Target: 1.0000E-06 converged?   no
  Max step  7.7740E-03 Target: 1.8000E-03 converged?   no component    16
  RMS step  1.2524E-03 Target: 1.2000E-03 converged?   no
  Max grad  1.2659E-03 Target: 4.5000E-04 converged?   no component   232
  RMS grad  1.5509E-04 Target: 3.0000E-04 converged?  yes
Next calculation will be the dimer endpoint before rotation
dl-find/turbomole/=============================== Tstep:  109.2 Ttot:  455.3 ==
eandg
Spin: 
 Energy calculation finished, energy: -2.138679142E+03
Curvature at dimer midpoint                   -0.00448
Predicted dimer rotation angle:      1.440 deg
Dimer rotation converged after    0 steps
Writing TS-mode
Curvature after dimer rotation:               -0.00448
Frequency of transition mode  -344.039 cm^-1 (negative value denotes imaginary frequency)
Crossover temperature for tunnelling       78.78098 K
Restarting L-BFGS optimiser, instance: dimer rotation
Next calculation will be the dimer  midpoint
dl-find/turbomole/=============================== Tstep:  108.8 Ttot:  564.2 ==
eandg
Spin: 
 Energy calculation finished, energy: -2.138679020E+03
Testing convergence of dimer midpoint in cycle    3
    Energy  1.3761E-04 Target: 1.0000E-06 converged?   no
  Max step  3.5530E-02 Target: 1.8000E-03 converged?   no component    16
  RMS step  5.3327E-03 Target: 1.2000E-03 converged?   no
  Max grad  8.8303E-04 Target: 4.5000E-04 converged?   no component   232
  RMS grad  2.0096E-04 Target: 3.0000E-04 converged?  yes
Next calculation will be the dimer endpoint before rotation
dl-find/turbomole/=============================== Tstep:  132.1 Ttot:  696.3 ==
eandg
Spin: 
 Energy calculation finished, energy: -2.138679006E+03
Curvature at dimer midpoint                   -0.00441
Predicted dimer rotation angle:      6.642 deg
Next calculation will be the dimer endpoint after rotation
dl-find/turbomole/=============================== Tstep:  105.7 Ttot:  802.0 ==
eandg
Spin: 
 Energy calculation finished, energy: -2.138679006E+03
Curvature at dimer midpoint after rotation    -0.00024
Curvature at dimer minimum                    -0.00441
Actual dimer rotation angle:         0.181 deg
Dimer rotation converged after    1 steps
Writing TS-mode
Curvature after dimer rotation:               -0.00441
Frequency of transition mode  -341.550 cm^-1 (negative value denotes imaginary frequency)
Crossover temperature for tunnelling       78.21099 K
Restarting L-BFGS optimiser, instance: dimer rotation
Next calculation will be the dimer  midpoint
dl-find/turbomole/=============================== Tstep:   85.9 Ttot:  887.9 ==
eandg
Spin: 
 Energy calculation finished, energy: -2.138678904E+03
Testing convergence of dimer midpoint in cycle    4
    Energy  1.1589E-04 Target: 1.0000E-06 converged?   no
  Max step  6.1589E-02 Target: 1.8000E-03 converged?   no component    16
  RMS step  8.2293E-03 Target: 1.2000E-03 converged?   no
  Max grad  1.9124E-03 Target: 4.5000E-04 converged?   no component    60
  RMS grad  2.4060E-04 Target: 3.0000E-04 converged?  yes
Next calculation will be the dimer endpoint before rotation
dl-find/turbomole/=============================== Tstep:  143.5 Ttot: 1031.4 ==
eandg
Spin: 
 Energy calculation finished, energy: -2.138678898E+03
Curvature at dimer midpoint                   -0.00414
Predicted dimer rotation angle:      8.119 deg
Next calculation will be the dimer endpoint after rotation
dl-find/turbomole/=============================== Tstep:  111.4 Ttot: 1142.8 ==
eandg
Spin: 
 Energy calculation finished, energy: -2.138678896E+03
Curvature at dimer midpoint after rotation     0.00112
Curvature at dimer minimum                    -0.00414
Actual dimer rotation angle:         0.246 deg
Dimer rotation converged after    1 steps
Writing TS-mode
Curvature after dimer rotation:               -0.00414
Frequency of transition mode  -330.791 cm^-1 (negative value denotes imaginary frequency)
Crossover temperature for tunnelling       75.74722 K
Restarting L-BFGS optimiser, instance: dimer rotation
Next calculation will be the dimer  midpoint
dl-find/turbomole/=============================== Tstep:   96.6 Ttot: 1239.4 ==
eandg
Spin: 
 Energy calculation finished, energy: -2.138678585E+03
Testing convergence of dimer midpoint in cycle    5
    Energy  3.1905E-04 Target: 1.0000E-06 converged?   no
  Max step  9.5794E-02 Target: 1.8000E-03 converged?   no component    16
  RMS step  1.2443E-02 Target: 1.2000E-03 converged?   no
  Max grad  8.8606E-03 Target: 4.5000E-04 converged?   no component    60
  RMS grad  8.1994E-04 Target: 3.0000E-04 converged?   no
Next calculation will be the dimer endpoint before rotation
dl-find/turbomole/=============================== Tstep:  143.2 Ttot: 1382.6 ==
eandg
Spin: 
 Energy calculation finished, energy: -2.138678583E+03
Curvature at dimer midpoint                   -0.00347
Predicted dimer rotation angle:     14.564 deg
Next calculation will be the dimer endpoint after rotation
dl-find/turbomole/=============================== Tstep:  107.0 Ttot: 1489.6 ==
eandg
Spin: 
 Energy calculation finished, energy: -2.138678579E+03
Curvature at dimer midpoint after rotation     0.01036
Curvature at dimer minimum                    -0.00348
Actual dimer rotation angle:         0.474 deg
Dimer rotation converged after    1 steps
Writing TS-mode
Curvature after dimer rotation:               -0.00348
Frequency of transition mode  -303.358 cm^-1 (negative value denotes imaginary frequency)
Crossover temperature for tunnelling       69.46555 K
Restarting L-BFGS optimiser, instance: dimer rotation
Next calculation will be the dimer  midpoint
dl-find/turbomole/=============================== Tstep:   94.3 Ttot: 1583.9 ==
eandg
Spin: 
 Energy calculation finished, energy: -2.138678842E+03
Testing convergence of dimer midpoint in cycle    6
    Energy  2.5642E-04 Target: 1.0000E-06 converged?   no
  Max step  3.8786E-02 Target: 1.8000E-03 converged?   no component    16
  RMS step  5.3585E-03 Target: 1.2000E-03 converged?   no
  Max grad  6.6045E-04 Target: 4.5000E-04 converged?   no component   244
  RMS grad  1.4579E-04 Target: 3.0000E-04 converged?  yes
Next calculation will be the dimer endpoint before rotation
dl-find/turbomole/=============================== Tstep:  138.3 Ttot: 1722.2 ==
eandg
Spin: 
 Energy calculation finished, energy: -2.138678837E+03
Curvature at dimer midpoint                   -0.00377
Predicted dimer rotation angle:     13.455 deg
Next calculation will be the dimer endpoint after rotation
dl-find/turbomole/=============================== Tstep:  110.3 Ttot: 1832.5 ==
eandg
Spin: 
 Energy calculation finished, energy: -2.138678834E+03
Curvature at dimer midpoint after rotation     0.01471
Curvature at dimer minimum                    -0.00378
Actual dimer rotation angle:         0.307 deg
Dimer rotation converged after    1 steps
Writing TS-mode
Curvature after dimer rotation:               -0.00378
Frequency of transition mode  -315.996 cm^-1 (negative value denotes imaginary frequency)
Crossover temperature for tunnelling       72.35946 K
Restarting L-BFGS optimiser, instance: dimer rotation
Next calculation will be the dimer  midpoint
dl-find/turbomole/=============================== Tstep:   91.5 Ttot: 1923.9 ==
eandg
Spin: 
 Energy calculation finished, energy: -2.138678859E+03
Testing convergence of dimer midpoint in cycle    7
    Energy  1.6869E-05 Target: 1.0000E-06 converged?   no
  Max step  2.6782E-03 Target: 1.8000E-03 converged?   no component   244
  RMS step  5.3284E-04 Target: 1.2000E-03 converged?  yes
  Max grad  5.3364E-04 Target: 4.5000E-04 converged?   no component   244
  RMS grad  1.1833E-04 Target: 3.0000E-04 converged?  yes
Next calculation will be the dimer endpoint before rotation
dl-find/turbomole/=============================== Tstep:  116.9 Ttot: 2040.8 ==
eandg
Spin: 
 Energy calculation finished, energy: -2.138678854E+03
Curvature at dimer midpoint                   -0.00378
Predicted dimer rotation angle:      4.915 deg
Next calculation will be the dimer endpoint after rotation
dl-find/turbomole/=============================== Tstep:  110.9 Ttot: 2151.7 ==
eandg
Spin: 
 Energy calculation finished, energy: -2.138678854E+03
Curvature at dimer midpoint after rotation    -0.00313
Curvature at dimer minimum                    -0.00379
Actual dimer rotation angle:         0.362 deg
Dimer rotation converged after    1 steps
Writing TS-mode
Curvature after dimer rotation:               -0.00379
Frequency of transition mode  -316.324 cm^-1 (negative value denotes imaginary frequency)
Crossover temperature for tunnelling       72.43445 K
Restarting L-BFGS optimiser, instance: dimer rotation
Next calculation will be the dimer  midpoint
dl-find/turbomole/=============================== Tstep:   86.4 Ttot: 2238.1 ==
eandg
Spin: 
 Energy calculation finished, energy: -2.138678873E+03
Testing convergence of dimer midpoint in cycle    8
    Energy  1.3998E-05 Target: 1.0000E-06 converged?   no
  Max step  2.9763E-02 Target: 1.8000E-03 converged?   no component   232
  RMS step  4.2075E-03 Target: 1.2000E-03 converged?   no
  Max grad  1.5294E-03 Target: 4.5000E-04 converged?   no component    60
  RMS grad  1.4529E-04 Target: 3.0000E-04 converged?  yes
Next calculation will be the dimer endpoint before rotation
dl-find/turbomole/=============================== Tstep:  132.5 Ttot: 2370.6 ==
eandg
Spin: 
 Energy calculation finished, energy: -2.138678870E+03
Curvature at dimer midpoint                   -0.00363
Predicted dimer rotation angle:      7.944 deg
Next calculation will be the dimer endpoint after rotation
dl-find/turbomole/=============================== Tstep:  110.9 Ttot: 2481.5 ==
eandg
Spin: 
 Energy calculation finished, energy: -2.138678868E+03
Curvature at dimer midpoint after rotation     0.00278
Curvature at dimer minimum                    -0.00363
Actual dimer rotation angle:         0.169 deg
Dimer rotation converged after    1 steps
Writing TS-mode
Curvature after dimer rotation:               -0.00363
Frequency of transition mode  -309.905 cm^-1 (negative value denotes imaginary frequency)
Crossover temperature for tunnelling       70.96473 K
Restarting L-BFGS optimiser, instance: dimer rotation
Next calculation will be the dimer  midpoint
dl-find/turbomole/=============================== Tstep:   90.2 Ttot: 2571.7 ==
eandg
Spin: 
 Energy calculation finished, energy: -2.138678849E+03
Testing convergence of dimer midpoint in cycle    9
    Energy  2.3886E-05 Target: 1.0000E-06 converged?   no
  Max step  3.1768E-02 Target: 1.8000E-03 converged?   no component   232
  RMS step  4.2235E-03 Target: 1.2000E-03 converged?   no
  Max grad  2.2709E-03 Target: 4.5000E-04 converged?   no component    60
  RMS grad  3.1363E-04 Target: 3.0000E-04 converged?   no
Next calculation will be the dimer endpoint before rotation
dl-find/turbomole/=============================== Tstep:  130.7 Ttot: 2702.5 ==
eandg
Spin: 
 Energy calculation finished, energy: -2.138678847E+03
Curvature at dimer midpoint                   -0.00345
Predicted dimer rotation angle:      6.589 deg
Next calculation will be the dimer endpoint after rotation
dl-find/turbomole/=============================== Tstep:  111.7 Ttot: 2814.2 ==
eandg
Spin: 
 Energy calculation finished, energy: -2.138678845E+03
Curvature at dimer midpoint after rotation    -0.00066
Curvature at dimer minimum                    -0.00345
Actual dimer rotation angle:         0.205 deg
Dimer rotation converged after    1 steps
Writing TS-mode
Curvature after dimer rotation:               -0.00345
Frequency of transition mode  -302.127 cm^-1 (negative value denotes imaginary frequency)
Crossover temperature for tunnelling       69.18360 K
Restarting L-BFGS optimiser, instance: dimer rotation
Next calculation will be the dimer  midpoint
dl-find/turbomole/=============================== Tstep:   88.7 Ttot: 2902.9 ==
eandg
Spin: 
 Energy calculation finished, energy: -2.138678879E+03
Testing convergence of dimer midpoint in cycle   10
    Energy  3.0192E-05 Target: 1.0000E-06 converged?   no
  Max step  4.8133E-03 Target: 1.8000E-03 converged?   no component    60
  RMS step  8.1184E-04 Target: 1.2000E-03 converged?  yes
  Max grad  4.5881E-04 Target: 4.5000E-04 converged?   no component   245
  RMS grad  9.1472E-05 Target: 3.0000E-04 converged?  yes
Next calculation will be the dimer endpoint before rotation
dl-find/turbomole/=============================== Tstep:  119.6 Ttot: 3022.6 ==
eandg
Spin: 
 Energy calculation finished, energy: -2.138678876E+03
Curvature at dimer midpoint                   -0.00342
Predicted dimer rotation angle:      6.271 deg
Next calculation will be the dimer endpoint after rotation
dl-find/turbomole/=============================== Tstep:  104.8 Ttot: 3127.4 ==
eandg
Spin: 
 Energy calculation finished, energy: -2.138678877E+03
Curvature at dimer midpoint after rotation    -0.00074
Curvature at dimer minimum                    -0.00342
Actual dimer rotation angle:         0.183 deg
Dimer rotation converged after    1 steps
Writing TS-mode
Curvature after dimer rotation:               -0.00342
Frequency of transition mode  -300.559 cm^-1 (negative value denotes imaginary frequency)
Crossover temperature for tunnelling       68.82462 K
Restarting L-BFGS optimiser, instance: dimer rotation
Next calculation will be the dimer  midpoint
dl-find/turbomole/=============================== Tstep:   90.5 Ttot: 3217.9 ==
eandg
Spin: 
 Energy calculation finished, energy: -2.138678880E+03
Testing convergence of dimer midpoint in cycle   11
    Energy  1.6050E-06 Target: 1.0000E-06 converged?   no
  Max step  5.2452E-03 Target: 1.8000E-03 converged?   no component   232
  RMS step  7.2774E-04 Target: 1.2000E-03 converged?  yes
  Max grad  3.7042E-04 Target: 4.5000E-04 converged?  yes component   244
  RMS grad  6.2531E-05 Target: 3.0000E-04 converged?  yes
Next calculation will be the dimer endpoint before rotation
dl-find/turbomole/=============================== Tstep:  102.5 Ttot: 3320.4 ==
eandg
Spin: 
 Energy calculation finished, energy: -2.138678880E+03
Curvature at dimer midpoint                   -0.00337
Predicted dimer rotation angle:      6.183 deg
Next calculation will be the dimer endpoint after rotation
dl-find/turbomole/=============================== Tstep:  110.4 Ttot: 3430.8 ==
eandg
Spin: 
 Energy calculation finished, energy: -2.138678880E+03
Curvature at dimer midpoint after rotation    -0.00071
Curvature at dimer minimum                    -0.00337
Actual dimer rotation angle:         0.175 deg
Dimer rotation converged after    1 steps
Writing TS-mode
Curvature after dimer rotation:               -0.00337
Frequency of transition mode  -298.359 cm^-1 (negative value denotes imaginary frequency)
Crossover temperature for tunnelling       68.32079 K
Restarting L-BFGS optimiser, instance: dimer rotation
Next calculation will be the dimer  midpoint
dl-find/turbomole/=============================== Tstep:   89.0 Ttot: 3519.8 ==
eandg
Spin: 
 Energy calculation finished, energy: -2.138678887E+03
Testing convergence of dimer midpoint in cycle   12
    Energy  6.2580E-06 Target: 1.0000E-06 converged?   no
  Max step  1.4717E-02 Target: 1.8000E-03 converged?   no component   232
  RMS step  2.0462E-03 Target: 1.2000E-03 converged?   no
  Max grad  4.3132E-04 Target: 4.5000E-04 converged?  yes component   244
  RMS grad  6.7953E-05 Target: 3.0000E-04 converged?  yes
Next calculation will be the dimer endpoint before rotation
dl-find/turbomole/=============================== Tstep:  122.6 Ttot: 3642.4 ==
eandg
Spin: 
 Energy calculation finished, energy: -2.138678888E+03
Curvature at dimer midpoint                   -0.00327
Predicted dimer rotation angle:      5.928 deg
Next calculation will be the dimer endpoint after rotation
dl-find/turbomole/=============================== Tstep:  110.1 Ttot: 3752.5 ==
eandg
Spin: 
 Energy calculation finished, energy: -2.138678887E+03
Curvature at dimer midpoint after rotation    -0.00124
Curvature at dimer minimum                    -0.00327
Actual dimer rotation angle:         0.193 deg
Dimer rotation converged after    1 steps
Writing TS-mode
Curvature after dimer rotation:               -0.00327
Frequency of transition mode  -294.131 cm^-1 (negative value denotes imaginary frequency)
Crossover temperature for tunnelling       67.35258 K
Restarting L-BFGS optimiser, instance: dimer rotation
Next calculation will be the dimer  midpoint
dl-find/turbomole/=============================== Tstep:   88.7 Ttot: 3841.2 ==
eandg
Spin: 
 Energy calculation finished, energy: -2.138678896E+03
Testing convergence of dimer midpoint in cycle   13
    Energy  9.1630E-06 Target: 1.0000E-06 converged?   no
  Max step  9.4159E-03 Target: 1.8000E-03 converged?   no component   232
  RMS step  1.5482E-03 Target: 1.2000E-03 converged?   no
  Max grad  3.4176E-04 Target: 4.5000E-04 converged?  yes component   218
  RMS grad  6.0643E-05 Target: 3.0000E-04 converged?  yes
Next calculation will be the dimer endpoint before rotation
dl-find/turbomole/=============================== Tstep:  110.7 Ttot: 3952.0 ==
eandg
Spin: 
 Energy calculation finished, energy: -2.138678897E+03
Curvature at dimer midpoint                   -0.00323
Predicted dimer rotation angle:      6.354 deg
Next calculation will be the dimer endpoint after rotation
dl-find/turbomole/=============================== Tstep:  111.6 Ttot: 4063.5 ==
eandg
Spin: 
 Energy calculation finished, energy: -2.138678897E+03
Curvature at dimer midpoint after rotation     0.00006
Curvature at dimer minimum                    -0.00323
Actual dimer rotation angle:         0.148 deg
Dimer rotation converged after    1 steps
Writing TS-mode
Curvature after dimer rotation:               -0.00323
Frequency of transition mode  -292.129 cm^-1 (negative value denotes imaginary frequency)
Crossover temperature for tunnelling       66.89425 K
Restarting L-BFGS optimiser, instance: dimer rotation
Next calculation will be the dimer  midpoint
dl-find/turbomole/=============================== Tstep:   89.0 Ttot: 4152.5 ==
eandg
Spin: 
 Energy calculation finished, energy: -2.138678899E+03
Testing convergence of dimer midpoint in cycle   14
    Energy  3.5450E-06 Target: 1.0000E-06 converged?   no
  Max step  1.4598E-02 Target: 1.8000E-03 converged?   no component   232
  RMS step  2.9064E-03 Target: 1.2000E-03 converged?   no
  Max grad  2.0390E-03 Target: 4.5000E-04 converged?   no component   245
  RMS grad  2.0871E-04 Target: 3.0000E-04 converged?  yes
Next calculation will be the dimer endpoint before rotation
dl-find/turbomole/=============================== Tstep:  123.7 Ttot: 4276.2 ==
eandg
Spin: 
 Energy calculation finished, energy: -2.138678902E+03
Curvature at dimer midpoint                   -0.00310
Predicted dimer rotation angle:      6.212 deg
Next calculation will be the dimer endpoint after rotation
dl-find/turbomole/=============================== Tstep:  111.4 Ttot: 4387.6 ==
eandg
Spin: 
 Energy calculation finished, energy: -2.138678902E+03
Curvature at dimer midpoint after rotation    -0.00086
Curvature at dimer minimum                    -0.00311
Actual dimer rotation angle:         0.192 deg
Dimer rotation converged after    1 steps
Writing TS-mode
Curvature after dimer rotation:               -0.00311
Frequency of transition mode  -286.459 cm^-1 (negative value denotes imaginary frequency)
Crossover temperature for tunnelling       65.59586 K
Restarting L-BFGS optimiser, instance: dimer rotation
Next calculation will be the dimer  midpoint
dl-find/turbomole/=============================== Tstep:   92.5 Ttot: 4480.1 ==
eandg
Spin: 
 Energy calculation finished, energy: -2.138678909E+03
Testing convergence of dimer midpoint in cycle   15
    Energy  9.3600E-06 Target: 1.0000E-06 converged?   no
  Max step  4.7640E-03 Target: 1.8000E-03 converged?   no component   244
  RMS step  5.4818E-04 Target: 1.2000E-03 converged?  yes
  Max grad  3.5491E-04 Target: 4.5000E-04 converged?  yes component   245
  RMS grad  4.4891E-05 Target: 3.0000E-04 converged?  yes
Next calculation will be the dimer endpoint before rotation
dl-find/turbomole/=============================== Tstep:  118.1 Ttot: 4598.3 ==
eandg
Spin: 
 Energy calculation finished, energy: -2.138678911E+03
Curvature at dimer midpoint                   -0.00314
Predicted dimer rotation angle:      6.118 deg
Next calculation will be the dimer endpoint after rotation
dl-find/turbomole/=============================== Tstep:  107.7 Ttot: 4706.0 ==
eandg
Spin: 
 Energy calculation finished, energy: -2.138678910E+03
Curvature at dimer midpoint after rotation    -0.00001
Curvature at dimer minimum                    -0.00315
Actual dimer rotation angle:         0.136 deg
Dimer rotation converged after    1 steps
Writing TS-mode
Curvature after dimer rotation:               -0.00315
Frequency of transition mode  -288.294 cm^-1 (negative value denotes imaginary frequency)
Crossover temperature for tunnelling       66.01603 K
Restarting L-BFGS optimiser, instance: dimer rotation
Next calculation will be the dimer  midpoint
dl-find/turbomole/=============================== Tstep:   88.6 Ttot: 4794.7 ==
eandg
Spin: 
 Energy calculation finished, energy: -2.138678914E+03
Testing convergence of dimer midpoint in cycle   16
    Energy  5.0890E-06 Target: 1.0000E-06 converged?   no
  Max step  1.8251E-03 Target: 1.8000E-03 converged?   no component    16
  RMS step  3.2654E-04 Target: 1.2000E-03 converged?  yes
  Max grad  1.3511E-04 Target: 4.5000E-04 converged?  yes component   244
  RMS grad  3.4384E-05 Target: 3.0000E-04 converged?  yes
Next calculation will be the dimer endpoint before rotation
dl-find/turbomole/=============================== Tstep:  109.9 Ttot: 4904.6 ==
eandg
Spin: 
 Energy calculation finished, energy: -2.138678916E+03
Curvature at dimer midpoint                   -0.00317
Predicted dimer rotation angle:      4.227 deg
Next calculation will be the dimer endpoint after rotation
dl-find/turbomole/=============================== Tstep:  107.3 Ttot: 5011.9 ==
eandg
Spin: 
 Energy calculation finished, energy: -2.138678915E+03
Curvature at dimer midpoint after rotation    -0.00216
Curvature at dimer minimum                    -0.00317
Actual dimer rotation angle:         0.135 deg
Dimer rotation converged after    1 steps
Writing TS-mode
Curvature after dimer rotation:               -0.00317
Frequency of transition mode  -289.432 cm^-1 (negative value denotes imaginary frequency)
Crossover temperature for tunnelling       66.27649 K
Restarting L-BFGS optimiser, instance: dimer rotation
Next calculation will be the dimer  midpoint
dl-find/turbomole/=============================== Tstep:   92.0 Ttot: 5103.9 ==
eandg
Spin: 
 Energy calculation finished, energy: -2.138678922E+03
Testing convergence of dimer midpoint in cycle   17
    Energy  8.0100E-06 Target: 1.0000E-06 converged?   no
  Max step  4.3874E-03 Target: 1.8000E-03 converged?   no component     3
  RMS step  1.2077E-03 Target: 1.2000E-03 converged?   no
  Max grad  3.9821E-04 Target: 4.5000E-04 converged?  yes component   244
  RMS grad  5.0150E-05 Target: 3.0000E-04 converged?  yes
Next calculation will be the dimer endpoint before rotation
dl-find/turbomole/=============================== Tstep:  111.6 Ttot: 5215.5 ==
eandg
Spin: 
 Energy calculation finished, energy: -2.138678924E+03
Curvature at dimer midpoint                   -0.00316
Predicted dimer rotation angle:      4.442 deg
Next calculation will be the dimer endpoint after rotation
dl-find/turbomole/=============================== Tstep:  107.7 Ttot: 5323.2 ==
eandg
Spin: 
 Energy calculation finished, energy: -2.138678923E+03
Curvature at dimer midpoint after rotation    -0.00174
Curvature at dimer minimum                    -0.00316
Actual dimer rotation angle:         0.113 deg
Dimer rotation converged after    1 steps
Writing TS-mode
Curvature after dimer rotation:               -0.00316
Frequency of transition mode  -289.008 cm^-1 (negative value denotes imaginary frequency)
Crossover temperature for tunnelling       66.17940 K
Restarting L-BFGS optimiser, instance: dimer rotation
Next calculation will be the dimer  midpoint
dl-find/turbomole/=============================== Tstep:   82.4 Ttot: 5405.6 ==
eandg
Spin: 
 Energy calculation finished, energy: -2.138678930E+03
Testing convergence of dimer midpoint in cycle   18
    Energy  8.4740E-06 Target: 1.0000E-06 converged?   no
  Max step  7.2555E-03 Target: 1.8000E-03 converged?   no component     3
  RMS step  1.9134E-03 Target: 1.2000E-03 converged?   no
  Max grad  5.4521E-04 Target: 4.5000E-04 converged?   no component   244
  RMS grad  6.6571E-05 Target: 3.0000E-04 converged?  yes
Next calculation will be the dimer endpoint before rotation
dl-find/turbomole/=============================== Tstep:  115.6 Ttot: 5521.2 ==
eandg
Spin: 
 Energy calculation finished, energy: -2.138678932E+03
Curvature at dimer midpoint                   -0.00319
Predicted dimer rotation angle:      4.116 deg
Next calculation will be the dimer endpoint after rotation
dl-find/turbomole/=============================== Tstep:  107.8 Ttot: 5629.0 ==
eandg
Spin: 
 Energy calculation finished, energy: -2.138678932E+03
Curvature at dimer midpoint after rotation    -0.00186
Curvature at dimer minimum                    -0.00319
Actual dimer rotation angle:         0.098 deg
Dimer rotation converged after    1 steps
Writing TS-mode
Curvature after dimer rotation:               -0.00319
Frequency of transition mode  -290.184 cm^-1 (negative value denotes imaginary frequency)
Crossover temperature for tunnelling       66.44890 K
Restarting L-BFGS optimiser, instance: dimer rotation
Next calculation will be the dimer  midpoint
dl-find/turbomole/=============================== Tstep:   92.2 Ttot: 5721.2 ==
eandg
Spin: 
 Energy calculation finished, energy: -2.138678919E+03
Testing convergence of dimer midpoint in cycle   19
    Energy  1.1814E-05 Target: 1.0000E-06 converged?   no
  Max step  2.3955E-02 Target: 1.8000E-03 converged?   no component     3
  RMS step  6.4189E-03 Target: 1.2000E-03 converged?   no
  Max grad  1.5729E-03 Target: 4.5000E-04 converged?   no component    88
  RMS grad  2.1583E-04 Target: 3.0000E-04 converged?  yes
Next calculation will be the dimer endpoint before rotation
dl-find/turbomole/=============================== Tstep:  116.6 Ttot: 5837.7 ==
eandg
Spin: 
 Energy calculation finished, energy: -2.138678920E+03
Curvature at dimer midpoint                   -0.00313
Predicted dimer rotation angle:      4.009 deg
Next calculation will be the dimer endpoint after rotation
dl-find/turbomole/=============================== Tstep:  106.3 Ttot: 5944.0 ==
eandg
Spin: 
 Energy calculation finished, energy: -2.138678920E+03
Curvature at dimer midpoint after rotation    -0.00228
Curvature at dimer minimum                    -0.00313
Actual dimer rotation angle:         0.135 deg
Dimer rotation converged after    1 steps
Writing TS-mode
Curvature after dimer rotation:               -0.00313
Frequency of transition mode  -287.728 cm^-1 (negative value denotes imaginary frequency)
Crossover temperature for tunnelling       65.88630 K
Restarting L-BFGS optimiser, instance: dimer rotation
Next calculation will be the dimer  midpoint
dl-find/turbomole/=============================== Tstep:   81.6 Ttot: 6025.6 ==
eandg
Spin: 
 Energy calculation finished, energy: -2.138678935E+03
Testing convergence of dimer midpoint in cycle   20
    Energy  1.6266E-05 Target: 1.0000E-06 converged?   no
  Max step  4.9364E-03 Target: 1.8000E-03 converged?   no component     3
  RMS step  1.5047E-03 Target: 1.2000E-03 converged?   no
  Max grad  4.7912E-04 Target: 4.5000E-04 converged?   no component   244
  RMS grad  7.2870E-05 Target: 3.0000E-04 converged?  yes
Next calculation will be the dimer endpoint before rotation
dl-find/turbomole/=============================== Tstep:  118.1 Ttot: 6143.7 ==
eandg
Spin: 
 Energy calculation finished, energy: -2.138678937E+03
Curvature at dimer midpoint                   -0.00313
Predicted dimer rotation angle:      4.003 deg
Next calculation will be the dimer endpoint after rotation
dl-find/turbomole/=============================== Tstep:  110.1 Ttot: 6253.8 ==
eandg
Spin: 
 Energy calculation finished, energy: -2.138678937E+03
Curvature at dimer midpoint after rotation    -0.00199
Curvature at dimer minimum                    -0.00313
Actual dimer rotation angle:         0.102 deg
Dimer rotation converged after    1 steps
Writing TS-mode
Curvature after dimer rotation:               -0.00313
Frequency of transition mode  -287.412 cm^-1 (negative value denotes imaginary frequency)
Crossover temperature for tunnelling       65.81405 K
Restarting L-BFGS optimiser, instance: dimer rotation
Next calculation will be the dimer  midpoint
dl-find/turbomole/=============================== Tstep:   87.6 Ttot: 6341.4 ==
eandg
Spin: 
 Energy calculation finished, energy: -2.138678942E+03
Testing convergence of dimer midpoint in cycle   21
    Energy  7.4810E-06 Target: 1.0000E-06 converged?   no
  Max step  4.3547E-03 Target: 1.8000E-03 converged?   no component     7
  RMS step  1.2746E-03 Target: 1.2000E-03 converged?   no
  Max grad  2.3516E-04 Target: 4.5000E-04 converged?  yes component   244
  RMS grad  5.7809E-05 Target: 3.0000E-04 converged?  yes
Next calculation will be the dimer endpoint before rotation
dl-find/turbomole/=============================== Tstep:  113.0 Ttot: 6454.5 ==
eandg
Spin: 
 Energy calculation finished, energy: -2.138678944E+03
Curvature at dimer midpoint                   -0.00311
Predicted dimer rotation angle:      3.534 deg
Next calculation will be the dimer endpoint after rotation
dl-find/turbomole/=============================== Tstep:  111.0 Ttot: 6565.5 ==
eandg
Spin: 
 Energy calculation finished, energy: -2.138678944E+03
Curvature at dimer midpoint after rotation    -0.00238
Curvature at dimer minimum                    -0.00311
Actual dimer rotation angle:         0.108 deg
Dimer rotation converged after    1 steps
Writing TS-mode
Curvature after dimer rotation:               -0.00311
Frequency of transition mode  -286.541 cm^-1 (negative value denotes imaginary frequency)
Crossover temperature for tunnelling       65.61457 K
Restarting L-BFGS optimiser, instance: dimer rotation
Next calculation will be the dimer  midpoint
dl-find/turbomole/=============================== Tstep:   82.7 Ttot: 6648.2 ==
eandg
Spin: 
 Energy calculation finished, energy: -2.138678925E+03
Testing convergence of dimer midpoint in cycle   22
    Energy  1.7558E-05 Target: 1.0000E-06 converged?   no
  Max step  1.1603E-02 Target: 1.8000E-03 converged?   no component     7
  RMS step  3.4025E-03 Target: 1.2000E-03 converged?   no
  Max grad  3.6524E-04 Target: 4.5000E-04 converged?  yes component   245
  RMS grad  7.5654E-05 Target: 3.0000E-04 converged?  yes
Next calculation will be the dimer endpoint before rotation
dl-find/turbomole/=============================== Tstep:  116.2 Ttot: 6764.4 ==
eandg
Spin: 
 Energy calculation finished, energy: -2.138678927E+03
Curvature at dimer midpoint                   -0.00307
Predicted dimer rotation angle:      4.146 deg
Next calculation will be the dimer endpoint after rotation
dl-find/turbomole/=============================== Tstep:  112.6 Ttot: 6877.0 ==
eandg
Spin: 
 Energy calculation finished, energy: -2.138678927E+03
Curvature at dimer midpoint after rotation    -0.00188
Curvature at dimer minimum                    -0.00307
Actual dimer rotation angle:         0.107 deg
Dimer rotation converged after    1 steps
Writing TS-mode
Curvature after dimer rotation:               -0.00307
Frequency of transition mode  -285.013 cm^-1 (negative value denotes imaginary frequency)
Crossover temperature for tunnelling       65.26466 K
Restarting L-BFGS optimiser, instance: dimer rotation
Next calculation will be the dimer  midpoint
dl-find/turbomole/=============================== Tstep:   86.6 Ttot: 6963.6 ==
eandg
Spin: 
 Energy calculation finished, energy: -2.138678939E+03
Testing convergence of dimer midpoint in cycle   23
    Energy  1.3883E-05 Target: 1.0000E-06 converged?   no
  Max step  1.7208E-02 Target: 1.8000E-03 converged?   no component   229
  RMS step  5.1483E-03 Target: 1.2000E-03 converged?   no
  Max grad  6.1337E-04 Target: 4.5000E-04 converged?   no component   245
  RMS grad  9.5275E-05 Target: 3.0000E-04 converged?  yes
Next calculation will be the dimer endpoint before rotation
dl-find/turbomole/=============================== Tstep:  118.5 Ttot: 7082.2 ==
eandg
Spin: 
 Energy calculation finished, energy: -2.138678941E+03
Curvature at dimer midpoint                   -0.00309
Predicted dimer rotation angle:      3.877 deg
Next calculation will be the dimer endpoint after rotation
dl-find/turbomole/=============================== Tstep:  107.8 Ttot: 7190.0 ==
eandg
Spin: 
 Energy calculation finished, energy: -2.138678941E+03
Curvature at dimer midpoint after rotation    -0.00210
Curvature at dimer minimum                    -0.00309
Actual dimer rotation angle:         0.105 deg
Dimer rotation converged after    1 steps
Writing TS-mode
Curvature after dimer rotation:               -0.00309
Frequency of transition mode  -285.686 cm^-1 (negative value denotes imaginary frequency)
Crossover temperature for tunnelling       65.41873 K
Restarting L-BFGS optimiser, instance: dimer rotation
Next calculation will be the dimer  midpoint
dl-find/turbomole/=============================== Tstep:   87.1 Ttot: 7277.1 ==
eandg
Spin: 
 Energy calculation finished, energy: -2.138678925E+03
Testing convergence of dimer midpoint in cycle   24
    Energy  1.3402E-05 Target: 1.0000E-06 converged?   no
  Max step  4.7168E-02 Target: 1.8000E-03 converged?   no component   145
  RMS step  1.3933E-02 Target: 1.2000E-03 converged?   no
  Max grad  1.3574E-03 Target: 4.5000E-04 converged?   no component   154
  RMS grad  2.5402E-04 Target: 3.0000E-04 converged?  yes
Next calculation will be the dimer endpoint before rotation
dl-find/turbomole/=============================== Tstep:  134.7 Ttot: 7411.9 ==
eandg
Spin: 
 Energy calculation finished, energy: -2.138678928E+03
Curvature at dimer midpoint                   -0.00312
Predicted dimer rotation angle:      6.071 deg
Next calculation will be the dimer endpoint after rotation
dl-find/turbomole/=============================== Tstep:  108.1 Ttot: 7520.0 ==
eandg
Spin: 
 Energy calculation finished, energy: -2.138678927E+03
Curvature at dimer midpoint after rotation    -0.00034
Curvature at dimer minimum                    -0.00312
Actual dimer rotation angle:         0.147 deg
Dimer rotation converged after    1 steps
Writing TS-mode
Curvature after dimer rotation:               -0.00312
Frequency of transition mode  -287.335 cm^-1 (negative value denotes imaginary frequency)
Crossover temperature for tunnelling       65.79631 K
Restarting L-BFGS optimiser, instance: dimer rotation
Next calculation will be the dimer  midpoint
dl-find/turbomole/=============================== Tstep:   88.4 Ttot: 7608.3 ==
eandg
Spin: 
 Energy calculation finished, energy: -2.138678954E+03
Testing convergence of dimer midpoint in cycle   25
    Energy  2.8978E-05 Target: 1.0000E-06 converged?   no
  Max step  6.6931E-03 Target: 1.8000E-03 converged?   no component   232
  RMS step  1.7313E-03 Target: 1.2000E-03 converged?   no
  Max grad  3.6557E-04 Target: 4.5000E-04 converged?  yes component   244
  RMS grad  7.0118E-05 Target: 3.0000E-04 converged?  yes
Next calculation will be the dimer endpoint before rotation
dl-find/turbomole/=============================== Tstep:  129.1 Ttot: 7737.4 ==
eandg
Spin: 
 Energy calculation finished, energy: -2.138678956E+03
Curvature at dimer midpoint                   -0.00317
Predicted dimer rotation angle:      3.735 deg
Next calculation will be the dimer endpoint after rotation
dl-find/turbomole/=============================== Tstep:  107.5 Ttot: 7844.9 ==
eandg
Spin: 
 Energy calculation finished, energy: -2.138678956E+03
Curvature at dimer midpoint after rotation    -0.00237
Curvature at dimer minimum                    -0.00317
Actual dimer rotation angle:         0.118 deg
Dimer rotation converged after    1 steps
Writing TS-mode
Curvature after dimer rotation:               -0.00317
Frequency of transition mode  -289.606 cm^-1 (negative value denotes imaginary frequency)
Crossover temperature for tunnelling       66.31648 K
Restarting L-BFGS optimiser, instance: dimer rotation
Next calculation will be the dimer  midpoint
dl-find/turbomole/=============================== Tstep:   84.8 Ttot: 7929.6 ==
eandg
Spin: 
 Energy calculation finished, energy: -2.138678960E+03
Testing convergence of dimer midpoint in cycle   26
    Energy  5.8750E-06 Target: 1.0000E-06 converged?   no
  Max step  5.7894E-03 Target: 1.8000E-03 converged?   no component   232
  RMS step  7.3640E-04 Target: 1.2000E-03 converged?  yes
  Max grad  1.8762E-04 Target: 4.5000E-04 converged?  yes component    16
  RMS grad  5.8830E-05 Target: 3.0000E-04 converged?  yes
Next calculation will be the dimer endpoint before rotation
dl-find/turbomole/=============================== Tstep:  112.7 Ttot: 8042.4 ==
eandg
Spin: 
 Energy calculation finished, energy: -2.138678962E+03
Curvature at dimer midpoint                   -0.00323
Predicted dimer rotation angle:      3.876 deg
Next calculation will be the dimer endpoint after rotation
dl-find/turbomole/=============================== Tstep:  107.7 Ttot: 8150.1 ==
eandg
Spin: 
 Energy calculation finished, energy: -2.138678962E+03
Curvature at dimer midpoint after rotation    -0.00189
Curvature at dimer minimum                    -0.00323
Actual dimer rotation angle:         0.082 deg
Dimer rotation converged after    1 steps
Writing TS-mode
Curvature after dimer rotation:               -0.00323
Frequency of transition mode  -292.110 cm^-1 (negative value denotes imaginary frequency)
Crossover temperature for tunnelling       66.88982 K
Restarting L-BFGS optimiser, instance: dimer rotation
Next calculation will be the dimer  midpoint
dl-find/turbomole/=============================== Tstep:   85.5 Ttot: 8235.5 ==
eandg
Spin: 
 Energy calculation finished, energy: -2.138678967E+03
Testing convergence of dimer midpoint in cycle   27
    Energy  7.1940E-06 Target: 1.0000E-06 converged?   no
  Max step  1.0486E-02 Target: 1.8000E-03 converged?   no component   232
  RMS step  2.7358E-03 Target: 1.2000E-03 converged?   no
  Max grad  3.1199E-04 Target: 4.5000E-04 converged?  yes component   245
  RMS grad  7.1285E-05 Target: 3.0000E-04 converged?  yes
Next calculation will be the dimer endpoint before rotation
dl-find/turbomole/=============================== Tstep:  118.4 Ttot: 8353.9 ==
eandg
Spin: 
 Energy calculation finished, energy: -2.138678969E+03
Curvature at dimer midpoint                   -0.00330
Predicted dimer rotation angle:      2.644 deg
Next calculation will be the dimer endpoint after rotation
dl-find/turbomole/=============================== Tstep:  108.1 Ttot: 8462.0 ==
eandg
Spin: 
 Energy calculation finished, energy: -2.138678969E+03
Curvature at dimer midpoint after rotation    -0.00286
Curvature at dimer minimum                    -0.00330
Actual dimer rotation angle:         0.080 deg
Dimer rotation converged after    1 steps
Writing TS-mode
Curvature after dimer rotation:               -0.00330
Frequency of transition mode  -295.371 cm^-1 (negative value denotes imaginary frequency)
Crossover temperature for tunnelling       67.63658 K
Restarting L-BFGS optimiser, instance: dimer rotation
Next calculation will be the dimer  midpoint
dl-find/turbomole/=============================== Tstep:   81.1 Ttot: 8543.1 ==
eandg
Spin: 
 Energy calculation finished, energy: -2.138678978E+03
Testing convergence of dimer midpoint in cycle   28
    Energy  1.1080E-05 Target: 1.0000E-06 converged?   no
  Max step  2.0717E-02 Target: 1.8000E-03 converged?   no component   166
  RMS step  5.6579E-03 Target: 1.2000E-03 converged?   no
  Max grad  5.7373E-04 Target: 4.5000E-04 converged?   no component   245
  RMS grad  1.1251E-04 Target: 3.0000E-04 converged?  yes
Next calculation will be the dimer endpoint before rotation
dl-find/turbomole/=============================== Tstep:  122.5 Ttot: 8665.6 ==
eandg
Spin: 
 Energy calculation finished, energy: -2.138678979E+03
Curvature at dimer midpoint                   -0.00339
Predicted dimer rotation angle:      2.342 deg
Next calculation will be the dimer endpoint after rotation
dl-find/turbomole/=============================== Tstep:  113.4 Ttot: 8779.0 ==
eandg
Spin: 
 Energy calculation finished, energy: -2.138678979E+03
Curvature at dimer midpoint after rotation    -0.00309
Curvature at dimer minimum                    -0.00339
Actual dimer rotation angle:         0.082 deg
Dimer rotation converged after    1 steps
Writing TS-mode
Curvature after dimer rotation:               -0.00339
Frequency of transition mode  -299.150 cm^-1 (negative value denotes imaginary frequency)
Crossover temperature for tunnelling       68.50191 K
Restarting L-BFGS optimiser, instance: dimer rotation
Next calculation will be the dimer  midpoint
dl-find/turbomole/=============================== Tstep:   80.8 Ttot: 8859.8 ==
eandg
Spin: 
 Energy calculation finished, energy: -2.138678984E+03
Testing convergence of dimer midpoint in cycle   29
    Energy  5.8040E-06 Target: 1.0000E-06 converged?   no
  Max step  3.5705E-02 Target: 1.8000E-03 converged?   no component   166
  RMS step  9.5986E-03 Target: 1.2000E-03 converged?   no
  Max grad  5.1964E-04 Target: 4.5000E-04 converged?   no component   154
  RMS grad  1.0090E-04 Target: 3.0000E-04 converged?  yes
Next calculation will be the dimer endpoint before rotation
dl-find/turbomole/=============================== Tstep:  126.9 Ttot: 8986.7 ==
eandg
Spin: 
 Energy calculation finished, energy: -2.138678985E+03
Curvature at dimer midpoint                   -0.00348
Predicted dimer rotation angle:      3.215 deg
Next calculation will be the dimer endpoint after rotation
dl-find/turbomole/=============================== Tstep:  107.0 Ttot: 9093.7 ==
eandg
Spin: 
 Energy calculation finished, energy: -2.138678985E+03
Curvature at dimer midpoint after rotation    -0.00262
Curvature at dimer minimum                    -0.00348
Actual dimer rotation angle:         0.078 deg
Dimer rotation converged after    1 steps
Writing TS-mode
Curvature after dimer rotation:               -0.00348
Frequency of transition mode  -303.247 cm^-1 (negative value denotes imaginary frequency)
Crossover temperature for tunnelling       69.44006 K
Restarting L-BFGS optimiser, instance: dimer rotation
Next calculation will be the dimer  midpoint
dl-find/turbomole/=============================== Tstep:   56.2 Ttot: 9149.9 ==
eandg
Spin: 
 Energy calculation finished, energy: -2.138678992E+03
Testing convergence of dimer midpoint in cycle   30
    Energy  8.1120E-06 Target: 1.0000E-06 converged?   no
  Max step  8.3501E-03 Target: 1.8000E-03 converged?   no component   166
  RMS step  2.2445E-03 Target: 1.2000E-03 converged?   no
  Max grad  2.0157E-04 Target: 4.5000E-04 converged?  yes component   245
  RMS grad  5.9309E-05 Target: 3.0000E-04 converged?  yes
Next calculation will be the dimer endpoint before rotation
dl-find/turbomole/=============================== Tstep:  116.9 Ttot: 9266.8 ==
eandg
Spin: 
 Energy calculation finished, energy: -2.138678993E+03
Curvature at dimer midpoint                   -0.00348
Predicted dimer rotation angle:      2.204 deg
Next calculation will be the dimer endpoint after rotation
dl-find/turbomole/=============================== Tstep:  111.7 Ttot: 9378.5 ==
eandg
Spin: 
 Energy calculation finished, energy: -2.138678993E+03
Curvature at dimer midpoint after rotation    -0.00324
Curvature at dimer minimum                    -0.00348
Actual dimer rotation angle:         0.089 deg
Dimer rotation converged after    1 steps
Writing TS-mode
Curvature after dimer rotation:               -0.00348
Frequency of transition mode  -303.145 cm^-1 (negative value denotes imaginary frequency)
Crossover temperature for tunnelling       69.41674 K
Restarting L-BFGS optimiser, instance: dimer rotation
Next calculation will be the dimer  midpoint
dl-find/turbomole/=============================== Tstep:   85.1 Ttot: 9463.6 ==
eandg
Spin: 
 Energy calculation finished, energy: -2.138678997E+03
Testing convergence of dimer midpoint in cycle   31
    Energy  4.6770E-06 Target: 1.0000E-06 converged?   no
  Max step  1.1997E-02 Target: 1.8000E-03 converged?   no component   166
  RMS step  3.2216E-03 Target: 1.2000E-03 converged?   no
  Max grad  2.4085E-04 Target: 4.5000E-04 converged?  yes component   245
  RMS grad  6.9854E-05 Target: 3.0000E-04 converged?  yes
Next calculation will be the dimer endpoint before rotation
dl-find/turbomole/=============================== Tstep:  123.5 Ttot: 9587.1 ==
eandg
Spin: 
 Energy calculation finished, energy: -2.138678998E+03
Curvature at dimer midpoint                   -0.00348
Predicted dimer rotation angle:      2.512 deg
Next calculation will be the dimer endpoint after rotation
dl-find/turbomole/=============================== Tstep:  108.8 Ttot: 9695.9 ==
eandg
Spin: 
 Energy calculation finished, energy: -2.138678998E+03
Curvature at dimer midpoint after rotation    -0.00294
Curvature at dimer minimum                    -0.00348
Actual dimer rotation angle:         0.059 deg
Dimer rotation converged after    1 steps
Writing TS-mode
Curvature after dimer rotation:               -0.00348
Frequency of transition mode  -303.281 cm^-1 (negative value denotes imaginary frequency)
Crossover temperature for tunnelling       69.44774 K
Restarting L-BFGS optimiser, instance: dimer rotation
Next calculation will be the dimer  midpoint
dl-find/turbomole/=============================== Tstep:   82.3 Ttot: 9778.1 ==
eandg
Spin: 
 Energy calculation finished, energy: -2.138679002E+03
Testing convergence of dimer midpoint in cycle   32
    Energy  4.8750E-06 Target: 1.0000E-06 converged?   no
  Max step  1.1171E-02 Target: 1.8000E-03 converged?   no component   166
  RMS step  2.9374E-03 Target: 1.2000E-03 converged?   no
  Max grad  9.0593E-04 Target: 4.5000E-04 converged?   no component    83
  RMS grad  9.5181E-05 Target: 3.0000E-04 converged?  yes
Next calculation will be the dimer endpoint before rotation
dl-find/turbomole/=============================== Tstep:  124.4 Ttot: 9902.6 ==
eandg
Spin: 
 Energy calculation finished, energy: -2.138679002E+03
Curvature at dimer midpoint                   -0.00350
Predicted dimer rotation angle:      2.900 deg
Next calculation will be the dimer endpoint after rotation
dl-find/turbomole/=============================== Tstep:  111.3 Ttot:10013.9 ==
eandg
Spin: 
 Energy calculation finished, energy: -2.138679003E+03
Curvature at dimer midpoint after rotation    -0.00318
Curvature at dimer minimum                    -0.00350
Actual dimer rotation angle:         0.146 deg
Dimer rotation converged after    1 steps
Writing TS-mode
Curvature after dimer rotation:               -0.00350
Frequency of transition mode  -304.268 cm^-1 (negative value denotes imaginary frequency)
Crossover temperature for tunnelling       69.67376 K
Restarting L-BFGS optimiser, instance: dimer rotation
Next calculation will be the dimer  midpoint
dl-find/turbomole/=============================== Tstep:   80.6 Ttot:10094.4 ==
eandg
Spin: 
 Energy calculation finished, energy: -2.138679007E+03
Testing convergence of dimer midpoint in cycle   33
    Energy  5.7130E-06 Target: 1.0000E-06 converged?   no
  Max step  6.7436E-03 Target: 1.8000E-03 converged?   no component   232
  RMS step  1.3208E-03 Target: 1.2000E-03 converged?   no
  Max grad  4.2047E-04 Target: 4.5000E-04 converged?  yes component    83
  RMS grad  6.1435E-05 Target: 3.0000E-04 converged?  yes
Next calculation will be the dimer endpoint before rotation
dl-find/turbomole/=============================== Tstep:  115.7 Ttot:10210.1 ==
eandg
Spin: 
 Energy calculation finished, energy: -2.138679008E+03
Curvature at dimer midpoint                   -0.00354
Predicted dimer rotation angle:      3.771 deg
Next calculation will be the dimer endpoint after rotation
dl-find/turbomole/=============================== Tstep:  111.3 Ttot:10321.5 ==
eandg
Spin: 
 Energy calculation finished, energy: -2.138679006E+03
Curvature at dimer midpoint after rotation    -0.00210
Curvature at dimer minimum                    -0.00354
Actual dimer rotation angle:         0.077 deg
Dimer rotation converged after    1 steps
Writing TS-mode
Curvature after dimer rotation:               -0.00354
Frequency of transition mode  -305.752 cm^-1 (negative value denotes imaginary frequency)
Crossover temperature for tunnelling       70.01359 K
Restarting L-BFGS optimiser, instance: dimer rotation
Next calculation will be the dimer  midpoint
dl-find/turbomole/=============================== Tstep:   87.8 Ttot:10409.3 ==
eandg
Spin: 
 Energy calculation finished, energy: -2.138679003E+03
Testing convergence of dimer midpoint in cycle   34
    Energy  4.4700E-06 Target: 1.0000E-06 converged?   no
  Max step  1.6449E-02 Target: 1.8000E-03 converged?   no component   232
  RMS step  3.2703E-03 Target: 1.2000E-03 converged?   no
  Max grad  2.0080E-04 Target: 4.5000E-04 converged?  yes component   155
  RMS grad  4.7189E-05 Target: 3.0000E-04 converged?  yes
Next calculation will be the dimer endpoint before rotation
dl-find/turbomole/=============================== Tstep:  119.9 Ttot:10529.2 ==
eandg
Spin: 
 Energy calculation finished, energy: -2.138679003E+03
Curvature at dimer midpoint                   -0.00360
Predicted dimer rotation angle:      2.150 deg
Next calculation will be the dimer endpoint after rotation
dl-find/turbomole/=============================== Tstep:  107.2 Ttot:10636.4 ==
eandg
Spin: 
 Energy calculation finished, energy: -2.138679003E+03
Curvature at dimer midpoint after rotation    -0.00341
Curvature at dimer minimum                    -0.00360
Actual dimer rotation angle:         0.106 deg
Dimer rotation converged after    1 steps
Writing TS-mode
Curvature after dimer rotation:               -0.00360
Frequency of transition mode  -308.462 cm^-1 (negative value denotes imaginary frequency)
Crossover temperature for tunnelling       70.63426 K
Restarting L-BFGS optimiser, instance: dimer rotation
Next calculation will be the dimer  midpoint
dl-find/turbomole/=============================== Tstep:   81.0 Ttot:10717.4 ==
eandg
Spin: 
 Energy calculation finished, energy: -2.138679008E+03
Testing convergence of dimer midpoint in cycle   35
    Energy  4.7970E-06 Target: 1.0000E-06 converged?   no
  Max step  6.5747E-03 Target: 1.8000E-03 converged?   no component   166
  RMS step  1.8560E-03 Target: 1.2000E-03 converged?   no
  Max grad  4.8412E-04 Target: 4.5000E-04 converged?   no component    83
  RMS grad  6.0220E-05 Target: 3.0000E-04 converged?  yes
Next calculation will be the dimer endpoint before rotation
dl-find/turbomole/=============================== Tstep:  115.3 Ttot:10832.7 ==
eandg
Spin: 
 Energy calculation finished, energy: -2.138679008E+03
Curvature at dimer midpoint                   -0.00363
Predicted dimer rotation angle:      2.347 deg
Next calculation will be the dimer endpoint after rotation
dl-find/turbomole/=============================== Tstep:  108.0 Ttot:10940.7 ==
eandg
Spin: 
 Energy calculation finished, energy: -2.138679008E+03
Curvature at dimer midpoint after rotation    -0.00314
Curvature at dimer minimum                    -0.00363
Actual dimer rotation angle:         0.056 deg
Dimer rotation converged after    1 steps
Writing TS-mode
Curvature after dimer rotation:               -0.00363
Frequency of transition mode  -309.533 cm^-1 (negative value denotes imaginary frequency)
Crossover temperature for tunnelling       70.87957 K
Restarting L-BFGS optimiser, instance: dimer rotation
Next calculation will be the dimer  midpoint
dl-find/turbomole/=============================== Tstep:   54.0 Ttot:10994.7 ==
eandg
Spin: 
 Energy calculation finished, energy: -2.138679008E+03
Testing convergence of dimer midpoint in cycle   36
    Energy  1.5600E-07 Target: 1.0000E-06 converged?  yes
  Max step  1.2350E-02 Target: 1.8000E-03 converged?   no component   166
  RMS step  3.5591E-03 Target: 1.2000E-03 converged?   no
  Max grad  4.2622E-04 Target: 4.5000E-04 converged?  yes component    83
  RMS grad  5.8922E-05 Target: 3.0000E-04 converged?  yes
Next calculation will be the dimer endpoint before rotation
dl-find/turbomole/=============================== Tstep:  117.4 Ttot:11112.1 ==
eandg
Spin: 
 Energy calculation finished, energy: -2.138679007E+03
Curvature at dimer midpoint                   -0.00366
Predicted dimer rotation angle:      1.929 deg
Dimer rotation converged after    0 steps
Writing TS-mode
Curvature after dimer rotation:               -0.00366
Frequency of transition mode  -310.855 cm^-1 (negative value denotes imaginary frequency)
Crossover temperature for tunnelling       71.18219 K
Restarting L-BFGS optimiser, instance: dimer rotation
Next calculation will be the dimer  midpoint
dl-find/turbomole/=============================== Tstep:  111.3 Ttot:11223.5 ==
eandg
Spin: 
 Energy calculation finished, energy: -2.138679018E+03
Testing convergence of dimer midpoint in cycle   37
    Energy  9.8490E-06 Target: 1.0000E-06 converged?   no
  Max step  2.2378E-02 Target: 1.8000E-03 converged?   no component   145
  RMS step  6.6918E-03 Target: 1.2000E-03 converged?   no
  Max grad  8.3055E-04 Target: 4.5000E-04 converged?   no component    83
  RMS grad  1.0944E-04 Target: 3.0000E-04 converged?  yes
Next calculation will be the dimer endpoint before rotation
dl-find/turbomole/=============================== Tstep:  117.1 Ttot:11340.6 ==
eandg
Spin: 
 Energy calculation finished, energy: -2.138679017E+03
Curvature at dimer midpoint                   -0.00365
Predicted dimer rotation angle:      2.803 deg
Next calculation will be the dimer endpoint after rotation
dl-find/turbomole/=============================== Tstep:  108.3 Ttot:11448.9 ==
eandg
Spin: 
 Energy calculation finished, energy: -2.138679017E+03
Curvature at dimer midpoint after rotation    -0.00293
Curvature at dimer minimum                    -0.00365
Actual dimer rotation angle:         0.065 deg
Dimer rotation converged after    1 steps
Writing TS-mode
Curvature after dimer rotation:               -0.00365
Frequency of transition mode  -310.470 cm^-1 (negative value denotes imaginary frequency)
Crossover temperature for tunnelling       71.09404 K
Restarting L-BFGS optimiser, instance: dimer rotation
Next calculation will be the dimer  midpoint
dl-find/turbomole/=============================== Tstep:   85.6 Ttot:11534.5 ==
eandg
Spin: 
 Energy calculation finished, energy: -2.138679023E+03
Testing convergence of dimer midpoint in cycle   38
    Energy  5.3370E-06 Target: 1.0000E-06 converged?   no
  Max step  2.8011E-02 Target: 1.8000E-03 converged?   no component   145
  RMS step  8.4148E-03 Target: 1.2000E-03 converged?   no
  Max grad  4.0904E-04 Target: 4.5000E-04 converged?  yes component   248
  RMS grad  9.7917E-05 Target: 3.0000E-04 converged?  yes
Next calculation will be the dimer endpoint before rotation
dl-find/turbomole/=============================== Tstep:  117.4 Ttot:11651.9 ==
eandg
Spin: 
 Energy calculation finished, energy: -2.138679023E+03
Curvature at dimer midpoint                   -0.00365
Predicted dimer rotation angle:      1.650 deg
Dimer rotation converged after    0 steps
Writing TS-mode
Curvature after dimer rotation:               -0.00365
Frequency of transition mode  -310.463 cm^-1 (negative value denotes imaginary frequency)
Crossover temperature for tunnelling       71.09237 K
Restarting L-BFGS optimiser, instance: dimer rotation
Next calculation will be the dimer  midpoint
dl-find/turbomole/=============================== Tstep:  107.8 Ttot:11759.7 ==
eandg
Spin: 
 Energy calculation finished, energy: -2.138679033E+03
Testing convergence of dimer midpoint in cycle   39
    Energy  1.0138E-05 Target: 1.0000E-06 converged?   no
  Max step  4.9355E-03 Target: 1.8000E-03 converged?   no component   232
  RMS step  9.0950E-04 Target: 1.2000E-03 converged?  yes
  Max grad  1.6076E-04 Target: 4.5000E-04 converged?  yes component    61
  RMS grad  4.7959E-05 Target: 3.0000E-04 converged?  yes
Next calculation will be the dimer endpoint before rotation
dl-find/turbomole/=============================== Tstep:  111.0 Ttot:11870.7 ==
eandg
Spin: 
 Energy calculation finished, energy: -2.138679033E+03
Curvature at dimer midpoint                   -0.00365
Predicted dimer rotation angle:      1.443 deg
Dimer rotation converged after    0 steps
Writing TS-mode
Curvature after dimer rotation:               -0.00365
Frequency of transition mode  -310.445 cm^-1 (negative value denotes imaginary frequency)
Crossover temperature for tunnelling       71.08833 K
Restarting L-BFGS optimiser, instance: dimer rotation
Next calculation will be the dimer  midpoint
dl-find/turbomole/=============================== Tstep:  111.3 Ttot:11982.1 ==
eandg
Spin: 
 Energy calculation finished, energy: -2.138679039E+03
Testing convergence of dimer midpoint in cycle   40
    Energy  6.2250E-06 Target: 1.0000E-06 converged?   no
  Max step  4.6050E-03 Target: 1.8000E-03 converged?   no component   232
  RMS step  1.0282E-03 Target: 1.2000E-03 converged?  yes
  Max grad  1.9564E-04 Target: 4.5000E-04 converged?  yes component   249
  RMS grad  5.3788E-05 Target: 3.0000E-04 converged?  yes
Next calculation will be the dimer endpoint before rotation
dl-find/turbomole/=============================== Tstep:  110.3 Ttot:12092.4 ==
eandg
Spin: 
 Energy calculation finished, energy: -2.138679039E+03
Curvature at dimer midpoint                   -0.00362
Predicted dimer rotation angle:      1.809 deg
Dimer rotation converged after    0 steps
Writing TS-mode
Curvature after dimer rotation:               -0.00362
Frequency of transition mode  -309.350 cm^-1 (negative value denotes imaginary frequency)
Crossover temperature for tunnelling       70.83752 K
Restarting L-BFGS optimiser, instance: dimer rotation
Next calculation will be the dimer  midpoint
dl-find/turbomole/=============================== Tstep:  112.5 Ttot:12204.9 ==
eandg
Spin: 
 Energy calculation finished, energy: -2.138679042E+03
Testing convergence of dimer midpoint in cycle   41
    Energy  3.0050E-06 Target: 1.0000E-06 converged?   no
  Max step  9.7297E-03 Target: 1.8000E-03 converged?   no component   220
  RMS step  2.9679E-03 Target: 1.2000E-03 converged?   no
  Max grad  3.3090E-04 Target: 4.5000E-04 converged?  yes component    88
  RMS grad  7.2496E-05 Target: 3.0000E-04 converged?  yes
Next calculation will be the dimer endpoint before rotation
dl-find/turbomole/=============================== Tstep:  103.3 Ttot:12308.2 ==
eandg
Spin: 
 Energy calculation finished, energy: -2.138679044E+03
Curvature at dimer midpoint                   -0.00358
Predicted dimer rotation angle:      3.784 deg
Next calculation will be the dimer endpoint after rotation
dl-find/turbomole/=============================== Tstep:  111.4 Ttot:12419.6 ==
eandg
Spin: 
 Energy calculation finished, energy: -2.138679044E+03
Curvature at dimer midpoint after rotation    -0.00251
Curvature at dimer minimum                    -0.00358
Actual dimer rotation angle:         0.105 deg
Dimer rotation converged after    1 steps
Writing TS-mode
Curvature after dimer rotation:               -0.00358
Frequency of transition mode  -307.506 cm^-1 (negative value denotes imaginary frequency)
Crossover temperature for tunnelling       70.41526 K
Restarting L-BFGS optimiser, instance: dimer rotation
Next calculation will be the dimer  midpoint
dl-find/turbomole/=============================== Tstep:   91.0 Ttot:12510.6 ==
eandg
Spin: 
 Energy calculation finished, energy: -2.138679034E+03
Testing convergence of dimer midpoint in cycle   42
    Energy  8.0560E-06 Target: 1.0000E-06 converged?   no
  Max step  2.5589E-02 Target: 1.8000E-03 converged?   no component   241
  RMS step  8.0293E-03 Target: 1.2000E-03 converged?   no
  Max grad  6.1417E-04 Target: 4.5000E-04 converged?   no component   218
  RMS grad  1.1457E-04 Target: 3.0000E-04 converged?  yes
Next calculation will be the dimer endpoint before rotation
dl-find/turbomole/=============================== Tstep:  121.9 Ttot:12632.5 ==
eandg
Spin: 
 Energy calculation finished, energy: -2.138679037E+03
Curvature at dimer midpoint                   -0.00346
Predicted dimer rotation angle:      4.046 deg
Next calculation will be the dimer endpoint after rotation
dl-find/turbomole/=============================== Tstep:  112.5 Ttot:12745.0 ==
eandg
Spin: 
 Energy calculation finished, energy: -2.138679037E+03
Curvature at dimer midpoint after rotation    -0.00228
Curvature at dimer minimum                    -0.00347
Actual dimer rotation angle:         0.112 deg
Dimer rotation converged after    1 steps
Writing TS-mode
Curvature after dimer rotation:               -0.00347
Frequency of transition mode  -302.597 cm^-1 (negative value denotes imaginary frequency)
Crossover temperature for tunnelling       69.29133 K
Restarting L-BFGS optimiser, instance: dimer rotation
Next calculation will be the dimer  midpoint
dl-find/turbomole/=============================== Tstep:   88.0 Ttot:12833.0 ==
eandg
Spin: 
 Energy calculation finished, energy: -2.138679043E+03
Testing convergence of dimer midpoint in cycle   43
    Energy  8.8820E-06 Target: 1.0000E-06 converged?   no
  Max step  8.7656E-03 Target: 1.8000E-03 converged?   no component   166
  RMS step  2.5942E-03 Target: 1.2000E-03 converged?   no
  Max grad  1.9113E-04 Target: 4.5000E-04 converged?  yes component     6
  RMS grad  5.1370E-05 Target: 3.0000E-04 converged?  yes
Next calculation will be the dimer endpoint before rotation
dl-find/turbomole/=============================== Tstep:  116.3 Ttot:12949.3 ==
eandg
Spin: 
 Energy calculation finished, energy: -2.138679043E+03
Curvature at dimer midpoint                   -0.00353
Predicted dimer rotation angle:      2.701 deg
Next calculation will be the dimer endpoint after rotation
dl-find/turbomole/=============================== Tstep:  107.9 Ttot:13057.3 ==
eandg
Spin: 
 Energy calculation finished, energy: -2.138679043E+03
Curvature at dimer midpoint after rotation    -0.00282
Curvature at dimer minimum                    -0.00353
Actual dimer rotation angle:         0.057 deg
Dimer rotation converged after    1 steps
Writing TS-mode
Curvature after dimer rotation:               -0.00353
Frequency of transition mode  -305.496 cm^-1 (negative value denotes imaginary frequency)
Crossover temperature for tunnelling       69.95498 K
Restarting L-BFGS optimiser, instance: dimer rotation
Next calculation will be the dimer  midpoint
dl-find/turbomole/=============================== Tstep:   86.0 Ttot:13143.3 ==
eandg
Spin: 
 Energy calculation finished, energy: -2.138679041E+03
Testing convergence of dimer midpoint in cycle   44
    Energy  1.7490E-06 Target: 1.0000E-06 converged?   no
  Max step  1.0291E-02 Target: 1.8000E-03 converged?   no component    34
  RMS step  2.9994E-03 Target: 1.2000E-03 converged?   no
  Max grad  2.3645E-04 Target: 4.5000E-04 converged?  yes component   218
  RMS grad  5.6296E-05 Target: 3.0000E-04 converged?  yes
Next calculation will be the dimer endpoint before rotation
dl-find/turbomole/=============================== Tstep:  116.3 Ttot:13259.6 ==
eandg
Spin: 
 Energy calculation finished, energy: -2.138679044E+03
Curvature at dimer midpoint                   -0.00350
Predicted dimer rotation angle:      2.197 deg
Next calculation will be the dimer endpoint after rotation
dl-find/turbomole/=============================== Tstep:  108.3 Ttot:13367.9 ==
eandg
Spin: 
 Energy calculation finished, energy: -2.138679044E+03
Curvature at dimer midpoint after rotation    -0.00336
Curvature at dimer minimum                    -0.00350
Actual dimer rotation angle:         0.142 deg
Dimer rotation converged after    1 steps
Writing TS-mode
Curvature after dimer rotation:               -0.00350
Frequency of transition mode  -304.179 cm^-1 (negative value denotes imaginary frequency)
Crossover temperature for tunnelling       69.65357 K
Restarting L-BFGS optimiser, instance: dimer rotation
Next calculation will be the dimer  midpoint
dl-find/turbomole/=============================== Tstep:   55.8 Ttot:13423.6 ==
eandg
Spin: 
 Energy calculation finished, energy: -2.138679044E+03
Testing convergence of dimer midpoint in cycle   45
    Energy  2.3310E-06 Target: 1.0000E-06 converged?   no
  Max step  1.5332E-02 Target: 1.8000E-03 converged?   no component   241
  RMS step  4.3447E-03 Target: 1.2000E-03 converged?   no
  Max grad  3.3170E-04 Target: 4.5000E-04 converged?  yes component   218
  RMS grad  7.2677E-05 Target: 3.0000E-04 converged?  yes
Next calculation will be the dimer endpoint before rotation
dl-find/turbomole/=============================== Tstep:  116.6 Ttot:13540.3 ==
eandg
Spin: 
 Energy calculation finished, energy: -2.138679044E+03
Curvature at dimer midpoint                   -0.00356
Predicted dimer rotation angle:      3.721 deg
Next calculation will be the dimer endpoint after rotation
dl-find/turbomole/=============================== Tstep:  107.8 Ttot:13648.0 ==
eandg
Spin: 
 Energy calculation finished, energy: -2.138679043E+03
Curvature at dimer midpoint after rotation    -0.00214
Curvature at dimer minimum                    -0.00356
Actual dimer rotation angle:         0.076 deg
Dimer rotation converged after    1 steps
Writing TS-mode
Curvature after dimer rotation:               -0.00356
Frequency of transition mode  -306.573 cm^-1 (negative value denotes imaginary frequency)
Crossover temperature for tunnelling       70.20164 K
Restarting L-BFGS optimiser, instance: dimer rotation
Next calculation will be the dimer  midpoint
dl-find/turbomole/=============================== Tstep:   62.1 Ttot:13710.2 ==
eandg
Spin: 
 Energy calculation finished, energy: -2.138679089E+03
Testing convergence of dimer midpoint in cycle   46
    Energy  4.5564E-05 Target: 1.0000E-06 converged?   no
  Max step  3.4015E-02 Target: 1.8000E-03 converged?   no component   241
  RMS step  9.3063E-03 Target: 1.2000E-03 converged?   no
  Max grad  7.7923E-04 Target: 4.5000E-04 converged?   no component    63
  RMS grad  1.4634E-04 Target: 3.0000E-04 converged?  yes
Next calculation will be the dimer endpoint before rotation
dl-find/turbomole/=============================== Tstep:  126.2 Ttot:13836.4 ==
eandg
Spin: 
 Energy calculation finished, energy: -2.138679090E+03
Curvature at dimer midpoint                   -0.00351
Predicted dimer rotation angle:      2.356 deg
Next calculation will be the dimer endpoint after rotation
dl-find/turbomole/=============================== Tstep:  108.8 Ttot:13945.2 ==
eandg
Spin: 
 Energy calculation finished, energy: -2.138679089E+03
Curvature at dimer midpoint after rotation    -0.00315
Curvature at dimer minimum                    -0.00351
Actual dimer rotation angle:         0.073 deg
Dimer rotation converged after    1 steps
Writing TS-mode
Curvature after dimer rotation:               -0.00351
Frequency of transition mode  -304.615 cm^-1 (negative value denotes imaginary frequency)
Crossover temperature for tunnelling       69.75333 K
Restarting L-BFGS optimiser, instance: dimer rotation
Next calculation will be the dimer  midpoint
dl-find/turbomole/=============================== Tstep:   81.7 Ttot:14027.0 ==
eandg
Spin: 
 Energy calculation finished, energy: -2.138679097E+03
Testing convergence of dimer midpoint in cycle   47
    Energy  7.8260E-06 Target: 1.0000E-06 converged?   no
  Max step  2.0389E-02 Target: 1.8000E-03 converged?   no component   241
  RMS step  5.5354E-03 Target: 1.2000E-03 converged?   no
  Max grad  2.9608E-04 Target: 4.5000E-04 converged?  yes component    63
  RMS grad  6.8482E-05 Target: 3.0000E-04 converged?  yes
Next calculation will be the dimer endpoint before rotation
dl-find/turbomole/=============================== Tstep:  116.9 Ttot:14143.9 ==
eandg
Spin: 
 Energy calculation finished, energy: -2.138679098E+03
Curvature at dimer midpoint                   -0.00346
Predicted dimer rotation angle:      1.582 deg
Dimer rotation converged after    0 steps
Writing TS-mode
Curvature after dimer rotation:               -0.00346
Frequency of transition mode  -302.303 cm^-1 (negative value denotes imaginary frequency)
Crossover temperature for tunnelling       69.22382 K
Restarting L-BFGS optimiser, instance: dimer rotation
Next calculation will be the dimer  midpoint
dl-find/turbomole/=============================== Tstep:  112.6 Ttot:14256.4 ==
eandg
Spin: 
 Energy calculation finished, energy: -2.138679100E+03
Testing convergence of dimer midpoint in cycle   48
    Energy  3.2890E-06 Target: 1.0000E-06 converged?   no
  Max step  4.3962E-03 Target: 1.8000E-03 converged?   no component     2
  RMS step  1.1922E-03 Target: 1.2000E-03 converged?  yes
  Max grad  1.2369E-04 Target: 4.5000E-04 converged?  yes component     8
  RMS grad  4.5752E-05 Target: 3.0000E-04 converged?  yes
Next calculation will be the dimer endpoint before rotation
dl-find/turbomole/=============================== Tstep:  109.9 Ttot:14366.3 ==
eandg
Spin: 
 Energy calculation finished, energy: -2.138679101E+03
Curvature at dimer midpoint                   -0.00344
Predicted dimer rotation angle:      1.677 deg
Dimer rotation converged after    0 steps
Writing TS-mode
Curvature after dimer rotation:               -0.00344
Frequency of transition mode  -301.331 cm^-1 (negative value denotes imaginary frequency)
Crossover temperature for tunnelling       69.00143 K
Restarting L-BFGS optimiser, instance: dimer rotation
Next calculation will be the dimer  midpoint
dl-find/turbomole/=============================== Tstep:  108.3 Ttot:14474.6 ==
eandg
Spin: 
 Energy calculation finished, energy: -2.138679104E+03
Testing convergence of dimer midpoint in cycle   49
    Energy  3.2460E-06 Target: 1.0000E-06 converged?   no
  Max step  6.7862E-03 Target: 1.8000E-03 converged?   no component   223
  RMS step  1.8254E-03 Target: 1.2000E-03 converged?   no
  Max grad  1.8240E-04 Target: 4.5000E-04 converged?  yes component   218
  RMS grad  4.7383E-05 Target: 3.0000E-04 converged?  yes
Next calculation will be the dimer endpoint before rotation
dl-find/turbomole/=============================== Tstep:  106.4 Ttot:14581.0 ==
eandg
Spin: 
 Energy calculation finished, energy: -2.138679104E+03
Curvature at dimer midpoint                   -0.00338
Predicted dimer rotation angle:      1.786 deg
Dimer rotation converged after    0 steps
Writing TS-mode
Curvature after dimer rotation:               -0.00338
Frequency of transition mode  -298.972 cm^-1 (negative value denotes imaginary frequency)
Crossover temperature for tunnelling       68.46117 K
Restarting L-BFGS optimiser, instance: dimer rotation
Next calculation will be the dimer  midpoint
dl-find/turbomole/=============================== Tstep:  112.3 Ttot:14693.3 ==
eandg
Spin: 
 Energy calculation finished, energy: -2.138679098E+03
Testing convergence of dimer midpoint in cycle   50
    Energy  5.1350E-06 Target: 1.0000E-06 converged?   no
  Max step  1.2468E-02 Target: 1.8000E-03 converged?   no component   241
  RMS step  2.8703E-03 Target: 1.2000E-03 converged?   no
  Max grad  4.2298E-04 Target: 4.5000E-04 converged?  yes component    43
  RMS grad  6.7851E-05 Target: 3.0000E-04 converged?  yes
Next calculation will be the dimer endpoint before rotation
dl-find/turbomole/=============================== Tstep:  115.6 Ttot:14809.0 ==
eandg
Spin: 
 Energy calculation finished, energy: -2.138679099E+03
Curvature at dimer midpoint                   -0.00336
Predicted dimer rotation angle:      1.834 deg
Dimer rotation converged after    0 steps
Writing TS-mode
Curvature after dimer rotation:               -0.00336
Frequency of transition mode  -298.186 cm^-1 (negative value denotes imaginary frequency)
Crossover temperature for tunnelling       68.28112 K
Restarting L-BFGS optimiser, instance: dimer rotation
Next calculation will be the dimer  midpoint
dl-find/turbomole/=============================== Tstep:  111.4 Ttot:14920.4 ==
eandg
Spin: 
 Energy calculation finished, energy: -2.138679095E+03
Testing convergence of dimer midpoint in cycle   51
    Energy  3.3690E-06 Target: 1.0000E-06 converged?   no
  Max step  1.7366E-02 Target: 1.8000E-03 converged?   no component   241
  RMS step  3.8962E-03 Target: 1.2000E-03 converged?   no
  Max grad  1.6950E-04 Target: 4.5000E-04 converged?  yes component   248
  RMS grad  5.0650E-05 Target: 3.0000E-04 converged?  yes
Next calculation will be the dimer endpoint before rotation
dl-find/turbomole/=============================== Tstep:  117.6 Ttot:15038.0 ==
eandg
Spin: 
 Energy calculation finished, energy: -2.138679095E+03
Curvature at dimer midpoint                   -0.00332
Predicted dimer rotation angle:      3.360 deg
Next calculation will be the dimer endpoint after rotation
dl-find/turbomole/=============================== Tstep:  108.2 Ttot:15146.1 ==
eandg
Spin: 
 Energy calculation finished, energy: -2.138679096E+03
Curvature at dimer midpoint after rotation    -0.00279
Curvature at dimer minimum                    -0.00332
Actual dimer rotation angle:         0.134 deg
Dimer rotation converged after    1 steps
Writing TS-mode
Curvature after dimer rotation:               -0.00332
Frequency of transition mode  -296.019 cm^-1 (negative value denotes imaginary frequency)
Crossover temperature for tunnelling       67.78499 K
Restarting L-BFGS optimiser, instance: dimer rotation
Next calculation will be the dimer  midpoint
dl-find/turbomole/=============================== Tstep:   76.3 Ttot:15222.4 ==
eandg
Spin: 
 Energy calculation finished, energy: -2.138679090E+03
Testing convergence of dimer midpoint in cycle   52
    Energy  4.9430E-06 Target: 1.0000E-06 converged?   no
  Max step  1.4622E-02 Target: 1.8000E-03 converged?   no component   241
  RMS step  3.3414E-03 Target: 1.2000E-03 converged?   no
  Max grad  1.2292E-04 Target: 4.5000E-04 converged?  yes component     5
  RMS grad  4.2809E-05 Target: 3.0000E-04 converged?  yes
Next calculation will be the dimer endpoint before rotation
dl-find/turbomole/=============================== Tstep:  117.2 Ttot:15339.6 ==
eandg
Spin: 
 Energy calculation finished, energy: -2.138679091E+03
Curvature at dimer midpoint                   -0.00335
Predicted dimer rotation angle:      3.964 deg
Next calculation will be the dimer endpoint after rotation
dl-find/turbomole/=============================== Tstep:  109.1 Ttot:15448.7 ==
eandg
Spin: 
 Energy calculation finished, energy: -2.138679091E+03
Curvature at dimer midpoint after rotation    -0.00183
Curvature at dimer minimum                    -0.00335
Actual dimer rotation angle:         0.081 deg
Dimer rotation converged after    1 steps
Writing TS-mode
Curvature after dimer rotation:               -0.00335
Frequency of transition mode  -297.403 cm^-1 (negative value denotes imaginary frequency)
Crossover temperature for tunnelling       68.10182 K
Restarting L-BFGS optimiser, instance: dimer rotation
Next calculation will be the dimer  midpoint
dl-find/turbomole/=============================== Tstep:   86.5 Ttot:15535.2 ==
eandg
Spin: 
 Energy calculation finished, energy: -2.138679081E+03
Testing convergence of dimer midpoint in cycle   53
    Energy  9.4180E-06 Target: 1.0000E-06 converged?   no
  Max step  2.8684E-02 Target: 1.8000E-03 converged?   no component   241
  RMS step  6.4977E-03 Target: 1.2000E-03 converged?   no
  Max grad  3.9951E-04 Target: 4.5000E-04 converged?  yes component   253
  RMS grad  8.8588E-05 Target: 3.0000E-04 converged?  yes
Next calculation will be the dimer endpoint before rotation
dl-find/turbomole/=============================== Tstep:  123.1 Ttot:15658.3 ==
eandg
Spin: 
 Energy calculation finished, energy: -2.138679081E+03
Curvature at dimer midpoint                   -0.00337
Predicted dimer rotation angle:      2.256 deg
Next calculation will be the dimer endpoint after rotation
dl-find/turbomole/=============================== Tstep:  111.0 Ttot:15769.3 ==
eandg
Spin: 
 Energy calculation finished, energy: -2.138679082E+03
Curvature at dimer midpoint after rotation    -0.00314
Curvature at dimer minimum                    -0.00337
Actual dimer rotation angle:         0.094 deg
Dimer rotation converged after    1 steps
Writing TS-mode
Curvature after dimer rotation:               -0.00337
Frequency of transition mode  -298.355 cm^-1 (negative value denotes imaginary frequency)
Crossover temperature for tunnelling       68.31985 K
Restarting L-BFGS optimiser, instance: dimer rotation
Next calculation will be the dimer  midpoint
dl-find/turbomole/=============================== Tstep:   70.4 Ttot:15839.7 ==
eandg
Spin: 
 Energy calculation finished, energy: -2.138679081E+03
Testing convergence of dimer midpoint in cycle   54
    Energy  5.2900E-07 Target: 1.0000E-06 converged?  yes
  Max step  1.2690E-02 Target: 1.8000E-03 converged?   no component   241
  RMS step  2.6819E-03 Target: 1.2000E-03 converged?   no
  Max grad  2.9600E-04 Target: 4.5000E-04 converged?  yes component    66
  RMS grad  6.6822E-05 Target: 3.0000E-04 converged?  yes
Next calculation will be the dimer endpoint before rotation
dl-find/turbomole/=============================== Tstep:  116.8 Ttot:15956.5 ==
eandg
Spin: 
 Energy calculation finished, energy: -2.138679082E+03
Curvature at dimer midpoint                   -0.00337
Predicted dimer rotation angle:      2.442 deg
Next calculation will be the dimer endpoint after rotation
dl-find/turbomole/=============================== Tstep:  111.2 Ttot:16067.8 ==
eandg
Spin: 
 Energy calculation finished, energy: -2.138679082E+03
Curvature at dimer midpoint after rotation    -0.00293
Curvature at dimer minimum                    -0.00337
Actual dimer rotation angle:         0.065 deg
Dimer rotation converged after    1 steps
Writing TS-mode
Curvature after dimer rotation:               -0.00337
Frequency of transition mode  -298.369 cm^-1 (negative value denotes imaginary frequency)
Crossover temperature for tunnelling       68.32299 K
Restarting L-BFGS optimiser, instance: dimer rotation
Next calculation will be the dimer  midpoint
dl-find/turbomole/=============================== Tstep:   81.8 Ttot:16149.6 ==
eandg
Spin: 
 Energy calculation finished, energy: -2.138679082E+03
Testing convergence of dimer midpoint in cycle   55
    Energy  9.2100E-07 Target: 1.0000E-06 converged?  yes
  Max step  7.8256E-03 Target: 1.8000E-03 converged?   no component   241
  RMS step  1.6882E-03 Target: 1.2000E-03 converged?   no
  Max grad  2.5909E-04 Target: 4.5000E-04 converged?  yes component    43
  RMS grad  5.8470E-05 Target: 3.0000E-04 converged?  yes
Next calculation will be the dimer endpoint before rotation
dl-find/turbomole/=============================== Tstep:  112.0 Ttot:16261.6 ==
eandg
Spin: 
 Energy calculation finished, energy: -2.138679083E+03
Curvature at dimer midpoint                   -0.00336
Predicted dimer rotation angle:      1.706 deg
Dimer rotation converged after    0 steps
Writing TS-mode
Curvature after dimer rotation:               -0.00336
Frequency of transition mode  -297.877 cm^-1 (negative value denotes imaginary frequency)
Crossover temperature for tunnelling       68.21045 K
Restarting L-BFGS optimiser, instance: dimer rotation
Next calculation will be the dimer  midpoint
dl-find/turbomole/=============================== Tstep:  108.3 Ttot:16369.9 ==
eandg
Spin: 
 Energy calculation finished, energy: -2.138679078E+03
Testing convergence of dimer midpoint in cycle   56
    Energy  3.7500E-06 Target: 1.0000E-06 converged?   no
  Max step  2.6451E-02 Target: 1.8000E-03 converged?   no component   241
  RMS step  5.5120E-03 Target: 1.2000E-03 converged?   no
  Max grad  1.9473E-04 Target: 4.5000E-04 converged?  yes component    50
  RMS grad  5.4125E-05 Target: 3.0000E-04 converged?  yes
Next calculation will be the dimer endpoint before rotation
dl-find/turbomole/=============================== Tstep:  121.9 Ttot:16491.8 ==
eandg
Spin: 
 Energy calculation finished, energy: -2.138679079E+03
Curvature at dimer midpoint                   -0.00332
Predicted dimer rotation angle:      2.225 deg
Next calculation will be the dimer endpoint after rotation
dl-find/turbomole/=============================== Tstep:  109.3 Ttot:16601.1 ==
eandg
Spin: 
 Energy calculation finished, energy: -2.138679078E+03
Curvature at dimer midpoint after rotation    -0.00297
Curvature at dimer minimum                    -0.00332
Actual dimer rotation angle:         0.059 deg
Dimer rotation converged after    1 steps
Writing TS-mode
Curvature after dimer rotation:               -0.00332
Frequency of transition mode  -296.263 cm^-1 (negative value denotes imaginary frequency)
Crossover temperature for tunnelling       67.84077 K
Restarting L-BFGS optimiser, instance: dimer rotation
Next calculation will be the dimer  midpoint
dl-find/turbomole/=============================== Tstep:   85.9 Ttot:16687.0 ==
eandg
Spin: 
 Energy calculation finished, energy: -2.138679070E+03
Testing convergence of dimer midpoint in cycle   57
    Energy  7.9130E-06 Target: 1.0000E-06 converged?   no
  Max step  2.8502E-02 Target: 1.8000E-03 converged?   no component   241
  RMS step  5.8258E-03 Target: 1.2000E-03 converged?   no
  Max grad  7.9422E-04 Target: 4.5000E-04 converged?   no component    50
  RMS grad  1.3227E-04 Target: 3.0000E-04 converged?  yes
Next calculation will be the dimer endpoint before rotation
dl-find/turbomole/=============================== Tstep:  114.0 Ttot:16801.0 ==
eandg
Spin: 
 Energy calculation finished, energy: -2.138679072E+03
Curvature at dimer midpoint                   -0.00328
Predicted dimer rotation angle:      1.818 deg
Dimer rotation converged after    0 steps
Writing TS-mode
Curvature after dimer rotation:               -0.00328
Frequency of transition mode  -294.450 cm^-1 (negative value denotes imaginary frequency)
Crossover temperature for tunnelling       67.42573 K
Restarting L-BFGS optimiser, instance: dimer rotation
Next calculation will be the dimer  midpoint
dl-find/turbomole/=============================== Tstep:  109.0 Ttot:16910.0 ==
eandg
Spin: 
 Energy calculation finished, energy: -2.138679073E+03
Testing convergence of dimer midpoint in cycle   58
    Energy  2.3680E-06 Target: 1.0000E-06 converged?   no
  Max step  6.3887E-03 Target: 1.8000E-03 converged?   no component   241
  RMS step  1.2934E-03 Target: 1.2000E-03 converged?   no
  Max grad  2.3274E-04 Target: 4.5000E-04 converged?  yes component    61
  RMS grad  6.2890E-05 Target: 3.0000E-04 converged?  yes
Next calculation will be the dimer endpoint before rotation
dl-find/turbomole/=============================== Tstep:  115.3 Ttot:17025.3 ==
eandg
Spin: 
 Energy calculation finished, energy: -2.138679074E+03
Curvature at dimer midpoint                   -0.00329
Predicted dimer rotation angle:      1.689 deg
Dimer rotation converged after    0 steps
Writing TS-mode
Curvature after dimer rotation:               -0.00329
Frequency of transition mode  -294.632 cm^-1 (negative value denotes imaginary frequency)
Crossover temperature for tunnelling       67.46739 K
Restarting L-BFGS optimiser, instance: dimer rotation
Next calculation will be the dimer  midpoint
dl-find/turbomole/=============================== Tstep:  107.8 Ttot:17133.1 ==
eandg
Spin: 
 Energy calculation finished, energy: -2.138679076E+03
Testing convergence of dimer midpoint in cycle   59
    Energy  3.5310E-06 Target: 1.0000E-06 converged?   no
  Max step  1.4604E-02 Target: 1.8000E-03 converged?   no component   241
  RMS step  3.0347E-03 Target: 1.2000E-03 converged?   no
  Max grad  2.2052E-04 Target: 4.5000E-04 converged?  yes component    50
  RMS grad  5.1062E-05 Target: 3.0000E-04 converged?  yes
Next calculation will be the dimer endpoint before rotation
dl-find/turbomole/=============================== Tstep:  118.2 Ttot:17251.3 ==
eandg
Spin: 
 Energy calculation finished, energy: -2.138679077E+03
Curvature at dimer midpoint                   -0.00330
Predicted dimer rotation angle:      1.619 deg
Dimer rotation converged after    0 steps
Writing TS-mode
Curvature after dimer rotation:               -0.00330
Frequency of transition mode  -295.384 cm^-1 (negative value denotes imaginary frequency)
Crossover temperature for tunnelling       67.63951 K
Restarting L-BFGS optimiser, instance: dimer rotation
Next calculation will be the dimer  midpoint
dl-find/turbomole/=============================== Tstep:  108.9 Ttot:17360.2 ==
eandg
Spin: 
 Energy calculation finished, energy: -2.138679067E+03
Testing convergence of dimer midpoint in cycle   60
    Energy  8.8780E-06 Target: 1.0000E-06 converged?   no
  Max step  2.5345E-02 Target: 1.8000E-03 converged?   no component   241
  RMS step  5.2967E-03 Target: 1.2000E-03 converged?   no
  Max grad  3.3317E-04 Target: 4.5000E-04 converged?  yes component    50
  RMS grad  6.4428E-05 Target: 3.0000E-04 converged?  yes
Next calculation will be the dimer endpoint before rotation
dl-find/turbomole/=============================== Tstep:  119.8 Ttot:17480.0 ==
eandg
Spin: 
 Energy calculation finished, energy: -2.138679068E+03
Curvature at dimer midpoint                   -0.00333
Predicted dimer rotation angle:      2.478 deg
Next calculation will be the dimer endpoint after rotation
dl-find/turbomole/=============================== Tstep:  109.0 Ttot:17589.0 ==
eandg
Spin: 
 Energy calculation finished, energy: -2.138679068E+03
Curvature at dimer midpoint after rotation    -0.00313
Curvature at dimer minimum                    -0.00334
Actual dimer rotation angle:         0.133 deg
Dimer rotation converged after    1 steps
Writing TS-mode
Curvature after dimer rotation:               -0.00334
Frequency of transition mode  -296.864 cm^-1 (negative value denotes imaginary frequency)
Crossover temperature for tunnelling       67.97832 K
Restarting L-BFGS optimiser, instance: dimer rotation
Next calculation will be the dimer  midpoint
dl-find/turbomole/=============================== Tstep:   54.7 Ttot:17643.7 ==
eandg
Spin: 
 Energy calculation finished, energy: -2.138679059E+03
Testing convergence of dimer midpoint in cycle   61
    Energy  8.5100E-06 Target: 1.0000E-06 converged?   no
  Max step  3.4720E-02 Target: 1.8000E-03 converged?   no component   241
  RMS step  7.1965E-03 Target: 1.2000E-03 converged?   no
  Max grad  3.6443E-04 Target: 4.5000E-04 converged?  yes component    50
  RMS grad  6.6428E-05 Target: 3.0000E-04 converged?  yes
Next calculation will be the dimer endpoint before rotation
dl-find/turbomole/=============================== Tstep:  125.2 Ttot:17768.9 ==
eandg
Spin: 
 Energy calculation finished, energy: -2.138679059E+03
Curvature at dimer midpoint                   -0.00334
Predicted dimer rotation angle:      2.759 deg
Next calculation will be the dimer endpoint after rotation
dl-find/turbomole/=============================== Tstep:  108.5 Ttot:17877.3 ==
eandg
Spin: 
 Energy calculation finished, energy: -2.138679060E+03
Curvature at dimer midpoint after rotation    -0.00303
Curvature at dimer minimum                    -0.00334
Actual dimer rotation angle:         0.125 deg
Dimer rotation converged after    1 steps
Writing TS-mode
Curvature after dimer rotation:               -0.00334
Frequency of transition mode  -297.240 cm^-1 (negative value denotes imaginary frequency)
Crossover temperature for tunnelling       68.06445 K
Restarting L-BFGS optimiser, instance: dimer rotation
Next calculation will be the dimer  midpoint
dl-find/turbomole/=============================== Tstep:   84.5 Ttot:17961.8 ==
eandg
Spin: 
 Energy calculation finished, energy: -2.138678991E+03
Testing convergence of dimer midpoint in cycle   62
    Energy  6.7645E-05 Target: 1.0000E-06 converged?   no
  Max step  7.8155E-02 Target: 1.8000E-03 converged?   no component   241
  RMS step  1.6124E-02 Target: 1.2000E-03 converged?   no
  Max grad  4.4157E-03 Target: 4.5000E-04 converged?   no component    60
  RMS grad  4.1348E-04 Target: 3.0000E-04 converged?   no
Next calculation will be the dimer endpoint before rotation
dl-find/turbomole/=============================== Tstep:  130.0 Ttot:18091.8 ==
eandg
Spin: 
 Energy calculation finished, energy: -2.138678992E+03
Curvature at dimer midpoint                   -0.00335
Predicted dimer rotation angle:      4.781 deg
Next calculation will be the dimer endpoint after rotation
dl-find/turbomole/=============================== Tstep:  112.6 Ttot:18204.5 ==
eandg
Spin: 
 Energy calculation finished, energy: -2.138678990E+03
Curvature at dimer midpoint after rotation    -0.00128
Curvature at dimer minimum                    -0.00335
Actual dimer rotation angle:         0.104 deg
Dimer rotation converged after    1 steps
Writing TS-mode
Curvature after dimer rotation:               -0.00335
Frequency of transition mode  -297.736 cm^-1 (negative value denotes imaginary frequency)
Crossover temperature for tunnelling       68.17819 K
Restarting L-BFGS optimiser, instance: dimer rotation
Next calculation will be the dimer  midpoint
dl-find/turbomole/=============================== Tstep:   87.3 Ttot:18291.8 ==
eandg
Spin: 
 Energy calculation finished, energy: -2.138679051E+03
Testing convergence of dimer midpoint in cycle   63
    Energy  5.9976E-05 Target: 1.0000E-06 converged?   no
  Max step  2.5861E-02 Target: 1.8000E-03 converged?   no component   241
  RMS step  5.3777E-03 Target: 1.2000E-03 converged?   no
  Max grad  2.6468E-04 Target: 4.5000E-04 converged?  yes component    60
  RMS grad  5.0118E-05 Target: 3.0000E-04 converged?  yes
Next calculation will be the dimer endpoint before rotation
dl-find/turbomole/=============================== Tstep:  124.0 Ttot:18415.8 ==
eandg
Spin: 
 Energy calculation finished, energy: -2.138679052E+03
Curvature at dimer midpoint                   -0.00336
Predicted dimer rotation angle:      2.891 deg
Next calculation will be the dimer endpoint after rotation
dl-find/turbomole/=============================== Tstep:  109.5 Ttot:18525.3 ==
eandg
Spin: 
 Energy calculation finished, energy: -2.138679052E+03
Curvature at dimer midpoint after rotation    -0.00256
Curvature at dimer minimum                    -0.00336
Actual dimer rotation angle:         0.059 deg
Dimer rotation converged after    1 steps
Writing TS-mode
Curvature after dimer rotation:               -0.00336
Frequency of transition mode  -298.105 cm^-1 (negative value denotes imaginary frequency)
Crossover temperature for tunnelling       68.26255 K
Restarting L-BFGS optimiser, instance: dimer rotation
Next calculation will be the dimer  midpoint
dl-find/turbomole/=============================== Tstep:   83.2 Ttot:18608.5 ==
eandg
Spin: 
 Energy calculation finished, energy: -2.138679054E+03
Testing convergence of dimer midpoint in cycle   64
    Energy  2.5050E-06 Target: 1.0000E-06 converged?   no
  Max step  2.3357E-03 Target: 1.8000E-03 converged?   no component   166
  RMS step  5.8934E-04 Target: 1.2000E-03 converged?  yes
  Max grad  1.3580E-04 Target: 4.5000E-04 converged?  yes component    60
  RMS grad  3.6228E-05 Target: 3.0000E-04 converged?  yes
Next calculation will be the dimer endpoint before rotation
dl-find/turbomole/=============================== Tstep:  106.9 Ttot:18715.3 ==
eandg
Spin: 
 Energy calculation finished, energy: -2.138679055E+03
Curvature at dimer midpoint                   -0.00338
Predicted dimer rotation angle:      1.728 deg
Dimer rotation converged after    0 steps
Writing TS-mode
Curvature after dimer rotation:               -0.00338
Frequency of transition mode  -298.802 cm^-1 (negative value denotes imaginary frequency)
Crossover temperature for tunnelling       68.42217 K
Restarting L-BFGS optimiser, instance: dimer rotation
Next calculation will be the dimer  midpoint
dl-find/turbomole/=============================== Tstep:  109.4 Ttot:18824.7 ==
eandg
Spin: 
 Energy calculation finished, energy: -2.138679050E+03
Testing convergence of dimer midpoint in cycle   65
    Energy  3.3330E-06 Target: 1.0000E-06 converged?   no
  Max step  1.0028E-02 Target: 1.8000E-03 converged?   no component   241
  RMS step  2.3582E-03 Target: 1.2000E-03 converged?   no
  Max grad  1.3151E-04 Target: 4.5000E-04 converged?  yes component    50
  RMS grad  3.9189E-05 Target: 3.0000E-04 converged?  yes
Next calculation will be the dimer endpoint before rotation
dl-find/turbomole/=============================== Tstep:  114.9 Ttot:18939.6 ==
eandg
Spin: 
 Energy calculation finished, energy: -2.138679051E+03
Curvature at dimer midpoint                   -0.00336
Predicted dimer rotation angle:      2.031 deg
Next calculation will be the dimer endpoint after rotation
dl-find/turbomole/=============================== Tstep:  108.2 Ttot:19047.8 ==
eandg
Spin: 
 Energy calculation finished, energy: -2.138679051E+03
Curvature at dimer midpoint after rotation    -0.00310
Curvature at dimer minimum                    -0.00336
Actual dimer rotation angle:         0.063 deg
Dimer rotation converged after    1 steps
Writing TS-mode
Curvature after dimer rotation:               -0.00336
Frequency of transition mode  -297.977 cm^-1 (negative value denotes imaginary frequency)
Crossover temperature for tunnelling       68.23338 K
Restarting L-BFGS optimiser, instance: dimer rotation
Next calculation will be the dimer  midpoint
dl-find/turbomole/=============================== Tstep:   80.4 Ttot:19128.2 ==
eandg
Spin: 
 Energy calculation finished, energy: -2.138679031E+03
Testing convergence of dimer midpoint in cycle   66
    Energy  1.9473E-05 Target: 1.0000E-06 converged?   no
  Max step  1.5383E-02 Target: 1.8000E-03 converged?   no component   241
  RMS step  3.2516E-03 Target: 1.2000E-03 converged?   no
  Max grad  4.9993E-04 Target: 4.5000E-04 converged?   no component    60
  RMS grad  7.5933E-05 Target: 3.0000E-04 converged?  yes
Next calculation will be the dimer endpoint before rotation
dl-find/turbomole/=============================== Tstep:  115.2 Ttot:19243.4 ==
eandg
Spin: 
 Energy calculation finished, energy: -2.138679031E+03
Curvature at dimer midpoint                   -0.00339
Predicted dimer rotation angle:      1.812 deg
Dimer rotation converged after    0 steps
Writing TS-mode
Curvature after dimer rotation:               -0.00339
Frequency of transition mode  -299.240 cm^-1 (negative value denotes imaginary frequency)
Crossover temperature for tunnelling       68.52258 K
Restarting L-BFGS optimiser, instance: dimer rotation
Next calculation will be the dimer  midpoint
dl-find/turbomole/=============================== Tstep:  109.6 Ttot:19353.0 ==
eandg
Spin: 
 Energy calculation finished, energy: -2.138679029E+03
Testing convergence of dimer midpoint in cycle   67
    Energy  2.2800E-06 Target: 1.0000E-06 converged?   no
  Max step  1.8915E-02 Target: 1.8000E-03 converged?   no component   241
  RMS step  3.9445E-03 Target: 1.2000E-03 converged?   no
  Max grad  1.4991E-04 Target: 4.5000E-04 converged?  yes component    75
  RMS grad  4.6308E-05 Target: 3.0000E-04 converged?  yes
Next calculation will be the dimer endpoint before rotation
dl-find/turbomole/=============================== Tstep:  117.6 Ttot:19470.6 ==
eandg
Spin: 
 Energy calculation finished, energy: -2.138679029E+03
Curvature at dimer midpoint                   -0.00339
Predicted dimer rotation angle:      2.020 deg
Next calculation will be the dimer endpoint after rotation
dl-find/turbomole/=============================== Tstep:  105.2 Ttot:19575.8 ==
eandg
Spin: 
 Energy calculation finished, energy: -2.138679029E+03
Curvature at dimer midpoint after rotation    -0.00324
Curvature at dimer minimum                    -0.00339
Actual dimer rotation angle:         0.100 deg
Dimer rotation converged after    1 steps
Writing TS-mode
Curvature after dimer rotation:               -0.00339
Frequency of transition mode  -299.477 cm^-1 (negative value denotes imaginary frequency)
Crossover temperature for tunnelling       68.57669 K
Restarting L-BFGS optimiser, instance: dimer rotation
Next calculation will be the dimer  midpoint
dl-find/turbomole/=============================== Tstep:   79.0 Ttot:19654.8 ==
eandg
Spin: 
 Energy calculation finished, energy: -2.138679023E+03
Testing convergence of dimer midpoint in cycle   68
    Energy  6.0030E-06 Target: 1.0000E-06 converged?   no
  Max step  1.9844E-02 Target: 1.8000E-03 converged?   no component   241
  RMS step  4.1892E-03 Target: 1.2000E-03 converged?   no
  Max grad  1.3144E-04 Target: 4.5000E-04 converged?  yes component   234
  RMS grad  3.8555E-05 Target: 3.0000E-04 converged?  yes
Next calculation will be the dimer endpoint before rotation
dl-find/turbomole/=============================== Tstep:  113.7 Ttot:19768.5 ==
eandg
Spin: 
 Energy calculation finished, energy: -2.138679026E+03
Curvature at dimer midpoint                   -0.00340
Predicted dimer rotation angle:      3.482 deg
Next calculation will be the dimer endpoint after rotation
dl-find/turbomole/=============================== Tstep:  110.4 Ttot:19878.9 ==
eandg
Spin: 
 Energy calculation finished, energy: -2.138679026E+03
Curvature at dimer midpoint after rotation    -0.00253
Curvature at dimer minimum                    -0.00340
Actual dimer rotation angle:         0.096 deg
Dimer rotation converged after    1 steps
Writing TS-mode
Curvature after dimer rotation:               -0.00340
Frequency of transition mode  -299.573 cm^-1 (negative value denotes imaginary frequency)
Crossover temperature for tunnelling       68.59881 K
Restarting L-BFGS optimiser, instance: dimer rotation
Next calculation will be the dimer  midpoint
dl-find/turbomole/=============================== Tstep:   86.7 Ttot:19965.5 ==
eandg
Spin: 
 Energy calculation finished, energy: -2.138679017E+03
Testing convergence of dimer midpoint in cycle   69
    Energy  5.6510E-06 Target: 1.0000E-06 converged?   no
  Max step  2.6095E-02 Target: 1.8000E-03 converged?   no component   241
  RMS step  5.4444E-03 Target: 1.2000E-03 converged?   no
  Max grad  3.6570E-04 Target: 4.5000E-04 converged?  yes component    75
  RMS grad  7.6277E-05 Target: 3.0000E-04 converged?  yes
Next calculation will be the dimer endpoint before rotation
dl-find/turbomole/=============================== Tstep:  114.6 Ttot:20080.2 ==
eandg
Spin: 
 Energy calculation finished, energy: -2.138679017E+03
Curvature at dimer midpoint                   -0.00340
Predicted dimer rotation angle:      2.409 deg
Next calculation will be the dimer endpoint after rotation
dl-find/turbomole/=============================== Tstep:  108.0 Ttot:20188.2 ==
eandg
Spin: 
 Energy calculation finished, energy: -2.138679017E+03
Curvature at dimer midpoint after rotation    -0.00305
Curvature at dimer minimum                    -0.00340
Actual dimer rotation angle:         0.079 deg
Dimer rotation converged after    1 steps
Writing TS-mode
Curvature after dimer rotation:               -0.00340
Frequency of transition mode  -299.653 cm^-1 (negative value denotes imaginary frequency)
Crossover temperature for tunnelling       68.61701 K
Restarting L-BFGS optimiser, instance: dimer rotation
Next calculation will be the dimer  midpoint
dl-find/turbomole/=============================== Tstep:   77.6 Ttot:20265.8 ==
eandg
Spin: 
 Energy calculation finished, energy: -2.138679012E+03
Testing convergence of dimer midpoint in cycle   70
    Energy  5.3470E-06 Target: 1.0000E-06 converged?   no
  Max step  2.5202E-02 Target: 1.8000E-03 converged?   no component   241
  RMS step  5.3240E-03 Target: 1.2000E-03 converged?   no
  Max grad  2.0879E-04 Target: 4.5000E-04 converged?  yes component   192
  RMS grad  6.0163E-05 Target: 3.0000E-04 converged?  yes
Next calculation will be the dimer endpoint before rotation
dl-find/turbomole/=============================== Tstep:  112.3 Ttot:20378.1 ==
eandg
Spin: 
 Energy calculation finished, energy: -2.138679012E+03
Curvature at dimer midpoint                   -0.00340
Predicted dimer rotation angle:      2.728 deg
Next calculation will be the dimer endpoint after rotation
dl-find/turbomole/=============================== Tstep:  110.3 Ttot:20488.4 ==
eandg
Spin: 
 Energy calculation finished, energy: -2.138679012E+03
Curvature at dimer midpoint after rotation    -0.00277
Curvature at dimer minimum                    -0.00340
Actual dimer rotation angle:         0.064 deg
Dimer rotation converged after    1 steps
Writing TS-mode
Curvature after dimer rotation:               -0.00340
Frequency of transition mode  -299.694 cm^-1 (negative value denotes imaginary frequency)
Crossover temperature for tunnelling       68.62644 K
Restarting L-BFGS optimiser, instance: dimer rotation
Next calculation will be the dimer  midpoint
dl-find/turbomole/=============================== Tstep:   87.0 Ttot:20575.4 ==
eandg
Spin: 
 Energy calculation finished, energy: -2.138679015E+03
Testing convergence of dimer midpoint in cycle   71
    Energy  2.8980E-06 Target: 1.0000E-06 converged?   no
  Max step  9.3729E-03 Target: 1.8000E-03 converged?   no component   241
  RMS step  2.0666E-03 Target: 1.2000E-03 converged?   no
  Max grad  1.6750E-04 Target: 4.5000E-04 converged?  yes component    62
  RMS grad  4.9927E-05 Target: 3.0000E-04 converged?  yes
Next calculation will be the dimer endpoint before rotation
dl-find/turbomole/=============================== Tstep:  112.2 Ttot:20687.6 ==
eandg
Spin: 
 Energy calculation finished, energy: -2.138679015E+03
Curvature at dimer midpoint                   -0.00340
Predicted dimer rotation angle:      1.955 deg
Dimer rotation converged after    0 steps
Writing TS-mode
Curvature after dimer rotation:               -0.00340
Frequency of transition mode  -299.870 cm^-1 (negative value denotes imaginary frequency)
Crossover temperature for tunnelling       68.66684 K
Restarting L-BFGS optimiser, instance: dimer rotation
Next calculation will be the dimer  midpoint
dl-find/turbomole/=============================== Tstep:  113.5 Ttot:20801.1 ==
eandg
Spin: 
 Energy calculation finished, energy: -2.138679008E+03
Testing convergence of dimer midpoint in cycle   72
    Energy  6.2940E-06 Target: 1.0000E-06 converged?   no
  Max step  3.3645E-02 Target: 1.8000E-03 converged?   no component   241
  RMS step  7.1571E-03 Target: 1.2000E-03 converged?   no
  Max grad  4.4857E-04 Target: 4.5000E-04 converged?  yes component    55
  RMS grad  1.0312E-04 Target: 3.0000E-04 converged?  yes
Next calculation will be the dimer endpoint before rotation
dl-find/turbomole/=============================== Tstep:  119.7 Ttot:20920.8 ==
eandg
Spin: 
 Energy calculation finished, energy: -2.138679008E+03
Curvature at dimer midpoint                   -0.00337
Predicted dimer rotation angle:      1.984 deg
Dimer rotation converged after    0 steps
Writing TS-mode
Curvature after dimer rotation:               -0.00337
Frequency of transition mode  -298.268 cm^-1 (negative value denotes imaginary frequency)
Crossover temperature for tunnelling       68.29998 K
Restarting L-BFGS optimiser, instance: dimer rotation
Next calculation will be the dimer  midpoint
dl-find/turbomole/=============================== Tstep:  108.8 Ttot:21029.5 ==
eandg
Spin: 
 Energy calculation finished, energy: -2.138679004E+03
Testing convergence of dimer midpoint in cycle   73
    Energy  4.7070E-06 Target: 1.0000E-06 converged?   no
  Max step  2.6045E-02 Target: 1.8000E-03 converged?   no component   241
  RMS step  5.4598E-03 Target: 1.2000E-03 converged?   no
  Max grad  3.2225E-04 Target: 4.5000E-04 converged?  yes component   192
  RMS grad  7.9768E-05 Target: 3.0000E-04 converged?  yes
Next calculation will be the dimer endpoint before rotation
dl-find/turbomole/=============================== Tstep:  114.7 Ttot:21144.3 ==
eandg
Spin: 
 Energy calculation finished, energy: -2.138679004E+03
Curvature at dimer midpoint                   -0.00335
Predicted dimer rotation angle:      2.371 deg
Next calculation will be the dimer endpoint after rotation
dl-find/turbomole/=============================== Tstep:  109.4 Ttot:21253.7 ==
eandg
Spin: 
 Energy calculation finished, energy: -2.138679004E+03
Curvature at dimer midpoint after rotation    -0.00322
Curvature at dimer minimum                    -0.00335
Actual dimer rotation angle:         0.172 deg
Dimer rotation converged after    1 steps
Writing TS-mode
Curvature after dimer rotation:               -0.00335
Frequency of transition mode  -297.678 cm^-1 (negative value denotes imaginary frequency)
Crossover temperature for tunnelling       68.16486 K
Restarting L-BFGS optimiser, instance: dimer rotation
Next calculation will be the dimer  midpoint
dl-find/turbomole/=============================== Tstep:   70.7 Ttot:21324.4 ==
eandg
Spin: 
 Energy calculation finished, energy: -2.138679006E+03
Testing convergence of dimer midpoint in cycle   74
    Energy  2.8220E-06 Target: 1.0000E-06 converged?   no
  Max step  1.2193E-02 Target: 1.8000E-03 converged?   no component   241
  RMS step  2.4589E-03 Target: 1.2000E-03 converged?   no
  Max grad  2.6810E-04 Target: 4.5000E-04 converged?  yes component   192
  RMS grad  6.7375E-05 Target: 3.0000E-04 converged?  yes
Next calculation will be the dimer endpoint before rotation
dl-find/turbomole/=============================== Tstep:   87.5 Ttot:21411.8 ==
eandg
Spin: 
 Energy calculation finished, energy: -2.138679007E+03
Curvature at dimer midpoint                   -0.00313
Predicted dimer rotation angle:      3.909 deg
Next calculation will be the dimer endpoint after rotation
dl-find/turbomole/=============================== Tstep:  109.8 Ttot:21521.6 ==
eandg
Spin: 
 Energy calculation finished, energy: -2.138679007E+03
Curvature at dimer midpoint after rotation    -0.00235
Curvature at dimer minimum                    -0.00313
Actual dimer rotation angle:         0.136 deg
Dimer rotation converged after    1 steps
Writing TS-mode
Curvature after dimer rotation:               -0.00313
Frequency of transition mode  -287.772 cm^-1 (negative value denotes imaginary frequency)
Crossover temperature for tunnelling       65.89656 K
Restarting L-BFGS optimiser, instance: dimer rotation
Next calculation will be the dimer  midpoint
dl-find/turbomole/=============================== Tstep:   88.4 Ttot:21610.0 ==
eandg
Spin: 
 Energy calculation finished, energy: -2.138678982E+03
Testing convergence of dimer midpoint in cycle   75
    Energy  2.4786E-05 Target: 1.0000E-06 converged?   no
  Max step  9.5213E-02 Target: 1.8000E-03 converged?   no component   241
  RMS step  1.9168E-02 Target: 1.2000E-03 converged?   no
  Max grad  2.8021E-04 Target: 4.5000E-04 converged?  yes component   245
  RMS grad  8.6233E-05 Target: 3.0000E-04 converged?  yes
Next calculation will be the dimer endpoint before rotation
dl-find/turbomole/=============================== Tstep:  123.2 Ttot:21733.2 ==
eandg
Spin: 
 Energy calculation finished, energy: -2.138678982E+03
Curvature at dimer midpoint                   -0.00332
Predicted dimer rotation angle:      5.471 deg
Next calculation will be the dimer endpoint after rotation
dl-find/turbomole/=============================== Tstep:  108.8 Ttot:21842.0 ==
eandg
Spin: 
 Energy calculation finished, energy: -2.138678982E+03
Curvature at dimer midpoint after rotation    -0.00059
Curvature at dimer minimum                    -0.00332
Actual dimer rotation angle:         0.117 deg
Dimer rotation converged after    1 steps
Writing TS-mode
Curvature after dimer rotation:               -0.00332
Frequency of transition mode  -296.078 cm^-1 (negative value denotes imaginary frequency)
Crossover temperature for tunnelling       67.79850 K
Restarting L-BFGS optimiser, instance: dimer rotation
Next calculation will be the dimer  midpoint
dl-find/turbomole/=============================== Tstep:   74.0 Ttot:21916.0 ==
eandg
Spin: 
 Energy calculation finished, energy: -2.138678936E+03
Testing convergence of dimer midpoint in cycle   76
    Energy  4.5834E-05 Target: 1.0000E-06 converged?   no
  Max step  9.0749E-02 Target: 1.8000E-03 converged?   no component   241
  RMS step  1.8341E-02 Target: 1.2000E-03 converged?   no
  Max grad  9.4220E-04 Target: 4.5000E-04 converged?   no component    77
  RMS grad  2.5560E-04 Target: 3.0000E-04 converged?  yes
Next calculation will be the dimer endpoint before rotation
dl-find/turbomole/=============================== Tstep:  132.2 Ttot:22048.2 ==
eandg
Spin: 
 Energy calculation finished, energy: -2.138678936E+03
Curvature at dimer midpoint                   -0.00331
Predicted dimer rotation angle:      4.149 deg
Next calculation will be the dimer endpoint after rotation
dl-find/turbomole/=============================== Tstep:  109.7 Ttot:22157.9 ==
eandg
Spin: 
 Energy calculation finished, energy: -2.138678937E+03
Curvature at dimer midpoint after rotation    -0.00256
Curvature at dimer minimum                    -0.00332
Actual dimer rotation angle:         0.177 deg
Dimer rotation converged after    1 steps
Writing TS-mode
Curvature after dimer rotation:               -0.00332
Frequency of transition mode  -296.024 cm^-1 (negative value denotes imaginary frequency)
Crossover temperature for tunnelling       67.78597 K
Restarting L-BFGS optimiser, instance: dimer rotation
Next calculation will be the dimer  midpoint
dl-find/turbomole/=============================== Tstep:   86.2 Ttot:22244.1 ==
eandg
Spin: 
 Energy calculation finished, energy: -2.138678967E+03
Testing convergence of dimer midpoint in cycle   77
    Energy  3.1232E-05 Target: 1.0000E-06 converged?   no
  Max step  1.7759E-02 Target: 1.8000E-03 converged?   no component   241
  RMS step  3.6481E-03 Target: 1.2000E-03 converged?   no
  Max grad  2.5277E-04 Target: 4.5000E-04 converged?  yes component   251
  RMS grad  7.4249E-05 Target: 3.0000E-04 converged?  yes
Next calculation will be the dimer endpoint before rotation
dl-find/turbomole/=============================== Tstep:  113.6 Ttot:22357.7 ==
eandg
Spin: 
 Energy calculation finished, energy: -2.138678968E+03
Curvature at dimer midpoint                   -0.00330
Predicted dimer rotation angle:      4.838 deg
Next calculation will be the dimer endpoint after rotation
dl-find/turbomole/=============================== Tstep:  109.0 Ttot:22466.8 ==
eandg
Spin: 
 Energy calculation finished, energy: -2.138678967E+03
Curvature at dimer midpoint after rotation    -0.00100
Curvature at dimer minimum                    -0.00330
Actual dimer rotation angle:         0.096 deg
Dimer rotation converged after    1 steps
Writing TS-mode
Curvature after dimer rotation:               -0.00330
Frequency of transition mode  -295.213 cm^-1 (negative value denotes imaginary frequency)
Crossover temperature for tunnelling       67.60044 K
Restarting L-BFGS optimiser, instance: dimer rotation
Next calculation will be the dimer  midpoint
dl-find/turbomole/=============================== Tstep:   88.5 Ttot:22555.3 ==
eandg
Spin: 
 Energy calculation finished, energy: -2.138678970E+03
Testing convergence of dimer midpoint in cycle   78
    Energy  2.8780E-06 Target: 1.0000E-06 converged?   no
  Max step  1.1082E-02 Target: 1.8000E-03 converged?   no component   241
  RMS step  2.3000E-03 Target: 1.2000E-03 converged?   no
  Max grad  2.1890E-04 Target: 4.5000E-04 converged?  yes component   240
  RMS grad  5.5125E-05 Target: 3.0000E-04 converged?  yes
Next calculation will be the dimer endpoint before rotation
dl-find/turbomole/=============================== Tstep:  114.8 Ttot:22670.1 ==
eandg
Spin: 
 Energy calculation finished, energy: -2.138678970E+03
Curvature at dimer midpoint                   -0.00330
Predicted dimer rotation angle:      2.325 deg
Next calculation will be the dimer endpoint after rotation
dl-find/turbomole/=============================== Tstep:  108.4 Ttot:22778.5 ==
eandg
Spin: 
 Energy calculation finished, energy: -2.138678970E+03
Curvature at dimer midpoint after rotation    -0.00308
Curvature at dimer minimum                    -0.00330
Actual dimer rotation angle:         0.108 deg
Dimer rotation converged after    1 steps
Writing TS-mode
Curvature after dimer rotation:               -0.00330
Frequency of transition mode  -295.148 cm^-1 (negative value denotes imaginary frequency)
Crossover temperature for tunnelling       67.58556 K
Restarting L-BFGS optimiser, instance: dimer rotation
Next calculation will be the dimer  midpoint
dl-find/turbomole/=============================== Tstep:   82.0 Ttot:22860.5 ==
eandg
Spin: 
 Energy calculation finished, energy: -2.138678966E+03
Testing convergence of dimer midpoint in cycle   79
    Energy  3.9390E-06 Target: 1.0000E-06 converged?   no
  Max step  5.5829E-02 Target: 1.8000E-03 converged?   no component   241
  RMS step  1.1474E-02 Target: 1.2000E-03 converged?   no
  Max grad  2.4580E-04 Target: 4.5000E-04 converged?  yes component    63
  RMS grad  7.3598E-05 Target: 3.0000E-04 converged?  yes
Next calculation will be the dimer endpoint before rotation
dl-find/turbomole/=============================== Tstep:  125.5 Ttot:22986.0 ==
eandg
Spin: 
 Energy calculation finished, energy: -2.138678966E+03
Curvature at dimer midpoint                   -0.00328
Predicted dimer rotation angle:      3.360 deg
Next calculation will be the dimer endpoint after rotation
dl-find/turbomole/=============================== Tstep:  106.8 Ttot:23092.8 ==
eandg
Spin: 
 Energy calculation finished, energy: -2.138678966E+03
Curvature at dimer midpoint after rotation    -0.00275
Curvature at dimer minimum                    -0.00329
Actual dimer rotation angle:         0.131 deg
Dimer rotation converged after    1 steps
Writing TS-mode
Curvature after dimer rotation:               -0.00329
Frequency of transition mode  -294.629 cm^-1 (negative value denotes imaginary frequency)
Crossover temperature for tunnelling       67.46665 K
Restarting L-BFGS optimiser, instance: dimer rotation
Next calculation will be the dimer  midpoint
dl-find/turbomole/=============================== Tstep:   83.4 Ttot:23176.2 ==
eandg
Spin: 
 Energy calculation finished, energy: -2.138678962E+03
Testing convergence of dimer midpoint in cycle   80
    Energy  4.2630E-06 Target: 1.0000E-06 converged?   no
  Max step  5.1930E-02 Target: 1.8000E-03 converged?   no component   241
  RMS step  1.0627E-02 Target: 1.2000E-03 converged?   no
  Max grad  2.6363E-04 Target: 4.5000E-04 converged?  yes component    63
  RMS grad  7.1767E-05 Target: 3.0000E-04 converged?  yes
Next calculation will be the dimer endpoint before rotation
dl-find/turbomole/=============================== Tstep:  118.7 Ttot:23294.9 ==
eandg
Spin: 
 Energy calculation finished, energy: -2.138678962E+03
Curvature at dimer midpoint                   -0.00324
Predicted dimer rotation angle:      4.692 deg
Next calculation will be the dimer endpoint after rotation
dl-find/turbomole/=============================== Tstep:  108.5 Ttot:23403.4 ==
eandg
Spin: 
 Energy calculation finished, energy: -2.138678961E+03
Curvature at dimer midpoint after rotation    -0.00117
Curvature at dimer minimum                    -0.00324
Actual dimer rotation angle:         0.095 deg
Dimer rotation converged after    1 steps
Writing TS-mode
Curvature after dimer rotation:               -0.00324
Frequency of transition mode  -292.547 cm^-1 (negative value denotes imaginary frequency)
Crossover temperature for tunnelling       66.98996 K
Restarting L-BFGS optimiser, instance: dimer rotation
Next calculation will be the dimer  midpoint
dl-find/turbomole/=============================== Tstep:   88.3 Ttot:23491.7 ==
eandg
Spin: 
 Energy calculation finished, energy: -2.138678917E+03
Testing convergence of dimer midpoint in cycle   81
    Energy  4.4962E-05 Target: 1.0000E-06 converged?   no
  Max step  1.3331E-01 Target: 1.8000E-03 converged?   no component   241
  RMS step  2.7158E-02 Target: 1.2000E-03 converged?   no
  Max grad  1.4768E-03 Target: 4.5000E-04 converged?   no component   109
  RMS grad  2.9001E-04 Target: 3.0000E-04 converged?  yes
Next calculation will be the dimer endpoint before rotation
dl-find/turbomole/=============================== Tstep:  131.0 Ttot:23622.7 ==
eandg
Spin: 
 Energy calculation finished, energy: -2.138678918E+03
Curvature at dimer midpoint                   -0.00322
Predicted dimer rotation angle:      5.052 deg
Next calculation will be the dimer endpoint after rotation
dl-find/turbomole/=============================== Tstep:  108.9 Ttot:23731.6 ==
eandg
Spin: 
 Energy calculation finished, energy: -2.138678918E+03
Curvature at dimer midpoint after rotation    -0.00195
Curvature at dimer minimum                    -0.00322
Actual dimer rotation angle:         0.186 deg
Dimer rotation converged after    1 steps
Writing TS-mode
Curvature after dimer rotation:               -0.00322
Frequency of transition mode  -291.669 cm^-1 (negative value denotes imaginary frequency)
Crossover temperature for tunnelling       66.78875 K
Restarting L-BFGS optimiser, instance: dimer rotation
Next calculation will be the dimer  midpoint
dl-find/turbomole/=============================== Tstep:   84.4 Ttot:23816.0 ==
eandg
Spin: 
 Energy calculation finished, energy: -2.138678947E+03
Testing convergence of dimer midpoint in cycle   82
    Energy  2.9725E-05 Target: 1.0000E-06 converged?   no
  Max step  3.7508E-03 Target: 1.8000E-03 converged?   no component   241
  RMS step  1.0879E-03 Target: 1.2000E-03 converged?  yes
  Max grad  2.5076E-04 Target: 4.5000E-04 converged?  yes component    83
  RMS grad  6.5295E-05 Target: 3.0000E-04 converged?  yes
Next calculation will be the dimer endpoint before rotation
dl-find/turbomole/=============================== Tstep:  118.1 Ttot:23934.2 ==
eandg
Spin: 
 Energy calculation finished, energy: -2.138678947E+03
Curvature at dimer midpoint                   -0.00320
Predicted dimer rotation angle:      4.551 deg
Next calculation will be the dimer endpoint after rotation
dl-find/turbomole/=============================== Tstep:  110.0 Ttot:24044.1 ==
eandg
Spin: 
 Energy calculation finished, energy: -2.138678947E+03
Curvature at dimer midpoint after rotation    -0.00164
Curvature at dimer minimum                    -0.00320
Actual dimer rotation angle:         0.113 deg
Dimer rotation converged after    1 steps
Writing TS-mode
Curvature after dimer rotation:               -0.00320
Frequency of transition mode  -290.783 cm^-1 (negative value denotes imaginary frequency)
Crossover temperature for tunnelling       66.58592 K
Restarting L-BFGS optimiser, instance: dimer rotation
Next calculation will be the dimer  midpoint
dl-find/turbomole/=============================== Tstep:   86.7 Ttot:24130.8 ==
eandg
Spin: 
 Energy calculation finished, energy: -2.138678952E+03
Testing convergence of dimer midpoint in cycle   83
    Energy  5.5740E-06 Target: 1.0000E-06 converged?   no
  Max step  4.0221E-03 Target: 1.8000E-03 converged?   no component    19
  RMS step  9.1410E-04 Target: 1.2000E-03 converged?  yes
  Max grad  2.1570E-04 Target: 4.5000E-04 converged?  yes component   238
  RMS grad  4.7347E-05 Target: 3.0000E-04 converged?  yes
Next calculation will be the dimer endpoint before rotation
dl-find/turbomole/=============================== Tstep:  113.0 Ttot:24243.9 ==
eandg
Spin: 
 Energy calculation finished, energy: -2.138678953E+03
Curvature at dimer midpoint                   -0.00320
Predicted dimer rotation angle:      3.215 deg
Next calculation will be the dimer endpoint after rotation
dl-find/turbomole/=============================== Tstep:  111.1 Ttot:24355.0 ==
eandg
Spin: 
 Energy calculation finished, energy: -2.138678953E+03
Curvature at dimer midpoint after rotation    -0.00259
Curvature at dimer minimum                    -0.00320
Actual dimer rotation angle:         0.101 deg
Dimer rotation converged after    1 steps
Writing TS-mode
Curvature after dimer rotation:               -0.00320
Frequency of transition mode  -290.784 cm^-1 (negative value denotes imaginary frequency)
Crossover temperature for tunnelling       66.58621 K
Restarting L-BFGS optimiser, instance: dimer rotation
Next calculation will be the dimer  midpoint
dl-find/turbomole/=============================== Tstep:   56.5 Ttot:24411.5 ==
eandg
Spin: 
 Energy calculation finished, energy: -2.138678944E+03
Testing convergence of dimer midpoint in cycle   84
    Energy  8.1690E-06 Target: 1.0000E-06 converged?   no
  Max step  4.1765E-02 Target: 1.8000E-03 converged?   no component   241
  RMS step  8.5471E-03 Target: 1.2000E-03 converged?   no
  Max grad  2.2594E-04 Target: 4.5000E-04 converged?  yes component   109
  RMS grad  6.6211E-05 Target: 3.0000E-04 converged?  yes
Next calculation will be the dimer endpoint before rotation
dl-find/turbomole/=============================== Tstep:  117.2 Ttot:24528.8 ==
eandg
Spin: 
 Energy calculation finished, energy: -2.138678945E+03
Curvature at dimer midpoint                   -0.00319
Predicted dimer rotation angle:      2.822 deg
Next calculation will be the dimer endpoint after rotation
dl-find/turbomole/=============================== Tstep:  109.0 Ttot:24637.8 ==
eandg
Spin: 
 Energy calculation finished, energy: -2.138678945E+03
Curvature at dimer midpoint after rotation    -0.00295
Curvature at dimer minimum                    -0.00319
Actual dimer rotation angle:         0.164 deg
Dimer rotation converged after    1 steps
Writing TS-mode
Curvature after dimer rotation:               -0.00319
Frequency of transition mode  -290.356 cm^-1 (negative value denotes imaginary frequency)
Crossover temperature for tunnelling       66.48809 K
Restarting L-BFGS optimiser, instance: dimer rotation
Next calculation will be the dimer  midpoint
dl-find/turbomole/=============================== Tstep:   77.8 Ttot:24715.6 ==
eandg
Spin: 
 Energy calculation finished, energy: -2.138678932E+03
Testing convergence of dimer midpoint in cycle   85
    Energy  1.2064E-05 Target: 1.0000E-06 converged?   no
  Max step  6.8757E-02 Target: 1.8000E-03 converged?   no component   241
  RMS step  1.4102E-02 Target: 1.2000E-03 converged?   no
  Max grad  2.9501E-04 Target: 4.5000E-04 converged?  yes component    65
  RMS grad  8.5611E-05 Target: 3.0000E-04 converged?  yes
Next calculation will be the dimer endpoint before rotation
dl-find/turbomole/=============================== Tstep:  103.6 Ttot:24819.2 ==
eandg
Spin: 
 Energy calculation finished, energy: -2.138678933E+03
Curvature at dimer midpoint                   -0.00311
Predicted dimer rotation angle:      6.126 deg
Next calculation will be the dimer endpoint after rotation
dl-find/turbomole/=============================== Tstep:  109.3 Ttot:24928.5 ==
eandg
Spin: 
 Energy calculation finished, energy: -2.138678933E+03
Curvature at dimer midpoint after rotation     0.00100
Curvature at dimer minimum                    -0.00312
Actual dimer rotation angle:         0.104 deg
Dimer rotation converged after    1 steps
Writing TS-mode
Curvature after dimer rotation:               -0.00312
Frequency of transition mode  -286.949 cm^-1 (negative value denotes imaginary frequency)
Crossover temperature for tunnelling       65.70792 K
Restarting L-BFGS optimiser, instance: dimer rotation
Next calculation will be the dimer  midpoint
dl-find/turbomole/=============================== Tstep:   89.5 Ttot:25018.0 ==
eandg
Spin: 
 Energy calculation finished, energy: -2.138678844E+03
Testing convergence of dimer midpoint in cycle   86
    Energy  8.7588E-05 Target: 1.0000E-06 converged?   no
  Max step  2.5569E-01 Target: 1.8000E-03 converged?   no component   241
  RMS step  5.2627E-02 Target: 1.2000E-03 converged?   no
  Max grad  1.8247E-03 Target: 4.5000E-04 converged?   no component   252
  RMS grad  3.7478E-04 Target: 3.0000E-04 converged?   no
Next calculation will be the dimer endpoint before rotation
dl-find/turbomole/=============================== Tstep:  137.1 Ttot:25155.1 ==
eandg
Spin: 
 Energy calculation finished, energy: -2.138678845E+03
Curvature at dimer midpoint                   -0.00313
Predicted dimer rotation angle:      9.744 deg
Next calculation will be the dimer endpoint after rotation
dl-find/turbomole/=============================== Tstep:  114.0 Ttot:25269.1 ==
eandg
Spin: 
 Energy calculation finished, energy: -2.138678843E+03
Curvature at dimer midpoint after rotation     0.00406
Curvature at dimer minimum                    -0.00314
Actual dimer rotation angle:         0.241 deg
Dimer rotation converged after    1 steps
Writing TS-mode
Curvature after dimer rotation:               -0.00314
Frequency of transition mode  -287.865 cm^-1 (negative value denotes imaginary frequency)
Crossover temperature for tunnelling       65.91779 K
Restarting L-BFGS optimiser, instance: dimer rotation
Next calculation will be the dimer  midpoint
dl-find/turbomole/=============================== Tstep:   90.8 Ttot:25359.9 ==
eandg
Spin: 
 Energy calculation finished, energy: -2.138678892E+03
Testing convergence of dimer midpoint in cycle   87
    Energy  4.7537E-05 Target: 1.0000E-06 converged?   no
  Max step  7.8227E-03 Target: 1.8000E-03 converged?   no component    19
  RMS step  2.2160E-03 Target: 1.2000E-03 converged?   no
  Max grad  3.1916E-04 Target: 4.5000E-04 converged?  yes component   155
  RMS grad  8.6081E-05 Target: 3.0000E-04 converged?  yes
Next calculation will be the dimer endpoint before rotation
dl-find/turbomole/=============================== Tstep:  126.9 Ttot:25486.8 ==
eandg
Spin: 
 Energy calculation finished, energy: -2.138678892E+03
Curvature at dimer midpoint                   -0.00316
Predicted dimer rotation angle:      7.367 deg
Next calculation will be the dimer endpoint after rotation
dl-find/turbomole/=============================== Tstep:  109.4 Ttot:25596.2 ==
eandg
Spin: 
 Energy calculation finished, energy: -2.138678892E+03
Curvature at dimer midpoint after rotation     0.00133
Curvature at dimer minimum                    -0.00317
Actual dimer rotation angle:         0.167 deg
Dimer rotation converged after    1 steps
Writing TS-mode
Curvature after dimer rotation:               -0.00317
Frequency of transition mode  -289.283 cm^-1 (negative value denotes imaginary frequency)
Crossover temperature for tunnelling       66.24241 K
Restarting L-BFGS optimiser, instance: dimer rotation
Next calculation will be the dimer  midpoint
dl-find/turbomole/=============================== Tstep:   90.2 Ttot:25686.4 ==
eandg
Spin: 
 Energy calculation finished, energy: -2.138678894E+03
Testing convergence of dimer midpoint in cycle   88
    Energy  2.3150E-06 Target: 1.0000E-06 converged?   no
  Max step  3.0772E-02 Target: 1.8000E-03 converged?   no component   241
  RMS step  6.4987E-03 Target: 1.2000E-03 converged?   no
  Max grad  2.3198E-04 Target: 4.5000E-04 converged?  yes component   238
  RMS grad  6.4647E-05 Target: 3.0000E-04 converged?  yes
Next calculation will be the dimer endpoint before rotation
dl-find/turbomole/=============================== Tstep:  121.0 Ttot:25807.4 ==
eandg
Spin: 
 Energy calculation finished, energy: -2.138678895E+03
Curvature at dimer midpoint                   -0.00317
Predicted dimer rotation angle:      6.436 deg
Next calculation will be the dimer endpoint after rotation
dl-find/turbomole/=============================== Tstep:  109.7 Ttot:25917.1 ==
eandg
Spin: 
 Energy calculation finished, energy: -2.138678895E+03
Curvature at dimer midpoint after rotation    -0.00005
Curvature at dimer minimum                    -0.00317
Actual dimer rotation angle:         0.159 deg
Dimer rotation converged after    1 steps
Writing TS-mode
Curvature after dimer rotation:               -0.00317
Frequency of transition mode  -289.402 cm^-1 (negative value denotes imaginary frequency)
Crossover temperature for tunnelling       66.26969 K
Restarting L-BFGS optimiser, instance: dimer rotation
Next calculation will be the dimer  midpoint
dl-find/turbomole/=============================== Tstep:   89.6 Ttot:26006.6 ==
eandg
Spin: 
 Energy calculation finished, energy: -2.138678981E+03
Testing convergence of dimer midpoint in cycle   89
    Energy  8.7262E-05 Target: 1.0000E-06 converged?   no
  Max step  8.8776E-02 Target: 1.8000E-03 converged?   no component   241
  RMS step  1.8579E-02 Target: 1.2000E-03 converged?   no
  Max grad  2.5295E-04 Target: 4.5000E-04 converged?  yes component   154
  RMS grad  7.4051E-05 Target: 3.0000E-04 converged?  yes
Next calculation will be the dimer endpoint before rotation
dl-find/turbomole/=============================== Tstep:  125.7 Ttot:26132.3 ==
eandg
Spin: 
 Energy calculation finished, energy: -2.138678978E+03
Curvature at dimer midpoint                   -0.00329
Predicted dimer rotation angle:      5.972 deg
Next calculation will be the dimer endpoint after rotation
dl-find/turbomole/=============================== Tstep:  110.8 Ttot:26243.1 ==
eandg
Spin: 
 Energy calculation finished, energy: -2.138678978E+03
Curvature at dimer midpoint after rotation    -0.00254
Curvature at dimer minimum                    -0.00329
Actual dimer rotation angle:         0.486 deg
Dimer rotation converged after    1 steps
Writing TS-mode
Curvature after dimer rotation:               -0.00329
Frequency of transition mode  -294.972 cm^-1 (negative value denotes imaginary frequency)
Crossover temperature for tunnelling       67.54522 K
Restarting L-BFGS optimiser, instance: dimer rotation
Next calculation will be the dimer  midpoint
dl-find/turbomole/=============================== Tstep:   88.1 Ttot:26331.2 ==
eandg
Spin: 
 Energy calculation finished, energy: -2.138678994E+03
Testing convergence of dimer midpoint in cycle   90
    Energy  1.2423E-05 Target: 1.0000E-06 converged?   no
  Max step  4.0374E-02 Target: 1.8000E-03 converged?   no component   238
  RMS step  7.7744E-03 Target: 1.2000E-03 converged?   no
  Max grad  4.0318E-04 Target: 4.5000E-04 converged?  yes component    47
  RMS grad  1.0517E-04 Target: 3.0000E-04 converged?  yes
Next calculation will be the dimer endpoint before rotation
dl-find/turbomole/=============================== Tstep:  126.5 Ttot:26457.7 ==
eandg
Spin: 
 Energy calculation finished, energy: -2.138678995E+03
Curvature at dimer midpoint                   -0.00320
Predicted dimer rotation angle:      7.293 deg
Next calculation will be the dimer endpoint after rotation
dl-find/turbomole/=============================== Tstep:  113.6 Ttot:26571.3 ==
eandg
Spin: 
 Energy calculation finished, energy: -2.138678995E+03
Curvature at dimer midpoint after rotation     0.00201
Curvature at dimer minimum                    -0.00320
Actual dimer rotation angle:         0.142 deg
Dimer rotation converged after    1 steps
Writing TS-mode
Curvature after dimer rotation:               -0.00320
Frequency of transition mode  -290.781 cm^-1 (negative value denotes imaginary frequency)
Crossover temperature for tunnelling       66.58541 K
Restarting L-BFGS optimiser, instance: dimer rotation
Next calculation will be the dimer  midpoint
dl-find/turbomole/=============================== Tstep:   92.7 Ttot:26664.0 ==
eandg
Spin: 
 Energy calculation finished, energy: -2.138678974E+03
Testing convergence of dimer midpoint in cycle   91
    Energy  2.0221E-05 Target: 1.0000E-06 converged?   no
  Max step  1.4832E-01 Target: 1.8000E-03 converged?   no component   241
  RMS step  3.1845E-02 Target: 1.2000E-03 converged?   no
  Max grad  9.8622E-04 Target: 4.5000E-04 converged?   no component    83
  RMS grad  1.5133E-04 Target: 3.0000E-04 converged?  yes
Next calculation will be the dimer endpoint before rotation
dl-find/turbomole/=============================== Tstep:  133.1 Ttot:26797.1 ==
eandg
Spin: 
 Energy calculation finished, energy: -2.138678973E+03
Curvature at dimer midpoint                   -0.00326
Predicted dimer rotation angle:      7.514 deg
Next calculation will be the dimer endpoint after rotation
dl-find/turbomole/=============================== Tstep:  110.0 Ttot:26907.0 ==
eandg
Spin: 
 Energy calculation finished, energy: -2.138678973E+03
Curvature at dimer midpoint after rotation     0.00019
Curvature at dimer minimum                    -0.00326
Actual dimer rotation angle:         0.233 deg
Dimer rotation converged after    1 steps
Writing TS-mode
Curvature after dimer rotation:               -0.00326
Frequency of transition mode  -293.587 cm^-1 (negative value denotes imaginary frequency)
Crossover temperature for tunnelling       67.22805 K
Restarting L-BFGS optimiser, instance: dimer rotation
Next calculation will be the dimer  midpoint
dl-find/turbomole/=============================== Tstep:   90.1 Ttot:26997.2 ==
eandg
Spin: 
 Energy calculation finished, energy: -2.138679000E+03
Testing convergence of dimer midpoint in cycle   92
    Energy  2.6074E-05 Target: 1.0000E-06 converged?   no
  Max step  5.0048E-02 Target: 1.8000E-03 converged?   no component   241
  RMS step  1.0375E-02 Target: 1.2000E-03 converged?   no
  Max grad  1.9692E-04 Target: 4.5000E-04 converged?  yes component    24
  RMS grad  6.2849E-05 Target: 3.0000E-04 converged?  yes
Next calculation will be the dimer endpoint before rotation
dl-find/turbomole/=============================== Tstep:  122.1 Ttot:27119.3 ==
eandg
Spin: 
 Energy calculation finished, energy: -2.138679001E+03
Curvature at dimer midpoint                   -0.00320
Predicted dimer rotation angle:      7.706 deg
Next calculation will be the dimer endpoint after rotation
dl-find/turbomole/=============================== Tstep:  109.6 Ttot:27228.9 ==
eandg
Spin: 
 Energy calculation finished, energy: -2.138679000E+03
Curvature at dimer midpoint after rotation     0.00272
Curvature at dimer minimum                    -0.00320
Actual dimer rotation angle:         0.148 deg
Dimer rotation converged after    1 steps
Writing TS-mode
Curvature after dimer rotation:               -0.00320
Frequency of transition mode  -290.844 cm^-1 (negative value denotes imaginary frequency)
Crossover temperature for tunnelling       66.59987 K
Restarting L-BFGS optimiser, instance: dimer rotation
Next calculation will be the dimer  midpoint
dl-find/turbomole/=============================== Tstep:   90.4 Ttot:27319.3 ==
eandg
Spin: 
 Energy calculation finished, energy: -2.138679009E+03
Testing convergence of dimer midpoint in cycle   93
    Energy  9.0300E-06 Target: 1.0000E-06 converged?   no
  Max step  6.1868E-03 Target: 1.8000E-03 converged?   no component   241
  RMS step  1.3198E-03 Target: 1.2000E-03 converged?   no
  Max grad  3.1068E-04 Target: 4.5000E-04 converged?  yes component    83
  RMS grad  6.5638E-05 Target: 3.0000E-04 converged?  yes
Next calculation will be the dimer endpoint before rotation
dl-find/turbomole/=============================== Tstep:  119.9 Ttot:27439.2 ==
eandg
Spin: 
 Energy calculation finished, energy: -2.138679008E+03
Curvature at dimer midpoint                   -0.00325
Predicted dimer rotation angle:      4.049 deg
Next calculation will be the dimer endpoint after rotation
dl-find/turbomole/=============================== Tstep:  110.7 Ttot:27549.9 ==
eandg
Spin: 
 Energy calculation finished, energy: -2.138679008E+03
Curvature at dimer midpoint after rotation    -0.00254
Curvature at dimer minimum                    -0.00326
Actual dimer rotation angle:         0.169 deg
Dimer rotation converged after    1 steps
Writing TS-mode
Curvature after dimer rotation:               -0.00326
Frequency of transition mode  -293.293 cm^-1 (negative value denotes imaginary frequency)
Crossover temperature for tunnelling       67.16081 K
Restarting L-BFGS optimiser, instance: dimer rotation
Next calculation will be the dimer  midpoint
dl-find/turbomole/=============================== Tstep:   84.1 Ttot:27634.0 ==
eandg
Spin: 
 Energy calculation finished, energy: -2.138679024E+03
Testing convergence of dimer midpoint in cycle   94
    Energy  1.5725E-05 Target: 1.0000E-06 converged?   no
  Max step  1.7989E-02 Target: 1.8000E-03 converged?   no component   238
  RMS step  2.8378E-03 Target: 1.2000E-03 converged?   no
  Max grad  6.8647E-04 Target: 4.5000E-04 converged?   no component    83
  RMS grad  9.6786E-05 Target: 3.0000E-04 converged?  yes
Next calculation will be the dimer endpoint before rotation
dl-find/turbomole/=============================== Tstep:  123.2 Ttot:27757.2 ==
eandg
Spin: 
 Energy calculation finished, energy: -2.138679025E+03
Curvature at dimer midpoint                   -0.00320
Predicted dimer rotation angle:      5.436 deg
Next calculation will be the dimer endpoint after rotation
dl-find/turbomole/=============================== Tstep:  108.5 Ttot:27865.7 ==
eandg
Spin: 
 Energy calculation finished, energy: -2.138679025E+03
Curvature at dimer midpoint after rotation    -0.00045
Curvature at dimer minimum                    -0.00320
Actual dimer rotation angle:         0.110 deg
Dimer rotation converged after    1 steps
Writing TS-mode
Curvature after dimer rotation:               -0.00320
Frequency of transition mode  -290.956 cm^-1 (negative value denotes imaginary frequency)
Crossover temperature for tunnelling       66.62567 K
Restarting L-BFGS optimiser, instance: dimer rotation
Next calculation will be the dimer  midpoint
dl-find/turbomole/=============================== Tstep:   85.7 Ttot:27951.4 ==
eandg
Spin: 
 Energy calculation finished, energy: -2.138678920E+03
Testing convergence of dimer midpoint in cycle   95
    Energy  1.0464E-04 Target: 1.0000E-06 converged?   no
  Max step  8.8738E-02 Target: 1.8000E-03 converged?   no component   241
  RMS step  2.2044E-02 Target: 1.2000E-03 converged?   no
  Max grad  9.8706E-04 Target: 4.5000E-04 converged?   no component   252
  RMS grad  1.7065E-04 Target: 3.0000E-04 converged?  yes
Next calculation will be the dimer endpoint before rotation
dl-find/turbomole/=============================== Tstep:  122.3 Ttot:28073.7 ==
eandg
Spin: 
 Energy calculation finished, energy: -2.138678920E+03
Curvature at dimer midpoint                   -0.00319
Predicted dimer rotation angle:      6.930 deg
Next calculation will be the dimer endpoint after rotation
dl-find/turbomole/=============================== Tstep:  110.3 Ttot:28184.0 ==
eandg
Spin: 
 Energy calculation finished, energy: -2.138678919E+03
Curvature at dimer midpoint after rotation     0.00088
Curvature at dimer minimum                    -0.00319
Actual dimer rotation angle:         0.154 deg
Dimer rotation converged after    1 steps
Writing TS-mode
Curvature after dimer rotation:               -0.00319
Frequency of transition mode  -290.265 cm^-1 (negative value denotes imaginary frequency)
Crossover temperature for tunnelling       66.46743 K
Restarting L-BFGS optimiser, instance: dimer rotation
Next calculation will be the dimer  midpoint
dl-find/turbomole/=============================== Tstep:   86.3 Ttot:28270.4 ==
eandg
Spin: 
 Energy calculation finished, energy: -2.138678947E+03
Testing convergence of dimer midpoint in cycle   96
    Energy  2.7123E-05 Target: 1.0000E-06 converged?   no
  Max step  3.9191E-02 Target: 1.8000E-03 converged?   no component   241
  RMS step  7.1386E-03 Target: 1.2000E-03 converged?   no
  Max grad  2.9747E-04 Target: 4.5000E-04 converged?  yes component   218
  RMS grad  8.0084E-05 Target: 3.0000E-04 converged?  yes
Next calculation will be the dimer endpoint before rotation
dl-find/turbomole/=============================== Tstep:  126.3 Ttot:28396.7 ==
eandg
Spin: 
 Energy calculation finished, energy: -2.138678948E+03
Curvature at dimer midpoint                   -0.00323
Predicted dimer rotation angle:      4.993 deg
Next calculation will be the dimer endpoint after rotation
dl-find/turbomole/=============================== Tstep:  113.7 Ttot:28510.3 ==
eandg
Spin: 
 Energy calculation finished, energy: -2.138678947E+03
Curvature at dimer midpoint after rotation    -0.00143
Curvature at dimer minimum                    -0.00323
Actual dimer rotation angle:         0.130 deg
Dimer rotation converged after    1 steps
Writing TS-mode
Curvature after dimer rotation:               -0.00323
Frequency of transition mode  -292.341 cm^-1 (negative value denotes imaginary frequency)
Crossover temperature for tunnelling       66.94271 K
Restarting L-BFGS optimiser, instance: dimer rotation
Next calculation will be the dimer  midpoint
dl-find/turbomole/=============================== Tstep:   85.4 Ttot:28595.7 ==
eandg
Spin: 
 Energy calculation finished, energy: -2.138678944E+03
Testing convergence of dimer midpoint in cycle   97
    Energy  2.8690E-06 Target: 1.0000E-06 converged?   no
  Max step  3.9870E-02 Target: 1.8000E-03 converged?   no component   241
  RMS step  9.9666E-03 Target: 1.2000E-03 converged?   no
  Max grad  2.7896E-04 Target: 4.5000E-04 converged?  yes component   252
  RMS grad  7.1447E-05 Target: 3.0000E-04 converged?  yes
Next calculation will be the dimer endpoint before rotation
dl-find/turbomole/=============================== Tstep:  127.4 Ttot:28723.1 ==
eandg
Spin: 
 Energy calculation finished, energy: -2.138678945E+03
Curvature at dimer midpoint                   -0.00325
Predicted dimer rotation angle:      5.791 deg
Next calculation will be the dimer endpoint after rotation
dl-find/turbomole/=============================== Tstep:  112.9 Ttot:28836.0 ==
eandg
Spin: 
 Energy calculation finished, energy: -2.138678945E+03
Curvature at dimer midpoint after rotation    -0.00065
Curvature at dimer minimum                    -0.00325
Actual dimer rotation angle:         0.142 deg
Dimer rotation converged after    1 steps
Writing TS-mode
Curvature after dimer rotation:               -0.00325
Frequency of transition mode  -293.136 cm^-1 (negative value denotes imaginary frequency)
Crossover temperature for tunnelling       67.12478 K
Restarting L-BFGS optimiser, instance: dimer rotation
Next calculation will be the dimer  midpoint
dl-find/turbomole/=============================== Tstep:   85.4 Ttot:28921.4 ==
eandg
Spin: 
 Energy calculation finished, energy: -2.138678957E+03
Testing convergence of dimer midpoint in cycle   98
    Energy  1.2523E-05 Target: 1.0000E-06 converged?   no
  Max step  1.6136E-02 Target: 1.8000E-03 converged?   no component   238
  RMS step  2.8702E-03 Target: 1.2000E-03 converged?   no
  Max grad  3.9394E-04 Target: 4.5000E-04 converged?  yes component    83
  RMS grad  8.0110E-05 Target: 3.0000E-04 converged?  yes
Next calculation will be the dimer endpoint before rotation
dl-find/turbomole/=============================== Tstep:  122.3 Ttot:29043.7 ==
eandg
Spin: 
 Energy calculation finished, energy: -2.138678957E+03
Curvature at dimer midpoint                   -0.00327
Predicted dimer rotation angle:      4.713 deg
Next calculation will be the dimer endpoint after rotation
dl-find/turbomole/=============================== Tstep:  110.7 Ttot:29154.4 ==
eandg
Spin: 
 Energy calculation finished, energy: -2.138678957E+03
Curvature at dimer midpoint after rotation    -0.00185
Curvature at dimer minimum                    -0.00328
Actual dimer rotation angle:         0.139 deg
Dimer rotation converged after    1 steps
Writing TS-mode
Curvature after dimer rotation:               -0.00328
Frequency of transition mode  -294.215 cm^-1 (negative value denotes imaginary frequency)
Crossover temperature for tunnelling       67.37176 K
Restarting L-BFGS optimiser, instance: dimer rotation
Next calculation will be the dimer  midpoint
dl-find/turbomole/=============================== Tstep:   82.6 Ttot:29237.0 ==
eandg
Spin: 
 Energy calculation finished, energy: -2.138678954E+03
Testing convergence of dimer midpoint in cycle   99
    Energy  2.4720E-06 Target: 1.0000E-06 converged?   no
  Max step  4.5059E-02 Target: 1.8000E-03 converged?   no component   241
  RMS step  1.1438E-02 Target: 1.2000E-03 converged?   no
  Max grad  2.8694E-04 Target: 4.5000E-04 converged?  yes component    83
  RMS grad  7.4995E-05 Target: 3.0000E-04 converged?  yes
Next calculation will be the dimer endpoint before rotation
dl-find/turbomole/=============================== Tstep:  119.7 Ttot:29356.7 ==
eandg
Spin: 
 Energy calculation finished, energy: -2.138678954E+03
Curvature at dimer midpoint                   -0.00327
Predicted dimer rotation angle:      6.016 deg
Next calculation will be the dimer endpoint after rotation
dl-find/turbomole/=============================== Tstep:  113.9 Ttot:29470.6 ==
eandg
Spin: 
 Energy calculation finished, energy: -2.138678953E+03
Curvature at dimer midpoint after rotation    -0.00042
Curvature at dimer minimum                    -0.00327
Actual dimer rotation angle:         0.146 deg
Dimer rotation converged after    1 steps
Writing TS-mode
Curvature after dimer rotation:               -0.00327
Frequency of transition mode  -293.929 cm^-1 (negative value denotes imaginary frequency)
Crossover temperature for tunnelling       67.30625 K
Restarting L-BFGS optimiser, instance: dimer rotation
Next calculation will be the dimer  midpoint
dl-find/turbomole/=============================== Tstep:   90.6 Ttot:29561.2 ==
eandg
Spin: 
 Energy calculation finished, energy: -2.138678950E+03
Testing convergence of dimer midpoint in cycle  100
    Energy  3.5860E-06 Target: 1.0000E-06 converged?   no
  Max step  5.5843E-02 Target: 1.8000E-03 converged?   no component   238
  RMS step  1.1666E-02 Target: 1.2000E-03 converged?   no
  Max grad  1.2548E-03 Target: 4.5000E-04 converged?   no component   218
  RMS grad  1.7646E-04 Target: 3.0000E-04 converged?  yes
Next calculation will be the dimer endpoint before rotation
dl-find/turbomole/=============================== Tstep:  127.9 Ttot:29689.1 ==
eandg
Spin: 
 Energy calculation finished, energy: -2.138678951E+03
Curvature at dimer midpoint                   -0.00327
Predicted dimer rotation angle:      5.057 deg
Next calculation will be the dimer endpoint after rotation
dl-find/turbomole/=============================== Tstep:  110.2 Ttot:29799.3 ==
eandg
Spin: 
 Energy calculation finished, energy: -2.138678951E+03
Curvature at dimer midpoint after rotation    -0.00209
Curvature at dimer minimum                    -0.00327
Actual dimer rotation angle:         0.202 deg
Dimer rotation converged after    1 steps
Writing TS-mode
Curvature after dimer rotation:               -0.00327
Frequency of transition mode  -294.157 cm^-1 (negative value denotes imaginary frequency)
Crossover temperature for tunnelling       67.35866 K
Restarting L-BFGS optimiser, instance: dimer rotation
Next calculation will be the dimer  midpoint
dl-find/turbomole/=============================== Tstep:   85.6 Ttot:29884.9 ==
eandg
Spin: 
 Energy calculation finished, energy: -2.138678968E+03
Testing convergence of dimer midpoint in cycle  101
    Energy  1.7581E-05 Target: 1.0000E-06 converged?   no
  Max step  6.3179E-03 Target: 1.8000E-03 converged?   no component   238
  RMS step  1.3042E-03 Target: 1.2000E-03 converged?   no
  Max grad  2.2740E-04 Target: 4.5000E-04 converged?  yes component   252
  RMS grad  5.8798E-05 Target: 3.0000E-04 converged?  yes
Next calculation will be the dimer endpoint before rotation
dl-find/turbomole/=============================== Tstep:  115.0 Ttot:29999.9 ==
eandg
Spin: 
 Energy calculation finished, energy: -2.138678969E+03
Curvature at dimer midpoint                   -0.00326
Predicted dimer rotation angle:      5.771 deg
Next calculation will be the dimer endpoint after rotation
dl-find/turbomole/=============================== Tstep:  113.0 Ttot:30112.9 ==
eandg
Spin: 
 Energy calculation finished, energy: -2.138678969E+03
Curvature at dimer midpoint after rotation    -0.00021
Curvature at dimer minimum                    -0.00327
Actual dimer rotation angle:         0.121 deg
Dimer rotation converged after    1 steps
Writing TS-mode
Curvature after dimer rotation:               -0.00327
Frequency of transition mode  -293.731 cm^-1 (negative value denotes imaginary frequency)
Crossover temperature for tunnelling       67.26090 K
Restarting L-BFGS optimiser, instance: dimer rotation
Next calculation will be the dimer  midpoint
dl-find/turbomole/=============================== Tstep:   86.7 Ttot:30199.5 ==
eandg
Spin: 
 Energy calculation finished, energy: -2.138678971E+03
Testing convergence of dimer midpoint in cycle  102
    Energy  3.1780E-06 Target: 1.0000E-06 converged?   no
  Max step  1.7183E-03 Target: 1.8000E-03 converged?  yes component   255
  RMS step  5.6689E-04 Target: 1.2000E-03 converged?  yes
  Max grad  1.5889E-04 Target: 4.5000E-04 converged?  yes component   217
  RMS grad  5.1870E-05 Target: 3.0000E-04 converged?  yes
Next calculation will be the dimer endpoint before rotation
dl-find/turbomole/=============================== Tstep:  112.0 Ttot:30311.5 ==
eandg
Spin: 
 Energy calculation finished, energy: -2.138678972E+03
Curvature at dimer midpoint                   -0.00327
Predicted dimer rotation angle:      3.925 deg
Next calculation will be the dimer endpoint after rotation
dl-find/turbomole/=============================== Tstep:  108.2 Ttot:30419.7 ==
eandg
Spin: 
 Energy calculation finished, energy: -2.138678972E+03
Curvature at dimer midpoint after rotation    -0.00247
Curvature at dimer minimum                    -0.00327
Actual dimer rotation angle:         0.141 deg
Dimer rotation converged after    1 steps
Writing TS-mode
Curvature after dimer rotation:               -0.00327
Frequency of transition mode  -293.852 cm^-1 (negative value denotes imaginary frequency)
Crossover temperature for tunnelling       67.28863 K
Restarting L-BFGS optimiser, instance: dimer rotation
Next calculation will be the dimer  midpoint
dl-find/turbomole/=============================== Tstep:   79.1 Ttot:30498.8 ==
eandg
Spin: 
 Energy calculation finished, energy: -2.138678978E+03
Testing convergence of dimer midpoint in cycle  103
    Energy  6.4400E-06 Target: 1.0000E-06 converged?   no
  Max step  1.6817E-02 Target: 1.8000E-03 converged?   no component   238
  RMS step  3.7518E-03 Target: 1.2000E-03 converged?   no
  Max grad  3.6785E-04 Target: 4.5000E-04 converged?  yes component    83
  RMS grad  7.1459E-05 Target: 3.0000E-04 converged?  yes
Next calculation will be the dimer endpoint before rotation
dl-find/turbomole/=============================== Tstep:  116.5 Ttot:30615.4 ==
eandg
Spin: 
 Energy calculation finished, energy: -2.138678978E+03
Curvature at dimer midpoint                   -0.00327
Predicted dimer rotation angle:      4.735 deg
Next calculation will be the dimer endpoint after rotation
dl-find/turbomole/=============================== Tstep:  113.0 Ttot:30728.4 ==
eandg
Spin: 
 Energy calculation finished, energy: -2.138678978E+03
Curvature at dimer midpoint after rotation    -0.00145
Curvature at dimer minimum                    -0.00328
Actual dimer rotation angle:         0.111 deg
Dimer rotation converged after    1 steps
Writing TS-mode
Curvature after dimer rotation:               -0.00328
Frequency of transition mode  -294.199 cm^-1 (negative value denotes imaginary frequency)
Crossover temperature for tunnelling       67.36829 K
Restarting L-BFGS optimiser, instance: dimer rotation
Next calculation will be the dimer  midpoint
dl-find/turbomole/=============================== Tstep:   84.6 Ttot:30813.0 ==
eandg
Spin: 
 Energy calculation finished, energy: -2.138678984E+03
Testing convergence of dimer midpoint in cycle  104
    Energy  6.6720E-06 Target: 1.0000E-06 converged?   no
  Max step  4.9934E-02 Target: 1.8000E-03 converged?   no component   241
  RMS step  1.3586E-02 Target: 1.2000E-03 converged?   no
  Max grad  5.8678E-04 Target: 4.5000E-04 converged?   no component   218
  RMS grad  1.0150E-04 Target: 3.0000E-04 converged?  yes
Next calculation will be the dimer endpoint before rotation
dl-find/turbomole/=============================== Tstep:  127.9 Ttot:30940.9 ==
eandg
Spin: 
 Energy calculation finished, energy: -2.138678985E+03
Curvature at dimer midpoint                   -0.00328
Predicted dimer rotation angle:      4.423 deg
Next calculation will be the dimer endpoint after rotation
dl-find/turbomole/=============================== Tstep:  114.5 Ttot:31055.4 ==
eandg
Spin: 
 Energy calculation finished, energy: -2.138678985E+03
Curvature at dimer midpoint after rotation    -0.00247
Curvature at dimer minimum                    -0.00328
Actual dimer rotation angle:         0.195 deg
Dimer rotation converged after    1 steps
Writing TS-mode
Curvature after dimer rotation:               -0.00328
Frequency of transition mode  -294.588 cm^-1 (negative value denotes imaginary frequency)
Crossover temperature for tunnelling       67.45725 K
Restarting L-BFGS optimiser, instance: dimer rotation
Next calculation will be the dimer  midpoint
dl-find/turbomole/=============================== Tstep:   88.3 Ttot:31143.7 ==
eandg
Spin: 
 Energy calculation finished, energy: -2.138678994E+03
Testing convergence of dimer midpoint in cycle  105
    Energy  9.6480E-06 Target: 1.0000E-06 converged?   no
  Max step  7.7771E-02 Target: 1.8000E-03 converged?   no component   238
  RMS step  1.7282E-02 Target: 1.2000E-03 converged?   no
  Max grad  7.6910E-04 Target: 4.5000E-04 converged?   no component    88
  RMS grad  1.2414E-04 Target: 3.0000E-04 converged?  yes
Next calculation will be the dimer endpoint before rotation
dl-find/turbomole/=============================== Tstep:  129.3 Ttot:31273.1 ==
eandg
Spin: 
 Energy calculation finished, energy: -2.138678994E+03
Curvature at dimer midpoint                   -0.00326
Predicted dimer rotation angle:      5.784 deg
Next calculation will be the dimer endpoint after rotation
dl-find/turbomole/=============================== Tstep:  110.1 Ttot:31383.1 ==
eandg
Spin: 
 Energy calculation finished, energy: -2.138678995E+03
Curvature at dimer midpoint after rotation    -0.00082
Curvature at dimer minimum                    -0.00326
Actual dimer rotation angle:         0.151 deg
Dimer rotation converged after    1 steps
Writing TS-mode
Curvature after dimer rotation:               -0.00326
Frequency of transition mode  -293.474 cm^-1 (negative value denotes imaginary frequency)
Crossover temperature for tunnelling       67.20220 K
Restarting L-BFGS optimiser, instance: dimer rotation
Next calculation will be the dimer  midpoint
dl-find/turbomole/=============================== Tstep:   84.8 Ttot:31467.9 ==
eandg
Spin: 
 Energy calculation finished, energy: -2.138678999E+03
Testing convergence of dimer midpoint in cycle  106
    Energy  5.4570E-06 Target: 1.0000E-06 converged?   no
  Max step  3.0976E-02 Target: 1.8000E-03 converged?   no component   241
  RMS step  8.0328E-03 Target: 1.2000E-03 converged?   no
  Max grad  2.3750E-04 Target: 4.5000E-04 converged?  yes component    90
  RMS grad  7.0902E-05 Target: 3.0000E-04 converged?  yes
Next calculation will be the dimer endpoint before rotation
dl-find/turbomole/=============================== Tstep:  126.1 Ttot:31594.0 ==
eandg
Spin: 
 Energy calculation finished, energy: -2.138679000E+03
Curvature at dimer midpoint                   -0.00326
Predicted dimer rotation angle:      5.240 deg
Next calculation will be the dimer endpoint after rotation
dl-find/turbomole/=============================== Tstep:  114.2 Ttot:31708.3 ==
eandg
Spin: 
 Energy calculation finished, energy: -2.138679000E+03
Curvature at dimer midpoint after rotation    -0.00186
Curvature at dimer minimum                    -0.00327
Actual dimer rotation angle:         0.191 deg
Dimer rotation converged after    1 steps
Writing TS-mode
Curvature after dimer rotation:               -0.00327
Frequency of transition mode  -293.770 cm^-1 (negative value denotes imaginary frequency)
Crossover temperature for tunnelling       67.26998 K
Restarting L-BFGS optimiser, instance: dimer rotation
Next calculation will be the dimer  midpoint
dl-find/turbomole/=============================== Tstep:   87.1 Ttot:31795.4 ==
eandg
Spin: 
 Energy calculation finished, energy: -2.138679036E+03
Testing convergence of dimer midpoint in cycle  107
    Energy  3.6810E-05 Target: 1.0000E-06 converged?   no
  Max step  3.3475E-02 Target: 1.8000E-03 converged?   no component   241
  RMS step  9.3149E-03 Target: 1.2000E-03 converged?   no
  Max grad  5.3867E-04 Target: 4.5000E-04 converged?   no component    83
  RMS grad  9.4313E-05 Target: 3.0000E-04 converged?  yes
Next calculation will be the dimer endpoint before rotation
dl-find/turbomole/=============================== Tstep:  117.9 Ttot:31913.3 ==
eandg
Spin: 
 Energy calculation finished, energy: -2.138679036E+03
Curvature at dimer midpoint                   -0.00325
Predicted dimer rotation angle:      6.326 deg
Next calculation will be the dimer endpoint after rotation
dl-find/turbomole/=============================== Tstep:  111.5 Ttot:32024.8 ==
eandg
Spin: 
 Energy calculation finished, energy: -2.138679037E+03
Curvature at dimer midpoint after rotation    -0.00014
Curvature at dimer minimum                    -0.00325
Actual dimer rotation angle:         0.155 deg
Dimer rotation converged after    1 steps
Writing TS-mode
Curvature after dimer rotation:               -0.00325
Frequency of transition mode  -293.026 cm^-1 (negative value denotes imaginary frequency)
Crossover temperature for tunnelling       67.09959 K
Restarting L-BFGS optimiser, instance: dimer rotation
Next calculation will be the dimer  midpoint
dl-find/turbomole/=============================== Tstep:   85.2 Ttot:32110.0 ==
eandg
Spin: 
 Energy calculation finished, energy: -2.138679047E+03
Testing convergence of dimer midpoint in cycle  108
    Energy  1.1158E-05 Target: 1.0000E-06 converged?   no
  Max step  2.9044E-02 Target: 1.8000E-03 converged?   no component   238
  RMS step  8.0226E-03 Target: 1.2000E-03 converged?   no
  Max grad  7.3331E-04 Target: 4.5000E-04 converged?   no component    88
  RMS grad  1.1724E-04 Target: 3.0000E-04 converged?  yes
Next calculation will be the dimer endpoint before rotation
dl-find/turbomole/=============================== Tstep:  117.9 Ttot:32227.9 ==
eandg
Spin: 
 Energy calculation finished, energy: -2.138679048E+03
Curvature at dimer midpoint                   -0.00326
Predicted dimer rotation angle:      5.114 deg
Next calculation will be the dimer endpoint after rotation
dl-find/turbomole/=============================== Tstep:  114.8 Ttot:32342.7 ==
eandg
Spin: 
 Energy calculation finished, energy: -2.138679047E+03
Curvature at dimer midpoint after rotation    -0.00213
Curvature at dimer minimum                    -0.00326
Actual dimer rotation angle:         0.217 deg
Dimer rotation converged after    1 steps
Writing TS-mode
Curvature after dimer rotation:               -0.00326
Frequency of transition mode  -293.424 cm^-1 (negative value denotes imaginary frequency)
Crossover temperature for tunnelling       67.19072 K
Restarting L-BFGS optimiser, instance: dimer rotation
Next calculation will be the dimer  midpoint
dl-find/turbomole/=============================== Tstep:   89.0 Ttot:32431.7 ==
eandg
Spin: 
 Energy calculation finished, energy: -2.138679053E+03
Testing convergence of dimer midpoint in cycle  109
    Energy  5.2340E-06 Target: 1.0000E-06 converged?   no
  Max step  8.2072E-02 Target: 1.8000E-03 converged?   no component     2
  RMS step  2.4783E-02 Target: 1.2000E-03 converged?   no
  Max grad  1.1322E-03 Target: 4.5000E-04 converged?   no component    83
  RMS grad  2.5007E-04 Target: 3.0000E-04 converged?  yes
Next calculation will be the dimer endpoint before rotation
dl-find/turbomole/=============================== Tstep:  127.7 Ttot:32559.4 ==
eandg
Spin: 
 Energy calculation finished, energy: -2.138679053E+03
Curvature at dimer midpoint                   -0.00326
Predicted dimer rotation angle:      8.219 deg
Next calculation will be the dimer endpoint after rotation
dl-find/turbomole/=============================== Tstep:  110.0 Ttot:32669.4 ==
eandg
Spin: 
 Energy calculation finished, energy: -2.138679052E+03
Curvature at dimer midpoint after rotation     0.00223
Curvature at dimer minimum                    -0.00326
Actual dimer rotation angle:         0.195 deg
Dimer rotation converged after    1 steps
Writing TS-mode
Curvature after dimer rotation:               -0.00326
Frequency of transition mode  -293.579 cm^-1 (negative value denotes imaginary frequency)
Crossover temperature for tunnelling       67.22631 K
Restarting L-BFGS optimiser, instance: dimer rotation
Next calculation will be the dimer  midpoint
dl-find/turbomole/=============================== Tstep:   89.8 Ttot:32759.2 ==
eandg
Spin: 
 Energy calculation finished, energy: -2.138679079E+03
Testing convergence of dimer midpoint in cycle  110
    Energy  2.6408E-05 Target: 1.0000E-06 converged?   no
  Max step  2.8964E-02 Target: 1.8000E-03 converged?   no component   241
  RMS step  5.8368E-03 Target: 1.2000E-03 converged?   no
  Max grad  3.1673E-04 Target: 4.5000E-04 converged?  yes component    88
  RMS grad  9.8112E-05 Target: 3.0000E-04 converged?  yes
Next calculation will be the dimer endpoint before rotation
dl-find/turbomole/=============================== Tstep:  123.1 Ttot:32882.4 ==
eandg
Spin: 
 Energy calculation finished, energy: -2.138679079E+03
Curvature at dimer midpoint                   -0.00322
Predicted dimer rotation angle:      6.263 deg
Next calculation will be the dimer endpoint after rotation
dl-find/turbomole/=============================== Tstep:  108.3 Ttot:32990.7 ==
eandg
Spin: 
 Energy calculation finished, energy: -2.138679079E+03
Curvature at dimer midpoint after rotation    -0.00033
Curvature at dimer minimum                    -0.00322
Actual dimer rotation angle:         0.160 deg
Dimer rotation converged after    1 steps
Writing TS-mode
Curvature after dimer rotation:               -0.00322
Frequency of transition mode  -291.823 cm^-1 (negative value denotes imaginary frequency)
Crossover temperature for tunnelling       66.82409 K
Restarting L-BFGS optimiser, instance: dimer rotation
Next calculation will be the dimer  midpoint
dl-find/turbomole/=============================== Tstep:   90.4 Ttot:33081.1 ==
eandg
Spin: 
 Energy calculation finished, energy: -2.138679095E+03
Testing convergence of dimer midpoint in cycle  111
    Energy  1.5827E-05 Target: 1.0000E-06 converged?   no
  Max step  1.5565E-02 Target: 1.8000E-03 converged?   no component     2
  RMS step  4.4386E-03 Target: 1.2000E-03 converged?   no
  Max grad  2.9163E-04 Target: 4.5000E-04 converged?  yes component    83
  RMS grad  8.1736E-05 Target: 3.0000E-04 converged?  yes
Next calculation will be the dimer endpoint before rotation
dl-find/turbomole/=============================== Tstep:  116.5 Ttot:33197.6 ==
eandg
Spin: 
 Energy calculation finished, energy: -2.138679095E+03
Curvature at dimer midpoint                   -0.00320
Predicted dimer rotation angle:      5.663 deg
Next calculation will be the dimer endpoint after rotation
dl-find/turbomole/=============================== Tstep:  110.5 Ttot:33308.1 ==
eandg
Spin: 
 Energy calculation finished, energy: -2.138679095E+03
Curvature at dimer midpoint after rotation    -0.00116
Curvature at dimer minimum                    -0.00320
Actual dimer rotation angle:         0.165 deg
Dimer rotation converged after    1 steps
Writing TS-mode
Curvature after dimer rotation:               -0.00320
Frequency of transition mode  -290.902 cm^-1 (negative value denotes imaginary frequency)
Crossover temperature for tunnelling       66.61314 K
Restarting L-BFGS optimiser, instance: dimer rotation
Next calculation will be the dimer  midpoint
dl-find/turbomole/=============================== Tstep:   85.5 Ttot:33393.6 ==
eandg
Spin: 
 Energy calculation finished, energy: -2.138679119E+03
Testing convergence of dimer midpoint in cycle  112
    Energy  2.3970E-05 Target: 1.0000E-06 converged?   no
  Max step  1.7046E-02 Target: 1.8000E-03 converged?   no component   229
  RMS step  4.5950E-03 Target: 1.2000E-03 converged?   no
  Max grad  6.5146E-04 Target: 4.5000E-04 converged?   no component    83
  RMS grad  1.0612E-04 Target: 3.0000E-04 converged?  yes
Next calculation will be the dimer endpoint before rotation
dl-find/turbomole/=============================== Tstep:  116.7 Ttot:33510.3 ==
eandg
Spin: 
 Energy calculation finished, energy: -2.138679119E+03
Curvature at dimer midpoint                   -0.00318
Predicted dimer rotation angle:      5.831 deg
Next calculation will be the dimer endpoint after rotation
dl-find/turbomole/=============================== Tstep:  109.9 Ttot:33620.2 ==
eandg
Spin: 
 Energy calculation finished, energy: -2.138679119E+03
Curvature at dimer midpoint after rotation    -0.00090
Curvature at dimer minimum                    -0.00319
Actual dimer rotation angle:         0.161 deg
Dimer rotation converged after    1 steps
Writing TS-mode
Curvature after dimer rotation:               -0.00319
Frequency of transition mode  -290.183 cm^-1 (negative value denotes imaginary frequency)
Crossover temperature for tunnelling       66.44853 K
Restarting L-BFGS optimiser, instance: dimer rotation
Next calculation will be the dimer  midpoint
dl-find/turbomole/=============================== Tstep:   85.0 Ttot:33705.2 ==
eandg
Spin: 
 Energy calculation finished, energy: -2.138678666E+03
Testing convergence of dimer midpoint in cycle  113
    Energy  4.5334E-04 Target: 1.0000E-06 converged?   no
  Max step  8.9654E-02 Target: 1.8000E-03 converged?   no component   241
  RMS step  2.5103E-02 Target: 1.2000E-03 converged?   no
  Max grad  8.0073E-04 Target: 4.5000E-04 converged?   no component    88
  RMS grad  1.6491E-04 Target: 3.0000E-04 converged?  yes
Next calculation will be the dimer endpoint before rotation
dl-find/turbomole/=============================== Tstep:  137.3 Ttot:33842.6 ==
eandg
Spin: 
 Energy calculation finished, energy: -2.138678665E+03
Curvature at dimer midpoint                   -0.00317
Predicted dimer rotation angle:      8.692 deg
Next calculation will be the dimer endpoint after rotation
dl-find/turbomole/=============================== Tstep:  110.7 Ttot:33953.3 ==
eandg
Spin: 
 Energy calculation finished, energy: -2.138678665E+03
Curvature at dimer midpoint after rotation     0.00213
Curvature at dimer minimum                    -0.00317
Actual dimer rotation angle:         0.232 deg
Dimer rotation converged after    1 steps
Writing TS-mode
Curvature after dimer rotation:               -0.00317
Frequency of transition mode  -289.406 cm^-1 (negative value denotes imaginary frequency)
Crossover temperature for tunnelling       66.27074 K
Restarting L-BFGS optimiser, instance: dimer rotation
Next calculation will be the dimer  midpoint
dl-find/turbomole/=============================== Tstep:   92.6 Ttot:34045.9 ==
eandg
Spin: 
 Energy calculation finished, energy: -2.138679183E+03
Testing convergence of dimer midpoint in cycle  114
    Energy  5.1724E-04 Target: 1.0000E-06 converged?   no
  Max step  1.1652E-01 Target: 1.8000E-03 converged?   no component   241
  RMS step  2.3844E-02 Target: 1.2000E-03 converged?   no
  Max grad  7.7916E-04 Target: 4.5000E-04 converged?   no component    50
  RMS grad  1.7317E-04 Target: 3.0000E-04 converged?  yes
Next calculation will be the dimer endpoint before rotation
dl-find/turbomole/=============================== Tstep:  137.6 Ttot:34183.5 ==
eandg
Spin: 
 Energy calculation finished, energy: -2.138679183E+03
Curvature at dimer midpoint                   -0.00318
Predicted dimer rotation angle:      7.863 deg
Next calculation will be the dimer endpoint after rotation
dl-find/turbomole/=============================== Tstep:  114.7 Ttot:34298.2 ==
eandg
Spin: 
 Energy calculation finished, energy: -2.138679184E+03
Curvature at dimer midpoint after rotation     0.00269
Curvature at dimer minimum                    -0.00318
Actual dimer rotation angle:         0.157 deg
Dimer rotation converged after    1 steps
Writing TS-mode
Curvature after dimer rotation:               -0.00318
Frequency of transition mode  -289.886 cm^-1 (negative value denotes imaginary frequency)
Crossover temperature for tunnelling       66.38048 K
Restarting L-BFGS optimiser, instance: dimer rotation
Next calculation will be the dimer  midpoint
dl-find/turbomole/=============================== Tstep:   91.2 Ttot:34389.4 ==
eandg
Spin: 
 Energy calculation finished, energy: -2.138678724E+03
Testing convergence of dimer midpoint in cycle  115
    Energy  4.5922E-04 Target: 1.0000E-06 converged?   no
  Max step  5.4163E-02 Target: 1.8000E-03 converged?   no component   241
  RMS step  1.1026E-02 Target: 1.2000E-03 converged?   no
  Max grad  8.4770E-04 Target: 4.5000E-04 converged?   no component   218
  RMS grad  1.8420E-04 Target: 3.0000E-04 converged?  yes
Next calculation will be the dimer endpoint before rotation
dl-find/turbomole/=============================== Tstep:  131.1 Ttot:34520.5 ==
eandg
Spin: 
 Energy calculation finished, energy: -2.138678724E+03
Curvature at dimer midpoint                   -0.00318
Predicted dimer rotation angle:      5.449 deg
Next calculation will be the dimer endpoint after rotation
dl-find/turbomole/=============================== Tstep:  110.1 Ttot:34630.6 ==
eandg
Spin: 
 Energy calculation finished, energy: -2.138678724E+03
Curvature at dimer midpoint after rotation    -0.00131
Curvature at dimer minimum                    -0.00318
Actual dimer rotation angle:         0.160 deg
Dimer rotation converged after    1 steps
Writing TS-mode
Curvature after dimer rotation:               -0.00318
Frequency of transition mode  -289.809 cm^-1 (negative value denotes imaginary frequency)
Crossover temperature for tunnelling       66.36299 K
Restarting L-BFGS optimiser, instance: dimer rotation
Next calculation will be the dimer  midpoint
dl-find/turbomole/=============================== Tstep:   85.6 Ttot:34716.2 ==
eandg
Spin: 
 Energy calculation finished, energy: -2.138678747E+03
Testing convergence of dimer midpoint in cycle  116
    Energy  2.3629E-05 Target: 1.0000E-06 converged?   no
  Max step  1.7575E-02 Target: 1.8000E-03 converged?   no component   241
  RMS step  4.1237E-03 Target: 1.2000E-03 converged?   no
  Max grad  4.2340E-04 Target: 4.5000E-04 converged?  yes component    55
  RMS grad  9.6405E-05 Target: 3.0000E-04 converged?  yes
Next calculation will be the dimer endpoint before rotation
dl-find/turbomole/=============================== Tstep:  128.4 Ttot:34844.6 ==
eandg
Spin: 
 Energy calculation finished, energy: -2.138678747E+03
Curvature at dimer midpoint                   -0.00318
Predicted dimer rotation angle:      5.353 deg
Next calculation will be the dimer endpoint after rotation
dl-find/turbomole/=============================== Tstep:  110.1 Ttot:34954.7 ==
eandg
Spin: 
 Energy calculation finished, energy: -2.138678747E+03
Curvature at dimer midpoint after rotation    -0.00093
Curvature at dimer minimum                    -0.00318
Actual dimer rotation angle:         0.127 deg
Dimer rotation converged after    1 steps
Writing TS-mode
Curvature after dimer rotation:               -0.00318
Frequency of transition mode  -290.044 cm^-1 (negative value denotes imaginary frequency)
Crossover temperature for tunnelling       66.41671 K
Restarting L-BFGS optimiser, instance: dimer rotation
Next calculation will be the dimer  midpoint
dl-find/turbomole/=============================== Tstep:   89.0 Ttot:35043.7 ==
eandg
Spin: 
 Energy calculation finished, energy: -2.138679230E+03
Testing convergence of dimer midpoint in cycle  117
    Energy  4.8325E-04 Target: 1.0000E-06 converged?   no
  Max step  1.0106E-02 Target: 1.8000E-03 converged?   no component   229
  RMS step  3.2765E-03 Target: 1.2000E-03 converged?   no
  Max grad  4.0542E-04 Target: 4.5000E-04 converged?  yes component    83
  RMS grad  9.7356E-05 Target: 3.0000E-04 converged?  yes
Next calculation will be the dimer endpoint before rotation
dl-find/turbomole/=============================== Tstep:  132.2 Ttot:35175.9 ==
eandg
Spin: 
 Energy calculation finished, energy: -2.138678764E+03
Curvature at dimer midpoint                    0.00202
Predicted dimer rotation angle:     44.016 deg
Next calculation will be the dimer endpoint after rotation
dl-find/turbomole/=============================== Tstep:  129.9 Ttot:35305.8 ==
eandg
Spin: 
 Energy calculation finished, energy: -2.138679222E+03
Curvature at dimer midpoint after rotation     0.06778
Curvature at dimer minimum                    -0.01077
Actual dimer rotation angle:        12.262 deg
Predicted dimer rotation angle:     42.909 deg
Next calculation will be the dimer endpoint after rotation
dl-find/turbomole/=============================== Tstep:  125.7 Ttot:35431.6 ==
eandg
Spin: 
 Energy calculation finished, energy: -2.138679227E+03
Curvature at dimer midpoint after rotation     0.04113
Curvature at dimer minimum                    -0.00748
Actual dimer rotation angle:        10.284 deg
Predicted dimer rotation angle:     41.608 deg
Next calculation will be the dimer endpoint after rotation
dl-find/turbomole/=============================== Tstep:  107.3 Ttot:35538.8 ==
eandg
Spin: 
 Energy calculation finished, energy: -2.138679228E+03
Curvature at dimer midpoint after rotation     0.01721
Curvature at dimer minimum                    -0.00459
Actual dimer rotation angle:        10.643 deg
Predicted dimer rotation angle:     43.787 deg
Next calculation will be the dimer endpoint after rotation
dl-find/turbomole/=============================== Tstep:  100.1 Ttot:35638.9 ==
eandg
Spin: 
 Energy calculation finished, energy: -2.138679229E+03
Curvature at dimer midpoint after rotation     0.01670
Curvature at dimer minimum                    -0.00238
Actual dimer rotation angle:        10.132 deg
Predicted dimer rotation angle:     44.644 deg
Next calculation will be the dimer endpoint after rotation
dl-find/turbomole/=============================== Tstep:   98.8 Ttot:35737.7 ==
eandg
Spin: 
 Energy calculation finished, energy: -2.138679230E+03
Curvature at dimer midpoint after rotation     0.01981
Curvature at dimer minimum                    -0.00133
Actual dimer rotation angle:         8.226 deg
Predicted dimer rotation angle:     44.346 deg
Next calculation will be the dimer endpoint after rotation
dl-find/turbomole/=============================== Tstep:  111.0 Ttot:35848.7 ==
eandg
Spin: 
 Energy calculation finished, energy: -2.138679230E+03
Curvature at dimer midpoint after rotation     0.01575
Curvature at dimer minimum                    -0.00055
Actual dimer rotation angle:         5.952 deg
Predicted dimer rotation angle:     44.712 deg
Next calculation will be the dimer endpoint after rotation
dl-find/turbomole/=============================== Tstep:   94.1 Ttot:35942.8 ==
eandg
Spin: 
 Energy calculation finished, energy: -2.138679229E+03
Curvature at dimer midpoint after rotation     0.01972
Curvature at dimer minimum                    -0.00039
Actual dimer rotation angle:         4.820 deg
Predicted dimer rotation angle:     44.053 deg
Next calculation will be the dimer endpoint after rotation
dl-find/turbomole/=============================== Tstep:   99.6 Ttot:36042.4 ==
eandg
Spin: 
 Energy calculation finished, energy: -2.138679230E+03
Curvature at dimer midpoint after rotation     0.00983
Curvature at dimer minimum                    -0.00072
Actual dimer rotation angle:         7.951 deg
Predicted dimer rotation angle:     40.606 deg
Next calculation will be the dimer endpoint after rotation
dl-find/turbomole/=============================== Tstep:  111.1 Ttot:36153.5 ==
eandg
Spin: 
 Energy calculation finished, energy: -2.138679230E+03
Curvature at dimer midpoint after rotation     0.00488
Curvature at dimer minimum                    -0.00098
Actual dimer rotation angle:         8.757 deg
Predicted dimer rotation angle:     37.303 deg
Next calculation will be the dimer endpoint after rotation
dl-find/turbomole/=============================== Tstep:  100.7 Ttot:36254.2 ==
eandg
Spin: 
 Energy calculation finished, energy: -2.138679230E+03
Curvature at dimer midpoint after rotation     0.00459
Curvature at dimer minimum                    -0.00123
Actual dimer rotation angle:         7.451 deg
Predicted dimer rotation angle:     36.816 deg
Next calculation will be the dimer endpoint after rotation
dl-find/turbomole/=============================== Tstep:   87.1 Ttot:36341.3 ==
eandg
Spin: 
 Energy calculation finished, energy: -2.138679231E+03
Curvature at dimer midpoint after rotation     0.01821
Curvature at dimer minimum                    -0.00154
Actual dimer rotation angle:         3.720 deg
Predicted dimer rotation angle:     28.362 deg
Next calculation will be the dimer endpoint after rotation
dl-find/turbomole/=============================== Tstep:  105.1 Ttot:36446.4 ==
eandg
Spin: 
 Energy calculation finished, energy: -2.138679229E+03
Curvature at dimer midpoint after rotation     0.00706
Curvature at dimer minimum                    -0.00174
Actual dimer rotation angle:         2.955 deg
Predicted dimer rotation angle:     19.842 deg
Next calculation will be the dimer endpoint after rotation
dl-find/turbomole/=============================== Tstep:  113.1 Ttot:36559.5 ==
eandg
Spin: 
 Energy calculation finished, energy: -2.138679230E+03
Curvature at dimer midpoint after rotation    -0.00105
Curvature at dimer minimum                    -0.00184
Actual dimer rotation angle:         5.922 deg
Predicted dimer rotation angle:     13.185 deg
Next calculation will be the dimer endpoint after rotation
dl-find/turbomole/=============================== Tstep:   94.1 Ttot:36653.6 ==
eandg
Spin: 
 Energy calculation finished, energy: -2.138679231E+03
Curvature at dimer midpoint after rotation    -0.00201
Curvature at dimer minimum                    -0.00201
Actual dimer rotation angle:        11.960 deg
Predicted dimer rotation angle:     15.790 deg
Next calculation will be the dimer endpoint after rotation
dl-find/turbomole/=============================== Tstep:   90.4 Ttot:36744.0 ==
eandg
Spin: 
 Energy calculation finished, energy: -2.138679231E+03
Curvature at dimer midpoint after rotation    -0.00164
Curvature at dimer minimum                    -0.00212
Actual dimer rotation angle:         5.098 deg
Predicted dimer rotation angle:     22.797 deg
Next calculation will be the dimer endpoint after rotation
dl-find/turbomole/=============================== Tstep:   82.6 Ttot:36826.6 ==
eandg
Spin: 
 Energy calculation finished, energy: -2.138679232E+03
Curvature at dimer midpoint after rotation    -0.00151
Curvature at dimer minimum                    -0.00245
Actual dimer rotation angle:         8.376 deg
Predicted dimer rotation angle:     17.113 deg
Next calculation will be the dimer endpoint after rotation
dl-find/turbomole/=============================== Tstep:   99.1 Ttot:36925.6 ==
eandg
Spin: 
 Energy calculation finished, energy: -2.138679231E+03
Curvature at dimer midpoint after rotation    -0.00259
Curvature at dimer minimum                    -0.00274
Actual dimer rotation angle:         9.986 deg
Predicted dimer rotation angle:     23.004 deg
Next calculation will be the dimer endpoint after rotation
dl-find/turbomole/=============================== Tstep:   95.5 Ttot:37021.2 ==
eandg
Spin: 
 Energy calculation finished, energy: -2.138678763E+03
Curvature at dimer midpoint after rotation     0.00734
Curvature at dimer minimum                    -0.00285
Actual dimer rotation angle:         2.048 deg
Predicted dimer rotation angle:     24.663 deg
Next calculation will be the dimer endpoint after rotation
dl-find/turbomole/=============================== Tstep:  126.2 Ttot:37147.4 ==
eandg
Spin: 
 Energy calculation finished, energy: -2.138678764E+03
Curvature at dimer midpoint after rotation     0.00161
Curvature at dimer minimum                    -0.00278
Actual dimer rotation angle:         4.575 deg
Predicted dimer rotation angle:     27.639 deg
Next calculation will be the dimer endpoint after rotation
dl-find/turbomole/=============================== Tstep:   96.1 Ttot:37243.5 ==
eandg
Spin: 
 Energy calculation finished, energy: -2.138679229E+03
Curvature at dimer midpoint after rotation     0.00847
Curvature at dimer minimum                    -0.00229
Actual dimer rotation angle:         2.879 deg
Predicted dimer rotation angle:     34.813 deg
Next calculation will be the dimer endpoint after rotation
dl-find/turbomole/=============================== Tstep:  126.0 Ttot:37369.5 ==
eandg
Spin: 
 Energy calculation finished, energy: -2.138678763E+03
Curvature at dimer midpoint after rotation     0.00053
Curvature at dimer minimum                    -0.00336
Actual dimer rotation angle:        12.471 deg
Predicted dimer rotation angle:     33.094 deg
Next calculation will be the dimer endpoint after rotation
dl-find/turbomole/=============================== Tstep:  125.8 Ttot:37495.2 ==
eandg
Spin: 
 Energy calculation finished, energy: -2.138679229E+03
Curvature at dimer midpoint after rotation     0.01502
Curvature at dimer minimum                    -0.00277
Actual dimer rotation angle:         4.101 deg
Predicted dimer rotation angle:     41.191 deg
Next calculation will be the dimer endpoint after rotation
dl-find/turbomole/=============================== Tstep:  124.9 Ttot:37620.2 ==
eandg
Spin: 
 Energy calculation finished, energy: -2.138679226E+03
Curvature at dimer midpoint after rotation     0.02857
Curvature at dimer minimum                    -0.00366
Actual dimer rotation angle:         7.565 deg
Predicted dimer rotation angle:     37.075 deg
Next calculation will be the dimer endpoint after rotation
dl-find/turbomole/=============================== Tstep:  112.5 Ttot:37732.7 ==
eandg
Spin: 
 Energy calculation finished, energy: -2.138679230E+03
Curvature at dimer midpoint after rotation     0.00389
Curvature at dimer minimum                    -0.00340
Actual dimer rotation angle:        11.035 deg
Predicted dimer rotation angle:     33.212 deg
Next calculation will be the dimer endpoint after rotation
dl-find/turbomole/=============================== Tstep:   94.4 Ttot:37827.1 ==
eandg
Spin: 
 Energy calculation finished, energy: -2.138679231E+03
Curvature at dimer midpoint after rotation     0.00157
Curvature at dimer minimum                    -0.00270
Actual dimer rotation angle:         9.691 deg
Predicted dimer rotation angle:     29.285 deg
Next calculation will be the dimer endpoint after rotation
dl-find/turbomole/=============================== Tstep:   99.4 Ttot:37926.5 ==
eandg
Spin: 
 Energy calculation finished, energy: -2.138679231E+03
Curvature at dimer midpoint after rotation     0.00234
Curvature at dimer minimum                    -0.00220
Actual dimer rotation angle:         6.065 deg
Predicted dimer rotation angle:     25.482 deg
Next calculation will be the dimer endpoint after rotation
dl-find/turbomole/=============================== Tstep:   76.6 Ttot:38003.1 ==
eandg
Spin: 
 Energy calculation finished, energy: -2.138679228E+03
Curvature at dimer midpoint after rotation     0.00200
Curvature at dimer minimum                    -0.00200
Actual dimer rotation angle:         4.256 deg
Predicted dimer rotation angle:     20.776 deg
Next calculation will be the dimer endpoint after rotation
dl-find/turbomole/=============================== Tstep:  101.3 Ttot:38104.4 ==
eandg
Spin: 
 Energy calculation finished, energy: -2.138679231E+03
Curvature at dimer midpoint after rotation    -0.00032
Curvature at dimer minimum                    -0.00194
Actual dimer rotation angle:         4.494 deg
Predicted dimer rotation angle:     18.633 deg
Next calculation will be the dimer endpoint after rotation
dl-find/turbomole/=============================== Tstep:  101.5 Ttot:38205.9 ==
eandg
Spin: 
 Energy calculation finished, energy: -2.138679229E+03
Curvature at dimer midpoint after rotation    -0.00077
Curvature at dimer minimum                    -0.00191
Actual dimer rotation angle:         4.258 deg
Predicted dimer rotation angle:     17.436 deg
Next calculation will be the dimer endpoint after rotation
dl-find/turbomole/=============================== Tstep:   95.6 Ttot:38301.5 ==
eandg
Spin: 
 Energy calculation finished, energy: -2.138679231E+03
Curvature at dimer midpoint after rotation    -0.00175
Curvature at dimer minimum                    -0.00202
Actual dimer rotation angle:         7.757 deg
Predicted dimer rotation angle:     16.354 deg
Next calculation will be the dimer endpoint after rotation
dl-find/turbomole/=============================== Tstep:   89.7 Ttot:38391.2 ==
eandg
Spin: 
 Energy calculation finished, energy: -2.138679231E+03
Curvature at dimer midpoint after rotation    -0.00225
Curvature at dimer minimum                    -0.00227
Actual dimer rotation angle:        12.878 deg
Predicted dimer rotation angle:     24.002 deg
Next calculation will be the dimer endpoint after rotation
dl-find/turbomole/=============================== Tstep:   88.4 Ttot:38479.6 ==
eandg
Spin: 
 Energy calculation finished, energy: -2.138678763E+03
Curvature at dimer midpoint after rotation     0.01218
Curvature at dimer minimum                    -0.00235
Actual dimer rotation angle:         1.470 deg
Dimer rotation converged after   32 steps
Writing TS-mode
Curvature after dimer rotation:               -0.00235
Frequency of transition mode  -249.165 cm^-1 (negative value denotes imaginary frequency)
Crossover temperature for tunnelling       57.05595 K
Restarting L-BFGS optimiser, instance: dimer rotation
Next calculation will be the dimer  midpoint
dl-find/turbomole/=============================== Tstep:  126.6 Ttot:38606.3 ==
eandg
Spin: 
 Energy calculation finished, energy: -2.138678776E+03
Testing convergence of dimer midpoint in cycle  118
    Energy  4.5414E-04 Target: 1.0000E-06 converged?   no
  Max step  5.1238E-02 Target: 1.8000E-03 converged?   no component   116
  RMS step  1.4435E-02 Target: 1.2000E-03 converged?   no
  Max grad  5.1181E-04 Target: 4.5000E-04 converged?   no component   253
  RMS grad  1.5107E-04 Target: 3.0000E-04 converged?  yes
Next calculation will be the dimer endpoint before rotation
dl-find/turbomole/=============================== Tstep:  120.4 Ttot:38726.7 ==
eandg
Spin: 
 Energy calculation finished, energy: -2.138678776E+03
Curvature at dimer midpoint                   -0.00237
Predicted dimer rotation angle:     32.978 deg
Next calculation will be the dimer endpoint after rotation
dl-find/turbomole/=============================== Tstep:  109.7 Ttot:38836.4 ==
eandg
Spin: 
 Energy calculation finished, energy: -2.138678773E+03
Curvature at dimer midpoint after rotation     0.03370
Curvature at dimer minimum                    -0.00257
Actual dimer rotation angle:         2.197 deg
Predicted dimer rotation angle:     28.273 deg
Next calculation will be the dimer endpoint after rotation
dl-find/turbomole/=============================== Tstep:  111.8 Ttot:38948.2 ==
eandg
Spin: 
 Energy calculation finished, energy: -2.138678778E+03
Curvature at dimer midpoint after rotation     0.00810
Curvature at dimer minimum                    -0.00282
Actual dimer rotation angle:         3.577 deg
Predicted dimer rotation angle:     19.843 deg
Next calculation will be the dimer endpoint after rotation
dl-find/turbomole/=============================== Tstep:  103.9 Ttot:39052.1 ==
eandg
Spin: 
 Energy calculation finished, energy: -2.138678774E+03
Curvature at dimer midpoint after rotation     0.00422
Curvature at dimer minimum                    -0.00289
Actual dimer rotation angle:         1.807 deg
Dimer rotation converged after    3 steps
Writing TS-mode
Curvature after dimer rotation:               -0.00289
Frequency of transition mode  -276.351 cm^-1 (negative value denotes imaginary frequency)
Crossover temperature for tunnelling       63.28108 K
Restarting L-BFGS optimiser, instance: dimer rotation
Next calculation will be the dimer  midpoint
dl-find/turbomole/=============================== Tstep:  104.7 Ttot:39156.8 ==
eandg
Spin: 
 Energy calculation finished, energy: -2.138678804E+03
Testing convergence of dimer midpoint in cycle  119
    Energy  2.8020E-05 Target: 1.0000E-06 converged?   no
  Max step  3.7908E-02 Target: 1.8000E-03 converged?   no component   102
  RMS step  8.7539E-03 Target: 1.2000E-03 converged?   no
  Max grad  6.6494E-04 Target: 4.5000E-04 converged?   no component   218
  RMS grad  1.3504E-04 Target: 3.0000E-04 converged?  yes
Next calculation will be the dimer endpoint before rotation
dl-find/turbomole/=============================== Tstep:  129.4 Ttot:39286.2 ==
eandg
Spin: 
 Energy calculation finished, energy: -2.138678804E+03
Curvature at dimer midpoint                   -0.00290
Predicted dimer rotation angle:     24.947 deg
Next calculation will be the dimer endpoint after rotation
dl-find/turbomole/=============================== Tstep:  112.9 Ttot:39399.1 ==
eandg
Spin: 
 Energy calculation finished, energy: -2.138678800E+03
Curvature at dimer midpoint after rotation     0.04793
Curvature at dimer minimum                    -0.00293
Actual dimer rotation angle:         0.655 deg
Dimer rotation converged after    1 steps
Writing TS-mode
Curvature after dimer rotation:               -0.00293
Frequency of transition mode  -278.462 cm^-1 (negative value denotes imaginary frequency)
Crossover temperature for tunnelling       63.76455 K
Restarting L-BFGS optimiser, instance: dimer rotation
Next calculation will be the dimer  midpoint
dl-find/turbomole/=============================== Tstep:  107.0 Ttot:39506.1 ==
eandg
Spin: 
 Energy calculation finished, energy: -2.138678830E+03
Testing convergence of dimer midpoint in cycle  120
    Energy  2.5714E-05 Target: 1.0000E-06 converged?   no
  Max step  1.4035E-02 Target: 1.8000E-03 converged?   no component   229
  RMS step  4.1187E-03 Target: 1.2000E-03 converged?   no
  Max grad  3.1834E-04 Target: 4.5000E-04 converged?  yes component    47
  RMS grad  8.9436E-05 Target: 3.0000E-04 converged?  yes
Next calculation will be the dimer endpoint before rotation
dl-find/turbomole/=============================== Tstep:  123.0 Ttot:39629.1 ==
eandg
Spin: 
 Energy calculation finished, energy: -2.138678830E+03
Curvature at dimer midpoint                   -0.00291
Predicted dimer rotation angle:     15.789 deg
Next calculation will be the dimer endpoint after rotation
dl-find/turbomole/=============================== Tstep:  109.5 Ttot:39738.6 ==
eandg
Spin: 
 Energy calculation finished, energy: -2.138678831E+03
Curvature at dimer midpoint after rotation     0.00698
Curvature at dimer minimum                    -0.00293
Actual dimer rotation angle:         0.701 deg
Dimer rotation converged after    1 steps
Writing TS-mode
Curvature after dimer rotation:               -0.00293
Frequency of transition mode  -278.389 cm^-1 (negative value denotes imaginary frequency)
Crossover temperature for tunnelling       63.74781 K
Restarting L-BFGS optimiser, instance: dimer rotation
Next calculation will be the dimer  midpoint
dl-find/turbomole/=============================== Tstep:  107.2 Ttot:39845.8 ==
eandg
Spin: 
 Energy calculation finished, energy: -2.138678851E+03
Testing convergence of dimer midpoint in cycle  121
    Energy  2.0786E-05 Target: 1.0000E-06 converged?   no
  Max step  1.9387E-02 Target: 1.8000E-03 converged?   no component     2
  RMS step  5.8196E-03 Target: 1.2000E-03 converged?   no
  Max grad  5.1572E-04 Target: 4.5000E-04 converged?   no component    83
  RMS grad  1.0582E-04 Target: 3.0000E-04 converged?  yes
Next calculation will be the dimer endpoint before rotation
dl-find/turbomole/=============================== Tstep:  127.0 Ttot:39972.7 ==
eandg
Spin: 
 Energy calculation finished, energy: -2.138678851E+03
Curvature at dimer midpoint                   -0.00292
Predicted dimer rotation angle:     18.565 deg
Next calculation will be the dimer endpoint after rotation
dl-find/turbomole/=============================== Tstep:  113.6 Ttot:40086.3 ==
eandg
Spin: 
 Energy calculation finished, energy: -2.138678848E+03
Curvature at dimer midpoint after rotation     0.02686
Curvature at dimer minimum                    -0.00294
Actual dimer rotation angle:         0.413 deg
Dimer rotation converged after    1 steps
Writing TS-mode
Curvature after dimer rotation:               -0.00294
Frequency of transition mode  -278.618 cm^-1 (negative value denotes imaginary frequency)
Crossover temperature for tunnelling       63.80023 K
Restarting L-BFGS optimiser, instance: dimer rotation
Next calculation will be the dimer  midpoint
dl-find/turbomole/=============================== Tstep:  106.3 Ttot:40192.6 ==
eandg
Spin: 
 Energy calculation finished, energy: -2.138678874E+03
Testing convergence of dimer midpoint in cycle  122
    Energy  2.2754E-05 Target: 1.0000E-06 converged?   no
  Max step  3.2736E-02 Target: 1.8000E-03 converged?   no component   116
  RMS step  8.8987E-03 Target: 1.2000E-03 converged?   no
  Max grad  8.6049E-04 Target: 4.5000E-04 converged?   no component    83
  RMS grad  1.2813E-04 Target: 3.0000E-04 converged?  yes
Next calculation will be the dimer endpoint before rotation
dl-find/turbomole/=============================== Tstep:  121.7 Ttot:40314.3 ==
eandg
Spin: 
 Energy calculation finished, energy: -2.138678874E+03
Curvature at dimer midpoint                   -0.00291
Predicted dimer rotation angle:     12.787 deg
Next calculation will be the dimer endpoint after rotation
dl-find/turbomole/=============================== Tstep:  113.6 Ttot:40427.9 ==
eandg
Spin: 
 Energy calculation finished, energy: -2.138678875E+03
Curvature at dimer midpoint after rotation     0.00377
Curvature at dimer minimum                    -0.00292
Actual dimer rotation angle:         0.537 deg
Dimer rotation converged after    1 steps
Writing TS-mode
Curvature after dimer rotation:               -0.00292
Frequency of transition mode  -277.936 cm^-1 (negative value denotes imaginary frequency)
Crossover temperature for tunnelling       63.64406 K
Restarting L-BFGS optimiser, instance: dimer rotation
Next calculation will be the dimer  midpoint
dl-find/turbomole/=============================== Tstep:   88.6 Ttot:40516.5 ==
eandg
Spin: 
 Energy calculation finished, energy: -2.138678901E+03
Testing convergence of dimer midpoint in cycle  123
    Energy  2.7550E-05 Target: 1.0000E-06 converged?   no
  Max step  7.2020E-02 Target: 1.8000E-03 converged?   no component     2
  RMS step  1.9098E-02 Target: 1.2000E-03 converged?   no
  Max grad  5.5606E-04 Target: 4.5000E-04 converged?   no component   253
  RMS grad  1.4445E-04 Target: 3.0000E-04 converged?  yes
Next calculation will be the dimer endpoint before rotation
dl-find/turbomole/=============================== Tstep:  127.1 Ttot:40643.6 ==
eandg
Spin: 
 Energy calculation finished, energy: -2.138678902E+03
Curvature at dimer midpoint                   -0.00290
Predicted dimer rotation angle:     16.195 deg
Next calculation will be the dimer endpoint after rotation
dl-find/turbomole/=============================== Tstep:  114.0 Ttot:40757.6 ==
eandg
Spin: 
 Energy calculation finished, energy: -2.138678899E+03
Curvature at dimer midpoint after rotation     0.01908
Curvature at dimer minimum                    -0.00291
Actual dimer rotation angle:         0.357 deg
Dimer rotation converged after    1 steps
Writing TS-mode
Curvature after dimer rotation:               -0.00291
Frequency of transition mode  -277.389 cm^-1 (negative value denotes imaginary frequency)
Crossover temperature for tunnelling       63.51895 K
Restarting L-BFGS optimiser, instance: dimer rotation
Next calculation will be the dimer  midpoint
dl-find/turbomole/=============================== Tstep:  106.3 Ttot:40863.9 ==
eandg
Spin: 
 Energy calculation finished, energy: -2.138678281E+03
Testing convergence of dimer midpoint in cycle  124
    Energy  6.1988E-04 Target: 1.0000E-06 converged?   no
  Max step  6.9098E-02 Target: 1.8000E-03 converged?   no component     2
  RMS step  1.7299E-02 Target: 1.2000E-03 converged?   no
  Max grad  5.1492E-04 Target: 4.5000E-04 converged?   no component    83
  RMS grad  1.4175E-04 Target: 3.0000E-04 converged?  yes
Next calculation will be the dimer endpoint before rotation
dl-find/turbomole/=============================== Tstep:  133.3 Ttot:40997.3 ==
eandg
Spin: 
 Energy calculation finished, energy: -2.138678275E+03
Curvature at dimer midpoint                   -0.00289
Predicted dimer rotation angle:     12.800 deg
Next calculation will be the dimer endpoint after rotation
dl-find/turbomole/=============================== Tstep:  112.6 Ttot:41109.9 ==
eandg
Spin: 
 Energy calculation finished, energy: -2.138678275E+03
Curvature at dimer midpoint after rotation     0.00402
Curvature at dimer minimum                    -0.00290
Actual dimer rotation angle:         0.519 deg
Dimer rotation converged after    1 steps
Writing TS-mode
Curvature after dimer rotation:               -0.00290
Frequency of transition mode  -276.934 cm^-1 (negative value denotes imaginary frequency)
Crossover temperature for tunnelling       63.41460 K
Restarting L-BFGS optimiser, instance: dimer rotation
Next calculation will be the dimer  midpoint
dl-find/turbomole/=============================== Tstep:  104.7 Ttot:41214.6 ==
eandg
Spin: 
 Energy calculation finished, energy: -2.138678688E+03
Testing convergence of dimer midpoint in cycle  125
    Energy  4.0707E-04 Target: 1.0000E-06 converged?   no
  Max step  3.0314E-02 Target: 1.8000E-03 converged?   no component   238
  RMS step  7.0029E-03 Target: 1.2000E-03 converged?   no
  Max grad  3.3714E-04 Target: 4.5000E-04 converged?  yes component    60
  RMS grad  9.6746E-05 Target: 3.0000E-04 converged?  yes
Next calculation will be the dimer endpoint before rotation
dl-find/turbomole/=============================== Tstep:  130.0 Ttot:41344.6 ==
eandg
Spin: 
 Energy calculation finished, energy: -2.138678689E+03
Curvature at dimer midpoint                   -0.00295
Predicted dimer rotation angle:     15.623 deg
Next calculation will be the dimer endpoint after rotation
dl-find/turbomole/=============================== Tstep:  114.4 Ttot:41459.0 ==
eandg
Spin: 
 Energy calculation finished, energy: -2.138678689E+03
Curvature at dimer midpoint after rotation     0.01711
Curvature at dimer minimum                    -0.00296
Actual dimer rotation angle:         0.354 deg
Dimer rotation converged after    1 steps
Writing TS-mode
Curvature after dimer rotation:               -0.00296
Frequency of transition mode  -279.556 cm^-1 (negative value denotes imaginary frequency)
Crossover temperature for tunnelling       64.01509 K
Restarting L-BFGS optimiser, instance: dimer rotation
Next calculation will be the dimer  midpoint
dl-find/turbomole/=============================== Tstep:  106.4 Ttot:41565.4 ==
eandg
Spin: 
 Energy calculation finished, energy: -2.138678296E+03
Testing convergence of dimer midpoint in cycle  126
    Energy  3.9270E-04 Target: 1.0000E-06 converged?   no
  Max step  2.8921E-02 Target: 1.8000E-03 converged?   no component   116
  RMS step  8.7752E-03 Target: 1.2000E-03 converged?   no
  Max grad  5.5050E-04 Target: 4.5000E-04 converged?   no component    83
  RMS grad  1.1479E-04 Target: 3.0000E-04 converged?  yes
Next calculation will be the dimer endpoint before rotation
dl-find/turbomole/=============================== Tstep:  131.8 Ttot:41697.2 ==
eandg
Spin: 
 Energy calculation finished, energy: -2.138678296E+03
Curvature at dimer midpoint                   -0.00292
Predicted dimer rotation angle:     11.228 deg
Next calculation will be the dimer endpoint after rotation
dl-find/turbomole/=============================== Tstep:  113.3 Ttot:41810.5 ==
eandg
Spin: 
 Energy calculation finished, energy: -2.138678296E+03
Curvature at dimer midpoint after rotation     0.00287
Curvature at dimer minimum                    -0.00293
Actual dimer rotation angle:         0.419 deg
Dimer rotation converged after    1 steps
Writing TS-mode
Curvature after dimer rotation:               -0.00293
Frequency of transition mode  -278.087 cm^-1 (negative value denotes imaginary frequency)
Crossover temperature for tunnelling       63.67876 K
Restarting L-BFGS optimiser, instance: dimer rotation
Next calculation will be the dimer  midpoint
dl-find/turbomole/=============================== Tstep:  101.5 Ttot:41912.0 ==
eandg
Spin: 
 Energy calculation finished, energy: -2.138678310E+03
Testing convergence of dimer midpoint in cycle  127
    Energy  1.4593E-05 Target: 1.0000E-06 converged?   no
  Max step  1.2787E-02 Target: 1.8000E-03 converged?   no component   238
  RMS step  2.4452E-03 Target: 1.2000E-03 converged?   no
  Max grad  5.3233E-04 Target: 4.5000E-04 converged?   no component    83
  RMS grad  9.1595E-05 Target: 3.0000E-04 converged?  yes
Next calculation will be the dimer endpoint before rotation
dl-find/turbomole/=============================== Tstep:  114.1 Ttot:42026.1 ==
eandg
Spin: 
 Energy calculation finished, energy: -2.138678310E+03
Curvature at dimer midpoint                   -0.00291
Predicted dimer rotation angle:     13.707 deg
Next calculation will be the dimer endpoint after rotation
dl-find/turbomole/=============================== Tstep:  114.7 Ttot:42140.9 ==
eandg
Spin: 
 Energy calculation finished, energy: -2.138678309E+03
Curvature at dimer midpoint after rotation     0.01253
Curvature at dimer minimum                    -0.00292
Actual dimer rotation angle:         0.301 deg
Dimer rotation converged after    1 steps
Writing TS-mode
Curvature after dimer rotation:               -0.00292
Frequency of transition mode  -277.787 cm^-1 (negative value denotes imaginary frequency)
Crossover temperature for tunnelling       63.60999 K
Restarting L-BFGS optimiser, instance: dimer rotation
Next calculation will be the dimer  midpoint
dl-find/turbomole/=============================== Tstep:  106.7 Ttot:42247.6 ==
eandg
Spin: 
 Energy calculation finished, energy: -2.138678712E+03
Testing convergence of dimer midpoint in cycle  128
    Energy  4.0163E-04 Target: 1.0000E-06 converged?   no
  Max step  2.7002E-02 Target: 1.8000E-03 converged?   no component   238
  RMS step  5.6625E-03 Target: 1.2000E-03 converged?   no
  Max grad  5.8880E-04 Target: 4.5000E-04 converged?   no component    83
  RMS grad  1.1138E-04 Target: 3.0000E-04 converged?  yes
Next calculation will be the dimer endpoint before rotation
dl-find/turbomole/=============================== Tstep:  131.4 Ttot:42379.0 ==
eandg
Spin: 
 Energy calculation finished, energy: -2.138678711E+03
Curvature at dimer midpoint                   -0.00292
Predicted dimer rotation angle:     10.305 deg
Next calculation will be the dimer endpoint after rotation
dl-find/turbomole/=============================== Tstep:  113.4 Ttot:42492.3 ==
eandg
Spin: 
 Energy calculation finished, energy: -2.138678711E+03
Curvature at dimer midpoint after rotation     0.00105
Curvature at dimer minimum                    -0.00293
Actual dimer rotation angle:         0.462 deg
Dimer rotation converged after    1 steps
Writing TS-mode
Curvature after dimer rotation:               -0.00293
Frequency of transition mode  -278.017 cm^-1 (negative value denotes imaginary frequency)
Crossover temperature for tunnelling       63.66273 K
Restarting L-BFGS optimiser, instance: dimer rotation
Next calculation will be the dimer  midpoint
dl-find/turbomole/=============================== Tstep:   92.3 Ttot:42584.6 ==
eandg
Spin: 
 Energy calculation finished, energy: -2.138678712E+03
Testing convergence of dimer midpoint in cycle  129
    Energy  6.2000E-08 Target: 1.0000E-06 converged?  yes
  Max step  3.6597E-02 Target: 1.8000E-03 converged?   no component   116
  RMS step  1.0368E-02 Target: 1.2000E-03 converged?   no
  Max grad  5.6254E-04 Target: 4.5000E-04 converged?   no component   245
  RMS grad  1.0386E-04 Target: 3.0000E-04 converged?  yes
Next calculation will be the dimer endpoint before rotation
dl-find/turbomole/=============================== Tstep:  118.9 Ttot:42703.5 ==
eandg
Spin: 
 Energy calculation finished, energy: -2.138678713E+03
Curvature at dimer midpoint                   -0.00287
Predicted dimer rotation angle:     14.301 deg
Next calculation will be the dimer endpoint after rotation
dl-find/turbomole/=============================== Tstep:  109.4 Ttot:42812.9 ==
eandg
Spin: 
 Energy calculation finished, energy: -2.138678712E+03
Curvature at dimer midpoint after rotation     0.01504
Curvature at dimer minimum                    -0.00288
Actual dimer rotation angle:         0.293 deg
Dimer rotation converged after    1 steps
Writing TS-mode
Curvature after dimer rotation:               -0.00288
Frequency of transition mode  -275.828 cm^-1 (negative value denotes imaginary frequency)
Crossover temperature for tunnelling       63.16147 K
Restarting L-BFGS optimiser, instance: dimer rotation
Next calculation will be the dimer  midpoint
dl-find/turbomole/=============================== Tstep:  105.6 Ttot:42918.5 ==
eandg
Spin: 
 Energy calculation finished, energy: -2.138678394E+03
Testing convergence of dimer midpoint in cycle  130
    Energy  3.1765E-04 Target: 1.0000E-06 converged?   no
  Max step  5.5524E-02 Target: 1.8000E-03 converged?   no component   116
  RMS step  1.5081E-02 Target: 1.2000E-03 converged?   no
  Max grad  3.4242E-04 Target: 4.5000E-04 converged?  yes component   245
  RMS grad  8.8208E-05 Target: 3.0000E-04 converged?  yes
Next calculation will be the dimer endpoint before rotation
dl-find/turbomole/=============================== Tstep:  132.9 Ttot:43051.4 ==
eandg
Spin: 
 Energy calculation finished, energy: -2.138678395E+03
Curvature at dimer midpoint                   -0.00286
Predicted dimer rotation angle:      9.850 deg
Next calculation will be the dimer endpoint after rotation
dl-find/turbomole/=============================== Tstep:  113.4 Ttot:43164.8 ==
eandg
Spin: 
 Energy calculation finished, energy: -2.138678394E+03
Curvature at dimer midpoint after rotation     0.00104
Curvature at dimer minimum                    -0.00286
Actual dimer rotation angle:         0.404 deg
Dimer rotation converged after    1 steps
Writing TS-mode
Curvature after dimer rotation:               -0.00286
Frequency of transition mode  -275.038 cm^-1 (negative value denotes imaginary frequency)
Crossover temperature for tunnelling       62.98047 K
Restarting L-BFGS optimiser, instance: dimer rotation
Next calculation will be the dimer  midpoint
dl-find/turbomole/=============================== Tstep:   91.4 Ttot:43256.2 ==
eandg
Spin: 
 Energy calculation finished, energy: -2.138678409E+03
Testing convergence of dimer midpoint in cycle  131
    Energy  1.4951E-05 Target: 1.0000E-06 converged?   no
  Max step  1.4190E-02 Target: 1.8000E-03 converged?   no component   116
  RMS step  3.8927E-03 Target: 1.2000E-03 converged?   no
  Max grad  7.7273E-04 Target: 4.5000E-04 converged?   no component    43
  RMS grad  1.4153E-04 Target: 3.0000E-04 converged?  yes
Next calculation will be the dimer endpoint before rotation
dl-find/turbomole/=============================== Tstep:  106.6 Ttot:43362.8 ==
eandg
Spin: 
 Energy calculation finished, energy: -2.138678408E+03
Curvature at dimer midpoint                   -0.00287
Predicted dimer rotation angle:     12.692 deg
Next calculation will be the dimer endpoint after rotation
dl-find/turbomole/=============================== Tstep:  110.5 Ttot:43473.3 ==
eandg
Spin: 
 Energy calculation finished, energy: -2.138678406E+03
Curvature at dimer midpoint after rotation     0.01042
Curvature at dimer minimum                    -0.00287
Actual dimer rotation angle:         0.271 deg
Dimer rotation converged after    1 steps
Writing TS-mode
Curvature after dimer rotation:               -0.00287
Frequency of transition mode  -275.518 cm^-1 (negative value denotes imaginary frequency)
Crossover temperature for tunnelling       63.09054 K
Restarting L-BFGS optimiser, instance: dimer rotation
Next calculation will be the dimer  midpoint
dl-find/turbomole/=============================== Tstep:  104.5 Ttot:43577.8 ==
eandg
Spin: 
 Energy calculation finished, energy: -2.138678411E+03
Testing convergence of dimer midpoint in cycle  132
    Energy  2.1720E-06 Target: 1.0000E-06 converged?   no
  Max step  1.5777E-02 Target: 1.8000E-03 converged?   no component   116
  RMS step  4.5209E-03 Target: 1.2000E-03 converged?   no
  Max grad  4.0371E-04 Target: 4.5000E-04 converged?  yes component    43
  RMS grad  8.1684E-05 Target: 3.0000E-04 converged?  yes
Next calculation will be the dimer endpoint before rotation
dl-find/turbomole/=============================== Tstep:  127.5 Ttot:43705.3 ==
eandg
Spin: 
 Energy calculation finished, energy: -2.138678412E+03
Curvature at dimer midpoint                   -0.00286
Predicted dimer rotation angle:      9.128 deg
Next calculation will be the dimer endpoint after rotation
dl-find/turbomole/=============================== Tstep:  113.0 Ttot:43818.3 ==
eandg
Spin: 
 Energy calculation finished, energy: -2.138678412E+03
Curvature at dimer midpoint after rotation     0.00065
Curvature at dimer minimum                    -0.00287
Actual dimer rotation angle:         0.357 deg
Dimer rotation converged after    1 steps
Writing TS-mode
Curvature after dimer rotation:               -0.00287
Frequency of transition mode  -275.421 cm^-1 (negative value denotes imaginary frequency)
Crossover temperature for tunnelling       63.06812 K
Restarting L-BFGS optimiser, instance: dimer rotation
Next calculation will be the dimer  midpoint
dl-find/turbomole/=============================== Tstep:   86.8 Ttot:43905.0 ==
eandg
Spin: 
 Energy calculation finished, energy: -2.138678413E+03
Testing convergence of dimer midpoint in cycle  133
    Energy  1.3150E-06 Target: 1.0000E-06 converged?   no
  Max step  2.2900E-02 Target: 1.8000E-03 converged?   no component   116
  RMS step  5.8830E-03 Target: 1.2000E-03 converged?   no
  Max grad  2.2748E-04 Target: 4.5000E-04 converged?  yes component    83
  RMS grad  6.7724E-05 Target: 3.0000E-04 converged?  yes
Next calculation will be the dimer endpoint before rotation
dl-find/turbomole/=============================== Tstep:  122.2 Ttot:44027.2 ==
eandg
Spin: 
 Energy calculation finished, energy: -2.138678413E+03
Curvature at dimer midpoint                   -0.00286
Predicted dimer rotation angle:     11.633 deg
Next calculation will be the dimer endpoint after rotation
dl-find/turbomole/=============================== Tstep:  114.6 Ttot:44141.9 ==
eandg
Spin: 
 Energy calculation finished, energy: -2.138678413E+03
Curvature at dimer midpoint after rotation     0.00792
Curvature at dimer minimum                    -0.00286
Actual dimer rotation angle:         0.254 deg
Dimer rotation converged after    1 steps
Writing TS-mode
Curvature after dimer rotation:               -0.00286
Frequency of transition mode  -275.061 cm^-1 (negative value denotes imaginary frequency)
Crossover temperature for tunnelling       62.98587 K
Restarting L-BFGS optimiser, instance: dimer rotation
Next calculation will be the dimer  midpoint
dl-find/turbomole/=============================== Tstep:  102.0 Ttot:44243.8 ==
eandg
Spin: 
 Energy calculation finished, energy: -2.138678412E+03
Testing convergence of dimer midpoint in cycle  134
    Energy  6.2300E-07 Target: 1.0000E-06 converged?  yes
  Max step  2.3096E-02 Target: 1.8000E-03 converged?   no component   116
  RMS step  5.5688E-03 Target: 1.2000E-03 converged?   no
  Max grad  3.7385E-04 Target: 4.5000E-04 converged?  yes component   245
  RMS grad  7.3036E-05 Target: 3.0000E-04 converged?  yes
Next calculation will be the dimer endpoint before rotation
dl-find/turbomole/=============================== Tstep:  117.4 Ttot:44361.2 ==
eandg
Spin: 
 Energy calculation finished, energy: -2.138678413E+03
Curvature at dimer midpoint                   -0.00285
Predicted dimer rotation angle:      8.814 deg
Next calculation will be the dimer endpoint after rotation
dl-find/turbomole/=============================== Tstep:  109.7 Ttot:44470.9 ==
eandg
Spin: 
 Energy calculation finished, energy: -2.138678412E+03
Curvature at dimer midpoint after rotation     0.00057
Curvature at dimer minimum                    -0.00285
Actual dimer rotation angle:         0.330 deg
Dimer rotation converged after    1 steps
Writing TS-mode
Curvature after dimer rotation:               -0.00285
Frequency of transition mode  -274.516 cm^-1 (negative value denotes imaginary frequency)
Crossover temperature for tunnelling       62.86109 K
Restarting L-BFGS optimiser, instance: dimer rotation
Next calculation will be the dimer  midpoint
dl-find/turbomole/=============================== Tstep:   91.5 Ttot:44562.4 ==
eandg
Spin: 
 Energy calculation finished, energy: -2.138678415E+03
Testing convergence of dimer midpoint in cycle  135
    Energy  2.7260E-06 Target: 1.0000E-06 converged?   no
  Max step  4.5433E-02 Target: 1.8000E-03 converged?   no component   116
  RMS step  1.0800E-02 Target: 1.2000E-03 converged?   no
  Max grad  7.5532E-04 Target: 4.5000E-04 converged?   no component    43
  RMS grad  1.3400E-04 Target: 3.0000E-04 converged?  yes
Next calculation will be the dimer endpoint before rotation
dl-find/turbomole/=============================== Tstep:  129.2 Ttot:44691.6 ==
eandg
Spin: 
 Energy calculation finished, energy: -2.138678415E+03
Curvature at dimer midpoint                   -0.00283
Predicted dimer rotation angle:     11.127 deg
Next calculation will be the dimer endpoint after rotation
dl-find/turbomole/=============================== Tstep:  113.1 Ttot:44804.7 ==
eandg
Spin: 
 Energy calculation finished, energy: -2.138678415E+03
Curvature at dimer midpoint after rotation     0.00669
Curvature at dimer minimum                    -0.00284
Actual dimer rotation angle:         0.248 deg
Dimer rotation converged after    1 steps
Writing TS-mode
Curvature after dimer rotation:               -0.00284
Frequency of transition mode  -273.774 cm^-1 (negative value denotes imaginary frequency)
Crossover temperature for tunnelling       62.69101 K
Restarting L-BFGS optimiser, instance: dimer rotation
Next calculation will be the dimer  midpoint
dl-find/turbomole/=============================== Tstep:  101.4 Ttot:44906.1 ==
eandg
Spin: 
 Energy calculation finished, energy: -2.138678427E+03
Testing convergence of dimer midpoint in cycle  136
    Energy  1.1891E-05 Target: 1.0000E-06 converged?   no
  Max step  9.1029E-03 Target: 1.8000E-03 converged?   no component   116
  RMS step  2.4126E-03 Target: 1.2000E-03 converged?   no
  Max grad  2.4962E-04 Target: 4.5000E-04 converged?  yes component   218
  RMS grad  6.6081E-05 Target: 3.0000E-04 converged?  yes
Next calculation will be the dimer endpoint before rotation
dl-find/turbomole/=============================== Tstep:  114.3 Ttot:45020.4 ==
eandg
Spin: 
 Energy calculation finished, energy: -2.138678427E+03
Curvature at dimer midpoint                   -0.00282
Predicted dimer rotation angle:      8.553 deg
Next calculation will be the dimer endpoint after rotation
dl-find/turbomole/=============================== Tstep:  109.1 Ttot:45129.6 ==
eandg
Spin: 
 Energy calculation finished, energy: -2.138678427E+03
Curvature at dimer midpoint after rotation     0.00053
Curvature at dimer minimum                    -0.00283
Actual dimer rotation angle:         0.305 deg
Dimer rotation converged after    1 steps
Writing TS-mode
Curvature after dimer rotation:               -0.00283
Frequency of transition mode  -273.250 cm^-1 (negative value denotes imaginary frequency)
Crossover temperature for tunnelling       62.57102 K
Restarting L-BFGS optimiser, instance: dimer rotation
Next calculation will be the dimer  midpoint
dl-find/turbomole/=============================== Tstep:   87.0 Ttot:45216.5 ==
eandg
Spin: 
 Energy calculation finished, energy: -2.138678436E+03
Testing convergence of dimer midpoint in cycle  137
    Energy  9.1080E-06 Target: 1.0000E-06 converged?   no
  Max step  8.2391E-03 Target: 1.8000E-03 converged?   no component   229
  RMS step  2.0649E-03 Target: 1.2000E-03 converged?   no
  Max grad  1.8089E-04 Target: 4.5000E-04 converged?  yes component    98
  RMS grad  6.0743E-05 Target: 3.0000E-04 converged?  yes
Next calculation will be the dimer endpoint before rotation
dl-find/turbomole/=============================== Tstep:  121.1 Ttot:45337.7 ==
eandg
Spin: 
 Energy calculation finished, energy: -2.138678436E+03
Curvature at dimer midpoint                   -0.00283
Predicted dimer rotation angle:     10.429 deg
Next calculation will be the dimer endpoint after rotation
dl-find/turbomole/=============================== Tstep:  109.5 Ttot:45447.1 ==
eandg
Spin: 
 Energy calculation finished, energy: -2.138678435E+03
Curvature at dimer midpoint after rotation     0.00562
Curvature at dimer minimum                    -0.00283
Actual dimer rotation angle:         0.229 deg
Dimer rotation converged after    1 steps
Writing TS-mode
Curvature after dimer rotation:               -0.00283
Frequency of transition mode  -273.543 cm^-1 (negative value denotes imaginary frequency)
Crossover temperature for tunnelling       62.63825 K
Restarting L-BFGS optimiser, instance: dimer rotation
Next calculation will be the dimer  midpoint
dl-find/turbomole/=============================== Tstep:   97.4 Ttot:45544.5 ==
eandg
Spin: 
 Energy calculation finished, energy: -2.138678441E+03
Testing convergence of dimer midpoint in cycle  138
    Energy  5.4040E-06 Target: 1.0000E-06 converged?   no
  Max step  1.3626E-02 Target: 1.8000E-03 converged?   no component   116
  RMS step  3.7336E-03 Target: 1.2000E-03 converged?   no
  Max grad  2.9164E-04 Target: 4.5000E-04 converged?  yes component    43
  RMS grad  6.6184E-05 Target: 3.0000E-04 converged?  yes
Next calculation will be the dimer endpoint before rotation
dl-find/turbomole/=============================== Tstep:  123.3 Ttot:45667.7 ==
eandg
Spin: 
 Energy calculation finished, energy: -2.138678442E+03
Curvature at dimer midpoint                   -0.00282
Predicted dimer rotation angle:      7.972 deg
Next calculation will be the dimer endpoint after rotation
dl-find/turbomole/=============================== Tstep:  110.3 Ttot:45778.1 ==
eandg
Spin: 
 Energy calculation finished, energy: -2.138678442E+03
Curvature at dimer midpoint after rotation    -0.00002
Curvature at dimer minimum                    -0.00283
Actual dimer rotation angle:         0.293 deg
Dimer rotation converged after    1 steps
Writing TS-mode
Curvature after dimer rotation:               -0.00283
Frequency of transition mode  -273.312 cm^-1 (negative value denotes imaginary frequency)
Crossover temperature for tunnelling       62.58530 K
Restarting L-BFGS optimiser, instance: dimer rotation
Next calculation will be the dimer  midpoint
dl-find/turbomole/=============================== Tstep:   86.5 Ttot:45864.6 ==
eandg
Spin: 
 Energy calculation finished, energy: -2.138678447E+03
Testing convergence of dimer midpoint in cycle  139
    Energy  5.5250E-06 Target: 1.0000E-06 converged?   no
  Max step  2.2776E-02 Target: 1.8000E-03 converged?   no component    40
  RMS step  6.2113E-03 Target: 1.2000E-03 converged?   no
  Max grad  6.1678E-04 Target: 4.5000E-04 converged?   no component    68
  RMS grad  1.2921E-04 Target: 3.0000E-04 converged?  yes
Next calculation will be the dimer endpoint before rotation
dl-find/turbomole/=============================== Tstep:  124.4 Ttot:45989.0 ==
eandg
Spin: 
 Energy calculation finished, energy: -2.138678451E+03
Curvature at dimer midpoint                   -0.00283
Predicted dimer rotation angle:     10.544 deg
Next calculation will be the dimer endpoint after rotation
dl-find/turbomole/=============================== Tstep:  113.3 Ttot:46102.2 ==
eandg
Spin: 
 Energy calculation finished, energy: -2.138678450E+03
Curvature at dimer midpoint after rotation     0.00558
Curvature at dimer minimum                    -0.00284
Actual dimer rotation angle:         0.238 deg
Dimer rotation converged after    1 steps
Writing TS-mode
Curvature after dimer rotation:               -0.00284
Frequency of transition mode  -273.809 cm^-1 (negative value denotes imaginary frequency)
Crossover temperature for tunnelling       62.69906 K
Restarting L-BFGS optimiser, instance: dimer rotation
Next calculation will be the dimer  midpoint
dl-find/turbomole/=============================== Tstep:   92.4 Ttot:46194.6 ==
eandg
Spin: 
 Energy calculation finished, energy: -2.138678458E+03
Testing convergence of dimer midpoint in cycle  140
    Energy  1.1649E-05 Target: 1.0000E-06 converged?   no
  Max step  1.8276E-02 Target: 1.8000E-03 converged?   no component   116
  RMS step  4.8054E-03 Target: 1.2000E-03 converged?   no
  Max grad  2.4329E-04 Target: 4.5000E-04 converged?  yes component    43
  RMS grad  5.9883E-05 Target: 3.0000E-04 converged?  yes
Next calculation will be the dimer endpoint before rotation
dl-find/turbomole/=============================== Tstep:  124.4 Ttot:46319.1 ==
eandg
Spin: 
 Energy calculation finished, energy: -2.138678459E+03
Curvature at dimer midpoint                   -0.00283
Predicted dimer rotation angle:      8.227 deg
Next calculation will be the dimer endpoint after rotation
dl-find/turbomole/=============================== Tstep:  109.6 Ttot:46428.6 ==
eandg
Spin: 
 Energy calculation finished, energy: -2.138678459E+03
Curvature at dimer midpoint after rotation     0.00069
Curvature at dimer minimum                    -0.00284
Actual dimer rotation angle:         0.261 deg
Dimer rotation converged after    1 steps
Writing TS-mode
Curvature after dimer rotation:               -0.00284
Frequency of transition mode  -273.837 cm^-1 (negative value denotes imaginary frequency)
Crossover temperature for tunnelling       62.70543 K
Restarting L-BFGS optimiser, instance: dimer rotation
Next calculation will be the dimer  midpoint
dl-find/turbomole/=============================== Tstep:   91.2 Ttot:46519.8 ==
eandg
Spin: 
 Energy calculation finished, energy: -2.138678462E+03
Testing convergence of dimer midpoint in cycle  141
    Energy  3.4200E-06 Target: 1.0000E-06 converged?   no
  Max step  7.8512E-03 Target: 1.8000E-03 converged?   no component    87
  RMS step  2.1890E-03 Target: 1.2000E-03 converged?   no
  Max grad  1.7008E-04 Target: 4.5000E-04 converged?  yes component   187
  RMS grad  4.9427E-05 Target: 3.0000E-04 converged?  yes
Next calculation will be the dimer endpoint before rotation
dl-find/turbomole/=============================== Tstep:  113.1 Ttot:46632.9 ==
eandg
Spin: 
 Energy calculation finished, energy: -2.138678462E+03
Curvature at dimer midpoint                   -0.00284
Predicted dimer rotation angle:      9.042 deg
Next calculation will be the dimer endpoint after rotation
dl-find/turbomole/=============================== Tstep:  112.2 Ttot:46745.2 ==
eandg
Spin: 
 Energy calculation finished, energy: -2.138678462E+03
Curvature at dimer midpoint after rotation     0.00288
Curvature at dimer minimum                    -0.00284
Actual dimer rotation angle:         0.218 deg
Dimer rotation converged after    1 steps
Writing TS-mode
Curvature after dimer rotation:               -0.00284
Frequency of transition mode  -273.895 cm^-1 (negative value denotes imaginary frequency)
Crossover temperature for tunnelling       62.71874 K
Restarting L-BFGS optimiser, instance: dimer rotation
Next calculation will be the dimer  midpoint
dl-find/turbomole/=============================== Tstep:   91.7 Ttot:46836.8 ==
eandg
Spin: 
 Energy calculation finished, energy: -2.138678466E+03
Testing convergence of dimer midpoint in cycle  142
    Energy  4.7390E-06 Target: 1.0000E-06 converged?   no
  Max step  9.7275E-03 Target: 1.8000E-03 converged?   no component    40
  RMS step  2.7826E-03 Target: 1.2000E-03 converged?   no
  Max grad  2.4098E-04 Target: 4.5000E-04 converged?  yes component    68
  RMS grad  6.0223E-05 Target: 3.0000E-04 converged?  yes
Next calculation will be the dimer endpoint before rotation
dl-find/turbomole/=============================== Tstep:  122.8 Ttot:46959.6 ==
eandg
Spin: 
 Energy calculation finished, energy: -2.138678467E+03
Curvature at dimer midpoint                   -0.00285
Predicted dimer rotation angle:      7.748 deg
Next calculation will be the dimer endpoint after rotation
dl-find/turbomole/=============================== Tstep:  113.5 Ttot:47073.1 ==
eandg
Spin: 
 Energy calculation finished, energy: -2.138678466E+03
Curvature at dimer midpoint after rotation     0.00027
Curvature at dimer minimum                    -0.00285
Actual dimer rotation angle:         0.247 deg
Dimer rotation converged after    1 steps
Writing TS-mode
Curvature after dimer rotation:               -0.00285
Frequency of transition mode  -274.590 cm^-1 (negative value denotes imaginary frequency)
Crossover temperature for tunnelling       62.87795 K
Restarting L-BFGS optimiser, instance: dimer rotation
Next calculation will be the dimer  midpoint
dl-find/turbomole/=============================== Tstep:   87.6 Ttot:47160.7 ==
eandg
Spin: 
 Energy calculation finished, energy: -2.138678476E+03
Testing convergence of dimer midpoint in cycle  143
    Energy  9.3730E-06 Target: 1.0000E-06 converged?   no
  Max step  1.6811E-02 Target: 1.8000E-03 converged?   no component    40
  RMS step  4.7652E-03 Target: 1.2000E-03 converged?   no
  Max grad  5.9939E-04 Target: 4.5000E-04 converged?   no component    68
  RMS grad  1.1555E-04 Target: 3.0000E-04 converged?  yes
Next calculation will be the dimer endpoint before rotation
dl-find/turbomole/=============================== Tstep:  118.1 Ttot:47278.7 ==
eandg
Spin: 
 Energy calculation finished, energy: -2.138678476E+03
Curvature at dimer midpoint                   -0.00285
Predicted dimer rotation angle:      8.604 deg
Next calculation will be the dimer endpoint after rotation
dl-find/turbomole/=============================== Tstep:  112.1 Ttot:47390.9 ==
eandg
Spin: 
 Energy calculation finished, energy: -2.138678476E+03
Curvature at dimer midpoint after rotation     0.00219
Curvature at dimer minimum                    -0.00286
Actual dimer rotation angle:         0.214 deg
Dimer rotation converged after    1 steps
Writing TS-mode
Curvature after dimer rotation:               -0.00286
Frequency of transition mode  -274.791 cm^-1 (negative value denotes imaginary frequency)
Crossover temperature for tunnelling       62.92394 K
Restarting L-BFGS optimiser, instance: dimer rotation
Next calculation will be the dimer  midpoint
dl-find/turbomole/=============================== Tstep:   96.8 Ttot:47487.7 ==
eandg
Spin: 
 Energy calculation finished, energy: -2.138678485E+03
Testing convergence of dimer midpoint in cycle  144
    Energy  9.6880E-06 Target: 1.0000E-06 converged?   no
  Max step  8.8566E-03 Target: 1.8000E-03 converged?   no component    37
  RMS step  2.4055E-03 Target: 1.2000E-03 converged?   no
  Max grad  3.0056E-04 Target: 4.5000E-04 converged?  yes component    43
  RMS grad  6.7546E-05 Target: 3.0000E-04 converged?  yes
Next calculation will be the dimer endpoint before rotation
dl-find/turbomole/=============================== Tstep:  122.2 Ttot:47609.9 ==
eandg
Spin: 
 Energy calculation finished, energy: -2.138678486E+03
Curvature at dimer midpoint                   -0.00288
Predicted dimer rotation angle:      7.482 deg
Next calculation will be the dimer endpoint after rotation
dl-find/turbomole/=============================== Tstep:  110.5 Ttot:47720.4 ==
eandg
Spin: 
 Energy calculation finished, energy: -2.138678485E+03
Curvature at dimer midpoint after rotation     0.00012
Curvature at dimer minimum                    -0.00289
Actual dimer rotation angle:         0.234 deg
Dimer rotation converged after    1 steps
Writing TS-mode
Curvature after dimer rotation:               -0.00289
Frequency of transition mode  -276.139 cm^-1 (negative value denotes imaginary frequency)
Crossover temperature for tunnelling       63.23263 K
Restarting L-BFGS optimiser, instance: dimer rotation
Next calculation will be the dimer  midpoint
dl-find/turbomole/=============================== Tstep:   86.1 Ttot:47806.5 ==
eandg
Spin: 
 Energy calculation finished, energy: -2.138678502E+03
Testing convergence of dimer midpoint in cycle  145
    Energy  1.6535E-05 Target: 1.0000E-06 converged?   no
  Max step  1.5174E-02 Target: 1.8000E-03 converged?   no component    37
  RMS step  3.7581E-03 Target: 1.2000E-03 converged?   no
  Max grad  1.6783E-04 Target: 4.5000E-04 converged?  yes component    64
  RMS grad  5.4071E-05 Target: 3.0000E-04 converged?  yes
Next calculation will be the dimer endpoint before rotation
dl-find/turbomole/=============================== Tstep:  123.6 Ttot:47930.1 ==
eandg
Spin: 
 Energy calculation finished, energy: -2.138678502E+03
Curvature at dimer midpoint                   -0.00290
Predicted dimer rotation angle:      8.026 deg
Next calculation will be the dimer endpoint after rotation
dl-find/turbomole/=============================== Tstep:  110.4 Ttot:48040.5 ==
eandg
Spin: 
 Energy calculation finished, energy: -2.138678502E+03
Curvature at dimer midpoint after rotation     0.00142
Curvature at dimer minimum                    -0.00290
Actual dimer rotation angle:         0.205 deg
Dimer rotation converged after    1 steps
Writing TS-mode
Curvature after dimer rotation:               -0.00290
Frequency of transition mode  -276.981 cm^-1 (negative value denotes imaginary frequency)
Crossover temperature for tunnelling       63.42552 K
Restarting L-BFGS optimiser, instance: dimer rotation
Next calculation will be the dimer  midpoint
dl-find/turbomole/=============================== Tstep:   92.5 Ttot:48133.0 ==
eandg
Spin: 
 Energy calculation finished, energy: -2.138678511E+03
Testing convergence of dimer midpoint in cycle  146
    Energy  9.1250E-06 Target: 1.0000E-06 converged?   no
  Max step  1.4631E-02 Target: 1.8000E-03 converged?   no component    37
  RMS step  4.1638E-03 Target: 1.2000E-03 converged?   no
  Max grad  2.4158E-04 Target: 4.5000E-04 converged?  yes component    68
  RMS grad  6.2293E-05 Target: 3.0000E-04 converged?  yes
Next calculation will be the dimer endpoint before rotation
dl-find/turbomole/=============================== Tstep:  123.0 Ttot:48256.0 ==
eandg
Spin: 
 Energy calculation finished, energy: -2.138678511E+03
Curvature at dimer midpoint                   -0.00292
Predicted dimer rotation angle:      7.150 deg
Next calculation will be the dimer endpoint after rotation
dl-find/turbomole/=============================== Tstep:  114.7 Ttot:48370.7 ==
eandg
Spin: 
 Energy calculation finished, energy: -2.138678511E+03
Curvature at dimer midpoint after rotation    -0.00018
Curvature at dimer minimum                    -0.00292
Actual dimer rotation angle:         0.226 deg
Dimer rotation converged after    1 steps
Writing TS-mode
Curvature after dimer rotation:               -0.00292
Frequency of transition mode  -277.772 cm^-1 (negative value denotes imaginary frequency)
Crossover temperature for tunnelling       63.60669 K
Restarting L-BFGS optimiser, instance: dimer rotation
Next calculation will be the dimer  midpoint
dl-find/turbomole/=============================== Tstep:   86.3 Ttot:48456.9 ==
eandg
Spin: 
 Energy calculation finished, energy: -2.138678524E+03
Testing convergence of dimer midpoint in cycle  147
    Energy  1.2860E-05 Target: 1.0000E-06 converged?   no
  Max step  2.4560E-02 Target: 1.8000E-03 converged?   no component    37
  RMS step  6.8737E-03 Target: 1.2000E-03 converged?   no
  Max grad  5.5525E-04 Target: 4.5000E-04 converged?   no component    43
  RMS grad  1.2959E-04 Target: 3.0000E-04 converged?  yes
Next calculation will be the dimer endpoint before rotation
dl-find/turbomole/=============================== Tstep:  117.1 Ttot:48574.1 ==
eandg
Spin: 
 Energy calculation finished, energy: -2.138678524E+03
Curvature at dimer midpoint                   -0.00294
Predicted dimer rotation angle:      7.680 deg
Next calculation will be the dimer endpoint after rotation
dl-find/turbomole/=============================== Tstep:  112.8 Ttot:48686.8 ==
eandg
Spin: 
 Energy calculation finished, energy: -2.138678523E+03
Curvature at dimer midpoint after rotation     0.00082
Curvature at dimer minimum                    -0.00294
Actual dimer rotation angle:         0.208 deg
Dimer rotation converged after    1 steps
Writing TS-mode
Curvature after dimer rotation:               -0.00294
Frequency of transition mode  -278.926 cm^-1 (negative value denotes imaginary frequency)
Crossover temperature for tunnelling       63.87091 K
Restarting L-BFGS optimiser, instance: dimer rotation
Next calculation will be the dimer  midpoint
dl-find/turbomole/=============================== Tstep:   90.6 Ttot:48777.4 ==
eandg
Spin: 
 Energy calculation finished, energy: -2.138678528E+03
Testing convergence of dimer midpoint in cycle  148
    Energy  4.5340E-06 Target: 1.0000E-06 converged?   no
  Max step  4.8147E-03 Target: 1.8000E-03 converged?   no component   116
  RMS step  1.5471E-03 Target: 1.2000E-03 converged?   no
  Max grad  2.6184E-04 Target: 4.5000E-04 converged?  yes component    43
  RMS grad  5.7216E-05 Target: 3.0000E-04 converged?  yes
Next calculation will be the dimer endpoint before rotation
dl-find/turbomole/=============================== Tstep:  119.8 Ttot:48897.3 ==
eandg
Spin: 
 Energy calculation finished, energy: -2.138678528E+03
Curvature at dimer midpoint                   -0.00293
Predicted dimer rotation angle:      7.111 deg
Next calculation will be the dimer endpoint after rotation
dl-find/turbomole/=============================== Tstep:  109.9 Ttot:49007.1 ==
eandg
Spin: 
 Energy calculation finished, energy: -2.138678527E+03
Curvature at dimer midpoint after rotation    -0.00008
Curvature at dimer minimum                    -0.00294
Actual dimer rotation angle:         0.215 deg
Dimer rotation converged after    1 steps
Writing TS-mode
Curvature after dimer rotation:               -0.00294
Frequency of transition mode  -278.490 cm^-1 (negative value denotes imaginary frequency)
Crossover temperature for tunnelling       63.77099 K
Restarting L-BFGS optimiser, instance: dimer rotation
Next calculation will be the dimer  midpoint
dl-find/turbomole/=============================== Tstep:   94.7 Ttot:49101.9 ==
eandg
Spin: 
 Energy calculation finished, energy: -2.138678529E+03
Testing convergence of dimer midpoint in cycle  149
    Energy  3.6300E-07 Target: 1.0000E-06 converged?  yes
  Max step  7.9487E-03 Target: 1.8000E-03 converged?   no component    87
  RMS step  2.1145E-03 Target: 1.2000E-03 converged?   no
  Max grad  1.6456E-04 Target: 4.5000E-04 converged?  yes component    65
  RMS grad  5.2918E-05 Target: 3.0000E-04 converged?  yes
Next calculation will be the dimer endpoint before rotation
dl-find/turbomole/=============================== Tstep:  113.6 Ttot:49215.5 ==
eandg
Spin: 
 Energy calculation finished, energy: -2.138678529E+03
Curvature at dimer midpoint                   -0.00292
Predicted dimer rotation angle:      7.379 deg
Next calculation will be the dimer endpoint after rotation
dl-find/turbomole/=============================== Tstep:  109.8 Ttot:49325.3 ==
eandg
Spin: 
 Energy calculation finished, energy: -2.138678528E+03
Curvature at dimer midpoint after rotation     0.00053
Curvature at dimer minimum                    -0.00293
Actual dimer rotation angle:         0.199 deg
Dimer rotation converged after    1 steps
Writing TS-mode
Curvature after dimer rotation:               -0.00293
Frequency of transition mode  -278.058 cm^-1 (negative value denotes imaginary frequency)
Crossover temperature for tunnelling       63.67196 K
Restarting L-BFGS optimiser, instance: dimer rotation
Next calculation will be the dimer  midpoint
dl-find/turbomole/=============================== Tstep:   92.3 Ttot:49417.6 ==
eandg
Spin: 
 Energy calculation finished, energy: -2.138678542E+03
Testing convergence of dimer midpoint in cycle  150
    Energy  1.2897E-05 Target: 1.0000E-06 converged?   no
  Max step  1.1694E-02 Target: 1.8000E-03 converged?   no component    87
  RMS step  3.3223E-03 Target: 1.2000E-03 converged?   no
  Max grad  2.3335E-04 Target: 4.5000E-04 converged?  yes component    48
  RMS grad  6.3346E-05 Target: 3.0000E-04 converged?  yes
Next calculation will be the dimer endpoint before rotation
dl-find/turbomole/=============================== Tstep:  111.2 Ttot:49528.8 ==
eandg
Spin: 
 Energy calculation finished, energy: -2.138678536E+03
Curvature at dimer midpoint                   -0.00293
Predicted dimer rotation angle:     11.328 deg
Next calculation will be the dimer endpoint after rotation
dl-find/turbomole/=============================== Tstep:  109.4 Ttot:49638.2 ==
eandg
Spin: 
 Energy calculation finished, energy: -2.138678541E+03
Curvature at dimer midpoint after rotation     0.00160
Curvature at dimer minimum                    -0.00294
Actual dimer rotation angle:         0.541 deg
Dimer rotation converged after    1 steps
Writing TS-mode
Curvature after dimer rotation:               -0.00294
Frequency of transition mode  -278.655 cm^-1 (negative value denotes imaginary frequency)
Crossover temperature for tunnelling       63.80872 K
Restarting L-BFGS optimiser, instance: dimer rotation
Next calculation will be the dimer  midpoint
dl-find/turbomole/=============================== Tstep:   95.3 Ttot:49733.5 ==
eandg
Spin: 
 Energy calculation finished, energy: -2.138678546E+03
Testing convergence of dimer midpoint in cycle  151
    Energy  4.0010E-06 Target: 1.0000E-06 converged?   no
  Max step  2.2666E-02 Target: 1.8000E-03 converged?   no component   116
  RMS step  6.4540E-03 Target: 1.2000E-03 converged?   no
  Max grad  4.6073E-04 Target: 4.5000E-04 converged?   no component    43
  RMS grad  8.4682E-05 Target: 3.0000E-04 converged?  yes
Next calculation will be the dimer endpoint before rotation
dl-find/turbomole/=============================== Tstep:  116.8 Ttot:49850.3 ==
eandg
Spin: 
 Energy calculation finished, energy: -2.138678546E+03
Curvature at dimer midpoint                   -0.00290
Predicted dimer rotation angle:     13.168 deg
Next calculation will be the dimer endpoint after rotation
dl-find/turbomole/=============================== Tstep:  113.4 Ttot:49963.6 ==
eandg
Spin: 
 Energy calculation finished, energy: -2.138678546E+03
Curvature at dimer midpoint after rotation     0.01270
Curvature at dimer minimum                    -0.00291
Actual dimer rotation angle:         0.263 deg
Dimer rotation converged after    1 steps
Writing TS-mode
Curvature after dimer rotation:               -0.00291
Frequency of transition mode  -277.344 cm^-1 (negative value denotes imaginary frequency)
Crossover temperature for tunnelling       63.50864 K
Restarting L-BFGS optimiser, instance: dimer rotation
Next calculation will be the dimer  midpoint
dl-find/turbomole/=============================== Tstep:  103.2 Ttot:50066.8 ==
eandg
Spin: 
 Energy calculation finished, energy: -2.138678544E+03
Testing convergence of dimer midpoint in cycle  152
    Energy  2.1090E-06 Target: 1.0000E-06 converged?   no
  Max step  4.4197E-02 Target: 1.8000E-03 converged?   no component   116
  RMS step  1.2719E-02 Target: 1.2000E-03 converged?   no
  Max grad  7.5096E-04 Target: 4.5000E-04 converged?   no component    77
  RMS grad  1.4720E-04 Target: 3.0000E-04 converged?  yes
Next calculation will be the dimer endpoint before rotation
dl-find/turbomole/=============================== Tstep:  121.8 Ttot:50188.6 ==
eandg
Spin: 
 Energy calculation finished, energy: -2.138678544E+03
Curvature at dimer midpoint                   -0.00291
Predicted dimer rotation angle:      7.611 deg
Next calculation will be the dimer endpoint after rotation
dl-find/turbomole/=============================== Tstep:  114.3 Ttot:50302.9 ==
eandg
Spin: 
 Energy calculation finished, energy: -2.138678543E+03
Curvature at dimer midpoint after rotation    -0.00056
Curvature at dimer minimum                    -0.00292
Actual dimer rotation angle:         0.311 deg
Dimer rotation converged after    1 steps
Writing TS-mode
Curvature after dimer rotation:               -0.00292
Frequency of transition mode  -277.643 cm^-1 (negative value denotes imaginary frequency)
Crossover temperature for tunnelling       63.57707 K
Restarting L-BFGS optimiser, instance: dimer rotation
Next calculation will be the dimer  midpoint
dl-find/turbomole/=============================== Tstep:   91.1 Ttot:50394.1 ==
eandg
Spin: 
 Energy calculation finished, energy: -2.138678554E+03
Testing convergence of dimer midpoint in cycle  153
    Energy  1.0691E-05 Target: 1.0000E-06 converged?   no
  Max step  4.4662E-03 Target: 1.8000E-03 converged?   no component    87
  RMS step  1.2884E-03 Target: 1.2000E-03 converged?   no
  Max grad  1.6505E-04 Target: 4.5000E-04 converged?  yes component   255
  RMS grad  5.2075E-05 Target: 3.0000E-04 converged?  yes
Next calculation will be the dimer endpoint before rotation
dl-find/turbomole/=============================== Tstep:  113.9 Ttot:50508.0 ==
eandg
Spin: 
 Energy calculation finished, energy: -2.138678558E+03
Curvature at dimer midpoint                   -0.00294
Predicted dimer rotation angle:     10.358 deg
Next calculation will be the dimer endpoint after rotation
dl-find/turbomole/=============================== Tstep:  111.4 Ttot:50619.3 ==
eandg
Spin: 
 Energy calculation finished, energy: -2.138678558E+03
Curvature at dimer midpoint after rotation     0.00454
Curvature at dimer minimum                    -0.00295
Actual dimer rotation angle:         0.262 deg
Dimer rotation converged after    1 steps
Writing TS-mode
Curvature after dimer rotation:               -0.00295
Frequency of transition mode  -279.009 cm^-1 (negative value denotes imaginary frequency)
Crossover temperature for tunnelling       63.88974 K
Restarting L-BFGS optimiser, instance: dimer rotation
Next calculation will be the dimer  midpoint
dl-find/turbomole/=============================== Tstep:   92.4 Ttot:50711.8 ==
eandg
Spin: 
 Energy calculation finished, energy: -2.138678561E+03
Testing convergence of dimer midpoint in cycle  154
    Energy  6.3170E-06 Target: 1.0000E-06 converged?   no
  Max step  3.3481E-03 Target: 1.8000E-03 converged?   no component    37
  RMS step  1.1822E-03 Target: 1.2000E-03 converged?  yes
  Max grad  1.6864E-04 Target: 4.5000E-04 converged?  yes component   155
  RMS grad  5.2685E-05 Target: 3.0000E-04 converged?  yes
Next calculation will be the dimer endpoint before rotation
dl-find/turbomole/=============================== Tstep:  121.6 Ttot:50833.4 ==
eandg
Spin: 
 Energy calculation finished, energy: -2.138678565E+03
Curvature at dimer midpoint                   -0.00295
Predicted dimer rotation angle:      7.965 deg
Next calculation will be the dimer endpoint after rotation
dl-find/turbomole/=============================== Tstep:  110.0 Ttot:50943.4 ==
eandg
Spin: 
 Energy calculation finished, energy: -2.138678561E+03
Curvature at dimer midpoint after rotation     0.00049
Curvature at dimer minimum                    -0.00295
Actual dimer rotation angle:         0.252 deg
Dimer rotation converged after    1 steps
Writing TS-mode
Curvature after dimer rotation:               -0.00295
Frequency of transition mode  -279.309 cm^-1 (negative value denotes imaginary frequency)
Crossover temperature for tunnelling       63.95857 K
Restarting L-BFGS optimiser, instance: dimer rotation
Next calculation will be the dimer  midpoint
dl-find/turbomole/=============================== Tstep:   95.9 Ttot:51039.3 ==
eandg
Spin: 
 Energy calculation finished, energy: -2.138678570E+03
Testing convergence of dimer midpoint in cycle  155
    Energy  9.4580E-06 Target: 1.0000E-06 converged?   no
  Max step  1.4237E-02 Target: 1.8000E-03 converged?   no component   116
  RMS step  4.0204E-03 Target: 1.2000E-03 converged?   no
  Max grad  3.2310E-04 Target: 4.5000E-04 converged?  yes component   155
  RMS grad  6.8128E-05 Target: 3.0000E-04 converged?  yes
Next calculation will be the dimer endpoint before rotation
dl-find/turbomole/=============================== Tstep:  121.9 Ttot:51161.2 ==
eandg
Spin: 
 Energy calculation finished, energy: -2.138678570E+03
Curvature at dimer midpoint                   -0.00290
Predicted dimer rotation angle:      7.773 deg
Next calculation will be the dimer endpoint after rotation
dl-find/turbomole/=============================== Tstep:  110.1 Ttot:51271.3 ==
eandg
Spin: 
 Energy calculation finished, energy: -2.138678569E+03
Curvature at dimer midpoint after rotation     0.00082
Curvature at dimer minimum                    -0.00291
Actual dimer rotation angle:         0.215 deg
Dimer rotation converged after    1 steps
Writing TS-mode
Curvature after dimer rotation:               -0.00291
Frequency of transition mode  -277.150 cm^-1 (negative value denotes imaginary frequency)
Crossover temperature for tunnelling       63.46421 K
Restarting L-BFGS optimiser, instance: dimer rotation
Next calculation will be the dimer  midpoint
dl-find/turbomole/=============================== Tstep:   97.1 Ttot:51368.4 ==
eandg
Spin: 
 Energy calculation finished, energy: -2.138678579E+03
Testing convergence of dimer midpoint in cycle  156
    Energy  9.3950E-06 Target: 1.0000E-06 converged?   no
  Max step  3.3931E-02 Target: 1.8000E-03 converged?   no component   116
  RMS step  9.6526E-03 Target: 1.2000E-03 converged?   no
  Max grad  4.8035E-04 Target: 4.5000E-04 converged?   no component    55
  RMS grad  1.3504E-04 Target: 3.0000E-04 converged?  yes
Next calculation will be the dimer endpoint before rotation
dl-find/turbomole/=============================== Tstep:  126.6 Ttot:51495.0 ==
eandg
Spin: 
 Energy calculation finished, energy: -2.138678579E+03
Curvature at dimer midpoint                   -0.00288
Predicted dimer rotation angle:      7.165 deg
Next calculation will be the dimer endpoint after rotation
dl-find/turbomole/=============================== Tstep:  109.3 Ttot:51604.3 ==
eandg
Spin: 
 Energy calculation finished, energy: -2.138678579E+03
Curvature at dimer midpoint after rotation     0.00036
Curvature at dimer minimum                    -0.00288
Actual dimer rotation angle:         0.191 deg
Dimer rotation converged after    1 steps
Writing TS-mode
Curvature after dimer rotation:               -0.00288
Frequency of transition mode  -275.773 cm^-1 (negative value denotes imaginary frequency)
Crossover temperature for tunnelling       63.14879 K
Restarting L-BFGS optimiser, instance: dimer rotation
Next calculation will be the dimer  midpoint
dl-find/turbomole/=============================== Tstep:   91.4 Ttot:51695.7 ==
eandg
Spin: 
 Energy calculation finished, energy: -2.138678574E+03
Testing convergence of dimer midpoint in cycle  157
    Energy  5.8410E-06 Target: 1.0000E-06 converged?   no
  Max step  3.8651E-02 Target: 1.8000E-03 converged?   no component   116
  RMS step  1.0508E-02 Target: 1.2000E-03 converged?   no
  Max grad  2.1797E-04 Target: 4.5000E-04 converged?  yes component   155
  RMS grad  7.2685E-05 Target: 3.0000E-04 converged?  yes
Next calculation will be the dimer endpoint before rotation
dl-find/turbomole/=============================== Tstep:   98.1 Ttot:51793.9 ==
eandg
Spin: 
 Energy calculation finished, energy: -2.138678573E+03
Curvature at dimer midpoint                   -0.00284
Predicted dimer rotation angle:      6.518 deg
Next calculation will be the dimer endpoint after rotation
dl-find/turbomole/=============================== Tstep:  113.5 Ttot:51907.3 ==
eandg
Spin: 
 Energy calculation finished, energy: -2.138678573E+03
Curvature at dimer midpoint after rotation    -0.00078
Curvature at dimer minimum                    -0.00284
Actual dimer rotation angle:         0.220 deg
Dimer rotation converged after    1 steps
Writing TS-mode
Curvature after dimer rotation:               -0.00284
Frequency of transition mode  -274.186 cm^-1 (negative value denotes imaginary frequency)
Crossover temperature for tunnelling       62.78542 K
Restarting L-BFGS optimiser, instance: dimer rotation
Next calculation will be the dimer  midpoint
dl-find/turbomole/=============================== Tstep:   95.5 Ttot:52002.8 ==
eandg
Spin: 
 Energy calculation finished, energy: -2.138678574E+03
Testing convergence of dimer midpoint in cycle  158
    Energy  7.5100E-07 Target: 1.0000E-06 converged?  yes
  Max step  1.6712E-02 Target: 1.8000E-03 converged?   no component   116
  RMS step  4.7506E-03 Target: 1.2000E-03 converged?   no
  Max grad  1.5746E-04 Target: 4.5000E-04 converged?  yes component    43
  RMS grad  5.5439E-05 Target: 3.0000E-04 converged?  yes
Next calculation will be the dimer endpoint before rotation
dl-find/turbomole/=============================== Tstep:  112.7 Ttot:52115.5 ==
eandg
Spin: 
 Energy calculation finished, energy: -2.138678575E+03
Curvature at dimer midpoint                   -0.00283
Predicted dimer rotation angle:      7.231 deg
Next calculation will be the dimer endpoint after rotation
dl-find/turbomole/=============================== Tstep:  109.8 Ttot:52225.4 ==
eandg
Spin: 
 Energy calculation finished, energy: -2.138678574E+03
Curvature at dimer midpoint after rotation     0.00079
Curvature at dimer minimum                    -0.00284
Actual dimer rotation angle:         0.174 deg
Dimer rotation converged after    1 steps
Writing TS-mode
Curvature after dimer rotation:               -0.00284
Frequency of transition mode  -273.787 cm^-1 (negative value denotes imaginary frequency)
Crossover temperature for tunnelling       62.69408 K
Restarting L-BFGS optimiser, instance: dimer rotation
Next calculation will be the dimer  midpoint
dl-find/turbomole/=============================== Tstep:   93.3 Ttot:52318.6 ==
eandg
Spin: 
 Energy calculation finished, energy: -2.138678571E+03
Testing convergence of dimer midpoint in cycle  159
    Energy  3.4160E-06 Target: 1.0000E-06 converged?   no
  Max step  3.6369E-02 Target: 1.8000E-03 converged?   no component   116
  RMS step  9.8800E-03 Target: 1.2000E-03 converged?   no
  Max grad  2.9238E-04 Target: 4.5000E-04 converged?  yes component    77
  RMS grad  7.7186E-05 Target: 3.0000E-04 converged?  yes
Next calculation will be the dimer endpoint before rotation
dl-find/turbomole/=============================== Tstep:  123.4 Ttot:52442.0 ==
eandg
Spin: 
 Energy calculation finished, energy: -2.138678571E+03
Curvature at dimer midpoint                   -0.00282
Predicted dimer rotation angle:      6.097 deg
Next calculation will be the dimer endpoint after rotation
dl-find/turbomole/=============================== Tstep:  109.3 Ttot:52551.4 ==
eandg
Spin: 
 Energy calculation finished, energy: -2.138678571E+03
Curvature at dimer midpoint after rotation    -0.00102
Curvature at dimer minimum                    -0.00282
Actual dimer rotation angle:         0.205 deg
Dimer rotation converged after    1 steps
Writing TS-mode
Curvature after dimer rotation:               -0.00282
Frequency of transition mode  -273.117 cm^-1 (negative value denotes imaginary frequency)
Crossover temperature for tunnelling       62.54063 K
Restarting L-BFGS optimiser, instance: dimer rotation
Next calculation will be the dimer  midpoint
dl-find/turbomole/=============================== Tstep:   90.8 Ttot:52642.2 ==
eandg
Spin: 
 Energy calculation finished, energy: -2.138678573E+03
Testing convergence of dimer midpoint in cycle  160
    Energy  2.2910E-06 Target: 1.0000E-06 converged?   no
  Max step  3.3217E-02 Target: 1.8000E-03 converged?   no component   116
  RMS step  9.0783E-03 Target: 1.2000E-03 converged?   no
  Max grad  5.1780E-04 Target: 4.5000E-04 converged?   no component    88
  RMS grad  1.3099E-04 Target: 3.0000E-04 converged?  yes
Next calculation will be the dimer endpoint before rotation
dl-find/turbomole/=============================== Tstep:  120.4 Ttot:52762.5 ==
eandg
Spin: 
 Energy calculation finished, energy: -2.138678574E+03
Curvature at dimer midpoint                   -0.00279
Predicted dimer rotation angle:      7.041 deg
Next calculation will be the dimer endpoint after rotation
dl-find/turbomole/=============================== Tstep:  110.3 Ttot:52872.9 ==
eandg
Spin: 
 Energy calculation finished, energy: -2.138678574E+03
Curvature at dimer midpoint after rotation     0.00049
Curvature at dimer minimum                    -0.00279
Actual dimer rotation angle:         0.175 deg
Dimer rotation converged after    1 steps
Writing TS-mode
Curvature after dimer rotation:               -0.00279
Frequency of transition mode  -271.437 cm^-1 (negative value denotes imaginary frequency)
Crossover temperature for tunnelling       62.15598 K
Restarting L-BFGS optimiser, instance: dimer rotation
Next calculation will be the dimer  midpoint
dl-find/turbomole/=============================== Tstep:   92.6 Ttot:52965.5 ==
eandg
Spin: 
 Energy calculation finished, energy: -2.138678576E+03
Testing convergence of dimer midpoint in cycle  161
    Energy  2.8140E-06 Target: 1.0000E-06 converged?   no
  Max step  1.4413E-02 Target: 1.8000E-03 converged?   no component   116
  RMS step  3.7498E-03 Target: 1.2000E-03 converged?   no
  Max grad  2.6877E-04 Target: 4.5000E-04 converged?  yes component   218
  RMS grad  7.6470E-05 Target: 3.0000E-04 converged?  yes
Next calculation will be the dimer endpoint before rotation
dl-find/turbomole/=============================== Tstep:  115.1 Ttot:53080.6 ==
eandg
Spin: 
 Energy calculation finished, energy: -2.138678576E+03
Curvature at dimer midpoint                   -0.00278
Predicted dimer rotation angle:      6.063 deg
Next calculation will be the dimer endpoint after rotation
dl-find/turbomole/=============================== Tstep:  114.4 Ttot:53195.0 ==
eandg
Spin: 
 Energy calculation finished, energy: -2.138678576E+03
Curvature at dimer midpoint after rotation    -0.00093
Curvature at dimer minimum                    -0.00278
Actual dimer rotation angle:         0.193 deg
Dimer rotation converged after    1 steps
Writing TS-mode
Curvature after dimer rotation:               -0.00278
Frequency of transition mode  -271.088 cm^-1 (negative value denotes imaginary frequency)
Crossover temperature for tunnelling       62.07605 K
Restarting L-BFGS optimiser, instance: dimer rotation
Next calculation will be the dimer  midpoint
dl-find/turbomole/=============================== Tstep:   90.6 Ttot:53285.6 ==
eandg
Spin: 
 Energy calculation finished, energy: -2.138678582E+03
Testing convergence of dimer midpoint in cycle  162
    Energy  5.8730E-06 Target: 1.0000E-06 converged?   no
  Max step  2.5787E-02 Target: 1.8000E-03 converged?   no component   116
  RMS step  6.9486E-03 Target: 1.2000E-03 converged?   no
  Max grad  1.9415E-04 Target: 4.5000E-04 converged?  yes component    88
  RMS grad  5.6872E-05 Target: 3.0000E-04 converged?  yes
Next calculation will be the dimer endpoint before rotation
dl-find/turbomole/=============================== Tstep:  117.5 Ttot:53403.1 ==
eandg
Spin: 
 Energy calculation finished, energy: -2.138678582E+03
Curvature at dimer midpoint                   -0.00281
Predicted dimer rotation angle:      6.759 deg
Next calculation will be the dimer endpoint after rotation
dl-find/turbomole/=============================== Tstep:  109.4 Ttot:53512.5 ==
eandg
Spin: 
 Energy calculation finished, energy: -2.138678580E+03
Curvature at dimer midpoint after rotation     0.00027
Curvature at dimer minimum                    -0.00281
Actual dimer rotation angle:         0.166 deg
Dimer rotation converged after    1 steps
Writing TS-mode
Curvature after dimer rotation:               -0.00281
Frequency of transition mode  -272.404 cm^-1 (negative value denotes imaginary frequency)
Crossover temperature for tunnelling       62.37735 K
Restarting L-BFGS optimiser, instance: dimer rotation
Next calculation will be the dimer  midpoint
dl-find/turbomole/=============================== Tstep:   95.8 Ttot:53608.3 ==
eandg
Spin: 
 Energy calculation finished, energy: -2.138678590E+03
Testing convergence of dimer midpoint in cycle  163
    Energy  8.3030E-06 Target: 1.0000E-06 converged?   no
  Max step  1.5719E-02 Target: 1.8000E-03 converged?   no component   116
  RMS step  4.3663E-03 Target: 1.2000E-03 converged?   no
  Max grad  2.4334E-04 Target: 4.5000E-04 converged?  yes component    65
  RMS grad  6.3426E-05 Target: 3.0000E-04 converged?  yes
Next calculation will be the dimer endpoint before rotation
dl-find/turbomole/=============================== Tstep:  115.0 Ttot:53723.3 ==
eandg
Spin: 
 Energy calculation finished, energy: -2.138678585E+03
Curvature at dimer midpoint                   -0.00275
Predicted dimer rotation angle:      7.018 deg
Next calculation will be the dimer endpoint after rotation
dl-find/turbomole/=============================== Tstep:  115.4 Ttot:53838.6 ==
eandg
Spin: 
 Energy calculation finished, energy: -2.138678585E+03
Curvature at dimer midpoint after rotation    -0.00083
Curvature at dimer minimum                    -0.00275
Actual dimer rotation angle:         0.282 deg
Dimer rotation converged after    1 steps
Writing TS-mode
Curvature after dimer rotation:               -0.00275
Frequency of transition mode  -269.524 cm^-1 (negative value denotes imaginary frequency)
Crossover temperature for tunnelling       61.71798 K
Restarting L-BFGS optimiser, instance: dimer rotation
Next calculation will be the dimer  midpoint
dl-find/turbomole/=============================== Tstep:   94.6 Ttot:53933.3 ==
eandg
Spin: 
 Energy calculation finished, energy: -2.138678594E+03
Testing convergence of dimer midpoint in cycle  164
    Energy  4.0500E-06 Target: 1.0000E-06 converged?   no
  Max step  4.0149E-02 Target: 1.8000E-03 converged?   no component   116
  RMS step  1.1892E-02 Target: 1.2000E-03 converged?   no
  Max grad  6.4866E-04 Target: 4.5000E-04 converged?   no component    43
  RMS grad  1.3340E-04 Target: 3.0000E-04 converged?  yes
Next calculation will be the dimer endpoint before rotation
dl-find/turbomole/=============================== Tstep:  120.1 Ttot:54053.4 ==
eandg
Spin: 
 Energy calculation finished, energy: -2.138678595E+03
Curvature at dimer midpoint                   -0.00273
Predicted dimer rotation angle:      8.645 deg
Next calculation will be the dimer endpoint after rotation
dl-find/turbomole/=============================== Tstep:  113.6 Ttot:54167.0 ==
eandg
Spin: 
 Energy calculation finished, energy: -2.138678595E+03
Curvature at dimer midpoint after rotation     0.00261
Curvature at dimer minimum                    -0.00274
Actual dimer rotation angle:         0.197 deg
Dimer rotation converged after    1 steps
Writing TS-mode
Curvature after dimer rotation:               -0.00274
Frequency of transition mode  -268.924 cm^-1 (negative value denotes imaginary frequency)
Crossover temperature for tunnelling       61.58042 K
Restarting L-BFGS optimiser, instance: dimer rotation
Next calculation will be the dimer  midpoint
dl-find/turbomole/=============================== Tstep:  100.1 Ttot:54267.0 ==
eandg
Spin: 
 Energy calculation finished, energy: -2.138678593E+03
Testing convergence of dimer midpoint in cycle  165
    Energy  9.5800E-07 Target: 1.0000E-06 converged?  yes
  Max step  4.0534E-02 Target: 1.8000E-03 converged?   no component   116
  RMS step  1.1532E-02 Target: 1.2000E-03 converged?   no
  Max grad  2.4820E-04 Target: 4.5000E-04 converged?  yes component    43
  RMS grad  7.6543E-05 Target: 3.0000E-04 converged?  yes
Next calculation will be the dimer endpoint before rotation
dl-find/turbomole/=============================== Tstep:  119.1 Ttot:54386.2 ==
eandg
Spin: 
 Energy calculation finished, energy: -2.138678595E+03
Curvature at dimer midpoint                   -0.00268
Predicted dimer rotation angle:      6.132 deg
Next calculation will be the dimer endpoint after rotation
dl-find/turbomole/=============================== Tstep:  114.4 Ttot:54500.5 ==
eandg
Spin: 
 Energy calculation finished, energy: -2.138678594E+03
Curvature at dimer midpoint after rotation    -0.00103
Curvature at dimer minimum                    -0.00268
Actual dimer rotation angle:         0.215 deg
Dimer rotation converged after    1 steps
Writing TS-mode
Curvature after dimer rotation:               -0.00268
Frequency of transition mode  -266.199 cm^-1 (negative value denotes imaginary frequency)
Crossover temperature for tunnelling       60.95648 K
Restarting L-BFGS optimiser, instance: dimer rotation
Next calculation will be the dimer  midpoint
dl-find/turbomole/=============================== Tstep:   91.4 Ttot:54591.9 ==
eandg
Spin: 
 Energy calculation finished, energy: -2.138678602E+03
Testing convergence of dimer midpoint in cycle  166
    Energy  8.7650E-06 Target: 1.0000E-06 converged?   no
  Max step  9.5422E-03 Target: 1.8000E-03 converged?   no component   116
  RMS step  2.4202E-03 Target: 1.2000E-03 converged?   no
  Max grad  2.0663E-04 Target: 4.5000E-04 converged?  yes component    43
  RMS grad  5.6584E-05 Target: 3.0000E-04 converged?  yes
Next calculation will be the dimer endpoint before rotation
dl-find/turbomole/=============================== Tstep:  111.4 Ttot:54703.3 ==
eandg
Spin: 
 Energy calculation finished, energy: -2.138678603E+03
Curvature at dimer midpoint                   -0.00268
Predicted dimer rotation angle:      6.963 deg
Next calculation will be the dimer endpoint after rotation
dl-find/turbomole/=============================== Tstep:  110.3 Ttot:54813.6 ==
eandg
Spin: 
 Energy calculation finished, energy: -2.138678603E+03
Curvature at dimer midpoint after rotation     0.00082
Curvature at dimer minimum                    -0.00268
Actual dimer rotation angle:         0.153 deg
Dimer rotation converged after    1 steps
Writing TS-mode
Curvature after dimer rotation:               -0.00268
Frequency of transition mode  -266.149 cm^-1 (negative value denotes imaginary frequency)
Crossover temperature for tunnelling       60.94511 K
Restarting L-BFGS optimiser, instance: dimer rotation
Next calculation will be the dimer  midpoint
dl-find/turbomole/=============================== Tstep:   91.8 Ttot:54905.4 ==
eandg
Spin: 
 Energy calculation finished, energy: -2.138678610E+03
Testing convergence of dimer midpoint in cycle  167
    Energy  7.5730E-06 Target: 1.0000E-06 converged?   no
  Max step  1.9069E-02 Target: 1.8000E-03 converged?   no component    37
  RMS step  4.8857E-03 Target: 1.2000E-03 converged?   no
  Max grad  3.0373E-04 Target: 4.5000E-04 converged?  yes component   155
  RMS grad  7.2993E-05 Target: 3.0000E-04 converged?  yes
Next calculation will be the dimer endpoint before rotation
dl-find/turbomole/=============================== Tstep:  128.4 Ttot:55033.8 ==
eandg
Spin: 
 Energy calculation finished, energy: -2.138678611E+03
Curvature at dimer midpoint                   -0.00268
Predicted dimer rotation angle:      5.308 deg
Next calculation will be the dimer endpoint after rotation
dl-find/turbomole/=============================== Tstep:  113.7 Ttot:55147.5 ==
eandg
Spin: 
 Energy calculation finished, energy: -2.138678610E+03
Curvature at dimer midpoint after rotation    -0.00145
Curvature at dimer minimum                    -0.00268
Actual dimer rotation angle:         0.187 deg
Dimer rotation converged after    1 steps
Writing TS-mode
Curvature after dimer rotation:               -0.00268
Frequency of transition mode  -266.211 cm^-1 (negative value denotes imaginary frequency)
Crossover temperature for tunnelling       60.95934 K
Restarting L-BFGS optimiser, instance: dimer rotation
Next calculation will be the dimer  midpoint
dl-find/turbomole/=============================== Tstep:   90.1 Ttot:55237.6 ==
eandg
Spin: 
 Energy calculation finished, energy: -2.138679697E+03
Testing convergence of dimer midpoint in cycle  168
    Energy  1.0872E-03 Target: 1.0000E-06 converged?   no
  Max step  2.5907E-02 Target: 1.8000E-03 converged?   no component    37
  RMS step  5.8529E-03 Target: 1.2000E-03 converged?   no
  Max grad  8.1622E-04 Target: 4.5000E-04 converged?   no component   252
  RMS grad  1.4362E-04 Target: 3.0000E-04 converged?  yes
Next calculation will be the dimer endpoint before rotation
dl-find/turbomole/=============================== Tstep:  132.6 Ttot:55370.2 ==
eandg
Spin: 
 Energy calculation finished, energy: -2.138679699E+03
Curvature at dimer midpoint                   -0.00267
Predicted dimer rotation angle:      6.549 deg
Next calculation will be the dimer endpoint after rotation
dl-find/turbomole/=============================== Tstep:  112.5 Ttot:55482.8 ==
eandg
Spin: 
 Energy calculation finished, energy: -2.138679699E+03
Curvature at dimer midpoint after rotation     0.00008
Curvature at dimer minimum                    -0.00267
Actual dimer rotation angle:         0.160 deg
Dimer rotation converged after    1 steps
Writing TS-mode
Curvature after dimer rotation:               -0.00267
Frequency of transition mode  -265.795 cm^-1 (negative value denotes imaginary frequency)
Crossover temperature for tunnelling       60.86390 K
Restarting L-BFGS optimiser, instance: dimer rotation
Next calculation will be the dimer  midpoint
dl-find/turbomole/=============================== Tstep:   96.8 Ttot:55579.6 ==
eandg
Spin: 
 Energy calculation finished, energy: -2.138679724E+03
Testing convergence of dimer midpoint in cycle  169
    Energy  2.6965E-05 Target: 1.0000E-06 converged?   no
  Max step  3.2590E-02 Target: 1.8000E-03 converged?   no component    37
  RMS step  9.0925E-03 Target: 1.2000E-03 converged?   no
  Max grad  6.4668E-04 Target: 4.5000E-04 converged?   no component   252
  RMS grad  1.2622E-04 Target: 3.0000E-04 converged?  yes
Next calculation will be the dimer endpoint before rotation
dl-find/turbomole/=============================== Tstep:  124.7 Ttot:55704.2 ==
eandg
Spin: 
 Energy calculation finished, energy: -2.138679726E+03
Curvature at dimer midpoint                   -0.00265
Predicted dimer rotation angle:      5.644 deg
Next calculation will be the dimer endpoint after rotation
dl-find/turbomole/=============================== Tstep:  113.5 Ttot:55817.7 ==
eandg
Spin: 
 Energy calculation finished, energy: -2.138679726E+03
Curvature at dimer midpoint after rotation    -0.00098
Curvature at dimer minimum                    -0.00266
Actual dimer rotation angle:         0.166 deg
Dimer rotation converged after    1 steps
Writing TS-mode
Curvature after dimer rotation:               -0.00266
Frequency of transition mode  -264.885 cm^-1 (negative value denotes imaginary frequency)
Crossover temperature for tunnelling       60.65560 K
Restarting L-BFGS optimiser, instance: dimer rotation
Next calculation will be the dimer  midpoint
dl-find/turbomole/=============================== Tstep:   90.3 Ttot:55908.0 ==
eandg
Spin: 
 Energy calculation finished, energy: -2.138679737E+03
Testing convergence of dimer midpoint in cycle  170
    Energy  1.3051E-05 Target: 1.0000E-06 converged?   no
  Max step  6.2740E-02 Target: 1.8000E-03 converged?   no component    37
  RMS step  1.5372E-02 Target: 1.2000E-03 converged?   no
  Max grad  1.8000E-03 Target: 4.5000E-04 converged?   no component    88
  RMS grad  2.2275E-04 Target: 3.0000E-04 converged?  yes
Next calculation will be the dimer endpoint before rotation
dl-find/turbomole/=============================== Tstep:  133.1 Ttot:56041.2 ==
eandg
Spin: 
 Energy calculation finished, energy: -2.138679739E+03
Curvature at dimer midpoint                   -0.00263
Predicted dimer rotation angle:      6.179 deg
Next calculation will be the dimer endpoint after rotation
dl-find/turbomole/=============================== Tstep:  111.2 Ttot:56152.3 ==
eandg
Spin: 
 Energy calculation finished, energy: -2.138679739E+03
Curvature at dimer midpoint after rotation    -0.00016
Curvature at dimer minimum                    -0.00263
Actual dimer rotation angle:         0.148 deg
Dimer rotation converged after    1 steps
Writing TS-mode
Curvature after dimer rotation:               -0.00263
Frequency of transition mode  -263.830 cm^-1 (negative value denotes imaginary frequency)
Crossover temperature for tunnelling       60.41392 K
Restarting L-BFGS optimiser, instance: dimer rotation
Next calculation will be the dimer  midpoint
dl-find/turbomole/=============================== Tstep:   95.5 Ttot:56247.9 ==
eandg
Spin: 
 Energy calculation finished, energy: -2.138679767E+03
Testing convergence of dimer midpoint in cycle  171
    Energy  3.0304E-05 Target: 1.0000E-06 converged?   no
  Max step  1.3046E-02 Target: 1.8000E-03 converged?   no component   229
  RMS step  3.8189E-03 Target: 1.2000E-03 converged?   no
  Max grad  3.2645E-04 Target: 4.5000E-04 converged?  yes component    59
  RMS grad  7.8393E-05 Target: 3.0000E-04 converged?  yes
Next calculation will be the dimer endpoint before rotation
dl-find/turbomole/=============================== Tstep:  126.0 Ttot:56373.9 ==
eandg
Spin: 
 Energy calculation finished, energy: -2.138679769E+03
Curvature at dimer midpoint                   -0.00263
Predicted dimer rotation angle:      5.364 deg
Next calculation will be the dimer endpoint after rotation
dl-find/turbomole/=============================== Tstep:  110.6 Ttot:56484.6 ==
eandg
Spin: 
 Energy calculation finished, energy: -2.138679769E+03
Curvature at dimer midpoint after rotation    -0.00112
Curvature at dimer minimum                    -0.00263
Actual dimer rotation angle:         0.156 deg
Dimer rotation converged after    1 steps
Writing TS-mode
Curvature after dimer rotation:               -0.00263
Frequency of transition mode  -263.616 cm^-1 (negative value denotes imaginary frequency)
Crossover temperature for tunnelling       60.36503 K
Restarting L-BFGS optimiser, instance: dimer rotation
Next calculation will be the dimer  midpoint
dl-find/turbomole/=============================== Tstep:   90.3 Ttot:56574.8 ==
eandg
Spin: 
 Energy calculation finished, energy: -2.138679785E+03
Testing convergence of dimer midpoint in cycle  172
    Energy  1.8187E-05 Target: 1.0000E-06 converged?   no
  Max step  5.9739E-03 Target: 1.8000E-03 converged?   no component    37
  RMS step  1.3119E-03 Target: 1.2000E-03 converged?   no
  Max grad  2.4530E-04 Target: 4.5000E-04 converged?  yes component    59
  RMS grad  5.6726E-05 Target: 3.0000E-04 converged?  yes
Next calculation will be the dimer endpoint before rotation
dl-find/turbomole/=============================== Tstep:   89.2 Ttot:56664.1 ==
eandg
Spin: 
 Energy calculation finished, energy: -2.138679787E+03
Curvature at dimer midpoint                   -0.00248
Predicted dimer rotation angle:      6.919 deg
Next calculation will be the dimer endpoint after rotation
dl-find/turbomole/=============================== Tstep:  115.0 Ttot:56779.1 ==
eandg
Spin: 
 Energy calculation finished, energy: -2.138679787E+03
Curvature at dimer midpoint after rotation     0.00023
Curvature at dimer minimum                    -0.00248
Actual dimer rotation angle:         0.178 deg
Dimer rotation converged after    1 steps
Writing TS-mode
Curvature after dimer rotation:               -0.00248
Frequency of transition mode  -255.868 cm^-1 (negative value denotes imaginary frequency)
Crossover temperature for tunnelling       58.59092 K
Restarting L-BFGS optimiser, instance: dimer rotation
Next calculation will be the dimer  midpoint
dl-find/turbomole/=============================== Tstep:   92.3 Ttot:56871.4 ==
eandg
Spin: 
 Energy calculation finished, energy: -2.138679798E+03
Testing convergence of dimer midpoint in cycle  173
    Energy  1.2901E-05 Target: 1.0000E-06 converged?   no
  Max step  1.4166E-02 Target: 1.8000E-03 converged?   no component   102
  RMS step  3.1401E-03 Target: 1.2000E-03 converged?   no
  Max grad  2.8895E-04 Target: 4.5000E-04 converged?  yes component    88
  RMS grad  6.1756E-05 Target: 3.0000E-04 converged?  yes
Next calculation will be the dimer endpoint before rotation
dl-find/turbomole/=============================== Tstep:  126.0 Ttot:56997.4 ==
eandg
Spin: 
 Energy calculation finished, energy: -2.138679800E+03
Curvature at dimer midpoint                   -0.00267
Predicted dimer rotation angle:      5.971 deg
Next calculation will be the dimer endpoint after rotation
dl-find/turbomole/=============================== Tstep:  111.3 Ttot:57108.7 ==
eandg
Spin: 
 Energy calculation finished, energy: -2.138679800E+03
Curvature at dimer midpoint after rotation    -0.00002
Curvature at dimer minimum                    -0.00267
Actual dimer rotation angle:         0.127 deg
Dimer rotation converged after    1 steps
Writing TS-mode
Curvature after dimer rotation:               -0.00267
Frequency of transition mode  -265.773 cm^-1 (negative value denotes imaginary frequency)
Crossover temperature for tunnelling       60.85894 K
Restarting L-BFGS optimiser, instance: dimer rotation
Next calculation will be the dimer  midpoint
dl-find/turbomole/=============================== Tstep:   93.0 Ttot:57201.7 ==
eandg
Spin: 
 Energy calculation finished, energy: -2.138679796E+03
Testing convergence of dimer midpoint in cycle  174
    Energy  2.1630E-06 Target: 1.0000E-06 converged?   no
  Max step  3.8220E-02 Target: 1.8000E-03 converged?   no component    37
  RMS step  7.9334E-03 Target: 1.2000E-03 converged?   no
  Max grad  7.4855E-04 Target: 4.5000E-04 converged?   no component    55
  RMS grad  1.2186E-04 Target: 3.0000E-04 converged?  yes
Next calculation will be the dimer endpoint before rotation
dl-find/turbomole/=============================== Tstep:  120.8 Ttot:57322.5 ==
eandg
Spin: 
 Energy calculation finished, energy: -2.138679793E+03
Curvature at dimer midpoint                   -0.00266
Predicted dimer rotation angle:      6.559 deg
Next calculation will be the dimer endpoint after rotation
dl-find/turbomole/=============================== Tstep:  112.7 Ttot:57435.2 ==
eandg
Spin: 
 Energy calculation finished, energy: -2.138679800E+03
Curvature at dimer midpoint after rotation    -0.00066
Curvature at dimer minimum                    -0.00267
Actual dimer rotation angle:         0.216 deg
Dimer rotation converged after    1 steps
Writing TS-mode
Curvature after dimer rotation:               -0.00267
Frequency of transition mode  -265.425 cm^-1 (negative value denotes imaginary frequency)
Crossover temperature for tunnelling       60.77920 K
Restarting L-BFGS optimiser, instance: dimer rotation
Next calculation will be the dimer  midpoint
dl-find/turbomole/=============================== Tstep:   91.8 Ttot:57527.0 ==
eandg
Spin: 
 Energy calculation finished, energy: -2.138679821E+03
Testing convergence of dimer midpoint in cycle  175
    Energy  2.4962E-05 Target: 1.0000E-06 converged?   no
  Max step  3.6256E-02 Target: 1.8000E-03 converged?   no component    37
  RMS step  7.2570E-03 Target: 1.2000E-03 converged?   no
  Max grad  2.5211E-04 Target: 4.5000E-04 converged?  yes component    98
  RMS grad  6.3495E-05 Target: 3.0000E-04 converged?  yes
Next calculation will be the dimer endpoint before rotation
dl-find/turbomole/=============================== Tstep:  128.5 Ttot:57655.5 ==
eandg
Spin: 
 Energy calculation finished, energy: -2.138679823E+03
Curvature at dimer midpoint                   -0.00272
Predicted dimer rotation angle:      6.830 deg
Next calculation will be the dimer endpoint after rotation
dl-find/turbomole/=============================== Tstep:  113.6 Ttot:57769.1 ==
eandg
Spin: 
 Energy calculation finished, energy: -2.138679822E+03
Curvature at dimer midpoint after rotation     0.00065
Curvature at dimer minimum                    -0.00272
Actual dimer rotation angle:         0.152 deg
Dimer rotation converged after    1 steps
Writing TS-mode
Curvature after dimer rotation:               -0.00272
Frequency of transition mode  -267.995 cm^-1 (negative value denotes imaginary frequency)
Crossover temperature for tunnelling       61.36778 K
Restarting L-BFGS optimiser, instance: dimer rotation
Next calculation will be the dimer  midpoint
dl-find/turbomole/=============================== Tstep:   90.0 Ttot:57859.2 ==
eandg
Spin: 
 Energy calculation finished, energy: -2.138679828E+03
Testing convergence of dimer midpoint in cycle  176
    Energy  6.6950E-06 Target: 1.0000E-06 converged?   no
  Max step  6.8240E-03 Target: 1.8000E-03 converged?   no component   238
  RMS step  1.9067E-03 Target: 1.2000E-03 converged?   no
  Max grad  1.7166E-04 Target: 4.5000E-04 converged?  yes component    89
  RMS grad  4.7558E-05 Target: 3.0000E-04 converged?  yes
Next calculation will be the dimer endpoint before rotation
dl-find/turbomole/=============================== Tstep:  114.9 Ttot:57974.0 ==
eandg
Spin: 
 Energy calculation finished, energy: -2.138679829E+03
Curvature at dimer midpoint                   -0.00272
Predicted dimer rotation angle:      4.835 deg
Next calculation will be the dimer endpoint after rotation
dl-find/turbomole/=============================== Tstep:  110.9 Ttot:58084.9 ==
eandg
Spin: 
 Energy calculation finished, energy: -2.138679829E+03
Curvature at dimer midpoint after rotation    -0.00148
Curvature at dimer minimum                    -0.00272
Actual dimer rotation angle:         0.143 deg
Dimer rotation converged after    1 steps
Writing TS-mode
Curvature after dimer rotation:               -0.00272
Frequency of transition mode  -268.293 cm^-1 (negative value denotes imaginary frequency)
Crossover temperature for tunnelling       61.43591 K
Restarting L-BFGS optimiser, instance: dimer rotation
Next calculation will be the dimer  midpoint
dl-find/turbomole/=============================== Tstep:   89.6 Ttot:58174.6 ==
eandg
Spin: 
 Energy calculation finished, energy: -2.138679842E+03
Testing convergence of dimer midpoint in cycle  177
    Energy  1.4025E-05 Target: 1.0000E-06 converged?   no
  Max step  1.7777E-02 Target: 1.8000E-03 converged?   no component   102
  RMS step  3.7460E-03 Target: 1.2000E-03 converged?   no
  Max grad  2.6718E-04 Target: 4.5000E-04 converged?  yes component    83
  RMS grad  6.1475E-05 Target: 3.0000E-04 converged?  yes
Next calculation will be the dimer endpoint before rotation
dl-find/turbomole/=============================== Tstep:  124.9 Ttot:58299.5 ==
eandg
Spin: 
 Energy calculation finished, energy: -2.138679839E+03
Curvature at dimer midpoint                   -0.00270
Predicted dimer rotation angle:      5.424 deg
Next calculation will be the dimer endpoint after rotation
dl-find/turbomole/=============================== Tstep:  109.3 Ttot:58408.8 ==
eandg
Spin: 
 Energy calculation finished, energy: -2.138679839E+03
Curvature at dimer midpoint after rotation    -0.00108
Curvature at dimer minimum                    -0.00270
Actual dimer rotation angle:         0.154 deg
Dimer rotation converged after    1 steps
Writing TS-mode
Curvature after dimer rotation:               -0.00270
Frequency of transition mode  -266.930 cm^-1 (negative value denotes imaginary frequency)
Crossover temperature for tunnelling       61.12378 K
Restarting L-BFGS optimiser, instance: dimer rotation
Next calculation will be the dimer  midpoint
dl-find/turbomole/=============================== Tstep:   84.6 Ttot:58493.3 ==
eandg
Spin: 
 Energy calculation finished, energy: -2.138679857E+03
Testing convergence of dimer midpoint in cycle  178
    Energy  1.5046E-05 Target: 1.0000E-06 converged?   no
  Max step  2.8090E-02 Target: 1.8000E-03 converged?   no component   102
  RMS step  5.1434E-03 Target: 1.2000E-03 converged?   no
  Max grad  3.2045E-04 Target: 4.5000E-04 converged?  yes component    68
  RMS grad  8.3329E-05 Target: 3.0000E-04 converged?  yes
Next calculation will be the dimer endpoint before rotation
dl-find/turbomole/=============================== Tstep:  121.5 Ttot:58614.8 ==
eandg
Spin: 
 Energy calculation finished, energy: -2.138679857E+03
Curvature at dimer midpoint                   -0.00273
Predicted dimer rotation angle:      5.887 deg
Next calculation will be the dimer endpoint after rotation
dl-find/turbomole/=============================== Tstep:  110.9 Ttot:58725.7 ==
eandg
Spin: 
 Energy calculation finished, energy: -2.138679858E+03
Curvature at dimer midpoint after rotation    -0.00056
Curvature at dimer minimum                    -0.00274
Actual dimer rotation angle:         0.150 deg
Dimer rotation converged after    1 steps
Writing TS-mode
Curvature after dimer rotation:               -0.00274
Frequency of transition mode  -268.835 cm^-1 (negative value denotes imaginary frequency)
Crossover temperature for tunnelling       61.56018 K
Restarting L-BFGS optimiser, instance: dimer rotation
Next calculation will be the dimer  midpoint
dl-find/turbomole/=============================== Tstep:   89.6 Ttot:58815.3 ==
eandg
Spin: 
 Energy calculation finished, energy: -2.138679867E+03
Testing convergence of dimer midpoint in cycle  179
    Energy  1.0510E-05 Target: 1.0000E-06 converged?   no
  Max step  1.5696E-02 Target: 1.8000E-03 converged?   no component   102
  RMS step  3.1017E-03 Target: 1.2000E-03 converged?   no
  Max grad  1.9013E-04 Target: 4.5000E-04 converged?  yes component    98
  RMS grad  5.3921E-05 Target: 3.0000E-04 converged?  yes
Next calculation will be the dimer endpoint before rotation
dl-find/turbomole/=============================== Tstep:  123.4 Ttot:58938.7 ==
eandg
Spin: 
 Energy calculation finished, energy: -2.138679868E+03
Curvature at dimer midpoint                   -0.00279
Predicted dimer rotation angle:      5.387 deg
Next calculation will be the dimer endpoint after rotation
dl-find/turbomole/=============================== Tstep:  114.8 Ttot:59053.4 ==
eandg
Spin: 
 Energy calculation finished, energy: -2.138679867E+03
Curvature at dimer midpoint after rotation    -0.00057
Curvature at dimer minimum                    -0.00279
Actual dimer rotation angle:         0.116 deg
Dimer rotation converged after    1 steps
Writing TS-mode
Curvature after dimer rotation:               -0.00279
Frequency of transition mode  -271.356 cm^-1 (negative value denotes imaginary frequency)
Crossover temperature for tunnelling       62.13740 K
Restarting L-BFGS optimiser, instance: dimer rotation
Next calculation will be the dimer  midpoint
dl-find/turbomole/=============================== Tstep:   89.5 Ttot:59142.9 ==
eandg
Spin: 
 Energy calculation finished, energy: -2.138679877E+03
Testing convergence of dimer midpoint in cycle  180
    Energy  9.8000E-06 Target: 1.0000E-06 converged?   no
  Max step  2.4068E-02 Target: 1.8000E-03 converged?   no component   102
  RMS step  4.6457E-03 Target: 1.2000E-03 converged?   no
  Max grad  1.8923E-04 Target: 4.5000E-04 converged?  yes component    83
  RMS grad  4.9372E-05 Target: 3.0000E-04 converged?  yes
Next calculation will be the dimer endpoint before rotation
dl-find/turbomole/=============================== Tstep:  124.9 Ttot:59267.8 ==
eandg
Spin: 
 Energy calculation finished, energy: -2.138679878E+03
Curvature at dimer midpoint                   -0.00281
Predicted dimer rotation angle:      4.005 deg
Next calculation will be the dimer endpoint after rotation
dl-find/turbomole/=============================== Tstep:  113.5 Ttot:59381.4 ==
eandg
Spin: 
 Energy calculation finished, energy: -2.138679878E+03
Curvature at dimer midpoint after rotation    -0.00211
Curvature at dimer minimum                    -0.00282
Actual dimer rotation angle:         0.146 deg
Dimer rotation converged after    1 steps
Writing TS-mode
Curvature after dimer rotation:               -0.00282
Frequency of transition mode  -272.760 cm^-1 (negative value denotes imaginary frequency)
Crossover temperature for tunnelling       62.45887 K
Restarting L-BFGS optimiser, instance: dimer rotation
Next calculation will be the dimer  midpoint
dl-find/turbomole/=============================== Tstep:   86.5 Ttot:59467.8 ==
eandg
Spin: 
 Energy calculation finished, energy: -2.138679882E+03
Testing convergence of dimer midpoint in cycle  181
    Energy  4.9340E-06 Target: 1.0000E-06 converged?   no
  Max step  1.3499E-02 Target: 1.8000E-03 converged?   no component    34
  RMS step  2.7525E-03 Target: 1.2000E-03 converged?   no
  Max grad  3.0715E-04 Target: 4.5000E-04 converged?  yes component    83
  RMS grad  6.1032E-05 Target: 3.0000E-04 converged?  yes
Next calculation will be the dimer endpoint before rotation
dl-find/turbomole/=============================== Tstep:  121.8 Ttot:59589.7 ==
eandg
Spin: 
 Energy calculation finished, energy: -2.138679882E+03
Curvature at dimer midpoint                   -0.00283
Predicted dimer rotation angle:      4.927 deg
Next calculation will be the dimer endpoint after rotation
dl-find/turbomole/=============================== Tstep:  110.6 Ttot:59700.3 ==
eandg
Spin: 
 Energy calculation finished, energy: -2.138679881E+03
Curvature at dimer midpoint after rotation    -0.00101
Curvature at dimer minimum                    -0.00283
Actual dimer rotation angle:         0.109 deg
Dimer rotation converged after    1 steps
Writing TS-mode
Curvature after dimer rotation:               -0.00283
Frequency of transition mode  -273.592 cm^-1 (negative value denotes imaginary frequency)
Crossover temperature for tunnelling       62.64938 K
Restarting L-BFGS optimiser, instance: dimer rotation
Next calculation will be the dimer  midpoint
dl-find/turbomole/=============================== Tstep:   88.5 Ttot:59788.7 ==
eandg
Spin: 
 Energy calculation finished, energy: -2.138679911E+03
Testing convergence of dimer midpoint in cycle  182
    Energy  2.9203E-05 Target: 1.0000E-06 converged?   no
  Max step  1.6940E-02 Target: 1.8000E-03 converged?   no component    34
  RMS step  3.2526E-03 Target: 1.2000E-03 converged?   no
  Max grad  2.5394E-04 Target: 4.5000E-04 converged?  yes component   245
  RMS grad  6.0015E-05 Target: 3.0000E-04 converged?  yes
Next calculation will be the dimer endpoint before rotation
dl-find/turbomole/=============================== Tstep:  124.1 Ttot:59912.9 ==
eandg
Spin: 
 Energy calculation finished, energy: -2.138679911E+03
Curvature at dimer midpoint                   -0.00287
Predicted dimer rotation angle:      3.873 deg
Next calculation will be the dimer endpoint after rotation
dl-find/turbomole/=============================== Tstep:  115.0 Ttot:60027.8 ==
eandg
Spin: 
 Energy calculation finished, energy: -2.138679911E+03
Curvature at dimer midpoint after rotation    -0.00219
Curvature at dimer minimum                    -0.00287
Actual dimer rotation angle:         0.140 deg
Dimer rotation converged after    1 steps
Writing TS-mode
Curvature after dimer rotation:               -0.00287
Frequency of transition mode  -275.210 cm^-1 (negative value denotes imaginary frequency)
Crossover temperature for tunnelling       63.01994 K
Restarting L-BFGS optimiser, instance: dimer rotation
Next calculation will be the dimer  midpoint
dl-find/turbomole/=============================== Tstep:   86.9 Ttot:60114.8 ==
eandg
Spin: 
 Energy calculation finished, energy: -2.138679924E+03
Testing convergence of dimer midpoint in cycle  183
    Energy  1.2614E-05 Target: 1.0000E-06 converged?   no
  Max step  3.9855E-02 Target: 1.8000E-03 converged?   no component    34
  RMS step  9.8850E-03 Target: 1.2000E-03 converged?   no
  Max grad  9.8356E-04 Target: 4.5000E-04 converged?   no component    83
  RMS grad  1.8417E-04 Target: 3.0000E-04 converged?  yes
Next calculation will be the dimer endpoint before rotation
dl-find/turbomole/=============================== Tstep:  129.9 Ttot:60244.7 ==
eandg
Spin: 
 Energy calculation finished, energy: -2.138679923E+03
Curvature at dimer midpoint                   -0.00292
Predicted dimer rotation angle:      4.879 deg
Next calculation will be the dimer endpoint after rotation
dl-find/turbomole/=============================== Tstep:  109.7 Ttot:60354.4 ==
eandg
Spin: 
 Energy calculation finished, energy: -2.138679923E+03
Curvature at dimer midpoint after rotation    -0.00116
Curvature at dimer minimum                    -0.00292
Actual dimer rotation angle:         0.113 deg
Dimer rotation converged after    1 steps
Writing TS-mode
Curvature after dimer rotation:               -0.00292
Frequency of transition mode  -277.851 cm^-1 (negative value denotes imaginary frequency)
Crossover temperature for tunnelling       63.62467 K
Restarting L-BFGS optimiser, instance: dimer rotation
Next calculation will be the dimer  midpoint
dl-find/turbomole/=============================== Tstep:   92.5 Ttot:60446.8 ==
eandg
Spin: 
 Energy calculation finished, energy: -2.138679922E+03
Testing convergence of dimer midpoint in cycle  184
    Energy  1.5270E-06 Target: 1.0000E-06 converged?   no
  Max step  1.3132E-02 Target: 1.8000E-03 converged?   no component   116
  RMS step  3.6101E-03 Target: 1.2000E-03 converged?   no
  Max grad  1.9380E-04 Target: 4.5000E-04 converged?  yes component    58
  RMS grad  5.2331E-05 Target: 3.0000E-04 converged?  yes
Next calculation will be the dimer endpoint before rotation
dl-find/turbomole/=============================== Tstep:  125.6 Ttot:60572.4 ==
eandg
Spin: 
 Energy calculation finished, energy: -2.138679927E+03
Curvature at dimer midpoint                   -0.00288
Predicted dimer rotation angle:      5.806 deg
Next calculation will be the dimer endpoint after rotation
dl-find/turbomole/=============================== Tstep:  110.3 Ttot:60682.7 ==
eandg
Spin: 
 Energy calculation finished, energy: -2.138679927E+03
Curvature at dimer midpoint after rotation    -0.00139
Curvature at dimer minimum                    -0.00288
Actual dimer rotation angle:         0.215 deg
Dimer rotation converged after    1 steps
Writing TS-mode
Curvature after dimer rotation:               -0.00288
Frequency of transition mode  -275.754 cm^-1 (negative value denotes imaginary frequency)
Crossover temperature for tunnelling       63.14456 K
Restarting L-BFGS optimiser, instance: dimer rotation
Next calculation will be the dimer  midpoint
dl-find/turbomole/=============================== Tstep:   92.8 Ttot:60775.4 ==
eandg
Spin: 
 Energy calculation finished, energy: -2.138679931E+03
Testing convergence of dimer midpoint in cycle  185
    Energy  8.7850E-06 Target: 1.0000E-06 converged?   no
  Max step  1.0640E-02 Target: 1.8000E-03 converged?   no component    40
  RMS step  3.1887E-03 Target: 1.2000E-03 converged?   no
  Max grad  1.6802E-04 Target: 4.5000E-04 converged?  yes component    88
  RMS grad  4.2823E-05 Target: 3.0000E-04 converged?  yes
Next calculation will be the dimer endpoint before rotation
dl-find/turbomole/=============================== Tstep:  120.2 Ttot:60895.7 ==
eandg
Spin: 
 Energy calculation finished, energy: -2.138679931E+03
Curvature at dimer midpoint                   -0.00292
Predicted dimer rotation angle:      5.981 deg
Next calculation will be the dimer endpoint after rotation
dl-find/turbomole/=============================== Tstep:  110.2 Ttot:61005.8 ==
eandg
Spin: 
 Energy calculation finished, energy: -2.138679931E+03
Curvature at dimer midpoint after rotation    -0.00033
Curvature at dimer minimum                    -0.00292
Actual dimer rotation angle:         0.142 deg
Dimer rotation converged after    1 steps
Writing TS-mode
Curvature after dimer rotation:               -0.00292
Frequency of transition mode  -277.936 cm^-1 (negative value denotes imaginary frequency)
Crossover temperature for tunnelling       63.64409 K
Restarting L-BFGS optimiser, instance: dimer rotation
Next calculation will be the dimer  midpoint
dl-find/turbomole/=============================== Tstep:   93.2 Ttot:61099.1 ==
eandg
Spin: 
 Energy calculation finished, energy: -2.138679943E+03
Testing convergence of dimer midpoint in cycle  186
    Energy  1.2184E-05 Target: 1.0000E-06 converged?   no
  Max step  2.1602E-02 Target: 1.8000E-03 converged?   no component    34
  RMS step  4.1380E-03 Target: 1.2000E-03 converged?   no
  Max grad  4.2395E-04 Target: 4.5000E-04 converged?  yes component    83
  RMS grad  6.1236E-05 Target: 3.0000E-04 converged?  yes
Next calculation will be the dimer endpoint before rotation
dl-find/turbomole/=============================== Tstep:  123.9 Ttot:61223.0 ==
eandg
Spin: 
 Energy calculation finished, energy: -2.138679943E+03
Curvature at dimer midpoint                   -0.00295
Predicted dimer rotation angle:      4.295 deg
Next calculation will be the dimer endpoint after rotation
dl-find/turbomole/=============================== Tstep:  115.4 Ttot:61338.4 ==
eandg
Spin: 
 Energy calculation finished, energy: -2.138679943E+03
Curvature at dimer midpoint after rotation    -0.00189
Curvature at dimer minimum                    -0.00295
Actual dimer rotation angle:         0.127 deg
Dimer rotation converged after    1 steps
Writing TS-mode
Curvature after dimer rotation:               -0.00295
Frequency of transition mode  -279.278 cm^-1 (negative value denotes imaginary frequency)
Crossover temperature for tunnelling       63.95155 K
Restarting L-BFGS optimiser, instance: dimer rotation
Next calculation will be the dimer  midpoint
dl-find/turbomole/=============================== Tstep:   73.4 Ttot:61411.8 ==
eandg
Spin: 
 Energy calculation finished, energy: -2.138679956E+03
Testing convergence of dimer midpoint in cycle  187
    Energy  1.3043E-05 Target: 1.0000E-06 converged?   no
  Max step  2.8600E-02 Target: 1.8000E-03 converged?   no component    34
  RMS step  5.8797E-03 Target: 1.2000E-03 converged?   no
  Max grad  3.9430E-04 Target: 4.5000E-04 converged?  yes component   218
  RMS grad  9.5837E-05 Target: 3.0000E-04 converged?  yes
Next calculation will be the dimer endpoint before rotation
dl-find/turbomole/=============================== Tstep:  127.0 Ttot:61538.9 ==
eandg
Spin: 
 Energy calculation finished, energy: -2.138679956E+03
Curvature at dimer midpoint                   -0.00298
Predicted dimer rotation angle:      4.095 deg
Next calculation will be the dimer endpoint after rotation
dl-find/turbomole/=============================== Tstep:  114.7 Ttot:61653.5 ==
eandg
Spin: 
 Energy calculation finished, energy: -2.138679956E+03
Curvature at dimer midpoint after rotation    -0.00195
Curvature at dimer minimum                    -0.00298
Actual dimer rotation angle:         0.114 deg
Dimer rotation converged after    1 steps
Writing TS-mode
Curvature after dimer rotation:               -0.00298
Frequency of transition mode  -280.818 cm^-1 (negative value denotes imaginary frequency)
Crossover temperature for tunnelling       64.30401 K
Restarting L-BFGS optimiser, instance: dimer rotation
Next calculation will be the dimer  midpoint
dl-find/turbomole/=============================== Tstep:   92.5 Ttot:61746.0 ==
eandg
Spin: 
 Energy calculation finished, energy: -2.138679966E+03
Testing convergence of dimer midpoint in cycle  188
    Energy  9.9660E-06 Target: 1.0000E-06 converged?   no
  Max step  2.1063E-02 Target: 1.8000E-03 converged?   no component    34
  RMS step  4.3031E-03 Target: 1.2000E-03 converged?   no
  Max grad  1.9262E-04 Target: 4.5000E-04 converged?  yes component    58
  RMS grad  4.7904E-05 Target: 3.0000E-04 converged?  yes
Next calculation will be the dimer endpoint before rotation
dl-find/turbomole/=============================== Tstep:  125.7 Ttot:61871.7 ==
eandg
Spin: 
 Energy calculation finished, energy: -2.138679966E+03
Curvature at dimer midpoint                   -0.00302
Predicted dimer rotation angle:      3.879 deg
Next calculation will be the dimer endpoint after rotation
dl-find/turbomole/=============================== Tstep:  114.7 Ttot:61986.4 ==
eandg
Spin: 
 Energy calculation finished, energy: -2.138679967E+03
Curvature at dimer midpoint after rotation    -0.00217
Curvature at dimer minimum                    -0.00302
Actual dimer rotation angle:         0.120 deg
Dimer rotation converged after    1 steps
Writing TS-mode
Curvature after dimer rotation:               -0.00302
Frequency of transition mode  -282.370 cm^-1 (negative value denotes imaginary frequency)
Crossover temperature for tunnelling       64.65950 K
Restarting L-BFGS optimiser, instance: dimer rotation
Next calculation will be the dimer  midpoint
dl-find/turbomole/=============================== Tstep:   88.0 Ttot:62074.4 ==
eandg
Spin: 
 Energy calculation finished, energy: -2.138679973E+03
Testing convergence of dimer midpoint in cycle  189
    Energy  6.7940E-06 Target: 1.0000E-06 converged?   no
  Max step  8.8493E-03 Target: 1.8000E-03 converged?   no component    34
  RMS step  2.4618E-03 Target: 1.2000E-03 converged?   no
  Max grad  1.3370E-04 Target: 4.5000E-04 converged?  yes component   232
  RMS grad  3.8577E-05 Target: 3.0000E-04 converged?  yes
Next calculation will be the dimer endpoint before rotation
dl-find/turbomole/=============================== Tstep:  120.7 Ttot:62195.1 ==
eandg
Spin: 
 Energy calculation finished, energy: -2.138679972E+03
Curvature at dimer midpoint                   -0.00303
Predicted dimer rotation angle:      4.035 deg
Next calculation will be the dimer endpoint after rotation
dl-find/turbomole/=============================== Tstep:  115.5 Ttot:62310.6 ==
eandg
Spin: 
 Energy calculation finished, energy: -2.138679971E+03
Curvature at dimer midpoint after rotation    -0.00200
Curvature at dimer minimum                    -0.00303
Actual dimer rotation angle:         0.112 deg
Dimer rotation converged after    1 steps
Writing TS-mode
Curvature after dimer rotation:               -0.00303
Frequency of transition mode  -283.139 cm^-1 (negative value denotes imaginary frequency)
Crossover temperature for tunnelling       64.83562 K
Restarting L-BFGS optimiser, instance: dimer rotation
Next calculation will be the dimer  midpoint
dl-find/turbomole/=============================== Tstep:   87.3 Ttot:62397.9 ==
eandg
Spin: 
 Energy calculation finished, energy: -2.138679973E+03
Testing convergence of dimer midpoint in cycle  190
    Energy  1.3300E-07 Target: 1.0000E-06 converged?  yes
  Max step  1.3656E-02 Target: 1.8000E-03 converged?   no component    37
  RMS step  3.1538E-03 Target: 1.2000E-03 converged?   no
  Max grad  2.6392E-04 Target: 4.5000E-04 converged?  yes component    83
  RMS grad  5.8287E-05 Target: 3.0000E-04 converged?  yes
Next calculation will be the dimer endpoint before rotation
dl-find/turbomole/=============================== Tstep:  120.7 Ttot:62518.6 ==
eandg
Spin: 
 Energy calculation finished, energy: -2.138679973E+03
Curvature at dimer midpoint                   -0.00305
Predicted dimer rotation angle:      3.728 deg
Next calculation will be the dimer endpoint after rotation
dl-find/turbomole/=============================== Tstep:  115.1 Ttot:62633.7 ==
eandg
Spin: 
 Energy calculation finished, energy: -2.138679973E+03
Curvature at dimer midpoint after rotation    -0.00227
Curvature at dimer minimum                    -0.00305
Actual dimer rotation angle:         0.117 deg
Dimer rotation converged after    1 steps
Writing TS-mode
Curvature after dimer rotation:               -0.00305
Frequency of transition mode  -283.922 cm^-1 (negative value denotes imaginary frequency)
Crossover temperature for tunnelling       65.01487 K
Restarting L-BFGS optimiser, instance: dimer rotation
Next calculation will be the dimer  midpoint
dl-find/turbomole/=============================== Tstep:   83.9 Ttot:62717.6 ==
eandg
Spin: 
 Energy calculation finished, energy: -2.138679981E+03
Testing convergence of dimer midpoint in cycle  191
    Energy  7.9880E-06 Target: 1.0000E-06 converged?   no
  Max step  2.2028E-02 Target: 1.8000E-03 converged?   no component    37
  RMS step  4.9546E-03 Target: 1.2000E-03 converged?   no
  Max grad  6.3152E-04 Target: 4.5000E-04 converged?   no component   253
  RMS grad  8.9233E-05 Target: 3.0000E-04 converged?  yes
Next calculation will be the dimer endpoint before rotation
dl-find/turbomole/=============================== Tstep:  121.1 Ttot:62838.7 ==
eandg
Spin: 
 Energy calculation finished, energy: -2.138679981E+03
Curvature at dimer midpoint                   -0.00305
Predicted dimer rotation angle:      4.327 deg
Next calculation will be the dimer endpoint after rotation
dl-find/turbomole/=============================== Tstep:  115.9 Ttot:62954.6 ==
eandg
Spin: 
 Energy calculation finished, energy: -2.138679981E+03
Curvature at dimer midpoint after rotation    -0.00193
Curvature at dimer minimum                    -0.00305
Actual dimer rotation angle:         0.127 deg
Dimer rotation converged after    1 steps
Writing TS-mode
Curvature after dimer rotation:               -0.00305
Frequency of transition mode  -283.938 cm^-1 (negative value denotes imaginary frequency)
Crossover temperature for tunnelling       65.01844 K
Restarting L-BFGS optimiser, instance: dimer rotation
Next calculation will be the dimer  midpoint
dl-find/turbomole/=============================== Tstep:   88.3 Ttot:63043.0 ==
eandg
Spin: 
 Energy calculation finished, energy: -2.138679989E+03
Testing convergence of dimer midpoint in cycle  192
    Energy  7.5160E-06 Target: 1.0000E-06 converged?   no
  Max step  8.3362E-03 Target: 1.8000E-03 converged?   no component    37
  RMS step  2.0768E-03 Target: 1.2000E-03 converged?   no
  Max grad  2.9376E-04 Target: 4.5000E-04 converged?  yes component   253
  RMS grad  5.1057E-05 Target: 3.0000E-04 converged?  yes
Next calculation will be the dimer endpoint before rotation
dl-find/turbomole/=============================== Tstep:  115.8 Ttot:63158.8 ==
eandg
Spin: 
 Energy calculation finished, energy: -2.138679988E+03
Curvature at dimer midpoint                   -0.00305
Predicted dimer rotation angle:      4.152 deg
Next calculation will be the dimer endpoint after rotation
dl-find/turbomole/=============================== Tstep:  109.7 Ttot:63268.5 ==
eandg
Spin: 
 Energy calculation finished, energy: -2.138679988E+03
Curvature at dimer midpoint after rotation    -0.00184
Curvature at dimer minimum                    -0.00305
Actual dimer rotation angle:         0.105 deg
Dimer rotation converged after    1 steps
Writing TS-mode
Curvature after dimer rotation:               -0.00305
Frequency of transition mode  -283.881 cm^-1 (negative value denotes imaginary frequency)
Crossover temperature for tunnelling       65.00556 K
Restarting L-BFGS optimiser, instance: dimer rotation
Next calculation will be the dimer  midpoint
dl-find/turbomole/=============================== Tstep:   85.2 Ttot:63353.8 ==
eandg
Spin: 
 Energy calculation finished, energy: -2.138680000E+03
Testing convergence of dimer midpoint in cycle  193
    Energy  1.1070E-05 Target: 1.0000E-06 converged?   no
  Max step  2.3419E-02 Target: 1.8000E-03 converged?   no component    40
  RMS step  6.9367E-03 Target: 1.2000E-03 converged?   no
  Max grad  1.9069E-04 Target: 4.5000E-04 converged?  yes component    60
  RMS grad  4.5586E-05 Target: 3.0000E-04 converged?  yes
Next calculation will be the dimer endpoint before rotation
dl-find/turbomole/=============================== Tstep:  128.1 Ttot:63481.9 ==
eandg
Spin: 
 Energy calculation finished, energy: -2.138680006E+03
Curvature at dimer midpoint                   -0.00308
Predicted dimer rotation angle:      5.654 deg
Next calculation will be the dimer endpoint after rotation
dl-find/turbomole/=============================== Tstep:  113.7 Ttot:63595.5 ==
eandg
Spin: 
 Energy calculation finished, energy: -2.138680004E+03
Curvature at dimer midpoint after rotation    -0.00189
Curvature at dimer minimum                    -0.00308
Actual dimer rotation angle:         0.261 deg
Dimer rotation converged after    1 steps
Writing TS-mode
Curvature after dimer rotation:               -0.00308
Frequency of transition mode  -285.244 cm^-1 (negative value denotes imaginary frequency)
Crossover temperature for tunnelling       65.31748 K
Restarting L-BFGS optimiser, instance: dimer rotation
Next calculation will be the dimer  midpoint
dl-find/turbomole/=============================== Tstep:   88.2 Ttot:63683.8 ==
eandg
Spin: 
 Energy calculation finished, energy: -2.138680014E+03
Testing convergence of dimer midpoint in cycle  194
    Energy  1.3686E-05 Target: 1.0000E-06 converged?   no
  Max step  1.4393E-02 Target: 1.8000E-03 converged?   no component    37
  RMS step  3.9689E-03 Target: 1.2000E-03 converged?   no
  Max grad  2.2953E-04 Target: 4.5000E-04 converged?  yes component   218
  RMS grad  5.4181E-05 Target: 3.0000E-04 converged?  yes
Next calculation will be the dimer endpoint before rotation
dl-find/turbomole/=============================== Tstep:  114.8 Ttot:63798.6 ==
eandg
Spin: 
 Energy calculation finished, energy: -2.138680011E+03
Curvature at dimer midpoint                   -0.00303
Predicted dimer rotation angle:      7.192 deg
Next calculation will be the dimer endpoint after rotation
dl-find/turbomole/=============================== Tstep:  108.7 Ttot:63907.2 ==
eandg
Spin: 
 Energy calculation finished, energy: -2.138680011E+03
Curvature at dimer midpoint after rotation     0.00070
Curvature at dimer minimum                    -0.00303
Actual dimer rotation angle:         0.178 deg
Dimer rotation converged after    1 steps
Writing TS-mode
Curvature after dimer rotation:               -0.00303
Frequency of transition mode  -282.930 cm^-1 (negative value denotes imaginary frequency)
Crossover temperature for tunnelling       64.78774 K
Restarting L-BFGS optimiser, instance: dimer rotation
Next calculation will be the dimer  midpoint
dl-find/turbomole/=============================== Tstep:   90.5 Ttot:63997.8 ==
eandg
Spin: 
 Energy calculation finished, energy: -2.138680017E+03
Testing convergence of dimer midpoint in cycle  195
    Energy  3.4440E-06 Target: 1.0000E-06 converged?   no
  Max step  4.7954E-02 Target: 1.8000E-03 converged?   no component    37
  RMS step  1.2744E-02 Target: 1.2000E-03 converged?   no
  Max grad  6.2958E-04 Target: 4.5000E-04 converged?   no component   253
  RMS grad  1.0684E-04 Target: 3.0000E-04 converged?  yes
Next calculation will be the dimer endpoint before rotation
dl-find/turbomole/=============================== Tstep:  118.7 Ttot:64116.5 ==
eandg
Spin: 
 Energy calculation finished, energy: -2.138680017E+03
Curvature at dimer midpoint                   -0.00299
Predicted dimer rotation angle:      4.513 deg
Next calculation will be the dimer endpoint after rotation
dl-find/turbomole/=============================== Tstep:  115.2 Ttot:64231.7 ==
eandg
Spin: 
 Energy calculation finished, energy: -2.138680017E+03
Curvature at dimer midpoint after rotation    -0.00144
Curvature at dimer minimum                    -0.00299
Actual dimer rotation angle:         0.104 deg
Dimer rotation converged after    1 steps
Writing TS-mode
Curvature after dimer rotation:               -0.00299
Frequency of transition mode  -281.279 cm^-1 (negative value denotes imaginary frequency)
Crossover temperature for tunnelling       64.40957 K
Restarting L-BFGS optimiser, instance: dimer rotation
Next calculation will be the dimer  midpoint
dl-find/turbomole/=============================== Tstep:   89.4 Ttot:64321.0 ==
eandg
Spin: 
 Energy calculation finished, energy: -2.138679999E+03
Testing convergence of dimer midpoint in cycle  196
    Energy  1.7485E-05 Target: 1.0000E-06 converged?   no
  Max step  3.5144E-02 Target: 1.8000E-03 converged?   no component    37
  RMS step  9.1740E-03 Target: 1.2000E-03 converged?   no
  Max grad  2.8950E-04 Target: 4.5000E-04 converged?  yes component    68
  RMS grad  6.9362E-05 Target: 3.0000E-04 converged?  yes
Next calculation will be the dimer endpoint before rotation
dl-find/turbomole/=============================== Tstep:  117.5 Ttot:64438.5 ==
eandg
Spin: 
 Energy calculation finished, energy: -2.138680004E+03
Curvature at dimer midpoint                   -0.00293
Predicted dimer rotation angle:      4.163 deg
Next calculation will be the dimer endpoint after rotation
dl-find/turbomole/=============================== Tstep:  109.0 Ttot:64547.5 ==
eandg
Spin: 
 Energy calculation finished, energy: -2.138680004E+03
Curvature at dimer midpoint after rotation    -0.00225
Curvature at dimer minimum                    -0.00293
Actual dimer rotation angle:         0.174 deg
Dimer rotation converged after    1 steps
Writing TS-mode
Curvature after dimer rotation:               -0.00293
Frequency of transition mode  -278.328 cm^-1 (negative value denotes imaginary frequency)
Crossover temperature for tunnelling       63.73397 K
Restarting L-BFGS optimiser, instance: dimer rotation
Next calculation will be the dimer  midpoint
dl-find/turbomole/=============================== Tstep:   87.7 Ttot:64635.2 ==
eandg
Spin: 
 Energy calculation finished, energy: -2.138680011E+03
Testing convergence of dimer midpoint in cycle  197
    Energy  1.1440E-05 Target: 1.0000E-06 converged?   no
  Max step  9.5295E-03 Target: 1.8000E-03 converged?   no component    37
  RMS step  2.0795E-03 Target: 1.2000E-03 converged?   no
  Max grad  2.0375E-04 Target: 4.5000E-04 converged?  yes component    68
  RMS grad  5.5261E-05 Target: 3.0000E-04 converged?  yes
Next calculation will be the dimer endpoint before rotation
dl-find/turbomole/=============================== Tstep:  113.3 Ttot:64748.5 ==
eandg
Spin: 
 Energy calculation finished, energy: -2.138680011E+03
Curvature at dimer midpoint                   -0.00296
Predicted dimer rotation angle:      4.678 deg
Next calculation will be the dimer endpoint after rotation
dl-find/turbomole/=============================== Tstep:  112.0 Ttot:64860.5 ==
eandg
Spin: 
 Energy calculation finished, energy: -2.138680011E+03
Curvature at dimer midpoint after rotation    -0.00120
Curvature at dimer minimum                    -0.00297
Actual dimer rotation angle:         0.101 deg
Dimer rotation converged after    1 steps
Writing TS-mode
Curvature after dimer rotation:               -0.00297
Frequency of transition mode  -279.912 cm^-1 (negative value denotes imaginary frequency)
Crossover temperature for tunnelling       64.09653 K
Restarting L-BFGS optimiser, instance: dimer rotation
Next calculation will be the dimer  midpoint
dl-find/turbomole/=============================== Tstep:   92.2 Ttot:64952.7 ==
eandg
Spin: 
 Energy calculation finished, energy: -2.138680313E+03
Testing convergence of dimer midpoint in cycle  198
    Energy  3.0241E-04 Target: 1.0000E-06 converged?   no
  Max step  3.5772E-02 Target: 1.8000E-03 converged?   no component    37
  RMS step  7.7889E-03 Target: 1.2000E-03 converged?   no
  Max grad  3.4787E-04 Target: 4.5000E-04 converged?  yes component    59
  RMS grad  7.6627E-05 Target: 3.0000E-04 converged?  yes
Next calculation will be the dimer endpoint before rotation
dl-find/turbomole/=============================== Tstep:  135.2 Ttot:65088.0 ==
eandg
Spin: 
 Energy calculation finished, energy: -2.138680315E+03
Curvature at dimer midpoint                   -0.00295
Predicted dimer rotation angle:      3.266 deg
Next calculation will be the dimer endpoint after rotation
dl-find/turbomole/=============================== Tstep:  114.4 Ttot:65202.3 ==
eandg
Spin: 
 Energy calculation finished, energy: -2.138680315E+03
Curvature at dimer midpoint after rotation    -0.00245
Curvature at dimer minimum                    -0.00295
Actual dimer rotation angle:         0.117 deg
Dimer rotation converged after    1 steps
Writing TS-mode
Curvature after dimer rotation:               -0.00295
Frequency of transition mode  -279.101 cm^-1 (negative value denotes imaginary frequency)
Crossover temperature for tunnelling       63.91081 K
Restarting L-BFGS optimiser, instance: dimer rotation
Next calculation will be the dimer  midpoint
dl-find/turbomole/=============================== Tstep:   88.0 Ttot:65290.3 ==
eandg
Spin: 
 Energy calculation finished, energy: -2.138680341E+03
Testing convergence of dimer midpoint in cycle  199
    Energy  2.7551E-05 Target: 1.0000E-06 converged?   no
  Max step  7.6735E-02 Target: 1.8000E-03 converged?   no component    37
  RMS step  1.7816E-02 Target: 1.2000E-03 converged?   no
  Max grad  4.8966E-04 Target: 4.5000E-04 converged?   no component   218
  RMS grad  1.1068E-04 Target: 3.0000E-04 converged?  yes
Next calculation will be the dimer endpoint before rotation
dl-find/turbomole/=============================== Tstep:  130.0 Ttot:65420.3 ==
eandg
Spin: 
 Energy calculation finished, energy: -2.138680342E+03
Curvature at dimer midpoint                   -0.00294
Predicted dimer rotation angle:      3.693 deg
Next calculation will be the dimer endpoint after rotation
dl-find/turbomole/=============================== Tstep:  115.6 Ttot:65536.0 ==
eandg
Spin: 
 Energy calculation finished, energy: -2.138680342E+03
Curvature at dimer midpoint after rotation    -0.00194
Curvature at dimer minimum                    -0.00294
Actual dimer rotation angle:         0.086 deg
Dimer rotation converged after    1 steps
Writing TS-mode
Curvature after dimer rotation:               -0.00294
Frequency of transition mode  -278.704 cm^-1 (negative value denotes imaginary frequency)
Crossover temperature for tunnelling       63.82003 K
Restarting L-BFGS optimiser, instance: dimer rotation
Next calculation will be the dimer  midpoint
dl-find/turbomole/=============================== Tstep:   73.8 Ttot:65609.8 ==
eandg
Spin: 
 Energy calculation finished, energy: -2.138680350E+03
Testing convergence of dimer midpoint in cycle  200
    Energy  8.6580E-06 Target: 1.0000E-06 converged?   no
  Max step  6.7971E-03 Target: 1.8000E-03 converged?   no component    37
  RMS step  1.8655E-03 Target: 1.2000E-03 converged?   no
  Max grad  2.3456E-04 Target: 4.5000E-04 converged?  yes component    43
  RMS grad  6.7004E-05 Target: 3.0000E-04 converged?  yes
Next calculation will be the dimer endpoint before rotation
dl-find/turbomole/=============================== Tstep:  118.4 Ttot:65728.2 ==
eandg
Spin: 
 Energy calculation finished, energy: -2.138680351E+03
Curvature at dimer midpoint                   -0.00292
Predicted dimer rotation angle:      2.970 deg
Next calculation will be the dimer endpoint after rotation
dl-find/turbomole/=============================== Tstep:  111.4 Ttot:65839.6 ==
eandg
Spin: 
 Energy calculation finished, energy: -2.138680351E+03
Curvature at dimer midpoint after rotation    -0.00248
Curvature at dimer minimum                    -0.00293
Actual dimer rotation angle:         0.098 deg
Dimer rotation converged after    1 steps
Writing TS-mode
Curvature after dimer rotation:               -0.00293
Frequency of transition mode  -278.018 cm^-1 (negative value denotes imaginary frequency)
Crossover temperature for tunnelling       63.66291 K
Restarting L-BFGS optimiser, instance: dimer rotation
Next calculation will be the dimer  midpoint
dl-find/turbomole/=============================== Tstep:   82.1 Ttot:65921.8 ==
eandg
Spin: 
 Energy calculation finished, energy: -2.138680364E+03
Testing convergence of dimer midpoint in cycle  201
    Energy  1.4112E-05 Target: 1.0000E-06 converged?   no
  Max step  1.9487E-02 Target: 1.8000E-03 converged?   no component   188
  RMS step  5.3678E-03 Target: 1.2000E-03 converged?   no
  Max grad  2.2392E-04 Target: 4.5000E-04 converged?  yes component    68
  RMS grad  5.9283E-05 Target: 3.0000E-04 converged?  yes
Next calculation will be the dimer endpoint before rotation
dl-find/turbomole/=============================== Tstep:  123.7 Ttot:66045.5 ==
eandg
Spin: 
 Energy calculation finished, energy: -2.138680365E+03
Curvature at dimer midpoint                   -0.00290
Predicted dimer rotation angle:      3.503 deg
Next calculation will be the dimer endpoint after rotation
dl-find/turbomole/=============================== Tstep:  114.9 Ttot:66160.3 ==
eandg
Spin: 
 Energy calculation finished, energy: -2.138680365E+03
Curvature at dimer midpoint after rotation    -0.00199
Curvature at dimer minimum                    -0.00290
Actual dimer rotation angle:         0.080 deg
Dimer rotation converged after    1 steps
Writing TS-mode
Curvature after dimer rotation:               -0.00290
Frequency of transition mode  -276.851 cm^-1 (negative value denotes imaginary frequency)
Crossover temperature for tunnelling       63.39566 K
Restarting L-BFGS optimiser, instance: dimer rotation
Next calculation will be the dimer  midpoint
dl-find/turbomole/=============================== Tstep:   74.1 Ttot:66234.4 ==
eandg
Spin: 
 Energy calculation finished, energy: -2.138680375E+03
Testing convergence of dimer midpoint in cycle  202
    Energy  1.0909E-05 Target: 1.0000E-06 converged?   no
  Max step  3.0801E-02 Target: 1.8000E-03 converged?   no component    37
  RMS step  7.4596E-03 Target: 1.2000E-03 converged?   no
  Max grad  3.2029E-04 Target: 4.5000E-04 converged?  yes component   218
  RMS grad  6.7960E-05 Target: 3.0000E-04 converged?  yes
Next calculation will be the dimer endpoint before rotation
dl-find/turbomole/=============================== Tstep:  116.4 Ttot:66350.8 ==
eandg
Spin: 
 Energy calculation finished, energy: -2.138680376E+03
Curvature at dimer midpoint                   -0.00287
Predicted dimer rotation angle:      2.827 deg
Next calculation will be the dimer endpoint after rotation
dl-find/turbomole/=============================== Tstep:  111.8 Ttot:66462.6 ==
eandg
Spin: 
 Energy calculation finished, energy: -2.138680376E+03
Curvature at dimer midpoint after rotation    -0.00252
Curvature at dimer minimum                    -0.00287
Actual dimer rotation angle:         0.104 deg
Dimer rotation converged after    1 steps
Writing TS-mode
Curvature after dimer rotation:               -0.00287
Frequency of transition mode  -275.363 cm^-1 (negative value denotes imaginary frequency)
Crossover temperature for tunnelling       63.05485 K
Restarting L-BFGS optimiser, instance: dimer rotation
Next calculation will be the dimer  midpoint
dl-find/turbomole/=============================== Tstep:   82.4 Ttot:66544.9 ==
eandg
Spin: 
 Energy calculation finished, energy: -2.138680394E+03
Testing convergence of dimer midpoint in cycle  203
    Energy  1.9301E-05 Target: 1.0000E-06 converged?   no
  Max step  9.9971E-02 Target: 1.8000E-03 converged?   no component    37
  RMS step  2.2308E-02 Target: 1.2000E-03 converged?   no
  Max grad  9.9062E-04 Target: 4.5000E-04 converged?   no component    50
  RMS grad  1.6886E-04 Target: 3.0000E-04 converged?  yes
Next calculation will be the dimer endpoint before rotation
dl-find/turbomole/=============================== Tstep:  131.7 Ttot:66676.6 ==
eandg
Spin: 
 Energy calculation finished, energy: -2.138680397E+03
Curvature at dimer midpoint                   -0.00283
Predicted dimer rotation angle:      3.895 deg
Next calculation will be the dimer endpoint after rotation
dl-find/turbomole/=============================== Tstep:  112.6 Ttot:66789.2 ==
eandg
Spin: 
 Energy calculation finished, energy: -2.138680397E+03
Curvature at dimer midpoint after rotation    -0.00168
Curvature at dimer minimum                    -0.00283
Actual dimer rotation angle:         0.085 deg
Dimer rotation converged after    1 steps
Writing TS-mode
Curvature after dimer rotation:               -0.00283
Frequency of transition mode  -273.432 cm^-1 (negative value denotes imaginary frequency)
Crossover temperature for tunnelling       62.61269 K
Restarting L-BFGS optimiser, instance: dimer rotation
Next calculation will be the dimer  midpoint
dl-find/turbomole/=============================== Tstep:   88.8 Ttot:66878.0 ==
eandg
Spin: 
 Energy calculation finished, energy: -2.138680396E+03
Testing convergence of dimer midpoint in cycle  204
    Energy  2.2280E-06 Target: 1.0000E-06 converged?   no
  Max step  3.0028E-02 Target: 1.8000E-03 converged?   no component    37
  RMS step  6.3998E-03 Target: 1.2000E-03 converged?   no
  Max grad  3.0360E-04 Target: 4.5000E-04 converged?  yes component   218
  RMS grad  7.4769E-05 Target: 3.0000E-04 converged?  yes
Next calculation will be the dimer endpoint before rotation
dl-find/turbomole/=============================== Tstep:  116.2 Ttot:66994.3 ==
eandg
Spin: 
 Energy calculation finished, energy: -2.138680399E+03
Curvature at dimer midpoint                   -0.00281
Predicted dimer rotation angle:      3.085 deg
Next calculation will be the dimer endpoint after rotation
dl-find/turbomole/=============================== Tstep:  111.9 Ttot:67106.2 ==
eandg
Spin: 
 Energy calculation finished, energy: -2.138680399E+03
Curvature at dimer midpoint after rotation    -0.00238
Curvature at dimer minimum                    -0.00281
Actual dimer rotation angle:         0.109 deg
Dimer rotation converged after    1 steps
Writing TS-mode
Curvature after dimer rotation:               -0.00281
Frequency of transition mode  -272.367 cm^-1 (negative value denotes imaginary frequency)
Crossover temperature for tunnelling       62.36883 K
Restarting L-BFGS optimiser, instance: dimer rotation
Next calculation will be the dimer  midpoint
dl-find/turbomole/=============================== Tstep:   83.3 Ttot:67189.4 ==
eandg
Spin: 
 Energy calculation finished, energy: -2.138680400E+03
Testing convergence of dimer midpoint in cycle  205
    Energy  3.8660E-06 Target: 1.0000E-06 converged?   no
  Max step  9.3387E-03 Target: 1.8000E-03 converged?   no component    87
  RMS step  2.2863E-03 Target: 1.2000E-03 converged?   no
  Max grad  2.1925E-04 Target: 4.5000E-04 converged?  yes component    92
  RMS grad  6.5469E-05 Target: 3.0000E-04 converged?  yes
Next calculation will be the dimer endpoint before rotation
dl-find/turbomole/=============================== Tstep:  120.6 Ttot:67310.0 ==
eandg
Spin: 
 Energy calculation finished, energy: -2.138680403E+03
Curvature at dimer midpoint                   -0.00281
Predicted dimer rotation angle:      3.715 deg
Next calculation will be the dimer endpoint after rotation
dl-find/turbomole/=============================== Tstep:  111.9 Ttot:67421.9 ==
eandg
Spin: 
 Energy calculation finished, energy: -2.138680402E+03
Curvature at dimer midpoint after rotation    -0.00175
Curvature at dimer minimum                    -0.00281
Actual dimer rotation angle:         0.079 deg
Dimer rotation converged after    1 steps
Writing TS-mode
Curvature after dimer rotation:               -0.00281
Frequency of transition mode  -272.421 cm^-1 (negative value denotes imaginary frequency)
Crossover temperature for tunnelling       62.38121 K
Restarting L-BFGS optimiser, instance: dimer rotation
Next calculation will be the dimer  midpoint
dl-find/turbomole/=============================== Tstep:   87.5 Ttot:67509.4 ==
eandg
Spin: 
 Energy calculation finished, energy: -2.138680455E+03
Testing convergence of dimer midpoint in cycle  206
    Energy  5.5327E-05 Target: 1.0000E-06 converged?   no
  Max step  4.1381E-02 Target: 1.8000E-03 converged?   no component    37
  RMS step  8.6451E-03 Target: 1.2000E-03 converged?   no
  Max grad  3.0012E-04 Target: 4.5000E-04 converged?  yes component    92
  RMS grad  7.5262E-05 Target: 3.0000E-04 converged?  yes
Next calculation will be the dimer endpoint before rotation
dl-find/turbomole/=============================== Tstep:  123.0 Ttot:67632.4 ==
eandg
Spin: 
 Energy calculation finished, energy: -2.138680458E+03
Curvature at dimer midpoint                   -0.00280
Predicted dimer rotation angle:      3.054 deg
Next calculation will be the dimer endpoint after rotation
dl-find/turbomole/=============================== Tstep:  114.8 Ttot:67747.2 ==
eandg
Spin: 
 Energy calculation finished, energy: -2.138680458E+03
Curvature at dimer midpoint after rotation    -0.00230
Curvature at dimer minimum                    -0.00280
Actual dimer rotation angle:         0.092 deg
Dimer rotation converged after    1 steps
Writing TS-mode
Curvature after dimer rotation:               -0.00280
Frequency of transition mode  -272.197 cm^-1 (negative value denotes imaginary frequency)
Crossover temperature for tunnelling       62.32990 K
Restarting L-BFGS optimiser, instance: dimer rotation
Next calculation will be the dimer  midpoint
dl-find/turbomole/=============================== Tstep:   73.4 Ttot:67820.7 ==
eandg
Spin: 
 Energy calculation finished, energy: -2.138680468E+03
Testing convergence of dimer midpoint in cycle  207
    Energy  1.2838E-05 Target: 1.0000E-06 converged?   no
  Max step  5.5149E-02 Target: 1.8000E-03 converged?   no component    37
  RMS step  1.2620E-02 Target: 1.2000E-03 converged?   no
  Max grad  8.1652E-04 Target: 4.5000E-04 converged?   no component   218
  RMS grad  1.5673E-04 Target: 3.0000E-04 converged?  yes
Next calculation will be the dimer endpoint before rotation
dl-find/turbomole/=============================== Tstep:  120.3 Ttot:67940.9 ==
eandg
Spin: 
 Energy calculation finished, energy: -2.138680472E+03
Curvature at dimer midpoint                   -0.00275
Predicted dimer rotation angle:      3.635 deg
Next calculation will be the dimer endpoint after rotation
dl-find/turbomole/=============================== Tstep:  114.9 Ttot:68055.8 ==
eandg
Spin: 
 Energy calculation finished, energy: -2.138680476E+03
Curvature at dimer midpoint after rotation    -0.00202
Curvature at dimer minimum                    -0.00275
Actual dimer rotation angle:         0.104 deg
Dimer rotation converged after    1 steps
Writing TS-mode
Curvature after dimer rotation:               -0.00275
Frequency of transition mode  -269.776 cm^-1 (negative value denotes imaginary frequency)
Crossover temperature for tunnelling       61.77563 K
Restarting L-BFGS optimiser, instance: dimer rotation
Next calculation will be the dimer  midpoint
dl-find/turbomole/=============================== Tstep:   88.6 Ttot:68144.4 ==
eandg
Spin: 
 Energy calculation finished, energy: -2.138680484E+03
Testing convergence of dimer midpoint in cycle  208
    Energy  1.5406E-05 Target: 1.0000E-06 converged?   no
  Max step  3.3421E-02 Target: 1.8000E-03 converged?   no component    37
  RMS step  7.0036E-03 Target: 1.2000E-03 converged?   no
  Max grad  2.7819E-04 Target: 4.5000E-04 converged?  yes component   218
  RMS grad  6.8549E-05 Target: 3.0000E-04 converged?  yes
Next calculation will be the dimer endpoint before rotation
dl-find/turbomole/=============================== Tstep:  118.8 Ttot:68263.3 ==
eandg
Spin: 
 Energy calculation finished, energy: -2.138680487E+03
Curvature at dimer midpoint                   -0.00276
Predicted dimer rotation angle:      3.621 deg
Next calculation will be the dimer endpoint after rotation
dl-find/turbomole/=============================== Tstep:  115.1 Ttot:68378.3 ==
eandg
Spin: 
 Energy calculation finished, energy: -2.138680487E+03
Curvature at dimer midpoint after rotation    -0.00179
Curvature at dimer minimum                    -0.00276
Actual dimer rotation angle:         0.079 deg
Dimer rotation converged after    1 steps
Writing TS-mode
Curvature after dimer rotation:               -0.00276
Frequency of transition mode  -270.170 cm^-1 (negative value denotes imaginary frequency)
Crossover temperature for tunnelling       61.86574 K
Restarting L-BFGS optimiser, instance: dimer rotation
Next calculation will be the dimer  midpoint
dl-find/turbomole/=============================== Tstep:   86.6 Ttot:68464.9 ==
eandg
Spin: 
 Energy calculation finished, energy: -2.138680487E+03
Testing convergence of dimer midpoint in cycle  209
    Energy  3.7140E-06 Target: 1.0000E-06 converged?   no
  Max step  1.2226E-02 Target: 1.8000E-03 converged?   no component    34
  RMS step  3.2387E-03 Target: 1.2000E-03 converged?   no
  Max grad  1.8448E-04 Target: 4.5000E-04 converged?  yes component   157
  RMS grad  5.7412E-05 Target: 3.0000E-04 converged?  yes
Next calculation will be the dimer endpoint before rotation
dl-find/turbomole/=============================== Tstep:  121.4 Ttot:68586.3 ==
eandg
Spin: 
 Energy calculation finished, energy: -2.138680491E+03
Curvature at dimer midpoint                   -0.00274
Predicted dimer rotation angle:      2.941 deg
Next calculation will be the dimer endpoint after rotation
dl-find/turbomole/=============================== Tstep:  114.1 Ttot:68700.4 ==
eandg
Spin: 
 Energy calculation finished, energy: -2.138680492E+03
Curvature at dimer midpoint after rotation    -0.00236
Curvature at dimer minimum                    -0.00274
Actual dimer rotation angle:         0.106 deg
Dimer rotation converged after    1 steps
Writing TS-mode
Curvature after dimer rotation:               -0.00274
Frequency of transition mode  -268.891 cm^-1 (negative value denotes imaginary frequency)
Crossover temperature for tunnelling       61.57297 K
Restarting L-BFGS optimiser, instance: dimer rotation
Next calculation will be the dimer  midpoint
dl-find/turbomole/=============================== Tstep:   87.8 Ttot:68788.2 ==
eandg
Spin: 
 Energy calculation finished, energy: -2.138680503E+03
Testing convergence of dimer midpoint in cycle  210
    Energy  1.5595E-05 Target: 1.0000E-06 converged?   no
  Max step  2.5225E-02 Target: 1.8000E-03 converged?   no component    37
  RMS step  5.8582E-03 Target: 1.2000E-03 converged?   no
  Max grad  2.8305E-04 Target: 4.5000E-04 converged?  yes component   218
  RMS grad  7.0109E-05 Target: 3.0000E-04 converged?  yes
Next calculation will be the dimer endpoint before rotation
dl-find/turbomole/=============================== Tstep:  121.5 Ttot:68909.6 ==
eandg
Spin: 
 Energy calculation finished, energy: -2.138680507E+03
Curvature at dimer midpoint                   -0.00277
Predicted dimer rotation angle:      3.643 deg
Next calculation will be the dimer endpoint after rotation
dl-find/turbomole/=============================== Tstep:  114.0 Ttot:69023.7 ==
eandg
Spin: 
 Energy calculation finished, energy: -2.138680506E+03
Curvature at dimer midpoint after rotation    -0.00165
Curvature at dimer minimum                    -0.00277
Actual dimer rotation angle:         0.070 deg
Dimer rotation converged after    1 steps
Writing TS-mode
Curvature after dimer rotation:               -0.00277
Frequency of transition mode  -270.416 cm^-1 (negative value denotes imaginary frequency)
Crossover temperature for tunnelling       61.92226 K
Restarting L-BFGS optimiser, instance: dimer rotation
Next calculation will be the dimer  midpoint
dl-find/turbomole/=============================== Tstep:   87.7 Ttot:69111.4 ==
eandg
Spin: 
 Energy calculation finished, energy: -2.138680512E+03
Testing convergence of dimer midpoint in cycle  211
    Energy  8.7200E-06 Target: 1.0000E-06 converged?   no
  Max step  3.9464E-02 Target: 1.8000E-03 converged?   no component    13
  RMS step  9.0101E-03 Target: 1.2000E-03 converged?   no
  Max grad  5.2211E-04 Target: 4.5000E-04 converged?   no component    43
  RMS grad  9.6117E-05 Target: 3.0000E-04 converged?  yes
Next calculation will be the dimer endpoint before rotation
dl-find/turbomole/=============================== Tstep:  128.9 Ttot:69240.3 ==
eandg
Spin: 
 Energy calculation finished, energy: -2.138680515E+03
Curvature at dimer midpoint                   -0.00279
Predicted dimer rotation angle:      7.666 deg
Next calculation will be the dimer endpoint after rotation
dl-find/turbomole/=============================== Tstep:  117.4 Ttot:69357.8 ==
eandg
Spin: 
 Energy calculation finished, energy: -2.138680534E+03
Curvature at dimer midpoint after rotation    -0.00141
Curvature at dimer minimum                    -0.00280
Actual dimer rotation angle:         0.491 deg
Dimer rotation converged after    1 steps
Writing TS-mode
Curvature after dimer rotation:               -0.00280
Frequency of transition mode  -272.069 cm^-1 (negative value denotes imaginary frequency)
Crossover temperature for tunnelling       62.30062 K
Restarting L-BFGS optimiser, instance: dimer rotation
Next calculation will be the dimer  midpoint
dl-find/turbomole/=============================== Tstep:   91.3 Ttot:69449.0 ==
eandg
Spin: 
 Energy calculation finished, energy: -2.138680526E+03
Testing convergence of dimer midpoint in cycle  212
    Energy  1.4217E-05 Target: 1.0000E-06 converged?   no
  Max step  7.5808E-02 Target: 1.8000E-03 converged?   no component    37
  RMS step  1.7869E-02 Target: 1.2000E-03 converged?   no
  Max grad  5.4604E-04 Target: 4.5000E-04 converged?   no component   190
  RMS grad  1.3262E-04 Target: 3.0000E-04 converged?  yes
Next calculation will be the dimer endpoint before rotation
dl-find/turbomole/=============================== Tstep:  123.4 Ttot:69572.4 ==
eandg
Spin: 
 Energy calculation finished, energy: -2.138680529E+03
Curvature at dimer midpoint                   -0.00278
Predicted dimer rotation angle:      8.094 deg
Next calculation will be the dimer endpoint after rotation
dl-find/turbomole/=============================== Tstep:  111.5 Ttot:69683.9 ==
eandg
Spin: 
 Energy calculation finished, energy: -2.138680528E+03
Curvature at dimer midpoint after rotation     0.00104
Curvature at dimer minimum                    -0.00278
Actual dimer rotation angle:         0.227 deg
Dimer rotation converged after    1 steps
Writing TS-mode
Curvature after dimer rotation:               -0.00278
Frequency of transition mode  -271.009 cm^-1 (negative value denotes imaginary frequency)
Crossover temperature for tunnelling       62.05785 K
Restarting L-BFGS optimiser, instance: dimer rotation
Next calculation will be the dimer  midpoint
dl-find/turbomole/=============================== Tstep:   94.4 Ttot:69778.2 ==
eandg
Spin: 
 Energy calculation finished, energy: -2.138680535E+03
Testing convergence of dimer midpoint in cycle  213
    Energy  9.1340E-06 Target: 1.0000E-06 converged?   no
  Max step  1.0364E-02 Target: 1.8000E-03 converged?   no component    13
  RMS step  2.4146E-03 Target: 1.2000E-03 converged?   no
  Max grad  1.6911E-04 Target: 4.5000E-04 converged?  yes component     9
  RMS grad  6.1581E-05 Target: 3.0000E-04 converged?  yes
Next calculation will be the dimer endpoint before rotation
dl-find/turbomole/=============================== Tstep:  125.6 Ttot:69903.8 ==
eandg
Spin: 
 Energy calculation finished, energy: -2.138680537E+03
Curvature at dimer midpoint                   -0.00282
Predicted dimer rotation angle:      6.681 deg
Next calculation will be the dimer endpoint after rotation
dl-find/turbomole/=============================== Tstep:  115.4 Ttot:70019.3 ==
eandg
Spin: 
 Energy calculation finished, energy: -2.138680538E+03
Curvature at dimer midpoint after rotation     0.00086
Curvature at dimer minimum                    -0.00282
Actual dimer rotation angle:         0.135 deg
Dimer rotation converged after    1 steps
Writing TS-mode
Curvature after dimer rotation:               -0.00282
Frequency of transition mode  -273.103 cm^-1 (negative value denotes imaginary frequency)
Crossover temperature for tunnelling       62.53741 K
Restarting L-BFGS optimiser, instance: dimer rotation
Next calculation will be the dimer  midpoint
dl-find/turbomole/=============================== Tstep:   84.3 Ttot:70103.6 ==
eandg
Spin: 
 Energy calculation finished, energy: -2.138680560E+03
Testing convergence of dimer midpoint in cycle  214
    Energy  2.4915E-05 Target: 1.0000E-06 converged?   no
  Max step  1.1158E-02 Target: 1.8000E-03 converged?   no component    13
  RMS step  2.8563E-03 Target: 1.2000E-03 converged?   no
  Max grad  2.1504E-04 Target: 4.5000E-04 converged?  yes component    77
  RMS grad  6.6724E-05 Target: 3.0000E-04 converged?  yes
Next calculation will be the dimer endpoint before rotation
dl-find/turbomole/=============================== Tstep:  126.7 Ttot:70230.3 ==
eandg
Spin: 
 Energy calculation finished, energy: -2.138680558E+03
Curvature at dimer midpoint                   -0.00281
Predicted dimer rotation angle:      5.334 deg
Next calculation will be the dimer endpoint after rotation
dl-find/turbomole/=============================== Tstep:  114.5 Ttot:70344.8 ==
eandg
Spin: 
 Energy calculation finished, energy: -2.138680537E+03
Curvature at dimer midpoint after rotation    -0.00143
Curvature at dimer minimum                    -0.00281
Actual dimer rotation angle:         0.177 deg
Dimer rotation converged after    1 steps
Writing TS-mode
Curvature after dimer rotation:               -0.00281
Frequency of transition mode  -272.367 cm^-1 (negative value denotes imaginary frequency)
Crossover temperature for tunnelling       62.36883 K
Restarting L-BFGS optimiser, instance: dimer rotation
Next calculation will be the dimer  midpoint
dl-find/turbomole/=============================== Tstep:   91.2 Ttot:70436.0 ==
eandg
Spin: 
 Energy calculation finished, energy: -2.138680561E+03
Testing convergence of dimer midpoint in cycle  215
    Energy  1.1950E-06 Target: 1.0000E-06 converged?   no
  Max step  2.8505E-02 Target: 1.8000E-03 converged?   no component    37
  RMS step  6.6921E-03 Target: 1.2000E-03 converged?   no
  Max grad  3.3453E-04 Target: 4.5000E-04 converged?  yes component   213
  RMS grad  8.1773E-05 Target: 3.0000E-04 converged?  yes
Next calculation will be the dimer endpoint before rotation
dl-find/turbomole/=============================== Tstep:  125.9 Ttot:70561.9 ==
eandg
Spin: 
 Energy calculation finished, energy: -2.138680563E+03
Curvature at dimer midpoint                   -0.00290
Predicted dimer rotation angle:      5.464 deg
Next calculation will be the dimer endpoint after rotation
dl-find/turbomole/=============================== Tstep:  114.3 Ttot:70676.2 ==
eandg
Spin: 
 Energy calculation finished, energy: -2.138680563E+03
Curvature at dimer midpoint after rotation    -0.00052
Curvature at dimer minimum                    -0.00290
Actual dimer rotation angle:         0.117 deg
Dimer rotation converged after    1 steps
Writing TS-mode
Curvature after dimer rotation:               -0.00290
Frequency of transition mode  -276.905 cm^-1 (negative value denotes imaginary frequency)
Crossover temperature for tunnelling       63.40798 K
Restarting L-BFGS optimiser, instance: dimer rotation
Next calculation will be the dimer  midpoint
dl-find/turbomole/=============================== Tstep:   89.5 Ttot:70765.6 ==
eandg
Spin: 
 Energy calculation finished, energy: -2.138680563E+03
Testing convergence of dimer midpoint in cycle  216
    Energy  2.3390E-06 Target: 1.0000E-06 converged?   no
  Max step  6.5477E-02 Target: 1.8000E-03 converged?   no component    13
  RMS step  1.5834E-02 Target: 1.2000E-03 converged?   no
  Max grad  1.1799E-03 Target: 4.5000E-04 converged?   no component   213
  RMS grad  1.7978E-04 Target: 3.0000E-04 converged?  yes
Next calculation will be the dimer endpoint before rotation
dl-find/turbomole/=============================== Tstep:  132.5 Ttot:70898.1 ==
eandg
Spin: 
 Energy calculation finished, energy: -2.138680563E+03
Curvature at dimer midpoint                   -0.00300
Predicted dimer rotation angle:      4.570 deg
Next calculation will be the dimer endpoint after rotation
dl-find/turbomole/=============================== Tstep:  116.4 Ttot:71014.5 ==
eandg
Spin: 
 Energy calculation finished, energy: -2.138680562E+03
Curvature at dimer midpoint after rotation    -0.00165
Curvature at dimer minimum                    -0.00301
Actual dimer rotation angle:         0.123 deg
Dimer rotation converged after    1 steps
Writing TS-mode
Curvature after dimer rotation:               -0.00301
Frequency of transition mode  -281.833 cm^-1 (negative value denotes imaginary frequency)
Crossover temperature for tunnelling       64.53641 K
Restarting L-BFGS optimiser, instance: dimer rotation
Next calculation will be the dimer  midpoint
dl-find/turbomole/=============================== Tstep:   93.0 Ttot:71107.5 ==
eandg
Spin: 
 Energy calculation finished, energy: -2.138680574E+03
Testing convergence of dimer midpoint in cycle  217
    Energy  1.0900E-05 Target: 1.0000E-06 converged?   no
  Max step  1.2417E-02 Target: 1.8000E-03 converged?   no component    13
  RMS step  3.3367E-03 Target: 1.2000E-03 converged?   no
  Max grad  2.4977E-04 Target: 4.5000E-04 converged?  yes component    58
  RMS grad  6.9895E-05 Target: 3.0000E-04 converged?  yes
Next calculation will be the dimer endpoint before rotation
dl-find/turbomole/=============================== Tstep:  121.9 Ttot:71229.4 ==
eandg
Spin: 
 Energy calculation finished, energy: -2.138680574E+03
Curvature at dimer midpoint                   -0.00305
Predicted dimer rotation angle:      3.546 deg
Next calculation will be the dimer endpoint after rotation
dl-find/turbomole/=============================== Tstep:  115.3 Ttot:71344.7 ==
eandg
Spin: 
 Energy calculation finished, energy: -2.138680575E+03
Curvature at dimer midpoint after rotation    -0.00245
Curvature at dimer minimum                    -0.00305
Actual dimer rotation angle:         0.129 deg
Dimer rotation converged after    1 steps
Writing TS-mode
Curvature after dimer rotation:               -0.00305
Frequency of transition mode  -283.810 cm^-1 (negative value denotes imaginary frequency)
Crossover temperature for tunnelling       64.98927 K
Restarting L-BFGS optimiser, instance: dimer rotation
Next calculation will be the dimer  midpoint
dl-find/turbomole/=============================== Tstep:   85.3 Ttot:71430.0 ==
eandg
Spin: 
 Energy calculation finished, energy: -2.138680313E+03
Testing convergence of dimer midpoint in cycle  218
    Energy  2.6086E-04 Target: 1.0000E-06 converged?   no
  Max step  3.4025E-02 Target: 1.8000E-03 converged?   no component    37
  RMS step  7.9086E-03 Target: 1.2000E-03 converged?   no
  Max grad  3.0299E-04 Target: 4.5000E-04 converged?  yes component   178
  RMS grad  7.1455E-05 Target: 3.0000E-04 converged?  yes
Next calculation will be the dimer endpoint before rotation
dl-find/turbomole/=============================== Tstep:  134.7 Ttot:71564.8 ==
eandg
Spin: 
 Energy calculation finished, energy: -2.138680314E+03
Curvature at dimer midpoint                   -0.00301
Predicted dimer rotation angle:      3.784 deg
Next calculation will be the dimer endpoint after rotation
dl-find/turbomole/=============================== Tstep:  114.5 Ttot:71679.3 ==
eandg
Spin: 
 Energy calculation finished, energy: -2.138680314E+03
Curvature at dimer midpoint after rotation    -0.00174
Curvature at dimer minimum                    -0.00301
Actual dimer rotation angle:         0.075 deg
Dimer rotation converged after    1 steps
Writing TS-mode
Curvature after dimer rotation:               -0.00301
Frequency of transition mode  -282.040 cm^-1 (negative value denotes imaginary frequency)
Crossover temperature for tunnelling       64.58391 K
Restarting L-BFGS optimiser, instance: dimer rotation
Next calculation will be the dimer  midpoint
dl-find/turbomole/=============================== Tstep:   84.1 Ttot:71763.4 ==
eandg
Spin: 
 Energy calculation finished, energy: -2.138680115E+03
Testing convergence of dimer midpoint in cycle  219
    Energy  1.9837E-04 Target: 1.0000E-06 converged?   no
  Max step  3.8702E-02 Target: 1.8000E-03 converged?   no component    13
  RMS step  8.7422E-03 Target: 1.2000E-03 converged?   no
  Max grad  6.2158E-04 Target: 4.5000E-04 converged?   no component   213
  RMS grad  1.3171E-04 Target: 3.0000E-04 converged?  yes
Next calculation will be the dimer endpoint before rotation
dl-find/turbomole/=============================== Tstep:  138.9 Ttot:71902.2 ==
eandg
Spin: 
 Energy calculation finished, energy: -2.138680115E+03
Curvature at dimer midpoint                   -0.00305
Predicted dimer rotation angle:      2.807 deg
Next calculation will be the dimer endpoint after rotation
dl-find/turbomole/=============================== Tstep:  110.5 Ttot:72012.8 ==
eandg
Spin: 
 Energy calculation finished, energy: -2.138680115E+03
Curvature at dimer midpoint after rotation    -0.00277
Curvature at dimer minimum                    -0.00305
Actual dimer rotation angle:         0.133 deg
Dimer rotation converged after    1 steps
Writing TS-mode
Curvature after dimer rotation:               -0.00305
Frequency of transition mode  -284.041 cm^-1 (negative value denotes imaginary frequency)
Crossover temperature for tunnelling       65.04220 K
Restarting L-BFGS optimiser, instance: dimer rotation
Next calculation will be the dimer  midpoint
dl-find/turbomole/=============================== Tstep:   73.8 Ttot:72086.5 ==
eandg
Spin: 
 Energy calculation finished, energy: -2.138680145E+03
Testing convergence of dimer midpoint in cycle  220
    Energy  2.9676E-05 Target: 1.0000E-06 converged?   no
  Max step  6.8277E-02 Target: 1.8000E-03 converged?   no component    37
  RMS step  1.4794E-02 Target: 1.2000E-03 converged?   no
  Max grad  7.1756E-04 Target: 4.5000E-04 converged?   no component    77
  RMS grad  1.2428E-04 Target: 3.0000E-04 converged?  yes
Next calculation will be the dimer endpoint before rotation
dl-find/turbomole/=============================== Tstep:  134.7 Ttot:72221.2 ==
eandg
Spin: 
 Energy calculation finished, energy: -2.138680145E+03
Curvature at dimer midpoint                   -0.00308
Predicted dimer rotation angle:      3.175 deg
Next calculation will be the dimer endpoint after rotation
dl-find/turbomole/=============================== Tstep:  115.3 Ttot:72336.5 ==
eandg
Spin: 
 Energy calculation finished, energy: -2.138680145E+03
Curvature at dimer midpoint after rotation    -0.00234
Curvature at dimer minimum                    -0.00308
Actual dimer rotation angle:         0.078 deg
Dimer rotation converged after    1 steps
Writing TS-mode
Curvature after dimer rotation:               -0.00308
Frequency of transition mode  -285.327 cm^-1 (negative value denotes imaginary frequency)
Crossover temperature for tunnelling       65.33657 K
Restarting L-BFGS optimiser, instance: dimer rotation
Next calculation will be the dimer  midpoint
dl-find/turbomole/=============================== Tstep:   83.0 Ttot:72419.6 ==
eandg
Spin: 
 Energy calculation finished, energy: -2.138680159E+03
Testing convergence of dimer midpoint in cycle  221
    Energy  1.4569E-05 Target: 1.0000E-06 converged?   no
  Max step  2.5212E-02 Target: 1.8000E-03 converged?   no component    13
  RMS step  5.5788E-03 Target: 1.2000E-03 converged?   no
  Max grad  2.1086E-04 Target: 4.5000E-04 converged?  yes component    64
  RMS grad  5.7553E-05 Target: 3.0000E-04 converged?  yes
Next calculation will be the dimer endpoint before rotation
dl-find/turbomole/=============================== Tstep:  128.5 Ttot:72548.1 ==
eandg
Spin: 
 Energy calculation finished, energy: -2.138680159E+03
Curvature at dimer midpoint                   -0.00312
Predicted dimer rotation angle:      2.983 deg
Next calculation will be the dimer endpoint after rotation
dl-find/turbomole/=============================== Tstep:  115.2 Ttot:72663.3 ==
eandg
Spin: 
 Energy calculation finished, energy: -2.138680159E+03
Curvature at dimer midpoint after rotation    -0.00257
Curvature at dimer minimum                    -0.00312
Actual dimer rotation angle:         0.086 deg
Dimer rotation converged after    1 steps
Writing TS-mode
Curvature after dimer rotation:               -0.00312
Frequency of transition mode  -287.345 cm^-1 (negative value denotes imaginary frequency)
Crossover temperature for tunnelling       65.79880 K
Restarting L-BFGS optimiser, instance: dimer rotation
Next calculation will be the dimer  midpoint
dl-find/turbomole/=============================== Tstep:   87.2 Ttot:72750.5 ==
eandg
Spin: 
 Energy calculation finished, energy: -2.138680073E+03
Testing convergence of dimer midpoint in cycle  222
    Energy  8.6719E-05 Target: 1.0000E-06 converged?   no
  Max step  1.9509E-02 Target: 1.8000E-03 converged?   no component    13
  RMS step  4.1706E-03 Target: 1.2000E-03 converged?   no
  Max grad  2.0070E-04 Target: 4.5000E-04 converged?  yes component    58
  RMS grad  5.7030E-05 Target: 3.0000E-04 converged?  yes
Next calculation will be the dimer endpoint before rotation
dl-find/turbomole/=============================== Tstep:  127.0 Ttot:72877.5 ==
eandg
Spin: 
 Energy calculation finished, energy: -2.138680072E+03
Curvature at dimer midpoint                   -0.00315
Predicted dimer rotation angle:      2.604 deg
Next calculation will be the dimer endpoint after rotation
dl-find/turbomole/=============================== Tstep:  115.0 Ttot:72992.5 ==
eandg
Spin: 
 Energy calculation finished, energy: -2.138680072E+03
Curvature at dimer midpoint after rotation    -0.00283
Curvature at dimer minimum                    -0.00315
Actual dimer rotation angle:         0.097 deg
Dimer rotation converged after    1 steps
Writing TS-mode
Curvature after dimer rotation:               -0.00315
Frequency of transition mode  -288.540 cm^-1 (negative value denotes imaginary frequency)
Crossover temperature for tunnelling       66.07243 K
Restarting L-BFGS optimiser, instance: dimer rotation
Next calculation will be the dimer  midpoint
dl-find/turbomole/=============================== Tstep:   83.6 Ttot:73076.1 ==
eandg
Spin: 
 Energy calculation finished, energy: -2.138680075E+03
Testing convergence of dimer midpoint in cycle  223
    Energy  2.4510E-06 Target: 1.0000E-06 converged?   no
  Max step  1.6291E-02 Target: 1.8000E-03 converged?   no component    13
  RMS step  3.8239E-03 Target: 1.2000E-03 converged?   no
  Max grad  3.6371E-04 Target: 4.5000E-04 converged?  yes component    50
  RMS grad  7.7472E-05 Target: 3.0000E-04 converged?  yes
Next calculation will be the dimer endpoint before rotation
dl-find/turbomole/=============================== Tstep:  122.2 Ttot:73198.3 ==
eandg
Spin: 
 Energy calculation finished, energy: -2.138680075E+03
Curvature at dimer midpoint                   -0.00312
Predicted dimer rotation angle:      2.930 deg
Next calculation will be the dimer endpoint after rotation
dl-find/turbomole/=============================== Tstep:  111.7 Ttot:73310.1 ==
eandg
Spin: 
 Energy calculation finished, energy: -2.138680075E+03
Curvature at dimer midpoint after rotation    -0.00250
Curvature at dimer minimum                    -0.00312
Actual dimer rotation angle:         0.073 deg
Dimer rotation converged after    1 steps
Writing TS-mode
Curvature after dimer rotation:               -0.00312
Frequency of transition mode  -287.301 cm^-1 (negative value denotes imaginary frequency)
Crossover temperature for tunnelling       65.78858 K
Restarting L-BFGS optimiser, instance: dimer rotation
Next calculation will be the dimer  midpoint
dl-find/turbomole/=============================== Tstep:   83.7 Ttot:73393.8 ==
eandg
Spin: 
 Energy calculation finished, energy: -2.138680091E+03
Testing convergence of dimer midpoint in cycle  224
    Energy  1.6016E-05 Target: 1.0000E-06 converged?   no
  Max step  3.3308E-02 Target: 1.8000E-03 converged?   no component    13
  RMS step  8.3204E-03 Target: 1.2000E-03 converged?   no
  Max grad  4.0919E-04 Target: 4.5000E-04 converged?  yes component    77
  RMS grad  7.9296E-05 Target: 3.0000E-04 converged?  yes
Next calculation will be the dimer endpoint before rotation
dl-find/turbomole/=============================== Tstep:  123.2 Ttot:73517.0 ==
eandg
Spin: 
 Energy calculation finished, energy: -2.138680091E+03
Curvature at dimer midpoint                   -0.00316
Predicted dimer rotation angle:      2.776 deg
Next calculation will be the dimer endpoint after rotation
dl-find/turbomole/=============================== Tstep:  112.1 Ttot:73629.1 ==
eandg
Spin: 
 Energy calculation finished, energy: -2.138680091E+03
Curvature at dimer midpoint after rotation    -0.00276
Curvature at dimer minimum                    -0.00316
Actual dimer rotation angle:         0.096 deg
Dimer rotation converged after    1 steps
Writing TS-mode
Curvature after dimer rotation:               -0.00316
Frequency of transition mode  -289.104 cm^-1 (negative value denotes imaginary frequency)
Crossover temperature for tunnelling       66.20151 K
Restarting L-BFGS optimiser, instance: dimer rotation
Next calculation will be the dimer  midpoint
dl-find/turbomole/=============================== Tstep:   79.7 Ttot:73708.8 ==
eandg
Spin: 
 Energy calculation finished, energy: -2.138680119E+03
Testing convergence of dimer midpoint in cycle  225
    Energy  2.8080E-05 Target: 1.0000E-06 converged?   no
  Max step  3.3071E-02 Target: 1.8000E-03 converged?   no component    13
  RMS step  7.6104E-03 Target: 1.2000E-03 converged?   no
  Max grad  2.2731E-04 Target: 4.5000E-04 converged?  yes component    59
  RMS grad  5.3799E-05 Target: 3.0000E-04 converged?  yes
Next calculation will be the dimer endpoint before rotation
dl-find/turbomole/=============================== Tstep:  123.2 Ttot:73832.0 ==
eandg
Spin: 
 Energy calculation finished, energy: -2.138680119E+03
Curvature at dimer midpoint                   -0.00318
Predicted dimer rotation angle:      2.957 deg
Next calculation will be the dimer endpoint after rotation
dl-find/turbomole/=============================== Tstep:  115.9 Ttot:73947.9 ==
eandg
Spin: 
 Energy calculation finished, energy: -2.138680119E+03
Curvature at dimer midpoint after rotation    -0.00265
Curvature at dimer minimum                    -0.00318
Actual dimer rotation angle:         0.088 deg
Dimer rotation converged after    1 steps
Writing TS-mode
Curvature after dimer rotation:               -0.00318
Frequency of transition mode  -290.089 cm^-1 (negative value denotes imaginary frequency)
Crossover temperature for tunnelling       66.42707 K
Restarting L-BFGS optimiser, instance: dimer rotation
Next calculation will be the dimer  midpoint
dl-find/turbomole/=============================== Tstep:   62.8 Ttot:74010.7 ==
eandg
Spin: 
 Energy calculation finished, energy: -2.138680134E+03
Testing convergence of dimer midpoint in cycle  226
    Energy  1.4906E-05 Target: 1.0000E-06 converged?   no
  Max step  3.5136E-02 Target: 1.8000E-03 converged?   no component    37
  RMS step  8.4982E-03 Target: 1.2000E-03 converged?   no
  Max grad  4.3305E-04 Target: 4.5000E-04 converged?  yes component    88
  RMS grad  7.1736E-05 Target: 3.0000E-04 converged?  yes
Next calculation will be the dimer endpoint before rotation
dl-find/turbomole/=============================== Tstep:  123.2 Ttot:74133.9 ==
eandg
Spin: 
 Energy calculation finished, energy: -2.138680133E+03
Curvature at dimer midpoint                   -0.00318
Predicted dimer rotation angle:      2.931 deg
Next calculation will be the dimer endpoint after rotation
dl-find/turbomole/=============================== Tstep:  115.5 Ttot:74249.4 ==
eandg
Spin: 
 Energy calculation finished, energy: -2.138680133E+03
Curvature at dimer midpoint after rotation    -0.00261
Curvature at dimer minimum                    -0.00318
Actual dimer rotation angle:         0.082 deg
Dimer rotation converged after    1 steps
Writing TS-mode
Curvature after dimer rotation:               -0.00318
Frequency of transition mode  -289.905 cm^-1 (negative value denotes imaginary frequency)
Crossover temperature for tunnelling       66.38483 K
Restarting L-BFGS optimiser, instance: dimer rotation
Next calculation will be the dimer  midpoint
dl-find/turbomole/=============================== Tstep:   79.9 Ttot:74329.3 ==
eandg
Spin: 
 Energy calculation finished, energy: -2.138680148E+03
Testing convergence of dimer midpoint in cycle  227
    Energy  1.4036E-05 Target: 1.0000E-06 converged?   no
  Max step  1.8358E-02 Target: 1.8000E-03 converged?   no component    37
  RMS step  5.2523E-03 Target: 1.2000E-03 converged?   no
  Max grad  2.8932E-04 Target: 4.5000E-04 converged?  yes component    88
  RMS grad  7.4225E-05 Target: 3.0000E-04 converged?  yes
Next calculation will be the dimer endpoint before rotation
dl-find/turbomole/=============================== Tstep:  119.1 Ttot:74448.4 ==
eandg
Spin: 
 Energy calculation finished, energy: -2.138680148E+03
Curvature at dimer midpoint                   -0.00316
Predicted dimer rotation angle:      2.507 deg
Next calculation will be the dimer endpoint after rotation
dl-find/turbomole/=============================== Tstep:  112.2 Ttot:74560.6 ==
eandg
Spin: 
 Energy calculation finished, energy: -2.138680148E+03
Curvature at dimer midpoint after rotation    -0.00278
Curvature at dimer minimum                    -0.00316
Actual dimer rotation angle:         0.074 deg
Dimer rotation converged after    1 steps
Writing TS-mode
Curvature after dimer rotation:               -0.00316
Frequency of transition mode  -289.116 cm^-1 (negative value denotes imaginary frequency)
Crossover temperature for tunnelling       66.20412 K
Restarting L-BFGS optimiser, instance: dimer rotation
Next calculation will be the dimer  midpoint
dl-find/turbomole/=============================== Tstep:   82.8 Ttot:74643.4 ==
eandg
Spin: 
 Energy calculation finished, energy: -2.138680151E+03
Testing convergence of dimer midpoint in cycle  228
    Energy  2.5500E-06 Target: 1.0000E-06 converged?   no
  Max step  5.7042E-03 Target: 1.8000E-03 converged?   no component    13
  RMS step  1.1541E-03 Target: 1.2000E-03 converged?  yes
  Max grad  1.9942E-04 Target: 4.5000E-04 converged?  yes component   156
  RMS grad  5.0769E-05 Target: 3.0000E-04 converged?  yes
Next calculation will be the dimer endpoint before rotation
dl-find/turbomole/=============================== Tstep:  121.8 Ttot:74765.2 ==
eandg
Spin: 
 Energy calculation finished, energy: -2.138680150E+03
Curvature at dimer midpoint                   -0.00316
Predicted dimer rotation angle:      2.409 deg
Next calculation will be the dimer endpoint after rotation
dl-find/turbomole/=============================== Tstep:  112.5 Ttot:74877.8 ==
eandg
Spin: 
 Energy calculation finished, energy: -2.138680150E+03
Curvature at dimer midpoint after rotation    -0.00279
Curvature at dimer minimum                    -0.00316
Actual dimer rotation angle:         0.069 deg
Dimer rotation converged after    1 steps
Writing TS-mode
Curvature after dimer rotation:               -0.00316
Frequency of transition mode  -289.164 cm^-1 (negative value denotes imaginary frequency)
Crossover temperature for tunnelling       66.21520 K
Restarting L-BFGS optimiser, instance: dimer rotation
Next calculation will be the dimer  midpoint
dl-find/turbomole/=============================== Tstep:   78.8 Ttot:74956.5 ==
eandg
Spin: 
 Energy calculation finished, energy: -2.138680154E+03
Testing convergence of dimer midpoint in cycle  229
    Energy  3.8830E-06 Target: 1.0000E-06 converged?   no
  Max step  1.5466E-02 Target: 1.8000E-03 converged?   no component    13
  RMS step  3.0935E-03 Target: 1.2000E-03 converged?   no
  Max grad  1.6283E-04 Target: 4.5000E-04 converged?  yes component   253
  RMS grad  4.4561E-05 Target: 3.0000E-04 converged?  yes
Next calculation will be the dimer endpoint before rotation
dl-find/turbomole/=============================== Tstep:  124.9 Ttot:75081.4 ==
eandg
Spin: 
 Energy calculation finished, energy: -2.138680154E+03
Curvature at dimer midpoint                   -0.00316
Predicted dimer rotation angle:      2.225 deg
Next calculation will be the dimer endpoint after rotation
dl-find/turbomole/=============================== Tstep:  115.9 Ttot:75197.3 ==
eandg
Spin: 
 Energy calculation finished, energy: -2.138680154E+03
Curvature at dimer midpoint after rotation    -0.00287
Curvature at dimer minimum                    -0.00316
Actual dimer rotation angle:         0.068 deg
Dimer rotation converged after    1 steps
Writing TS-mode
Curvature after dimer rotation:               -0.00316
Frequency of transition mode  -289.107 cm^-1 (negative value denotes imaginary frequency)
Crossover temperature for tunnelling       66.20219 K
Restarting L-BFGS optimiser, instance: dimer rotation
Next calculation will be the dimer  midpoint
dl-find/turbomole/=============================== Tstep:   77.6 Ttot:75274.9 ==
eandg
Spin: 
 Energy calculation finished, energy: -2.138680158E+03
Testing convergence of dimer midpoint in cycle  230
    Energy  3.7550E-06 Target: 1.0000E-06 converged?   no
  Max step  1.7330E-02 Target: 1.8000E-03 converged?   no component    13
  RMS step  4.2864E-03 Target: 1.2000E-03 converged?   no
  Max grad  2.4974E-04 Target: 4.5000E-04 converged?  yes component   245
  RMS grad  6.4346E-05 Target: 3.0000E-04 converged?  yes
Next calculation will be the dimer endpoint before rotation
dl-find/turbomole/=============================== Tstep:  101.8 Ttot:75376.7 ==
eandg
Spin: 
 Energy calculation finished, energy: -2.138680158E+03
Curvature at dimer midpoint                   -0.00311
Predicted dimer rotation angle:      2.265 deg
Next calculation will be the dimer endpoint after rotation
dl-find/turbomole/=============================== Tstep:  115.8 Ttot:75492.5 ==
eandg
Spin: 
 Energy calculation finished, energy: -2.138680158E+03
Curvature at dimer midpoint after rotation    -0.00279
Curvature at dimer minimum                    -0.00311
Actual dimer rotation angle:         0.065 deg
Dimer rotation converged after    1 steps
Writing TS-mode
Curvature after dimer rotation:               -0.00311
Frequency of transition mode  -286.878 cm^-1 (negative value denotes imaginary frequency)
Crossover temperature for tunnelling       65.69170 K
Restarting L-BFGS optimiser, instance: dimer rotation
Next calculation will be the dimer  midpoint
dl-find/turbomole/=============================== Tstep:   82.9 Ttot:75575.4 ==
eandg
Spin: 
 Energy calculation finished, energy: -2.138680171E+03
Testing convergence of dimer midpoint in cycle  231
    Energy  1.2886E-05 Target: 1.0000E-06 converged?   no
  Max step  2.2123E-02 Target: 1.8000E-03 converged?   no component    13
  RMS step  5.0750E-03 Target: 1.2000E-03 converged?   no
  Max grad  1.7214E-04 Target: 4.5000E-04 converged?  yes component   218
  RMS grad  5.2132E-05 Target: 3.0000E-04 converged?  yes
Next calculation will be the dimer endpoint before rotation
dl-find/turbomole/=============================== Tstep:  116.3 Ttot:75691.7 ==
eandg
Spin: 
 Energy calculation finished, energy: -2.138680171E+03
Curvature at dimer midpoint                   -0.00312
Predicted dimer rotation angle:      2.116 deg
Next calculation will be the dimer endpoint after rotation
dl-find/turbomole/=============================== Tstep:  115.4 Ttot:75807.1 ==
eandg
Spin: 
 Energy calculation finished, energy: -2.138680171E+03
Curvature at dimer midpoint after rotation    -0.00285
Curvature at dimer minimum                    -0.00312
Actual dimer rotation angle:         0.063 deg
Dimer rotation converged after    1 steps
Writing TS-mode
Curvature after dimer rotation:               -0.00312
Frequency of transition mode  -287.247 cm^-1 (negative value denotes imaginary frequency)
Crossover temperature for tunnelling       65.77632 K
Restarting L-BFGS optimiser, instance: dimer rotation
Next calculation will be the dimer  midpoint
dl-find/turbomole/=============================== Tstep:   77.4 Ttot:75884.5 ==
eandg
Spin: 
 Energy calculation finished, energy: -2.138680179E+03
Testing convergence of dimer midpoint in cycle  232
    Energy  7.6300E-06 Target: 1.0000E-06 converged?   no
  Max step  2.3126E-02 Target: 1.8000E-03 converged?   no component    13
  RMS step  6.2274E-03 Target: 1.2000E-03 converged?   no
  Max grad  4.4801E-04 Target: 4.5000E-04 converged?  yes component   245
  RMS grad  7.4288E-05 Target: 3.0000E-04 converged?  yes
Next calculation will be the dimer endpoint before rotation
dl-find/turbomole/=============================== Tstep:  117.5 Ttot:76002.0 ==
eandg
Spin: 
 Energy calculation finished, energy: -2.138680179E+03
Curvature at dimer midpoint                   -0.00308
Predicted dimer rotation angle:      2.211 deg
Next calculation will be the dimer endpoint after rotation
dl-find/turbomole/=============================== Tstep:  114.5 Ttot:76116.5 ==
eandg
Spin: 
 Energy calculation finished, energy: -2.138680179E+03
Curvature at dimer midpoint after rotation    -0.00279
Curvature at dimer minimum                    -0.00308
Actual dimer rotation angle:         0.066 deg
Dimer rotation converged after    1 steps
Writing TS-mode
Curvature after dimer rotation:               -0.00308
Frequency of transition mode  -285.469 cm^-1 (negative value denotes imaginary frequency)
Crossover temperature for tunnelling       65.36910 K
Restarting L-BFGS optimiser, instance: dimer rotation
Next calculation will be the dimer  midpoint
dl-find/turbomole/=============================== Tstep:   82.7 Ttot:76199.2 ==
eandg
Spin: 
 Energy calculation finished, energy: -2.138680189E+03
Testing convergence of dimer midpoint in cycle  233
    Energy  1.0186E-05 Target: 1.0000E-06 converged?   no
  Max step  1.6823E-02 Target: 1.8000E-03 converged?   no component     2
  RMS step  5.0023E-03 Target: 1.2000E-03 converged?   no
  Max grad  1.9682E-04 Target: 4.5000E-04 converged?  yes component   245
  RMS grad  5.3210E-05 Target: 3.0000E-04 converged?  yes
Next calculation will be the dimer endpoint before rotation
dl-find/turbomole/=============================== Tstep:  115.8 Ttot:76315.0 ==
eandg
Spin: 
 Energy calculation finished, energy: -2.138680190E+03
Curvature at dimer midpoint                   -0.00304
Predicted dimer rotation angle:      2.177 deg
Next calculation will be the dimer endpoint after rotation
dl-find/turbomole/=============================== Tstep:  112.1 Ttot:76427.1 ==
eandg
Spin: 
 Energy calculation finished, energy: -2.138680190E+03
Curvature at dimer midpoint after rotation    -0.00277
Curvature at dimer minimum                    -0.00304
Actual dimer rotation angle:         0.068 deg
Dimer rotation converged after    1 steps
Writing TS-mode
Curvature after dimer rotation:               -0.00304
Frequency of transition mode  -283.273 cm^-1 (negative value denotes imaginary frequency)
Crossover temperature for tunnelling       64.86618 K
Restarting L-BFGS optimiser, instance: dimer rotation
Next calculation will be the dimer  midpoint
dl-find/turbomole/=============================== Tstep:   82.6 Ttot:76509.7 ==
eandg
Spin: 
 Energy calculation finished, energy: -2.138680198E+03
Testing convergence of dimer midpoint in cycle  234
    Energy  8.9780E-06 Target: 1.0000E-06 converged?   no
  Max step  8.8792E-03 Target: 1.8000E-03 converged?   no component    37
  RMS step  2.2289E-03 Target: 1.2000E-03 converged?   no
  Max grad  1.4142E-04 Target: 4.5000E-04 converged?  yes component   245
  RMS grad  4.2670E-05 Target: 3.0000E-04 converged?  yes
Next calculation will be the dimer endpoint before rotation
dl-find/turbomole/=============================== Tstep:  117.9 Ttot:76627.6 ==
eandg
Spin: 
 Energy calculation finished, energy: -2.138680199E+03
Curvature at dimer midpoint                   -0.00303
Predicted dimer rotation angle:      2.209 deg
Next calculation will be the dimer endpoint after rotation
dl-find/turbomole/=============================== Tstep:  117.6 Ttot:76745.2 ==
eandg
Spin: 
 Energy calculation finished, energy: -2.138680199E+03
Curvature at dimer midpoint after rotation    -0.00268
Curvature at dimer minimum                    -0.00303
Actual dimer rotation angle:         0.055 deg
Dimer rotation converged after    1 steps
Writing TS-mode
Curvature after dimer rotation:               -0.00303
Frequency of transition mode  -282.759 cm^-1 (negative value denotes imaginary frequency)
Crossover temperature for tunnelling       64.74851 K
Restarting L-BFGS optimiser, instance: dimer rotation
Next calculation will be the dimer  midpoint
dl-find/turbomole/=============================== Tstep:   77.6 Ttot:76822.8 ==
eandg
Spin: 
 Energy calculation finished, energy: -2.138680205E+03
Testing convergence of dimer midpoint in cycle  235
    Energy  6.7780E-06 Target: 1.0000E-06 converged?   no
  Max step  1.7676E-02 Target: 1.8000E-03 converged?   no component    13
  RMS step  4.6146E-03 Target: 1.2000E-03 converged?   no
  Max grad  2.6566E-04 Target: 4.5000E-04 converged?  yes component   218
  RMS grad  5.1696E-05 Target: 3.0000E-04 converged?  yes
Next calculation will be the dimer endpoint before rotation
dl-find/turbomole/=============================== Tstep:  116.7 Ttot:76939.5 ==
eandg
Spin: 
 Energy calculation finished, energy: -2.138680206E+03
Curvature at dimer midpoint                   -0.00302
Predicted dimer rotation angle:      2.244 deg
Next calculation will be the dimer endpoint after rotation
dl-find/turbomole/=============================== Tstep:  112.0 Ttot:77051.5 ==
eandg
Spin: 
 Energy calculation finished, energy: -2.138680206E+03
Curvature at dimer midpoint after rotation    -0.00273
Curvature at dimer minimum                    -0.00302
Actual dimer rotation angle:         0.066 deg
Dimer rotation converged after    1 steps
Writing TS-mode
Curvature after dimer rotation:               -0.00302
Frequency of transition mode  -282.675 cm^-1 (negative value denotes imaginary frequency)
Crossover temperature for tunnelling       64.72924 K
Restarting L-BFGS optimiser, instance: dimer rotation
Next calculation will be the dimer  midpoint
dl-find/turbomole/=============================== Tstep:   83.9 Ttot:77135.3 ==
eandg
Spin: 
 Energy calculation finished, energy: -2.138680231E+03
Testing convergence of dimer midpoint in cycle  236
    Energy  2.6550E-05 Target: 1.0000E-06 converged?   no
  Max step  2.5532E-02 Target: 1.8000E-03 converged?   no component    37
  RMS step  7.6421E-03 Target: 1.2000E-03 converged?   no
  Max grad  5.1147E-04 Target: 4.5000E-04 converged?   no component    83
  RMS grad  8.6499E-05 Target: 3.0000E-04 converged?  yes
Next calculation will be the dimer endpoint before rotation
dl-find/turbomole/=============================== Tstep:  118.1 Ttot:77253.4 ==
eandg
Spin: 
 Energy calculation finished, energy: -2.138680234E+03
Curvature at dimer midpoint                   -0.00294
Predicted dimer rotation angle:      2.208 deg
Next calculation will be the dimer endpoint after rotation
dl-find/turbomole/=============================== Tstep:  112.4 Ttot:77365.8 ==
eandg
Spin: 
 Energy calculation finished, energy: -2.138680233E+03
Curvature at dimer midpoint after rotation    -0.00270
Curvature at dimer minimum                    -0.00294
Actual dimer rotation angle:         0.075 deg
Dimer rotation converged after    1 steps
Writing TS-mode
Curvature after dimer rotation:               -0.00294
Frequency of transition mode  -278.700 cm^-1 (negative value denotes imaginary frequency)
Crossover temperature for tunnelling       63.81898 K
Restarting L-BFGS optimiser, instance: dimer rotation
Next calculation will be the dimer  midpoint
dl-find/turbomole/=============================== Tstep:   83.6 Ttot:77449.4 ==
eandg
Spin: 
 Energy calculation finished, energy: -2.138680242E+03
Testing convergence of dimer midpoint in cycle  237
    Energy  1.0524E-05 Target: 1.0000E-06 converged?   no
  Max step  1.0746E-02 Target: 1.8000E-03 converged?   no component    39
  RMS step  3.3076E-03 Target: 1.2000E-03 converged?   no
  Max grad  2.2472E-04 Target: 4.5000E-04 converged?  yes component    83
  RMS grad  4.8540E-05 Target: 3.0000E-04 converged?  yes
Next calculation will be the dimer endpoint before rotation
dl-find/turbomole/=============================== Tstep:  113.6 Ttot:77563.0 ==
eandg
Spin: 
 Energy calculation finished, energy: -2.138680244E+03
Curvature at dimer midpoint                   -0.00291
Predicted dimer rotation angle:      2.520 deg
Next calculation will be the dimer endpoint after rotation
dl-find/turbomole/=============================== Tstep:  112.6 Ttot:77675.6 ==
eandg
Spin: 
 Energy calculation finished, energy: -2.138680245E+03
Curvature at dimer midpoint after rotation    -0.00248
Curvature at dimer minimum                    -0.00291
Actual dimer rotation angle:         0.062 deg
Dimer rotation converged after    1 steps
Writing TS-mode
Curvature after dimer rotation:               -0.00291
Frequency of transition mode  -277.526 cm^-1 (negative value denotes imaginary frequency)
Crossover temperature for tunnelling       63.55020 K
Restarting L-BFGS optimiser, instance: dimer rotation
Next calculation will be the dimer  midpoint
dl-find/turbomole/=============================== Tstep:   83.7 Ttot:77759.3 ==
eandg
Spin: 
 Energy calculation finished, energy: -2.138680243E+03
Testing convergence of dimer midpoint in cycle  238
    Energy  1.3310E-06 Target: 1.0000E-06 converged?   no
  Max step  1.6842E-02 Target: 1.8000E-03 converged?   no component    14
  RMS step  4.5222E-03 Target: 1.2000E-03 converged?   no
  Max grad  1.0967E-04 Target: 4.5000E-04 converged?  yes component    98
  RMS grad  3.4550E-05 Target: 3.0000E-04 converged?  yes
Next calculation will be the dimer endpoint before rotation
dl-find/turbomole/=============================== Tstep:  116.5 Ttot:77875.8 ==
eandg
Spin: 
 Energy calculation finished, energy: -2.138680246E+03
Curvature at dimer midpoint                   -0.00289
Predicted dimer rotation angle:      2.335 deg
Next calculation will be the dimer endpoint after rotation
dl-find/turbomole/=============================== Tstep:  110.5 Ttot:77986.3 ==
eandg
Spin: 
 Energy calculation finished, energy: -2.138680246E+03
Curvature at dimer midpoint after rotation    -0.00263
Curvature at dimer minimum                    -0.00289
Actual dimer rotation angle:         0.081 deg
Dimer rotation converged after    1 steps
Writing TS-mode
Curvature after dimer rotation:               -0.00289
Frequency of transition mode  -276.409 cm^-1 (negative value denotes imaginary frequency)
Crossover temperature for tunnelling       63.29446 K
Restarting L-BFGS optimiser, instance: dimer rotation
Next calculation will be the dimer  midpoint
dl-find/turbomole/=============================== Tstep:   78.2 Ttot:78064.4 ==
eandg
Spin: 
 Energy calculation finished, energy: -2.138680291E+03
Testing convergence of dimer midpoint in cycle  239
    Energy  4.8141E-05 Target: 1.0000E-06 converged?   no
  Max step  1.9075E-02 Target: 1.8000E-03 converged?   no component    37
  RMS step  5.9362E-03 Target: 1.2000E-03 converged?   no
  Max grad  2.0569E-04 Target: 4.5000E-04 converged?  yes component    83
  RMS grad  3.8543E-05 Target: 3.0000E-04 converged?  yes
Next calculation will be the dimer endpoint before rotation
dl-find/turbomole/=============================== Tstep:  116.1 Ttot:78180.5 ==
eandg
Spin: 
 Energy calculation finished, energy: -2.138680293E+03
Curvature at dimer midpoint                   -0.00284
Predicted dimer rotation angle:      2.760 deg
Next calculation will be the dimer endpoint after rotation
dl-find/turbomole/=============================== Tstep:  115.7 Ttot:78296.2 ==
eandg
Spin: 
 Energy calculation finished, energy: -2.138680293E+03
Curvature at dimer midpoint after rotation    -0.00241
Curvature at dimer minimum                    -0.00284
Actual dimer rotation angle:         0.080 deg
Dimer rotation converged after    1 steps
Writing TS-mode
Curvature after dimer rotation:               -0.00284
Frequency of transition mode  -273.915 cm^-1 (negative value denotes imaginary frequency)
Crossover temperature for tunnelling       62.72341 K
Restarting L-BFGS optimiser, instance: dimer rotation
Next calculation will be the dimer  midpoint
dl-find/turbomole/=============================== Tstep:   89.0 Ttot:78385.3 ==
eandg
Spin: 
 Energy calculation finished, energy: -2.138680313E+03
Testing convergence of dimer midpoint in cycle  240
    Energy  2.1455E-05 Target: 1.0000E-06 converged?   no
  Max step  2.8832E-02 Target: 1.8000E-03 converged?   no component    13
  RMS step  8.8591E-03 Target: 1.2000E-03 converged?   no
  Max grad  8.9767E-04 Target: 4.5000E-04 converged?   no component    75
  RMS grad  1.1065E-04 Target: 3.0000E-04 converged?  yes
Next calculation will be the dimer endpoint before rotation
dl-find/turbomole/=============================== Tstep:  118.0 Ttot:78503.2 ==
eandg
Spin: 
 Energy calculation finished, energy: -2.138680315E+03
Curvature at dimer midpoint                   -0.00281
Predicted dimer rotation angle:      2.782 deg
Next calculation will be the dimer endpoint after rotation
dl-find/turbomole/=============================== Tstep:  115.2 Ttot:78618.4 ==
eandg
Spin: 
 Energy calculation finished, energy: -2.138680315E+03
Curvature at dimer midpoint after rotation    -0.00234
Curvature at dimer minimum                    -0.00282
Actual dimer rotation angle:         0.073 deg
Dimer rotation converged after    1 steps
Writing TS-mode
Curvature after dimer rotation:               -0.00282
Frequency of transition mode  -272.751 cm^-1 (negative value denotes imaginary frequency)
Crossover temperature for tunnelling       62.45681 K
Restarting L-BFGS optimiser, instance: dimer rotation
Next calculation will be the dimer  midpoint
dl-find/turbomole/=============================== Tstep:   85.3 Ttot:78703.7 ==
eandg
Spin: 
 Energy calculation finished, energy: -2.138680316E+03
Testing convergence of dimer midpoint in cycle  241
    Energy  3.7710E-06 Target: 1.0000E-06 converged?   no
  Max step  4.4541E-03 Target: 1.8000E-03 converged?   no component   188
  RMS step  9.9218E-04 Target: 1.2000E-03 converged?  yes
  Max grad  1.0751E-04 Target: 4.5000E-04 converged?  yes component   253
  RMS grad  3.2191E-05 Target: 3.0000E-04 converged?  yes
Next calculation will be the dimer endpoint before rotation
dl-find/turbomole/=============================== Tstep:  114.2 Ttot:78818.0 ==
eandg
Spin: 
 Energy calculation finished, energy: -2.138680318E+03
Curvature at dimer midpoint                   -0.00281
Predicted dimer rotation angle:      2.555 deg
Next calculation will be the dimer endpoint after rotation
dl-find/turbomole/=============================== Tstep:  113.4 Ttot:78931.3 ==
eandg
Spin: 
 Energy calculation finished, energy: -2.138680318E+03
Curvature at dimer midpoint after rotation    -0.00243
Curvature at dimer minimum                    -0.00281
Actual dimer rotation angle:         0.071 deg
Dimer rotation converged after    1 steps
Writing TS-mode
Curvature after dimer rotation:               -0.00281
Frequency of transition mode  -272.391 cm^-1 (negative value denotes imaginary frequency)
Crossover temperature for tunnelling       62.37447 K
Restarting L-BFGS optimiser, instance: dimer rotation
Next calculation will be the dimer  midpoint
dl-find/turbomole/=============================== Tstep:   83.2 Ttot:79014.6 ==
eandg
Spin: 
 Energy calculation finished, energy: -2.138680318E+03
Testing convergence of dimer midpoint in cycle  242
    Energy  1.5860E-06 Target: 1.0000E-06 converged?   no
  Max step  9.6833E-03 Target: 1.8000E-03 converged?   no component    37
  RMS step  2.4399E-03 Target: 1.2000E-03 converged?   no
  Max grad  9.0399E-05 Target: 4.5000E-04 converged?  yes component    74
  RMS grad  2.6749E-05 Target: 3.0000E-04 converged?  yes
Next calculation will be the dimer endpoint before rotation
dl-find/turbomole/=============================== Tstep:  117.7 Ttot:79132.3 ==
eandg
Spin: 
 Energy calculation finished, energy: -2.138680320E+03
Curvature at dimer midpoint                   -0.00282
Predicted dimer rotation angle:      2.494 deg
Next calculation will be the dimer endpoint after rotation
dl-find/turbomole/=============================== Tstep:  116.6 Ttot:79248.9 ==
eandg
Spin: 
 Energy calculation finished, energy: -2.138680320E+03
Curvature at dimer midpoint after rotation    -0.00241
Curvature at dimer minimum                    -0.00282
Actual dimer rotation angle:         0.061 deg
Dimer rotation converged after    1 steps
Writing TS-mode
Curvature after dimer rotation:               -0.00282
Frequency of transition mode  -272.863 cm^-1 (negative value denotes imaginary frequency)
Crossover temperature for tunnelling       62.48247 K
Restarting L-BFGS optimiser, instance: dimer rotation
Next calculation will be the dimer  midpoint
dl-find/turbomole/=============================== Tstep:   63.5 Ttot:79312.4 ==
eandg
Spin: 
 Energy calculation finished, energy: -2.138680319E+03
Testing convergence of dimer midpoint in cycle  243
    Energy  7.6000E-07 Target: 1.0000E-06 converged?  yes
  Max step  9.5139E-03 Target: 1.8000E-03 converged?   no component    37
  RMS step  1.9546E-03 Target: 1.2000E-03 converged?   no
  Max grad  1.6027E-04 Target: 4.5000E-04 converged?  yes component    75
  RMS grad  3.4944E-05 Target: 3.0000E-04 converged?  yes
Next calculation will be the dimer endpoint before rotation
dl-find/turbomole/=============================== Tstep:  123.5 Ttot:79435.9 ==
eandg
Spin: 
 Energy calculation finished, energy: -2.138680321E+03
Curvature at dimer midpoint                   -0.00283
Predicted dimer rotation angle:      2.226 deg
Next calculation will be the dimer endpoint after rotation
dl-find/turbomole/=============================== Tstep:  115.1 Ttot:79551.0 ==
eandg
Spin: 
 Energy calculation finished, energy: -2.138680321E+03
Curvature at dimer midpoint after rotation    -0.00251
Curvature at dimer minimum                    -0.00283
Actual dimer rotation angle:         0.056 deg
Dimer rotation converged after    1 steps
Writing TS-mode
Curvature after dimer rotation:               -0.00283
Frequency of transition mode  -273.420 cm^-1 (negative value denotes imaginary frequency)
Crossover temperature for tunnelling       62.60994 K
Restarting L-BFGS optimiser, instance: dimer rotation
Next calculation will be the dimer  midpoint
dl-find/turbomole/=============================== Tstep:   82.4 Ttot:79633.4 ==
eandg
Spin: 
 Energy calculation finished, energy: -2.138680325E+03
Testing convergence of dimer midpoint in cycle  244
    Energy  5.7960E-06 Target: 1.0000E-06 converged?   no
  Max step  1.7463E-02 Target: 1.8000E-03 converged?   no component    34
  RMS step  2.9765E-03 Target: 1.2000E-03 converged?   no
  Max grad  3.3396E-04 Target: 4.5000E-04 converged?  yes component    83
  RMS grad  6.0913E-05 Target: 3.0000E-04 converged?  yes
Next calculation will be the dimer endpoint before rotation
dl-find/turbomole/=============================== Tstep:  113.5 Ttot:79747.0 ==
eandg
Spin: 
 Energy calculation finished, energy: -2.138680325E+03
Curvature at dimer midpoint                   -0.00285
Predicted dimer rotation angle:      4.539 deg
Next calculation will be the dimer endpoint after rotation
dl-find/turbomole/=============================== Tstep:  113.1 Ttot:79860.1 ==
eandg
Spin: 
 Energy calculation finished, energy: -2.138680326E+03
Curvature at dimer midpoint after rotation    -0.00239
Curvature at dimer minimum                    -0.00285
Actual dimer rotation angle:         0.309 deg
Dimer rotation converged after    1 steps
Writing TS-mode
Curvature after dimer rotation:               -0.00285
Frequency of transition mode  -274.353 cm^-1 (negative value denotes imaginary frequency)
Crossover temperature for tunnelling       62.82367 K
Restarting L-BFGS optimiser, instance: dimer rotation
Next calculation will be the dimer  midpoint
dl-find/turbomole/=============================== Tstep:   82.8 Ttot:79942.9 ==
eandg
Spin: 
 Energy calculation finished, energy: -2.138680324E+03
Testing convergence of dimer midpoint in cycle  245
    Energy  9.0900E-07 Target: 1.0000E-06 converged?  yes
  Max step  1.2504E-02 Target: 1.8000E-03 converged?   no component    13
  RMS step  3.9348E-03 Target: 1.2000E-03 converged?   no
  Max grad  2.1745E-04 Target: 4.5000E-04 converged?  yes component    98
  RMS grad  5.0197E-05 Target: 3.0000E-04 converged?  yes
Next calculation will be the dimer endpoint before rotation
dl-find/turbomole/=============================== Tstep:  125.9 Ttot:80068.8 ==
eandg
Spin: 
 Energy calculation finished, energy: -2.138680325E+03
Curvature at dimer midpoint                   -0.00286
Predicted dimer rotation angle:      6.150 deg
Next calculation will be the dimer endpoint after rotation
dl-find/turbomole/=============================== Tstep:  116.4 Ttot:80185.2 ==
eandg
Spin: 
 Energy calculation finished, energy: -2.138680324E+03
Curvature at dimer midpoint after rotation     0.00121
Curvature at dimer minimum                    -0.00286
Actual dimer rotation angle:         0.098 deg
Dimer rotation converged after    1 steps
Writing TS-mode
Curvature after dimer rotation:               -0.00286
Frequency of transition mode  -275.122 cm^-1 (negative value denotes imaginary frequency)
Crossover temperature for tunnelling       62.99982 K
Restarting L-BFGS optimiser, instance: dimer rotation
Next calculation will be the dimer  midpoint
dl-find/turbomole/=============================== Tstep:   87.6 Ttot:80272.8 ==
eandg
Spin: 
 Energy calculation finished, energy: -2.138680338E+03
Testing convergence of dimer midpoint in cycle  246
    Energy  1.4233E-05 Target: 1.0000E-06 converged?   no
  Max step  2.1737E-02 Target: 1.8000E-03 converged?   no component    39
  RMS step  6.5199E-03 Target: 1.2000E-03 converged?   no
  Max grad  1.3422E-04 Target: 4.5000E-04 converged?  yes component    75
  RMS grad  4.3357E-05 Target: 3.0000E-04 converged?  yes
Next calculation will be the dimer endpoint before rotation
dl-find/turbomole/=============================== Tstep:  124.6 Ttot:80397.4 ==
eandg
Spin: 
 Energy calculation finished, energy: -2.138680339E+03
Curvature at dimer midpoint                   -0.00288
Predicted dimer rotation angle:      2.487 deg
Next calculation will be the dimer endpoint after rotation
dl-find/turbomole/=============================== Tstep:  115.8 Ttot:80513.3 ==
eandg
Spin: 
 Energy calculation finished, energy: -2.138680339E+03
Curvature at dimer midpoint after rotation    -0.00265
Curvature at dimer minimum                    -0.00288
Actual dimer rotation angle:         0.111 deg
Dimer rotation converged after    1 steps
Writing TS-mode
Curvature after dimer rotation:               -0.00288
Frequency of transition mode  -275.755 cm^-1 (negative value denotes imaginary frequency)
Crossover temperature for tunnelling       63.14460 K
Restarting L-BFGS optimiser, instance: dimer rotation
Next calculation will be the dimer  midpoint
dl-find/turbomole/=============================== Tstep:   82.8 Ttot:80596.1 ==
eandg
Spin: 
 Energy calculation finished, energy: -2.138680342E+03
Testing convergence of dimer midpoint in cycle  247
    Energy  3.6820E-06 Target: 1.0000E-06 converged?   no
  Max step  3.5830E-02 Target: 1.8000E-03 converged?   no component    39
  RMS step  1.0890E-02 Target: 1.2000E-03 converged?   no
  Max grad  4.4350E-04 Target: 4.5000E-04 converged?  yes component    75
  RMS grad  6.9938E-05 Target: 3.0000E-04 converged?  yes
Next calculation will be the dimer endpoint before rotation
dl-find/turbomole/=============================== Tstep:  127.9 Ttot:80724.0 ==
eandg
Spin: 
 Energy calculation finished, energy: -2.138680343E+03
Curvature at dimer midpoint                   -0.00289
Predicted dimer rotation angle:      2.803 deg
Next calculation will be the dimer endpoint after rotation
dl-find/turbomole/=============================== Tstep:  115.8 Ttot:80839.8 ==
eandg
Spin: 
 Energy calculation finished, energy: -2.138680343E+03
Curvature at dimer midpoint after rotation    -0.00237
Curvature at dimer minimum                    -0.00289
Actual dimer rotation angle:         0.071 deg
Dimer rotation converged after    1 steps
Writing TS-mode
Curvature after dimer rotation:               -0.00289
Frequency of transition mode  -276.312 cm^-1 (negative value denotes imaginary frequency)
Crossover temperature for tunnelling       63.27232 K
Restarting L-BFGS optimiser, instance: dimer rotation
Next calculation will be the dimer  midpoint
dl-find/turbomole/=============================== Tstep:   83.8 Ttot:80923.6 ==
eandg
Spin: 
 Energy calculation finished, energy: -2.138680343E+03
Testing convergence of dimer midpoint in cycle  248
    Energy  1.4770E-06 Target: 1.0000E-06 converged?   no
  Max step  1.1407E-02 Target: 1.8000E-03 converged?   no component    39
  RMS step  3.1633E-03 Target: 1.2000E-03 converged?   no
  Max grad  2.3995E-04 Target: 4.5000E-04 converged?  yes component    98
  RMS grad  5.4904E-05 Target: 3.0000E-04 converged?  yes
Next calculation will be the dimer endpoint before rotation
dl-find/turbomole/=============================== Tstep:  121.9 Ttot:81045.6 ==
eandg
Spin: 
 Energy calculation finished, energy: -2.138680344E+03
Curvature at dimer midpoint                   -0.00292
Predicted dimer rotation angle:      2.554 deg
Next calculation will be the dimer endpoint after rotation
dl-find/turbomole/=============================== Tstep:  112.1 Ttot:81157.7 ==
eandg
Spin: 
 Energy calculation finished, energy: -2.138680344E+03
Curvature at dimer midpoint after rotation    -0.00249
Curvature at dimer minimum                    -0.00292
Actual dimer rotation angle:         0.066 deg
Dimer rotation converged after    1 steps
Writing TS-mode
Curvature after dimer rotation:               -0.00292
Frequency of transition mode  -277.682 cm^-1 (negative value denotes imaginary frequency)
Crossover temperature for tunnelling       63.58604 K
Restarting L-BFGS optimiser, instance: dimer rotation
Next calculation will be the dimer  midpoint
dl-find/turbomole/=============================== Tstep:   58.0 Ttot:81215.7 ==
eandg
Spin: 
 Energy calculation finished, energy: -2.138680348E+03
Testing convergence of dimer midpoint in cycle  249
    Energy  5.3770E-06 Target: 1.0000E-06 converged?   no
  Max step  9.4141E-03 Target: 1.8000E-03 converged?   no component   188
  RMS step  2.3187E-03 Target: 1.2000E-03 converged?   no
  Max grad  1.9294E-04 Target: 4.5000E-04 converged?  yes component    88
  RMS grad  4.6790E-05 Target: 3.0000E-04 converged?  yes
Next calculation will be the dimer endpoint before rotation
dl-find/turbomole/=============================== Tstep:  120.1 Ttot:81335.7 ==
eandg
Spin: 
 Energy calculation finished, energy: -2.138680349E+03
Curvature at dimer midpoint                   -0.00293
Predicted dimer rotation angle:      2.142 deg
Next calculation will be the dimer endpoint after rotation
dl-find/turbomole/=============================== Tstep:  113.0 Ttot:81448.8 ==
eandg
Spin: 
 Energy calculation finished, energy: -2.138680349E+03
Curvature at dimer midpoint after rotation    -0.00267
Curvature at dimer minimum                    -0.00293
Actual dimer rotation angle:         0.062 deg
Dimer rotation converged after    1 steps
Writing TS-mode
Curvature after dimer rotation:               -0.00293
Frequency of transition mode  -278.410 cm^-1 (negative value denotes imaginary frequency)
Crossover temperature for tunnelling       63.75276 K
Restarting L-BFGS optimiser, instance: dimer rotation
Next calculation will be the dimer  midpoint
dl-find/turbomole/=============================== Tstep:   83.7 Ttot:81532.5 ==
eandg
Spin: 
 Energy calculation finished, energy: -2.138680350E+03
Testing convergence of dimer midpoint in cycle  250
    Energy  1.2250E-06 Target: 1.0000E-06 converged?   no
  Max step  1.7010E-02 Target: 1.8000E-03 converged?   no component    34
  RMS step  4.2172E-03 Target: 1.2000E-03 converged?   no
  Max grad  2.0198E-04 Target: 4.5000E-04 converged?  yes component   156
  RMS grad  5.7020E-05 Target: 3.0000E-04 converged?  yes
Next calculation will be the dimer endpoint before rotation
dl-find/turbomole/=============================== Tstep:  126.4 Ttot:81658.9 ==
eandg
Spin: 
 Energy calculation finished, energy: -2.138680351E+03
Curvature at dimer midpoint                   -0.00297
Predicted dimer rotation angle:      2.398 deg
Next calculation will be the dimer endpoint after rotation
dl-find/turbomole/=============================== Tstep:  114.9 Ttot:81773.8 ==
eandg
Spin: 
 Energy calculation finished, energy: -2.138680351E+03
Curvature at dimer midpoint after rotation    -0.00258
Curvature at dimer minimum                    -0.00297
Actual dimer rotation angle:         0.061 deg
Dimer rotation converged after    1 steps
Writing TS-mode
Curvature after dimer rotation:               -0.00297
Frequency of transition mode  -280.034 cm^-1 (negative value denotes imaginary frequency)
Crossover temperature for tunnelling       64.12448 K
Restarting L-BFGS optimiser, instance: dimer rotation
Next calculation will be the dimer  midpoint
dl-find/turbomole/=============================== Tstep:   83.9 Ttot:81857.7 ==
eandg
Spin: 
 Energy calculation finished, energy: -2.138680350E+03
Testing convergence of dimer midpoint in cycle  251
    Energy  5.5900E-07 Target: 1.0000E-06 converged?  yes
  Max step  1.4603E-02 Target: 1.8000E-03 converged?   no component    34
  RMS step  3.8279E-03 Target: 1.2000E-03 converged?   no
  Max grad  2.2254E-04 Target: 4.5000E-04 converged?  yes component    98
  RMS grad  5.8008E-05 Target: 3.0000E-04 converged?  yes
Next calculation will be the dimer endpoint before rotation
dl-find/turbomole/=============================== Tstep:  122.7 Ttot:81980.3 ==
eandg
Spin: 
 Energy calculation finished, energy: -2.138680352E+03
Curvature at dimer midpoint                   -0.00301
Predicted dimer rotation angle:      2.073 deg
Next calculation will be the dimer endpoint after rotation
dl-find/turbomole/=============================== Tstep:  115.5 Ttot:82095.8 ==
eandg
Spin: 
 Energy calculation finished, energy: -2.138680352E+03
Curvature at dimer midpoint after rotation    -0.00281
Curvature at dimer minimum                    -0.00301
Actual dimer rotation angle:         0.077 deg
Dimer rotation converged after    1 steps
Writing TS-mode
Curvature after dimer rotation:               -0.00301
Frequency of transition mode  -281.931 cm^-1 (negative value denotes imaginary frequency)
Crossover temperature for tunnelling       64.55886 K
Restarting L-BFGS optimiser, instance: dimer rotation
Next calculation will be the dimer  midpoint
dl-find/turbomole/=============================== Tstep:   82.3 Ttot:82178.1 ==
eandg
Spin: 
 Energy calculation finished, energy: -2.138680352E+03
Testing convergence of dimer midpoint in cycle  252
    Energy  2.1830E-06 Target: 1.0000E-06 converged?   no
  Max step  8.7356E-03 Target: 1.8000E-03 converged?   no component    39
  RMS step  2.5446E-03 Target: 1.2000E-03 converged?   no
  Max grad  1.9417E-04 Target: 4.5000E-04 converged?  yes component   253
  RMS grad  4.2660E-05 Target: 3.0000E-04 converged?  yes
Next calculation will be the dimer endpoint before rotation
dl-find/turbomole/=============================== Tstep:  117.1 Ttot:82295.1 ==
eandg
Spin: 
 Energy calculation finished, energy: -2.138680353E+03
Curvature at dimer midpoint                   -0.00300
Predicted dimer rotation angle:      2.361 deg
Next calculation will be the dimer endpoint after rotation
dl-find/turbomole/=============================== Tstep:  109.4 Ttot:82404.6 ==
eandg
Spin: 
 Energy calculation finished, energy: -2.138680353E+03
Curvature at dimer midpoint after rotation    -0.00253
Curvature at dimer minimum                    -0.00300
Actual dimer rotation angle:         0.049 deg
Dimer rotation converged after    1 steps
Writing TS-mode
Curvature after dimer rotation:               -0.00300
Frequency of transition mode  -281.612 cm^-1 (negative value denotes imaginary frequency)
Crossover temperature for tunnelling       64.48582 K
Restarting L-BFGS optimiser, instance: dimer rotation
Next calculation will be the dimer  midpoint
dl-find/turbomole/=============================== Tstep:   78.3 Ttot:82482.8 ==
eandg
Spin: 
 Energy calculation finished, energy: -2.138680354E+03
Testing convergence of dimer midpoint in cycle  253
    Energy  1.9780E-06 Target: 1.0000E-06 converged?   no
  Max step  2.3971E-02 Target: 1.8000E-03 converged?   no component    39
  RMS step  6.9758E-03 Target: 1.2000E-03 converged?   no
  Max grad  1.2595E-04 Target: 4.5000E-04 converged?  yes component    77
  RMS grad  4.1673E-05 Target: 3.0000E-04 converged?  yes
Next calculation will be the dimer endpoint before rotation
dl-find/turbomole/=============================== Tstep:  130.3 Ttot:82613.1 ==
eandg
Spin: 
 Energy calculation finished, energy: -2.138680355E+03
Curvature at dimer midpoint                   -0.00304
Predicted dimer rotation angle:      1.866 deg
Dimer rotation converged after    0 steps
Writing TS-mode
Curvature after dimer rotation:               -0.00304
Frequency of transition mode  -283.368 cm^-1 (negative value denotes imaginary frequency)
Crossover temperature for tunnelling       64.88796 K
Restarting L-BFGS optimiser, instance: dimer rotation
Next calculation will be the dimer  midpoint
dl-find/turbomole/=============================== Tstep:  112.2 Ttot:82725.3 ==
eandg
Spin: 
 Energy calculation finished, energy: -2.138680351E+03
Testing convergence of dimer midpoint in cycle  254
    Energy  3.4620E-06 Target: 1.0000E-06 converged?   no
  Max step  1.4446E-02 Target: 1.8000E-03 converged?   no component    39
  RMS step  4.0095E-03 Target: 1.2000E-03 converged?   no
  Max grad  3.0133E-04 Target: 4.5000E-04 converged?  yes component   155
  RMS grad  5.8304E-05 Target: 3.0000E-04 converged?  yes
Next calculation will be the dimer endpoint before rotation
dl-find/turbomole/=============================== Tstep:  117.9 Ttot:82843.2 ==
eandg
Spin: 
 Energy calculation finished, energy: -2.138680351E+03
Curvature at dimer midpoint                   -0.00306
Predicted dimer rotation angle:      2.244 deg
Next calculation will be the dimer endpoint after rotation
dl-find/turbomole/=============================== Tstep:  112.6 Ttot:82955.8 ==
eandg
Spin: 
 Energy calculation finished, energy: -2.138680351E+03
Curvature at dimer midpoint after rotation    -0.00276
Curvature at dimer minimum                    -0.00306
Actual dimer rotation angle:         0.067 deg
Dimer rotation converged after    1 steps
Writing TS-mode
Curvature after dimer rotation:               -0.00306
Frequency of transition mode  -284.191 cm^-1 (negative value denotes imaginary frequency)
Crossover temperature for tunnelling       65.07656 K
Restarting L-BFGS optimiser, instance: dimer rotation
Next calculation will be the dimer  midpoint
dl-find/turbomole/=============================== Tstep:   79.3 Ttot:83035.0 ==
eandg
Spin: 
 Energy calculation finished, energy: -2.138680354E+03
Testing convergence of dimer midpoint in cycle  255
    Energy  3.4160E-06 Target: 1.0000E-06 converged?   no
  Max step  1.1443E-02 Target: 1.8000E-03 converged?   no component    39
  RMS step  3.1524E-03 Target: 1.2000E-03 converged?   no
  Max grad  1.6005E-04 Target: 4.5000E-04 converged?  yes component   253
  RMS grad  4.0616E-05 Target: 3.0000E-04 converged?  yes
Next calculation will be the dimer endpoint before rotation
dl-find/turbomole/=============================== Tstep:  117.0 Ttot:83152.0 ==
eandg
Spin: 
 Energy calculation finished, energy: -2.138680355E+03
Curvature at dimer midpoint                   -0.00308
Predicted dimer rotation angle:      1.896 deg
Dimer rotation converged after    0 steps
Writing TS-mode
Curvature after dimer rotation:               -0.00308
Frequency of transition mode  -285.247 cm^-1 (negative value denotes imaginary frequency)
Crossover temperature for tunnelling       65.31834 K
Restarting L-BFGS optimiser, instance: dimer rotation
Next calculation will be the dimer  midpoint
dl-find/turbomole/=============================== Tstep:  115.7 Ttot:83267.8 ==
eandg
Spin: 
 Energy calculation finished, energy: -2.138680360E+03
Testing convergence of dimer midpoint in cycle  256
    Energy  5.4810E-06 Target: 1.0000E-06 converged?   no
  Max step  1.2131E-02 Target: 1.8000E-03 converged?   no component    39
  RMS step  3.3626E-03 Target: 1.2000E-03 converged?   no
  Max grad  1.4456E-04 Target: 4.5000E-04 converged?  yes component   253
  RMS grad  3.6744E-05 Target: 3.0000E-04 converged?  yes
Next calculation will be the dimer endpoint before rotation
dl-find/turbomole/=============================== Tstep:  118.8 Ttot:83386.5 ==
eandg
Spin: 
 Energy calculation finished, energy: -2.138680360E+03
Curvature at dimer midpoint                   -0.00312
Predicted dimer rotation angle:      1.988 deg
Dimer rotation converged after    0 steps
Writing TS-mode
Curvature after dimer rotation:               -0.00312
Frequency of transition mode  -286.968 cm^-1 (negative value denotes imaginary frequency)
Crossover temperature for tunnelling       65.71226 K
Restarting L-BFGS optimiser, instance: dimer rotation
Next calculation will be the dimer  midpoint
dl-find/turbomole/=============================== Tstep:  115.7 Ttot:83502.2 ==
eandg
Spin: 
 Energy calculation finished, energy: -2.138680361E+03
Testing convergence of dimer midpoint in cycle  257
    Energy  1.0350E-06 Target: 1.0000E-06 converged?   no
  Max step  7.3030E-03 Target: 1.8000E-03 converged?   no component    39
  RMS step  2.1577E-03 Target: 1.2000E-03 converged?   no
  Max grad  2.6807E-04 Target: 4.5000E-04 converged?  yes component   155
  RMS grad  5.1171E-05 Target: 3.0000E-04 converged?  yes
Next calculation will be the dimer endpoint before rotation
dl-find/turbomole/=============================== Tstep:  124.2 Ttot:83626.4 ==
eandg
Spin: 
 Energy calculation finished, energy: -2.138680361E+03
Curvature at dimer midpoint                   -0.00315
Predicted dimer rotation angle:      2.264 deg
Next calculation will be the dimer endpoint after rotation
dl-find/turbomole/=============================== Tstep:  116.5 Ttot:83742.9 ==
eandg
Spin: 
 Energy calculation finished, energy: -2.138680361E+03
Curvature at dimer midpoint after rotation    -0.00294
Curvature at dimer minimum                    -0.00315
Actual dimer rotation angle:         0.099 deg
Dimer rotation converged after    1 steps
Writing TS-mode
Curvature after dimer rotation:               -0.00315
Frequency of transition mode  -288.371 cm^-1 (negative value denotes imaginary frequency)
Crossover temperature for tunnelling       66.03363 K
Restarting L-BFGS optimiser, instance: dimer rotation
Next calculation will be the dimer  midpoint
dl-find/turbomole/=============================== Tstep:   83.0 Ttot:83826.0 ==
eandg
Spin: 
 Energy calculation finished, energy: -2.138680368E+03
Testing convergence of dimer midpoint in cycle  258
    Energy  7.4440E-06 Target: 1.0000E-06 converged?   no
  Max step  5.6982E-03 Target: 1.8000E-03 converged?   no component    39
  RMS step  1.7346E-03 Target: 1.2000E-03 converged?   no
  Max grad  2.1488E-04 Target: 4.5000E-04 converged?  yes component   155
  RMS grad  3.9786E-05 Target: 3.0000E-04 converged?  yes
Next calculation will be the dimer endpoint before rotation
dl-find/turbomole/=============================== Tstep:  118.2 Ttot:83944.2 ==
eandg
Spin: 
 Energy calculation finished, energy: -2.138680368E+03
Curvature at dimer midpoint                   -0.00316
Predicted dimer rotation angle:      2.404 deg
Next calculation will be the dimer endpoint after rotation
dl-find/turbomole/=============================== Tstep:  112.5 Ttot:84056.6 ==
eandg
Spin: 
 Energy calculation finished, energy: -2.138680368E+03
Curvature at dimer midpoint after rotation    -0.00272
Curvature at dimer minimum                    -0.00316
Actual dimer rotation angle:         0.058 deg
Dimer rotation converged after    1 steps
Writing TS-mode
Curvature after dimer rotation:               -0.00316
Frequency of transition mode  -288.959 cm^-1 (negative value denotes imaginary frequency)
Crossover temperature for tunnelling       66.16835 K
Restarting L-BFGS optimiser, instance: dimer rotation
Next calculation will be the dimer  midpoint
dl-find/turbomole/=============================== Tstep:   87.7 Ttot:84144.3 ==
eandg
Spin: 
 Energy calculation finished, energy: -2.138680375E+03
Testing convergence of dimer midpoint in cycle  259
    Energy  6.8190E-06 Target: 1.0000E-06 converged?   no
  Max step  1.1346E-02 Target: 1.8000E-03 converged?   no component   208
  RMS step  3.8379E-03 Target: 1.2000E-03 converged?   no
  Max grad  1.3730E-04 Target: 4.5000E-04 converged?  yes component    98
  RMS grad  3.5645E-05 Target: 3.0000E-04 converged?  yes
Next calculation will be the dimer endpoint before rotation
dl-find/turbomole/=============================== Tstep:  128.3 Ttot:84272.6 ==
eandg
Spin: 
 Energy calculation finished, energy: -2.138680375E+03
Curvature at dimer midpoint                   -0.00319
Predicted dimer rotation angle:      2.110 deg
Next calculation will be the dimer endpoint after rotation
dl-find/turbomole/=============================== Tstep:  112.4 Ttot:84385.0 ==
eandg
Spin: 
 Energy calculation finished, energy: -2.138680375E+03
Curvature at dimer midpoint after rotation    -0.00292
Curvature at dimer minimum                    -0.00319
Actual dimer rotation angle:         0.064 deg
Dimer rotation converged after    1 steps
Writing TS-mode
Curvature after dimer rotation:               -0.00319
Frequency of transition mode  -290.238 cm^-1 (negative value denotes imaginary frequency)
Crossover temperature for tunnelling       66.46106 K
Restarting L-BFGS optimiser, instance: dimer rotation
Next calculation will be the dimer  midpoint
dl-find/turbomole/=============================== Tstep:   83.7 Ttot:84468.7 ==
eandg
Spin: 
 Energy calculation finished, energy: -2.138680377E+03
Testing convergence of dimer midpoint in cycle  260
    Energy  1.9760E-06 Target: 1.0000E-06 converged?   no
  Max step  1.4101E-02 Target: 1.8000E-03 converged?   no component    39
  RMS step  4.1943E-03 Target: 1.2000E-03 converged?   no
  Max grad  3.7825E-04 Target: 4.5000E-04 converged?  yes component    93
  RMS grad  6.6215E-05 Target: 3.0000E-04 converged?  yes
Next calculation will be the dimer endpoint before rotation
dl-find/turbomole/=============================== Tstep:  123.5 Ttot:84592.2 ==
eandg
Spin: 
 Energy calculation finished, energy: -2.138680376E+03
Curvature at dimer midpoint                   -0.00322
Predicted dimer rotation angle:      1.948 deg
Dimer rotation converged after    0 steps
Writing TS-mode
Curvature after dimer rotation:               -0.00322
Frequency of transition mode  -291.502 cm^-1 (negative value denotes imaginary frequency)
Crossover temperature for tunnelling       66.75053 K
Restarting L-BFGS optimiser, instance: dimer rotation
Next calculation will be the dimer  midpoint
dl-find/turbomole/=============================== Tstep:  112.3 Ttot:84704.5 ==
eandg
Spin: 
 Energy calculation finished, energy: -2.138680383E+03
Testing convergence of dimer midpoint in cycle  261
    Energy  5.4530E-06 Target: 1.0000E-06 converged?   no
  Max step  1.2064E-02 Target: 1.8000E-03 converged?   no component    39
  RMS step  3.5800E-03 Target: 1.2000E-03 converged?   no
  Max grad  2.2042E-04 Target: 4.5000E-04 converged?  yes component    93
  RMS grad  4.5546E-05 Target: 3.0000E-04 converged?  yes
Next calculation will be the dimer endpoint before rotation
dl-find/turbomole/=============================== Tstep:  120.0 Ttot:84824.5 ==
eandg
Spin: 
 Energy calculation finished, energy: -2.138680382E+03
Curvature at dimer midpoint                   -0.00323
Predicted dimer rotation angle:      1.963 deg
Dimer rotation converged after    0 steps
Writing TS-mode
Curvature after dimer rotation:               -0.00323
Frequency of transition mode  -292.078 cm^-1 (negative value denotes imaginary frequency)
Crossover temperature for tunnelling       66.88244 K
Restarting L-BFGS optimiser, instance: dimer rotation
Next calculation will be the dimer  midpoint
dl-find/turbomole/=============================== Tstep:  117.2 Ttot:84941.6 ==
eandg
Spin: 
 Energy calculation finished, energy: -2.138680389E+03
Testing convergence of dimer midpoint in cycle  262
    Energy  6.7090E-06 Target: 1.0000E-06 converged?   no
  Max step  2.1915E-02 Target: 1.8000E-03 converged?   no component    39
  RMS step  6.6846E-03 Target: 1.2000E-03 converged?   no
  Max grad  1.2265E-04 Target: 4.5000E-04 converged?  yes component   155
  RMS grad  4.1674E-05 Target: 3.0000E-04 converged?  yes
Next calculation will be the dimer endpoint before rotation
dl-find/turbomole/=============================== Tstep:  126.2 Ttot:85067.8 ==
eandg
Spin: 
 Energy calculation finished, energy: -2.138680389E+03
Curvature at dimer midpoint                   -0.00324
Predicted dimer rotation angle:      2.077 deg
Next calculation will be the dimer endpoint after rotation
dl-find/turbomole/=============================== Tstep:  116.1 Ttot:85183.9 ==
eandg
Spin: 
 Energy calculation finished, energy: -2.138680388E+03
Curvature at dimer midpoint after rotation    -0.00304
Curvature at dimer minimum                    -0.00324
Actual dimer rotation angle:         0.080 deg
Dimer rotation converged after    1 steps
Writing TS-mode
Curvature after dimer rotation:               -0.00324
Frequency of transition mode  -292.596 cm^-1 (negative value denotes imaginary frequency)
Crossover temperature for tunnelling       67.00103 K
Restarting L-BFGS optimiser, instance: dimer rotation
Next calculation will be the dimer  midpoint
dl-find/turbomole/=============================== Tstep:   78.2 Ttot:85262.1 ==
eandg
Spin: 
 Energy calculation finished, energy: -2.138680379E+03
Testing convergence of dimer midpoint in cycle  263
    Energy  1.0715E-05 Target: 1.0000E-06 converged?   no
  Max step  2.0578E-02 Target: 1.8000E-03 converged?   no component    39
  RMS step  6.2266E-03 Target: 1.2000E-03 converged?   no
  Max grad  2.5499E-04 Target: 4.5000E-04 converged?  yes component    68
  RMS grad  5.3279E-05 Target: 3.0000E-04 converged?  yes
Next calculation will be the dimer endpoint before rotation
dl-find/turbomole/=============================== Tstep:  122.2 Ttot:85384.3 ==
eandg
Spin: 
 Energy calculation finished, energy: -2.138680378E+03
Curvature at dimer midpoint                   -0.00325
Predicted dimer rotation angle:      2.204 deg
Next calculation will be the dimer endpoint after rotation
dl-find/turbomole/=============================== Tstep:  116.7 Ttot:85501.0 ==
eandg
Spin: 
 Energy calculation finished, energy: -2.138680378E+03
Curvature at dimer midpoint after rotation    -0.00292
Curvature at dimer minimum                    -0.00325
Actual dimer rotation angle:         0.061 deg
Dimer rotation converged after    1 steps
Writing TS-mode
Curvature after dimer rotation:               -0.00325
Frequency of transition mode  -293.152 cm^-1 (negative value denotes imaginary frequency)
Crossover temperature for tunnelling       67.12846 K
Restarting L-BFGS optimiser, instance: dimer rotation
Next calculation will be the dimer  midpoint
dl-find/turbomole/=============================== Tstep:   80.1 Ttot:85581.1 ==
eandg
Spin: 
 Energy calculation finished, energy: -2.138680396E+03
Testing convergence of dimer midpoint in cycle  264
    Energy  1.7263E-05 Target: 1.0000E-06 converged?   no
  Max step  5.0442E-02 Target: 1.8000E-03 converged?   no component    39
  RMS step  1.5417E-02 Target: 1.2000E-03 converged?   no
  Max grad  5.9625E-04 Target: 4.5000E-04 converged?   no component   253
  RMS grad  9.9976E-05 Target: 3.0000E-04 converged?  yes
Next calculation will be the dimer endpoint before rotation
dl-find/turbomole/=============================== Tstep:  134.0 Ttot:85715.1 ==
eandg
Spin: 
 Energy calculation finished, energy: -2.138680395E+03
Curvature at dimer midpoint                   -0.00327
Predicted dimer rotation angle:      2.298 deg
Next calculation will be the dimer endpoint after rotation
dl-find/turbomole/=============================== Tstep:  112.7 Ttot:85827.8 ==
eandg
Spin: 
 Energy calculation finished, energy: -2.138680395E+03
Curvature at dimer midpoint after rotation    -0.00292
Curvature at dimer minimum                    -0.00327
Actual dimer rotation angle:         0.065 deg
Dimer rotation converged after    1 steps
Writing TS-mode
Curvature after dimer rotation:               -0.00327
Frequency of transition mode  -293.919 cm^-1 (negative value denotes imaginary frequency)
Crossover temperature for tunnelling       67.30398 K
Restarting L-BFGS optimiser, instance: dimer rotation
Next calculation will be the dimer  midpoint
dl-find/turbomole/=============================== Tstep:   84.0 Ttot:85911.8 ==
eandg
Spin: 
 Energy calculation finished, energy: -2.138680403E+03
Testing convergence of dimer midpoint in cycle  265
    Energy  7.3540E-06 Target: 1.0000E-06 converged?   no
  Max step  8.8872E-03 Target: 1.8000E-03 converged?   no component    37
  RMS step  1.8599E-03 Target: 1.2000E-03 converged?   no
  Max grad  1.4307E-04 Target: 4.5000E-04 converged?  yes component   251
  RMS grad  4.5535E-05 Target: 3.0000E-04 converged?  yes
Next calculation will be the dimer endpoint before rotation
dl-find/turbomole/=============================== Tstep:  126.5 Ttot:86038.3 ==
eandg
Spin: 
 Energy calculation finished, energy: -2.138680402E+03
Curvature at dimer midpoint                   -0.00327
Predicted dimer rotation angle:      1.911 deg
Dimer rotation converged after    0 steps
Writing TS-mode
Curvature after dimer rotation:               -0.00327
Frequency of transition mode  -294.159 cm^-1 (negative value denotes imaginary frequency)
Crossover temperature for tunnelling       67.35908 K
Restarting L-BFGS optimiser, instance: dimer rotation
Next calculation will be the dimer  midpoint
dl-find/turbomole/=============================== Tstep:  113.5 Ttot:86151.8 ==
eandg
Spin: 
 Energy calculation finished, energy: -2.138680402E+03
Testing convergence of dimer midpoint in cycle  266
    Energy  8.9600E-07 Target: 1.0000E-06 converged?  yes
  Max step  5.7872E-03 Target: 1.8000E-03 converged?   no component   131
  RMS step  1.6338E-03 Target: 1.2000E-03 converged?   no
  Max grad  1.4512E-04 Target: 4.5000E-04 converged?  yes component   253
  RMS grad  4.2246E-05 Target: 3.0000E-04 converged?  yes
Next calculation will be the dimer endpoint before rotation
dl-find/turbomole/=============================== Tstep:  115.4 Ttot:86267.2 ==
eandg
Spin: 
 Energy calculation finished, energy: -2.138680401E+03
Curvature at dimer midpoint                   -0.00327
Predicted dimer rotation angle:      1.900 deg
Dimer rotation converged after    0 steps
Writing TS-mode
Curvature after dimer rotation:               -0.00327
Frequency of transition mode  -293.862 cm^-1 (negative value denotes imaginary frequency)
Crossover temperature for tunnelling       67.29103 K
Restarting L-BFGS optimiser, instance: dimer rotation
Next calculation will be the dimer  midpoint
dl-find/turbomole/=============================== Tstep:  113.2 Ttot:86380.4 ==
eandg
Spin: 
 Energy calculation finished, energy: -2.138680407E+03
Testing convergence of dimer midpoint in cycle  267
    Energy  4.3210E-06 Target: 1.0000E-06 converged?   no
  Max step  1.4738E-02 Target: 1.8000E-03 converged?   no component    39
  RMS step  4.7499E-03 Target: 1.2000E-03 converged?   no
  Max grad  2.0673E-04 Target: 4.5000E-04 converged?  yes component    93
  RMS grad  5.3147E-05 Target: 3.0000E-04 converged?  yes
Next calculation will be the dimer endpoint before rotation
dl-find/turbomole/=============================== Tstep:  120.9 Ttot:86501.2 ==
eandg
Spin: 
 Energy calculation finished, energy: -2.138680406E+03
Curvature at dimer midpoint                   -0.00327
Predicted dimer rotation angle:      1.857 deg
Dimer rotation converged after    0 steps
Writing TS-mode
Curvature after dimer rotation:               -0.00327
Frequency of transition mode  -293.832 cm^-1 (negative value denotes imaginary frequency)
Crossover temperature for tunnelling       67.28424 K
Restarting L-BFGS optimiser, instance: dimer rotation
Next calculation will be the dimer  midpoint
dl-find/turbomole/=============================== Tstep:  113.8 Ttot:86615.1 ==
eandg
Spin: 
 Energy calculation finished, energy: -2.138680407E+03
Testing convergence of dimer midpoint in cycle  268
    Energy  6.4200E-07 Target: 1.0000E-06 converged?  yes
  Max step  3.6321E-02 Target: 1.8000E-03 converged?   no component    39
  RMS step  1.1278E-02 Target: 1.2000E-03 converged?   no
  Max grad  5.3087E-04 Target: 4.5000E-04 converged?   no component   218
  RMS grad  1.0975E-04 Target: 3.0000E-04 converged?  yes
Next calculation will be the dimer endpoint before rotation
dl-find/turbomole/=============================== Tstep:  127.2 Ttot:86742.2 ==
eandg
Spin: 
 Energy calculation finished, energy: -2.138680407E+03
Curvature at dimer midpoint                   -0.00328
Predicted dimer rotation angle:      2.138 deg
Next calculation will be the dimer endpoint after rotation
dl-find/turbomole/=============================== Tstep:  117.2 Ttot:86859.4 ==
eandg
Spin: 
 Energy calculation finished, energy: -2.138680407E+03
Curvature at dimer midpoint after rotation    -0.00304
Curvature at dimer minimum                    -0.00328
Actual dimer rotation angle:         0.078 deg
Dimer rotation converged after    1 steps
Writing TS-mode
Curvature after dimer rotation:               -0.00328
Frequency of transition mode  -294.203 cm^-1 (negative value denotes imaginary frequency)
Crossover temperature for tunnelling       67.36917 K
Restarting L-BFGS optimiser, instance: dimer rotation
Next calculation will be the dimer  midpoint
dl-find/turbomole/=============================== Tstep:   74.0 Ttot:86933.4 ==
eandg
Spin: 
 Energy calculation finished, energy: -2.138680413E+03
Testing convergence of dimer midpoint in cycle  269
    Energy  5.6380E-06 Target: 1.0000E-06 converged?   no
  Max step  1.8494E-02 Target: 1.8000E-03 converged?   no component    39
  RMS step  5.9254E-03 Target: 1.2000E-03 converged?   no
  Max grad  1.5609E-04 Target: 4.5000E-04 converged?  yes component   218
  RMS grad  5.0766E-05 Target: 3.0000E-04 converged?  yes
Next calculation will be the dimer endpoint before rotation
dl-find/turbomole/=============================== Tstep:  123.7 Ttot:87057.1 ==
eandg
Spin: 
 Energy calculation finished, energy: -2.138680413E+03
Curvature at dimer midpoint                   -0.00327
Predicted dimer rotation angle:      2.254 deg
Next calculation will be the dimer endpoint after rotation
dl-find/turbomole/=============================== Tstep:  113.2 Ttot:87170.2 ==
eandg
Spin: 
 Energy calculation finished, energy: -2.138680413E+03
Curvature at dimer midpoint after rotation    -0.00293
Curvature at dimer minimum                    -0.00327
Actual dimer rotation angle:         0.063 deg
Dimer rotation converged after    1 steps
Writing TS-mode
Curvature after dimer rotation:               -0.00327
Frequency of transition mode  -294.151 cm^-1 (negative value denotes imaginary frequency)
Crossover temperature for tunnelling       67.35712 K
Restarting L-BFGS optimiser, instance: dimer rotation
Next calculation will be the dimer  midpoint
dl-find/turbomole/=============================== Tstep:   72.2 Ttot:87242.4 ==
eandg
Spin: 
 Energy calculation finished, energy: -2.138680418E+03
Testing convergence of dimer midpoint in cycle  270
    Energy  5.3070E-06 Target: 1.0000E-06 converged?   no
  Max step  1.8797E-02 Target: 1.8000E-03 converged?   no component    13
  RMS step  5.9032E-03 Target: 1.2000E-03 converged?   no
  Max grad  1.3681E-04 Target: 4.5000E-04 converged?  yes component   162
  RMS grad  4.2300E-05 Target: 3.0000E-04 converged?  yes
Next calculation will be the dimer endpoint before rotation
dl-find/turbomole/=============================== Tstep:  124.1 Ttot:87366.5 ==
eandg
Spin: 
 Energy calculation finished, energy: -2.138680418E+03
Curvature at dimer midpoint                   -0.00328
Predicted dimer rotation angle:      1.984 deg
Dimer rotation converged after    0 steps
Writing TS-mode
Curvature after dimer rotation:               -0.00328
Frequency of transition mode  -294.380 cm^-1 (negative value denotes imaginary frequency)
Crossover temperature for tunnelling       67.40967 K
Restarting L-BFGS optimiser, instance: dimer rotation
Next calculation will be the dimer  midpoint
dl-find/turbomole/=============================== Tstep:  114.4 Ttot:87481.0 ==
eandg
Spin: 
 Energy calculation finished, energy: -2.138680422E+03
Testing convergence of dimer midpoint in cycle  271
    Energy  4.0670E-06 Target: 1.0000E-06 converged?   no
  Max step  1.7034E-02 Target: 1.8000E-03 converged?   no component    39
  RMS step  5.9410E-03 Target: 1.2000E-03 converged?   no
  Max grad  2.1934E-04 Target: 4.5000E-04 converged?  yes component   253
  RMS grad  5.2718E-05 Target: 3.0000E-04 converged?  yes
Next calculation will be the dimer endpoint before rotation
dl-find/turbomole/=============================== Tstep:  116.6 Ttot:87597.5 ==
eandg
Spin: 
 Energy calculation finished, energy: -2.138680422E+03
Curvature at dimer midpoint                   -0.00327
Predicted dimer rotation angle:      2.210 deg
Next calculation will be the dimer endpoint after rotation
dl-find/turbomole/=============================== Tstep:  115.2 Ttot:87712.7 ==
eandg
Spin: 
 Energy calculation finished, energy: -2.138680421E+03
Curvature at dimer midpoint after rotation    -0.00298
Curvature at dimer minimum                    -0.00327
Actual dimer rotation angle:         0.068 deg
Dimer rotation converged after    1 steps
Writing TS-mode
Curvature after dimer rotation:               -0.00327
Frequency of transition mode  -294.174 cm^-1 (negative value denotes imaginary frequency)
Crossover temperature for tunnelling       67.36238 K
Restarting L-BFGS optimiser, instance: dimer rotation
Next calculation will be the dimer  midpoint
dl-find/turbomole/=============================== Tstep:   83.6 Ttot:87796.3 ==
eandg
Spin: 
 Energy calculation finished, energy: -2.138680424E+03
Testing convergence of dimer midpoint in cycle  272
    Energy  1.7850E-06 Target: 1.0000E-06 converged?   no
  Max step  3.1208E-02 Target: 1.8000E-03 converged?   no component    39
  RMS step  1.1182E-02 Target: 1.2000E-03 converged?   no
  Max grad  4.6432E-04 Target: 4.5000E-04 converged?   no component   218
  RMS grad  9.1124E-05 Target: 3.0000E-04 converged?  yes
Next calculation will be the dimer endpoint before rotation
dl-find/turbomole/=============================== Tstep:  123.0 Ttot:87919.4 ==
eandg
Spin: 
 Energy calculation finished, energy: -2.138680424E+03
Curvature at dimer midpoint                   -0.00326
Predicted dimer rotation angle:      1.899 deg
Dimer rotation converged after    0 steps
Writing TS-mode
Curvature after dimer rotation:               -0.00326
Frequency of transition mode  -293.329 cm^-1 (negative value denotes imaginary frequency)
Crossover temperature for tunnelling       67.16884 K
Restarting L-BFGS optimiser, instance: dimer rotation
Next calculation will be the dimer  midpoint
dl-find/turbomole/=============================== Tstep:  113.1 Ttot:88032.5 ==
eandg
Spin: 
 Energy calculation finished, energy: -2.138680369E+03
Testing convergence of dimer midpoint in cycle  273
    Energy  5.4985E-05 Target: 1.0000E-06 converged?   no
  Max step  2.6486E-02 Target: 1.8000E-03 converged?   no component    42
  RMS step  9.7690E-03 Target: 1.2000E-03 converged?   no
  Max grad  2.4771E-04 Target: 4.5000E-04 converged?  yes component    93
  RMS grad  6.0602E-05 Target: 3.0000E-04 converged?  yes
Next calculation will be the dimer endpoint before rotation
dl-find/turbomole/=============================== Tstep:  130.1 Ttot:88162.6 ==
eandg
Spin: 
 Energy calculation finished, energy: -2.138680369E+03
Curvature at dimer midpoint                   -0.00325
Predicted dimer rotation angle:      2.125 deg
Next calculation will be the dimer endpoint after rotation
dl-find/turbomole/=============================== Tstep:  110.0 Ttot:88272.6 ==
eandg
Spin: 
 Energy calculation finished, energy: -2.138680369E+03
Curvature at dimer midpoint after rotation    -0.00305
Curvature at dimer minimum                    -0.00325
Actual dimer rotation angle:         0.086 deg
Dimer rotation converged after    1 steps
Writing TS-mode
Curvature after dimer rotation:               -0.00325
Frequency of transition mode  -293.023 cm^-1 (negative value denotes imaginary frequency)
Crossover temperature for tunnelling       67.09886 K
Restarting L-BFGS optimiser, instance: dimer rotation
Next calculation will be the dimer  midpoint
dl-find/turbomole/=============================== Tstep:   67.4 Ttot:88340.1 ==
eandg
Spin: 
 Energy calculation finished, energy: -2.138680390E+03
Testing convergence of dimer midpoint in cycle  274
    Energy  2.1093E-05 Target: 1.0000E-06 converged?   no
  Max step  1.5311E-02 Target: 1.8000E-03 converged?   no component    37
  RMS step  3.0080E-03 Target: 1.2000E-03 converged?   no
  Max grad  1.2203E-04 Target: 4.5000E-04 converged?  yes component    93
  RMS grad  4.0950E-05 Target: 3.0000E-04 converged?  yes
Next calculation will be the dimer endpoint before rotation
dl-find/turbomole/=============================== Tstep:  124.1 Ttot:88464.1 ==
eandg
Spin: 
 Energy calculation finished, energy: -2.138680390E+03
Curvature at dimer midpoint                   -0.00323
Predicted dimer rotation angle:      2.376 deg
Next calculation will be the dimer endpoint after rotation
dl-find/turbomole/=============================== Tstep:  112.5 Ttot:88576.7 ==
eandg
Spin: 
 Energy calculation finished, energy: -2.138680390E+03
Curvature at dimer midpoint after rotation    -0.00279
Curvature at dimer minimum                    -0.00323
Actual dimer rotation angle:         0.057 deg
Dimer rotation converged after    1 steps
Writing TS-mode
Curvature after dimer rotation:               -0.00323
Frequency of transition mode  -292.360 cm^-1 (negative value denotes imaginary frequency)
Crossover temperature for tunnelling       66.94711 K
Restarting L-BFGS optimiser, instance: dimer rotation
Next calculation will be the dimer  midpoint
dl-find/turbomole/=============================== Tstep:   78.2 Ttot:88654.9 ==
eandg
Spin: 
 Energy calculation finished, energy: -2.138680395E+03
Testing convergence of dimer midpoint in cycle  275
    Energy  4.8370E-06 Target: 1.0000E-06 converged?   no
  Max step  1.6736E-02 Target: 1.8000E-03 converged?   no component    37
  RMS step  3.1419E-03 Target: 1.2000E-03 converged?   no
  Max grad  2.6794E-04 Target: 4.5000E-04 converged?  yes component   213
  RMS grad  6.0957E-05 Target: 3.0000E-04 converged?  yes
Next calculation will be the dimer endpoint before rotation
dl-find/turbomole/=============================== Tstep:  114.5 Ttot:88769.3 ==
eandg
Spin: 
 Energy calculation finished, energy: -2.138680395E+03
Curvature at dimer midpoint                   -0.00322
Predicted dimer rotation angle:      1.828 deg
Dimer rotation converged after    0 steps
Writing TS-mode
Curvature after dimer rotation:               -0.00322
Frequency of transition mode  -291.699 cm^-1 (negative value denotes imaginary frequency)
Crossover temperature for tunnelling       66.79569 K
Restarting L-BFGS optimiser, instance: dimer rotation
Next calculation will be the dimer  midpoint
dl-find/turbomole/=============================== Tstep:  115.6 Ttot:88885.0 ==
eandg
Spin: 
 Energy calculation finished, energy: -2.138680402E+03
Testing convergence of dimer midpoint in cycle  276
    Energy  6.6710E-06 Target: 1.0000E-06 converged?   no
  Max step  1.2832E-02 Target: 1.8000E-03 converged?   no component   102
  RMS step  4.1912E-03 Target: 1.2000E-03 converged?   no
  Max grad  2.4773E-04 Target: 4.5000E-04 converged?  yes component    93
  RMS grad  5.9349E-05 Target: 3.0000E-04 converged?  yes
Next calculation will be the dimer endpoint before rotation
dl-find/turbomole/=============================== Tstep:  116.4 Ttot:89001.4 ==
eandg
Spin: 
 Energy calculation finished, energy: -2.138680402E+03
Curvature at dimer midpoint                   -0.00320
Predicted dimer rotation angle:      2.203 deg
Next calculation will be the dimer endpoint after rotation
dl-find/turbomole/=============================== Tstep:  116.7 Ttot:89118.1 ==
eandg
Spin: 
 Energy calculation finished, energy: -2.138680402E+03
Curvature at dimer midpoint after rotation    -0.00289
Curvature at dimer minimum                    -0.00320
Actual dimer rotation angle:         0.063 deg
Dimer rotation converged after    1 steps
Writing TS-mode
Curvature after dimer rotation:               -0.00320
Frequency of transition mode  -290.635 cm^-1 (negative value denotes imaginary frequency)
Crossover temperature for tunnelling       66.55213 K
Restarting L-BFGS optimiser, instance: dimer rotation
Next calculation will be the dimer  midpoint
dl-find/turbomole/=============================== Tstep:   74.1 Ttot:89192.2 ==
eandg
Spin: 
 Energy calculation finished, energy: -2.138680405E+03
Testing convergence of dimer midpoint in cycle  277
    Energy  3.2750E-06 Target: 1.0000E-06 converged?   no
  Max step  1.0227E-02 Target: 1.8000E-03 converged?   no component   102
  RMS step  3.0562E-03 Target: 1.2000E-03 converged?   no
  Max grad  1.4978E-04 Target: 4.5000E-04 converged?  yes component   252
  RMS grad  4.5066E-05 Target: 3.0000E-04 converged?  yes
Next calculation will be the dimer endpoint before rotation
dl-find/turbomole/=============================== Tstep:  118.9 Ttot:89311.1 ==
eandg
Spin: 
 Energy calculation finished, energy: -2.138680405E+03
Curvature at dimer midpoint                   -0.00321
Predicted dimer rotation angle:      1.743 deg
Dimer rotation converged after    0 steps
Writing TS-mode
Curvature after dimer rotation:               -0.00321
Frequency of transition mode  -291.050 cm^-1 (negative value denotes imaginary frequency)
Crossover temperature for tunnelling       66.64708 K
Restarting L-BFGS optimiser, instance: dimer rotation
Next calculation will be the dimer  midpoint
dl-find/turbomole/=============================== Tstep:  112.9 Ttot:89423.9 ==
eandg
Spin: 
 Energy calculation finished, energy: -2.138680393E+03
Testing convergence of dimer midpoint in cycle  278
    Energy  1.2122E-05 Target: 1.0000E-06 converged?   no
  Max step  4.2575E-02 Target: 1.8000E-03 converged?   no component   102
  RMS step  1.1860E-02 Target: 1.2000E-03 converged?   no
  Max grad  2.1783E-04 Target: 4.5000E-04 converged?  yes component    60
  RMS grad  4.9604E-05 Target: 3.0000E-04 converged?  yes
Next calculation will be the dimer endpoint before rotation
dl-find/turbomole/=============================== Tstep:  123.3 Ttot:89547.3 ==
eandg
Spin: 
 Energy calculation finished, energy: -2.138680398E+03
Curvature at dimer midpoint                   -0.00316
Predicted dimer rotation angle:      3.192 deg
Next calculation will be the dimer endpoint after rotation
dl-find/turbomole/=============================== Tstep:  113.3 Ttot:89660.6 ==
eandg
Spin: 
 Energy calculation finished, energy: -2.138680398E+03
Curvature at dimer midpoint after rotation    -0.00282
Curvature at dimer minimum                    -0.00316
Actual dimer rotation angle:         0.164 deg
Dimer rotation converged after    1 steps
Writing TS-mode
Curvature after dimer rotation:               -0.00316
Frequency of transition mode  -288.973 cm^-1 (negative value denotes imaginary frequency)
Crossover temperature for tunnelling       66.17153 K
Restarting L-BFGS optimiser, instance: dimer rotation
Next calculation will be the dimer  midpoint
dl-find/turbomole/=============================== Tstep:   78.7 Ttot:89739.2 ==
eandg
Spin: 
 Energy calculation finished, energy: -2.138680391E+03
Testing convergence of dimer midpoint in cycle  279
    Energy  1.9930E-06 Target: 1.0000E-06 converged?   no
  Max step  1.8625E-02 Target: 1.8000E-03 converged?   no component   102
  RMS step  4.4727E-03 Target: 1.2000E-03 converged?   no
  Max grad  3.2221E-04 Target: 4.5000E-04 converged?  yes component   245
  RMS grad  6.1928E-05 Target: 3.0000E-04 converged?  yes
Next calculation will be the dimer endpoint before rotation
dl-find/turbomole/=============================== Tstep:  119.5 Ttot:89858.7 ==
eandg
Spin: 
 Energy calculation finished, energy: -2.138680391E+03
Curvature at dimer midpoint                   -0.00318
Predicted dimer rotation angle:      3.513 deg
Next calculation will be the dimer endpoint after rotation
dl-find/turbomole/=============================== Tstep:  111.3 Ttot:89970.0 ==
eandg
Spin: 
 Energy calculation finished, energy: -2.138680391E+03
Curvature at dimer midpoint after rotation    -0.00231
Curvature at dimer minimum                    -0.00318
Actual dimer rotation angle:         0.092 deg
Dimer rotation converged after    1 steps
Writing TS-mode
Curvature after dimer rotation:               -0.00318
Frequency of transition mode  -290.083 cm^-1 (negative value denotes imaginary frequency)
Crossover temperature for tunnelling       66.42575 K
Restarting L-BFGS optimiser, instance: dimer rotation
Next calculation will be the dimer  midpoint
dl-find/turbomole/=============================== Tstep:   85.6 Ttot:90055.6 ==
eandg
Spin: 
 Energy calculation finished, energy: -2.138680396E+03
Testing convergence of dimer midpoint in cycle  280
    Energy  4.9650E-06 Target: 1.0000E-06 converged?   no
  Max step  1.6568E-02 Target: 1.8000E-03 converged?   no component   102
  RMS step  3.8960E-03 Target: 1.2000E-03 converged?   no
  Max grad  2.9308E-04 Target: 4.5000E-04 converged?  yes component   245
  RMS grad  5.6908E-05 Target: 3.0000E-04 converged?  yes
Next calculation will be the dimer endpoint before rotation
dl-find/turbomole/=============================== Tstep:  119.2 Ttot:90174.9 ==
eandg
Spin: 
 Energy calculation finished, energy: -2.138680396E+03
Curvature at dimer midpoint                   -0.00319
Predicted dimer rotation angle:      2.415 deg
Next calculation will be the dimer endpoint after rotation
dl-find/turbomole/=============================== Tstep:  113.0 Ttot:90287.9 ==
eandg
Spin: 
 Energy calculation finished, energy: -2.138680396E+03
Curvature at dimer midpoint after rotation    -0.00279
Curvature at dimer minimum                    -0.00319
Actual dimer rotation angle:         0.065 deg
Dimer rotation converged after    1 steps
Writing TS-mode
Curvature after dimer rotation:               -0.00319
Frequency of transition mode  -290.181 cm^-1 (negative value denotes imaginary frequency)
Crossover temperature for tunnelling       66.44800 K
Restarting L-BFGS optimiser, instance: dimer rotation
Next calculation will be the dimer  midpoint
dl-find/turbomole/=============================== Tstep:   81.6 Ttot:90369.5 ==
eandg
Spin: 
 Energy calculation finished, energy: -2.138680496E+03
Testing convergence of dimer midpoint in cycle  281
    Energy  9.9734E-05 Target: 1.0000E-06 converged?   no
  Max step  6.6730E-02 Target: 1.8000E-03 converged?   no component   102
  RMS step  1.4868E-02 Target: 1.2000E-03 converged?   no
  Max grad  4.4021E-04 Target: 4.5000E-04 converged?  yes component    88
  RMS grad  9.5260E-05 Target: 3.0000E-04 converged?  yes
Next calculation will be the dimer endpoint before rotation
dl-find/turbomole/=============================== Tstep:  125.8 Ttot:90495.3 ==
eandg
Spin: 
 Energy calculation finished, energy: -2.138680501E+03
Curvature at dimer midpoint                   -0.00314
Predicted dimer rotation angle:      2.864 deg
Next calculation will be the dimer endpoint after rotation
dl-find/turbomole/=============================== Tstep:  117.1 Ttot:90612.4 ==
eandg
Spin: 
 Energy calculation finished, energy: -2.138680500E+03
Curvature at dimer midpoint after rotation    -0.00281
Curvature at dimer minimum                    -0.00314
Actual dimer rotation angle:         0.126 deg
Dimer rotation converged after    1 steps
Writing TS-mode
Curvature after dimer rotation:               -0.00314
Frequency of transition mode  -288.046 cm^-1 (negative value denotes imaginary frequency)
Crossover temperature for tunnelling       65.95921 K
Restarting L-BFGS optimiser, instance: dimer rotation
Next calculation will be the dimer  midpoint
dl-find/turbomole/=============================== Tstep:   80.0 Ttot:90692.4 ==
eandg
Spin: 
 Energy calculation finished, energy: -2.138680508E+03
Testing convergence of dimer midpoint in cycle  282
    Energy  1.2266E-05 Target: 1.0000E-06 converged?   no
  Max step  3.5405E-02 Target: 1.8000E-03 converged?   no component   102
  RMS step  8.4036E-03 Target: 1.2000E-03 converged?   no
  Max grad  4.3203E-04 Target: 4.5000E-04 converged?  yes component    88
  RMS grad  7.7114E-05 Target: 3.0000E-04 converged?  yes
Next calculation will be the dimer endpoint before rotation
dl-find/turbomole/=============================== Tstep:  125.7 Ttot:90818.0 ==
eandg
Spin: 
 Energy calculation finished, energy: -2.138680508E+03
Curvature at dimer midpoint                   -0.00318
Predicted dimer rotation angle:      3.745 deg
Next calculation will be the dimer endpoint after rotation
dl-find/turbomole/=============================== Tstep:  113.3 Ttot:90931.3 ==
eandg
Spin: 
 Energy calculation finished, energy: -2.138680508E+03
Curvature at dimer midpoint after rotation    -0.00221
Curvature at dimer minimum                    -0.00318
Actual dimer rotation angle:         0.100 deg
Dimer rotation converged after    1 steps
Writing TS-mode
Curvature after dimer rotation:               -0.00318
Frequency of transition mode  -289.840 cm^-1 (negative value denotes imaginary frequency)
Crossover temperature for tunnelling       66.37013 K
Restarting L-BFGS optimiser, instance: dimer rotation
Next calculation will be the dimer  midpoint
dl-find/turbomole/=============================== Tstep:   85.2 Ttot:91016.5 ==
eandg
Spin: 
 Energy calculation finished, energy: -2.138680511E+03
Testing convergence of dimer midpoint in cycle  283
    Energy  3.2790E-06 Target: 1.0000E-06 converged?   no
  Max step  1.7991E-03 Target: 1.8000E-03 converged?  yes component   239
  RMS step  6.4550E-04 Target: 1.2000E-03 converged?  yes
  Max grad  2.2551E-04 Target: 4.5000E-04 converged?  yes component    88
  RMS grad  5.2509E-05 Target: 3.0000E-04 converged?  yes
Next calculation will be the dimer endpoint before rotation
dl-find/turbomole/=============================== Tstep:  115.9 Ttot:91132.3 ==
eandg
Spin: 
 Energy calculation finished, energy: -2.138680512E+03
Curvature at dimer midpoint                   -0.00318
Predicted dimer rotation angle:      2.808 deg
Next calculation will be the dimer endpoint after rotation
dl-find/turbomole/=============================== Tstep:  113.4 Ttot:91245.8 ==
eandg
Spin: 
 Energy calculation finished, energy: -2.138680512E+03
Curvature at dimer midpoint after rotation    -0.00256
Curvature at dimer minimum                    -0.00318
Actual dimer rotation angle:         0.066 deg
Dimer rotation converged after    1 steps
Writing TS-mode
Curvature after dimer rotation:               -0.00318
Frequency of transition mode  -289.750 cm^-1 (negative value denotes imaginary frequency)
Crossover temperature for tunnelling       66.34940 K
Restarting L-BFGS optimiser, instance: dimer rotation
Next calculation will be the dimer  midpoint
dl-find/turbomole/=============================== Tstep:   87.8 Ttot:91333.6 ==
eandg
Spin: 
 Energy calculation finished, energy: -2.138680522E+03
Testing convergence of dimer midpoint in cycle  284
    Energy  1.0821E-05 Target: 1.0000E-06 converged?   no
  Max step  2.9830E-02 Target: 1.8000E-03 converged?   no component   102
  RMS step  7.2011E-03 Target: 1.2000E-03 converged?   no
  Max grad  1.3290E-04 Target: 4.5000E-04 converged?  yes component   155
  RMS grad  4.0363E-05 Target: 3.0000E-04 converged?  yes
Next calculation will be the dimer endpoint before rotation
dl-find/turbomole/=============================== Tstep:  109.8 Ttot:91443.4 ==
eandg
Spin: 
 Energy calculation finished, energy: -2.138680522E+03
Curvature at dimer midpoint                   -0.00316
Predicted dimer rotation angle:      2.374 deg
Next calculation will be the dimer endpoint after rotation
dl-find/turbomole/=============================== Tstep:  116.4 Ttot:91559.7 ==
eandg
Spin: 
 Energy calculation finished, energy: -2.138680522E+03
Curvature at dimer midpoint after rotation    -0.00291
Curvature at dimer minimum                    -0.00316
Actual dimer rotation angle:         0.097 deg
Dimer rotation converged after    1 steps
Writing TS-mode
Curvature after dimer rotation:               -0.00316
Frequency of transition mode  -288.893 cm^-1 (negative value denotes imaginary frequency)
Crossover temperature for tunnelling       66.15324 K
Restarting L-BFGS optimiser, instance: dimer rotation
Next calculation will be the dimer  midpoint
dl-find/turbomole/=============================== Tstep:   80.3 Ttot:91640.1 ==
eandg
Spin: 
 Energy calculation finished, energy: -2.138680529E+03
Testing convergence of dimer midpoint in cycle  285
    Energy  7.3960E-06 Target: 1.0000E-06 converged?   no
  Max step  4.1333E-02 Target: 1.8000E-03 converged?   no component   102
  RMS step  9.4532E-03 Target: 1.2000E-03 converged?   no
  Max grad  2.5616E-04 Target: 4.5000E-04 converged?  yes component    88
  RMS grad  5.4622E-05 Target: 3.0000E-04 converged?  yes
Next calculation will be the dimer endpoint before rotation
dl-find/turbomole/=============================== Tstep:  123.5 Ttot:91763.5 ==
eandg
Spin: 
 Energy calculation finished, energy: -2.138680530E+03
Curvature at dimer midpoint                   -0.00317
Predicted dimer rotation angle:      2.669 deg
Next calculation will be the dimer endpoint after rotation
dl-find/turbomole/=============================== Tstep:  118.1 Ttot:91881.6 ==
eandg
Spin: 
 Energy calculation finished, energy: -2.138680530E+03
Curvature at dimer midpoint after rotation    -0.00266
Curvature at dimer minimum                    -0.00317
Actual dimer rotation angle:         0.068 deg
Dimer rotation converged after    1 steps
Writing TS-mode
Curvature after dimer rotation:               -0.00317
Frequency of transition mode  -289.527 cm^-1 (negative value denotes imaginary frequency)
Crossover temperature for tunnelling       66.29839 K
Restarting L-BFGS optimiser, instance: dimer rotation
Next calculation will be the dimer  midpoint
dl-find/turbomole/=============================== Tstep:   79.5 Ttot:91961.1 ==
eandg
Spin: 
 Energy calculation finished, energy: -2.138680533E+03
Testing convergence of dimer midpoint in cycle  286
    Energy  3.9290E-06 Target: 1.0000E-06 converged?   no
  Max step  7.3488E-02 Target: 1.8000E-03 converged?   no component   102
  RMS step  1.6612E-02 Target: 1.2000E-03 converged?   no
  Max grad  2.8789E-04 Target: 4.5000E-04 converged?  yes component    47
  RMS grad  7.7542E-05 Target: 3.0000E-04 converged?  yes
Next calculation will be the dimer endpoint before rotation
dl-find/turbomole/=============================== Tstep:  130.1 Ttot:92091.2 ==
eandg
Spin: 
 Energy calculation finished, energy: -2.138680533E+03
Curvature at dimer midpoint                   -0.00316
Predicted dimer rotation angle:      4.533 deg
Next calculation will be the dimer endpoint after rotation
dl-find/turbomole/=============================== Tstep:  113.0 Ttot:92204.2 ==
eandg
Spin: 
 Energy calculation finished, energy: -2.138680533E+03
Curvature at dimer midpoint after rotation    -0.00202
Curvature at dimer minimum                    -0.00316
Actual dimer rotation angle:         0.148 deg
Dimer rotation converged after    1 steps
Writing TS-mode
Curvature after dimer rotation:               -0.00316
Frequency of transition mode  -288.967 cm^-1 (negative value denotes imaginary frequency)
Crossover temperature for tunnelling       66.17003 K
Restarting L-BFGS optimiser, instance: dimer rotation
Next calculation will be the dimer  midpoint
dl-find/turbomole/=============================== Tstep:   86.7 Ttot:92290.9 ==
eandg
Spin: 
 Energy calculation finished, energy: -2.138680538E+03
Testing convergence of dimer midpoint in cycle  287
    Energy  4.3320E-06 Target: 1.0000E-06 converged?   no
  Max step  2.6347E-02 Target: 1.8000E-03 converged?   no component   102
  RMS step  6.5304E-03 Target: 1.2000E-03 converged?   no
  Max grad  1.6011E-04 Target: 4.5000E-04 converged?  yes component   245
  RMS grad  4.8743E-05 Target: 3.0000E-04 converged?  yes
Next calculation will be the dimer endpoint before rotation
dl-find/turbomole/=============================== Tstep:  121.3 Ttot:92412.1 ==
eandg
Spin: 
 Energy calculation finished, energy: -2.138680539E+03
Curvature at dimer midpoint                   -0.00316
Predicted dimer rotation angle:      5.224 deg
Next calculation will be the dimer endpoint after rotation
dl-find/turbomole/=============================== Tstep:  113.7 Ttot:92525.9 ==
eandg
Spin: 
 Energy calculation finished, energy: -2.138680538E+03
Curvature at dimer midpoint after rotation    -0.00046
Curvature at dimer minimum                    -0.00316
Actual dimer rotation angle:         0.099 deg
Dimer rotation converged after    1 steps
Writing TS-mode
Curvature after dimer rotation:               -0.00316
Frequency of transition mode  -288.804 cm^-1 (negative value denotes imaginary frequency)
Crossover temperature for tunnelling       66.13279 K
Restarting L-BFGS optimiser, instance: dimer rotation
Next calculation will be the dimer  midpoint
dl-find/turbomole/=============================== Tstep:   92.7 Ttot:92618.5 ==
eandg
Spin: 
 Energy calculation finished, energy: -2.138680542E+03
Testing convergence of dimer midpoint in cycle  288
    Energy  4.3400E-06 Target: 1.0000E-06 converged?   no
  Max step  6.4704E-03 Target: 1.8000E-03 converged?   no component    37
  RMS step  1.8544E-03 Target: 1.2000E-03 converged?   no
  Max grad  1.5963E-04 Target: 4.5000E-04 converged?  yes component    43
  RMS grad  4.7640E-05 Target: 3.0000E-04 converged?  yes
Next calculation will be the dimer endpoint before rotation
dl-find/turbomole/=============================== Tstep:  114.0 Ttot:92732.5 ==
eandg
Spin: 
 Energy calculation finished, energy: -2.138680543E+03
Curvature at dimer midpoint                   -0.00316
Predicted dimer rotation angle:      1.992 deg
Dimer rotation converged after    0 steps
Writing TS-mode
Curvature after dimer rotation:               -0.00316
Frequency of transition mode  -289.042 cm^-1 (negative value denotes imaginary frequency)
Crossover temperature for tunnelling       66.18720 K
Restarting L-BFGS optimiser, instance: dimer rotation
Next calculation will be the dimer  midpoint
dl-find/turbomole/=============================== Tstep:  116.9 Ttot:92849.4 ==
eandg
Spin: 
 Energy calculation finished, energy: -2.138680544E+03
Testing convergence of dimer midpoint in cycle  289
    Energy  2.5250E-06 Target: 1.0000E-06 converged?   no
  Max step  1.5296E-02 Target: 1.8000E-03 converged?   no component    37
  RMS step  4.2392E-03 Target: 1.2000E-03 converged?   no
  Max grad  1.8469E-04 Target: 4.5000E-04 converged?  yes component   201
  RMS grad  5.4652E-05 Target: 3.0000E-04 converged?  yes
Next calculation will be the dimer endpoint before rotation
dl-find/turbomole/=============================== Tstep:  128.0 Ttot:92977.4 ==
eandg
Spin: 
 Energy calculation finished, energy: -2.138680545E+03
Curvature at dimer midpoint                   -0.00316
Predicted dimer rotation angle:      2.408 deg
Next calculation will be the dimer endpoint after rotation
dl-find/turbomole/=============================== Tstep:  116.1 Ttot:93093.5 ==
eandg
Spin: 
 Energy calculation finished, energy: -2.138680545E+03
Curvature at dimer midpoint after rotation    -0.00285
Curvature at dimer minimum                    -0.00316
Actual dimer rotation angle:         0.082 deg
Dimer rotation converged after    1 steps
Writing TS-mode
Curvature after dimer rotation:               -0.00316
Frequency of transition mode  -288.936 cm^-1 (negative value denotes imaginary frequency)
Crossover temperature for tunnelling       66.16296 K
Restarting L-BFGS optimiser, instance: dimer rotation
Next calculation will be the dimer  midpoint
dl-find/turbomole/=============================== Tstep:   79.4 Ttot:93173.0 ==
eandg
Spin: 
 Energy calculation finished, energy: -2.138680544E+03
Testing convergence of dimer midpoint in cycle  290
    Energy  8.8600E-07 Target: 1.0000E-06 converged?  yes
  Max step  5.0567E-02 Target: 1.8000E-03 converged?   no component   102
  RMS step  1.2271E-02 Target: 1.2000E-03 converged?   no
  Max grad  6.3445E-04 Target: 4.5000E-04 converged?   no component    63
  RMS grad  1.4478E-04 Target: 3.0000E-04 converged?  yes
Next calculation will be the dimer endpoint before rotation
dl-find/turbomole/=============================== Tstep:  123.6 Ttot:93296.6 ==
eandg
Spin: 
 Energy calculation finished, energy: -2.138680545E+03
Curvature at dimer midpoint                   -0.00316
Predicted dimer rotation angle:      2.238 deg
Next calculation will be the dimer endpoint after rotation
dl-find/turbomole/=============================== Tstep:  115.9 Ttot:93412.6 ==
eandg
Spin: 
 Energy calculation finished, energy: -2.138680544E+03
Curvature at dimer midpoint after rotation    -0.00295
Curvature at dimer minimum                    -0.00316
Actual dimer rotation angle:         0.096 deg
Dimer rotation converged after    1 steps
Writing TS-mode
Curvature after dimer rotation:               -0.00316
Frequency of transition mode  -288.783 cm^-1 (negative value denotes imaginary frequency)
Crossover temperature for tunnelling       66.12786 K
Restarting L-BFGS optimiser, instance: dimer rotation
Next calculation will be the dimer  midpoint
dl-find/turbomole/=============================== Tstep:   78.2 Ttot:93490.7 ==
eandg
Spin: 
 Energy calculation finished, energy: -2.138680552E+03
Testing convergence of dimer midpoint in cycle  291
    Energy  8.0650E-06 Target: 1.0000E-06 converged?   no
  Max step  5.3868E-03 Target: 1.8000E-03 converged?   no component    39
  RMS step  1.8404E-03 Target: 1.2000E-03 converged?   no
  Max grad  1.7817E-04 Target: 4.5000E-04 converged?  yes component    89
  RMS grad  4.8522E-05 Target: 3.0000E-04 converged?  yes
Next calculation will be the dimer endpoint before rotation
dl-find/turbomole/=============================== Tstep:  118.7 Ttot:93609.5 ==
eandg
Spin: 
 Energy calculation finished, energy: -2.138680553E+03
Curvature at dimer midpoint                   -0.00315
Predicted dimer rotation angle:      2.646 deg
Next calculation will be the dimer endpoint after rotation
dl-find/turbomole/=============================== Tstep:  115.3 Ttot:93724.7 ==
eandg
Spin: 
 Energy calculation finished, energy: -2.138680553E+03
Curvature at dimer midpoint after rotation    -0.00257
Curvature at dimer minimum                    -0.00315
Actual dimer rotation angle:         0.058 deg
Dimer rotation converged after    1 steps
Writing TS-mode
Curvature after dimer rotation:               -0.00315
Frequency of transition mode  -288.513 cm^-1 (negative value denotes imaginary frequency)
Crossover temperature for tunnelling       66.06613 K
Restarting L-BFGS optimiser, instance: dimer rotation
Next calculation will be the dimer  midpoint
dl-find/turbomole/=============================== Tstep:   79.0 Ttot:93803.7 ==
eandg
Spin: 
 Energy calculation finished, energy: -2.138680553E+03
Testing convergence of dimer midpoint in cycle  292
    Energy  1.0260E-06 Target: 1.0000E-06 converged?   no
  Max step  9.8045E-03 Target: 1.8000E-03 converged?   no component   102
  RMS step  1.9687E-03 Target: 1.2000E-03 converged?   no
  Max grad  1.1048E-04 Target: 4.5000E-04 converged?  yes component    61
  RMS grad  3.8016E-05 Target: 3.0000E-04 converged?  yes
Next calculation will be the dimer endpoint before rotation
dl-find/turbomole/=============================== Tstep:  118.3 Ttot:93922.0 ==
eandg
Spin: 
 Energy calculation finished, energy: -2.138680554E+03
Curvature at dimer midpoint                   -0.00315
Predicted dimer rotation angle:      1.694 deg
Dimer rotation converged after    0 steps
Writing TS-mode
Curvature after dimer rotation:               -0.00315
Frequency of transition mode  -288.395 cm^-1 (negative value denotes imaginary frequency)
Crossover temperature for tunnelling       66.03906 K
Restarting L-BFGS optimiser, instance: dimer rotation
Next calculation will be the dimer  midpoint
dl-find/turbomole/=============================== Tstep:  112.5 Ttot:94034.5 ==
eandg
Spin: 
 Energy calculation finished, energy: -2.138680558E+03
Testing convergence of dimer midpoint in cycle  293
    Energy  5.3120E-06 Target: 1.0000E-06 converged?   no
  Max step  3.1197E-02 Target: 1.8000E-03 converged?   no component   102
  RMS step  6.7338E-03 Target: 1.2000E-03 converged?   no
  Max grad  1.9074E-04 Target: 4.5000E-04 converged?  yes component    43
  RMS grad  5.3390E-05 Target: 3.0000E-04 converged?  yes
Next calculation will be the dimer endpoint before rotation
dl-find/turbomole/=============================== Tstep:  125.5 Ttot:94160.1 ==
eandg
Spin: 
 Energy calculation finished, energy: -2.138680559E+03
Curvature at dimer midpoint                   -0.00315
Predicted dimer rotation angle:      1.891 deg
Dimer rotation converged after    0 steps
Writing TS-mode
Curvature after dimer rotation:               -0.00315
Frequency of transition mode  -288.601 cm^-1 (negative value denotes imaginary frequency)
Crossover temperature for tunnelling       66.08625 K
Restarting L-BFGS optimiser, instance: dimer rotation
Next calculation will be the dimer  midpoint
dl-find/turbomole/=============================== Tstep:  117.1 Ttot:94277.1 ==
eandg
Spin: 
 Energy calculation finished, energy: -2.138680581E+03
Testing convergence of dimer midpoint in cycle  294
    Energy  2.2972E-05 Target: 1.0000E-06 converged?   no
  Max step  4.3479E-02 Target: 1.8000E-03 converged?   no component   102
  RMS step  9.6635E-03 Target: 1.2000E-03 converged?   no
  Max grad  2.5486E-04 Target: 4.5000E-04 converged?  yes component    83
  RMS grad  6.3434E-05 Target: 3.0000E-04 converged?  yes
Next calculation will be the dimer endpoint before rotation
dl-find/turbomole/=============================== Tstep:  127.0 Ttot:94404.1 ==
eandg
Spin: 
 Energy calculation finished, energy: -2.138680582E+03
Curvature at dimer midpoint                   -0.00316
Predicted dimer rotation angle:      2.225 deg
Next calculation will be the dimer endpoint after rotation
dl-find/turbomole/=============================== Tstep:  116.6 Ttot:94520.7 ==
eandg
Spin: 
 Energy calculation finished, energy: -2.138680582E+03
Curvature at dimer midpoint after rotation    -0.00290
Curvature at dimer minimum                    -0.00316
Actual dimer rotation angle:         0.077 deg
Dimer rotation converged after    1 steps
Writing TS-mode
Curvature after dimer rotation:               -0.00316
Frequency of transition mode  -288.972 cm^-1 (negative value denotes imaginary frequency)
Crossover temperature for tunnelling       66.17128 K
Restarting L-BFGS optimiser, instance: dimer rotation
Next calculation will be the dimer  midpoint
dl-find/turbomole/=============================== Tstep:   79.5 Ttot:94600.2 ==
eandg
Spin: 
 Energy calculation finished, energy: -2.138680581E+03
Testing convergence of dimer midpoint in cycle  295
    Energy  1.2400E-07 Target: 1.0000E-06 converged?  yes
  Max step  1.1649E-01 Target: 1.8000E-03 converged?   no component   102
  RMS step  2.6952E-02 Target: 1.2000E-03 converged?   no
  Max grad  1.2396E-03 Target: 4.5000E-04 converged?   no component    83
  RMS grad  2.3077E-04 Target: 3.0000E-04 converged?  yes
Next calculation will be the dimer endpoint before rotation
dl-find/turbomole/=============================== Tstep:  101.7 Ttot:94701.8 ==
eandg
Spin: 
 Energy calculation finished, energy: -2.138680581E+03
Curvature at dimer midpoint                   -0.00296
Predicted dimer rotation angle:      3.984 deg
Next calculation will be the dimer endpoint after rotation
dl-find/turbomole/=============================== Tstep:  115.9 Ttot:94817.7 ==
eandg
Spin: 
 Energy calculation finished, energy: -2.138680581E+03
Curvature at dimer midpoint after rotation    -0.00250
Curvature at dimer minimum                    -0.00296
Actual dimer rotation angle:         0.224 deg
Dimer rotation converged after    1 steps
Writing TS-mode
Curvature after dimer rotation:               -0.00296
Frequency of transition mode  -279.724 cm^-1 (negative value denotes imaginary frequency)
Crossover temperature for tunnelling       64.05367 K
Restarting L-BFGS optimiser, instance: dimer rotation
Next calculation will be the dimer  midpoint
dl-find/turbomole/=============================== Tstep:   94.7 Ttot:94912.4 ==
eandg
Spin: 
 Energy calculation finished, energy: -2.138680598E+03
Testing convergence of dimer midpoint in cycle  296
    Energy  1.6724E-05 Target: 1.0000E-06 converged?   no
  Max step  1.4354E-02 Target: 1.8000E-03 converged?   no component   102
  RMS step  3.9673E-03 Target: 1.2000E-03 converged?   no
  Max grad  1.5907E-04 Target: 4.5000E-04 converged?  yes component   158
  RMS grad  5.3451E-05 Target: 3.0000E-04 converged?  yes
Next calculation will be the dimer endpoint before rotation
dl-find/turbomole/=============================== Tstep:  122.5 Ttot:95034.9 ==
eandg
Spin: 
 Energy calculation finished, energy: -2.138680598E+03
Curvature at dimer midpoint                   -0.00319
Predicted dimer rotation angle:      5.549 deg
Next calculation will be the dimer endpoint after rotation
dl-find/turbomole/=============================== Tstep:  116.3 Ttot:95151.2 ==
eandg
Spin: 
 Energy calculation finished, energy: -2.138680599E+03
Curvature at dimer midpoint after rotation    -0.00005
Curvature at dimer minimum                    -0.00319
Actual dimer rotation angle:         0.103 deg
Dimer rotation converged after    1 steps
Writing TS-mode
Curvature after dimer rotation:               -0.00319
Frequency of transition mode  -290.378 cm^-1 (negative value denotes imaginary frequency)
Crossover temperature for tunnelling       66.49324 K
Restarting L-BFGS optimiser, instance: dimer rotation
Next calculation will be the dimer  midpoint
dl-find/turbomole/=============================== Tstep:   97.0 Ttot:95248.2 ==
eandg
Spin: 
 Energy calculation finished, energy: -2.138680600E+03
Testing convergence of dimer midpoint in cycle  297
    Energy  2.5130E-06 Target: 1.0000E-06 converged?   no
  Max step  5.3651E-03 Target: 1.8000E-03 converged?   no component    37
  RMS step  8.9110E-04 Target: 1.2000E-03 converged?  yes
  Max grad  1.5148E-04 Target: 4.5000E-04 converged?  yes component   158
  RMS grad  3.5577E-05 Target: 3.0000E-04 converged?  yes
Next calculation will be the dimer endpoint before rotation
dl-find/turbomole/=============================== Tstep:  119.6 Ttot:95367.8 ==
eandg
Spin: 
 Energy calculation finished, energy: -2.138680600E+03
Curvature at dimer midpoint                   -0.00320
Predicted dimer rotation angle:      1.972 deg
Dimer rotation converged after    0 steps
Writing TS-mode
Curvature after dimer rotation:               -0.00320
Frequency of transition mode  -290.837 cm^-1 (negative value denotes imaginary frequency)
Crossover temperature for tunnelling       66.59826 K
Restarting L-BFGS optimiser, instance: dimer rotation
Next calculation will be the dimer  midpoint
dl-find/turbomole/=============================== Tstep:  116.8 Ttot:95484.6 ==
eandg
Spin: 
 Energy calculation finished, energy: -2.138680605E+03
Testing convergence of dimer midpoint in cycle  298
    Energy  5.4510E-06 Target: 1.0000E-06 converged?   no
  Max step  2.0671E-02 Target: 1.8000E-03 converged?   no component   102
  RMS step  5.7565E-03 Target: 1.2000E-03 converged?   no
  Max grad  1.3932E-04 Target: 4.5000E-04 converged?  yes component   158
  RMS grad  4.4222E-05 Target: 3.0000E-04 converged?  yes
Next calculation will be the dimer endpoint before rotation
dl-find/turbomole/=============================== Tstep:  122.5 Ttot:95607.2 ==
eandg
Spin: 
 Energy calculation finished, energy: -2.138680605E+03
Curvature at dimer midpoint                   -0.00322
Predicted dimer rotation angle:      2.201 deg
Next calculation will be the dimer endpoint after rotation
dl-find/turbomole/=============================== Tstep:  116.0 Ttot:95723.2 ==
eandg
Spin: 
 Energy calculation finished, energy: -2.138680606E+03
Curvature at dimer midpoint after rotation    -0.00303
Curvature at dimer minimum                    -0.00322
Actual dimer rotation angle:         0.104 deg
Dimer rotation converged after    1 steps
Writing TS-mode
Curvature after dimer rotation:               -0.00322
Frequency of transition mode  -291.526 cm^-1 (negative value denotes imaginary frequency)
Crossover temperature for tunnelling       66.75600 K
Restarting L-BFGS optimiser, instance: dimer rotation
Next calculation will be the dimer  midpoint
dl-find/turbomole/=============================== Tstep:   80.4 Ttot:95803.5 ==
eandg
Spin: 
 Energy calculation finished, energy: -2.138680610E+03
Testing convergence of dimer midpoint in cycle  299
    Energy  4.7010E-06 Target: 1.0000E-06 converged?   no
  Max step  2.7959E-02 Target: 1.8000E-03 converged?   no component   102
  RMS step  6.9934E-03 Target: 1.2000E-03 converged?   no
  Max grad  2.7425E-04 Target: 4.5000E-04 converged?  yes component    83
  RMS grad  5.9235E-05 Target: 3.0000E-04 converged?  yes
Next calculation will be the dimer endpoint before rotation
dl-find/turbomole/=============================== Tstep:  123.5 Ttot:95927.0 ==
eandg
Spin: 
 Energy calculation finished, energy: -2.138680611E+03
Curvature at dimer midpoint                   -0.00322
Predicted dimer rotation angle:      2.183 deg
Next calculation will be the dimer endpoint after rotation
dl-find/turbomole/=============================== Tstep:  112.5 Ttot:96039.5 ==
eandg
Spin: 
 Energy calculation finished, energy: -2.138680611E+03
Curvature at dimer midpoint after rotation    -0.00292
Curvature at dimer minimum                    -0.00322
Actual dimer rotation angle:         0.064 deg
Dimer rotation converged after    1 steps
Writing TS-mode
Curvature after dimer rotation:               -0.00322
Frequency of transition mode  -291.656 cm^-1 (negative value denotes imaginary frequency)
Crossover temperature for tunnelling       66.78596 K
Restarting L-BFGS optimiser, instance: dimer rotation
Next calculation will be the dimer  midpoint
dl-find/turbomole/=============================== Tstep:   69.2 Ttot:96108.7 ==
eandg
Spin: 
 Energy calculation finished, energy: -2.138680613E+03
Testing convergence of dimer midpoint in cycle  300
    Energy  2.5720E-06 Target: 1.0000E-06 converged?   no
  Max step  7.6592E-02 Target: 1.8000E-03 converged?   no component   102
  RMS step  1.8274E-02 Target: 1.2000E-03 converged?   no
  Max grad  6.3605E-04 Target: 4.5000E-04 converged?   no component    83
  RMS grad  9.4746E-05 Target: 3.0000E-04 converged?  yes
Next calculation will be the dimer endpoint before rotation
dl-find/turbomole/=============================== Tstep:  132.5 Ttot:96241.2 ==
eandg
Spin: 
 Energy calculation finished, energy: -2.138680613E+03
Curvature at dimer midpoint                   -0.00327
Predicted dimer rotation angle:      2.343 deg
Next calculation will be the dimer endpoint after rotation
dl-find/turbomole/=============================== Tstep:  117.5 Ttot:96358.7 ==
eandg
Spin: 
 Energy calculation finished, energy: -2.138680613E+03
Curvature at dimer midpoint after rotation    -0.00289
Curvature at dimer minimum                    -0.00327
Actual dimer rotation angle:         0.065 deg
Dimer rotation converged after    1 steps
Writing TS-mode
Curvature after dimer rotation:               -0.00327
Frequency of transition mode  -293.765 cm^-1 (negative value denotes imaginary frequency)
Crossover temperature for tunnelling       67.26878 K
Restarting L-BFGS optimiser, instance: dimer rotation
Next calculation will be the dimer  midpoint
dl-find/turbomole/=============================== Tstep:   75.6 Ttot:96434.2 ==
eandg
Spin: 
 Energy calculation finished, energy: -2.138680618E+03
Testing convergence of dimer midpoint in cycle  301
    Energy  5.6820E-06 Target: 1.0000E-06 converged?   no
  Max step  3.2366E-03 Target: 1.8000E-03 converged?   no component   241
  RMS step  9.0701E-04 Target: 1.2000E-03 converged?  yes
  Max grad  1.3849E-04 Target: 4.5000E-04 converged?  yes component    82
  RMS grad  4.4542E-05 Target: 3.0000E-04 converged?  yes
Next calculation will be the dimer endpoint before rotation
dl-find/turbomole/=============================== Tstep:  119.5 Ttot:96553.7 ==
eandg
Spin: 
 Energy calculation finished, energy: -2.138680619E+03
Curvature at dimer midpoint                   -0.00327
Predicted dimer rotation angle:      1.933 deg
Dimer rotation converged after    0 steps
Writing TS-mode
Curvature after dimer rotation:               -0.00327
Frequency of transition mode  -293.809 cm^-1 (negative value denotes imaginary frequency)
Crossover temperature for tunnelling       67.27882 K
Restarting L-BFGS optimiser, instance: dimer rotation
Next calculation will be the dimer  midpoint
dl-find/turbomole/=============================== Tstep:  113.2 Ttot:96666.9 ==
eandg
Spin: 
 Energy calculation finished, energy: -2.138680620E+03
Testing convergence of dimer midpoint in cycle  302
    Energy  1.9610E-06 Target: 1.0000E-06 converged?   no
  Max step  3.9963E-03 Target: 1.8000E-03 converged?   no component   102
  RMS step  1.1243E-03 Target: 1.2000E-03 converged?  yes
  Max grad  1.7585E-04 Target: 4.5000E-04 converged?  yes component    83
  RMS grad  5.0767E-05 Target: 3.0000E-04 converged?  yes
Next calculation will be the dimer endpoint before rotation
dl-find/turbomole/=============================== Tstep:  119.8 Ttot:96786.7 ==
eandg
Spin: 
 Energy calculation finished, energy: -2.138680621E+03
Curvature at dimer midpoint                   -0.00327
Predicted dimer rotation angle:      2.197 deg
Next calculation will be the dimer endpoint after rotation
dl-find/turbomole/=============================== Tstep:  116.8 Ttot:96903.5 ==
eandg
Spin: 
 Energy calculation finished, energy: -2.138680621E+03
Curvature at dimer midpoint after rotation    -0.00290
Curvature at dimer minimum                    -0.00327
Actual dimer rotation angle:         0.055 deg
Dimer rotation converged after    1 steps
Writing TS-mode
Curvature after dimer rotation:               -0.00327
Frequency of transition mode  -293.862 cm^-1 (negative value denotes imaginary frequency)
Crossover temperature for tunnelling       67.29102 K
Restarting L-BFGS optimiser, instance: dimer rotation
Next calculation will be the dimer  midpoint
dl-find/turbomole/=============================== Tstep:   69.8 Ttot:96973.3 ==
eandg
Spin: 
 Energy calculation finished, energy: -2.138680631E+03
Testing convergence of dimer midpoint in cycle  303
    Energy  1.0767E-05 Target: 1.0000E-06 converged?   no
  Max step  1.8366E-02 Target: 1.8000E-03 converged?   no component   102
  RMS step  4.2370E-03 Target: 1.2000E-03 converged?   no
  Max grad  2.4149E-04 Target: 4.5000E-04 converged?  yes component    77
  RMS grad  6.2702E-05 Target: 3.0000E-04 converged?  yes
Next calculation will be the dimer endpoint before rotation
dl-find/turbomole/=============================== Tstep:  126.8 Ttot:97100.1 ==
eandg
Spin: 
 Energy calculation finished, energy: -2.138680631E+03
Curvature at dimer midpoint                   -0.00327
Predicted dimer rotation angle:      1.476 deg
Dimer rotation converged after    0 steps
Writing TS-mode
Curvature after dimer rotation:               -0.00327
Frequency of transition mode  -294.151 cm^-1 (negative value denotes imaginary frequency)
Crossover temperature for tunnelling       67.35725 K
Restarting L-BFGS optimiser, instance: dimer rotation
Next calculation will be the dimer  midpoint
dl-find/turbomole/=============================== Tstep:  116.8 Ttot:97216.9 ==
eandg
Spin: 
 Energy calculation finished, energy: -2.138680643E+03
Testing convergence of dimer midpoint in cycle  304
    Energy  1.1673E-05 Target: 1.0000E-06 converged?   no
  Max step  6.4096E-02 Target: 1.8000E-03 converged?   no component   102
  RMS step  1.5581E-02 Target: 1.2000E-03 converged?   no
  Max grad  8.1136E-04 Target: 4.5000E-04 converged?   no component    43
  RMS grad  1.6562E-04 Target: 3.0000E-04 converged?  yes
Next calculation will be the dimer endpoint before rotation
dl-find/turbomole/=============================== Tstep:  130.1 Ttot:97347.0 ==
eandg
Spin: 
 Energy calculation finished, energy: -2.138680643E+03
Curvature at dimer midpoint                   -0.00330
Predicted dimer rotation angle:      1.788 deg
Dimer rotation converged after    0 steps
Writing TS-mode
Curvature after dimer rotation:               -0.00330
Frequency of transition mode  -295.478 cm^-1 (negative value denotes imaginary frequency)
Crossover temperature for tunnelling       67.66096 K
Restarting L-BFGS optimiser, instance: dimer rotation
Next calculation will be the dimer  midpoint
dl-find/turbomole/=============================== Tstep:  113.3 Ttot:97460.3 ==
eandg
Spin: 
 Energy calculation finished, energy: -2.138680652E+03
Testing convergence of dimer midpoint in cycle  305
    Energy  9.4470E-06 Target: 1.0000E-06 converged?   no
  Max step  1.8675E-02 Target: 1.8000E-03 converged?   no component   102
  RMS step  5.0533E-03 Target: 1.2000E-03 converged?   no
  Max grad  1.9506E-04 Target: 4.5000E-04 converged?  yes component   125
  RMS grad  5.8039E-05 Target: 3.0000E-04 converged?  yes
Next calculation will be the dimer endpoint before rotation
dl-find/turbomole/=============================== Tstep:  121.0 Ttot:97581.3 ==
eandg
Spin: 
 Energy calculation finished, energy: -2.138680652E+03
Curvature at dimer midpoint                   -0.00330
Predicted dimer rotation angle:      1.791 deg
Dimer rotation converged after    0 steps
Writing TS-mode
Curvature after dimer rotation:               -0.00330
Frequency of transition mode  -295.505 cm^-1 (negative value denotes imaginary frequency)
Crossover temperature for tunnelling       67.66725 K
Restarting L-BFGS optimiser, instance: dimer rotation
Next calculation will be the dimer  midpoint
dl-find/turbomole/=============================== Tstep:  113.6 Ttot:97695.0 ==
eandg
Spin: 
 Energy calculation finished, energy: -2.138680662E+03
Testing convergence of dimer midpoint in cycle  306
    Energy  9.2990E-06 Target: 1.0000E-06 converged?   no
  Max step  2.2653E-02 Target: 1.8000E-03 converged?   no component    32
  RMS step  6.3208E-03 Target: 1.2000E-03 converged?   no
  Max grad  1.2577E-04 Target: 4.5000E-04 converged?  yes component    43
  RMS grad  4.6134E-05 Target: 3.0000E-04 converged?  yes
Next calculation will be the dimer endpoint before rotation
dl-find/turbomole/=============================== Tstep:  122.4 Ttot:97817.4 ==
eandg
Spin: 
 Energy calculation finished, energy: -2.138680658E+03
Curvature at dimer midpoint                   -0.00333
Predicted dimer rotation angle:      2.787 deg
Next calculation will be the dimer endpoint after rotation
dl-find/turbomole/=============================== Tstep:  117.1 Ttot:97934.5 ==
eandg
Spin: 
 Energy calculation finished, energy: -2.138680658E+03
Curvature at dimer midpoint after rotation    -0.00308
Curvature at dimer minimum                    -0.00333
Actual dimer rotation angle:         0.156 deg
Dimer rotation converged after    1 steps
Writing TS-mode
Curvature after dimer rotation:               -0.00333
Frequency of transition mode  -296.708 cm^-1 (negative value denotes imaginary frequency)
Crossover temperature for tunnelling       67.94263 K
Restarting L-BFGS optimiser, instance: dimer rotation
Next calculation will be the dimer  midpoint
dl-find/turbomole/=============================== Tstep:   84.3 Ttot:98018.8 ==
eandg
Spin: 
 Energy calculation finished, energy: -2.138680670E+03
Testing convergence of dimer midpoint in cycle  307
    Energy  8.7300E-06 Target: 1.0000E-06 converged?   no
  Max step  4.0061E-02 Target: 1.8000E-03 converged?   no component    32
  RMS step  1.0855E-02 Target: 1.2000E-03 converged?   no
  Max grad  2.9294E-04 Target: 4.5000E-04 converged?  yes component    43
  RMS grad  5.7072E-05 Target: 3.0000E-04 converged?  yes
Next calculation will be the dimer endpoint before rotation
dl-find/turbomole/=============================== Tstep:  124.4 Ttot:98143.1 ==
eandg
Spin: 
 Energy calculation finished, energy: -2.138680667E+03
Curvature at dimer midpoint                   -0.00334
Predicted dimer rotation angle:      2.352 deg
Next calculation will be the dimer endpoint after rotation
dl-find/turbomole/=============================== Tstep:  112.2 Ttot:98255.4 ==
eandg
Spin: 
 Energy calculation finished, energy: -2.138680667E+03
Curvature at dimer midpoint after rotation    -0.00295
Curvature at dimer minimum                    -0.00334
Actual dimer rotation angle:         0.064 deg
Dimer rotation converged after    1 steps
Writing TS-mode
Curvature after dimer rotation:               -0.00334
Frequency of transition mode  -297.163 cm^-1 (negative value denotes imaginary frequency)
Crossover temperature for tunnelling       68.04690 K
Restarting L-BFGS optimiser, instance: dimer rotation
Next calculation will be the dimer  midpoint
dl-find/turbomole/=============================== Tstep:   89.6 Ttot:98345.0 ==
eandg
Spin: 
 Energy calculation finished, energy: -2.138680620E+03
Testing convergence of dimer midpoint in cycle  308
    Energy  5.0160E-05 Target: 1.0000E-06 converged?   no
  Max step  5.0426E-02 Target: 1.8000E-03 converged?   no component    32
  RMS step  1.3096E-02 Target: 1.2000E-03 converged?   no
  Max grad  3.7793E-04 Target: 4.5000E-04 converged?  yes component    43
  RMS grad  7.2871E-05 Target: 3.0000E-04 converged?  yes
Next calculation will be the dimer endpoint before rotation
dl-find/turbomole/=============================== Tstep:  129.3 Ttot:98474.2 ==
eandg
Spin: 
 Energy calculation finished, energy: -2.138680620E+03
Curvature at dimer midpoint                   -0.00336
Predicted dimer rotation angle:      2.451 deg
Next calculation will be the dimer endpoint after rotation
dl-find/turbomole/=============================== Tstep:  114.6 Ttot:98588.9 ==
eandg
Spin: 
 Energy calculation finished, energy: -2.138680620E+03
Curvature at dimer midpoint after rotation    -0.00300
Curvature at dimer minimum                    -0.00336
Actual dimer rotation angle:         0.079 deg
Dimer rotation converged after    1 steps
Writing TS-mode
Curvature after dimer rotation:               -0.00336
Frequency of transition mode  -297.837 cm^-1 (negative value denotes imaginary frequency)
Crossover temperature for tunnelling       68.20114 K
Restarting L-BFGS optimiser, instance: dimer rotation
Next calculation will be the dimer  midpoint
dl-find/turbomole/=============================== Tstep:   84.6 Ttot:98673.5 ==
eandg
Spin: 
 Energy calculation finished, energy: -2.138680618E+03
Testing convergence of dimer midpoint in cycle  309
    Energy  2.3970E-06 Target: 1.0000E-06 converged?   no
  Max step  1.0865E-01 Target: 1.8000E-03 converged?   no component   102
  RMS step  2.7739E-02 Target: 1.2000E-03 converged?   no
  Max grad  7.1004E-04 Target: 4.5000E-04 converged?   no component   252
  RMS grad  1.3164E-04 Target: 3.0000E-04 converged?  yes
Next calculation will be the dimer endpoint before rotation
dl-find/turbomole/=============================== Tstep:  139.4 Ttot:98812.9 ==
eandg
Spin: 
 Energy calculation finished, energy: -2.138680618E+03
Curvature at dimer midpoint                   -0.00338
Predicted dimer rotation angle:      1.930 deg
Dimer rotation converged after    0 steps
Writing TS-mode
Curvature after dimer rotation:               -0.00338
Frequency of transition mode  -298.674 cm^-1 (negative value denotes imaginary frequency)
Crossover temperature for tunnelling       68.39299 K
Restarting L-BFGS optimiser, instance: dimer rotation
Next calculation will be the dimer  midpoint
dl-find/turbomole/=============================== Tstep:  112.4 Ttot:98925.3 ==
eandg
Spin: 
 Energy calculation finished, energy: -2.138680626E+03
Testing convergence of dimer midpoint in cycle  310
    Energy  8.0510E-06 Target: 1.0000E-06 converged?   no
  Max step  4.1354E-02 Target: 1.8000E-03 converged?   no component   102
  RMS step  1.0615E-02 Target: 1.2000E-03 converged?   no
  Max grad  1.0832E-04 Target: 4.5000E-04 converged?  yes component   209
  RMS grad  3.9963E-05 Target: 3.0000E-04 converged?  yes
Next calculation will be the dimer endpoint before rotation
dl-find/turbomole/=============================== Tstep:  128.3 Ttot:99053.6 ==
eandg
Spin: 
 Energy calculation finished, energy: -2.138680626E+03
Curvature at dimer midpoint                   -0.00337
Predicted dimer rotation angle:      1.827 deg
Dimer rotation converged after    0 steps
Writing TS-mode
Curvature after dimer rotation:               -0.00337
Frequency of transition mode  -298.533 cm^-1 (negative value denotes imaginary frequency)
Crossover temperature for tunnelling       68.36071 K
Restarting L-BFGS optimiser, instance: dimer rotation
Next calculation will be the dimer  midpoint
dl-find/turbomole/=============================== Tstep:  117.4 Ttot:99171.0 ==
eandg
Spin: 
 Energy calculation finished, energy: -2.138680628E+03
Testing convergence of dimer midpoint in cycle  311
    Energy  2.0450E-06 Target: 1.0000E-06 converged?   no
  Max step  9.9573E-03 Target: 1.8000E-03 converged?   no component    37
  RMS step  1.5124E-03 Target: 1.2000E-03 converged?   no
  Max grad  1.2163E-04 Target: 4.5000E-04 converged?  yes component   155
  RMS grad  3.9440E-05 Target: 3.0000E-04 converged?  yes
Next calculation will be the dimer endpoint before rotation
dl-find/turbomole/=============================== Tstep:  117.5 Ttot:99288.5 ==
eandg
Spin: 
 Energy calculation finished, energy: -2.138680628E+03
Curvature at dimer midpoint                   -0.00337
Predicted dimer rotation angle:      1.815 deg
Dimer rotation converged after    0 steps
Writing TS-mode
Curvature after dimer rotation:               -0.00337
Frequency of transition mode  -298.267 cm^-1 (negative value denotes imaginary frequency)
Crossover temperature for tunnelling       68.29976 K
Restarting L-BFGS optimiser, instance: dimer rotation
Next calculation will be the dimer  midpoint
dl-find/turbomole/=============================== Tstep:  116.7 Ttot:99405.3 ==
eandg
Spin: 
 Energy calculation finished, energy: -2.138680636E+03
Testing convergence of dimer midpoint in cycle  312
    Energy  8.3610E-06 Target: 1.0000E-06 converged?   no
  Max step  1.0983E-02 Target: 1.8000E-03 converged?   no component    37
  RMS step  2.6050E-03 Target: 1.2000E-03 converged?   no
  Max grad  2.5182E-04 Target: 4.5000E-04 converged?  yes component    98
  RMS grad  5.7057E-05 Target: 3.0000E-04 converged?  yes
Next calculation will be the dimer endpoint before rotation
dl-find/turbomole/=============================== Tstep:  121.3 Ttot:99526.6 ==
eandg
Spin: 
 Energy calculation finished, energy: -2.138680636E+03
Curvature at dimer midpoint                   -0.00336
Predicted dimer rotation angle:      1.798 deg
Dimer rotation converged after    0 steps
Writing TS-mode
Curvature after dimer rotation:               -0.00336
Frequency of transition mode  -297.877 cm^-1 (negative value denotes imaginary frequency)
Crossover temperature for tunnelling       68.21042 K
Restarting L-BFGS optimiser, instance: dimer rotation
Next calculation will be the dimer  midpoint
dl-find/turbomole/=============================== Tstep:  116.3 Ttot:99642.9 ==
eandg
Spin: 
 Energy calculation finished, energy: -2.138680644E+03
Testing convergence of dimer midpoint in cycle  313
    Energy  7.9600E-06 Target: 1.0000E-06 converged?   no
  Max step  6.1833E-02 Target: 1.8000E-03 converged?   no component   102
  RMS step  1.6705E-02 Target: 1.2000E-03 converged?   no
  Max grad  7.3280E-04 Target: 4.5000E-04 converged?   no component    98
  RMS grad  1.3219E-04 Target: 3.0000E-04 converged?  yes
Next calculation will be the dimer endpoint before rotation
dl-find/turbomole/=============================== Tstep:  128.0 Ttot:99770.9 ==
eandg
Spin: 
 Energy calculation finished, energy: -2.138680644E+03
Curvature at dimer midpoint                   -0.00334
Predicted dimer rotation angle:      1.935 deg
Dimer rotation converged after    0 steps
Writing TS-mode
Curvature after dimer rotation:               -0.00334
Frequency of transition mode  -297.135 cm^-1 (negative value denotes imaginary frequency)
Crossover temperature for tunnelling       68.04038 K
Restarting L-BFGS optimiser, instance: dimer rotation
Next calculation will be the dimer  midpoint
dl-find/turbomole/=============================== Tstep:  116.9 Ttot:99887.8 ==
eandg
Spin: 
 Energy calculation finished, energy: -2.138680653E+03
Testing convergence of dimer midpoint in cycle  314
    Energy  8.5460E-06 Target: 1.0000E-06 converged?   no
  Max step  1.4021E-02 Target: 1.8000E-03 converged?   no component    32
  RMS step  3.4505E-03 Target: 1.2000E-03 converged?   no
  Max grad  2.5125E-04 Target: 4.5000E-04 converged?  yes component    43
  RMS grad  5.9376E-05 Target: 3.0000E-04 converged?  yes
Next calculation will be the dimer endpoint before rotation
dl-find/turbomole/=============================== Tstep:  117.2 Ttot:100005.0 ==
eandg
Spin: 
 Energy calculation finished, energy: -2.138680653E+03
Curvature at dimer midpoint                   -0.00334
Predicted dimer rotation angle:      1.916 deg
Dimer rotation converged after    0 steps
Writing TS-mode
Curvature after dimer rotation:               -0.00334
Frequency of transition mode  -297.256 cm^-1 (negative value denotes imaginary frequency)
Crossover temperature for tunnelling       68.06809 K
Restarting L-BFGS optimiser, instance: dimer rotation
Next calculation will be the dimer  midpoint
dl-find/turbomole/=============================== Tstep:  116.4 Ttot:100121.4 ==
eandg
Spin: 
 Energy calculation finished, energy: -2.138680659E+03
Testing convergence of dimer midpoint in cycle  315
    Energy  6.1950E-06 Target: 1.0000E-06 converged?   no
  Max step  4.2149E-02 Target: 1.8000E-03 converged?   no component    32
  RMS step  1.1348E-02 Target: 1.2000E-03 converged?   no
  Max grad  1.6113E-04 Target: 4.5000E-04 converged?  yes component    98
  RMS grad  4.6121E-05 Target: 3.0000E-04 converged?  yes
Next calculation will be the dimer endpoint before rotation
dl-find/turbomole/=============================== Tstep:  117.4 Ttot:100238.8 ==
eandg
Spin: 
 Energy calculation finished, energy: -2.138680659E+03
Curvature at dimer midpoint                   -0.00334
Predicted dimer rotation angle:      2.001 deg
Next calculation will be the dimer endpoint after rotation
dl-find/turbomole/=============================== Tstep:  112.7 Ttot:100351.5 ==
eandg
Spin: 
 Energy calculation finished, energy: -2.138680659E+03
Curvature at dimer midpoint after rotation    -0.00316
Curvature at dimer minimum                    -0.00334
Actual dimer rotation angle:         0.083 deg
Dimer rotation converged after    1 steps
Writing TS-mode
Curvature after dimer rotation:               -0.00334
Frequency of transition mode  -297.101 cm^-1 (negative value denotes imaginary frequency)
Crossover temperature for tunnelling       68.03265 K
Restarting L-BFGS optimiser, instance: dimer rotation
Next calculation will be the dimer  midpoint
dl-find/turbomole/=============================== Tstep:   74.0 Ttot:100425.6 ==
eandg
Spin: 
 Energy calculation finished, energy: -2.138680667E+03
Testing convergence of dimer midpoint in cycle  316
    Energy  8.2030E-06 Target: 1.0000E-06 converged?   no
  Max step  4.2961E-02 Target: 1.8000E-03 converged?   no component   102
  RMS step  1.1628E-02 Target: 1.2000E-03 converged?   no
  Max grad  2.1283E-04 Target: 4.5000E-04 converged?  yes component    43
  RMS grad  5.7817E-05 Target: 3.0000E-04 converged?  yes
Next calculation will be the dimer endpoint before rotation
dl-find/turbomole/=============================== Tstep:  113.3 Ttot:100538.8 ==
eandg
Spin: 
 Energy calculation finished, energy: -2.138680667E+03
Curvature at dimer midpoint                   -0.00334
Predicted dimer rotation angle:      2.018 deg
Next calculation will be the dimer endpoint after rotation
dl-find/turbomole/=============================== Tstep:  111.0 Ttot:100649.8 ==
eandg
Spin: 
 Energy calculation finished, energy: -2.138680667E+03
Curvature at dimer midpoint after rotation    -0.00304
Curvature at dimer minimum                    -0.00334
Actual dimer rotation angle:         0.053 deg
Dimer rotation converged after    1 steps
Writing TS-mode
Curvature after dimer rotation:               -0.00334
Frequency of transition mode  -296.943 cm^-1 (negative value denotes imaginary frequency)
Crossover temperature for tunnelling       67.99645 K
Restarting L-BFGS optimiser, instance: dimer rotation
Next calculation will be the dimer  midpoint
dl-find/turbomole/=============================== Tstep:   80.0 Ttot:100729.8 ==
eandg
Spin: 
 Energy calculation finished, energy: -2.138680676E+03
Testing convergence of dimer midpoint in cycle  317
    Energy  8.4390E-06 Target: 1.0000E-06 converged?   no
  Max step  6.0484E-02 Target: 1.8000E-03 converged?   no component    32
  RMS step  1.6425E-02 Target: 1.2000E-03 converged?   no
  Max grad  3.4574E-04 Target: 4.5000E-04 converged?  yes component    43
  RMS grad  7.2112E-05 Target: 3.0000E-04 converged?  yes
Next calculation will be the dimer endpoint before rotation
dl-find/turbomole/=============================== Tstep:  126.8 Ttot:100856.6 ==
eandg
Spin: 
 Energy calculation finished, energy: -2.138680676E+03
Curvature at dimer midpoint                   -0.00333
Predicted dimer rotation angle:      1.560 deg
Dimer rotation converged after    0 steps
Writing TS-mode
Curvature after dimer rotation:               -0.00333
Frequency of transition mode  -296.644 cm^-1 (negative value denotes imaginary frequency)
Crossover temperature for tunnelling       67.92815 K
Restarting L-BFGS optimiser, instance: dimer rotation
Next calculation will be the dimer  midpoint
dl-find/turbomole/=============================== Tstep:  115.6 Ttot:100972.2 ==
eandg
Spin: 
 Energy calculation finished, energy: -2.138680574E+03
Testing convergence of dimer midpoint in cycle  318
    Energy  1.0133E-04 Target: 1.0000E-06 converged?   no
  Max step  1.2218E-01 Target: 1.8000E-03 converged?   no component   102
  RMS step  3.2888E-02 Target: 1.2000E-03 converged?   no
  Max grad  9.6184E-04 Target: 4.5000E-04 converged?   no component   135
  RMS grad  1.9612E-04 Target: 3.0000E-04 converged?  yes
Next calculation will be the dimer endpoint before rotation
dl-find/turbomole/=============================== Tstep:  125.2 Ttot:101097.4 ==
eandg
Spin: 
 Energy calculation finished, energy: -2.138680575E+03
Curvature at dimer midpoint                   -0.00330
Predicted dimer rotation angle:      2.440 deg
Next calculation will be the dimer endpoint after rotation
dl-find/turbomole/=============================== Tstep:  115.3 Ttot:101212.7 ==
eandg
Spin: 
 Energy calculation finished, energy: -2.138680575E+03
Curvature at dimer midpoint after rotation    -0.00287
Curvature at dimer minimum                    -0.00330
Actual dimer rotation angle:         0.065 deg
Dimer rotation converged after    1 steps
Writing TS-mode
Curvature after dimer rotation:               -0.00330
Frequency of transition mode  -295.420 cm^-1 (negative value denotes imaginary frequency)
Crossover temperature for tunnelling       67.64785 K
Restarting L-BFGS optimiser, instance: dimer rotation
Next calculation will be the dimer  midpoint
dl-find/turbomole/=============================== Tstep:   89.0 Ttot:101301.7 ==
eandg
Spin: 
 Energy calculation finished, energy: -2.138680589E+03
Testing convergence of dimer midpoint in cycle  319
    Energy  1.4665E-05 Target: 1.0000E-06 converged?   no
  Max step  3.3988E-02 Target: 1.8000E-03 converged?   no component   102
  RMS step  9.3296E-03 Target: 1.2000E-03 converged?   no
  Max grad  1.6419E-04 Target: 4.5000E-04 converged?  yes component   155
  RMS grad  4.9742E-05 Target: 3.0000E-04 converged?  yes
Next calculation will be the dimer endpoint before rotation
dl-find/turbomole/=============================== Tstep:  129.3 Ttot:101431.0 ==
eandg
Spin: 
 Energy calculation finished, energy: -2.138680590E+03
Curvature at dimer midpoint                   -0.00330
Predicted dimer rotation angle:      1.576 deg
Dimer rotation converged after    0 steps
Writing TS-mode
Curvature after dimer rotation:               -0.00330
Frequency of transition mode  -295.123 cm^-1 (negative value denotes imaginary frequency)
Crossover temperature for tunnelling       67.57965 K
Restarting L-BFGS optimiser, instance: dimer rotation
Next calculation will be the dimer  midpoint
dl-find/turbomole/=============================== Tstep:  111.5 Ttot:101542.5 ==
eandg
Spin: 
 Energy calculation finished, energy: -2.138680590E+03
Testing convergence of dimer midpoint in cycle  320
    Energy  1.5920E-06 Target: 1.0000E-06 converged?   no
  Max step  2.4210E-02 Target: 1.8000E-03 converged?   no component   102
  RMS step  6.2782E-03 Target: 1.2000E-03 converged?   no
  Max grad  1.0773E-04 Target: 4.5000E-04 converged?  yes component   120
  RMS grad  4.2045E-05 Target: 3.0000E-04 converged?  yes
Next calculation will be the dimer endpoint before rotation
dl-find/turbomole/=============================== Tstep:  124.7 Ttot:101667.2 ==
eandg
Spin: 
 Energy calculation finished, energy: -2.138680591E+03
Curvature at dimer midpoint                   -0.00330
Predicted dimer rotation angle:      1.442 deg
Dimer rotation converged after    0 steps
Writing TS-mode
Curvature after dimer rotation:               -0.00330
Frequency of transition mode  -295.145 cm^-1 (negative value denotes imaginary frequency)
Crossover temperature for tunnelling       67.58468 K
Restarting L-BFGS optimiser, instance: dimer rotation
Next calculation will be the dimer  midpoint
dl-find/turbomole/=============================== Tstep:  114.2 Ttot:101781.4 ==
eandg
Spin: 
 Energy calculation finished, energy: -2.138680599E+03
Testing convergence of dimer midpoint in cycle  321
    Energy  8.3310E-06 Target: 1.0000E-06 converged?   no
  Max step  1.6163E-02 Target: 1.8000E-03 converged?   no component   102
  RMS step  3.9014E-03 Target: 1.2000E-03 converged?   no
  Max grad  2.4050E-04 Target: 4.5000E-04 converged?  yes component   156
  RMS grad  6.1335E-05 Target: 3.0000E-04 converged?  yes
Next calculation will be the dimer endpoint before rotation
dl-find/turbomole/=============================== Tstep:  116.6 Ttot:101897.9 ==
eandg
Spin: 
 Energy calculation finished, energy: -2.138680600E+03
Curvature at dimer midpoint                   -0.00328
Predicted dimer rotation angle:      1.490 deg
Dimer rotation converged after    0 steps
Writing TS-mode
Curvature after dimer rotation:               -0.00328
Frequency of transition mode  -294.573 cm^-1 (negative value denotes imaginary frequency)
Crossover temperature for tunnelling       67.45380 K
Restarting L-BFGS optimiser, instance: dimer rotation
Next calculation will be the dimer  midpoint
dl-find/turbomole/=============================== Tstep:  117.1 Ttot:102015.0 ==
eandg
Spin: 
 Energy calculation finished, energy: -2.138680611E+03
Testing convergence of dimer midpoint in cycle  322
    Energy  1.2477E-05 Target: 1.0000E-06 converged?   no
  Max step  2.4833E-02 Target: 1.8000E-03 converged?   no component    35
  RMS step  6.7556E-03 Target: 1.2000E-03 converged?   no
  Max grad  3.5476E-04 Target: 4.5000E-04 converged?  yes component   245
  RMS grad  8.7748E-05 Target: 3.0000E-04 converged?  yes
Next calculation will be the dimer endpoint before rotation
dl-find/turbomole/=============================== Tstep:  127.3 Ttot:102142.3 ==
eandg
Spin: 
 Energy calculation finished, energy: -2.138680612E+03
Curvature at dimer midpoint                   -0.00329
Predicted dimer rotation angle:      1.381 deg
Dimer rotation converged after    0 steps
Writing TS-mode
Curvature after dimer rotation:               -0.00329
Frequency of transition mode  -294.997 cm^-1 (negative value denotes imaginary frequency)
Crossover temperature for tunnelling       67.55081 K
Restarting L-BFGS optimiser, instance: dimer rotation
Next calculation will be the dimer  midpoint
dl-find/turbomole/=============================== Tstep:  113.9 Ttot:102256.3 ==
eandg
Spin: 
 Energy calculation finished, energy: -2.138680512E+03
Testing convergence of dimer midpoint in cycle  323
    Energy  9.8962E-05 Target: 1.0000E-06 converged?   no
  Max step  8.6547E-02 Target: 1.8000E-03 converged?   no component   102
  RMS step  2.1577E-02 Target: 1.2000E-03 converged?   no
  Max grad  3.7911E-04 Target: 4.5000E-04 converged?  yes component   155
  RMS grad  7.5103E-05 Target: 3.0000E-04 converged?  yes
Next calculation will be the dimer endpoint before rotation
dl-find/turbomole/=============================== Tstep:  121.6 Ttot:102377.9 ==
eandg
Spin: 
 Energy calculation finished, energy: -2.138680513E+03
Curvature at dimer midpoint                   -0.00328
Predicted dimer rotation angle:      1.480 deg
Dimer rotation converged after    0 steps
Writing TS-mode
Curvature after dimer rotation:               -0.00328
Frequency of transition mode  -294.450 cm^-1 (negative value denotes imaginary frequency)
Crossover temperature for tunnelling       67.42559 K
Restarting L-BFGS optimiser, instance: dimer rotation
Next calculation will be the dimer  midpoint
dl-find/turbomole/=============================== Tstep:  113.8 Ttot:102491.6 ==
eandg
Spin: 
 Energy calculation finished, energy: -2.138680519E+03
Testing convergence of dimer midpoint in cycle  324
    Energy  7.0150E-06 Target: 1.0000E-06 converged?   no
  Max step  6.0512E-02 Target: 1.8000E-03 converged?   no component   102
  RMS step  1.4844E-02 Target: 1.2000E-03 converged?   no
  Max grad  1.4481E-04 Target: 4.5000E-04 converged?  yes component    86
  RMS grad  4.8413E-05 Target: 3.0000E-04 converged?  yes
Next calculation will be the dimer endpoint before rotation
dl-find/turbomole/=============================== Tstep:  127.5 Ttot:102619.1 ==
eandg
Spin: 
 Energy calculation finished, energy: -2.138680520E+03
Curvature at dimer midpoint                   -0.00330
Predicted dimer rotation angle:      1.699 deg
Dimer rotation converged after    0 steps
Writing TS-mode
Curvature after dimer rotation:               -0.00330
Frequency of transition mode  -295.258 cm^-1 (negative value denotes imaginary frequency)
Crossover temperature for tunnelling       67.61067 K
Restarting L-BFGS optimiser, instance: dimer rotation
Next calculation will be the dimer  midpoint
dl-find/turbomole/=============================== Tstep:  117.7 Ttot:102736.9 ==
eandg
Spin: 
 Energy calculation finished, energy: -2.138680491E+03
Testing convergence of dimer midpoint in cycle  325
    Energy  2.8592E-05 Target: 1.0000E-06 converged?   no
  Max step  5.6151E-02 Target: 1.8000E-03 converged?   no component   102
  RMS step  1.4345E-02 Target: 1.2000E-03 converged?   no
  Max grad  3.6770E-04 Target: 4.5000E-04 converged?  yes component    43
  RMS grad  6.4854E-05 Target: 3.0000E-04 converged?  yes
Next calculation will be the dimer endpoint before rotation
dl-find/turbomole/=============================== Tstep:  131.6 Ttot:102868.5 ==
eandg
Spin: 
 Energy calculation finished, energy: -2.138680492E+03
Curvature at dimer midpoint                   -0.00331
Predicted dimer rotation angle:      2.469 deg
Next calculation will be the dimer endpoint after rotation
dl-find/turbomole/=============================== Tstep:  116.8 Ttot:102985.3 ==
eandg
Spin: 
 Energy calculation finished, energy: -2.138680492E+03
Curvature at dimer midpoint after rotation    -0.00288
Curvature at dimer minimum                    -0.00331
Actual dimer rotation angle:         0.066 deg
Dimer rotation converged after    1 steps
Writing TS-mode
Curvature after dimer rotation:               -0.00331
Frequency of transition mode  -295.858 cm^-1 (negative value denotes imaginary frequency)
Crossover temperature for tunnelling       67.74817 K
Restarting L-BFGS optimiser, instance: dimer rotation
Next calculation will be the dimer  midpoint
dl-find/turbomole/=============================== Tstep:   87.7 Ttot:103073.0 ==
eandg
Spin: 
 Energy calculation finished, energy: -2.138680467E+03
Testing convergence of dimer midpoint in cycle  326
    Energy  2.3345E-05 Target: 1.0000E-06 converged?   no
  Max step  3.6340E-02 Target: 1.8000E-03 converged?   no component   102
  RMS step  8.9319E-03 Target: 1.2000E-03 converged?   no
  Max grad  3.3059E-04 Target: 4.5000E-04 converged?  yes component   155
  RMS grad  7.3105E-05 Target: 3.0000E-04 converged?  yes
Next calculation will be the dimer endpoint before rotation
dl-find/turbomole/=============================== Tstep:  109.3 Ttot:103182.3 ==
eandg
Spin: 
 Energy calculation finished, energy: -2.138680469E+03
Curvature at dimer midpoint                   -0.00329
Predicted dimer rotation angle:      1.685 deg
Dimer rotation converged after    0 steps
Writing TS-mode
Curvature after dimer rotation:               -0.00329
Frequency of transition mode  -294.880 cm^-1 (negative value denotes imaginary frequency)
Crossover temperature for tunnelling       67.52412 K
Restarting L-BFGS optimiser, instance: dimer rotation
Next calculation will be the dimer  midpoint
dl-find/turbomole/=============================== Tstep:  116.9 Ttot:103299.3 ==
eandg
Spin: 
 Energy calculation finished, energy: -2.138680480E+03
Testing convergence of dimer midpoint in cycle  327
    Energy  1.2319E-05 Target: 1.0000E-06 converged?   no
  Max step  5.4793E-02 Target: 1.8000E-03 converged?   no component   102
  RMS step  1.3113E-02 Target: 1.2000E-03 converged?   no
  Max grad  2.5829E-04 Target: 4.5000E-04 converged?  yes component   155
  RMS grad  5.8734E-05 Target: 3.0000E-04 converged?  yes
Next calculation will be the dimer endpoint before rotation
dl-find/turbomole/=============================== Tstep:  131.2 Ttot:103430.4 ==
eandg
Spin: 
 Energy calculation finished, energy: -2.138680481E+03
Curvature at dimer midpoint                   -0.00333
Predicted dimer rotation angle:      1.616 deg
Dimer rotation converged after    0 steps
Writing TS-mode
Curvature after dimer rotation:               -0.00333
Frequency of transition mode  -296.729 cm^-1 (negative value denotes imaginary frequency)
Crossover temperature for tunnelling       67.94742 K
Restarting L-BFGS optimiser, instance: dimer rotation
Next calculation will be the dimer  midpoint
dl-find/turbomole/=============================== Tstep:  118.1 Ttot:103548.5 ==
eandg
Spin: 
 Energy calculation finished, energy: -2.138680552E+03
Testing convergence of dimer midpoint in cycle  328
    Energy  7.2704E-05 Target: 1.0000E-06 converged?   no
  Max step  2.9999E-02 Target: 1.8000E-03 converged?   no component   116
  RMS step  7.6116E-03 Target: 1.2000E-03 converged?   no
  Max grad  4.6850E-04 Target: 4.5000E-04 converged?   no component   245
  RMS grad  1.0974E-04 Target: 3.0000E-04 converged?  yes
Next calculation will be the dimer endpoint before rotation
dl-find/turbomole/=============================== Tstep:  129.6 Ttot:103678.2 ==
eandg
Spin: 
 Energy calculation finished, energy: -2.138680554E+03
Curvature at dimer midpoint                   -0.00334
Predicted dimer rotation angle:      1.767 deg
Dimer rotation converged after    0 steps
Writing TS-mode
Curvature after dimer rotation:               -0.00334
Frequency of transition mode  -296.916 cm^-1 (negative value denotes imaginary frequency)
Crossover temperature for tunnelling       67.99028 K
Restarting L-BFGS optimiser, instance: dimer rotation
Next calculation will be the dimer  midpoint
dl-find/turbomole/=============================== Tstep:  116.6 Ttot:103794.8 ==
eandg
Spin: 
 Energy calculation finished, energy: -2.138680630E+03
Testing convergence of dimer midpoint in cycle  329
    Energy  7.7471E-05 Target: 1.0000E-06 converged?   no
  Max step  1.8263E-02 Target: 1.8000E-03 converged?   no component   116
  RMS step  4.9300E-03 Target: 1.2000E-03 converged?   no
  Max grad  2.2060E-04 Target: 4.5000E-04 converged?  yes component    86
  RMS grad  5.5882E-05 Target: 3.0000E-04 converged?  yes
Next calculation will be the dimer endpoint before rotation
dl-find/turbomole/=============================== Tstep:  133.2 Ttot:103928.0 ==
eandg
Spin: 
 Energy calculation finished, energy: -2.138680630E+03
Curvature at dimer midpoint                   -0.00334
Predicted dimer rotation angle:      2.280 deg
Next calculation will be the dimer endpoint after rotation
dl-find/turbomole/=============================== Tstep:  114.3 Ttot:104042.3 ==
eandg
Spin: 
 Energy calculation finished, energy: -2.138680630E+03
Curvature at dimer midpoint after rotation    -0.00317
Curvature at dimer minimum                    -0.00334
Actual dimer rotation angle:         0.130 deg
Dimer rotation converged after    1 steps
Writing TS-mode
Curvature after dimer rotation:               -0.00334
Frequency of transition mode  -296.893 cm^-1 (negative value denotes imaginary frequency)
Crossover temperature for tunnelling       67.98518 K
Restarting L-BFGS optimiser, instance: dimer rotation
Next calculation will be the dimer  midpoint
dl-find/turbomole/=============================== Tstep:   79.7 Ttot:104122.0 ==
eandg
Spin: 
 Energy calculation finished, energy: -2.138680632E+03
Testing convergence of dimer midpoint in cycle  330
    Energy  1.7010E-06 Target: 1.0000E-06 converged?   no
  Max step  3.0215E-02 Target: 1.8000E-03 converged?   no component   102
  RMS step  6.7503E-03 Target: 1.2000E-03 converged?   no
  Max grad  1.7908E-04 Target: 4.5000E-04 converged?  yes component    63
  RMS grad  5.2094E-05 Target: 3.0000E-04 converged?  yes
Next calculation will be the dimer endpoint before rotation
dl-find/turbomole/=============================== Tstep:  118.0 Ttot:104240.0 ==
eandg
Spin: 
 Energy calculation finished, energy: -2.138680632E+03
Curvature at dimer midpoint                   -0.00334
Predicted dimer rotation angle:      2.041 deg
Next calculation will be the dimer endpoint after rotation
dl-find/turbomole/=============================== Tstep:  116.9 Ttot:104356.9 ==
eandg
Spin: 
 Energy calculation finished, energy: -2.138680632E+03
Curvature at dimer midpoint after rotation    -0.00301
Curvature at dimer minimum                    -0.00334
Actual dimer rotation angle:         0.050 deg
Dimer rotation converged after    1 steps
Writing TS-mode
Curvature after dimer rotation:               -0.00334
Frequency of transition mode  -296.966 cm^-1 (negative value denotes imaginary frequency)
Crossover temperature for tunnelling       68.00168 K
Restarting L-BFGS optimiser, instance: dimer rotation
Next calculation will be the dimer  midpoint
dl-find/turbomole/=============================== Tstep:   80.7 Ttot:104437.6 ==
eandg
Spin: 
 Energy calculation finished, energy: -2.138680641E+03
Testing convergence of dimer midpoint in cycle  331
    Energy  9.1460E-06 Target: 1.0000E-06 converged?   no
  Max step  2.5631E-02 Target: 1.8000E-03 converged?   no component   102
  RMS step  5.9060E-03 Target: 1.2000E-03 converged?   no
  Max grad  2.3743E-04 Target: 4.5000E-04 converged?  yes component   155
  RMS grad  5.7205E-05 Target: 3.0000E-04 converged?  yes
Next calculation will be the dimer endpoint before rotation
dl-find/turbomole/=============================== Tstep:  120.4 Ttot:104558.0 ==
eandg
Spin: 
 Energy calculation finished, energy: -2.138680642E+03
Curvature at dimer midpoint                   -0.00332
Predicted dimer rotation angle:      2.054 deg
Next calculation will be the dimer endpoint after rotation
dl-find/turbomole/=============================== Tstep:  115.4 Ttot:104673.3 ==
eandg
Spin: 
 Energy calculation finished, energy: -2.138680642E+03
Curvature at dimer midpoint after rotation    -0.00315
Curvature at dimer minimum                    -0.00332
Actual dimer rotation angle:         0.091 deg
Dimer rotation converged after    1 steps
Writing TS-mode
Curvature after dimer rotation:               -0.00332
Frequency of transition mode  -296.342 cm^-1 (negative value denotes imaginary frequency)
Crossover temperature for tunnelling       67.85900 K
Restarting L-BFGS optimiser, instance: dimer rotation
Next calculation will be the dimer  midpoint
dl-find/turbomole/=============================== Tstep:   77.6 Ttot:104750.9 ==
eandg
Spin: 
 Energy calculation finished, energy: -2.138680639E+03
Testing convergence of dimer midpoint in cycle  332
    Energy  1.2750E-06 Target: 1.0000E-06 converged?   no
  Max step  4.9247E-02 Target: 1.8000E-03 converged?   no component   102
  RMS step  1.1340E-02 Target: 1.2000E-03 converged?   no
  Max grad  5.5951E-04 Target: 4.5000E-04 converged?   no component    72
  RMS grad  1.3727E-04 Target: 3.0000E-04 converged?  yes
Next calculation will be the dimer endpoint before rotation
dl-find/turbomole/=============================== Tstep:  127.7 Ttot:104878.7 ==
eandg
Spin: 
 Energy calculation finished, energy: -2.138680640E+03
Curvature at dimer midpoint                   -0.00334
Predicted dimer rotation angle:      2.326 deg
Next calculation will be the dimer endpoint after rotation
dl-find/turbomole/=============================== Tstep:  113.7 Ttot:104992.4 ==
eandg
Spin: 
 Energy calculation finished, energy: -2.138680640E+03
Curvature at dimer midpoint after rotation    -0.00299
Curvature at dimer minimum                    -0.00334
Actual dimer rotation angle:         0.068 deg
Dimer rotation converged after    1 steps
Writing TS-mode
Curvature after dimer rotation:               -0.00334
Frequency of transition mode  -297.077 cm^-1 (negative value denotes imaginary frequency)
Crossover temperature for tunnelling       68.02724 K
Restarting L-BFGS optimiser, instance: dimer rotation
Next calculation will be the dimer  midpoint
dl-find/turbomole/=============================== Tstep:   85.2 Ttot:105077.6 ==
eandg
Spin: 
 Energy calculation finished, energy: -2.138680647E+03
Testing convergence of dimer midpoint in cycle  333
    Energy  7.6880E-06 Target: 1.0000E-06 converged?   no
  Max step  2.3205E-02 Target: 1.8000E-03 converged?   no component   102
  RMS step  5.4020E-03 Target: 1.2000E-03 converged?   no
  Max grad  1.7563E-04 Target: 4.5000E-04 converged?  yes component    43
  RMS grad  5.4001E-05 Target: 3.0000E-04 converged?  yes
Next calculation will be the dimer endpoint before rotation
dl-find/turbomole/=============================== Tstep:  125.4 Ttot:105203.0 ==
eandg
Spin: 
 Energy calculation finished, energy: -2.138680653E+03
Curvature at dimer midpoint                   -0.00340
Predicted dimer rotation angle:      3.990 deg
Next calculation will be the dimer endpoint after rotation
dl-find/turbomole/=============================== Tstep:  114.8 Ttot:105317.9 ==
eandg
Spin: 
 Energy calculation finished, energy: -2.138680654E+03
Curvature at dimer midpoint after rotation    -0.00285
Curvature at dimer minimum                    -0.00340
Actual dimer rotation angle:         0.215 deg
Dimer rotation converged after    1 steps
Writing TS-mode
Curvature after dimer rotation:               -0.00340
Frequency of transition mode  -299.931 cm^-1 (negative value denotes imaginary frequency)
Crossover temperature for tunnelling       68.68068 K
Restarting L-BFGS optimiser, instance: dimer rotation
Next calculation will be the dimer  midpoint
dl-find/turbomole/=============================== Tstep:   90.9 Ttot:105408.8 ==
eandg
Spin: 
 Energy calculation finished, energy: -2.138680658E+03
Testing convergence of dimer midpoint in cycle  334
    Energy  1.1248E-05 Target: 1.0000E-06 converged?   no
  Max step  7.6687E-03 Target: 1.8000E-03 converged?   no component   116
  RMS step  1.9078E-03 Target: 1.2000E-03 converged?   no
  Max grad  1.2167E-04 Target: 4.5000E-04 converged?  yes component   242
  RMS grad  4.1748E-05 Target: 3.0000E-04 converged?  yes
Next calculation will be the dimer endpoint before rotation
dl-find/turbomole/=============================== Tstep:  127.0 Ttot:105535.8 ==
eandg
Spin: 
 Energy calculation finished, energy: -2.138680659E+03
Curvature at dimer midpoint                   -0.00334
Predicted dimer rotation angle:      4.157 deg
Next calculation will be the dimer endpoint after rotation
dl-find/turbomole/=============================== Tstep:  116.9 Ttot:105652.6 ==
eandg
Spin: 
 Energy calculation finished, energy: -2.138680660E+03
Curvature at dimer midpoint after rotation    -0.00241
Curvature at dimer minimum                    -0.00334
Actual dimer rotation angle:         0.147 deg
Dimer rotation converged after    1 steps
Writing TS-mode
Curvature after dimer rotation:               -0.00334
Frequency of transition mode  -297.304 cm^-1 (negative value denotes imaginary frequency)
Crossover temperature for tunnelling       68.07921 K
Restarting L-BFGS optimiser, instance: dimer rotation
Next calculation will be the dimer  midpoint
dl-find/turbomole/=============================== Tstep:   92.9 Ttot:105745.6 ==
eandg
Spin: 
 Energy calculation finished, energy: -2.138680663E+03
Testing convergence of dimer midpoint in cycle  335
    Energy  4.4920E-06 Target: 1.0000E-06 converged?   no
  Max step  2.7293E-02 Target: 1.8000E-03 converged?   no component   102
  RMS step  6.0416E-03 Target: 1.2000E-03 converged?   no
  Max grad  1.8112E-04 Target: 4.5000E-04 converged?  yes component    88
  RMS grad  4.9497E-05 Target: 3.0000E-04 converged?  yes
Next calculation will be the dimer endpoint before rotation
dl-find/turbomole/=============================== Tstep:  123.5 Ttot:105869.1 ==
eandg
Spin: 
 Energy calculation finished, energy: -2.138680663E+03
Curvature at dimer midpoint                   -0.00336
Predicted dimer rotation angle:      2.596 deg
Next calculation will be the dimer endpoint after rotation
dl-find/turbomole/=============================== Tstep:  116.9 Ttot:105986.0 ==
eandg
Spin: 
 Energy calculation finished, energy: -2.138680663E+03
Curvature at dimer midpoint after rotation    -0.00284
Curvature at dimer minimum                    -0.00336
Actual dimer rotation angle:         0.066 deg
Dimer rotation converged after    1 steps
Writing TS-mode
Curvature after dimer rotation:               -0.00336
Frequency of transition mode  -297.842 cm^-1 (negative value denotes imaginary frequency)
Crossover temperature for tunnelling       68.20228 K
Restarting L-BFGS optimiser, instance: dimer rotation
Next calculation will be the dimer  midpoint
dl-find/turbomole/=============================== Tstep:   91.2 Ttot:106077.1 ==
eandg
Spin: 
 Energy calculation finished, energy: -2.138680668E+03
Testing convergence of dimer midpoint in cycle  336
    Energy  4.7910E-06 Target: 1.0000E-06 converged?   no
  Max step  1.3053E-02 Target: 1.8000E-03 converged?   no component   105
  RMS step  4.3455E-03 Target: 1.2000E-03 converged?   no
  Max grad  4.2195E-04 Target: 4.5000E-04 converged?  yes component    81
  RMS grad  8.0029E-05 Target: 3.0000E-04 converged?  yes
Next calculation will be the dimer endpoint before rotation
dl-find/turbomole/=============================== Tstep:  129.1 Ttot:106206.3 ==
eandg
Spin: 
 Energy calculation finished, energy: -2.138680668E+03
Curvature at dimer midpoint                   -0.00336
Predicted dimer rotation angle:      1.776 deg
Dimer rotation converged after    0 steps
Writing TS-mode
Curvature after dimer rotation:               -0.00336
Frequency of transition mode  -297.833 cm^-1 (negative value denotes imaginary frequency)
Crossover temperature for tunnelling       68.20021 K
Restarting L-BFGS optimiser, instance: dimer rotation
Next calculation will be the dimer  midpoint
dl-find/turbomole/=============================== Tstep:  116.7 Ttot:106323.0 ==
eandg
Spin: 
 Energy calculation finished, energy: -2.138680677E+03
Testing convergence of dimer midpoint in cycle  337
    Energy  9.3310E-06 Target: 1.0000E-06 converged?   no
  Max step  5.1533E-02 Target: 1.8000E-03 converged?   no component   102
  RMS step  1.1023E-02 Target: 1.2000E-03 converged?   no
  Max grad  2.1599E-04 Target: 4.5000E-04 converged?  yes component    88
  RMS grad  5.2321E-05 Target: 3.0000E-04 converged?  yes
Next calculation will be the dimer endpoint before rotation
dl-find/turbomole/=============================== Tstep:  130.6 Ttot:106453.7 ==
eandg
Spin: 
 Energy calculation finished, energy: -2.138680678E+03
Curvature at dimer midpoint                   -0.00337
Predicted dimer rotation angle:      1.799 deg
Dimer rotation converged after    0 steps
Writing TS-mode
Curvature after dimer rotation:               -0.00337
Frequency of transition mode  -298.377 cm^-1 (negative value denotes imaginary frequency)
Crossover temperature for tunnelling       68.32482 K
Restarting L-BFGS optimiser, instance: dimer rotation
Next calculation will be the dimer  midpoint
dl-find/turbomole/=============================== Tstep:  113.9 Ttot:106567.6 ==
eandg
Spin: 
 Energy calculation finished, energy: -2.138680681E+03
Testing convergence of dimer midpoint in cycle  338
    Energy  4.0700E-06 Target: 1.0000E-06 converged?   no
  Max step  1.9601E-03 Target: 1.8000E-03 converged?   no component   189
  RMS step  5.5294E-04 Target: 1.2000E-03 converged?  yes
  Max grad  1.1122E-04 Target: 4.5000E-04 converged?  yes component   205
  RMS grad  3.6235E-05 Target: 3.0000E-04 converged?  yes
Next calculation will be the dimer endpoint before rotation
dl-find/turbomole/=============================== Tstep:  119.9 Ttot:106687.5 ==
eandg
Spin: 
 Energy calculation finished, energy: -2.138680682E+03
Curvature at dimer midpoint                   -0.00337
Predicted dimer rotation angle:      1.748 deg
Dimer rotation converged after    0 steps
Writing TS-mode
Curvature after dimer rotation:               -0.00337
Frequency of transition mode  -298.589 cm^-1 (negative value denotes imaginary frequency)
Crossover temperature for tunnelling       68.37333 K
Restarting L-BFGS optimiser, instance: dimer rotation
Next calculation will be the dimer  midpoint
dl-find/turbomole/=============================== Tstep:  116.3 Ttot:106803.8 ==
eandg
Spin: 
 Energy calculation finished, energy: -2.138680683E+03
Testing convergence of dimer midpoint in cycle  339
    Energy  1.6730E-06 Target: 1.0000E-06 converged?   no
  Max step  9.8076E-03 Target: 1.8000E-03 converged?   no component   102
  RMS step  2.2523E-03 Target: 1.2000E-03 converged?   no
  Max grad  1.6530E-04 Target: 4.5000E-04 converged?  yes component    72
  RMS grad  4.6947E-05 Target: 3.0000E-04 converged?  yes
Next calculation will be the dimer endpoint before rotation
dl-find/turbomole/=============================== Tstep:  122.1 Ttot:106925.9 ==
eandg
Spin: 
 Energy calculation finished, energy: -2.138680683E+03
Curvature at dimer midpoint                   -0.00337
Predicted dimer rotation angle:      1.943 deg
Dimer rotation converged after    0 steps
Writing TS-mode
Curvature after dimer rotation:               -0.00337
Frequency of transition mode  -298.594 cm^-1 (negative value denotes imaginary frequency)
Crossover temperature for tunnelling       68.37463 K
Restarting L-BFGS optimiser, instance: dimer rotation
Next calculation will be the dimer  midpoint
dl-find/turbomole/=============================== Tstep:  113.9 Ttot:107039.8 ==
eandg
Spin: 
 Energy calculation finished, energy: -2.138680683E+03
Testing convergence of dimer midpoint in cycle  340
    Energy  4.7000E-07 Target: 1.0000E-06 converged?  yes
  Max step  3.0678E-02 Target: 1.8000E-03 converged?   no component   102
  RMS step  6.6120E-03 Target: 1.2000E-03 converged?   no
  Max grad  5.8880E-04 Target: 4.5000E-04 converged?   no component    88
  RMS grad  7.6841E-05 Target: 3.0000E-04 converged?  yes
Next calculation will be the dimer endpoint before rotation
dl-find/turbomole/=============================== Tstep:  127.0 Ttot:107166.8 ==
eandg
Spin: 
 Energy calculation finished, energy: -2.138680684E+03
Curvature at dimer midpoint                   -0.00338
Predicted dimer rotation angle:      2.195 deg
Next calculation will be the dimer endpoint after rotation
dl-find/turbomole/=============================== Tstep:  117.4 Ttot:107284.2 ==
eandg
Spin: 
 Energy calculation finished, energy: -2.138680684E+03
Curvature at dimer midpoint after rotation    -0.00310
Curvature at dimer minimum                    -0.00338
Actual dimer rotation angle:         0.072 deg
Dimer rotation converged after    1 steps
Writing TS-mode
Curvature after dimer rotation:               -0.00338
Frequency of transition mode  -299.049 cm^-1 (negative value denotes imaginary frequency)
Crossover temperature for tunnelling       68.47877 K
Restarting L-BFGS optimiser, instance: dimer rotation
Next calculation will be the dimer  midpoint
dl-find/turbomole/=============================== Tstep:   89.3 Ttot:107373.5 ==
eandg
Spin: 
 Energy calculation finished, energy: -2.138680689E+03
Testing convergence of dimer midpoint in cycle  341
    Energy  6.1990E-06 Target: 1.0000E-06 converged?   no
  Max step  3.3281E-02 Target: 1.8000E-03 converged?   no component   102
  RMS step  7.2033E-03 Target: 1.2000E-03 converged?   no
  Max grad  3.5757E-04 Target: 4.5000E-04 converged?  yes component    88
  RMS grad  5.5871E-05 Target: 3.0000E-04 converged?  yes
Next calculation will be the dimer endpoint before rotation
dl-find/turbomole/=============================== Tstep:  126.8 Ttot:107500.3 ==
eandg
Spin: 
 Energy calculation finished, energy: -2.138680690E+03
Curvature at dimer midpoint                   -0.00339
Predicted dimer rotation angle:      1.672 deg
Dimer rotation converged after    0 steps
Writing TS-mode
Curvature after dimer rotation:               -0.00339
Frequency of transition mode  -299.339 cm^-1 (negative value denotes imaginary frequency)
Crossover temperature for tunnelling       68.54520 K
Restarting L-BFGS optimiser, instance: dimer rotation
Next calculation will be the dimer  midpoint
dl-find/turbomole/=============================== Tstep:  112.8 Ttot:107613.0 ==
eandg
Spin: 
 Energy calculation finished, energy: -2.138680701E+03
Testing convergence of dimer midpoint in cycle  342
    Energy  1.1234E-05 Target: 1.0000E-06 converged?   no
  Max step  4.4496E-02 Target: 1.8000E-03 converged?   no component   102
  RMS step  9.7265E-03 Target: 1.2000E-03 converged?   no
  Max grad  1.4202E-04 Target: 4.5000E-04 converged?  yes component    88
  RMS grad  4.7442E-05 Target: 3.0000E-04 converged?  yes
Next calculation will be the dimer endpoint before rotation
dl-find/turbomole/=============================== Tstep:  128.2 Ttot:107741.2 ==
eandg
Spin: 
 Energy calculation finished, energy: -2.138680701E+03
Curvature at dimer midpoint                   -0.00340
Predicted dimer rotation angle:      1.814 deg
Dimer rotation converged after    0 steps
Writing TS-mode
Curvature after dimer rotation:               -0.00340
Frequency of transition mode  -299.727 cm^-1 (negative value denotes imaginary frequency)
Crossover temperature for tunnelling       68.63407 K
Restarting L-BFGS optimiser, instance: dimer rotation
Next calculation will be the dimer  midpoint
dl-find/turbomole/=============================== Tstep:  113.5 Ttot:107854.7 ==
eandg
Spin: 
 Energy calculation finished, energy: -2.138680713E+03
Testing convergence of dimer midpoint in cycle  343
    Energy  1.2756E-05 Target: 1.0000E-06 converged?   no
  Max step  6.6453E-02 Target: 1.8000E-03 converged?   no component   102
  RMS step  1.4330E-02 Target: 1.2000E-03 converged?   no
  Max grad  4.2725E-04 Target: 4.5000E-04 converged?  yes component    90
  RMS grad  1.0099E-04 Target: 3.0000E-04 converged?  yes
Next calculation will be the dimer endpoint before rotation
dl-find/turbomole/=============================== Tstep:  132.2 Ttot:107986.9 ==
eandg
Spin: 
 Energy calculation finished, energy: -2.138680713E+03
Curvature at dimer midpoint                   -0.00341
Predicted dimer rotation angle:      2.044 deg
Next calculation will be the dimer endpoint after rotation
dl-find/turbomole/=============================== Tstep:  112.9 Ttot:108099.8 ==
eandg
Spin: 
 Energy calculation finished, energy: -2.138680713E+03
Curvature at dimer midpoint after rotation    -0.00329
Curvature at dimer minimum                    -0.00341
Actual dimer rotation angle:         0.122 deg
Dimer rotation converged after    1 steps
Writing TS-mode
Curvature after dimer rotation:               -0.00341
Frequency of transition mode  -300.383 cm^-1 (negative value denotes imaginary frequency)
Crossover temperature for tunnelling       68.78423 K
Restarting L-BFGS optimiser, instance: dimer rotation
Next calculation will be the dimer  midpoint
dl-find/turbomole/=============================== Tstep:   80.7 Ttot:108180.4 ==
eandg
Spin: 
 Energy calculation finished, energy: -2.138680720E+03
Testing convergence of dimer midpoint in cycle  344
    Energy  6.8860E-06 Target: 1.0000E-06 converged?   no
  Max step  1.0751E-02 Target: 1.8000E-03 converged?   no component    39
  RMS step  3.1004E-03 Target: 1.2000E-03 converged?   no
  Max grad  2.9679E-04 Target: 4.5000E-04 converged?  yes component    90
  RMS grad  6.0192E-05 Target: 3.0000E-04 converged?  yes
Next calculation will be the dimer endpoint before rotation
dl-find/turbomole/=============================== Tstep:  125.0 Ttot:108305.5 ==
eandg
Spin: 
 Energy calculation finished, energy: -2.138680720E+03
Curvature at dimer midpoint                   -0.00341
Predicted dimer rotation angle:      2.417 deg
Next calculation will be the dimer endpoint after rotation
dl-find/turbomole/=============================== Tstep:  116.0 Ttot:108421.5 ==
eandg
Spin: 
 Energy calculation finished, energy: -2.138680719E+03
Curvature at dimer midpoint after rotation    -0.00290
Curvature at dimer minimum                    -0.00341
Actual dimer rotation angle:         0.055 deg
Dimer rotation converged after    1 steps
Writing TS-mode
Curvature after dimer rotation:               -0.00341
Frequency of transition mode  -300.186 cm^-1 (negative value denotes imaginary frequency)
Crossover temperature for tunnelling       68.73920 K
Restarting L-BFGS optimiser, instance: dimer rotation
Next calculation will be the dimer  midpoint
dl-find/turbomole/=============================== Tstep:   85.7 Ttot:108507.2 ==
eandg
Spin: 
 Energy calculation finished, energy: -2.138680717E+03
Testing convergence of dimer midpoint in cycle  345
    Energy  3.5850E-06 Target: 1.0000E-06 converged?   no
  Max step  7.8712E-03 Target: 1.8000E-03 converged?   no component   116
  RMS step  1.8964E-03 Target: 1.2000E-03 converged?   no
  Max grad  1.6709E-04 Target: 4.5000E-04 converged?  yes component   213
  RMS grad  4.9411E-05 Target: 3.0000E-04 converged?  yes
Next calculation will be the dimer endpoint before rotation
dl-find/turbomole/=============================== Tstep:  120.0 Ttot:108627.2 ==
eandg
Spin: 
 Energy calculation finished, energy: -2.138680717E+03
Curvature at dimer midpoint                   -0.00340
Predicted dimer rotation angle:      1.633 deg
Dimer rotation converged after    0 steps
Writing TS-mode
Curvature after dimer rotation:               -0.00340
Frequency of transition mode  -299.591 cm^-1 (negative value denotes imaginary frequency)
Crossover temperature for tunnelling       68.60277 K
Restarting L-BFGS optimiser, instance: dimer rotation
Next calculation will be the dimer  midpoint
dl-find/turbomole/=============================== Tstep:  118.8 Ttot:108746.0 ==
eandg
Spin: 
 Energy calculation finished, energy: -2.138680721E+03
Testing convergence of dimer midpoint in cycle  346
    Energy  4.5530E-06 Target: 1.0000E-06 converged?   no
  Max step  1.2160E-02 Target: 1.8000E-03 converged?   no component   208
  RMS step  2.6893E-03 Target: 1.2000E-03 converged?   no
  Max grad  1.9645E-04 Target: 4.5000E-04 converged?  yes component    83
  RMS grad  4.8613E-05 Target: 3.0000E-04 converged?  yes
Next calculation will be the dimer endpoint before rotation
dl-find/turbomole/=============================== Tstep:  126.0 Ttot:108872.1 ==
eandg
Spin: 
 Energy calculation finished, energy: -2.138680721E+03
Curvature at dimer midpoint                   -0.00339
Predicted dimer rotation angle:      1.762 deg
Dimer rotation converged after    0 steps
Writing TS-mode
Curvature after dimer rotation:               -0.00339
Frequency of transition mode  -299.247 cm^-1 (negative value denotes imaginary frequency)
Crossover temperature for tunnelling       68.52420 K
Restarting L-BFGS optimiser, instance: dimer rotation
Next calculation will be the dimer  midpoint
dl-find/turbomole/=============================== Tstep:  118.3 Ttot:108990.3 ==
eandg
Spin: 
 Energy calculation finished, energy: -2.138680730E+03
Testing convergence of dimer midpoint in cycle  347
    Energy  9.1100E-06 Target: 1.0000E-06 converged?   no
  Max step  3.6193E-02 Target: 1.8000E-03 converged?   no component   102
  RMS step  8.0521E-03 Target: 1.2000E-03 converged?   no
  Max grad  5.3453E-04 Target: 4.5000E-04 converged?   no component    43
  RMS grad  8.7608E-05 Target: 3.0000E-04 converged?  yes
Next calculation will be the dimer endpoint before rotation
dl-find/turbomole/=============================== Tstep:  127.1 Ttot:109117.4 ==
eandg
Spin: 
 Energy calculation finished, energy: -2.138680731E+03
Curvature at dimer midpoint                   -0.00338
Predicted dimer rotation angle:      2.248 deg
Next calculation will be the dimer endpoint after rotation
dl-find/turbomole/=============================== Tstep:  116.6 Ttot:109233.9 ==
eandg
Spin: 
 Energy calculation finished, energy: -2.138680731E+03
Curvature at dimer midpoint after rotation    -0.00300
Curvature at dimer minimum                    -0.00338
Actual dimer rotation angle:         0.057 deg
Dimer rotation converged after    1 steps
Writing TS-mode
Curvature after dimer rotation:               -0.00338
Frequency of transition mode  -299.070 cm^-1 (negative value denotes imaginary frequency)
Crossover temperature for tunnelling       68.48363 K
Restarting L-BFGS optimiser, instance: dimer rotation
Next calculation will be the dimer  midpoint
dl-find/turbomole/=============================== Tstep:   75.2 Ttot:109309.2 ==
eandg
Spin: 
 Energy calculation finished, energy: -2.138680788E+03
Testing convergence of dimer midpoint in cycle  348
    Energy  5.7453E-05 Target: 1.0000E-06 converged?   no
  Max step  2.0581E-02 Target: 1.8000E-03 converged?   no component   102
  RMS step  4.5947E-03 Target: 1.2000E-03 converged?   no
  Max grad  2.1101E-04 Target: 4.5000E-04 converged?  yes component    90
  RMS grad  4.9248E-05 Target: 3.0000E-04 converged?  yes
Next calculation will be the dimer endpoint before rotation
dl-find/turbomole/=============================== Tstep:  123.4 Ttot:109432.6 ==
eandg
Spin: 
 Energy calculation finished, energy: -2.138680788E+03
Curvature at dimer midpoint                   -0.00338
Predicted dimer rotation angle:      1.360 deg
Dimer rotation converged after    0 steps
Writing TS-mode
Curvature after dimer rotation:               -0.00338
Frequency of transition mode  -298.952 cm^-1 (negative value denotes imaginary frequency)
Crossover temperature for tunnelling       68.45650 K
Restarting L-BFGS optimiser, instance: dimer rotation
Next calculation will be the dimer  midpoint
dl-find/turbomole/=============================== Tstep:  113.5 Ttot:109546.1 ==
eandg
Spin: 
 Energy calculation finished, energy: -2.138680834E+03
Testing convergence of dimer midpoint in cycle  349
    Energy  4.5854E-05 Target: 1.0000E-06 converged?   no
  Max step  1.1009E-02 Target: 1.8000E-03 converged?   no component   208
  RMS step  2.9316E-03 Target: 1.2000E-03 converged?   no
  Max grad  1.4004E-04 Target: 4.5000E-04 converged?  yes component    49
  RMS grad  4.5209E-05 Target: 3.0000E-04 converged?  yes
Next calculation will be the dimer endpoint before rotation
dl-find/turbomole/=============================== Tstep:  129.5 Ttot:109675.6 ==
eandg
Spin: 
 Energy calculation finished, energy: -2.138680834E+03
Curvature at dimer midpoint                   -0.00339
Predicted dimer rotation angle:      1.398 deg
Dimer rotation converged after    0 steps
Writing TS-mode
Curvature after dimer rotation:               -0.00339
Frequency of transition mode  -299.222 cm^-1 (negative value denotes imaginary frequency)
Crossover temperature for tunnelling       68.51831 K
Restarting L-BFGS optimiser, instance: dimer rotation
Next calculation will be the dimer  midpoint
dl-find/turbomole/=============================== Tstep:  116.0 Ttot:109791.6 ==
eandg
Spin: 
 Energy calculation finished, energy: -2.138680799E+03
Testing convergence of dimer midpoint in cycle  350
    Energy  3.4735E-05 Target: 1.0000E-06 converged?   no
  Max step  5.2761E-02 Target: 1.8000E-03 converged?   no component   102
  RMS step  1.1821E-02 Target: 1.2000E-03 converged?   no
  Max grad  2.1899E-04 Target: 4.5000E-04 converged?  yes component    98
  RMS grad  5.4521E-05 Target: 3.0000E-04 converged?  yes
Next calculation will be the dimer endpoint before rotation
dl-find/turbomole/=============================== Tstep:  130.4 Ttot:109922.0 ==
eandg
Spin: 
 Energy calculation finished, energy: -2.138680799E+03
Curvature at dimer midpoint                   -0.00338
Predicted dimer rotation angle:      1.716 deg
Dimer rotation converged after    0 steps
Writing TS-mode
Curvature after dimer rotation:               -0.00338
Frequency of transition mode  -298.978 cm^-1 (negative value denotes imaginary frequency)
Crossover temperature for tunnelling       68.46254 K
Restarting L-BFGS optimiser, instance: dimer rotation
Next calculation will be the dimer  midpoint
dl-find/turbomole/=============================== Tstep:  113.8 Ttot:110035.9 ==
eandg
Spin: 
 Energy calculation finished, energy: -2.138680839E+03
Testing convergence of dimer midpoint in cycle  351
    Energy  3.9706E-05 Target: 1.0000E-06 converged?   no
  Max step  3.2761E-02 Target: 1.8000E-03 converged?   no component   102
  RMS step  7.7537E-03 Target: 1.2000E-03 converged?   no
  Max grad  6.6859E-04 Target: 4.5000E-04 converged?   no component    43
  RMS grad  1.1315E-04 Target: 3.0000E-04 converged?  yes
Next calculation will be the dimer endpoint before rotation
dl-find/turbomole/=============================== Tstep:  135.0 Ttot:110170.8 ==
eandg
Spin: 
 Energy calculation finished, energy: -2.138680848E+03
Curvature at dimer midpoint                   -0.00348
Predicted dimer rotation angle:      7.653 deg
Next calculation will be the dimer endpoint after rotation
dl-find/turbomole/=============================== Tstep:  113.3 Ttot:110284.1 ==
eandg
Spin: 
 Energy calculation finished, energy: -2.138680848E+03
Curvature at dimer midpoint after rotation    -0.00075
Curvature at dimer minimum                    -0.00348
Actual dimer rotation angle:         0.325 deg
Dimer rotation converged after    1 steps
Writing TS-mode
Curvature after dimer rotation:               -0.00348
Frequency of transition mode  -303.267 cm^-1 (negative value denotes imaginary frequency)
Crossover temperature for tunnelling       69.44455 K
Restarting L-BFGS optimiser, instance: dimer rotation
Next calculation will be the dimer  midpoint
dl-find/turbomole/=============================== Tstep:   94.6 Ttot:110378.7 ==
eandg
Spin: 
 Energy calculation finished, energy: -2.138680823E+03
Testing convergence of dimer midpoint in cycle  352
    Energy  1.5209E-05 Target: 1.0000E-06 converged?   no
  Max step  7.6466E-03 Target: 1.8000E-03 converged?   no component   113
  RMS step  1.9605E-03 Target: 1.2000E-03 converged?   no
  Max grad  2.0040E-04 Target: 4.5000E-04 converged?  yes component    43
  RMS grad  5.4466E-05 Target: 3.0000E-04 converged?  yes
Next calculation will be the dimer endpoint before rotation
dl-find/turbomole/=============================== Tstep:  120.4 Ttot:110499.1 ==
eandg
Spin: 
 Energy calculation finished, energy: -2.138680824E+03
Curvature at dimer midpoint                   -0.00336
Predicted dimer rotation angle:      9.368 deg
Next calculation will be the dimer endpoint after rotation
dl-find/turbomole/=============================== Tstep:  114.0 Ttot:110613.1 ==
eandg
Spin: 
 Energy calculation finished, energy: -2.138680823E+03
Curvature at dimer midpoint after rotation     0.00560
Curvature at dimer minimum                    -0.00337
Actual dimer rotation angle:         0.186 deg
Dimer rotation converged after    1 steps
Writing TS-mode
Curvature after dimer rotation:               -0.00337
Frequency of transition mode  -298.312 cm^-1 (negative value denotes imaginary frequency)
Crossover temperature for tunnelling       68.30997 K
Restarting L-BFGS optimiser, instance: dimer rotation
Next calculation will be the dimer  midpoint
dl-find/turbomole/=============================== Tstep:   97.5 Ttot:110710.7 ==
eandg
Spin: 
 Energy calculation finished, energy: -2.138680797E+03
Testing convergence of dimer midpoint in cycle  353
    Energy  2.6362E-05 Target: 1.0000E-06 converged?   no
  Max step  4.2880E-02 Target: 1.8000E-03 converged?   no component   102
  RMS step  9.9508E-03 Target: 1.2000E-03 converged?   no
  Max grad  1.6980E-04 Target: 4.5000E-04 converged?  yes component    83
  RMS grad  4.8523E-05 Target: 3.0000E-04 converged?  yes
Next calculation will be the dimer endpoint before rotation
dl-find/turbomole/=============================== Tstep:  128.4 Ttot:110839.1 ==
eandg
Spin: 
 Energy calculation finished, energy: -2.138680798E+03
Curvature at dimer midpoint                   -0.00336
Predicted dimer rotation angle:      3.578 deg
Next calculation will be the dimer endpoint after rotation
dl-find/turbomole/=============================== Tstep:  116.5 Ttot:110955.6 ==
eandg
Spin: 
 Energy calculation finished, energy: -2.138680797E+03
Curvature at dimer midpoint after rotation    -0.00273
Curvature at dimer minimum                    -0.00336
Actual dimer rotation angle:         0.138 deg
Dimer rotation converged after    1 steps
Writing TS-mode
Curvature after dimer rotation:               -0.00336
Frequency of transition mode  -298.151 cm^-1 (negative value denotes imaginary frequency)
Crossover temperature for tunnelling       68.27319 K
Restarting L-BFGS optimiser, instance: dimer rotation
Next calculation will be the dimer  midpoint
dl-find/turbomole/=============================== Tstep:   91.9 Ttot:111047.5 ==
eandg
Spin: 
 Energy calculation finished, energy: -2.138680813E+03
Testing convergence of dimer midpoint in cycle  354
    Energy  1.6216E-05 Target: 1.0000E-06 converged?   no
  Max step  1.0688E-02 Target: 1.8000E-03 converged?   no component    35
  RMS step  3.0378E-03 Target: 1.2000E-03 converged?   no
  Max grad  3.3741E-04 Target: 4.5000E-04 converged?  yes component    43
  RMS grad  5.6579E-05 Target: 3.0000E-04 converged?  yes
Next calculation will be the dimer endpoint before rotation
dl-find/turbomole/=============================== Tstep:  120.6 Ttot:111168.1 ==
eandg
Spin: 
 Energy calculation finished, energy: -2.138680814E+03
Curvature at dimer midpoint                   -0.00336
Predicted dimer rotation angle:      2.942 deg
Next calculation will be the dimer endpoint after rotation
dl-find/turbomole/=============================== Tstep:  118.0 Ttot:111286.1 ==
eandg
Spin: 
 Energy calculation finished, energy: -2.138680814E+03
Curvature at dimer midpoint after rotation    -0.00254
Curvature at dimer minimum                    -0.00336
Actual dimer rotation angle:         0.061 deg
Dimer rotation converged after    1 steps
Writing TS-mode
Curvature after dimer rotation:               -0.00336
Frequency of transition mode  -298.127 cm^-1 (negative value denotes imaginary frequency)
Crossover temperature for tunnelling       68.26763 K
Restarting L-BFGS optimiser, instance: dimer rotation
Next calculation will be the dimer  midpoint
dl-find/turbomole/=============================== Tstep:   89.0 Ttot:111375.1 ==
eandg
Spin: 
 Energy calculation finished, energy: -2.138680831E+03
Testing convergence of dimer midpoint in cycle  355
    Energy  1.7351E-05 Target: 1.0000E-06 converged?   no
  Max step  5.7419E-02 Target: 1.8000E-03 converged?   no component   102
  RMS step  1.3171E-02 Target: 1.2000E-03 converged?   no
  Max grad  5.1886E-04 Target: 4.5000E-04 converged?   no component    55
  RMS grad  1.0464E-04 Target: 3.0000E-04 converged?  yes
Next calculation will be the dimer endpoint before rotation
dl-find/turbomole/=============================== Tstep:  126.4 Ttot:111501.5 ==
eandg
Spin: 
 Energy calculation finished, energy: -2.138680830E+03
Curvature at dimer midpoint                   -0.00335
Predicted dimer rotation angle:      2.433 deg
Next calculation will be the dimer endpoint after rotation
dl-find/turbomole/=============================== Tstep:  113.3 Ttot:111614.8 ==
eandg
Spin: 
 Energy calculation finished, energy: -2.138680830E+03
Curvature at dimer midpoint after rotation    -0.00312
Curvature at dimer minimum                    -0.00335
Actual dimer rotation angle:         0.117 deg
Dimer rotation converged after    1 steps
Writing TS-mode
Curvature after dimer rotation:               -0.00335
Frequency of transition mode  -297.624 cm^-1 (negative value denotes imaginary frequency)
Crossover temperature for tunnelling       68.15247 K
Restarting L-BFGS optimiser, instance: dimer rotation
Next calculation will be the dimer  midpoint
dl-find/turbomole/=============================== Tstep:   85.7 Ttot:111700.5 ==
eandg
Spin: 
 Energy calculation finished, energy: -2.138680876E+03
Testing convergence of dimer midpoint in cycle  356
    Energy  4.5840E-05 Target: 1.0000E-06 converged?   no
  Max step  2.0401E-02 Target: 1.8000E-03 converged?   no component   102
  RMS step  4.9016E-03 Target: 1.2000E-03 converged?   no
  Max grad  1.4386E-04 Target: 4.5000E-04 converged?  yes component   212
  RMS grad  5.3521E-05 Target: 3.0000E-04 converged?  yes
Next calculation will be the dimer endpoint before rotation
dl-find/turbomole/=============================== Tstep:  130.1 Ttot:111830.6 ==
eandg
Spin: 
 Energy calculation finished, energy: -2.138680877E+03
Curvature at dimer midpoint                   -0.00334
Predicted dimer rotation angle:      2.520 deg
Next calculation will be the dimer endpoint after rotation
dl-find/turbomole/=============================== Tstep:  117.6 Ttot:111948.1 ==
eandg
Spin: 
 Energy calculation finished, energy: -2.138680877E+03
Curvature at dimer midpoint after rotation    -0.00290
Curvature at dimer minimum                    -0.00334
Actual dimer rotation angle:         0.070 deg
Dimer rotation converged after    1 steps
Writing TS-mode
Curvature after dimer rotation:               -0.00334
Frequency of transition mode  -297.256 cm^-1 (negative value denotes imaginary frequency)
Crossover temperature for tunnelling       68.06819 K
Restarting L-BFGS optimiser, instance: dimer rotation
Next calculation will be the dimer  midpoint
dl-find/turbomole/=============================== Tstep:   79.9 Ttot:112028.0 ==
eandg
Spin: 
 Energy calculation finished, energy: -2.138680875E+03
Testing convergence of dimer midpoint in cycle  357
    Energy  1.0750E-06 Target: 1.0000E-06 converged?   no
  Max step  9.9033E-03 Target: 1.8000E-03 converged?   no component   208
  RMS step  2.4055E-03 Target: 1.2000E-03 converged?   no
  Max grad  1.5115E-04 Target: 4.5000E-04 converged?  yes component    55
  RMS grad  4.7043E-05 Target: 3.0000E-04 converged?  yes
Next calculation will be the dimer endpoint before rotation
dl-find/turbomole/=============================== Tstep:  125.6 Ttot:112153.6 ==
eandg
Spin: 
 Energy calculation finished, energy: -2.138680876E+03
Curvature at dimer midpoint                   -0.00335
Predicted dimer rotation angle:      1.887 deg
Dimer rotation converged after    0 steps
Writing TS-mode
Curvature after dimer rotation:               -0.00335
Frequency of transition mode  -297.408 cm^-1 (negative value denotes imaginary frequency)
Crossover temperature for tunnelling       68.10294 K
Restarting L-BFGS optimiser, instance: dimer rotation
Next calculation will be the dimer  midpoint
dl-find/turbomole/=============================== Tstep:  117.6 Ttot:112271.2 ==
eandg
Spin: 
 Energy calculation finished, energy: -2.138680893E+03
Testing convergence of dimer midpoint in cycle  358
    Energy  1.7129E-05 Target: 1.0000E-06 converged?   no
  Max step  3.2016E-02 Target: 1.8000E-03 converged?   no component   102
  RMS step  7.4087E-03 Target: 1.2000E-03 converged?   no
  Max grad  1.9412E-04 Target: 4.5000E-04 converged?  yes component   252
  RMS grad  5.1528E-05 Target: 3.0000E-04 converged?  yes
Next calculation will be the dimer endpoint before rotation
dl-find/turbomole/=============================== Tstep:  125.5 Ttot:112396.6 ==
eandg
Spin: 
 Energy calculation finished, energy: -2.138680893E+03
Curvature at dimer midpoint                   -0.00334
Predicted dimer rotation angle:      2.228 deg
Next calculation will be the dimer endpoint after rotation
dl-find/turbomole/=============================== Tstep:  119.5 Ttot:112516.1 ==
eandg
Spin: 
 Energy calculation finished, energy: -2.138680893E+03
Curvature at dimer midpoint after rotation    -0.00294
Curvature at dimer minimum                    -0.00334
Actual dimer rotation angle:         0.053 deg
Dimer rotation converged after    1 steps
Writing TS-mode
Curvature after dimer rotation:               -0.00334
Frequency of transition mode  -297.256 cm^-1 (negative value denotes imaginary frequency)
Crossover temperature for tunnelling       68.06817 K
Restarting L-BFGS optimiser, instance: dimer rotation
Next calculation will be the dimer  midpoint
dl-find/turbomole/=============================== Tstep:   80.2 Ttot:112596.4 ==
eandg
Spin: 
 Energy calculation finished, energy: -2.138680896E+03
Testing convergence of dimer midpoint in cycle  359
    Energy  3.7160E-06 Target: 1.0000E-06 converged?   no
  Max step  3.1545E-02 Target: 1.8000E-03 converged?   no component   102
  RMS step  7.9684E-03 Target: 1.2000E-03 converged?   no
  Max grad  5.1592E-04 Target: 4.5000E-04 converged?   no component    68
  RMS grad  1.0951E-04 Target: 3.0000E-04 converged?  yes
Next calculation will be the dimer endpoint before rotation
dl-find/turbomole/=============================== Tstep:  120.1 Ttot:112716.4 ==
eandg
Spin: 
 Energy calculation finished, energy: -2.138680897E+03
Curvature at dimer midpoint                   -0.00335
Predicted dimer rotation angle:      1.565 deg
Dimer rotation converged after    0 steps
Writing TS-mode
Curvature after dimer rotation:               -0.00335
Frequency of transition mode  -297.602 cm^-1 (negative value denotes imaginary frequency)
Crossover temperature for tunnelling       68.14745 K
Restarting L-BFGS optimiser, instance: dimer rotation
Next calculation will be the dimer  midpoint
dl-find/turbomole/=============================== Tstep:  116.6 Ttot:112833.0 ==
eandg
Spin: 
 Energy calculation finished, energy: -2.138680896E+03
Testing convergence of dimer midpoint in cycle  360
    Energy  1.5400E-07 Target: 1.0000E-06 converged?  yes
  Max step  5.4824E-03 Target: 1.8000E-03 converged?   no component    37
  RMS step  1.2503E-03 Target: 1.2000E-03 converged?   no
  Max grad  1.4050E-04 Target: 4.5000E-04 converged?  yes component   138
  RMS grad  4.9678E-05 Target: 3.0000E-04 converged?  yes
Next calculation will be the dimer endpoint before rotation
dl-find/turbomole/=============================== Tstep:  113.3 Ttot:112946.3 ==
eandg
Spin: 
 Energy calculation finished, energy: -2.138680897E+03
Curvature at dimer midpoint                   -0.00333
Predicted dimer rotation angle:      1.762 deg
Dimer rotation converged after    0 steps
Writing TS-mode
Curvature after dimer rotation:               -0.00333
Frequency of transition mode  -296.513 cm^-1 (negative value denotes imaginary frequency)
Crossover temperature for tunnelling       67.89808 K
Restarting L-BFGS optimiser, instance: dimer rotation
Next calculation will be the dimer  midpoint
dl-find/turbomole/=============================== Tstep:  114.1 Ttot:113060.4 ==
eandg
Spin: 
 Energy calculation finished, energy: -2.138680904E+03
Testing convergence of dimer midpoint in cycle  361
    Energy  7.4600E-06 Target: 1.0000E-06 converged?   no
  Max step  2.0682E-02 Target: 1.8000E-03 converged?   no component   102
  RMS step  4.9368E-03 Target: 1.2000E-03 converged?   no
  Max grad  1.2473E-04 Target: 4.5000E-04 converged?  yes component    68
  RMS grad  4.1267E-05 Target: 3.0000E-04 converged?  yes
Next calculation will be the dimer endpoint before rotation
dl-find/turbomole/=============================== Tstep:  125.4 Ttot:113185.9 ==
eandg
Spin: 
 Energy calculation finished, energy: -2.138680904E+03
Curvature at dimer midpoint                   -0.00333
Predicted dimer rotation angle:      1.915 deg
Dimer rotation converged after    0 steps
Writing TS-mode
Curvature after dimer rotation:               -0.00333
Frequency of transition mode  -296.729 cm^-1 (negative value denotes imaginary frequency)
Crossover temperature for tunnelling       67.94753 K
Restarting L-BFGS optimiser, instance: dimer rotation
Next calculation will be the dimer  midpoint
dl-find/turbomole/=============================== Tstep:  115.7 Ttot:113301.6 ==
eandg
Spin: 
 Energy calculation finished, energy: -2.138680914E+03
Testing convergence of dimer midpoint in cycle  362
    Energy  1.0249E-05 Target: 1.0000E-06 converged?   no
  Max step  9.0536E-03 Target: 1.8000E-03 converged?   no component   208
  RMS step  2.4654E-03 Target: 1.2000E-03 converged?   no
  Max grad  1.7313E-04 Target: 4.5000E-04 converged?  yes component    68
  RMS grad  4.9853E-05 Target: 3.0000E-04 converged?  yes
Next calculation will be the dimer endpoint before rotation
dl-find/turbomole/=============================== Tstep:  108.3 Ttot:113409.9 ==
eandg
Spin: 
 Energy calculation finished, energy: -2.138680918E+03
Curvature at dimer midpoint                   -0.00326
Predicted dimer rotation angle:      2.807 deg
Next calculation will be the dimer endpoint after rotation
dl-find/turbomole/=============================== Tstep:  112.9 Ttot:113522.8 ==
eandg
Spin: 
 Energy calculation finished, energy: -2.138680919E+03
Curvature at dimer midpoint after rotation    -0.00294
Curvature at dimer minimum                    -0.00326
Actual dimer rotation angle:         0.123 deg
Dimer rotation converged after    1 steps
Writing TS-mode
Curvature after dimer rotation:               -0.00326
Frequency of transition mode  -293.644 cm^-1 (negative value denotes imaginary frequency)
Crossover temperature for tunnelling       67.24115 K
Restarting L-BFGS optimiser, instance: dimer rotation
Next calculation will be the dimer  midpoint
dl-find/turbomole/=============================== Tstep:   80.6 Ttot:113603.4 ==
eandg
Spin: 
 Energy calculation finished, energy: -2.138680929E+03
Testing convergence of dimer midpoint in cycle  363
    Energy  1.5018E-05 Target: 1.0000E-06 converged?   no
  Max step  4.1625E-02 Target: 1.8000E-03 converged?   no component   102
  RMS step  1.0201E-02 Target: 1.2000E-03 converged?   no
  Max grad  2.9736E-04 Target: 4.5000E-04 converged?  yes component    93
  RMS grad  6.6199E-05 Target: 3.0000E-04 converged?  yes
Next calculation will be the dimer endpoint before rotation
dl-find/turbomole/=============================== Tstep:  119.9 Ttot:113723.3 ==
eandg
Spin: 
 Energy calculation finished, energy: -2.138680930E+03
Curvature at dimer midpoint                   -0.00330
Predicted dimer rotation angle:      3.004 deg
Next calculation will be the dimer endpoint after rotation
dl-find/turbomole/=============================== Tstep:  119.0 Ttot:113842.3 ==
eandg
Spin: 
 Energy calculation finished, energy: -2.138680930E+03
Curvature at dimer midpoint after rotation    -0.00261
Curvature at dimer minimum                    -0.00330
Actual dimer rotation angle:         0.075 deg
Dimer rotation converged after    1 steps
Writing TS-mode
Curvature after dimer rotation:               -0.00330
Frequency of transition mode  -295.123 cm^-1 (negative value denotes imaginary frequency)
Crossover temperature for tunnelling       67.57984 K
Restarting L-BFGS optimiser, instance: dimer rotation
Next calculation will be the dimer  midpoint
dl-find/turbomole/=============================== Tstep:   70.5 Ttot:113912.8 ==
eandg
Spin: 
 Energy calculation finished, energy: -2.138680937E+03
Testing convergence of dimer midpoint in cycle  364
    Energy  7.9300E-06 Target: 1.0000E-06 converged?   no
  Max step  5.1279E-02 Target: 1.8000E-03 converged?   no component   102
  RMS step  1.3732E-02 Target: 1.2000E-03 converged?   no
  Max grad  7.2121E-04 Target: 4.5000E-04 converged?   no component    83
  RMS grad  1.3741E-04 Target: 3.0000E-04 converged?  yes
Next calculation will be the dimer endpoint before rotation
dl-find/turbomole/=============================== Tstep:  121.7 Ttot:114034.5 ==
eandg
Spin: 
 Energy calculation finished, energy: -2.138680938E+03
Curvature at dimer midpoint                   -0.00327
Predicted dimer rotation angle:      2.288 deg
Next calculation will be the dimer endpoint after rotation
dl-find/turbomole/=============================== Tstep:  113.5 Ttot:114148.0 ==
eandg
Spin: 
 Energy calculation finished, energy: -2.138680938E+03
Curvature at dimer midpoint after rotation    -0.00297
Curvature at dimer minimum                    -0.00327
Actual dimer rotation angle:         0.074 deg
Dimer rotation converged after    1 steps
Writing TS-mode
Curvature after dimer rotation:               -0.00327
Frequency of transition mode  -293.944 cm^-1 (negative value denotes imaginary frequency)
Crossover temperature for tunnelling       67.30978 K
Restarting L-BFGS optimiser, instance: dimer rotation
Next calculation will be the dimer  midpoint
dl-find/turbomole/=============================== Tstep:   85.5 Ttot:114233.5 ==
eandg
Spin: 
 Energy calculation finished, energy: -2.138680943E+03
Testing convergence of dimer midpoint in cycle  365
    Energy  6.4490E-06 Target: 1.0000E-06 converged?   no
  Max step  2.1021E-02 Target: 1.8000E-03 converged?   no component   102
  RMS step  4.7956E-03 Target: 1.2000E-03 converged?   no
  Max grad  1.2445E-04 Target: 4.5000E-04 converged?  yes component     8
  RMS grad  4.1492E-05 Target: 3.0000E-04 converged?  yes
Next calculation will be the dimer endpoint before rotation
dl-find/turbomole/=============================== Tstep:  128.6 Ttot:114362.1 ==
eandg
Spin: 
 Energy calculation finished, energy: -2.138680945E+03
Curvature at dimer midpoint                   -0.00328
Predicted dimer rotation angle:      1.955 deg
Dimer rotation converged after    0 steps
Writing TS-mode
Curvature after dimer rotation:               -0.00328
Frequency of transition mode  -294.445 cm^-1 (negative value denotes imaginary frequency)
Crossover temperature for tunnelling       67.42444 K
Restarting L-BFGS optimiser, instance: dimer rotation
Next calculation will be the dimer  midpoint
dl-find/turbomole/=============================== Tstep:  113.8 Ttot:114475.9 ==
eandg
Spin: 
 Energy calculation finished, energy: -2.138680944E+03
Testing convergence of dimer midpoint in cycle  366
    Energy  9.0900E-07 Target: 1.0000E-06 converged?  yes
  Max step  5.0005E-03 Target: 1.8000E-03 converged?   no component   102
  RMS step  1.3025E-03 Target: 1.2000E-03 converged?   no
  Max grad  9.7778E-05 Target: 4.5000E-04 converged?  yes component    83
  RMS grad  3.5970E-05 Target: 3.0000E-04 converged?  yes
Next calculation will be the dimer endpoint before rotation
dl-find/turbomole/=============================== Tstep:  121.9 Ttot:114597.8 ==
eandg
Spin: 
 Energy calculation finished, energy: -2.138680945E+03
Curvature at dimer midpoint                   -0.00329
Predicted dimer rotation angle:      1.918 deg
Dimer rotation converged after    0 steps
Writing TS-mode
Curvature after dimer rotation:               -0.00329
Frequency of transition mode  -294.910 cm^-1 (negative value denotes imaginary frequency)
Crossover temperature for tunnelling       67.53093 K
Restarting L-BFGS optimiser, instance: dimer rotation
Next calculation will be the dimer  midpoint
dl-find/turbomole/=============================== Tstep:  117.2 Ttot:114715.0 ==
eandg
Spin: 
 Energy calculation finished, energy: -2.138680945E+03
Testing convergence of dimer midpoint in cycle  367
    Energy  1.2330E-06 Target: 1.0000E-06 converged?   no
  Max step  1.4336E-02 Target: 1.8000E-03 converged?   no component   102
  RMS step  3.5629E-03 Target: 1.2000E-03 converged?   no
  Max grad  2.5767E-04 Target: 4.5000E-04 converged?  yes component    83
  RMS grad  4.5710E-05 Target: 3.0000E-04 converged?  yes
Next calculation will be the dimer endpoint before rotation
dl-find/turbomole/=============================== Tstep:  120.6 Ttot:114835.6 ==
eandg
Spin: 
 Energy calculation finished, energy: -2.138680946E+03
Curvature at dimer midpoint                   -0.00329
Predicted dimer rotation angle:      1.911 deg
Dimer rotation converged after    0 steps
Writing TS-mode
Curvature after dimer rotation:               -0.00329
Frequency of transition mode  -294.787 cm^-1 (negative value denotes imaginary frequency)
Crossover temperature for tunnelling       67.50284 K
Restarting L-BFGS optimiser, instance: dimer rotation
Next calculation will be the dimer  midpoint
dl-find/turbomole/=============================== Tstep:  117.9 Ttot:114953.5 ==
eandg
Spin: 
 Energy calculation finished, energy: -2.138680953E+03
Testing convergence of dimer midpoint in cycle  368
    Energy  7.4810E-06 Target: 1.0000E-06 converged?   no
  Max step  4.2022E-02 Target: 1.8000E-03 converged?   no component   102
  RMS step  1.0067E-02 Target: 1.2000E-03 converged?   no
  Max grad  3.8718E-04 Target: 4.5000E-04 converged?  yes component    43
  RMS grad  7.6475E-05 Target: 3.0000E-04 converged?  yes
Next calculation will be the dimer endpoint before rotation
dl-find/turbomole/=============================== Tstep:  122.5 Ttot:115076.0 ==
eandg
Spin: 
 Energy calculation finished, energy: -2.138680954E+03
Curvature at dimer midpoint                   -0.00328
Predicted dimer rotation angle:      2.070 deg
Next calculation will be the dimer endpoint after rotation
dl-find/turbomole/=============================== Tstep:  117.2 Ttot:115193.2 ==
eandg
Spin: 
 Energy calculation finished, energy: -2.138680954E+03
Curvature at dimer midpoint after rotation    -0.00303
Curvature at dimer minimum                    -0.00328
Actual dimer rotation angle:         0.067 deg
Dimer rotation converged after    1 steps
Writing TS-mode
Curvature after dimer rotation:               -0.00328
Frequency of transition mode  -294.423 cm^-1 (negative value denotes imaginary frequency)
Crossover temperature for tunnelling       67.41955 K
Restarting L-BFGS optimiser, instance: dimer rotation
Next calculation will be the dimer  midpoint
dl-find/turbomole/=============================== Tstep:   74.4 Ttot:115267.7 ==
eandg
Spin: 
 Energy calculation finished, energy: -2.138680949E+03
Testing convergence of dimer midpoint in cycle  369
    Energy  4.1690E-06 Target: 1.0000E-06 converged?   no
  Max step  3.1687E-02 Target: 1.8000E-03 converged?   no component   102
  RMS step  8.1413E-03 Target: 1.2000E-03 converged?   no
  Max grad  2.8074E-04 Target: 4.5000E-04 converged?  yes component    83
  RMS grad  4.6236E-05 Target: 3.0000E-04 converged?  yes
Next calculation will be the dimer endpoint before rotation
dl-find/turbomole/=============================== Tstep:  124.0 Ttot:115391.6 ==
eandg
Spin: 
 Energy calculation finished, energy: -2.138680949E+03
Curvature at dimer midpoint                   -0.00328
Predicted dimer rotation angle:      2.094 deg
Next calculation will be the dimer endpoint after rotation
dl-find/turbomole/=============================== Tstep:  114.3 Ttot:115505.9 ==
eandg
Spin: 
 Energy calculation finished, energy: -2.138680949E+03
Curvature at dimer midpoint after rotation    -0.00296
Curvature at dimer minimum                    -0.00328
Actual dimer rotation angle:         0.055 deg
Dimer rotation converged after    1 steps
Writing TS-mode
Curvature after dimer rotation:               -0.00328
Frequency of transition mode  -294.221 cm^-1 (negative value denotes imaginary frequency)
Crossover temperature for tunnelling       67.37325 K
Restarting L-BFGS optimiser, instance: dimer rotation
Next calculation will be the dimer  midpoint
dl-find/turbomole/=============================== Tstep:   84.5 Ttot:115590.5 ==
eandg
Spin: 
 Energy calculation finished, energy: -2.138680951E+03
Testing convergence of dimer midpoint in cycle  370
    Energy  2.3700E-06 Target: 1.0000E-06 converged?   no
  Max step  6.8187E-03 Target: 1.8000E-03 converged?   no component   102
  RMS step  1.9566E-03 Target: 1.2000E-03 converged?   no
  Max grad  9.3803E-05 Target: 4.5000E-04 converged?  yes component    85
  RMS grad  3.2972E-05 Target: 3.0000E-04 converged?  yes
Next calculation will be the dimer endpoint before rotation
dl-find/turbomole/=============================== Tstep:  115.8 Ttot:115706.3 ==
eandg
Spin: 
 Energy calculation finished, energy: -2.138680952E+03
Curvature at dimer midpoint                   -0.00327
Predicted dimer rotation angle:      1.456 deg
Dimer rotation converged after    0 steps
Writing TS-mode
Curvature after dimer rotation:               -0.00327
Frequency of transition mode  -294.120 cm^-1 (negative value denotes imaginary frequency)
Crossover temperature for tunnelling       67.35001 K
Restarting L-BFGS optimiser, instance: dimer rotation
Next calculation will be the dimer  midpoint
dl-find/turbomole/=============================== Tstep:  113.9 Ttot:115820.2 ==
eandg
Spin: 
 Energy calculation finished, energy: -2.138680960E+03
Testing convergence of dimer midpoint in cycle  371
    Energy  9.1350E-06 Target: 1.0000E-06 converged?   no
  Max step  2.3801E-02 Target: 1.8000E-03 converged?   no component   102
  RMS step  5.7704E-03 Target: 1.2000E-03 converged?   no
  Max grad  2.1050E-04 Target: 4.5000E-04 converged?  yes component   245
  RMS grad  4.8182E-05 Target: 3.0000E-04 converged?  yes
Next calculation will be the dimer endpoint before rotation
dl-find/turbomole/=============================== Tstep:  117.2 Ttot:115937.5 ==
eandg
Spin: 
 Energy calculation finished, energy: -2.138680961E+03
Curvature at dimer midpoint                   -0.00327
Predicted dimer rotation angle:      1.518 deg
Dimer rotation converged after    0 steps
Writing TS-mode
Curvature after dimer rotation:               -0.00327
Frequency of transition mode  -293.914 cm^-1 (negative value denotes imaginary frequency)
Crossover temperature for tunnelling       67.30302 K
Restarting L-BFGS optimiser, instance: dimer rotation
Next calculation will be the dimer  midpoint
dl-find/turbomole/=============================== Tstep:  117.0 Ttot:116054.5 ==
eandg
Spin: 
 Energy calculation finished, energy: -2.138680962E+03
Testing convergence of dimer midpoint in cycle  372
    Energy  1.8980E-06 Target: 1.0000E-06 converged?   no
  Max step  1.4563E-02 Target: 1.8000E-03 converged?   no component   102
  RMS step  4.0107E-03 Target: 1.2000E-03 converged?   no
  Max grad  4.3309E-04 Target: 4.5000E-04 converged?  yes component    83
  RMS grad  7.0141E-05 Target: 3.0000E-04 converged?  yes
Next calculation will be the dimer endpoint before rotation
dl-find/turbomole/=============================== Tstep:  121.9 Ttot:116176.4 ==
eandg
Spin: 
 Energy calculation finished, energy: -2.138681287E+03
Curvature at dimer midpoint                   -0.00392
Predicted dimer rotation angle:     42.674 deg
Next calculation will be the dimer endpoint after rotation
dl-find/turbomole/=============================== Tstep:  134.3 Ttot:116310.7 ==
eandg
Spin: 
 Energy calculation finished, energy: -2.138681267E+03
Curvature at dimer midpoint after rotation     0.02549
Curvature at dimer minimum                    -0.01673
Actual dimer rotation angle:        14.882 deg
Predicted dimer rotation angle:     37.139 deg
Next calculation will be the dimer endpoint after rotation
dl-find/turbomole/=============================== Tstep:  118.8 Ttot:116429.5 ==
eandg
Spin: 
 Energy calculation finished, energy: -2.138681268E+03
Curvature at dimer midpoint after rotation     0.00211
Curvature at dimer minimum                    -0.01586
Actual dimer rotation angle:        14.494 deg
Predicted dimer rotation angle:     31.574 deg
Next calculation will be the dimer endpoint after rotation
dl-find/turbomole/=============================== Tstep:  111.8 Ttot:116541.3 ==
eandg
Spin: 
 Energy calculation finished, energy: -2.138681269E+03
Curvature at dimer midpoint after rotation    -0.00479
Curvature at dimer minimum                    -0.01388
Actual dimer rotation angle:        12.792 deg
Predicted dimer rotation angle:     28.378 deg
Next calculation will be the dimer endpoint after rotation
dl-find/turbomole/=============================== Tstep:  100.7 Ttot:116642.0 ==
eandg
Spin: 
 Energy calculation finished, energy: -2.138681269E+03
Curvature at dimer midpoint after rotation    -0.00606
Curvature at dimer minimum                    -0.01280
Actual dimer rotation angle:        11.287 deg
Predicted dimer rotation angle:     23.693 deg
Next calculation will be the dimer endpoint after rotation
dl-find/turbomole/=============================== Tstep:  107.5 Ttot:116749.5 ==
eandg
Spin: 
 Energy calculation finished, energy: -2.138681269E+03
Curvature at dimer midpoint after rotation    -0.01035
Curvature at dimer minimum                    -0.01264
Actual dimer rotation angle:        11.942 deg
Predicted dimer rotation angle:     17.729 deg
Next calculation will be the dimer endpoint after rotation
dl-find/turbomole/=============================== Tstep:   98.7 Ttot:116848.2 ==
eandg
Spin: 
 Energy calculation finished, energy: -2.138681270E+03
Curvature at dimer midpoint after rotation    -0.01166
Curvature at dimer minimum                    -0.01252
Actual dimer rotation angle:         9.944 deg
Predicted dimer rotation angle:     14.484 deg
Next calculation will be the dimer endpoint after rotation
dl-find/turbomole/=============================== Tstep:   91.5 Ttot:116939.7 ==
eandg
Spin: 
 Energy calculation finished, energy: -2.138680943E+03
Curvature at dimer midpoint after rotation     0.02200
Curvature at dimer minimum                    -0.01185
Actual dimer rotation angle:         0.633 deg
Dimer rotation converged after    7 steps
Writing TS-mode
Curvature after dimer rotation:               -0.01185
Frequency of transition mode  -559.631 cm^-1 (negative value denotes imaginary frequency)
Crossover temperature for tunnelling      128.14897 K
Restarting L-BFGS optimiser, instance: dimer rotation
Next calculation will be the dimer  midpoint
dl-find/turbomole/=============================== Tstep:  129.1 Ttot:117068.7 ==
eandg
Spin: 
 Energy calculation finished, energy: -2.138680964E+03
Testing convergence of dimer midpoint in cycle  373
    Energy  2.3070E-06 Target: 1.0000E-06 converged?   no
  Max step  6.2907E-03 Target: 1.8000E-03 converged?   no component    32
  RMS step  1.6018E-03 Target: 1.2000E-03 converged?   no
  Max grad  2.9365E-04 Target: 4.5000E-04 converged?  yes component    83
  RMS grad  5.2142E-05 Target: 3.0000E-04 converged?  yes
Next calculation will be the dimer endpoint before rotation
dl-find/turbomole/=============================== Tstep:  120.6 Ttot:117189.4 ==
eandg
Spin: 
 Energy calculation finished, energy: -2.138680944E+03
Curvature at dimer midpoint                    0.02481
Predicted dimer rotation angle:     28.506 deg
Next calculation will be the dimer endpoint after rotation
dl-find/turbomole/=============================== Tstep:  118.3 Ttot:117307.7 ==
eandg
Spin: 
 Energy calculation finished, energy: -2.138680944E+03
Curvature at dimer midpoint after rotation     0.02265
Curvature at dimer minimum                     0.01449
Actual dimer rotation angle:        15.107 deg
Predicted dimer rotation angle:     30.293 deg
Next calculation will be the dimer endpoint after rotation
dl-find/turbomole/=============================== Tstep:  112.7 Ttot:117420.4 ==
eandg
Spin: 
 Energy calculation finished, energy: -2.138680945E+03
Curvature at dimer midpoint after rotation     0.00814
Curvature at dimer minimum                     0.00534
Actual dimer rotation angle:        19.594 deg
Predicted dimer rotation angle:     34.389 deg
Next calculation will be the dimer endpoint after rotation
dl-find/turbomole/=============================== Tstep:  114.6 Ttot:117534.9 ==
eandg
Spin: 
 Energy calculation finished, energy: -2.138680964E+03
Curvature at dimer midpoint after rotation     0.01270
Curvature at dimer minimum                     0.00248
Actual dimer rotation angle:        11.785 deg
Predicted dimer rotation angle:     38.469 deg
Next calculation will be the dimer endpoint after rotation
dl-find/turbomole/=============================== Tstep:  113.3 Ttot:117648.2 ==
eandg
Spin: 
 Energy calculation finished, energy: -2.138680945E+03
Curvature at dimer midpoint after rotation     0.02253
Curvature at dimer minimum                     0.00105
Actual dimer rotation angle:         7.644 deg
Predicted dimer rotation angle:     41.072 deg
Next calculation will be the dimer endpoint after rotation
dl-find/turbomole/=============================== Tstep:  109.7 Ttot:117757.9 ==
eandg
Spin: 
 Energy calculation finished, energy: -2.138680942E+03
Curvature at dimer midpoint after rotation     0.02892
Curvature at dimer minimum                     0.00035
Actual dimer rotation angle:         5.251 deg
Predicted dimer rotation angle:     43.152 deg
Next calculation will be the dimer endpoint after rotation
dl-find/turbomole/=============================== Tstep:  110.0 Ttot:117867.9 ==
eandg
Spin: 
 Energy calculation finished, energy: -2.138680942E+03
Curvature at dimer midpoint after rotation     0.02275
Curvature at dimer minimum                    -0.00013
Actual dimer rotation angle:         5.117 deg
Predicted dimer rotation angle:     44.005 deg
Next calculation will be the dimer endpoint after rotation
dl-find/turbomole/=============================== Tstep:  115.6 Ttot:117983.5 ==
eandg
Spin: 
 Energy calculation finished, energy: -2.138680942E+03
Curvature at dimer midpoint after rotation     0.03017
Curvature at dimer minimum                    -0.00035
Actual dimer rotation angle:         3.151 deg
Predicted dimer rotation angle:     42.032 deg
Next calculation will be the dimer endpoint after rotation
dl-find/turbomole/=============================== Tstep:  106.8 Ttot:118090.3 ==
eandg
Spin: 
 Energy calculation finished, energy: -2.138680943E+03
Curvature at dimer midpoint after rotation     0.00399
Curvature at dimer minimum                    -0.00099
Actual dimer rotation angle:        10.720 deg
Predicted dimer rotation angle:     35.419 deg
Next calculation will be the dimer endpoint after rotation
dl-find/turbomole/=============================== Tstep:  109.8 Ttot:118200.1 ==
eandg
Spin: 
 Energy calculation finished, energy: -2.138680964E+03
Curvature at dimer midpoint after rotation     0.00166
Curvature at dimer minimum                    -0.00148
Actual dimer rotation angle:         9.848 deg
Predicted dimer rotation angle:     31.487 deg
Next calculation will be the dimer endpoint after rotation
dl-find/turbomole/=============================== Tstep:   98.1 Ttot:118298.2 ==
eandg
Spin: 
 Energy calculation finished, energy: -2.138680944E+03
Curvature at dimer midpoint after rotation     0.00034
Curvature at dimer minimum                    -0.00196
Actual dimer rotation angle:         9.869 deg
Predicted dimer rotation angle:     30.205 deg
Next calculation will be the dimer endpoint after rotation
dl-find/turbomole/=============================== Tstep:   99.5 Ttot:118397.7 ==
eandg
Spin: 
 Energy calculation finished, energy: -2.138680945E+03
Curvature at dimer midpoint after rotation     0.00356
Curvature at dimer minimum                    -0.00233
Actual dimer rotation angle:         5.816 deg
Predicted dimer rotation angle:     24.518 deg
Next calculation will be the dimer endpoint after rotation
dl-find/turbomole/=============================== Tstep:  107.5 Ttot:118505.2 ==
eandg
Spin: 
 Energy calculation finished, energy: -2.138680964E+03
Curvature at dimer midpoint after rotation     0.00216
Curvature at dimer minimum                    -0.00252
Actual dimer rotation angle:         4.036 deg
Predicted dimer rotation angle:     16.228 deg
Next calculation will be the dimer endpoint after rotation
dl-find/turbomole/=============================== Tstep:  106.7 Ttot:118611.9 ==
eandg
Spin: 
 Energy calculation finished, energy: -2.138680964E+03
Curvature at dimer midpoint after rotation    -0.00236
Curvature at dimer minimum                    -0.00270
Actual dimer rotation angle:         6.963 deg
Predicted dimer rotation angle:     17.784 deg
Next calculation will be the dimer endpoint after rotation
dl-find/turbomole/=============================== Tstep:  103.2 Ttot:118715.1 ==
eandg
Spin: 
 Energy calculation finished, energy: -2.138681288E+03
Curvature at dimer midpoint after rotation    -0.00263
Curvature at dimer minimum                    -0.00297
Actual dimer rotation angle:         8.472 deg
Predicted dimer rotation angle:     19.747 deg
Next calculation will be the dimer endpoint after rotation
dl-find/turbomole/=============================== Tstep:  128.3 Ttot:118843.5 ==
eandg
Spin: 
 Energy calculation finished, energy: -2.138681288E+03
Curvature at dimer midpoint after rotation    -0.00364
Curvature at dimer minimum                    -0.00408
Actual dimer rotation angle:        10.353 deg
Predicted dimer rotation angle:     29.487 deg
Next calculation will be the dimer endpoint after rotation
dl-find/turbomole/=============================== Tstep:   99.6 Ttot:118943.1 ==
eandg
Spin: 
 Energy calculation finished, energy: -2.138681269E+03
Curvature at dimer midpoint after rotation    -0.00212
Curvature at dimer minimum                    -0.00535
Actual dimer rotation angle:        11.524 deg
Predicted dimer rotation angle:     34.722 deg
Next calculation will be the dimer endpoint after rotation
dl-find/turbomole/=============================== Tstep:  104.3 Ttot:119047.4 ==
eandg
Spin: 
 Energy calculation finished, energy: -2.138681270E+03
Curvature at dimer midpoint after rotation    -0.00443
Curvature at dimer minimum                    -0.00782
Actual dimer rotation angle:        17.614 deg
Predicted dimer rotation angle:     33.636 deg
Next calculation will be the dimer endpoint after rotation
dl-find/turbomole/=============================== Tstep:  101.3 Ttot:119148.7 ==
eandg
Spin: 
 Energy calculation finished, energy: -2.138681270E+03
Curvature at dimer midpoint after rotation    -0.00635
Curvature at dimer minimum                    -0.00960
Actual dimer rotation angle:        17.913 deg
Predicted dimer rotation angle:     32.855 deg
Next calculation will be the dimer endpoint after rotation
dl-find/turbomole/=============================== Tstep:   80.5 Ttot:119229.1 ==
eandg
Spin: 
 Energy calculation finished, energy: -2.138681271E+03
Curvature at dimer midpoint after rotation    -0.00978
Curvature at dimer minimum                    -0.01234
Actual dimer rotation angle:        19.558 deg
Predicted dimer rotation angle:     29.092 deg
Next calculation will be the dimer endpoint after rotation
dl-find/turbomole/=============================== Tstep:  106.5 Ttot:119335.6 ==
eandg
Spin: 
 Energy calculation finished, energy: -2.138681271E+03
Curvature at dimer midpoint after rotation    -0.01186
Curvature at dimer minimum                    -0.01464
Actual dimer rotation angle:        16.512 deg
Predicted dimer rotation angle:     27.372 deg
Next calculation will be the dimer endpoint after rotation
dl-find/turbomole/=============================== Tstep:   99.8 Ttot:119435.4 ==
eandg
Spin: 
 Energy calculation finished, energy: -2.138680944E+03
Curvature at dimer midpoint after rotation     0.02526
Curvature at dimer minimum                    -0.01357
Actual dimer rotation angle:         4.049 deg
Predicted dimer rotation angle:     23.823 deg
Next calculation will be the dimer endpoint after rotation
dl-find/turbomole/=============================== Tstep:  128.6 Ttot:119564.0 ==
eandg
Spin: 
 Energy calculation finished, energy: -2.138680945E+03
Curvature at dimer midpoint after rotation     0.00968
Curvature at dimer minimum                    -0.00919
Actual dimer rotation angle:         3.477 deg
Predicted dimer rotation angle:     26.385 deg
Next calculation will be the dimer endpoint after rotation
dl-find/turbomole/=============================== Tstep:  101.5 Ttot:119665.5 ==
eandg
Spin: 
 Energy calculation finished, energy: -2.138680945E+03
Curvature at dimer midpoint after rotation     0.00603
Curvature at dimer minimum                    -0.00670
Actual dimer rotation angle:         4.839 deg
Predicted dimer rotation angle:     30.615 deg
Next calculation will be the dimer endpoint after rotation
dl-find/turbomole/=============================== Tstep:   93.1 Ttot:119758.5 ==
eandg
Spin: 
 Energy calculation finished, energy: -2.138680945E+03
Curvature at dimer midpoint after rotation     0.00336
Curvature at dimer minimum                    -0.00476
Actual dimer rotation angle:         7.604 deg
Predicted dimer rotation angle:     34.509 deg
Next calculation will be the dimer endpoint after rotation
dl-find/turbomole/=============================== Tstep:   92.9 Ttot:119851.4 ==
eandg
Spin: 
 Energy calculation finished, energy: -2.138680945E+03
Curvature at dimer midpoint after rotation     0.00199
Curvature at dimer minimum                    -0.00334
Actual dimer rotation angle:        10.583 deg
Predicted dimer rotation angle:     33.725 deg
Next calculation will be the dimer endpoint after rotation
dl-find/turbomole/=============================== Tstep:   97.8 Ttot:119949.3 ==
eandg
Spin: 
 Energy calculation finished, energy: -2.138680944E+03
Curvature at dimer midpoint after rotation     0.00209
Curvature at dimer minimum                    -0.00229
Actual dimer rotation angle:         9.143 deg
Predicted dimer rotation angle:     27.926 deg
Next calculation will be the dimer endpoint after rotation
dl-find/turbomole/=============================== Tstep:   91.9 Ttot:120041.1 ==
eandg
Spin: 
 Energy calculation finished, energy: -2.138680944E+03
Curvature at dimer midpoint after rotation     0.00191
Curvature at dimer minimum                    -0.00166
Actual dimer rotation angle:         5.192 deg
Predicted dimer rotation angle:     27.243 deg
Next calculation will be the dimer endpoint after rotation
dl-find/turbomole/=============================== Tstep:   95.3 Ttot:120136.4 ==
eandg
Spin: 
 Energy calculation finished, energy: -2.138680943E+03
Curvature at dimer midpoint after rotation     0.00423
Curvature at dimer minimum                    -0.00128
Actual dimer rotation angle:         2.952 deg
Predicted dimer rotation angle:     23.573 deg
Next calculation will be the dimer endpoint after rotation
dl-find/turbomole/=============================== Tstep:   96.5 Ttot:120233.0 ==
eandg
Spin: 
 Energy calculation finished, energy: -2.138680944E+03
Curvature at dimer midpoint after rotation     0.00145
Curvature at dimer minimum                    -0.00113
Actual dimer rotation angle:         3.128 deg
Predicted dimer rotation angle:     25.039 deg
Next calculation will be the dimer endpoint after rotation
dl-find/turbomole/=============================== Tstep:   91.7 Ttot:120324.7 ==
eandg
Spin: 
 Energy calculation finished, energy: -2.138680944E+03
Curvature at dimer midpoint after rotation     0.00116
Curvature at dimer minimum                    -0.00094
Actual dimer rotation angle:         3.747 deg
Predicted dimer rotation angle:     27.640 deg
Next calculation will be the dimer endpoint after rotation
dl-find/turbomole/=============================== Tstep:   90.8 Ttot:120415.5 ==
eandg
Spin: 
 Energy calculation finished, energy: -2.138680944E+03
Curvature at dimer midpoint after rotation     0.00352
Curvature at dimer minimum                    -0.00074
Actual dimer rotation angle:         2.447 deg
Predicted dimer rotation angle:     27.419 deg
Next calculation will be the dimer endpoint after rotation
dl-find/turbomole/=============================== Tstep:   88.8 Ttot:120504.3 ==
eandg
Spin: 
 Energy calculation finished, energy: -2.138680944E+03
Curvature at dimer midpoint after rotation     0.00123
Curvature at dimer minimum                    -0.00067
Actual dimer rotation angle:         4.101 deg
Predicted dimer rotation angle:     28.813 deg
Next calculation will be the dimer endpoint after rotation
dl-find/turbomole/=============================== Tstep:   83.7 Ttot:120587.9 ==
eandg
Spin: 
 Energy calculation finished, energy: -2.138680944E+03
Curvature at dimer midpoint after rotation     0.00109
Curvature at dimer minimum                    -0.00055
Actual dimer rotation angle:         4.577 deg
Predicted dimer rotation angle:     29.891 deg
Next calculation will be the dimer endpoint after rotation
dl-find/turbomole/=============================== Tstep:   99.2 Ttot:120687.2 ==
eandg
Spin: 
 Energy calculation finished, energy: -2.138680944E+03
Curvature at dimer midpoint after rotation     0.00172
Curvature at dimer minimum                    -0.00042
Actual dimer rotation angle:         3.479 deg
Predicted dimer rotation angle:     31.116 deg
Next calculation will be the dimer endpoint after rotation
dl-find/turbomole/=============================== Tstep:  102.5 Ttot:120789.7 ==
eandg
Spin: 
 Energy calculation finished, energy: -2.138680944E+03
Curvature at dimer midpoint after rotation     0.00048
Curvature at dimer minimum                    -0.00041
Actual dimer rotation angle:         6.907 deg
Predicted dimer rotation angle:     32.357 deg
Next calculation will be the dimer endpoint after rotation
dl-find/turbomole/=============================== Tstep:   98.0 Ttot:120887.7 ==
eandg
Spin: 
 Energy calculation finished, energy: -2.138680944E+03
Curvature at dimer midpoint after rotation    -0.00021
Curvature at dimer minimum                    -0.00043
Actual dimer rotation angle:        14.618 deg
Predicted dimer rotation angle:     31.101 deg
Next calculation will be the dimer endpoint after rotation
dl-find/turbomole/=============================== Tstep:  102.0 Ttot:120989.7 ==
eandg
Spin: 
 Energy calculation finished, energy: -2.138680944E+03
Curvature at dimer midpoint after rotation    -0.00055
Curvature at dimer minimum                    -0.00057
Actual dimer rotation angle:        24.002 deg
Predicted dimer rotation angle:     24.570 deg
Next calculation will be the dimer endpoint after rotation
dl-find/turbomole/=============================== Tstep:   93.7 Ttot:121083.4 ==
eandg
Spin: 
 Energy calculation finished, energy: -2.138680964E+03
Curvature at dimer midpoint after rotation    -0.00066
Curvature at dimer minimum                    -0.00073
Actual dimer rotation angle:        15.032 deg
Predicted dimer rotation angle:     30.530 deg
Next calculation will be the dimer endpoint after rotation
dl-find/turbomole/=============================== Tstep:   74.0 Ttot:121157.4 ==
eandg
Spin: 
 Energy calculation finished, energy: -2.138680964E+03
Curvature at dimer midpoint after rotation    -0.00148
Curvature at dimer minimum                    -0.00148
Actual dimer rotation angle:        30.918 deg
Predicted dimer rotation angle:     33.474 deg
Next calculation will be the dimer endpoint after rotation
dl-find/turbomole/=============================== Tstep:  100.0 Ttot:121257.4 ==
eandg
Spin: 
 Energy calculation finished, energy: -2.138680964E+03
Curvature at dimer midpoint after rotation     0.00175
Curvature at dimer minimum                    -0.00204
Actual dimer rotation angle:         9.102 deg
Predicted dimer rotation angle:     26.863 deg
Dimer rotation not converged after   40 steps
Dimer rotation terminated, maximum number of rotations reached
Writing TS-mode
Curvature after dimer rotation:               -0.00204
Frequency of transition mode  -231.936 cm^-1 (negative value denotes imaginary frequency)
Crossover temperature for tunnelling       53.11060 K
Restarting L-BFGS optimiser, instance: dimer rotation
Next calculation will be the dimer  midpoint
dl-find/turbomole/=============================== Tstep:  101.3 Ttot:121358.7 ==
eandg
Spin: 
 Energy calculation finished, energy: -2.138681233E+03
Testing convergence of dimer midpoint in cycle  374
    Energy  2.6884E-04 Target: 1.0000E-06 converged?   no
  Max step  4.9795E-02 Target: 1.8000E-03 converged?   no component   102
  RMS step  1.3143E-02 Target: 1.2000E-03 converged?   no
  Max grad  3.1200E-04 Target: 4.5000E-04 converged?  yes component   178
  RMS grad  8.1471E-05 Target: 3.0000E-04 converged?  yes
Next calculation will be the dimer endpoint before rotation
dl-find/turbomole/=============================== Tstep:  137.7 Ttot:121496.4 ==
eandg
Spin: 
 Energy calculation finished, energy: -2.138681233E+03
Curvature at dimer midpoint                   -0.00206
Predicted dimer rotation angle:     39.965 deg
Next calculation will be the dimer endpoint after rotation
dl-find/turbomole/=============================== Tstep:  114.2 Ttot:121610.6 ==
eandg
Spin: 
 Energy calculation finished, energy: -2.138681227E+03
Curvature at dimer midpoint after rotation     0.13154
Curvature at dimer minimum                    -0.00244
Actual dimer rotation angle:         1.888 deg
Dimer rotation converged after    1 steps
Writing TS-mode
Curvature after dimer rotation:               -0.00244
Frequency of transition mode  -254.051 cm^-1 (negative value denotes imaginary frequency)
Crossover temperature for tunnelling       58.17468 K
Restarting L-BFGS optimiser, instance: dimer rotation
Next calculation will be the dimer  midpoint
dl-find/turbomole/=============================== Tstep:  109.7 Ttot:121720.3 ==
eandg
Spin: 
 Energy calculation finished, energy: -2.138680905E+03
Testing convergence of dimer midpoint in cycle  375
    Energy  3.2838E-04 Target: 1.0000E-06 converged?   no
  Max step  5.4972E-02 Target: 1.8000E-03 converged?   no component   102
  RMS step  1.3195E-02 Target: 1.2000E-03 converged?   no
  Max grad  2.9380E-04 Target: 4.5000E-04 converged?  yes component   253
  RMS grad  7.0747E-05 Target: 3.0000E-04 converged?  yes
Next calculation will be the dimer endpoint before rotation
dl-find/turbomole/=============================== Tstep:  133.9 Ttot:121854.2 ==
eandg
Spin: 
 Energy calculation finished, energy: -2.138680905E+03
Curvature at dimer midpoint                   -0.00245
Predicted dimer rotation angle:     29.503 deg
Next calculation will be the dimer endpoint after rotation
dl-find/turbomole/=============================== Tstep:  114.0 Ttot:121968.2 ==
eandg
Spin: 
 Energy calculation finished, energy: -2.138680903E+03
Curvature at dimer midpoint after rotation     0.01436
Curvature at dimer minimum                    -0.00265
Actual dimer rotation angle:         2.780 deg
Predicted dimer rotation angle:     26.377 deg
Next calculation will be the dimer endpoint after rotation
dl-find/turbomole/=============================== Tstep:  104.5 Ttot:122072.7 ==
eandg
Spin: 
 Energy calculation finished, energy: -2.138680904E+03
Curvature at dimer midpoint after rotation     0.00071
Curvature at dimer minimum                    -0.00303
Actual dimer rotation angle:         6.320 deg
Predicted dimer rotation angle:     20.336 deg
Next calculation will be the dimer endpoint after rotation
dl-find/turbomole/=============================== Tstep:   98.7 Ttot:122171.3 ==
eandg
Spin: 
 Energy calculation finished, energy: -2.138680904E+03
Curvature at dimer midpoint after rotation    -0.00046
Curvature at dimer minimum                    -0.00322
Actual dimer rotation angle:         4.188 deg
Predicted dimer rotation angle:     15.040 deg
Next calculation will be the dimer endpoint after rotation
dl-find/turbomole/=============================== Tstep:  105.0 Ttot:122276.4 ==
eandg
Spin: 
 Energy calculation finished, energy: -2.138680905E+03
Curvature at dimer midpoint after rotation     0.00357
Curvature at dimer minimum                    -0.00325
Actual dimer rotation angle:         0.931 deg
Dimer rotation converged after    4 steps
Writing TS-mode
Curvature after dimer rotation:               -0.00325
Frequency of transition mode  -293.161 cm^-1 (negative value denotes imaginary frequency)
Crossover temperature for tunnelling       67.13055 K
Restarting L-BFGS optimiser, instance: dimer rotation
Next calculation will be the dimer  midpoint
dl-find/turbomole/=============================== Tstep:   96.3 Ttot:122372.7 ==
eandg
Spin: 
 Energy calculation finished, energy: -2.138680915E+03
Testing convergence of dimer midpoint in cycle  376
    Energy  1.0192E-05 Target: 1.0000E-06 converged?   no
  Max step  1.9473E-02 Target: 1.8000E-03 converged?   no component   102
  RMS step  4.5737E-03 Target: 1.2000E-03 converged?   no
  Max grad  2.5150E-04 Target: 4.5000E-04 converged?  yes component   253
  RMS grad  4.9848E-05 Target: 3.0000E-04 converged?  yes
Next calculation will be the dimer endpoint before rotation
dl-find/turbomole/=============================== Tstep:  124.2 Ttot:122496.9 ==
eandg
Spin: 
 Energy calculation finished, energy: -2.138680915E+03
Curvature at dimer midpoint                   -0.00324
Predicted dimer rotation angle:     14.916 deg
Next calculation will be the dimer endpoint after rotation
dl-find/turbomole/=============================== Tstep:  117.5 Ttot:122614.3 ==
eandg
Spin: 
 Energy calculation finished, energy: -2.138680913E+03
Curvature at dimer midpoint after rotation     0.00835
Curvature at dimer minimum                    -0.00326
Actual dimer rotation angle:         0.564 deg
Dimer rotation converged after    1 steps
Writing TS-mode
Curvature after dimer rotation:               -0.00326
Frequency of transition mode  -293.597 cm^-1 (negative value denotes imaginary frequency)
Crossover temperature for tunnelling       67.23023 K
Restarting L-BFGS optimiser, instance: dimer rotation
Next calculation will be the dimer  midpoint
dl-find/turbomole/=============================== Tstep:  111.2 Ttot:122725.6 ==
eandg
Spin: 
 Energy calculation finished, energy: -2.138681241E+03
Testing convergence of dimer midpoint in cycle  377
    Energy  3.2634E-04 Target: 1.0000E-06 converged?   no
  Max step  3.2772E-02 Target: 1.8000E-03 converged?   no component   102
  RMS step  7.7584E-03 Target: 1.2000E-03 converged?   no
  Max grad  1.9453E-04 Target: 4.5000E-04 converged?  yes component    59
  RMS grad  3.8644E-05 Target: 3.0000E-04 converged?  yes
Next calculation will be the dimer endpoint before rotation
dl-find/turbomole/=============================== Tstep:  137.1 Ttot:122862.7 ==
eandg
Spin: 
 Energy calculation finished, energy: -2.138681242E+03
Curvature at dimer midpoint                   -0.00326
Predicted dimer rotation angle:     13.302 deg
Next calculation will be the dimer endpoint after rotation
dl-find/turbomole/=============================== Tstep:  118.1 Ttot:122980.7 ==
eandg
Spin: 
 Energy calculation finished, energy: -2.138681240E+03
Curvature at dimer midpoint after rotation     0.00897
Curvature at dimer minimum                    -0.00327
Actual dimer rotation angle:         0.382 deg
Dimer rotation converged after    1 steps
Writing TS-mode
Curvature after dimer rotation:               -0.00327
Frequency of transition mode  -294.122 cm^-1 (negative value denotes imaginary frequency)
Crossover temperature for tunnelling       67.35058 K
Restarting L-BFGS optimiser, instance: dimer rotation
Next calculation will be the dimer  midpoint
dl-find/turbomole/=============================== Tstep:  101.0 Ttot:123081.7 ==
eandg
Spin: 
 Energy calculation finished, energy: -2.138681243E+03
Testing convergence of dimer midpoint in cycle  378
    Energy  1.2720E-06 Target: 1.0000E-06 converged?   no
  Max step  4.5473E-02 Target: 1.8000E-03 converged?   no component   196
  RMS step  1.1414E-02 Target: 1.2000E-03 converged?   no
  Max grad  3.4914E-04 Target: 4.5000E-04 converged?  yes component   215
  RMS grad  9.6702E-05 Target: 3.0000E-04 converged?  yes
Next calculation will be the dimer endpoint before rotation
dl-find/turbomole/=============================== Tstep:  126.6 Ttot:123208.3 ==
eandg
Spin: 
 Energy calculation finished, energy: -2.138681243E+03
Curvature at dimer midpoint                   -0.00328
Predicted dimer rotation angle:     10.421 deg
Next calculation will be the dimer endpoint after rotation
dl-find/turbomole/=============================== Tstep:  118.0 Ttot:123326.2 ==
eandg
Spin: 
 Energy calculation finished, energy: -2.138681242E+03
Curvature at dimer midpoint after rotation     0.00217
Curvature at dimer minimum                    -0.00329
Actual dimer rotation angle:         0.397 deg
Dimer rotation converged after    1 steps
Writing TS-mode
Curvature after dimer rotation:               -0.00329
Frequency of transition mode  -294.638 cm^-1 (negative value denotes imaginary frequency)
Crossover temperature for tunnelling       67.46873 K
Restarting L-BFGS optimiser, instance: dimer rotation
Next calculation will be the dimer  midpoint
dl-find/turbomole/=============================== Tstep:   99.5 Ttot:123425.7 ==
eandg
Spin: 
 Energy calculation finished, energy: -2.138681242E+03
Testing convergence of dimer midpoint in cycle  379
    Energy  4.7600E-07 Target: 1.0000E-06 converged?  yes
  Max step  2.0723E-02 Target: 1.8000E-03 converged?   no component    34
  RMS step  4.5355E-03 Target: 1.2000E-03 converged?   no
  Max grad  4.2850E-04 Target: 4.5000E-04 converged?  yes component   253
  RMS grad  9.8841E-05 Target: 3.0000E-04 converged?  yes
Next calculation will be the dimer endpoint before rotation
dl-find/turbomole/=============================== Tstep:  125.3 Ttot:123551.0 ==
eandg
Spin: 
 Energy calculation finished, energy: -2.138681242E+03
Curvature at dimer midpoint                   -0.00329
Predicted dimer rotation angle:     10.568 deg
Next calculation will be the dimer endpoint after rotation
dl-find/turbomole/=============================== Tstep:  115.5 Ttot:123666.6 ==
eandg
Spin: 
 Energy calculation finished, energy: -2.138681244E+03
Curvature at dimer midpoint after rotation     0.00435
Curvature at dimer minimum                    -0.00330
Actual dimer rotation angle:         0.303 deg
Dimer rotation converged after    1 steps
Writing TS-mode
Curvature after dimer rotation:               -0.00330
Frequency of transition mode  -295.283 cm^-1 (negative value denotes imaginary frequency)
Crossover temperature for tunnelling       67.61640 K
Restarting L-BFGS optimiser, instance: dimer rotation
Next calculation will be the dimer  midpoint
dl-find/turbomole/=============================== Tstep:   75.5 Ttot:123742.0 ==
eandg
Spin: 
 Energy calculation finished, energy: -2.138681247E+03
Testing convergence of dimer midpoint in cycle  380
    Energy  4.3330E-06 Target: 1.0000E-06 converged?   no
  Max step  2.1018E-02 Target: 1.8000E-03 converged?   no component   102
  RMS step  4.7943E-03 Target: 1.2000E-03 converged?   no
  Max grad  1.5203E-04 Target: 4.5000E-04 converged?  yes component   253
  RMS grad  4.4605E-05 Target: 3.0000E-04 converged?  yes
Next calculation will be the dimer endpoint before rotation
dl-find/turbomole/=============================== Tstep:  121.9 Ttot:123863.9 ==
eandg
Spin: 
 Energy calculation finished, energy: -2.138681247E+03
Curvature at dimer midpoint                   -0.00330
Predicted dimer rotation angle:      8.387 deg
Next calculation will be the dimer endpoint after rotation
dl-find/turbomole/=============================== Tstep:  119.1 Ttot:123983.0 ==
eandg
Spin: 
 Energy calculation finished, energy: -2.138681246E+03
Curvature at dimer midpoint after rotation     0.00027
Curvature at dimer minimum                    -0.00331
Actual dimer rotation angle:         0.314 deg
Dimer rotation converged after    1 steps
Writing TS-mode
Curvature after dimer rotation:               -0.00331
Frequency of transition mode  -295.677 cm^-1 (negative value denotes imaginary frequency)
Crossover temperature for tunnelling       67.70651 K
Restarting L-BFGS optimiser, instance: dimer rotation
Next calculation will be the dimer  midpoint
dl-find/turbomole/=============================== Tstep:   97.6 Ttot:124080.6 ==
eandg
Spin: 
 Energy calculation finished, energy: -2.138681250E+03
Testing convergence of dimer midpoint in cycle  381
    Energy  3.9970E-06 Target: 1.0000E-06 converged?   no
  Max step  5.4757E-03 Target: 1.8000E-03 converged?   no component   196
  RMS step  1.3786E-03 Target: 1.2000E-03 converged?   no
  Max grad  1.0113E-04 Target: 4.5000E-04 converged?  yes component   188
  RMS grad  3.1072E-05 Target: 3.0000E-04 converged?  yes
Next calculation will be the dimer endpoint before rotation
dl-find/turbomole/=============================== Tstep:  117.6 Ttot:124198.2 ==
eandg
Spin: 
 Energy calculation finished, energy: -2.138681250E+03
Curvature at dimer midpoint                   -0.00330
Predicted dimer rotation angle:      8.898 deg
Next calculation will be the dimer endpoint after rotation
dl-find/turbomole/=============================== Tstep:  117.8 Ttot:124316.0 ==
eandg
Spin: 
 Energy calculation finished, energy: -2.138681252E+03
Curvature at dimer midpoint after rotation     0.00211
Curvature at dimer minimum                    -0.00330
Actual dimer rotation angle:         0.253 deg
Dimer rotation converged after    1 steps
Writing TS-mode
Curvature after dimer rotation:               -0.00330
Frequency of transition mode  -295.499 cm^-1 (negative value denotes imaginary frequency)
Crossover temperature for tunnelling       67.66580 K
Restarting L-BFGS optimiser, instance: dimer rotation
Next calculation will be the dimer  midpoint
dl-find/turbomole/=============================== Tstep:   84.0 Ttot:124400.0 ==
eandg
Spin: 
 Energy calculation finished, energy: -2.138681258E+03
Testing convergence of dimer midpoint in cycle  382
    Energy  7.2330E-06 Target: 1.0000E-06 converged?   no
  Max step  1.6246E-02 Target: 1.8000E-03 converged?   no component   196
  RMS step  3.9209E-03 Target: 1.2000E-03 converged?   no
  Max grad  1.5972E-04 Target: 4.5000E-04 converged?  yes component   253
  RMS grad  4.6720E-05 Target: 3.0000E-04 converged?  yes
Next calculation will be the dimer endpoint before rotation
dl-find/turbomole/=============================== Tstep:  122.8 Ttot:124522.8 ==
eandg
Spin: 
 Energy calculation finished, energy: -2.138681258E+03
Curvature at dimer midpoint                   -0.00332
Predicted dimer rotation angle:      7.196 deg
Next calculation will be the dimer endpoint after rotation
dl-find/turbomole/=============================== Tstep:  117.9 Ttot:124640.7 ==
eandg
Spin: 
 Energy calculation finished, energy: -2.138681258E+03
Curvature at dimer midpoint after rotation    -0.00065
Curvature at dimer minimum                    -0.00332
Actual dimer rotation angle:         0.266 deg
Dimer rotation converged after    1 steps
Writing TS-mode
Curvature after dimer rotation:               -0.00332
Frequency of transition mode  -296.400 cm^-1 (negative value denotes imaginary frequency)
Crossover temperature for tunnelling       67.87222 K
Restarting L-BFGS optimiser, instance: dimer rotation
Next calculation will be the dimer  midpoint
dl-find/turbomole/=============================== Tstep:   91.9 Ttot:124732.6 ==
eandg
Spin: 
 Energy calculation finished, energy: -2.138681260E+03
Testing convergence of dimer midpoint in cycle  383
    Energy  2.0420E-06 Target: 1.0000E-06 converged?   no
  Max step  2.0882E-02 Target: 1.8000E-03 converged?   no component   116
  RMS step  5.2191E-03 Target: 1.2000E-03 converged?   no
  Max grad  4.1266E-04 Target: 4.5000E-04 converged?  yes component    98
  RMS grad  8.2094E-05 Target: 3.0000E-04 converged?  yes
Next calculation will be the dimer endpoint before rotation
dl-find/turbomole/=============================== Tstep:  121.0 Ttot:124853.7 ==
eandg
Spin: 
 Energy calculation finished, energy: -2.138681261E+03
Curvature at dimer midpoint                   -0.00331
Predicted dimer rotation angle:      8.055 deg
Next calculation will be the dimer endpoint after rotation
dl-find/turbomole/=============================== Tstep:  117.2 Ttot:124970.8 ==
eandg
Spin: 
 Energy calculation finished, energy: -2.138681260E+03
Curvature at dimer midpoint after rotation     0.00087
Curvature at dimer minimum                    -0.00332
Actual dimer rotation angle:         0.242 deg
Dimer rotation converged after    1 steps
Writing TS-mode
Curvature after dimer rotation:               -0.00332
Frequency of transition mode  -296.135 cm^-1 (negative value denotes imaginary frequency)
Crossover temperature for tunnelling       67.81146 K
Restarting L-BFGS optimiser, instance: dimer rotation
Next calculation will be the dimer  midpoint
dl-find/turbomole/=============================== Tstep:   87.1 Ttot:125057.9 ==
eandg
Spin: 
 Energy calculation finished, energy: -2.138681269E+03
Testing convergence of dimer midpoint in cycle  384
    Energy  8.7280E-06 Target: 1.0000E-06 converged?   no
  Max step  2.6903E-02 Target: 1.8000E-03 converged?   no component   116
  RMS step  6.4343E-03 Target: 1.2000E-03 converged?   no
  Max grad  1.4022E-04 Target: 4.5000E-04 converged?  yes component   253
  RMS grad  4.1271E-05 Target: 3.0000E-04 converged?  yes
Next calculation will be the dimer endpoint before rotation
dl-find/turbomole/=============================== Tstep:  120.3 Ttot:125178.2 ==
eandg
Spin: 
 Energy calculation finished, energy: -2.138681269E+03
Curvature at dimer midpoint                   -0.00332
Predicted dimer rotation angle:      6.996 deg
Next calculation will be the dimer endpoint after rotation
dl-find/turbomole/=============================== Tstep:  114.3 Ttot:125292.5 ==
eandg
Spin: 
 Energy calculation finished, energy: -2.138681269E+03
Curvature at dimer midpoint after rotation    -0.00029
Curvature at dimer minimum                    -0.00332
Actual dimer rotation angle:         0.218 deg
Dimer rotation converged after    1 steps
Writing TS-mode
Curvature after dimer rotation:               -0.00332
Frequency of transition mode  -296.269 cm^-1 (negative value denotes imaginary frequency)
Crossover temperature for tunnelling       67.84214 K
Restarting L-BFGS optimiser, instance: dimer rotation
Next calculation will be the dimer  midpoint
dl-find/turbomole/=============================== Tstep:   88.8 Ttot:125381.3 ==
eandg
Spin: 
 Energy calculation finished, energy: -2.138681274E+03
Testing convergence of dimer midpoint in cycle  385
    Energy  5.8690E-06 Target: 1.0000E-06 converged?   no
  Max step  1.4786E-02 Target: 1.8000E-03 converged?   no component   116
  RMS step  3.5493E-03 Target: 1.2000E-03 converged?   no
  Max grad  1.3056E-04 Target: 4.5000E-04 converged?  yes component   196
  RMS grad  3.2439E-05 Target: 3.0000E-04 converged?  yes
Next calculation will be the dimer endpoint before rotation
dl-find/turbomole/=============================== Tstep:  118.3 Ttot:125499.6 ==
eandg
Spin: 
 Energy calculation finished, energy: -2.138681275E+03
Curvature at dimer midpoint                   -0.00336
Predicted dimer rotation angle:      6.318 deg
Next calculation will be the dimer endpoint after rotation
dl-find/turbomole/=============================== Tstep:  117.8 Ttot:125617.5 ==
eandg
Spin: 
 Energy calculation finished, energy: -2.138681273E+03
Curvature at dimer midpoint after rotation    -0.00107
Curvature at dimer minimum                    -0.00337
Actual dimer rotation angle:         0.213 deg
Dimer rotation converged after    1 steps
Writing TS-mode
Curvature after dimer rotation:               -0.00337
Frequency of transition mode  -298.296 cm^-1 (negative value denotes imaginary frequency)
Crossover temperature for tunnelling       68.30645 K
Restarting L-BFGS optimiser, instance: dimer rotation
Next calculation will be the dimer  midpoint
dl-find/turbomole/=============================== Tstep:   92.6 Ttot:125710.1 ==
eandg
Spin: 
 Energy calculation finished, energy: -2.138681277E+03
Testing convergence of dimer midpoint in cycle  386
    Energy  2.9910E-06 Target: 1.0000E-06 converged?   no
  Max step  2.0282E-02 Target: 1.8000E-03 converged?   no component   116
  RMS step  4.8707E-03 Target: 1.2000E-03 converged?   no
  Max grad  2.2324E-04 Target: 4.5000E-04 converged?  yes component   215
  RMS grad  5.1587E-05 Target: 3.0000E-04 converged?  yes
Next calculation will be the dimer endpoint before rotation
dl-find/turbomole/=============================== Tstep:  118.1 Ttot:125828.2 ==
eandg
Spin: 
 Energy calculation finished, energy: -2.138681278E+03
Curvature at dimer midpoint                   -0.00333
Predicted dimer rotation angle:      6.289 deg
Next calculation will be the dimer endpoint after rotation
dl-find/turbomole/=============================== Tstep:  115.8 Ttot:125944.0 ==
eandg
Spin: 
 Energy calculation finished, energy: -2.138681277E+03
Curvature at dimer midpoint after rotation    -0.00089
Curvature at dimer minimum                    -0.00334
Actual dimer rotation angle:         0.196 deg
Dimer rotation converged after    1 steps
Writing TS-mode
Curvature after dimer rotation:               -0.00334
Frequency of transition mode  -296.871 cm^-1 (negative value denotes imaginary frequency)
Crossover temperature for tunnelling       67.98013 K
Restarting L-BFGS optimiser, instance: dimer rotation
Next calculation will be the dimer  midpoint
dl-find/turbomole/=============================== Tstep:   92.3 Ttot:126036.3 ==
eandg
Spin: 
 Energy calculation finished, energy: -2.138681287E+03
Testing convergence of dimer midpoint in cycle  387
    Energy  9.3380E-06 Target: 1.0000E-06 converged?   no
  Max step  2.6621E-02 Target: 1.8000E-03 converged?   no component   116
  RMS step  6.7933E-03 Target: 1.2000E-03 converged?   no
  Max grad  3.1097E-04 Target: 4.5000E-04 converged?  yes component    63
  RMS grad  7.6112E-05 Target: 3.0000E-04 converged?  yes
Next calculation will be the dimer endpoint before rotation
dl-find/turbomole/=============================== Tstep:  113.5 Ttot:126149.8 ==
eandg
Spin: 
 Energy calculation finished, energy: -2.138681302E+03
Curvature at dimer midpoint                   -0.00338
Predicted dimer rotation angle:     17.647 deg
Next calculation will be the dimer endpoint after rotation
dl-find/turbomole/=============================== Tstep:  118.3 Ttot:126268.2 ==
eandg
Spin: 
 Energy calculation finished, energy: -2.138681300E+03
Curvature at dimer midpoint after rotation     0.01705
Curvature at dimer minimum                    -0.00340
Actual dimer rotation angle:         0.577 deg
Dimer rotation converged after    1 steps
Writing TS-mode
Curvature after dimer rotation:               -0.00340
Frequency of transition mode  -299.781 cm^-1 (negative value denotes imaginary frequency)
Crossover temperature for tunnelling       68.64650 K
Restarting L-BFGS optimiser, instance: dimer rotation
Next calculation will be the dimer  midpoint
dl-find/turbomole/=============================== Tstep:   98.8 Ttot:126367.0 ==
eandg
Spin: 
 Energy calculation finished, energy: -2.138681306E+03
Testing convergence of dimer midpoint in cycle  388
    Energy  1.9222E-05 Target: 1.0000E-06 converged?   no
  Max step  1.2556E-02 Target: 1.8000E-03 converged?   no component    34
  RMS step  2.7719E-03 Target: 1.2000E-03 converged?   no
  Max grad  1.7681E-04 Target: 4.5000E-04 converged?  yes component   253
  RMS grad  4.9675E-05 Target: 3.0000E-04 converged?  yes
Next calculation will be the dimer endpoint before rotation
dl-find/turbomole/=============================== Tstep:  118.1 Ttot:126485.0 ==
eandg
Spin: 
 Energy calculation finished, energy: -2.138681306E+03
Curvature at dimer midpoint                   -0.00331
Predicted dimer rotation angle:     20.424 deg
Next calculation will be the dimer endpoint after rotation
dl-find/turbomole/=============================== Tstep:  116.4 Ttot:126601.4 ==
eandg
Spin: 
 Energy calculation finished, energy: -2.138681304E+03
Curvature at dimer midpoint after rotation     0.04428
Curvature at dimer minimum                    -0.00333
Actual dimer rotation angle:         0.404 deg
Dimer rotation converged after    1 steps
Writing TS-mode
Curvature after dimer rotation:               -0.00333
Frequency of transition mode  -296.650 cm^-1 (negative value denotes imaginary frequency)
Crossover temperature for tunnelling       67.92939 K
Restarting L-BFGS optimiser, instance: dimer rotation
Next calculation will be the dimer  midpoint
dl-find/turbomole/=============================== Tstep:  104.6 Ttot:126706.0 ==
eandg
Spin: 
 Energy calculation finished, energy: -2.138681312E+03
Testing convergence of dimer midpoint in cycle  389
    Energy  6.1280E-06 Target: 1.0000E-06 converged?   no
  Max step  3.0020E-02 Target: 1.8000E-03 converged?   no component    34
  RMS step  5.8332E-03 Target: 1.2000E-03 converged?   no
  Max grad  1.4937E-04 Target: 4.5000E-04 converged?  yes component   201
  RMS grad  4.9260E-05 Target: 3.0000E-04 converged?  yes
Next calculation will be the dimer endpoint before rotation
dl-find/turbomole/=============================== Tstep:  119.9 Ttot:126825.9 ==
eandg
Spin: 
 Energy calculation finished, energy: -2.138681312E+03
Curvature at dimer midpoint                   -0.00333
Predicted dimer rotation angle:      4.885 deg
Next calculation will be the dimer endpoint after rotation
dl-find/turbomole/=============================== Tstep:  117.3 Ttot:126943.2 ==
eandg
Spin: 
 Energy calculation finished, energy: -2.138681312E+03
Curvature at dimer midpoint after rotation    -0.00309
Curvature at dimer minimum                    -0.00334
Actual dimer rotation angle:         0.707 deg
Dimer rotation converged after    1 steps
Writing TS-mode
Curvature after dimer rotation:               -0.00334
Frequency of transition mode  -296.878 cm^-1 (negative value denotes imaginary frequency)
Crossover temperature for tunnelling       67.98160 K
Restarting L-BFGS optimiser, instance: dimer rotation
Next calculation will be the dimer  midpoint
dl-find/turbomole/=============================== Tstep:   85.5 Ttot:127028.7 ==
eandg
Spin: 
 Energy calculation finished, energy: -2.138681315E+03
Testing convergence of dimer midpoint in cycle  390
    Energy  3.0520E-06 Target: 1.0000E-06 converged?   no
  Max step  2.8275E-02 Target: 1.8000E-03 converged?   no component   116
  RMS step  7.2275E-03 Target: 1.2000E-03 converged?   no
  Max grad  2.1304E-04 Target: 4.5000E-04 converged?  yes component    98
  RMS grad  6.3695E-05 Target: 3.0000E-04 converged?  yes
Next calculation will be the dimer endpoint before rotation
dl-find/turbomole/=============================== Tstep:  122.5 Ttot:127151.2 ==
eandg
Spin: 
 Energy calculation finished, energy: -2.138681315E+03
Curvature at dimer midpoint                   -0.00334
Predicted dimer rotation angle:      9.897 deg
Next calculation will be the dimer endpoint after rotation
dl-find/turbomole/=============================== Tstep:  117.4 Ttot:127268.6 ==
eandg
Spin: 
 Energy calculation finished, energy: -2.138681315E+03
Curvature at dimer midpoint after rotation     0.00726
Curvature at dimer minimum                    -0.00334
Actual dimer rotation angle:         0.185 deg
Dimer rotation converged after    1 steps
Writing TS-mode
Curvature after dimer rotation:               -0.00334
Frequency of transition mode  -297.211 cm^-1 (negative value denotes imaginary frequency)
Crossover temperature for tunnelling       68.05794 K
Restarting L-BFGS optimiser, instance: dimer rotation
Next calculation will be the dimer  midpoint
dl-find/turbomole/=============================== Tstep:   97.0 Ttot:127365.6 ==
eandg
Spin: 
 Energy calculation finished, energy: -2.138681368E+03
Testing convergence of dimer midpoint in cycle  391
    Energy  5.2715E-05 Target: 1.0000E-06 converged?   no
  Max step  5.5758E-02 Target: 1.8000E-03 converged?   no component   116
  RMS step  1.3819E-02 Target: 1.2000E-03 converged?   no
  Max grad  1.6511E-04 Target: 4.5000E-04 converged?  yes component    97
  RMS grad  6.0817E-05 Target: 3.0000E-04 converged?  yes
Next calculation will be the dimer endpoint before rotation
dl-find/turbomole/=============================== Tstep:  128.1 Ttot:127493.7 ==
eandg
Spin: 
 Energy calculation finished, energy: -2.138681368E+03
Curvature at dimer midpoint                   -0.00335
Predicted dimer rotation angle:      3.764 deg
Next calculation will be the dimer endpoint after rotation
dl-find/turbomole/=============================== Tstep:  116.2 Ttot:127609.9 ==
eandg
Spin: 
 Energy calculation finished, energy: -2.138681369E+03
Curvature at dimer midpoint after rotation    -0.00308
Curvature at dimer minimum                    -0.00335
Actual dimer rotation angle:         0.341 deg
Dimer rotation converged after    1 steps
Writing TS-mode
Curvature after dimer rotation:               -0.00335
Frequency of transition mode  -297.448 cm^-1 (negative value denotes imaginary frequency)
Crossover temperature for tunnelling       68.11215 K
Restarting L-BFGS optimiser, instance: dimer rotation
Next calculation will be the dimer  midpoint
dl-find/turbomole/=============================== Tstep:   81.5 Ttot:127691.4 ==
eandg
Spin: 
 Energy calculation finished, energy: -2.138681375E+03
Testing convergence of dimer midpoint in cycle  392
    Energy  7.0300E-06 Target: 1.0000E-06 converged?   no
  Max step  6.8826E-02 Target: 1.8000E-03 converged?   no component   116
  RMS step  1.7188E-02 Target: 1.2000E-03 converged?   no
  Max grad  3.8795E-04 Target: 4.5000E-04 converged?  yes component    88
  RMS grad  8.3966E-05 Target: 3.0000E-04 converged?  yes
Next calculation will be the dimer endpoint before rotation
dl-find/turbomole/=============================== Tstep:  118.1 Ttot:127809.5 ==
eandg
Spin: 
 Energy calculation finished, energy: -2.138681375E+03
Curvature at dimer midpoint                   -0.00334
Predicted dimer rotation angle:      7.116 deg
Next calculation will be the dimer endpoint after rotation
dl-find/turbomole/=============================== Tstep:  118.3 Ttot:127927.9 ==
eandg
Spin: 
 Energy calculation finished, energy: -2.138681375E+03
Curvature at dimer midpoint after rotation     0.00183
Curvature at dimer minimum                    -0.00334
Actual dimer rotation angle:         0.138 deg
Dimer rotation converged after    1 steps
Writing TS-mode
Curvature after dimer rotation:               -0.00334
Frequency of transition mode  -297.062 cm^-1 (negative value denotes imaginary frequency)
Crossover temperature for tunnelling       68.02373 K
Restarting L-BFGS optimiser, instance: dimer rotation
Next calculation will be the dimer  midpoint
dl-find/turbomole/=============================== Tstep:   87.4 Ttot:128015.3 ==
eandg
Spin: 
 Energy calculation finished, energy: -2.138681375E+03
Testing convergence of dimer midpoint in cycle  393
    Energy  3.0400E-07 Target: 1.0000E-06 converged?  yes
  Max step  4.8572E-02 Target: 1.8000E-03 converged?   no component   116
  RMS step  1.1954E-02 Target: 1.2000E-03 converged?   no
  Max grad  2.4294E-04 Target: 4.5000E-04 converged?  yes component   253
  RMS grad  6.3884E-05 Target: 3.0000E-04 converged?  yes
Next calculation will be the dimer endpoint before rotation
dl-find/turbomole/=============================== Tstep:  119.5 Ttot:128134.8 ==
eandg
Spin: 
 Energy calculation finished, energy: -2.138681376E+03
Curvature at dimer midpoint                   -0.00334
Predicted dimer rotation angle:      6.880 deg
Next calculation will be the dimer endpoint after rotation
dl-find/turbomole/=============================== Tstep:  115.9 Ttot:128250.7 ==
eandg
Spin: 
 Energy calculation finished, energy: -2.138681375E+03
Curvature at dimer midpoint after rotation    -0.00190
Curvature at dimer minimum                    -0.00335
Actual dimer rotation angle:         0.412 deg
Dimer rotation converged after    1 steps
Writing TS-mode
Curvature after dimer rotation:               -0.00335
Frequency of transition mode  -297.435 cm^-1 (negative value denotes imaginary frequency)
Crossover temperature for tunnelling       68.10915 K
Restarting L-BFGS optimiser, instance: dimer rotation
Next calculation will be the dimer  midpoint
dl-find/turbomole/=============================== Tstep:   81.2 Ttot:128331.9 ==
eandg
Spin: 
 Energy calculation finished, energy: -2.138681375E+03
Testing convergence of dimer midpoint in cycle  394
    Energy  1.8000E-07 Target: 1.0000E-06 converged?  yes
  Max step  9.2056E-03 Target: 1.8000E-03 converged?   no component    31
  RMS step  2.0066E-03 Target: 1.2000E-03 converged?   no
  Max grad  1.5427E-04 Target: 4.5000E-04 converged?  yes component   245
  RMS grad  5.2170E-05 Target: 3.0000E-04 converged?  yes
Next calculation will be the dimer endpoint before rotation
dl-find/turbomole/=============================== Tstep:  128.1 Ttot:128460.0 ==
eandg
Spin: 
 Energy calculation finished, energy: -2.138681375E+03
Curvature at dimer midpoint                   -0.00334
Predicted dimer rotation angle:      9.404 deg
Next calculation will be the dimer endpoint after rotation
dl-find/turbomole/=============================== Tstep:  117.5 Ttot:128577.5 ==
eandg
Spin: 
 Energy calculation finished, energy: -2.138681375E+03
Curvature at dimer midpoint after rotation     0.00503
Curvature at dimer minimum                    -0.00335
Actual dimer rotation angle:         0.199 deg
Dimer rotation converged after    1 steps
Writing TS-mode
Curvature after dimer rotation:               -0.00335
Frequency of transition mode  -297.463 cm^-1 (negative value denotes imaginary frequency)
Crossover temperature for tunnelling       68.11568 K
Restarting L-BFGS optimiser, instance: dimer rotation
Next calculation will be the dimer  midpoint
dl-find/turbomole/=============================== Tstep:   96.6 Ttot:128674.2 ==
eandg
Spin: 
 Energy calculation finished, energy: -2.138681381E+03
Testing convergence of dimer midpoint in cycle  395
    Energy  5.7940E-06 Target: 1.0000E-06 converged?   no
  Max step  1.9084E-02 Target: 1.8000E-03 converged?   no component    31
  RMS step  4.0336E-03 Target: 1.2000E-03 converged?   no
  Max grad  1.8099E-04 Target: 4.5000E-04 converged?  yes component    98
  RMS grad  5.7850E-05 Target: 3.0000E-04 converged?  yes
Next calculation will be the dimer endpoint before rotation
dl-find/turbomole/=============================== Tstep:  127.5 Ttot:128801.6 ==
eandg
Spin: 
 Energy calculation finished, energy: -2.138681381E+03
Curvature at dimer midpoint                   -0.00335
Predicted dimer rotation angle:      4.346 deg
Next calculation will be the dimer endpoint after rotation
dl-find/turbomole/=============================== Tstep:  114.7 Ttot:128916.3 ==
eandg
Spin: 
 Energy calculation finished, energy: -2.138681381E+03
Curvature at dimer midpoint after rotation    -0.00273
Curvature at dimer minimum                    -0.00335
Actual dimer rotation angle:         0.242 deg
Dimer rotation converged after    1 steps
Writing TS-mode
Curvature after dimer rotation:               -0.00335
Frequency of transition mode  -297.516 cm^-1 (negative value denotes imaginary frequency)
Crossover temperature for tunnelling       68.12776 K
Restarting L-BFGS optimiser, instance: dimer rotation
Next calculation will be the dimer  midpoint
dl-find/turbomole/=============================== Tstep:   90.0 Ttot:129006.4 ==
eandg
Spin: 
 Energy calculation finished, energy: -2.138681362E+03
Testing convergence of dimer midpoint in cycle  396
    Energy  1.9474E-05 Target: 1.0000E-06 converged?   no
  Max step  4.1086E-02 Target: 1.8000E-03 converged?   no component    31
  RMS step  8.3460E-03 Target: 1.2000E-03 converged?   no
  Max grad  4.8837E-04 Target: 4.5000E-04 converged?   no component    60
  RMS grad  9.6793E-05 Target: 3.0000E-04 converged?  yes
Next calculation will be the dimer endpoint before rotation
dl-find/turbomole/=============================== Tstep:  131.5 Ttot:129137.9 ==
eandg
Spin: 
 Energy calculation finished, energy: -2.138681362E+03
Curvature at dimer midpoint                   -0.00333
Predicted dimer rotation angle:      5.625 deg
Next calculation will be the dimer endpoint after rotation
dl-find/turbomole/=============================== Tstep:  112.8 Ttot:129250.6 ==
eandg
Spin: 
 Energy calculation finished, energy: -2.138681362E+03
Curvature at dimer midpoint after rotation    -0.00059
Curvature at dimer minimum                    -0.00333
Actual dimer rotation angle:         0.127 deg
Dimer rotation converged after    1 steps
Writing TS-mode
Curvature after dimer rotation:               -0.00333
Frequency of transition mode  -296.666 cm^-1 (negative value denotes imaginary frequency)
Crossover temperature for tunnelling       67.93319 K
Restarting L-BFGS optimiser, instance: dimer rotation
Next calculation will be the dimer  midpoint
dl-find/turbomole/=============================== Tstep:   91.2 Ttot:129341.8 ==
eandg
Spin: 
 Energy calculation finished, energy: -2.138681367E+03
Testing convergence of dimer midpoint in cycle  397
    Energy  4.8630E-06 Target: 1.0000E-06 converged?   no
  Max step  2.1065E-02 Target: 1.8000E-03 converged?   no component    34
  RMS step  4.7836E-03 Target: 1.2000E-03 converged?   no
  Max grad  1.6781E-04 Target: 4.5000E-04 converged?  yes component    60
  RMS grad  5.0911E-05 Target: 3.0000E-04 converged?  yes
Next calculation will be the dimer endpoint before rotation
dl-find/turbomole/=============================== Tstep:  123.4 Ttot:129465.2 ==
eandg
Spin: 
 Energy calculation finished, energy: -2.138681366E+03
Curvature at dimer midpoint                   -0.00332
Predicted dimer rotation angle:      3.364 deg
Next calculation will be the dimer endpoint after rotation
dl-find/turbomole/=============================== Tstep:  114.5 Ttot:129579.7 ==
eandg
Spin: 
 Energy calculation finished, energy: -2.138681367E+03
Curvature at dimer midpoint after rotation    -0.00293
Curvature at dimer minimum                    -0.00332
Actual dimer rotation angle:         0.178 deg
Dimer rotation converged after    1 steps
Writing TS-mode
Curvature after dimer rotation:               -0.00332
Frequency of transition mode  -296.355 cm^-1 (negative value denotes imaginary frequency)
Crossover temperature for tunnelling       67.86184 K
Restarting L-BFGS optimiser, instance: dimer rotation
Next calculation will be the dimer  midpoint
dl-find/turbomole/=============================== Tstep:   86.5 Ttot:129666.2 ==
eandg
Spin: 
 Energy calculation finished, energy: -2.138681370E+03
Testing convergence of dimer midpoint in cycle  398
    Energy  3.7470E-06 Target: 1.0000E-06 converged?   no
  Max step  2.5971E-02 Target: 1.8000E-03 converged?   no component    34
  RMS step  5.9711E-03 Target: 1.2000E-03 converged?   no
  Max grad  1.8409E-04 Target: 4.5000E-04 converged?  yes component    60
  RMS grad  4.9588E-05 Target: 3.0000E-04 converged?  yes
Next calculation will be the dimer endpoint before rotation
dl-find/turbomole/=============================== Tstep:  123.5 Ttot:129789.6 ==
eandg
Spin: 
 Energy calculation finished, energy: -2.138681370E+03
Curvature at dimer midpoint                   -0.00331
Predicted dimer rotation angle:      4.889 deg
Next calculation will be the dimer endpoint after rotation
dl-find/turbomole/=============================== Tstep:  119.0 Ttot:129908.6 ==
eandg
Spin: 
 Energy calculation finished, energy: -2.138681369E+03
Curvature at dimer midpoint after rotation    -0.00127
Curvature at dimer minimum                    -0.00331
Actual dimer rotation angle:         0.111 deg
Dimer rotation converged after    1 steps
Writing TS-mode
Curvature after dimer rotation:               -0.00331
Frequency of transition mode  -295.778 cm^-1 (negative value denotes imaginary frequency)
Crossover temperature for tunnelling       67.72969 K
Restarting L-BFGS optimiser, instance: dimer rotation
Next calculation will be the dimer  midpoint
dl-find/turbomole/=============================== Tstep:   90.6 Ttot:129999.2 ==
eandg
Spin: 
 Energy calculation finished, energy: -2.138681372E+03
Testing convergence of dimer midpoint in cycle  399
    Energy  2.1450E-06 Target: 1.0000E-06 converged?   no
  Max step  2.3585E-02 Target: 1.8000E-03 converged?   no component    34
  RMS step  5.4615E-03 Target: 1.2000E-03 converged?   no
  Max grad  2.2216E-04 Target: 4.5000E-04 converged?  yes component   156
  RMS grad  5.8810E-05 Target: 3.0000E-04 converged?  yes
Next calculation will be the dimer endpoint before rotation
dl-find/turbomole/=============================== Tstep:  123.2 Ttot:130122.4 ==
eandg
Spin: 
 Energy calculation finished, energy: -2.138681373E+03
Curvature at dimer midpoint                   -0.00334
Predicted dimer rotation angle:      3.163 deg
Next calculation will be the dimer endpoint after rotation
dl-find/turbomole/=============================== Tstep:  118.6 Ttot:130241.1 ==
eandg
Spin: 
 Energy calculation finished, energy: -2.138681373E+03
Curvature at dimer midpoint after rotation    -0.00294
Curvature at dimer minimum                    -0.00334
Actual dimer rotation angle:         0.147 deg
Dimer rotation converged after    1 steps
Writing TS-mode
Curvature after dimer rotation:               -0.00334
Frequency of transition mode  -297.013 cm^-1 (negative value denotes imaginary frequency)
Crossover temperature for tunnelling       68.01249 K
Restarting L-BFGS optimiser, instance: dimer rotation
Next calculation will be the dimer  midpoint
dl-find/turbomole/=============================== Tstep:   85.3 Ttot:130326.4 ==
eandg
Spin: 
 Energy calculation finished, energy: -2.138681377E+03
Testing convergence of dimer midpoint in cycle  400
    Energy  4.3870E-06 Target: 1.0000E-06 converged?   no
  Max step  3.9555E-02 Target: 1.8000E-03 converged?   no component    34
  RMS step  9.5498E-03 Target: 1.2000E-03 converged?   no
  Max grad  5.8154E-04 Target: 4.5000E-04 converged?   no component    60
  RMS grad  9.3664E-05 Target: 3.0000E-04 converged?  yes
Next calculation will be the dimer endpoint before rotation
dl-find/turbomole/=============================== Tstep:  125.9 Ttot:130452.3 ==
eandg
Spin: 
 Energy calculation finished, energy: -2.138681377E+03
Curvature at dimer midpoint                   -0.00329
Predicted dimer rotation angle:      4.212 deg
Next calculation will be the dimer endpoint after rotation
dl-find/turbomole/=============================== Tstep:  117.5 Ttot:130569.8 ==
eandg
Spin: 
 Energy calculation finished, energy: -2.138681376E+03
Curvature at dimer midpoint after rotation    -0.00191
Curvature at dimer minimum                    -0.00329
Actual dimer rotation angle:         0.104 deg
Dimer rotation converged after    1 steps
Writing TS-mode
Curvature after dimer rotation:               -0.00329
Frequency of transition mode  -294.741 cm^-1 (negative value denotes imaginary frequency)
Crossover temperature for tunnelling       67.49225 K
Restarting L-BFGS optimiser, instance: dimer rotation
Next calculation will be the dimer  midpoint
dl-find/turbomole/=============================== Tstep:   72.6 Ttot:130642.4 ==
eandg
Spin: 
 Energy calculation finished, energy: -2.138681382E+03
Testing convergence of dimer midpoint in cycle  401
    Energy  4.9310E-06 Target: 1.0000E-06 converged?   no
  Max step  1.3722E-02 Target: 1.8000E-03 converged?   no component   102
  RMS step  3.2048E-03 Target: 1.2000E-03 converged?   no
  Max grad  1.8038E-04 Target: 4.5000E-04 converged?  yes component    60
  RMS grad  4.1038E-05 Target: 3.0000E-04 converged?  yes
Next calculation will be the dimer endpoint before rotation
dl-find/turbomole/=============================== Tstep:  128.4 Ttot:130770.8 ==
eandg
Spin: 
 Energy calculation finished, energy: -2.138681382E+03
Curvature at dimer midpoint                   -0.00330
Predicted dimer rotation angle:      3.209 deg
Next calculation will be the dimer endpoint after rotation
dl-find/turbomole/=============================== Tstep:  117.3 Ttot:130888.1 ==
eandg
Spin: 
 Energy calculation finished, energy: -2.138681382E+03
Curvature at dimer midpoint after rotation    -0.00281
Curvature at dimer minimum                    -0.00330
Actual dimer rotation angle:         0.126 deg
Dimer rotation converged after    1 steps
Writing TS-mode
Curvature after dimer rotation:               -0.00330
Frequency of transition mode  -295.383 cm^-1 (negative value denotes imaginary frequency)
Crossover temperature for tunnelling       67.63922 K
Restarting L-BFGS optimiser, instance: dimer rotation
Next calculation will be the dimer  midpoint
dl-find/turbomole/=============================== Tstep:   80.2 Ttot:130968.3 ==
eandg
Spin: 
 Energy calculation finished, energy: -2.138681386E+03
Testing convergence of dimer midpoint in cycle  402
    Energy  4.2400E-06 Target: 1.0000E-06 converged?   no
  Max step  1.1239E-02 Target: 1.8000E-03 converged?   no component   102
  RMS step  2.6682E-03 Target: 1.2000E-03 converged?   no
  Max grad  1.3323E-04 Target: 4.5000E-04 converged?  yes component    48
  RMS grad  4.0476E-05 Target: 3.0000E-04 converged?  yes
Next calculation will be the dimer endpoint before rotation
dl-find/turbomole/=============================== Tstep:  125.1 Ttot:131093.3 ==
eandg
Spin: 
 Energy calculation finished, energy: -2.138681385E+03
Curvature at dimer midpoint                   -0.00329
Predicted dimer rotation angle:      3.975 deg
Next calculation will be the dimer endpoint after rotation
dl-find/turbomole/=============================== Tstep:  117.4 Ttot:131210.7 ==
eandg
Spin: 
 Energy calculation finished, energy: -2.138681385E+03
Curvature at dimer midpoint after rotation    -0.00214
Curvature at dimer minimum                    -0.00329
Actual dimer rotation angle:         0.104 deg
Dimer rotation converged after    1 steps
Writing TS-mode
Curvature after dimer rotation:               -0.00329
Frequency of transition mode  -295.034 cm^-1 (negative value denotes imaginary frequency)
Crossover temperature for tunnelling       67.55940 K
Restarting L-BFGS optimiser, instance: dimer rotation
Next calculation will be the dimer  midpoint
dl-find/turbomole/=============================== Tstep:   81.4 Ttot:131292.1 ==
eandg
Spin: 
 Energy calculation finished, energy: -2.138681389E+03
Testing convergence of dimer midpoint in cycle  403
    Energy  3.2360E-06 Target: 1.0000E-06 converged?   no
  Max step  7.6875E-03 Target: 1.8000E-03 converged?   no component    32
  RMS step  2.2945E-03 Target: 1.2000E-03 converged?   no
  Max grad  1.7502E-04 Target: 4.5000E-04 converged?  yes component   245
  RMS grad  4.7166E-05 Target: 3.0000E-04 converged?  yes
Next calculation will be the dimer endpoint before rotation
dl-find/turbomole/=============================== Tstep:  118.4 Ttot:131410.4 ==
eandg
Spin: 
 Energy calculation finished, energy: -2.138681389E+03
Curvature at dimer midpoint                   -0.00329
Predicted dimer rotation angle:      3.285 deg
Next calculation will be the dimer endpoint after rotation
dl-find/turbomole/=============================== Tstep:  118.2 Ttot:131528.6 ==
eandg
Spin: 
 Energy calculation finished, energy: -2.138681389E+03
Curvature at dimer midpoint after rotation    -0.00263
Curvature at dimer minimum                    -0.00329
Actual dimer rotation angle:         0.100 deg
Dimer rotation converged after    1 steps
Writing TS-mode
Curvature after dimer rotation:               -0.00329
Frequency of transition mode  -295.064 cm^-1 (negative value denotes imaginary frequency)
Crossover temperature for tunnelling       67.56635 K
Restarting L-BFGS optimiser, instance: dimer rotation
Next calculation will be the dimer  midpoint
dl-find/turbomole/=============================== Tstep:   84.6 Ttot:131613.2 ==
eandg
Spin: 
 Energy calculation finished, energy: -2.138681381E+03
Testing convergence of dimer midpoint in cycle  404
    Energy  8.6370E-06 Target: 1.0000E-06 converged?   no
  Max step  2.4747E-02 Target: 1.8000E-03 converged?   no component    34
  RMS step  7.0009E-03 Target: 1.2000E-03 converged?   no
  Max grad  7.6194E-04 Target: 4.5000E-04 converged?   no component    60
  RMS grad  1.3644E-04 Target: 3.0000E-04 converged?  yes
Next calculation will be the dimer endpoint before rotation
dl-find/turbomole/=============================== Tstep:  125.6 Ttot:131738.8 ==
eandg
Spin: 
 Energy calculation finished, energy: -2.138681380E+03
Curvature at dimer midpoint                   -0.00328
Predicted dimer rotation angle:      3.072 deg
Next calculation will be the dimer endpoint after rotation
dl-find/turbomole/=============================== Tstep:  113.6 Ttot:131852.4 ==
eandg
Spin: 
 Energy calculation finished, energy: -2.138681381E+03
Curvature at dimer midpoint after rotation    -0.00281
Curvature at dimer minimum                    -0.00328
Actual dimer rotation angle:         0.113 deg
Dimer rotation converged after    1 steps
Writing TS-mode
Curvature after dimer rotation:               -0.00328
Frequency of transition mode  -294.513 cm^-1 (negative value denotes imaginary frequency)
Crossover temperature for tunnelling       67.44016 K
Restarting L-BFGS optimiser, instance: dimer rotation
Next calculation will be the dimer  midpoint
dl-find/turbomole/=============================== Tstep:   84.0 Ttot:131936.4 ==
eandg
Spin: 
 Energy calculation finished, energy: -2.138681389E+03
Testing convergence of dimer midpoint in cycle  405
    Energy  8.9310E-06 Target: 1.0000E-06 converged?   no
  Max step  1.2961E-02 Target: 1.8000E-03 converged?   no component   102
  RMS step  3.0039E-03 Target: 1.2000E-03 converged?   no
  Max grad  2.1472E-04 Target: 4.5000E-04 converged?  yes component    60
  RMS grad  3.6817E-05 Target: 3.0000E-04 converged?  yes
Next calculation will be the dimer endpoint before rotation
dl-find/turbomole/=============================== Tstep:  120.8 Ttot:132057.2 ==
eandg
Spin: 
 Energy calculation finished, energy: -2.138681389E+03
Curvature at dimer midpoint                   -0.00329
Predicted dimer rotation angle:      3.507 deg
Next calculation will be the dimer endpoint after rotation
dl-find/turbomole/=============================== Tstep:  118.7 Ttot:132175.9 ==
eandg
Spin: 
 Energy calculation finished, energy: -2.138681389E+03
Curvature at dimer midpoint after rotation    -0.00237
Curvature at dimer minimum                    -0.00329
Actual dimer rotation angle:         0.089 deg
Dimer rotation converged after    1 steps
Writing TS-mode
Curvature after dimer rotation:               -0.00329
Frequency of transition mode  -294.840 cm^-1 (negative value denotes imaginary frequency)
Crossover temperature for tunnelling       67.51497 K
Restarting L-BFGS optimiser, instance: dimer rotation
Next calculation will be the dimer  midpoint
dl-find/turbomole/=============================== Tstep:   81.8 Ttot:132257.6 ==
eandg
Spin: 
 Energy calculation finished, energy: -2.138681389E+03
Testing convergence of dimer midpoint in cycle  406
    Energy  8.1100E-07 Target: 1.0000E-06 converged?  yes
  Max step  9.7743E-03 Target: 1.8000E-03 converged?   no component   116
  RMS step  2.3064E-03 Target: 1.2000E-03 converged?   no
  Max grad  8.5869E-05 Target: 4.5000E-04 converged?  yes component    90
  RMS grad  2.6668E-05 Target: 3.0000E-04 converged?  yes
Next calculation will be the dimer endpoint before rotation
dl-find/turbomole/=============================== Tstep:  120.4 Ttot:132378.1 ==
eandg
Spin: 
 Energy calculation finished, energy: -2.138681388E+03
Curvature at dimer midpoint                   -0.00329
Predicted dimer rotation angle:      2.669 deg
Next calculation will be the dimer endpoint after rotation
dl-find/turbomole/=============================== Tstep:  116.3 Ttot:132494.4 ==
eandg
Spin: 
 Energy calculation finished, energy: -2.138681388E+03
Curvature at dimer midpoint after rotation    -0.00296
Curvature at dimer minimum                    -0.00329
Actual dimer rotation angle:         0.107 deg
Dimer rotation converged after    1 steps
Writing TS-mode
Curvature after dimer rotation:               -0.00329
Frequency of transition mode  -294.964 cm^-1 (negative value denotes imaginary frequency)
Crossover temperature for tunnelling       67.54338 K
Restarting L-BFGS optimiser, instance: dimer rotation
Next calculation will be the dimer  midpoint
dl-find/turbomole/=============================== Tstep:   84.0 Ttot:132578.4 ==
eandg
Spin: 
 Energy calculation finished, energy: -2.138681388E+03
Testing convergence of dimer midpoint in cycle  407
    Energy  1.1040E-06 Target: 1.0000E-06 converged?   no
  Max step  1.8520E-02 Target: 1.8000E-03 converged?   no component    34
  RMS step  4.1348E-03 Target: 1.2000E-03 converged?   no
  Max grad  1.6525E-04 Target: 4.5000E-04 converged?  yes component    60
  RMS grad  3.3822E-05 Target: 3.0000E-04 converged?  yes
Next calculation will be the dimer endpoint before rotation
dl-find/turbomole/=============================== Tstep:  125.1 Ttot:132703.5 ==
eandg
Spin: 
 Energy calculation finished, energy: -2.138681388E+03
Curvature at dimer midpoint                   -0.00329
Predicted dimer rotation angle:      3.355 deg
Next calculation will be the dimer endpoint after rotation
dl-find/turbomole/=============================== Tstep:  117.4 Ttot:132820.9 ==
eandg
Spin: 
 Energy calculation finished, energy: -2.138681388E+03
Curvature at dimer midpoint after rotation    -0.00245
Curvature at dimer minimum                    -0.00329
Actual dimer rotation angle:         0.086 deg
Dimer rotation converged after    1 steps
Writing TS-mode
Curvature after dimer rotation:               -0.00329
Frequency of transition mode  -295.060 cm^-1 (negative value denotes imaginary frequency)
Crossover temperature for tunnelling       67.56542 K
Restarting L-BFGS optimiser, instance: dimer rotation
Next calculation will be the dimer  midpoint
dl-find/turbomole/=============================== Tstep:   81.7 Ttot:132902.6 ==
eandg
Spin: 
 Energy calculation finished, energy: -2.138681392E+03
Testing convergence of dimer midpoint in cycle  408
    Energy  4.3030E-06 Target: 1.0000E-06 converged?   no
  Max step  1.6094E-02 Target: 1.8000E-03 converged?   no component    34
  RMS step  3.2010E-03 Target: 1.2000E-03 converged?   no
  Max grad  3.1583E-04 Target: 4.5000E-04 converged?  yes component    60
  RMS grad  4.4147E-05 Target: 3.0000E-04 converged?  yes
Next calculation will be the dimer endpoint before rotation
dl-find/turbomole/=============================== Tstep:  117.9 Ttot:133020.5 ==
eandg
Spin: 
 Energy calculation finished, energy: -2.138681392E+03
Curvature at dimer midpoint                   -0.00329
Predicted dimer rotation angle:      2.598 deg
Next calculation will be the dimer endpoint after rotation
dl-find/turbomole/=============================== Tstep:  117.2 Ttot:133137.7 ==
eandg
Spin: 
 Energy calculation finished, energy: -2.138681392E+03
Curvature at dimer midpoint after rotation    -0.00296
Curvature at dimer minimum                    -0.00329
Actual dimer rotation angle:         0.100 deg
Dimer rotation converged after    1 steps
Writing TS-mode
Curvature after dimer rotation:               -0.00329
Frequency of transition mode  -294.803 cm^-1 (negative value denotes imaginary frequency)
Crossover temperature for tunnelling       67.50637 K
Restarting L-BFGS optimiser, instance: dimer rotation
Next calculation will be the dimer  midpoint
dl-find/turbomole/=============================== Tstep:   80.7 Ttot:133218.5 ==
eandg
Spin: 
 Energy calculation finished, energy: -2.138681387E+03
Testing convergence of dimer midpoint in cycle  409
    Energy  4.8770E-06 Target: 1.0000E-06 converged?   no
  Max step  2.9945E-02 Target: 1.8000E-03 converged?   no component    34
  RMS step  5.8163E-03 Target: 1.2000E-03 converged?   no
  Max grad  3.3697E-04 Target: 4.5000E-04 converged?  yes component    88
  RMS grad  6.0973E-05 Target: 3.0000E-04 converged?  yes
Next calculation will be the dimer endpoint before rotation
dl-find/turbomole/=============================== Tstep:  131.6 Ttot:133350.0 ==
eandg
Spin: 
 Energy calculation finished, energy: -2.138681387E+03
Curvature at dimer midpoint                   -0.00328
Predicted dimer rotation angle:      3.188 deg
Next calculation will be the dimer endpoint after rotation
dl-find/turbomole/=============================== Tstep:  114.6 Ttot:133464.6 ==
eandg
Spin: 
 Energy calculation finished, energy: -2.138681387E+03
Curvature at dimer midpoint after rotation    -0.00252
Curvature at dimer minimum                    -0.00328
Actual dimer rotation angle:         0.081 deg
Dimer rotation converged after    1 steps
Writing TS-mode
Curvature after dimer rotation:               -0.00328
Frequency of transition mode  -294.336 cm^-1 (negative value denotes imaginary frequency)
Crossover temperature for tunnelling       67.39954 K
Restarting L-BFGS optimiser, instance: dimer rotation
Next calculation will be the dimer  midpoint
dl-find/turbomole/=============================== Tstep:   85.5 Ttot:133550.1 ==
eandg
Spin: 
 Energy calculation finished, energy: -2.138681390E+03
Testing convergence of dimer midpoint in cycle  410
    Energy  3.4130E-06 Target: 1.0000E-06 converged?   no
  Max step  3.1145E-03 Target: 1.8000E-03 converged?   no component   116
  RMS step  7.3569E-04 Target: 1.2000E-03 converged?  yes
  Max grad  8.3096E-05 Target: 4.5000E-04 converged?  yes component   114
  RMS grad  2.8494E-05 Target: 3.0000E-04 converged?  yes
Next calculation will be the dimer endpoint before rotation
dl-find/turbomole/=============================== Tstep:  111.4 Ttot:133661.5 ==
eandg
Spin: 
 Energy calculation finished, energy: -2.138681390E+03
Curvature at dimer midpoint                   -0.00328
Predicted dimer rotation angle:      2.441 deg
Next calculation will be the dimer endpoint after rotation
dl-find/turbomole/=============================== Tstep:  118.8 Ttot:133780.3 ==
eandg
Spin: 
 Energy calculation finished, energy: -2.138681390E+03
Curvature at dimer midpoint after rotation    -0.00301
Curvature at dimer minimum                    -0.00328
Actual dimer rotation angle:         0.098 deg
Dimer rotation converged after    1 steps
Writing TS-mode
Curvature after dimer rotation:               -0.00328
Frequency of transition mode  -294.555 cm^-1 (negative value denotes imaginary frequency)
Crossover temperature for tunnelling       67.44973 K
Restarting L-BFGS optimiser, instance: dimer rotation
Next calculation will be the dimer  midpoint
dl-find/turbomole/=============================== Tstep:   58.8 Ttot:133839.1 ==
eandg
Spin: 
 Energy calculation finished, energy: -2.138681392E+03
Testing convergence of dimer midpoint in cycle  411
    Energy  1.8690E-06 Target: 1.0000E-06 converged?   no
  Max step  3.7946E-03 Target: 1.8000E-03 converged?   no component   196
  RMS step  9.8684E-04 Target: 1.2000E-03 converged?  yes
  Max grad  1.5435E-04 Target: 4.5000E-04 converged?  yes component    90
  RMS grad  3.4200E-05 Target: 3.0000E-04 converged?  yes
Next calculation will be the dimer endpoint before rotation
dl-find/turbomole/=============================== Tstep:  123.5 Ttot:133962.6 ==
eandg
Spin: 
 Energy calculation finished, energy: -2.138681392E+03
Curvature at dimer midpoint                   -0.00329
Predicted dimer rotation angle:      3.022 deg
Next calculation will be the dimer endpoint after rotation
dl-find/turbomole/=============================== Tstep:  115.7 Ttot:134078.3 ==
eandg
Spin: 
 Energy calculation finished, energy: -2.138681392E+03
Curvature at dimer midpoint after rotation    -0.00256
Curvature at dimer minimum                    -0.00329
Actual dimer rotation angle:         0.073 deg
Dimer rotation converged after    1 steps
Writing TS-mode
Curvature after dimer rotation:               -0.00329
Frequency of transition mode  -294.751 cm^-1 (negative value denotes imaginary frequency)
Crossover temperature for tunnelling       67.49448 K
Restarting L-BFGS optimiser, instance: dimer rotation
Next calculation will be the dimer  midpoint
dl-find/turbomole/=============================== Tstep:   60.4 Ttot:134138.6 ==
eandg
Spin: 
 Energy calculation finished, energy: -2.138681395E+03
Testing convergence of dimer midpoint in cycle  412
    Energy  2.5150E-06 Target: 1.0000E-06 converged?   no
  Max step  1.1613E-02 Target: 1.8000E-03 converged?   no component   102
  RMS step  3.3039E-03 Target: 1.2000E-03 converged?   no
  Max grad  1.8608E-04 Target: 4.5000E-04 converged?  yes component    90
  RMS grad  4.5776E-05 Target: 3.0000E-04 converged?  yes
Next calculation will be the dimer endpoint before rotation
dl-find/turbomole/=============================== Tstep:  125.2 Ttot:134263.9 ==
eandg
Spin: 
 Energy calculation finished, energy: -2.138681395E+03
Curvature at dimer midpoint                   -0.00329
Predicted dimer rotation angle:      2.230 deg
Next calculation will be the dimer endpoint after rotation
dl-find/turbomole/=============================== Tstep:  117.7 Ttot:134381.5 ==
eandg
Spin: 
 Energy calculation finished, energy: -2.138681395E+03
Curvature at dimer midpoint after rotation    -0.00308
Curvature at dimer minimum                    -0.00329
Actual dimer rotation angle:         0.099 deg
Dimer rotation converged after    1 steps
Writing TS-mode
Curvature after dimer rotation:               -0.00329
Frequency of transition mode  -294.782 cm^-1 (negative value denotes imaginary frequency)
Crossover temperature for tunnelling       67.50179 K
Restarting L-BFGS optimiser, instance: dimer rotation
Next calculation will be the dimer  midpoint
dl-find/turbomole/=============================== Tstep:   79.1 Ttot:134460.6 ==
eandg
Spin: 
 Energy calculation finished, energy: -2.138681393E+03
Testing convergence of dimer midpoint in cycle  413
    Energy  2.1010E-06 Target: 1.0000E-06 converged?   no
  Max step  3.8752E-02 Target: 1.8000E-03 converged?   no component    34
  RMS step  1.0484E-02 Target: 1.2000E-03 converged?   no
  Max grad  3.6910E-04 Target: 4.5000E-04 converged?  yes component    75
  RMS grad  9.2938E-05 Target: 3.0000E-04 converged?  yes
Next calculation will be the dimer endpoint before rotation
dl-find/turbomole/=============================== Tstep:  128.0 Ttot:134588.6 ==
eandg
Spin: 
 Energy calculation finished, energy: -2.138681392E+03
Curvature at dimer midpoint                   -0.00330
Predicted dimer rotation angle:      3.132 deg
Next calculation will be the dimer endpoint after rotation
dl-find/turbomole/=============================== Tstep:  118.0 Ttot:134706.6 ==
eandg
Spin: 
 Energy calculation finished, energy: -2.138681392E+03
Curvature at dimer midpoint after rotation    -0.00253
Curvature at dimer minimum                    -0.00330
Actual dimer rotation angle:         0.076 deg
Dimer rotation converged after    1 steps
Writing TS-mode
Curvature after dimer rotation:               -0.00330
Frequency of transition mode  -295.130 cm^-1 (negative value denotes imaginary frequency)
Crossover temperature for tunnelling       67.58140 K
Restarting L-BFGS optimiser, instance: dimer rotation
Next calculation will be the dimer  midpoint
dl-find/turbomole/=============================== Tstep:   79.9 Ttot:134786.5 ==
eandg
Spin: 
 Energy calculation finished, energy: -2.138681392E+03
Testing convergence of dimer midpoint in cycle  414
    Energy  3.7600E-07 Target: 1.0000E-06 converged?  yes
  Max step  3.4017E-02 Target: 1.8000E-03 converged?   no component    34
  RMS step  7.8436E-03 Target: 1.2000E-03 converged?   no
  Max grad  1.5915E-04 Target: 4.5000E-04 converged?  yes component    59
  RMS grad  4.6951E-05 Target: 3.0000E-04 converged?  yes
Next calculation will be the dimer endpoint before rotation
dl-find/turbomole/=============================== Tstep:  120.1 Ttot:134906.5 ==
eandg
Spin: 
 Energy calculation finished, energy: -2.138681392E+03
Curvature at dimer midpoint                   -0.00329
Predicted dimer rotation angle:      2.295 deg
Next calculation will be the dimer endpoint after rotation
dl-find/turbomole/=============================== Tstep:  117.2 Ttot:135023.7 ==
eandg
Spin: 
 Energy calculation finished, energy: -2.138681392E+03
Curvature at dimer midpoint after rotation    -0.00304
Curvature at dimer minimum                    -0.00329
Actual dimer rotation angle:         0.090 deg
Dimer rotation converged after    1 steps
Writing TS-mode
Curvature after dimer rotation:               -0.00329
Frequency of transition mode  -294.798 cm^-1 (negative value denotes imaginary frequency)
Crossover temperature for tunnelling       67.50528 K
Restarting L-BFGS optimiser, instance: dimer rotation
Next calculation will be the dimer  midpoint
dl-find/turbomole/=============================== Tstep:   79.8 Ttot:135103.5 ==
eandg
Spin: 
 Energy calculation finished, energy: -2.138681376E+03
Testing convergence of dimer midpoint in cycle  415
    Energy  1.6439E-05 Target: 1.0000E-06 converged?   no
  Max step  2.7601E-02 Target: 1.8000E-03 converged?   no component    34
  RMS step  6.0217E-03 Target: 1.2000E-03 converged?   no
  Max grad  1.2004E-04 Target: 4.5000E-04 converged?  yes component    59
  RMS grad  3.6883E-05 Target: 3.0000E-04 converged?  yes
Next calculation will be the dimer endpoint before rotation
dl-find/turbomole/=============================== Tstep:  123.3 Ttot:135226.7 ==
eandg
Spin: 
 Energy calculation finished, energy: -2.138681376E+03
Curvature at dimer midpoint                   -0.00328
Predicted dimer rotation angle:      2.767 deg
Next calculation will be the dimer endpoint after rotation
dl-find/turbomole/=============================== Tstep:  117.0 Ttot:135343.7 ==
eandg
Spin: 
 Energy calculation finished, energy: -2.138681376E+03
Curvature at dimer midpoint after rotation    -0.00270
Curvature at dimer minimum                    -0.00328
Actual dimer rotation angle:         0.069 deg
Dimer rotation converged after    1 steps
Writing TS-mode
Curvature after dimer rotation:               -0.00328
Frequency of transition mode  -294.607 cm^-1 (negative value denotes imaginary frequency)
Crossover temperature for tunnelling       67.46163 K
Restarting L-BFGS optimiser, instance: dimer rotation
Next calculation will be the dimer  midpoint
dl-find/turbomole/=============================== Tstep:   79.9 Ttot:135423.6 ==
eandg
Spin: 
 Energy calculation finished, energy: -2.138681376E+03
Testing convergence of dimer midpoint in cycle  416
    Energy  3.0000E-09 Target: 1.0000E-06 converged?  yes
  Max step  2.8841E-02 Target: 1.8000E-03 converged?   no component    34
  RMS step  6.1267E-03 Target: 1.2000E-03 converged?   no
  Max grad  1.4142E-04 Target: 4.5000E-04 converged?  yes component    75
  RMS grad  4.5887E-05 Target: 3.0000E-04 converged?  yes
Next calculation will be the dimer endpoint before rotation
dl-find/turbomole/=============================== Tstep:  123.7 Ttot:135547.3 ==
eandg
Spin: 
 Energy calculation finished, energy: -2.138681376E+03
Curvature at dimer midpoint                   -0.00328
Predicted dimer rotation angle:      2.184 deg
Next calculation will be the dimer endpoint after rotation
dl-find/turbomole/=============================== Tstep:  117.0 Ttot:135664.3 ==
eandg
Spin: 
 Energy calculation finished, energy: -2.138681376E+03
Curvature at dimer midpoint after rotation    -0.00307
Curvature at dimer minimum                    -0.00328
Actual dimer rotation angle:         0.088 deg
Dimer rotation converged after    1 steps
Writing TS-mode
Curvature after dimer rotation:               -0.00328
Frequency of transition mode  -294.584 cm^-1 (negative value denotes imaginary frequency)
Crossover temperature for tunnelling       67.45643 K
Restarting L-BFGS optimiser, instance: dimer rotation
Next calculation will be the dimer  midpoint
dl-find/turbomole/=============================== Tstep:   80.0 Ttot:135744.2 ==
eandg
Spin: 
 Energy calculation finished, energy: -2.138681374E+03
Testing convergence of dimer midpoint in cycle  417
    Energy  1.9580E-06 Target: 1.0000E-06 converged?   no
  Max step  3.2487E-02 Target: 1.8000E-03 converged?   no component    34
  RMS step  6.8307E-03 Target: 1.2000E-03 converged?   no
  Max grad  2.6483E-04 Target: 4.5000E-04 converged?  yes component    66
  RMS grad  7.0424E-05 Target: 3.0000E-04 converged?  yes
Next calculation will be the dimer endpoint before rotation
dl-find/turbomole/=============================== Tstep:  126.6 Ttot:135870.9 ==
eandg
Spin: 
 Energy calculation finished, energy: -2.138681374E+03
Curvature at dimer midpoint                   -0.00329
Predicted dimer rotation angle:      2.718 deg
Next calculation will be the dimer endpoint after rotation
dl-find/turbomole/=============================== Tstep:  117.5 Ttot:135988.3 ==
eandg
Spin: 
 Energy calculation finished, energy: -2.138681374E+03
Curvature at dimer midpoint after rotation    -0.00273
Curvature at dimer minimum                    -0.00329
Actual dimer rotation angle:         0.068 deg
Dimer rotation converged after    1 steps
Writing TS-mode
Curvature after dimer rotation:               -0.00329
Frequency of transition mode  -294.796 cm^-1 (negative value denotes imaginary frequency)
Crossover temperature for tunnelling       67.50484 K
Restarting L-BFGS optimiser, instance: dimer rotation
Next calculation will be the dimer  midpoint
dl-find/turbomole/=============================== Tstep:   80.6 Ttot:136069.0 ==
eandg
Spin: 
 Energy calculation finished, energy: -2.138681370E+03
Testing convergence of dimer midpoint in cycle  418
    Energy  4.3220E-06 Target: 1.0000E-06 converged?   no
  Max step  3.8846E-02 Target: 1.8000E-03 converged?   no component    34
  RMS step  8.2076E-03 Target: 1.2000E-03 converged?   no
  Max grad  1.5850E-04 Target: 4.5000E-04 converged?  yes component    11
  RMS grad  4.5572E-05 Target: 3.0000E-04 converged?  yes
Next calculation will be the dimer endpoint before rotation
dl-find/turbomole/=============================== Tstep:  126.4 Ttot:136195.4 ==
eandg
Spin: 
 Energy calculation finished, energy: -2.138681370E+03
Curvature at dimer midpoint                   -0.00329
Predicted dimer rotation angle:      2.172 deg
Next calculation will be the dimer endpoint after rotation
dl-find/turbomole/=============================== Tstep:  119.7 Ttot:136315.1 ==
eandg
Spin: 
 Energy calculation finished, energy: -2.138681370E+03
Curvature at dimer midpoint after rotation    -0.00308
Curvature at dimer minimum                    -0.00329
Actual dimer rotation angle:         0.089 deg
Dimer rotation converged after    1 steps
Writing TS-mode
Curvature after dimer rotation:               -0.00329
Frequency of transition mode  -294.843 cm^-1 (negative value denotes imaginary frequency)
Crossover temperature for tunnelling       67.51555 K
Restarting L-BFGS optimiser, instance: dimer rotation
Next calculation will be the dimer  midpoint
dl-find/turbomole/=============================== Tstep:   76.1 Ttot:136391.2 ==
eandg
Spin: 
 Energy calculation finished, energy: -2.138681371E+03
Testing convergence of dimer midpoint in cycle  419
    Energy  9.5100E-07 Target: 1.0000E-06 converged?  yes
  Max step  7.8661E-03 Target: 1.8000E-03 converged?   no component   102
  RMS step  2.1378E-03 Target: 1.2000E-03 converged?   no
  Max grad  1.0818E-04 Target: 4.5000E-04 converged?  yes component    11
  RMS grad  3.6961E-05 Target: 3.0000E-04 converged?  yes
Next calculation will be the dimer endpoint before rotation
dl-find/turbomole/=============================== Tstep:   90.0 Ttot:136481.2 ==
eandg
Spin: 
 Energy calculation finished, energy: -2.138681371E+03
Curvature at dimer midpoint                   -0.00315
Predicted dimer rotation angle:      3.532 deg
Next calculation will be the dimer endpoint after rotation
dl-find/turbomole/=============================== Tstep:  115.2 Ttot:136596.4 ==
eandg
Spin: 
 Energy calculation finished, energy: -2.138681372E+03
Curvature at dimer midpoint after rotation    -0.00241
Curvature at dimer minimum                    -0.00315
Actual dimer rotation angle:         0.108 deg
Dimer rotation converged after    1 steps
Writing TS-mode
Curvature after dimer rotation:               -0.00315
Frequency of transition mode  -288.331 cm^-1 (negative value denotes imaginary frequency)
Crossover temperature for tunnelling       66.02439 K
Restarting L-BFGS optimiser, instance: dimer rotation
Next calculation will be the dimer  midpoint
dl-find/turbomole/=============================== Tstep:   83.6 Ttot:136680.0 ==
eandg
Spin: 
 Energy calculation finished, energy: -2.138681368E+03
Testing convergence of dimer midpoint in cycle  420
    Energy  2.7790E-06 Target: 1.0000E-06 converged?   no
  Max step  1.2081E-02 Target: 1.8000E-03 converged?   no component    34
  RMS step  3.1912E-03 Target: 1.2000E-03 converged?   no
  Max grad  2.5188E-04 Target: 4.5000E-04 converged?  yes component   123
  RMS grad  6.2496E-05 Target: 3.0000E-04 converged?  yes
Next calculation will be the dimer endpoint before rotation
dl-find/turbomole/=============================== Tstep:  117.9 Ttot:136797.8 ==
eandg
Spin: 
 Energy calculation finished, energy: -2.138681368E+03
Curvature at dimer midpoint                   -0.00331
Predicted dimer rotation angle:      3.134 deg
Next calculation will be the dimer endpoint after rotation
dl-find/turbomole/=============================== Tstep:  113.0 Ttot:136910.8 ==
eandg
Spin: 
 Energy calculation finished, energy: -2.138681368E+03
Curvature at dimer midpoint after rotation    -0.00249
Curvature at dimer minimum                    -0.00331
Actual dimer rotation angle:         0.073 deg
Dimer rotation converged after    1 steps
Writing TS-mode
Curvature after dimer rotation:               -0.00331
Frequency of transition mode  -295.748 cm^-1 (negative value denotes imaginary frequency)
Crossover temperature for tunnelling       67.72277 K
Restarting L-BFGS optimiser, instance: dimer rotation
Next calculation will be the dimer  midpoint
dl-find/turbomole/=============================== Tstep:   89.9 Ttot:137000.7 ==
eandg
Spin: 
 Energy calculation finished, energy: -2.138681375E+03
Testing convergence of dimer midpoint in cycle  421
    Energy  7.4900E-06 Target: 1.0000E-06 converged?   no
  Max step  4.5759E-03 Target: 1.8000E-03 converged?   no component   240
  RMS step  1.3382E-03 Target: 1.2000E-03 converged?   no
  Max grad  1.6586E-04 Target: 4.5000E-04 converged?  yes component   244
  RMS grad  4.6161E-05 Target: 3.0000E-04 converged?  yes
Next calculation will be the dimer endpoint before rotation
dl-find/turbomole/=============================== Tstep:  120.2 Ttot:137120.9 ==
eandg
Spin: 
 Energy calculation finished, energy: -2.138681375E+03
Curvature at dimer midpoint                   -0.00332
Predicted dimer rotation angle:      2.006 deg
Next calculation will be the dimer endpoint after rotation
dl-find/turbomole/=============================== Tstep:  117.2 Ttot:137238.1 ==
eandg
Spin: 
 Energy calculation finished, energy: -2.138681376E+03
Curvature at dimer midpoint after rotation    -0.00313
Curvature at dimer minimum                    -0.00332
Actual dimer rotation angle:         0.080 deg
Dimer rotation converged after    1 steps
Writing TS-mode
Curvature after dimer rotation:               -0.00332
Frequency of transition mode  -296.201 cm^-1 (negative value denotes imaginary frequency)
Crossover temperature for tunnelling       67.82669 K
Restarting L-BFGS optimiser, instance: dimer rotation
Next calculation will be the dimer  midpoint
dl-find/turbomole/=============================== Tstep:   76.0 Ttot:137314.1 ==
eandg
Spin: 
 Energy calculation finished, energy: -2.138681376E+03
Testing convergence of dimer midpoint in cycle  422
    Energy  7.5800E-07 Target: 1.0000E-06 converged?  yes
  Max step  2.4633E-02 Target: 1.8000E-03 converged?   no component    34
  RMS step  5.7505E-03 Target: 1.2000E-03 converged?   no
  Max grad  1.6725E-04 Target: 4.5000E-04 converged?  yes component    98
  RMS grad  4.4078E-05 Target: 3.0000E-04 converged?  yes
Next calculation will be the dimer endpoint before rotation
dl-find/turbomole/=============================== Tstep:  122.4 Ttot:137436.5 ==
eandg
Spin: 
 Energy calculation finished, energy: -2.138681376E+03
Curvature at dimer midpoint                   -0.00332
Predicted dimer rotation angle:      2.397 deg
Next calculation will be the dimer endpoint after rotation
dl-find/turbomole/=============================== Tstep:  117.4 Ttot:137553.9 ==
eandg
Spin: 
 Energy calculation finished, energy: -2.138681376E+03
Curvature at dimer midpoint after rotation    -0.00290
Curvature at dimer minimum                    -0.00332
Actual dimer rotation angle:         0.063 deg
Dimer rotation converged after    1 steps
Writing TS-mode
Curvature after dimer rotation:               -0.00332
Frequency of transition mode  -296.294 cm^-1 (negative value denotes imaginary frequency)
Crossover temperature for tunnelling       67.84790 K
Restarting L-BFGS optimiser, instance: dimer rotation
Next calculation will be the dimer  midpoint
dl-find/turbomole/=============================== Tstep:   84.2 Ttot:137638.1 ==
eandg
Spin: 
 Energy calculation finished, energy: -2.138681375E+03
Testing convergence of dimer midpoint in cycle  423
    Energy  1.1170E-06 Target: 1.0000E-06 converged?   no
  Max step  4.5527E-02 Target: 1.8000E-03 converged?   no component    34
  RMS step  1.0880E-02 Target: 1.2000E-03 converged?   no
  Max grad  2.4876E-04 Target: 4.5000E-04 converged?  yes component   123
  RMS grad  5.5335E-05 Target: 3.0000E-04 converged?  yes
Next calculation will be the dimer endpoint before rotation
dl-find/turbomole/=============================== Tstep:  124.9 Ttot:137763.0 ==
eandg
Spin: 
 Energy calculation finished, energy: -2.138681375E+03
Curvature at dimer midpoint                   -0.00332
Predicted dimer rotation angle:      2.042 deg
Next calculation will be the dimer endpoint after rotation
dl-find/turbomole/=============================== Tstep:  119.2 Ttot:137882.2 ==
eandg
Spin: 
 Energy calculation finished, energy: -2.138681375E+03
Curvature at dimer midpoint after rotation    -0.00311
Curvature at dimer minimum                    -0.00332
Actual dimer rotation angle:         0.077 deg
Dimer rotation converged after    1 steps
Writing TS-mode
Curvature after dimer rotation:               -0.00332
Frequency of transition mode  -296.142 cm^-1 (negative value denotes imaginary frequency)
Crossover temperature for tunnelling       67.81319 K
Restarting L-BFGS optimiser, instance: dimer rotation
Next calculation will be the dimer  midpoint
dl-find/turbomole/=============================== Tstep:   64.2 Ttot:137946.4 ==
eandg
Spin: 
 Energy calculation finished, energy: -2.138681364E+03
Testing convergence of dimer midpoint in cycle  424
    Energy  1.0948E-05 Target: 1.0000E-06 converged?   no
  Max step  4.6151E-02 Target: 1.8000E-03 converged?   no component    34
  RMS step  1.0446E-02 Target: 1.2000E-03 converged?   no
  Max grad  3.2599E-04 Target: 4.5000E-04 converged?  yes component    63
  RMS grad  7.2477E-05 Target: 3.0000E-04 converged?  yes
Next calculation will be the dimer endpoint before rotation
dl-find/turbomole/=============================== Tstep:  132.2 Ttot:138078.6 ==
eandg
Spin: 
 Energy calculation finished, energy: -2.138681364E+03
Curvature at dimer midpoint                   -0.00333
Predicted dimer rotation angle:      2.347 deg
Next calculation will be the dimer endpoint after rotation
dl-find/turbomole/=============================== Tstep:  117.2 Ttot:138195.8 ==
eandg
Spin: 
 Energy calculation finished, energy: -2.138681364E+03
Curvature at dimer midpoint after rotation    -0.00296
Curvature at dimer minimum                    -0.00333
Actual dimer rotation angle:         0.067 deg
Dimer rotation converged after    1 steps
Writing TS-mode
Curvature after dimer rotation:               -0.00333
Frequency of transition mode  -296.498 cm^-1 (negative value denotes imaginary frequency)
Crossover temperature for tunnelling       67.89457 K
Restarting L-BFGS optimiser, instance: dimer rotation
Next calculation will be the dimer  midpoint
dl-find/turbomole/=============================== Tstep:   80.8 Ttot:138276.6 ==
eandg
Spin: 
 Energy calculation finished, energy: -2.138681358E+03
Testing convergence of dimer midpoint in cycle  425
    Energy  6.0880E-06 Target: 1.0000E-06 converged?   no
  Max step  5.7207E-03 Target: 1.8000E-03 converged?   no component   230
  RMS step  1.6323E-03 Target: 1.2000E-03 converged?   no
  Max grad  1.7416E-04 Target: 4.5000E-04 converged?  yes component    63
  RMS grad  4.6340E-05 Target: 3.0000E-04 converged?  yes
Next calculation will be the dimer endpoint before rotation
dl-find/turbomole/=============================== Tstep:  117.0 Ttot:138393.5 ==
eandg
Spin: 
 Energy calculation finished, energy: -2.138681358E+03
Curvature at dimer midpoint                   -0.00332
Predicted dimer rotation angle:      2.068 deg
Next calculation will be the dimer endpoint after rotation
dl-find/turbomole/=============================== Tstep:  113.8 Ttot:138507.4 ==
eandg
Spin: 
 Energy calculation finished, energy: -2.138681358E+03
Curvature at dimer midpoint after rotation    -0.00307
Curvature at dimer minimum                    -0.00332
Actual dimer rotation angle:         0.067 deg
Dimer rotation converged after    1 steps
Writing TS-mode
Curvature after dimer rotation:               -0.00332
Frequency of transition mode  -296.286 cm^-1 (negative value denotes imaginary frequency)
Crossover temperature for tunnelling       67.84599 K
Restarting L-BFGS optimiser, instance: dimer rotation
Next calculation will be the dimer  midpoint
dl-find/turbomole/=============================== Tstep:   79.7 Ttot:138587.0 ==
eandg
Spin: 
 Energy calculation finished, energy: -2.138681361E+03
Testing convergence of dimer midpoint in cycle  426
    Energy  3.5360E-06 Target: 1.0000E-06 converged?   no
  Max step  1.3288E-02 Target: 1.8000E-03 converged?   no component   230
  RMS step  3.8731E-03 Target: 1.2000E-03 converged?   no
  Max grad  1.5612E-04 Target: 4.5000E-04 converged?  yes component    68
  RMS grad  4.2610E-05 Target: 3.0000E-04 converged?  yes
Next calculation will be the dimer endpoint before rotation
dl-find/turbomole/=============================== Tstep:  127.6 Ttot:138714.6 ==
eandg
Spin: 
 Energy calculation finished, energy: -2.138681362E+03
Curvature at dimer midpoint                   -0.00333
Predicted dimer rotation angle:      2.202 deg
Next calculation will be the dimer endpoint after rotation
dl-find/turbomole/=============================== Tstep:  114.9 Ttot:138829.4 ==
eandg
Spin: 
 Energy calculation finished, energy: -2.138681362E+03
Curvature at dimer midpoint after rotation    -0.00304
Curvature at dimer minimum                    -0.00333
Actual dimer rotation angle:         0.070 deg
Dimer rotation converged after    1 steps
Writing TS-mode
Curvature after dimer rotation:               -0.00333
Frequency of transition mode  -296.848 cm^-1 (negative value denotes imaginary frequency)
Crossover temperature for tunnelling       67.97480 K
Restarting L-BFGS optimiser, instance: dimer rotation
Next calculation will be the dimer  midpoint
dl-find/turbomole/=============================== Tstep:   65.4 Ttot:138894.9 ==
eandg
Spin: 
 Energy calculation finished, energy: -2.138681360E+03
Testing convergence of dimer midpoint in cycle  427
    Energy  1.1470E-06 Target: 1.0000E-06 converged?   no
  Max step  6.9389E-03 Target: 1.8000E-03 converged?   no component   166
  RMS step  2.2064E-03 Target: 1.2000E-03 converged?   no
  Max grad  1.5704E-04 Target: 4.5000E-04 converged?  yes component    75
  RMS grad  4.7170E-05 Target: 3.0000E-04 converged?  yes
Next calculation will be the dimer endpoint before rotation
dl-find/turbomole/=============================== Tstep:  125.5 Ttot:139020.4 ==
eandg
Spin: 
 Energy calculation finished, energy: -2.138681361E+03
Curvature at dimer midpoint                   -0.00334
Predicted dimer rotation angle:      2.185 deg
Next calculation will be the dimer endpoint after rotation
dl-find/turbomole/=============================== Tstep:  117.9 Ttot:139138.3 ==
eandg
Spin: 
 Energy calculation finished, energy: -2.138681361E+03
Curvature at dimer midpoint after rotation    -0.00306
Curvature at dimer minimum                    -0.00334
Actual dimer rotation angle:         0.071 deg
Dimer rotation converged after    1 steps
Writing TS-mode
Curvature after dimer rotation:               -0.00334
Frequency of transition mode  -297.108 cm^-1 (negative value denotes imaginary frequency)
Crossover temperature for tunnelling       68.03439 K
Restarting L-BFGS optimiser, instance: dimer rotation
Next calculation will be the dimer  midpoint
dl-find/turbomole/=============================== Tstep:   82.8 Ttot:139221.2 ==
eandg
Spin: 
 Energy calculation finished, energy: -2.138681349E+03
Testing convergence of dimer midpoint in cycle  428
    Energy  1.1078E-05 Target: 1.0000E-06 converged?   no
  Max step  2.7830E-02 Target: 1.8000E-03 converged?   no component   230
  RMS step  8.2471E-03 Target: 1.2000E-03 converged?   no
  Max grad  4.0391E-04 Target: 4.5000E-04 converged?  yes component    55
  RMS grad  8.1617E-05 Target: 3.0000E-04 converged?  yes
Next calculation will be the dimer endpoint before rotation
dl-find/turbomole/=============================== Tstep:  129.5 Ttot:139350.7 ==
eandg
Spin: 
 Energy calculation finished, energy: -2.138681353E+03
Curvature at dimer midpoint                   -0.00332
Predicted dimer rotation angle:      3.252 deg
Next calculation will be the dimer endpoint after rotation
dl-find/turbomole/=============================== Tstep:  117.8 Ttot:139468.5 ==
eandg
Spin: 
 Energy calculation finished, energy: -2.138681353E+03
Curvature at dimer midpoint after rotation    -0.00283
Curvature at dimer minimum                    -0.00332
Actual dimer rotation angle:         0.130 deg
Dimer rotation converged after    1 steps
Writing TS-mode
Curvature after dimer rotation:               -0.00332
Frequency of transition mode  -296.403 cm^-1 (negative value denotes imaginary frequency)
Crossover temperature for tunnelling       67.87292 K
Restarting L-BFGS optimiser, instance: dimer rotation
Next calculation will be the dimer  midpoint
dl-find/turbomole/=============================== Tstep:   90.1 Ttot:139558.6 ==
eandg
Spin: 
 Energy calculation finished, energy: -2.138681356E+03
Testing convergence of dimer midpoint in cycle  429
    Energy  6.9370E-06 Target: 1.0000E-06 converged?   no
  Max step  8.3812E-03 Target: 1.8000E-03 converged?   no component    39
  RMS step  2.1139E-03 Target: 1.2000E-03 converged?   no
  Max grad  1.6322E-04 Target: 4.5000E-04 converged?  yes component   253
  RMS grad  4.0944E-05 Target: 3.0000E-04 converged?  yes
Next calculation will be the dimer endpoint before rotation
dl-find/turbomole/=============================== Tstep:  118.5 Ttot:139677.1 ==
eandg
Spin: 
 Energy calculation finished, energy: -2.138681357E+03
Curvature at dimer midpoint                   -0.00334
Predicted dimer rotation angle:      3.393 deg
Next calculation will be the dimer endpoint after rotation
dl-find/turbomole/=============================== Tstep:  114.8 Ttot:139791.9 ==
eandg
Spin: 
 Energy calculation finished, energy: -2.138681357E+03
Curvature at dimer midpoint after rotation    -0.00229
Curvature at dimer minimum                    -0.00334
Actual dimer rotation angle:         0.073 deg
Dimer rotation converged after    1 steps
Writing TS-mode
Curvature after dimer rotation:               -0.00334
Frequency of transition mode  -296.893 cm^-1 (negative value denotes imaginary frequency)
Crossover temperature for tunnelling       67.98509 K
Restarting L-BFGS optimiser, instance: dimer rotation
Next calculation will be the dimer  midpoint
dl-find/turbomole/=============================== Tstep:   82.4 Ttot:139874.3 ==
eandg
Spin: 
 Energy calculation finished, energy: -2.138681357E+03
Testing convergence of dimer midpoint in cycle  430
    Energy  8.0100E-07 Target: 1.0000E-06 converged?  yes
  Max step  1.1748E-02 Target: 1.8000E-03 converged?   no component    34
  RMS step  2.5651E-03 Target: 1.2000E-03 converged?   no
  Max grad  1.5615E-04 Target: 4.5000E-04 converged?  yes component   253
  RMS grad  4.2084E-05 Target: 3.0000E-04 converged?  yes
Next calculation will be the dimer endpoint before rotation
dl-find/turbomole/=============================== Tstep:  122.1 Ttot:139996.4 ==
eandg
Spin: 
 Energy calculation finished, energy: -2.138681357E+03
Curvature at dimer midpoint                   -0.00334
Predicted dimer rotation angle:      1.811 deg
Dimer rotation converged after    0 steps
Writing TS-mode
Curvature after dimer rotation:               -0.00334
Frequency of transition mode  -297.121 cm^-1 (negative value denotes imaginary frequency)
Crossover temperature for tunnelling       68.03722 K
Restarting L-BFGS optimiser, instance: dimer rotation
Next calculation will be the dimer  midpoint
dl-find/turbomole/=============================== Tstep:  118.4 Ttot:140114.8 ==
eandg
Spin: 
 Energy calculation finished, energy: -2.138681368E+03
Testing convergence of dimer midpoint in cycle  431
    Energy  1.1394E-05 Target: 1.0000E-06 converged?   no
  Max step  1.8504E-02 Target: 1.8000E-03 converged?   no component    34
  RMS step  4.8827E-03 Target: 1.2000E-03 converged?   no
  Max grad  2.1181E-04 Target: 4.5000E-04 converged?  yes component    83
  RMS grad  5.0446E-05 Target: 3.0000E-04 converged?  yes
Next calculation will be the dimer endpoint before rotation
dl-find/turbomole/=============================== Tstep:  118.3 Ttot:140233.1 ==
eandg
Spin: 
 Energy calculation finished, energy: -2.138681369E+03
Curvature at dimer midpoint                   -0.00333
Predicted dimer rotation angle:      1.960 deg
Dimer rotation converged after    0 steps
Writing TS-mode
Curvature after dimer rotation:               -0.00333
Frequency of transition mode  -296.523 cm^-1 (negative value denotes imaginary frequency)
Crossover temperature for tunnelling       67.90037 K
Restarting L-BFGS optimiser, instance: dimer rotation
Next calculation will be the dimer  midpoint
dl-find/turbomole/=============================== Tstep:  117.5 Ttot:140350.6 ==
eandg
Spin: 
 Energy calculation finished, energy: -2.138681417E+03
Testing convergence of dimer midpoint in cycle  432
    Energy  4.8357E-05 Target: 1.0000E-06 converged?   no
  Max step  3.1985E-02 Target: 1.8000E-03 converged?   no component    34
  RMS step  9.3120E-03 Target: 1.2000E-03 converged?   no
  Max grad  7.0733E-04 Target: 4.5000E-04 converged?   no component    83
  RMS grad  1.1373E-04 Target: 3.0000E-04 converged?  yes
Next calculation will be the dimer endpoint before rotation
dl-find/turbomole/=============================== Tstep:  105.7 Ttot:140456.3 ==
eandg
Spin: 
 Energy calculation finished, energy: -2.138681417E+03
Curvature at dimer midpoint                   -0.00325
Predicted dimer rotation angle:      2.457 deg
Next calculation will be the dimer endpoint after rotation
dl-find/turbomole/=============================== Tstep:  118.3 Ttot:140574.6 ==
eandg
Spin: 
 Energy calculation finished, energy: -2.138681417E+03
Curvature at dimer midpoint after rotation    -0.00303
Curvature at dimer minimum                    -0.00325
Actual dimer rotation angle:         0.120 deg
Dimer rotation converged after    1 steps
Writing TS-mode
Curvature after dimer rotation:               -0.00325
Frequency of transition mode  -292.973 cm^-1 (negative value denotes imaginary frequency)
Crossover temperature for tunnelling       67.08739 K
Restarting L-BFGS optimiser, instance: dimer rotation
Next calculation will be the dimer  midpoint
dl-find/turbomole/=============================== Tstep:   87.0 Ttot:140661.7 ==
eandg
Spin: 
 Energy calculation finished, energy: -2.138681419E+03
Testing convergence of dimer midpoint in cycle  433
    Energy  2.3450E-06 Target: 1.0000E-06 converged?   no
  Max step  7.8261E-03 Target: 1.8000E-03 converged?   no component    39
  RMS step  2.4038E-03 Target: 1.2000E-03 converged?   no
  Max grad  1.8051E-04 Target: 4.5000E-04 converged?  yes component    55
  RMS grad  4.4701E-05 Target: 3.0000E-04 converged?  yes
Next calculation will be the dimer endpoint before rotation
dl-find/turbomole/=============================== Tstep:  115.5 Ttot:140777.2 ==
eandg
Spin: 
 Energy calculation finished, energy: -2.138681419E+03
Curvature at dimer midpoint                   -0.00332
Predicted dimer rotation angle:      2.835 deg
Next calculation will be the dimer endpoint after rotation
dl-find/turbomole/=============================== Tstep:  115.3 Ttot:140892.5 ==
eandg
Spin: 
 Energy calculation finished, energy: -2.138681419E+03
Curvature at dimer midpoint after rotation    -0.00259
Curvature at dimer minimum                    -0.00332
Actual dimer rotation angle:         0.060 deg
Dimer rotation converged after    1 steps
Writing TS-mode
Curvature after dimer rotation:               -0.00332
Frequency of transition mode  -296.192 cm^-1 (negative value denotes imaginary frequency)
Crossover temperature for tunnelling       67.82448 K
Restarting L-BFGS optimiser, instance: dimer rotation
Next calculation will be the dimer  midpoint
dl-find/turbomole/=============================== Tstep:   87.5 Ttot:140980.0 ==
eandg
Spin: 
 Energy calculation finished, energy: -2.138681422E+03
Testing convergence of dimer midpoint in cycle  434
    Energy  2.6740E-06 Target: 1.0000E-06 converged?   no
  Max step  8.6192E-03 Target: 1.8000E-03 converged?   no component    39
  RMS step  2.1741E-03 Target: 1.2000E-03 converged?   no
  Max grad  8.9338E-05 Target: 4.5000E-04 converged?  yes component    55
  RMS grad  3.2175E-05 Target: 3.0000E-04 converged?  yes
Next calculation will be the dimer endpoint before rotation
dl-find/turbomole/=============================== Tstep:  118.3 Ttot:141098.3 ==
eandg
Spin: 
 Energy calculation finished, energy: -2.138681422E+03
Curvature at dimer midpoint                   -0.00333
Predicted dimer rotation angle:      1.657 deg
Dimer rotation converged after    0 steps
Writing TS-mode
Curvature after dimer rotation:               -0.00333
Frequency of transition mode  -296.799 cm^-1 (negative value denotes imaginary frequency)
Crossover temperature for tunnelling       67.96357 K
Restarting L-BFGS optimiser, instance: dimer rotation
Next calculation will be the dimer  midpoint
dl-find/turbomole/=============================== Tstep:  118.3 Ttot:141216.6 ==
eandg
Spin: 
 Energy calculation finished, energy: -2.138681422E+03
Testing convergence of dimer midpoint in cycle  435
    Energy  1.1200E-07 Target: 1.0000E-06 converged?  yes
  Max step  1.2904E-02 Target: 1.8000E-03 converged?   no component    39
  RMS step  3.1426E-03 Target: 1.2000E-03 converged?   no
  Max grad  1.7831E-04 Target: 4.5000E-04 converged?  yes component    55
  RMS grad  3.7255E-05 Target: 3.0000E-04 converged?  yes
Next calculation will be the dimer endpoint before rotation
dl-find/turbomole/=============================== Tstep:  118.3 Ttot:141334.9 ==
eandg
Spin: 
 Energy calculation finished, energy: -2.138681422E+03
Curvature at dimer midpoint                   -0.00333
Predicted dimer rotation angle:      1.808 deg
Dimer rotation converged after    0 steps
Writing TS-mode
Curvature after dimer rotation:               -0.00333
Frequency of transition mode  -296.681 cm^-1 (negative value denotes imaginary frequency)
Crossover temperature for tunnelling       67.93653 K
Restarting L-BFGS optimiser, instance: dimer rotation
Next calculation will be the dimer  midpoint
dl-find/turbomole/=============================== Tstep:  118.0 Ttot:141452.8 ==
eandg
Spin: 
 Energy calculation finished, energy: -2.138681435E+03
Testing convergence of dimer midpoint in cycle  436
    Energy  1.3442E-05 Target: 1.0000E-06 converged?   no
  Max step  1.9955E-02 Target: 1.8000E-03 converged?   no component    39
  RMS step  4.7125E-03 Target: 1.2000E-03 converged?   no
  Max grad  2.1499E-04 Target: 4.5000E-04 converged?  yes component    55
  RMS grad  4.2338E-05 Target: 3.0000E-04 converged?  yes
Next calculation will be the dimer endpoint before rotation
dl-find/turbomole/=============================== Tstep:  123.6 Ttot:141576.4 ==
eandg
Spin: 
 Energy calculation finished, energy: -2.138681435E+03
Curvature at dimer midpoint                   -0.00332
Predicted dimer rotation angle:      2.004 deg
Next calculation will be the dimer endpoint after rotation
dl-find/turbomole/=============================== Tstep:  117.3 Ttot:141693.7 ==
eandg
Spin: 
 Energy calculation finished, energy: -2.138681435E+03
Curvature at dimer midpoint after rotation    -0.00312
Curvature at dimer minimum                    -0.00332
Actual dimer rotation angle:         0.076 deg
Dimer rotation converged after    1 steps
Writing TS-mode
Curvature after dimer rotation:               -0.00332
Frequency of transition mode  -296.242 cm^-1 (negative value denotes imaginary frequency)
Crossover temperature for tunnelling       67.83596 K
Restarting L-BFGS optimiser, instance: dimer rotation
Next calculation will be the dimer  midpoint
dl-find/turbomole/=============================== Tstep:   84.8 Ttot:141778.5 ==
eandg
Spin: 
 Energy calculation finished, energy: -2.138681429E+03
Testing convergence of dimer midpoint in cycle  437
    Energy  6.4250E-06 Target: 1.0000E-06 converged?   no
  Max step  4.8417E-02 Target: 1.8000E-03 converged?   no component    39
  RMS step  1.1798E-02 Target: 1.2000E-03 converged?   no
  Max grad  8.1641E-04 Target: 4.5000E-04 converged?   no component    83
  RMS grad  1.2308E-04 Target: 3.0000E-04 converged?  yes
Next calculation will be the dimer endpoint before rotation
dl-find/turbomole/=============================== Tstep:  137.3 Ttot:141915.9 ==
eandg
Spin: 
 Energy calculation finished, energy: -2.138681469E+03
Curvature at dimer midpoint                   -0.00376
Predicted dimer rotation angle:     33.619 deg
Next calculation will be the dimer endpoint after rotation
dl-find/turbomole/=============================== Tstep:  128.1 Ttot:142044.0 ==
eandg
Spin: 
 Energy calculation finished, energy: -2.138681467E+03
Curvature at dimer midpoint after rotation     0.02983
Curvature at dimer minimum                    -0.00435
Actual dimer rotation angle:         3.741 deg
Predicted dimer rotation angle:     28.054 deg
Next calculation will be the dimer endpoint after rotation
dl-find/turbomole/=============================== Tstep:  100.4 Ttot:142144.4 ==
eandg
Spin: 
 Energy calculation finished, energy: -2.138681469E+03
Curvature at dimer midpoint after rotation     0.01402
Curvature at dimer minimum                    -0.00415
Actual dimer rotation angle:         3.187 deg
Predicted dimer rotation angle:     13.884 deg
Next calculation will be the dimer endpoint after rotation
dl-find/turbomole/=============================== Tstep:  100.7 Ttot:142245.2 ==
eandg
Spin: 
 Energy calculation finished, energy: -2.138681469E+03
Curvature at dimer midpoint after rotation    -0.00028
Curvature at dimer minimum                    -0.00387
Actual dimer rotation angle:         1.482 deg
Dimer rotation converged after    3 steps
Writing TS-mode
Curvature after dimer rotation:               -0.00387
Frequency of transition mode  -319.871 cm^-1 (negative value denotes imaginary frequency)
Crossover temperature for tunnelling       73.24688 K
Restarting L-BFGS optimiser, instance: dimer rotation
Next calculation will be the dimer  midpoint
dl-find/turbomole/=============================== Tstep:   86.1 Ttot:142331.3 ==
eandg
Spin: 
 Energy calculation finished, energy: -2.138681431E+03
Testing convergence of dimer midpoint in cycle  438
    Energy  2.1900E-06 Target: 1.0000E-06 converged?   no
  Max step  6.3708E-03 Target: 1.8000E-03 converged?   no component    39
  RMS step  1.9080E-03 Target: 1.2000E-03 converged?   no
  Max grad  1.0955E-04 Target: 4.5000E-04 converged?  yes component   220
  RMS grad  3.0799E-05 Target: 3.0000E-04 converged?  yes
Next calculation will be the dimer endpoint before rotation
dl-find/turbomole/=============================== Tstep:  130.4 Ttot:142461.7 ==
eandg
Spin: 
 Energy calculation finished, energy: -2.138681431E+03
Curvature at dimer midpoint                   -0.00220
Predicted dimer rotation angle:     38.457 deg
Next calculation will be the dimer endpoint after rotation
dl-find/turbomole/=============================== Tstep:  117.2 Ttot:142578.8 ==
eandg
Spin: 
 Energy calculation finished, energy: -2.138681429E+03
Curvature at dimer midpoint after rotation     0.03558
Curvature at dimer minimum                    -0.00293
Actual dimer rotation angle:         4.425 deg
Predicted dimer rotation angle:     32.628 deg
Next calculation will be the dimer endpoint after rotation
dl-find/turbomole/=============================== Tstep:  112.0 Ttot:142690.9 ==
eandg
Spin: 
 Energy calculation finished, energy: -2.138681428E+03
Curvature at dimer midpoint after rotation     0.02900
Curvature at dimer minimum                    -0.00324
Actual dimer rotation angle:         2.802 deg
Predicted dimer rotation angle:     14.010 deg
Next calculation will be the dimer endpoint after rotation
dl-find/turbomole/=============================== Tstep:  101.9 Ttot:142792.8 ==
eandg
Spin: 
 Energy calculation finished, energy: -2.138681430E+03
Curvature at dimer midpoint after rotation     0.00136
Curvature at dimer minimum                    -0.00328
Actual dimer rotation angle:         1.070 deg
Dimer rotation converged after    3 steps
Writing TS-mode
Curvature after dimer rotation:               -0.00328
Frequency of transition mode  -294.207 cm^-1 (negative value denotes imaginary frequency)
Crossover temperature for tunnelling       67.36999 K
Restarting L-BFGS optimiser, instance: dimer rotation
Next calculation will be the dimer  midpoint
dl-find/turbomole/=============================== Tstep:  106.6 Ttot:142899.4 ==
eandg
Spin: 
 Energy calculation finished, energy: -2.138681434E+03
Testing convergence of dimer midpoint in cycle  439
    Energy  2.9370E-06 Target: 1.0000E-06 converged?   no
  Max step  1.8918E-03 Target: 1.8000E-03 converged?   no component   131
  RMS step  5.6106E-04 Target: 1.2000E-03 converged?  yes
  Max grad  8.5481E-05 Target: 4.5000E-04 converged?  yes component   220
  RMS grad  2.7352E-05 Target: 3.0000E-04 converged?  yes
Next calculation will be the dimer endpoint before rotation
dl-find/turbomole/=============================== Tstep:  119.0 Ttot:143018.4 ==
eandg
Spin: 
 Energy calculation finished, energy: -2.138681434E+03
Curvature at dimer midpoint                   -0.00327
Predicted dimer rotation angle:     15.320 deg
Next calculation will be the dimer endpoint after rotation
dl-find/turbomole/=============================== Tstep:  115.3 Ttot:143133.7 ==
eandg
Spin: 
 Energy calculation finished, energy: -2.138681431E+03
Curvature at dimer midpoint after rotation     0.01915
Curvature at dimer minimum                    -0.00329
Actual dimer rotation angle:         0.331 deg
Dimer rotation converged after    1 steps
Writing TS-mode
Curvature after dimer rotation:               -0.00329
Frequency of transition mode  -294.637 cm^-1 (negative value denotes imaginary frequency)
Crossover temperature for tunnelling       67.46847 K
Restarting L-BFGS optimiser, instance: dimer rotation
Next calculation will be the dimer  midpoint
dl-find/turbomole/=============================== Tstep:   99.5 Ttot:143233.2 ==
eandg
Spin: 
 Energy calculation finished, energy: -2.138681434E+03
Testing convergence of dimer midpoint in cycle  440
    Energy  2.8300E-07 Target: 1.0000E-06 converged?  yes
  Max step  1.0289E-02 Target: 1.8000E-03 converged?   no component    39
  RMS step  2.5660E-03 Target: 1.2000E-03 converged?   no
  Max grad  1.4219E-04 Target: 4.5000E-04 converged?  yes component    83
  RMS grad  3.1213E-05 Target: 3.0000E-04 converged?  yes
Next calculation will be the dimer endpoint before rotation
dl-find/turbomole/=============================== Tstep:  123.1 Ttot:143356.3 ==
eandg
Spin: 
 Energy calculation finished, energy: -2.138681434E+03
Curvature at dimer midpoint                   -0.00329
Predicted dimer rotation angle:      6.428 deg
Next calculation will be the dimer endpoint after rotation
dl-find/turbomole/=============================== Tstep:  118.2 Ttot:143474.5 ==
eandg
Spin: 
 Energy calculation finished, energy: -2.138681434E+03
Curvature at dimer midpoint after rotation    -0.00201
Curvature at dimer minimum                    -0.00330
Actual dimer rotation angle:         0.371 deg
Dimer rotation converged after    1 steps
Writing TS-mode
Curvature after dimer rotation:               -0.00330
Frequency of transition mode  -295.143 cm^-1 (negative value denotes imaginary frequency)
Crossover temperature for tunnelling       67.58423 K
Restarting L-BFGS optimiser, instance: dimer rotation
Next calculation will be the dimer  midpoint
dl-find/turbomole/=============================== Tstep:   92.6 Ttot:143567.1 ==
eandg
Spin: 
 Energy calculation finished, energy: -2.138681475E+03
Testing convergence of dimer midpoint in cycle  441
    Energy  4.0516E-05 Target: 1.0000E-06 converged?   no
  Max step  1.9163E-02 Target: 1.8000E-03 converged?   no component    39
  RMS step  4.7725E-03 Target: 1.2000E-03 converged?   no
  Max grad  3.8888E-04 Target: 4.5000E-04 converged?  yes component   252
  RMS grad  7.0441E-05 Target: 3.0000E-04 converged?  yes
Next calculation will be the dimer endpoint before rotation
dl-find/turbomole/=============================== Tstep:  130.8 Ttot:143697.9 ==
eandg
Spin: 
 Energy calculation finished, energy: -2.138681474E+03
Curvature at dimer midpoint                   -0.00328
Predicted dimer rotation angle:      8.257 deg
Next calculation will be the dimer endpoint after rotation
dl-find/turbomole/=============================== Tstep:  113.6 Ttot:143811.5 ==
eandg
Spin: 
 Energy calculation finished, energy: -2.138681474E+03
Curvature at dimer midpoint after rotation     0.00322
Curvature at dimer minimum                    -0.00328
Actual dimer rotation angle:         0.170 deg
Dimer rotation converged after    1 steps
Writing TS-mode
Curvature after dimer rotation:               -0.00328
Frequency of transition mode  -294.418 cm^-1 (negative value denotes imaginary frequency)
Crossover temperature for tunnelling       67.41839 K
Restarting L-BFGS optimiser, instance: dimer rotation
Next calculation will be the dimer  midpoint
dl-find/turbomole/=============================== Tstep:   93.0 Ttot:143904.5 ==
eandg
Spin: 
 Energy calculation finished, energy: -2.138681470E+03
Testing convergence of dimer midpoint in cycle  442
    Energy  4.7610E-06 Target: 1.0000E-06 converged?   no
  Max step  1.1571E-02 Target: 1.8000E-03 converged?   no component   102
  RMS step  2.8147E-03 Target: 1.2000E-03 converged?   no
  Max grad  1.0441E-04 Target: 4.5000E-04 converged?  yes component    47
  RMS grad  2.6413E-05 Target: 3.0000E-04 converged?  yes
Next calculation will be the dimer endpoint before rotation
dl-find/turbomole/=============================== Tstep:  122.3 Ttot:144026.8 ==
eandg
Spin: 
 Energy calculation finished, energy: -2.138681469E+03
Curvature at dimer midpoint                   -0.00328
Predicted dimer rotation angle:      4.139 deg
Next calculation will be the dimer endpoint after rotation
dl-find/turbomole/=============================== Tstep:  114.1 Ttot:144140.8 ==
eandg
Spin: 
 Energy calculation finished, energy: -2.138681469E+03
Curvature at dimer midpoint after rotation    -0.00272
Curvature at dimer minimum                    -0.00328
Actual dimer rotation angle:         0.228 deg
Dimer rotation converged after    1 steps
Writing TS-mode
Curvature after dimer rotation:               -0.00328
Frequency of transition mode  -294.350 cm^-1 (negative value denotes imaginary frequency)
Crossover temperature for tunnelling       67.40268 K
Restarting L-BFGS optimiser, instance: dimer rotation
Next calculation will be the dimer  midpoint
dl-find/turbomole/=============================== Tstep:   85.9 Ttot:144226.7 ==
eandg
Spin: 
 Energy calculation finished, energy: -2.138681471E+03
Testing convergence of dimer midpoint in cycle  443
    Energy  7.6600E-07 Target: 1.0000E-06 converged?  yes
  Max step  5.7785E-03 Target: 1.8000E-03 converged?   no component    35
  RMS step  1.5859E-03 Target: 1.2000E-03 converged?   no
  Max grad  6.1253E-05 Target: 4.5000E-04 converged?  yes component   191
  RMS grad  2.1414E-05 Target: 3.0000E-04 converged?  yes
Next calculation will be the dimer endpoint before rotation
dl-find/turbomole/=============================== Tstep:  120.8 Ttot:144347.5 ==
eandg
Spin: 
 Energy calculation finished, energy: -2.138681470E+03
Curvature at dimer midpoint                   -0.00328
Predicted dimer rotation angle:      5.731 deg
Next calculation will be the dimer endpoint after rotation
dl-find/turbomole/=============================== Tstep:  118.6 Ttot:144466.1 ==
eandg
Spin: 
 Energy calculation finished, energy: -2.138681470E+03
Curvature at dimer midpoint after rotation    -0.00018
Curvature at dimer minimum                    -0.00328
Actual dimer rotation angle:         0.117 deg
Dimer rotation converged after    1 steps
Writing TS-mode
Curvature after dimer rotation:               -0.00328
Frequency of transition mode  -294.459 cm^-1 (negative value denotes imaginary frequency)
Crossover temperature for tunnelling       67.42769 K
Restarting L-BFGS optimiser, instance: dimer rotation
Next calculation will be the dimer  midpoint
dl-find/turbomole/=============================== Tstep:   91.8 Ttot:144557.9 ==
eandg
Spin: 
 Energy calculation finished, energy: -2.138681472E+03
Testing convergence of dimer midpoint in cycle  444
    Energy  1.1250E-06 Target: 1.0000E-06 converged?   no
  Max step  7.9569E-03 Target: 1.8000E-03 converged?   no component    35
  RMS step  2.1438E-03 Target: 1.2000E-03 converged?   no
  Max grad  8.7400E-05 Target: 4.5000E-04 converged?  yes component    55
  RMS grad  2.7425E-05 Target: 3.0000E-04 converged?  yes
Next calculation will be the dimer endpoint before rotation
dl-find/turbomole/=============================== Tstep:  117.3 Ttot:144675.2 ==
eandg
Spin: 
 Energy calculation finished, energy: -2.138681471E+03
Curvature at dimer midpoint                   -0.00327
Predicted dimer rotation angle:      3.011 deg
Next calculation will be the dimer endpoint after rotation
dl-find/turbomole/=============================== Tstep:  113.5 Ttot:144788.7 ==
eandg
Spin: 
 Energy calculation finished, energy: -2.138681471E+03
Curvature at dimer midpoint after rotation    -0.00299
Curvature at dimer minimum                    -0.00328
Actual dimer rotation angle:         0.171 deg
Dimer rotation converged after    1 steps
Writing TS-mode
Curvature after dimer rotation:               -0.00328
Frequency of transition mode  -294.196 cm^-1 (negative value denotes imaginary frequency)
Crossover temperature for tunnelling       67.36743 K
Restarting L-BFGS optimiser, instance: dimer rotation
Next calculation will be the dimer  midpoint
dl-find/turbomole/=============================== Tstep:   86.3 Ttot:144875.0 ==
eandg
Spin: 
 Energy calculation finished, energy: -2.138681471E+03
Testing convergence of dimer midpoint in cycle  445
    Energy  3.1100E-07 Target: 1.0000E-06 converged?  yes
  Max step  9.4010E-03 Target: 1.8000E-03 converged?   no component    34
  RMS step  2.7952E-03 Target: 1.2000E-03 converged?   no
  Max grad  2.8448E-04 Target: 4.5000E-04 converged?  yes component    55
  RMS grad  3.9142E-05 Target: 3.0000E-04 converged?  yes
Next calculation will be the dimer endpoint before rotation
dl-find/turbomole/=============================== Tstep:  117.7 Ttot:144992.7 ==
eandg
Spin: 
 Energy calculation finished, energy: -2.138681471E+03
Curvature at dimer midpoint                   -0.00326
Predicted dimer rotation angle:      4.447 deg
Next calculation will be the dimer endpoint after rotation
dl-find/turbomole/=============================== Tstep:  117.5 Ttot:145110.2 ==
eandg
Spin: 
 Energy calculation finished, energy: -2.138681471E+03
Curvature at dimer midpoint after rotation    -0.00139
Curvature at dimer minimum                    -0.00326
Actual dimer rotation angle:         0.090 deg
Dimer rotation converged after    1 steps
Writing TS-mode
Curvature after dimer rotation:               -0.00326
Frequency of transition mode  -293.590 cm^-1 (negative value denotes imaginary frequency)
Crossover temperature for tunnelling       67.22876 K
Restarting L-BFGS optimiser, instance: dimer rotation
Next calculation will be the dimer  midpoint
dl-find/turbomole/=============================== Tstep:   90.9 Ttot:145201.1 ==
eandg
Spin: 
 Energy calculation finished, energy: -2.138681474E+03
Testing convergence of dimer midpoint in cycle  446
    Energy  2.8700E-06 Target: 1.0000E-06 converged?   no
  Max step  1.1079E-02 Target: 1.8000E-03 converged?   no component   241
  RMS step  3.4792E-03 Target: 1.2000E-03 converged?   no
  Max grad  1.4448E-04 Target: 4.5000E-04 converged?  yes component   252
  RMS grad  3.6677E-05 Target: 3.0000E-04 converged?  yes
Next calculation will be the dimer endpoint before rotation
dl-find/turbomole/=============================== Tstep:  122.8 Ttot:145323.9 ==
eandg
Spin: 
 Energy calculation finished, energy: -2.138681473E+03
Curvature at dimer midpoint                   -0.00327
Predicted dimer rotation angle:      2.403 deg
Next calculation will be the dimer endpoint after rotation
dl-find/turbomole/=============================== Tstep:  118.9 Ttot:145442.8 ==
eandg
Spin: 
 Energy calculation finished, energy: -2.138681474E+03
Curvature at dimer midpoint after rotation    -0.00309
Curvature at dimer minimum                    -0.00327
Actual dimer rotation angle:         0.137 deg
Dimer rotation converged after    1 steps
Writing TS-mode
Curvature after dimer rotation:               -0.00327
Frequency of transition mode  -293.860 cm^-1 (negative value denotes imaginary frequency)
Crossover temperature for tunnelling       67.29056 K
Restarting L-BFGS optimiser, instance: dimer rotation
Next calculation will be the dimer  midpoint
dl-find/turbomole/=============================== Tstep:   81.3 Ttot:145524.1 ==
eandg
Spin: 
 Energy calculation finished, energy: -2.138681474E+03
Testing convergence of dimer midpoint in cycle  447
    Energy  2.7400E-07 Target: 1.0000E-06 converged?  yes
  Max step  2.5320E-03 Target: 1.8000E-03 converged?   no component   116
  RMS step  6.9738E-04 Target: 1.2000E-03 converged?  yes
  Max grad  6.6974E-05 Target: 4.5000E-04 converged?  yes component   235
  RMS grad  2.1142E-05 Target: 3.0000E-04 converged?  yes
Next calculation will be the dimer endpoint before rotation
dl-find/turbomole/=============================== Tstep:  119.6 Ttot:145643.7 ==
eandg
Spin: 
 Energy calculation finished, energy: -2.138681473E+03
Curvature at dimer midpoint                   -0.00327
Predicted dimer rotation angle:      3.577 deg
Next calculation will be the dimer endpoint after rotation
dl-find/turbomole/=============================== Tstep:  114.9 Ttot:145758.7 ==
eandg
Spin: 
 Energy calculation finished, energy: -2.138681473E+03
Curvature at dimer midpoint after rotation    -0.00205
Curvature at dimer minimum                    -0.00327
Actual dimer rotation angle:         0.072 deg
Dimer rotation converged after    1 steps
Writing TS-mode
Curvature after dimer rotation:               -0.00327
Frequency of transition mode  -293.754 cm^-1 (negative value denotes imaginary frequency)
Crossover temperature for tunnelling       67.26631 K
Restarting L-BFGS optimiser, instance: dimer rotation
Next calculation will be the dimer  midpoint
dl-find/turbomole/=============================== Tstep:   85.6 Ttot:145844.3 ==
eandg
Spin: 
 Energy calculation finished, energy: -2.138681473E+03
Testing convergence of dimer midpoint in cycle  448
    Energy  9.8500E-07 Target: 1.0000E-06 converged?  yes
  Max step  4.8966E-03 Target: 1.8000E-03 converged?   no component    15
  RMS step  1.2727E-03 Target: 1.2000E-03 converged?   no
  Max grad  9.4986E-05 Target: 4.5000E-04 converged?  yes component    83
  RMS grad  2.7493E-05 Target: 3.0000E-04 converged?  yes
Next calculation will be the dimer endpoint before rotation
dl-find/turbomole/=============================== Tstep:  117.5 Ttot:145961.8 ==
eandg
Spin: 
 Energy calculation finished, energy: -2.138681472E+03
Curvature at dimer midpoint                   -0.00327
Predicted dimer rotation angle:      1.916 deg
Dimer rotation converged after    0 steps
Writing TS-mode
Curvature after dimer rotation:               -0.00327
Frequency of transition mode  -293.749 cm^-1 (negative value denotes imaginary frequency)
Crossover temperature for tunnelling       67.26515 K
Restarting L-BFGS optimiser, instance: dimer rotation
Next calculation will be the dimer  midpoint
dl-find/turbomole/=============================== Tstep:  114.4 Ttot:146076.3 ==
eandg
Spin: 
 Energy calculation finished, energy: -2.138681473E+03
Testing convergence of dimer midpoint in cycle  449
    Energy  4.7300E-07 Target: 1.0000E-06 converged?  yes
  Max step  5.8529E-03 Target: 1.8000E-03 converged?   no component   241
  RMS step  1.4824E-03 Target: 1.2000E-03 converged?   no
  Max grad  1.5082E-04 Target: 4.5000E-04 converged?  yes component    75
  RMS grad  3.3939E-05 Target: 3.0000E-04 converged?  yes
Next calculation will be the dimer endpoint before rotation
dl-find/turbomole/=============================== Tstep:  121.0 Ttot:146197.3 ==
eandg
Spin: 
 Energy calculation finished, energy: -2.138681473E+03
Curvature at dimer midpoint                   -0.00326
Predicted dimer rotation angle:      1.963 deg
Dimer rotation converged after    0 steps
Writing TS-mode
Curvature after dimer rotation:               -0.00326
Frequency of transition mode  -293.724 cm^-1 (negative value denotes imaginary frequency)
Crossover temperature for tunnelling       67.25938 K
Restarting L-BFGS optimiser, instance: dimer rotation
Next calculation will be the dimer  midpoint
dl-find/turbomole/=============================== Tstep:  114.5 Ttot:146311.9 ==
eandg
Spin: 
 Energy calculation finished, energy: -2.138681470E+03
Testing convergence of dimer midpoint in cycle  450
    Energy  3.0450E-06 Target: 1.0000E-06 converged?   no
  Max step  1.7647E-02 Target: 1.8000E-03 converged?   no component   241
  RMS step  4.6495E-03 Target: 1.2000E-03 converged?   no
  Max grad  2.2272E-04 Target: 4.5000E-04 converged?  yes component   245
  RMS grad  4.3264E-05 Target: 3.0000E-04 converged?  yes
Next calculation will be the dimer endpoint before rotation
dl-find/turbomole/=============================== Tstep:  119.7 Ttot:146431.6 ==
eandg
Spin: 
 Energy calculation finished, energy: -2.138681470E+03
Curvature at dimer midpoint                   -0.00326
Predicted dimer rotation angle:      2.022 deg
Next calculation will be the dimer endpoint after rotation
dl-find/turbomole/=============================== Tstep:  114.7 Ttot:146546.3 ==
eandg
Spin: 
 Energy calculation finished, energy: -2.138681470E+03
Curvature at dimer midpoint after rotation    -0.00314
Curvature at dimer minimum                    -0.00326
Actual dimer rotation angle:         0.116 deg
Dimer rotation converged after    1 steps
Writing TS-mode
Curvature after dimer rotation:               -0.00326
Frequency of transition mode  -293.523 cm^-1 (negative value denotes imaginary frequency)
Crossover temperature for tunnelling       67.21347 K
Restarting L-BFGS optimiser, instance: dimer rotation
Next calculation will be the dimer  midpoint
dl-find/turbomole/=============================== Tstep:   79.9 Ttot:146626.2 ==
eandg
Spin: 
 Energy calculation finished, energy: -2.138681470E+03
Testing convergence of dimer midpoint in cycle  451
    Energy  8.1100E-07 Target: 1.0000E-06 converged?  yes
  Max step  8.0645E-03 Target: 1.8000E-03 converged?   no component   241
  RMS step  2.2501E-03 Target: 1.2000E-03 converged?   no
  Max grad  9.7673E-05 Target: 4.5000E-04 converged?  yes component   180
  RMS grad  2.3068E-05 Target: 3.0000E-04 converged?  yes
Next calculation will be the dimer endpoint before rotation
dl-find/turbomole/=============================== Tstep:  117.6 Ttot:146743.8 ==
eandg
Spin: 
 Energy calculation finished, energy: -2.138681469E+03
Curvature at dimer midpoint                   -0.00327
Predicted dimer rotation angle:      3.045 deg
Next calculation will be the dimer endpoint after rotation
dl-find/turbomole/=============================== Tstep:  118.8 Ttot:146862.5 ==
eandg
Spin: 
 Energy calculation finished, energy: -2.138681469E+03
Curvature at dimer midpoint after rotation    -0.00239
Curvature at dimer minimum                    -0.00327
Actual dimer rotation angle:         0.062 deg
Dimer rotation converged after    1 steps
Writing TS-mode
Curvature after dimer rotation:               -0.00327
Frequency of transition mode  -293.982 cm^-1 (negative value denotes imaginary frequency)
Crossover temperature for tunnelling       67.31851 K
Restarting L-BFGS optimiser, instance: dimer rotation
Next calculation will be the dimer  midpoint
dl-find/turbomole/=============================== Tstep:   82.8 Ttot:146945.4 ==
eandg
Spin: 
 Energy calculation finished, energy: -2.138681470E+03
Testing convergence of dimer midpoint in cycle  452
    Energy  5.0500E-07 Target: 1.0000E-06 converged?  yes
  Max step  6.4390E-03 Target: 1.8000E-03 converged?   no component    34
  RMS step  1.7603E-03 Target: 1.2000E-03 converged?   no
  Max grad  9.0070E-05 Target: 4.5000E-04 converged?  yes component   218
  RMS grad  2.5470E-05 Target: 3.0000E-04 converged?  yes
Next calculation will be the dimer endpoint before rotation
dl-find/turbomole/=============================== Tstep:  120.2 Ttot:147065.6 ==
eandg
Spin: 
 Energy calculation finished, energy: -2.138681470E+03
Curvature at dimer midpoint                   -0.00327
Predicted dimer rotation angle:      1.649 deg
Dimer rotation converged after    0 steps
Writing TS-mode
Curvature after dimer rotation:               -0.00327
Frequency of transition mode  -294.015 cm^-1 (negative value denotes imaginary frequency)
Crossover temperature for tunnelling       67.32615 K
Restarting L-BFGS optimiser, instance: dimer rotation
Next calculation will be the dimer  midpoint
dl-find/turbomole/=============================== Tstep:  117.7 Ttot:147183.3 ==
eandg
Spin: 
 Energy calculation finished, energy: -2.138681471E+03
Testing convergence of dimer midpoint in cycle  453
    Energy  1.3610E-06 Target: 1.0000E-06 converged?   no
  Max step  1.2008E-02 Target: 1.8000E-03 converged?   no component    34
  RMS step  3.0683E-03 Target: 1.2000E-03 converged?   no
  Max grad  1.3622E-04 Target: 4.5000E-04 converged?  yes component   252
  RMS grad  3.0891E-05 Target: 3.0000E-04 converged?  yes
Next calculation will be the dimer endpoint before rotation
dl-find/turbomole/=============================== Tstep:  121.9 Ttot:147305.1 ==
eandg
Spin: 
 Energy calculation finished, energy: -2.138681471E+03
Curvature at dimer midpoint                   -0.00327
Predicted dimer rotation angle:      1.789 deg
Dimer rotation converged after    0 steps
Writing TS-mode
Curvature after dimer rotation:               -0.00327
Frequency of transition mode  -294.071 cm^-1 (negative value denotes imaginary frequency)
Crossover temperature for tunnelling       67.33887 K
Restarting L-BFGS optimiser, instance: dimer rotation
Next calculation will be the dimer  midpoint
dl-find/turbomole/=============================== Tstep:  115.2 Ttot:147420.3 ==
eandg
Spin: 
 Energy calculation finished, energy: -2.138681473E+03
Testing convergence of dimer midpoint in cycle  454
    Energy  1.6390E-06 Target: 1.0000E-06 converged?   no
  Max step  2.1602E-02 Target: 1.8000E-03 converged?   no component   113
  RMS step  5.6281E-03 Target: 1.2000E-03 converged?   no
  Max grad  3.4297E-04 Target: 4.5000E-04 converged?  yes component   218
  RMS grad  5.4913E-05 Target: 3.0000E-04 converged?  yes
Next calculation will be the dimer endpoint before rotation
dl-find/turbomole/=============================== Tstep:  122.7 Ttot:147543.0 ==
eandg
Spin: 
 Energy calculation finished, energy: -2.138681474E+03
Curvature at dimer midpoint                   -0.00326
Predicted dimer rotation angle:      3.122 deg
Next calculation will be the dimer endpoint after rotation
dl-find/turbomole/=============================== Tstep:  115.8 Ttot:147658.8 ==
eandg
Spin: 
 Energy calculation finished, energy: -2.138681473E+03
Curvature at dimer midpoint after rotation    -0.00290
Curvature at dimer minimum                    -0.00327
Actual dimer rotation angle:         0.150 deg
Dimer rotation converged after    1 steps
Writing TS-mode
Curvature after dimer rotation:               -0.00327
Frequency of transition mode  -293.759 cm^-1 (negative value denotes imaginary frequency)
Crossover temperature for tunnelling       67.26745 K
Restarting L-BFGS optimiser, instance: dimer rotation
Next calculation will be the dimer  midpoint
dl-find/turbomole/=============================== Tstep:   74.2 Ttot:147732.9 ==
eandg
Spin: 
 Energy calculation finished, energy: -2.138681474E+03
Testing convergence of dimer midpoint in cycle  455
    Energy  1.1570E-06 Target: 1.0000E-06 converged?   no
  Max step  6.3367E-03 Target: 1.8000E-03 converged?   no component   116
  RMS step  1.6631E-03 Target: 1.2000E-03 converged?   no
  Max grad  9.7019E-05 Target: 4.5000E-04 converged?  yes component    43
  RMS grad  2.4403E-05 Target: 3.0000E-04 converged?  yes
Next calculation will be the dimer endpoint before rotation
dl-find/turbomole/=============================== Tstep:  119.8 Ttot:147852.8 ==
eandg
Spin: 
 Energy calculation finished, energy: -2.138681474E+03
Curvature at dimer midpoint                   -0.00326
Predicted dimer rotation angle:      4.079 deg
Next calculation will be the dimer endpoint after rotation
dl-find/turbomole/=============================== Tstep:  113.2 Ttot:147966.0 ==
eandg
Spin: 
 Energy calculation finished, energy: -2.138681476E+03
Curvature at dimer midpoint after rotation    -0.00164
Curvature at dimer minimum                    -0.00326
Actual dimer rotation angle:         0.080 deg
Dimer rotation converged after    1 steps
Writing TS-mode
Curvature after dimer rotation:               -0.00326
Frequency of transition mode  -293.329 cm^-1 (negative value denotes imaginary frequency)
Crossover temperature for tunnelling       67.16893 K
Restarting L-BFGS optimiser, instance: dimer rotation
Next calculation will be the dimer  midpoint
dl-find/turbomole/=============================== Tstep:   79.2 Ttot:148045.1 ==
eandg
Spin: 
 Energy calculation finished, energy: -2.138681475E+03
Testing convergence of dimer midpoint in cycle  456
    Energy  9.1100E-07 Target: 1.0000E-06 converged?  yes
  Max step  5.8015E-03 Target: 1.8000E-03 converged?   no component   102
  RMS step  1.7504E-03 Target: 1.2000E-03 converged?   no
  Max grad  7.5044E-05 Target: 4.5000E-04 converged?  yes component   134
  RMS grad  2.3118E-05 Target: 3.0000E-04 converged?  yes
Next calculation will be the dimer endpoint before rotation
dl-find/turbomole/=============================== Tstep:  118.6 Ttot:148163.7 ==
eandg
Spin: 
 Energy calculation finished, energy: -2.138681476E+03
Curvature at dimer midpoint                   -0.00325
Predicted dimer rotation angle:      2.096 deg
Next calculation will be the dimer endpoint after rotation
dl-find/turbomole/=============================== Tstep:  117.0 Ttot:148280.7 ==
eandg
Spin: 
 Energy calculation finished, energy: -2.138681477E+03
Curvature at dimer midpoint after rotation    -0.00314
Curvature at dimer minimum                    -0.00325
Actual dimer rotation angle:         0.142 deg
Dimer rotation converged after    1 steps
Writing TS-mode
Curvature after dimer rotation:               -0.00325
Frequency of transition mode  -293.044 cm^-1 (negative value denotes imaginary frequency)
Crossover temperature for tunnelling       67.10361 K
Restarting L-BFGS optimiser, instance: dimer rotation
Next calculation will be the dimer  midpoint
dl-find/turbomole/=============================== Tstep:   71.0 Ttot:148351.7 ==
eandg
Spin: 
 Energy calculation finished, energy: -2.138681477E+03
Testing convergence of dimer midpoint in cycle  457
    Energy  2.3320E-06 Target: 1.0000E-06 converged?   no
  Max step  8.8817E-03 Target: 1.8000E-03 converged?   no component   116
  RMS step  2.2428E-03 Target: 1.2000E-03 converged?   no
  Max grad  1.2621E-04 Target: 4.5000E-04 converged?  yes component   218
  RMS grad  2.7871E-05 Target: 3.0000E-04 converged?  yes
Next calculation will be the dimer endpoint before rotation
dl-find/turbomole/=============================== Tstep:  116.6 Ttot:148468.2 ==
eandg
Spin: 
 Energy calculation finished, energy: -2.138681478E+03
Curvature at dimer midpoint                   -0.00327
Predicted dimer rotation angle:      3.194 deg
Next calculation will be the dimer endpoint after rotation
dl-find/turbomole/=============================== Tstep:  117.2 Ttot:148585.4 ==
eandg
Spin: 
 Energy calculation finished, energy: -2.138681477E+03
Curvature at dimer midpoint after rotation    -0.00230
Curvature at dimer minimum                    -0.00327
Actual dimer rotation angle:         0.065 deg
Dimer rotation converged after    1 steps
Writing TS-mode
Curvature after dimer rotation:               -0.00327
Frequency of transition mode  -293.751 cm^-1 (negative value denotes imaginary frequency)
Crossover temperature for tunnelling       67.26567 K
Restarting L-BFGS optimiser, instance: dimer rotation
Next calculation will be the dimer  midpoint
dl-find/turbomole/=============================== Tstep:   81.7 Ttot:148667.2 ==
eandg
Spin: 
 Energy calculation finished, energy: -2.138681506E+03
Testing convergence of dimer midpoint in cycle  458
    Energy  2.8753E-05 Target: 1.0000E-06 converged?   no
  Max step  1.5382E-02 Target: 1.8000E-03 converged?   no component   116
  RMS step  3.8594E-03 Target: 1.2000E-03 converged?   no
  Max grad  3.1327E-04 Target: 4.5000E-04 converged?  yes component    43
  RMS grad  4.1318E-05 Target: 3.0000E-04 converged?  yes
Next calculation will be the dimer endpoint before rotation
dl-find/turbomole/=============================== Tstep:  122.5 Ttot:148789.6 ==
eandg
Spin: 
 Energy calculation finished, energy: -2.138681506E+03
Curvature at dimer midpoint                   -0.00327
Predicted dimer rotation angle:      1.569 deg
Dimer rotation converged after    0 steps
Writing TS-mode
Curvature after dimer rotation:               -0.00327
Frequency of transition mode  -293.859 cm^-1 (negative value denotes imaginary frequency)
Crossover temperature for tunnelling       67.29034 K
Restarting L-BFGS optimiser, instance: dimer rotation
Next calculation will be the dimer  midpoint
dl-find/turbomole/=============================== Tstep:  119.0 Ttot:148908.6 ==
eandg
Spin: 
 Energy calculation finished, energy: -2.138681504E+03
Testing convergence of dimer midpoint in cycle  459
    Energy  1.9130E-06 Target: 1.0000E-06 converged?   no
  Max step  2.0144E-02 Target: 1.8000E-03 converged?   no component   116
  RMS step  4.8710E-03 Target: 1.2000E-03 converged?   no
  Max grad  1.1322E-04 Target: 4.5000E-04 converged?  yes component    83
  RMS grad  2.8374E-05 Target: 3.0000E-04 converged?  yes
Next calculation will be the dimer endpoint before rotation
dl-find/turbomole/=============================== Tstep:  125.5 Ttot:149034.1 ==
eandg
Spin: 
 Energy calculation finished, energy: -2.138681504E+03
Curvature at dimer midpoint                   -0.00328
Predicted dimer rotation angle:      1.831 deg
Dimer rotation converged after    0 steps
Writing TS-mode
Curvature after dimer rotation:               -0.00328
Frequency of transition mode  -294.382 cm^-1 (negative value denotes imaginary frequency)
Crossover temperature for tunnelling       67.41013 K
Restarting L-BFGS optimiser, instance: dimer rotation
Next calculation will be the dimer  midpoint
dl-find/turbomole/=============================== Tstep:  114.3 Ttot:149148.4 ==
eandg
Spin: 
 Energy calculation finished, energy: -2.138681505E+03
Testing convergence of dimer midpoint in cycle  460
    Energy  8.1200E-07 Target: 1.0000E-06 converged?  yes
  Max step  1.9280E-03 Target: 1.8000E-03 converged?   no component   102
  RMS step  6.0818E-04 Target: 1.2000E-03 converged?  yes
  Max grad  6.3263E-05 Target: 4.5000E-04 converged?  yes component    43
  RMS grad  1.9102E-05 Target: 3.0000E-04 converged?  yes
Next calculation will be the dimer endpoint before rotation
dl-find/turbomole/=============================== Tstep:  116.3 Ttot:149264.7 ==
eandg
Spin: 
 Energy calculation finished, energy: -2.138681505E+03
Curvature at dimer midpoint                   -0.00327
Predicted dimer rotation angle:      1.876 deg
Dimer rotation converged after    0 steps
Writing TS-mode
Curvature after dimer rotation:               -0.00327
Frequency of transition mode  -293.975 cm^-1 (negative value denotes imaginary frequency)
Crossover temperature for tunnelling       67.31682 K
Restarting L-BFGS optimiser, instance: dimer rotation
Next calculation will be the dimer  midpoint
dl-find/turbomole/=============================== Tstep:  114.5 Ttot:149379.2 ==
eandg
Spin: 
 Energy calculation finished, energy: -2.138681522E+03
Testing convergence of dimer midpoint in cycle  461
    Energy  1.6494E-05 Target: 1.0000E-06 converged?   no
  Max step  6.4477E-03 Target: 1.8000E-03 converged?   no component   241
  RMS step  1.6430E-03 Target: 1.2000E-03 converged?   no
  Max grad  1.2707E-04 Target: 4.5000E-04 converged?  yes component   218
  RMS grad  2.6791E-05 Target: 3.0000E-04 converged?  yes
Next calculation will be the dimer endpoint before rotation
dl-find/turbomole/=============================== Tstep:  118.3 Ttot:149497.5 ==
eandg
Spin: 
 Energy calculation finished, energy: -2.138681521E+03
Curvature at dimer midpoint                   -0.00327
Predicted dimer rotation angle:      1.789 deg
Dimer rotation converged after    0 steps
Writing TS-mode
Curvature after dimer rotation:               -0.00327
Frequency of transition mode  -293.892 cm^-1 (negative value denotes imaginary frequency)
Crossover temperature for tunnelling       67.29782 K
Restarting L-BFGS optimiser, instance: dimer rotation
Next calculation will be the dimer  midpoint
dl-find/turbomole/=============================== Tstep:  119.4 Ttot:149616.9 ==
eandg
Spin: 
 Energy calculation finished, energy: -2.138681519E+03
Testing convergence of dimer midpoint in cycle  462
    Energy  2.2970E-06 Target: 1.0000E-06 converged?   no
  Max step  9.5742E-03 Target: 1.8000E-03 converged?   no component   116
  RMS step  2.2741E-03 Target: 1.2000E-03 converged?   no
  Max grad  1.6409E-04 Target: 4.5000E-04 converged?  yes component    83
  RMS grad  3.3947E-05 Target: 3.0000E-04 converged?  yes
Next calculation will be the dimer endpoint before rotation
dl-find/turbomole/=============================== Tstep:  121.1 Ttot:149738.0 ==
eandg
Spin: 
 Energy calculation finished, energy: -2.138681522E+03
Curvature at dimer midpoint                   -0.00328
Predicted dimer rotation angle:      2.738 deg
Next calculation will be the dimer endpoint after rotation
dl-find/turbomole/=============================== Tstep:  116.8 Ttot:149854.8 ==
eandg
Spin: 
 Energy calculation finished, energy: -2.138681523E+03
Curvature at dimer midpoint after rotation    -0.00299
Curvature at dimer minimum                    -0.00329
Actual dimer rotation angle:         0.127 deg
Dimer rotation converged after    1 steps
Writing TS-mode
Curvature after dimer rotation:               -0.00329
Frequency of transition mode  -294.654 cm^-1 (negative value denotes imaginary frequency)
Crossover temperature for tunnelling       67.47233 K
Restarting L-BFGS optimiser, instance: dimer rotation
Next calculation will be the dimer  midpoint
dl-find/turbomole/=============================== Tstep:   71.4 Ttot:149926.2 ==
eandg
Spin: 
 Energy calculation finished, energy: -2.138681524E+03
Testing convergence of dimer midpoint in cycle  463
    Energy  4.4580E-06 Target: 1.0000E-06 converged?   no
  Max step  1.9043E-02 Target: 1.8000E-03 converged?   no component   116
  RMS step  4.4195E-03 Target: 1.2000E-03 converged?   no
  Max grad  9.4952E-05 Target: 4.5000E-04 converged?  yes component    88
  RMS grad  2.5693E-05 Target: 3.0000E-04 converged?  yes
Next calculation will be the dimer endpoint before rotation
dl-find/turbomole/=============================== Tstep:  114.0 Ttot:150040.2 ==
eandg
Spin: 
 Energy calculation finished, energy: -2.138681524E+03
Curvature at dimer midpoint                   -0.00328
Predicted dimer rotation angle:      2.577 deg
Next calculation will be the dimer endpoint after rotation
dl-find/turbomole/=============================== Tstep:  116.9 Ttot:150157.1 ==
eandg
Spin: 
 Energy calculation finished, energy: -2.138681524E+03
Curvature at dimer midpoint after rotation    -0.00276
Curvature at dimer minimum                    -0.00328
Actual dimer rotation angle:         0.063 deg
Dimer rotation converged after    1 steps
Writing TS-mode
Curvature after dimer rotation:               -0.00328
Frequency of transition mode  -294.330 cm^-1 (negative value denotes imaginary frequency)
Crossover temperature for tunnelling       67.39812 K
Restarting L-BFGS optimiser, instance: dimer rotation
Next calculation will be the dimer  midpoint
dl-find/turbomole/=============================== Tstep:   92.3 Ttot:150249.4 ==
eandg
Spin: 
 Energy calculation finished, energy: -2.138680825E+03
Testing convergence of dimer midpoint in cycle  464
    Energy  6.9916E-04 Target: 1.0000E-06 converged?   no
  Max step  2.1829E-02 Target: 1.8000E-03 converged?   no component   116
  RMS step  5.1784E-03 Target: 1.2000E-03 converged?   no
  Max grad  3.9466E-04 Target: 4.5000E-04 converged?  yes component    59
  RMS grad  6.2367E-05 Target: 3.0000E-04 converged?  yes
Next calculation will be the dimer endpoint before rotation
dl-find/turbomole/=============================== Tstep:  140.2 Ttot:150389.7 ==
eandg
Spin: 
 Energy calculation finished, energy: -2.138680825E+03
Curvature at dimer midpoint                   -0.00328
Predicted dimer rotation angle:      1.808 deg
Dimer rotation converged after    0 steps
Writing TS-mode
Curvature after dimer rotation:               -0.00328
Frequency of transition mode  -294.584 cm^-1 (negative value denotes imaginary frequency)
Crossover temperature for tunnelling       67.45640 K
Restarting L-BFGS optimiser, instance: dimer rotation
Next calculation will be the dimer  midpoint
dl-find/turbomole/=============================== Tstep:  118.3 Ttot:150508.0 ==
eandg
Spin: 
 Energy calculation finished, energy: -2.138680856E+03
Testing convergence of dimer midpoint in cycle  465
    Energy  3.1206E-05 Target: 1.0000E-06 converged?   no
  Max step  2.0176E-02 Target: 1.8000E-03 converged?   no component   116
  RMS step  5.2531E-03 Target: 1.2000E-03 converged?   no
  Max grad  3.2599E-04 Target: 4.5000E-04 converged?  yes component    43
  RMS grad  7.1767E-05 Target: 3.0000E-04 converged?  yes
Next calculation will be the dimer endpoint before rotation
dl-find/turbomole/=============================== Tstep:  110.8 Ttot:150618.8 ==
eandg
Spin: 
 Energy calculation finished, energy: -2.138680839E+03
Curvature at dimer midpoint                   -0.00327
Predicted dimer rotation angle:     10.427 deg
Next calculation will be the dimer endpoint after rotation
dl-find/turbomole/=============================== Tstep:  114.5 Ttot:150733.3 ==
eandg
Spin: 
 Energy calculation finished, energy: -2.138680838E+03
Curvature at dimer midpoint after rotation    -0.00022
Curvature at dimer minimum                    -0.00329
Actual dimer rotation angle:         0.669 deg
Dimer rotation converged after    1 steps
Writing TS-mode
Curvature after dimer rotation:               -0.00329
Frequency of transition mode  -294.691 cm^-1 (negative value denotes imaginary frequency)
Crossover temperature for tunnelling       67.48083 K
Restarting L-BFGS optimiser, instance: dimer rotation
Next calculation will be the dimer  midpoint
dl-find/turbomole/=============================== Tstep:   89.3 Ttot:150822.5 ==
eandg
Spin: 
 Energy calculation finished, energy: -2.138680829E+03
Testing convergence of dimer midpoint in cycle  466
    Energy  2.6982E-05 Target: 1.0000E-06 converged?   no
  Max step  4.5139E-03 Target: 1.8000E-03 converged?   no component    31
  RMS step  1.2809E-03 Target: 1.2000E-03 converged?   no
  Max grad  3.3014E-04 Target: 4.5000E-04 converged?  yes component    59
  RMS grad  5.7450E-05 Target: 3.0000E-04 converged?  yes
Next calculation will be the dimer endpoint before rotation
dl-find/turbomole/=============================== Tstep:  116.8 Ttot:150939.3 ==
eandg
Spin: 
 Energy calculation finished, energy: -2.138680829E+03
Curvature at dimer midpoint                   -0.00327
Predicted dimer rotation angle:     10.311 deg
Next calculation will be the dimer endpoint after rotation
dl-find/turbomole/=============================== Tstep:  118.3 Ttot:151057.6 ==
eandg
Spin: 
 Energy calculation finished, energy: -2.138680830E+03
Curvature at dimer midpoint after rotation     0.00169
Curvature at dimer minimum                    -0.00328
Actual dimer rotation angle:         0.419 deg
Dimer rotation converged after    1 steps
Writing TS-mode
Curvature after dimer rotation:               -0.00328
Frequency of transition mode  -294.441 cm^-1 (negative value denotes imaginary frequency)
Crossover temperature for tunnelling       67.42356 K
Restarting L-BFGS optimiser, instance: dimer rotation
Next calculation will be the dimer  midpoint
dl-find/turbomole/=============================== Tstep:   96.6 Ttot:151154.2 ==
eandg
Spin: 
 Energy calculation finished, energy: -2.138681526E+03
Testing convergence of dimer midpoint in cycle  467
    Energy  6.9674E-04 Target: 1.0000E-06 converged?   no
  Max step  1.5408E-02 Target: 1.8000E-03 converged?   no component   116
  RMS step  3.5367E-03 Target: 1.2000E-03 converged?   no
  Max grad  2.1362E-04 Target: 4.5000E-04 converged?  yes component   178
  RMS grad  4.0256E-05 Target: 3.0000E-04 converged?  yes
Next calculation will be the dimer endpoint before rotation
dl-find/turbomole/=============================== Tstep:  137.4 Ttot:151291.6 ==
eandg
Spin: 
 Energy calculation finished, energy: -2.138681525E+03
Curvature at dimer midpoint                   -0.00328
Predicted dimer rotation angle:      6.533 deg
Next calculation will be the dimer endpoint after rotation
dl-find/turbomole/=============================== Tstep:  118.0 Ttot:151409.6 ==
eandg
Spin: 
 Energy calculation finished, energy: -2.138681526E+03
Curvature at dimer midpoint after rotation     0.00064
Curvature at dimer minimum                    -0.00328
Actual dimer rotation angle:         0.138 deg
Dimer rotation converged after    1 steps
Writing TS-mode
Curvature after dimer rotation:               -0.00328
Frequency of transition mode  -294.319 cm^-1 (negative value denotes imaginary frequency)
Crossover temperature for tunnelling       67.39571 K
Restarting L-BFGS optimiser, instance: dimer rotation
Next calculation will be the dimer  midpoint
dl-find/turbomole/=============================== Tstep:   98.6 Ttot:151508.2 ==
eandg
Spin: 
 Energy calculation finished, energy: -2.138681526E+03
Testing convergence of dimer midpoint in cycle  468
    Energy  5.8300E-07 Target: 1.0000E-06 converged?  yes
  Max step  1.7005E-02 Target: 1.8000E-03 converged?   no component   116
  RMS step  4.3580E-03 Target: 1.2000E-03 converged?   no
  Max grad  1.9078E-04 Target: 4.5000E-04 converged?  yes component   178
  RMS grad  3.1679E-05 Target: 3.0000E-04 converged?  yes
Next calculation will be the dimer endpoint before rotation
dl-find/turbomole/=============================== Tstep:  122.8 Ttot:151631.1 ==
eandg
Spin: 
 Energy calculation finished, energy: -2.138681526E+03
Curvature at dimer midpoint                   -0.00328
Predicted dimer rotation angle:      2.794 deg
Next calculation will be the dimer endpoint after rotation
dl-find/turbomole/=============================== Tstep:  115.3 Ttot:151746.3 ==
eandg
Spin: 
 Energy calculation finished, energy: -2.138681526E+03
Curvature at dimer midpoint after rotation    -0.00289
Curvature at dimer minimum                    -0.00328
Actual dimer rotation angle:         0.105 deg
Dimer rotation converged after    1 steps
Writing TS-mode
Curvature after dimer rotation:               -0.00328
Frequency of transition mode  -294.261 cm^-1 (negative value denotes imaginary frequency)
Crossover temperature for tunnelling       67.38246 K
Restarting L-BFGS optimiser, instance: dimer rotation
Next calculation will be the dimer  midpoint
dl-find/turbomole/=============================== Tstep:   65.6 Ttot:151812.0 ==
eandg
Spin: 
 Energy calculation finished, energy: -2.138681530E+03
Testing convergence of dimer midpoint in cycle  469
    Energy  3.5580E-06 Target: 1.0000E-06 converged?   no
  Max step  1.0529E-02 Target: 1.8000E-03 converged?   no component   116
  RMS step  2.4846E-03 Target: 1.2000E-03 converged?   no
  Max grad  1.6560E-04 Target: 4.5000E-04 converged?  yes component   178
  RMS grad  2.3574E-05 Target: 3.0000E-04 converged?  yes
Next calculation will be the dimer endpoint before rotation
dl-find/turbomole/=============================== Tstep:  121.3 Ttot:151933.2 ==
eandg
Spin: 
 Energy calculation finished, energy: -2.138681530E+03
Curvature at dimer midpoint                   -0.00328
Predicted dimer rotation angle:      2.450 deg
Next calculation will be the dimer endpoint after rotation
dl-find/turbomole/=============================== Tstep:  119.8 Ttot:152053.1 ==
eandg
Spin: 
 Energy calculation finished, energy: -2.138681530E+03
Curvature at dimer midpoint after rotation    -0.00281
Curvature at dimer minimum                    -0.00328
Actual dimer rotation angle:         0.059 deg
Dimer rotation converged after    1 steps
Writing TS-mode
Curvature after dimer rotation:               -0.00328
Frequency of transition mode  -294.428 cm^-1 (negative value denotes imaginary frequency)
Crossover temperature for tunnelling       67.42061 K
Restarting L-BFGS optimiser, instance: dimer rotation
Next calculation will be the dimer  midpoint
dl-find/turbomole/=============================== Tstep:   83.5 Ttot:152136.5 ==
eandg
Spin: 
 Energy calculation finished, energy: -2.138680849E+03
Testing convergence of dimer midpoint in cycle  470
    Energy  6.8099E-04 Target: 1.0000E-06 converged?   no
  Max step  2.6996E-02 Target: 1.8000E-03 converged?   no component   116
  RMS step  6.4885E-03 Target: 1.2000E-03 converged?   no
  Max grad  3.2074E-04 Target: 4.5000E-04 converged?  yes component   178
  RMS grad  4.6727E-05 Target: 3.0000E-04 converged?  yes
Next calculation will be the dimer endpoint before rotation
dl-find/turbomole/=============================== Tstep:  140.4 Ttot:152277.0 ==
eandg
Spin: 
 Energy calculation finished, energy: -2.138680851E+03
Curvature at dimer midpoint                   -0.00329
Predicted dimer rotation angle:      2.446 deg
Next calculation will be the dimer endpoint after rotation
dl-find/turbomole/=============================== Tstep:  117.8 Ttot:152394.8 ==
eandg
Spin: 
 Energy calculation finished, energy: -2.138680851E+03
Curvature at dimer midpoint after rotation    -0.00307
Curvature at dimer minimum                    -0.00329
Actual dimer rotation angle:         0.121 deg
Dimer rotation converged after    1 steps
Writing TS-mode
Curvature after dimer rotation:               -0.00329
Frequency of transition mode  -294.713 cm^-1 (negative value denotes imaginary frequency)
Crossover temperature for tunnelling       67.48586 K
Restarting L-BFGS optimiser, instance: dimer rotation
Next calculation will be the dimer  midpoint
dl-find/turbomole/=============================== Tstep:   85.6 Ttot:152480.3 ==
eandg
Spin: 
 Energy calculation finished, energy: -2.138680850E+03
Testing convergence of dimer midpoint in cycle  471
    Energy  1.6090E-06 Target: 1.0000E-06 converged?   no
  Max step  4.4495E-03 Target: 1.8000E-03 converged?   no component   113
  RMS step  1.0383E-03 Target: 1.2000E-03 converged?  yes
  Max grad  2.7883E-04 Target: 4.5000E-04 converged?  yes component   178
  RMS grad  4.1245E-05 Target: 3.0000E-04 converged?  yes
Next calculation will be the dimer endpoint before rotation
dl-find/turbomole/=============================== Tstep:  117.5 Ttot:152597.8 ==
eandg
Spin: 
 Energy calculation finished, energy: -2.138680853E+03
Curvature at dimer midpoint                   -0.00329
Predicted dimer rotation angle:      2.364 deg
Next calculation will be the dimer endpoint after rotation
dl-find/turbomole/=============================== Tstep:  114.7 Ttot:152712.5 ==
eandg
Spin: 
 Energy calculation finished, energy: -2.138680853E+03
Curvature at dimer midpoint after rotation    -0.00278
Curvature at dimer minimum                    -0.00329
Actual dimer rotation angle:         0.050 deg
Dimer rotation converged after    1 steps
Writing TS-mode
Curvature after dimer rotation:               -0.00329
Frequency of transition mode  -294.688 cm^-1 (negative value denotes imaginary frequency)
Crossover temperature for tunnelling       67.48005 K
Restarting L-BFGS optimiser, instance: dimer rotation
Next calculation will be the dimer  midpoint
dl-find/turbomole/=============================== Tstep:   86.1 Ttot:152798.6 ==
eandg
Spin: 
 Energy calculation finished, energy: -2.138681544E+03
Testing convergence of dimer midpoint in cycle  472
    Energy  6.9402E-04 Target: 1.0000E-06 converged?   no
  Max step  1.5880E-02 Target: 1.8000E-03 converged?   no component   113
  RMS step  3.6872E-03 Target: 1.2000E-03 converged?   no
  Max grad  3.4090E-04 Target: 4.5000E-04 converged?  yes component   178
  RMS grad  5.6156E-05 Target: 3.0000E-04 converged?  yes
Next calculation will be the dimer endpoint before rotation
dl-find/turbomole/=============================== Tstep:  139.6 Ttot:152938.3 ==
eandg
Spin: 
 Energy calculation finished, energy: -2.138681544E+03
Curvature at dimer midpoint                   -0.00328
Predicted dimer rotation angle:      1.597 deg
Dimer rotation converged after    0 steps
Writing TS-mode
Curvature after dimer rotation:               -0.00328
Frequency of transition mode  -294.411 cm^-1 (negative value denotes imaginary frequency)
Crossover temperature for tunnelling       67.41671 K
Restarting L-BFGS optimiser, instance: dimer rotation
Next calculation will be the dimer  midpoint
dl-find/turbomole/=============================== Tstep:  117.8 Ttot:153056.1 ==
eandg
Spin: 
 Energy calculation finished, energy: -2.138680851E+03
Testing convergence of dimer midpoint in cycle  473
    Energy  6.9298E-04 Target: 1.0000E-06 converged?   no
  Max step  9.0633E-03 Target: 1.8000E-03 converged?   no component   113
  RMS step  2.2014E-03 Target: 1.2000E-03 converged?   no
  Max grad  1.5976E-04 Target: 4.5000E-04 converged?  yes component    59
  RMS grad  3.2703E-05 Target: 3.0000E-04 converged?  yes
Next calculation will be the dimer endpoint before rotation
dl-find/turbomole/=============================== Tstep:  143.0 Ttot:153199.0 ==
eandg
Spin: 
 Energy calculation finished, energy: -2.138680853E+03
Curvature at dimer midpoint                   -0.00330
Predicted dimer rotation angle:      1.672 deg
Dimer rotation converged after    0 steps
Writing TS-mode
Curvature after dimer rotation:               -0.00330
Frequency of transition mode  -295.083 cm^-1 (negative value denotes imaginary frequency)
Crossover temperature for tunnelling       67.57053 K
Restarting L-BFGS optimiser, instance: dimer rotation
Next calculation will be the dimer  midpoint
dl-find/turbomole/=============================== Tstep:  118.3 Ttot:153317.4 ==
eandg
Spin: 
 Energy calculation finished, energy: -2.138680852E+03
Testing convergence of dimer midpoint in cycle  474
    Energy  1.0460E-06 Target: 1.0000E-06 converged?   no
  Max step  2.6082E-03 Target: 1.8000E-03 converged?   no component   229
  RMS step  8.7652E-04 Target: 1.2000E-03 converged?  yes
  Max grad  1.3941E-04 Target: 4.5000E-04 converged?  yes component    59
  RMS grad  2.6050E-05 Target: 3.0000E-04 converged?  yes
Next calculation will be the dimer endpoint before rotation
dl-find/turbomole/=============================== Tstep:  119.3 Ttot:153436.6 ==
eandg
Spin: 
 Energy calculation finished, energy: -2.138680852E+03
Curvature at dimer midpoint                   -0.00328
Predicted dimer rotation angle:      1.614 deg
Dimer rotation converged after    0 steps
Writing TS-mode
Curvature after dimer rotation:               -0.00328
Frequency of transition mode  -294.541 cm^-1 (negative value denotes imaginary frequency)
Crossover temperature for tunnelling       67.44641 K
Restarting L-BFGS optimiser, instance: dimer rotation
Next calculation will be the dimer  midpoint
dl-find/turbomole/=============================== Tstep:  117.4 Ttot:153554.1 ==
eandg
Spin: 
 Energy calculation finished, energy: -2.138681548E+03
Testing convergence of dimer midpoint in cycle  475
    Energy  6.9595E-04 Target: 1.0000E-06 converged?   no
  Max step  1.8320E-02 Target: 1.8000E-03 converged?   no component   208
  RMS step  5.9888E-03 Target: 1.2000E-03 converged?   no
  Max grad  5.3877E-04 Target: 4.5000E-04 converged?   no component    59
  RMS grad  6.4739E-05 Target: 3.0000E-04 converged?  yes
Next calculation will be the dimer endpoint before rotation
dl-find/turbomole/=============================== Tstep:  144.9 Ttot:153699.0 ==
eandg
Spin: 
 Energy calculation finished, energy: -2.138681548E+03
Curvature at dimer midpoint                   -0.00327
Predicted dimer rotation angle:      1.721 deg
Dimer rotation converged after    0 steps
Writing TS-mode
Curvature after dimer rotation:               -0.00327
Frequency of transition mode  -294.053 cm^-1 (negative value denotes imaginary frequency)
Crossover temperature for tunnelling       67.33464 K
Restarting L-BFGS optimiser, instance: dimer rotation
Next calculation will be the dimer  midpoint
dl-find/turbomole/=============================== Tstep:  119.3 Ttot:153818.2 ==
eandg
Spin: 
 Energy calculation finished, energy: -2.138680859E+03
Testing convergence of dimer midpoint in cycle  476
    Energy  6.8895E-04 Target: 1.0000E-06 converged?   no
  Max step  7.7291E-03 Target: 1.8000E-03 converged?   no component   196
  RMS step  2.2654E-03 Target: 1.2000E-03 converged?   no
  Max grad  2.0486E-04 Target: 4.5000E-04 converged?  yes component    60
  RMS grad  3.0936E-05 Target: 3.0000E-04 converged?  yes
Next calculation will be the dimer endpoint before rotation
dl-find/turbomole/=============================== Tstep:  143.2 Ttot:153961.5 ==
eandg
Spin: 
 Energy calculation finished, energy: -2.138680858E+03
Curvature at dimer midpoint                   -0.00330
Predicted dimer rotation angle:      2.498 deg
Next calculation will be the dimer endpoint after rotation
dl-find/turbomole/=============================== Tstep:  118.2 Ttot:154079.7 ==
eandg
Spin: 
 Energy calculation finished, energy: -2.138680860E+03
Curvature at dimer midpoint after rotation    -0.00307
Curvature at dimer minimum                    -0.00330
Actual dimer rotation angle:         0.123 deg
Dimer rotation converged after    1 steps
Writing TS-mode
Curvature after dimer rotation:               -0.00330
Frequency of transition mode  -295.280 cm^-1 (negative value denotes imaginary frequency)
Crossover temperature for tunnelling       67.61567 K
Restarting L-BFGS optimiser, instance: dimer rotation
Next calculation will be the dimer  midpoint
dl-find/turbomole/=============================== Tstep:   81.8 Ttot:154161.5 ==
eandg
Spin: 
 Energy calculation finished, energy: -2.138680860E+03
Testing convergence of dimer midpoint in cycle  477
    Energy  1.0260E-06 Target: 1.0000E-06 converged?   no
  Max step  3.0131E-03 Target: 1.8000E-03 converged?   no component    14
  RMS step  9.8140E-04 Target: 1.2000E-03 converged?  yes
  Max grad  8.5640E-05 Target: 4.5000E-04 converged?  yes component    60
  RMS grad  1.9831E-05 Target: 3.0000E-04 converged?  yes
Next calculation will be the dimer endpoint before rotation
dl-find/turbomole/=============================== Tstep:  120.6 Ttot:154282.2 ==
eandg
Spin: 
 Energy calculation finished, energy: -2.138680861E+03
Curvature at dimer midpoint                   -0.00328
Predicted dimer rotation angle:      2.518 deg
Next calculation will be the dimer endpoint after rotation
dl-find/turbomole/=============================== Tstep:  119.4 Ttot:154401.6 ==
eandg
Spin: 
 Energy calculation finished, energy: -2.138680860E+03
Curvature at dimer midpoint after rotation    -0.00270
Curvature at dimer minimum                    -0.00328
Actual dimer rotation angle:         0.053 deg
Dimer rotation converged after    1 steps
Writing TS-mode
Curvature after dimer rotation:               -0.00328
Frequency of transition mode  -294.292 cm^-1 (negative value denotes imaginary frequency)
Crossover temperature for tunnelling       67.38951 K
Restarting L-BFGS optimiser, instance: dimer rotation
Next calculation will be the dimer  midpoint
dl-find/turbomole/=============================== Tstep:   81.4 Ttot:154483.0 ==
eandg
Spin: 
 Energy calculation finished, energy: -2.138681552E+03
Testing convergence of dimer midpoint in cycle  478
    Energy  6.9167E-04 Target: 1.0000E-06 converged?   no
  Max step  1.2454E-02 Target: 1.8000E-03 converged?   no component   208
  RMS step  4.3074E-03 Target: 1.2000E-03 converged?   no
  Max grad  5.1510E-04 Target: 4.5000E-04 converged?   no component    59
  RMS grad  5.9556E-05 Target: 3.0000E-04 converged?  yes
Next calculation will be the dimer endpoint before rotation
dl-find/turbomole/=============================== Tstep:  143.1 Ttot:154626.1 ==
eandg
Spin: 
 Energy calculation finished, energy: -2.138680866E+03
Curvature at dimer midpoint                   -0.00561
Predicted dimer rotation angle:     42.906 deg
Next calculation will be the dimer endpoint after rotation
dl-find/turbomole/=============================== Tstep:  135.6 Ttot:154761.7 ==
eandg
Spin: 
 Energy calculation finished, energy: -2.138681543E+03
Curvature at dimer midpoint after rotation     0.04913
Curvature at dimer minimum                    -0.02501
Actual dimer rotation angle:        14.216 deg
Predicted dimer rotation angle:     35.931 deg
Next calculation will be the dimer endpoint after rotation
dl-find/turbomole/=============================== Tstep:  134.6 Ttot:154896.3 ==
eandg
Spin: 
 Energy calculation finished, energy: -2.138681544E+03
Curvature at dimer midpoint after rotation     0.03342
Curvature at dimer minimum                    -0.01648
Actual dimer rotation angle:         8.525 deg
Predicted dimer rotation angle:     30.722 deg
Next calculation will be the dimer endpoint after rotation
dl-find/turbomole/=============================== Tstep:  117.3 Ttot:155013.6 ==
eandg
Spin: 
 Energy calculation finished, energy: -2.138681545E+03
Curvature at dimer midpoint after rotation     0.02000
Curvature at dimer minimum                    -0.01079
Actual dimer rotation angle:         5.645 deg
Predicted dimer rotation angle:     30.092 deg
Next calculation will be the dimer endpoint after rotation
dl-find/turbomole/=============================== Tstep:  103.0 Ttot:155116.6 ==
eandg
Spin: 
 Energy calculation finished, energy: -2.138681546E+03
Curvature at dimer midpoint after rotation     0.01490
Curvature at dimer minimum                    -0.00751
Actual dimer rotation angle:         5.167 deg
Predicted dimer rotation angle:     30.668 deg
Next calculation will be the dimer endpoint after rotation
dl-find/turbomole/=============================== Tstep:   98.0 Ttot:155214.5 ==
eandg
Spin: 
 Energy calculation finished, energy: -2.138681547E+03
Curvature at dimer midpoint after rotation     0.01156
Curvature at dimer minimum                    -0.00546
Actual dimer rotation angle:         5.302 deg
Predicted dimer rotation angle:     30.886 deg
Next calculation will be the dimer endpoint after rotation
dl-find/turbomole/=============================== Tstep:   95.9 Ttot:155310.5 ==
eandg
Spin: 
 Energy calculation finished, energy: -2.138681547E+03
Curvature at dimer midpoint after rotation     0.00717
Curvature at dimer minimum                    -0.00394
Actual dimer rotation angle:         5.773 deg
Predicted dimer rotation angle:     33.040 deg
Next calculation will be the dimer endpoint after rotation
dl-find/turbomole/=============================== Tstep:  100.8 Ttot:155411.3 ==
eandg
Spin: 
 Energy calculation finished, energy: -2.138681548E+03
Curvature at dimer midpoint after rotation     0.00542
Curvature at dimer minimum                    -0.00291
Actual dimer rotation angle:         6.927 deg
Predicted dimer rotation angle:     34.638 deg
Next calculation will be the dimer endpoint after rotation
dl-find/turbomole/=============================== Tstep:   94.7 Ttot:155506.0 ==
eandg
Spin: 
 Energy calculation finished, energy: -2.138681549E+03
Curvature at dimer midpoint after rotation     0.00512
Curvature at dimer minimum                    -0.00228
Actual dimer rotation angle:         7.380 deg
Predicted dimer rotation angle:     33.707 deg
Next calculation will be the dimer endpoint after rotation
dl-find/turbomole/=============================== Tstep:  101.3 Ttot:155607.3 ==
eandg
Spin: 
 Energy calculation finished, energy: -2.138681550E+03
Curvature at dimer midpoint after rotation     0.00275
Curvature at dimer minimum                    -0.00204
Actual dimer rotation angle:         8.189 deg
Predicted dimer rotation angle:     33.796 deg
Next calculation will be the dimer endpoint after rotation
dl-find/turbomole/=============================== Tstep:  100.8 Ttot:155708.1 ==
eandg
Spin: 
 Energy calculation finished, energy: -2.138681551E+03
Curvature at dimer midpoint after rotation     0.00379
Curvature at dimer minimum                    -0.00202
Actual dimer rotation angle:         7.368 deg
Predicted dimer rotation angle:     32.800 deg
Next calculation will be the dimer endpoint after rotation
dl-find/turbomole/=============================== Tstep:  107.1 Ttot:155815.3 ==
eandg
Spin: 
 Energy calculation finished, energy: -2.138681550E+03
Curvature at dimer midpoint after rotation     0.01248
Curvature at dimer minimum                    -0.00205
Actual dimer rotation angle:         3.696 deg
Predicted dimer rotation angle:     23.773 deg
Next calculation will be the dimer endpoint after rotation
dl-find/turbomole/=============================== Tstep:  115.4 Ttot:155930.7 ==
eandg
Spin: 
 Energy calculation finished, energy: -2.138681550E+03
Curvature at dimer midpoint after rotation     0.00251
Curvature at dimer minimum                    -0.00205
Actual dimer rotation angle:         3.263 deg
Predicted dimer rotation angle:     21.354 deg
Next calculation will be the dimer endpoint after rotation
dl-find/turbomole/=============================== Tstep:  108.4 Ttot:156039.1 ==
eandg
Spin: 
 Energy calculation finished, energy: -2.138681551E+03
Curvature at dimer midpoint after rotation    -0.00028
Curvature at dimer minimum                    -0.00190
Actual dimer rotation angle:         4.731 deg
Predicted dimer rotation angle:     22.468 deg
Next calculation will be the dimer endpoint after rotation
dl-find/turbomole/=============================== Tstep:   94.7 Ttot:156133.8 ==
eandg
Spin: 
 Energy calculation finished, energy: -2.138681552E+03
Curvature at dimer midpoint after rotation    -0.00134
Curvature at dimer minimum                    -0.00194
Actual dimer rotation angle:         8.895 deg
Predicted dimer rotation angle:     21.346 deg
Next calculation will be the dimer endpoint after rotation
dl-find/turbomole/=============================== Tstep:   97.9 Ttot:156231.7 ==
eandg
Spin: 
 Energy calculation finished, energy: -2.138681552E+03
Curvature at dimer midpoint after rotation    -0.00163
Curvature at dimer minimum                    -0.00204
Actual dimer rotation angle:         9.570 deg
Predicted dimer rotation angle:     21.525 deg
Next calculation will be the dimer endpoint after rotation
dl-find/turbomole/=============================== Tstep:   93.8 Ttot:156325.5 ==
eandg
Spin: 
 Energy calculation finished, energy: -2.138681553E+03
Curvature at dimer midpoint after rotation    -0.00221
Curvature at dimer minimum                    -0.00239
Actual dimer rotation angle:        13.054 deg
Predicted dimer rotation angle:     27.401 deg
Next calculation will be the dimer endpoint after rotation
dl-find/turbomole/=============================== Tstep:   97.2 Ttot:156422.7 ==
eandg
Spin: 
 Energy calculation finished, energy: -2.138680866E+03
Curvature at dimer midpoint after rotation    -0.00545
Curvature at dimer minimum                    -0.00657
Actual dimer rotation angle:        51.167 deg
Predicted dimer rotation angle:     37.297 deg
Next calculation will be the dimer endpoint after rotation
dl-find/turbomole/=============================== Tstep:  133.4 Ttot:156556.1 ==
eandg
Spin: 
 Energy calculation finished, energy: -2.138680862E+03
Curvature at dimer midpoint after rotation     0.01606
Curvature at dimer minimum                     0.00118
Actual dimer rotation angle:        10.449 deg
Predicted dimer rotation angle:     42.594 deg
Next calculation will be the dimer endpoint after rotation
dl-find/turbomole/=============================== Tstep:  120.5 Ttot:156676.5 ==
eandg
Spin: 
 Energy calculation finished, energy: -2.138681545E+03
Curvature at dimer midpoint after rotation     0.02008
Curvature at dimer minimum                    -0.01714
Actual dimer rotation angle:        18.591 deg
Predicted dimer rotation angle:     44.427 deg
Next calculation will be the dimer endpoint after rotation
dl-find/turbomole/=============================== Tstep:  134.1 Ttot:156810.7 ==
eandg
Spin: 
 Energy calculation finished, energy: -2.138681545E+03
Curvature at dimer midpoint after rotation     0.01229
Curvature at dimer minimum                    -0.01094
Actual dimer rotation angle:        17.526 deg
Predicted dimer rotation angle:     43.965 deg
Next calculation will be the dimer endpoint after rotation
dl-find/turbomole/=============================== Tstep:   98.4 Ttot:156909.1 ==
eandg
Spin: 
 Energy calculation finished, energy: -2.138681547E+03
Curvature at dimer midpoint after rotation     0.00771
Curvature at dimer minimum                    -0.00779
Actual dimer rotation angle:        17.446 deg
Predicted dimer rotation angle:     42.195 deg
Next calculation will be the dimer endpoint after rotation
dl-find/turbomole/=============================== Tstep:  101.0 Ttot:157010.1 ==
eandg
Spin: 
 Energy calculation finished, energy: -2.138681547E+03
Curvature at dimer midpoint after rotation     0.00662
Curvature at dimer minimum                    -0.00496
Actual dimer rotation angle:        14.869 deg
Predicted dimer rotation angle:     39.382 deg
Next calculation will be the dimer endpoint after rotation
dl-find/turbomole/=============================== Tstep:   99.6 Ttot:157109.7 ==
eandg
Spin: 
 Energy calculation finished, energy: -2.138681549E+03
Curvature at dimer midpoint after rotation     0.00562
Curvature at dimer minimum                    -0.00306
Actual dimer rotation angle:        11.403 deg
Predicted dimer rotation angle:     34.017 deg
Next calculation will be the dimer endpoint after rotation
dl-find/turbomole/=============================== Tstep:   74.6 Ttot:157184.3 ==
eandg
Spin: 
 Energy calculation finished, energy: -2.138681551E+03
Curvature at dimer midpoint after rotation     0.00085
Curvature at dimer minimum                    -0.00230
Actual dimer rotation angle:        10.979 deg
Predicted dimer rotation angle:     29.167 deg
Next calculation will be the dimer endpoint after rotation
dl-find/turbomole/=============================== Tstep:  104.2 Ttot:157288.4 ==
eandg
Spin: 
 Energy calculation finished, energy: -2.138681551E+03
Curvature at dimer midpoint after rotation    -0.00102
Curvature at dimer minimum                    -0.00207
Actual dimer rotation angle:        12.106 deg
Predicted dimer rotation angle:     24.402 deg
Next calculation will be the dimer endpoint after rotation
dl-find/turbomole/=============================== Tstep:   78.3 Ttot:157366.8 ==
eandg
Spin: 
 Energy calculation finished, energy: -2.138681552E+03
Curvature at dimer midpoint after rotation    -0.00153
Curvature at dimer minimum                    -0.00197
Actual dimer rotation angle:        11.796 deg
Predicted dimer rotation angle:     20.770 deg
Next calculation will be the dimer endpoint after rotation
dl-find/turbomole/=============================== Tstep:   97.5 Ttot:157464.3 ==
eandg
Spin: 
 Energy calculation finished, energy: -2.138681552E+03
Curvature at dimer midpoint after rotation    -0.00190
Curvature at dimer minimum                    -0.00210
Actual dimer rotation angle:        11.734 deg
Predicted dimer rotation angle:     19.156 deg
Next calculation will be the dimer endpoint after rotation
dl-find/turbomole/=============================== Tstep:   94.9 Ttot:157559.2 ==
eandg
Spin: 
 Energy calculation finished, energy: -2.138681552E+03
Curvature at dimer midpoint after rotation    -0.00229
Curvature at dimer minimum                    -0.00239
Actual dimer rotation angle:        12.446 deg
Predicted dimer rotation angle:     22.885 deg
Next calculation will be the dimer endpoint after rotation
dl-find/turbomole/=============================== Tstep:   97.7 Ttot:157656.9 ==
eandg
Spin: 
 Energy calculation finished, energy: -2.138680866E+03
Curvature at dimer midpoint after rotation    -0.00479
Curvature at dimer minimum                    -0.00786
Actual dimer rotation angle:        66.012 deg
Predicted dimer rotation angle:     20.993 deg
Next calculation will be the dimer endpoint after rotation
dl-find/turbomole/=============================== Tstep:  133.6 Ttot:157790.5 ==
eandg
Spin: 
 Energy calculation finished, energy: -2.138680862E+03
Curvature at dimer midpoint after rotation     0.02276
Curvature at dimer minimum                     0.01667
Actual dimer rotation angle:         8.137 deg
Predicted dimer rotation angle:     30.990 deg
Next calculation will be the dimer endpoint after rotation
dl-find/turbomole/=============================== Tstep:  116.1 Ttot:157906.6 ==
eandg
Spin: 
 Energy calculation finished, energy: -2.138680862E+03
Curvature at dimer midpoint after rotation    -0.00308
Curvature at dimer minimum                    -0.00309
Actual dimer rotation angle:        31.704 deg
Predicted dimer rotation angle:     37.394 deg
Next calculation will be the dimer endpoint after rotation
dl-find/turbomole/=============================== Tstep:  117.9 Ttot:158024.5 ==
eandg
Spin: 
 Energy calculation finished, energy: -2.138681552E+03
Curvature at dimer midpoint after rotation     0.00017
Curvature at dimer minimum                    -0.00657
Actual dimer rotation angle:        15.266 deg
Predicted dimer rotation angle:     36.264 deg
Next calculation will be the dimer endpoint after rotation
dl-find/turbomole/=============================== Tstep:  133.5 Ttot:158158.0 ==
eandg
Spin: 
 Energy calculation finished, energy: -2.138680863E+03
Curvature at dimer midpoint after rotation    -0.01353
Curvature at dimer minimum                    -0.01394
Actual dimer rotation angle:        30.130 deg
Predicted dimer rotation angle:     26.513 deg
Next calculation will be the dimer endpoint after rotation
dl-find/turbomole/=============================== Tstep:  133.4 Ttot:158291.5 ==
eandg
Spin: 
 Energy calculation finished, energy: -2.138680862E+03
Curvature at dimer midpoint after rotation    -0.01359
Curvature at dimer minimum                    -0.01689
Actual dimer rotation angle:        14.079 deg
Predicted dimer rotation angle:     33.541 deg
Next calculation will be the dimer endpoint after rotation
dl-find/turbomole/=============================== Tstep:  107.2 Ttot:158398.6 ==
eandg
Spin: 
 Energy calculation finished, energy: -2.138681546E+03
Curvature at dimer midpoint after rotation     0.01859
Curvature at dimer minimum                    -0.01961
Actual dimer rotation angle:         8.935 deg
Predicted dimer rotation angle:     28.943 deg
Next calculation will be the dimer endpoint after rotation
dl-find/turbomole/=============================== Tstep:  133.6 Ttot:158532.2 ==
eandg
Spin: 
 Energy calculation finished, energy: -2.138681547E+03
Curvature at dimer midpoint after rotation     0.00847
Curvature at dimer minimum                    -0.01197
Actual dimer rotation angle:         6.590 deg
Predicted dimer rotation angle:     26.318 deg
Next calculation will be the dimer endpoint after rotation
dl-find/turbomole/=============================== Tstep:   74.5 Ttot:158606.7 ==
eandg
Spin: 
 Energy calculation finished, energy: -2.138681548E+03
Curvature at dimer midpoint after rotation     0.00425
Curvature at dimer minimum                    -0.00772
Actual dimer rotation angle:         5.476 deg
Predicted dimer rotation angle:     28.178 deg
Next calculation will be the dimer endpoint after rotation
dl-find/turbomole/=============================== Tstep:   99.6 Ttot:158706.3 ==
eandg
Spin: 
 Energy calculation finished, energy: -2.138681549E+03
Curvature at dimer midpoint after rotation     0.00119
Curvature at dimer minimum                    -0.00552
Actual dimer rotation angle:         7.476 deg
Predicted dimer rotation angle:     32.272 deg
Next calculation will be the dimer endpoint after rotation
dl-find/turbomole/=============================== Tstep:   98.5 Ttot:158804.8 ==
eandg
Spin: 
 Energy calculation finished, energy: -2.138681550E+03
Curvature at dimer midpoint after rotation    -0.00132
Curvature at dimer minimum                    -0.00450
Actual dimer rotation angle:        12.971 deg
Predicted dimer rotation angle:     30.870 deg
Next calculation will be the dimer endpoint after rotation
dl-find/turbomole/=============================== Tstep:   85.4 Ttot:158890.1 ==
eandg
Spin: 
 Energy calculation finished, energy: -2.138681551E+03
Curvature at dimer midpoint after rotation    -0.00182
Curvature at dimer minimum                    -0.00391
Actual dimer rotation angle:        13.225 deg
Predicted dimer rotation angle:     18.960 deg
Dimer rotation not converged after   40 steps
Dimer rotation terminated, maximum number of rotations reached
Writing TS-mode
Curvature after dimer rotation:               -0.00315
Frequency of transition mode  -288.375 cm^-1 (negative value denotes imaginary frequency)
Crossover temperature for tunnelling       66.03447 K
Restarting L-BFGS optimiser, instance: dimer rotation
Next calculation will be the dimer  midpoint
dl-find/turbomole/=============================== Tstep:   98.9 Ttot:158989.1 ==
eandg
Spin: 
 Energy calculation finished, energy: -2.138681552E+03
Testing convergence of dimer midpoint in cycle  479
    Energy  2.0000E-09 Target: 1.0000E-06 converged?  yes
  Max step  1.3706E-02 Target: 1.8000E-03 converged?   no component    39
  RMS step  3.4146E-03 Target: 1.2000E-03 converged?   no
  Max grad  4.4733E-04 Target: 4.5000E-04 converged?  yes component    59
  RMS grad  5.3116E-05 Target: 3.0000E-04 converged?  yes
Next calculation will be the dimer endpoint before rotation
dl-find/turbomole/=============================== Tstep:  119.9 Ttot:159109.0 ==
eandg
Spin: 
 Energy calculation finished, energy: -2.138681549E+03
Curvature at dimer midpoint                   -0.00020
Predicted dimer rotation angle:     44.519 deg
Next calculation will be the dimer endpoint after rotation
dl-find/turbomole/=============================== Tstep:  117.4 Ttot:159226.4 ==
eandg
Spin: 
 Energy calculation finished, energy: -2.138681553E+03
Curvature at dimer midpoint after rotation     0.04236
Curvature at dimer minimum                    -0.00152
Actual dimer rotation angle:         6.176 deg
Predicted dimer rotation angle:     39.633 deg
Next calculation will be the dimer endpoint after rotation
dl-find/turbomole/=============================== Tstep:  117.2 Ttot:159343.6 ==
eandg
Spin: 
 Energy calculation finished, energy: -2.138681554E+03
Curvature at dimer midpoint after rotation     0.03691
Curvature at dimer minimum                    -0.00210
Actual dimer rotation angle:         4.036 deg
Predicted dimer rotation angle:     32.699 deg
Next calculation will be the dimer endpoint after rotation
dl-find/turbomole/=============================== Tstep:  117.0 Ttot:159460.5 ==
eandg
Spin: 
 Energy calculation finished, energy: -2.138681553E+03
Curvature at dimer midpoint after rotation     0.00873
Curvature at dimer minimum                    -0.00251
Actual dimer rotation angle:         5.065 deg
Predicted dimer rotation angle:     27.801 deg
Next calculation will be the dimer endpoint after rotation
dl-find/turbomole/=============================== Tstep:  113.3 Ttot:159573.8 ==
eandg
Spin: 
 Energy calculation finished, energy: -2.138681552E+03
Curvature at dimer midpoint after rotation     0.01164
Curvature at dimer minimum                    -0.00268
Actual dimer rotation angle:         2.655 deg
Predicted dimer rotation angle:     21.452 deg
Next calculation will be the dimer endpoint after rotation
dl-find/turbomole/=============================== Tstep:  107.9 Ttot:159681.8 ==
eandg
Spin: 
 Energy calculation finished, energy: -2.138681552E+03
Curvature at dimer midpoint after rotation     0.00100
Curvature at dimer minimum                    -0.00284
Actual dimer rotation angle:         3.537 deg
Predicted dimer rotation angle:     16.458 deg
Next calculation will be the dimer endpoint after rotation
dl-find/turbomole/=============================== Tstep:  111.1 Ttot:159792.8 ==
eandg
Spin: 
 Energy calculation finished, energy: -2.138681552E+03
Curvature at dimer midpoint after rotation     0.00189
Curvature at dimer minimum                    -0.00289
Actual dimer rotation angle:         1.474 deg
Dimer rotation converged after    6 steps
Writing TS-mode
Curvature after dimer rotation:               -0.00289
Frequency of transition mode  -276.143 cm^-1 (negative value denotes imaginary frequency)
Crossover temperature for tunnelling       63.23354 K
Restarting L-BFGS optimiser, instance: dimer rotation
Next calculation will be the dimer  midpoint
dl-find/turbomole/=============================== Tstep:   96.4 Ttot:159889.3 ==
eandg
Spin: 
 Energy calculation finished, energy: -2.138680842E+03
Testing convergence of dimer midpoint in cycle  480
    Energy  7.1061E-04 Target: 1.0000E-06 converged?   no
  Max step  2.5628E-02 Target: 1.8000E-03 converged?   no component   113
  RMS step  6.8448E-03 Target: 1.2000E-03 converged?   no
  Max grad  2.6152E-04 Target: 4.5000E-04 converged?  yes component   121
  RMS grad  5.0926E-05 Target: 3.0000E-04 converged?  yes
Next calculation will be the dimer endpoint before rotation
dl-find/turbomole/=============================== Tstep:  142.7 Ttot:160032.0 ==
eandg
Spin: 
 Energy calculation finished, energy: -2.138680845E+03
Curvature at dimer midpoint                   -0.00291
Predicted dimer rotation angle:     22.104 deg
Next calculation will be the dimer endpoint after rotation
dl-find/turbomole/=============================== Tstep:  117.4 Ttot:160149.4 ==
eandg
Spin: 
 Energy calculation finished, energy: -2.138680843E+03
Curvature at dimer midpoint after rotation     0.02630
Curvature at dimer minimum                    -0.00294
Actual dimer rotation angle:         0.735 deg
Dimer rotation converged after    1 steps
Writing TS-mode
Curvature after dimer rotation:               -0.00294
Frequency of transition mode  -278.820 cm^-1 (negative value denotes imaginary frequency)
Crossover temperature for tunnelling       63.84665 K
Restarting L-BFGS optimiser, instance: dimer rotation
Next calculation will be the dimer  midpoint
dl-find/turbomole/=============================== Tstep:  103.9 Ttot:160253.3 ==
eandg
Spin: 
 Energy calculation finished, energy: -2.138680865E+03
Testing convergence of dimer midpoint in cycle  481
    Energy  2.3955E-05 Target: 1.0000E-06 converged?   no
  Max step  1.8546E-02 Target: 1.8000E-03 converged?   no component   102
  RMS step  4.1572E-03 Target: 1.2000E-03 converged?   no
  Max grad  2.5504E-04 Target: 4.5000E-04 converged?  yes component    60
  RMS grad  3.6947E-05 Target: 3.0000E-04 converged?  yes
Next calculation will be the dimer endpoint before rotation
dl-find/turbomole/=============================== Tstep:  123.9 Ttot:160377.2 ==
eandg
Spin: 
 Energy calculation finished, energy: -2.138680865E+03
Curvature at dimer midpoint                   -0.00292
Predicted dimer rotation angle:     19.040 deg
Next calculation will be the dimer endpoint after rotation
dl-find/turbomole/=============================== Tstep:  115.1 Ttot:160492.4 ==
eandg
Spin: 
 Energy calculation finished, energy: -2.138680864E+03
Curvature at dimer midpoint after rotation     0.01830
Curvature at dimer minimum                    -0.00294
Actual dimer rotation angle:         0.616 deg
Dimer rotation converged after    1 steps
Writing TS-mode
Curvature after dimer rotation:               -0.00294
Frequency of transition mode  -278.773 cm^-1 (negative value denotes imaginary frequency)
Crossover temperature for tunnelling       63.83586 K
Restarting L-BFGS optimiser, instance: dimer rotation
Next calculation will be the dimer  midpoint
dl-find/turbomole/=============================== Tstep:   99.3 Ttot:160591.7 ==
eandg
Spin: 
 Energy calculation finished, energy: -2.138680867E+03
Testing convergence of dimer midpoint in cycle  482
    Energy  1.5540E-06 Target: 1.0000E-06 converged?   no
  Max step  1.6734E-02 Target: 1.8000E-03 converged?   no component   241
  RMS step  4.4311E-03 Target: 1.2000E-03 converged?   no
  Max grad  1.4685E-04 Target: 4.5000E-04 converged?  yes component   121
  RMS grad  2.6903E-05 Target: 3.0000E-04 converged?  yes
Next calculation will be the dimer endpoint before rotation
dl-find/turbomole/=============================== Tstep:  120.5 Ttot:160712.2 ==
eandg
Spin: 
 Energy calculation finished, energy: -2.138680867E+03
Curvature at dimer midpoint                   -0.00293
Predicted dimer rotation angle:     17.164 deg
Next calculation will be the dimer endpoint after rotation
dl-find/turbomole/=============================== Tstep:  118.6 Ttot:160830.8 ==
eandg
Spin: 
 Energy calculation finished, energy: -2.138680866E+03
Curvature at dimer midpoint after rotation     0.01433
Curvature at dimer minimum                    -0.00295
Actual dimer rotation angle:         0.544 deg
Dimer rotation converged after    1 steps
Writing TS-mode
Curvature after dimer rotation:               -0.00295
Frequency of transition mode  -279.339 cm^-1 (negative value denotes imaginary frequency)
Crossover temperature for tunnelling       63.96540 K
Restarting L-BFGS optimiser, instance: dimer rotation
Next calculation will be the dimer  midpoint
dl-find/turbomole/=============================== Tstep:  102.0 Ttot:160932.8 ==
eandg
Spin: 
 Energy calculation finished, energy: -2.138680868E+03
Testing convergence of dimer midpoint in cycle  483
    Energy  1.1550E-06 Target: 1.0000E-06 converged?   no
  Max step  8.4250E-03 Target: 1.8000E-03 converged?   no component    14
  RMS step  2.6135E-03 Target: 1.2000E-03 converged?   no
  Max grad  1.2480E-04 Target: 4.5000E-04 converged?  yes component    83
  RMS grad  2.1110E-05 Target: 3.0000E-04 converged?  yes
Next calculation will be the dimer endpoint before rotation
dl-find/turbomole/=============================== Tstep:  125.5 Ttot:161058.3 ==
eandg
Spin: 
 Energy calculation finished, energy: -2.138680868E+03
Curvature at dimer midpoint                   -0.00295
Predicted dimer rotation angle:     15.991 deg
Next calculation will be the dimer endpoint after rotation
dl-find/turbomole/=============================== Tstep:  118.0 Ttot:161176.3 ==
eandg
Spin: 
 Energy calculation finished, energy: -2.138680866E+03
Curvature at dimer midpoint after rotation     0.01195
Curvature at dimer minimum                    -0.00297
Actual dimer rotation angle:         0.504 deg
Dimer rotation converged after    1 steps
Writing TS-mode
Curvature after dimer rotation:               -0.00297
Frequency of transition mode  -279.921 cm^-1 (negative value denotes imaginary frequency)
Crossover temperature for tunnelling       64.09870 K
Restarting L-BFGS optimiser, instance: dimer rotation
Next calculation will be the dimer  midpoint
dl-find/turbomole/=============================== Tstep:   90.8 Ttot:161267.2 ==
eandg
Spin: 
 Energy calculation finished, energy: -2.138680874E+03
Testing convergence of dimer midpoint in cycle  484
    Energy  6.1750E-06 Target: 1.0000E-06 converged?   no
  Max step  1.6275E-02 Target: 1.8000E-03 converged?   no component    39
  RMS step  4.9764E-03 Target: 1.2000E-03 converged?   no
  Max grad  1.4797E-04 Target: 4.5000E-04 converged?  yes component   123
  RMS grad  2.7412E-05 Target: 3.0000E-04 converged?  yes
Next calculation will be the dimer endpoint before rotation
dl-find/turbomole/=============================== Tstep:  119.8 Ttot:161387.0 ==
eandg
Spin: 
 Energy calculation finished, energy: -2.138680874E+03
Curvature at dimer midpoint                   -0.00296
Predicted dimer rotation angle:     15.257 deg
Next calculation will be the dimer endpoint after rotation
dl-find/turbomole/=============================== Tstep:  118.7 Ttot:161505.7 ==
eandg
Spin: 
 Energy calculation finished, energy: -2.138680873E+03
Curvature at dimer midpoint after rotation     0.01068
Curvature at dimer minimum                    -0.00297
Actual dimer rotation angle:         0.476 deg
Dimer rotation converged after    1 steps
Writing TS-mode
Curvature after dimer rotation:               -0.00297
Frequency of transition mode  -280.133 cm^-1 (negative value denotes imaginary frequency)
Crossover temperature for tunnelling       64.14718 K
Restarting L-BFGS optimiser, instance: dimer rotation
Next calculation will be the dimer  midpoint
dl-find/turbomole/=============================== Tstep:  100.3 Ttot:161606.0 ==
eandg
Spin: 
 Energy calculation finished, energy: -2.138680867E+03
Testing convergence of dimer midpoint in cycle  485
    Energy  7.1570E-06 Target: 1.0000E-06 converged?   no
  Max step  2.0584E-02 Target: 1.8000E-03 converged?   no component    32
  RMS step  6.4537E-03 Target: 1.2000E-03 converged?   no
  Max grad  3.1495E-04 Target: 4.5000E-04 converged?  yes component    83
  RMS grad  3.7769E-05 Target: 3.0000E-04 converged?  yes
Next calculation will be the dimer endpoint before rotation
dl-find/turbomole/=============================== Tstep:  124.7 Ttot:161730.7 ==
eandg
Spin: 
 Energy calculation finished, energy: -2.138680867E+03
Curvature at dimer midpoint                   -0.00295
Predicted dimer rotation angle:     14.708 deg
Next calculation will be the dimer endpoint after rotation
dl-find/turbomole/=============================== Tstep:  118.3 Ttot:161849.1 ==
eandg
Spin: 
 Energy calculation finished, energy: -2.138680866E+03
Curvature at dimer midpoint after rotation     0.00978
Curvature at dimer minimum                    -0.00296
Actual dimer rotation angle:         0.453 deg
Dimer rotation converged after    1 steps
Writing TS-mode
Curvature after dimer rotation:               -0.00296
Frequency of transition mode  -279.768 cm^-1 (negative value denotes imaginary frequency)
Crossover temperature for tunnelling       64.06363 K
Restarting L-BFGS optimiser, instance: dimer rotation
Next calculation will be the dimer  midpoint
dl-find/turbomole/=============================== Tstep:   99.8 Ttot:161948.8 ==
eandg
Spin: 
 Energy calculation finished, energy: -2.138680867E+03
Testing convergence of dimer midpoint in cycle  486
    Energy  8.4000E-08 Target: 1.0000E-06 converged?  yes
  Max step  2.0502E-02 Target: 1.8000E-03 converged?   no component    39
  RMS step  6.7147E-03 Target: 1.2000E-03 converged?   no
  Max grad  3.6289E-04 Target: 4.5000E-04 converged?  yes component    83
  RMS grad  5.2039E-05 Target: 3.0000E-04 converged?  yes
Next calculation will be the dimer endpoint before rotation
dl-find/turbomole/=============================== Tstep:  130.8 Ttot:162079.6 ==
eandg
Spin: 
 Energy calculation finished, energy: -2.138680867E+03
Curvature at dimer midpoint                   -0.00296
Predicted dimer rotation angle:     14.159 deg
Next calculation will be the dimer endpoint after rotation
dl-find/turbomole/=============================== Tstep:  112.9 Ttot:162192.6 ==
eandg
Spin: 
 Energy calculation finished, energy: -2.138680867E+03
Curvature at dimer midpoint after rotation     0.00889
Curvature at dimer minimum                    -0.00298
Actual dimer rotation angle:         0.434 deg
Dimer rotation converged after    1 steps
Writing TS-mode
Curvature after dimer rotation:               -0.00298
Frequency of transition mode  -280.469 cm^-1 (negative value denotes imaginary frequency)
Crossover temperature for tunnelling       64.22418 K
Restarting L-BFGS optimiser, instance: dimer rotation
Next calculation will be the dimer  midpoint
dl-find/turbomole/=============================== Tstep:   96.9 Ttot:162289.4 ==
eandg
Spin: 
 Energy calculation finished, energy: -2.138680867E+03
Testing convergence of dimer midpoint in cycle  487
    Energy  2.3600E-07 Target: 1.0000E-06 converged?  yes
  Max step  7.7675E-03 Target: 1.8000E-03 converged?   no component    39
  RMS step  2.0613E-03 Target: 1.2000E-03 converged?   no
  Max grad  9.2664E-05 Target: 4.5000E-04 converged?  yes component    83
  RMS grad  1.9554E-05 Target: 3.0000E-04 converged?  yes
Next calculation will be the dimer endpoint before rotation
dl-find/turbomole/=============================== Tstep:  119.9 Ttot:162409.3 ==
eandg
Spin: 
 Energy calculation finished, energy: -2.138680867E+03
Curvature at dimer midpoint                   -0.00297
Predicted dimer rotation angle:     13.705 deg
Next calculation will be the dimer endpoint after rotation
dl-find/turbomole/=============================== Tstep:  119.1 Ttot:162528.4 ==
eandg
Spin: 
 Energy calculation finished, energy: -2.138680866E+03
Curvature at dimer midpoint after rotation     0.00817
Curvature at dimer minimum                    -0.00298
Actual dimer rotation angle:         0.418 deg
Dimer rotation converged after    1 steps
Writing TS-mode
Curvature after dimer rotation:               -0.00298
Frequency of transition mode  -280.798 cm^-1 (negative value denotes imaginary frequency)
Crossover temperature for tunnelling       64.29949 K
Restarting L-BFGS optimiser, instance: dimer rotation
Next calculation will be the dimer  midpoint
dl-find/turbomole/=============================== Tstep:   99.9 Ttot:162628.3 ==
eandg
Spin: 
 Energy calculation finished, energy: -2.138680867E+03
Testing convergence of dimer midpoint in cycle  488
    Energy  7.5000E-08 Target: 1.0000E-06 converged?  yes
  Max step  4.8275E-03 Target: 1.8000E-03 converged?   no component    31
  RMS step  1.2250E-03 Target: 1.2000E-03 converged?   no
  Max grad  6.5785E-05 Target: 4.5000E-04 converged?  yes component   121
  RMS grad  1.7718E-05 Target: 3.0000E-04 converged?  yes
Next calculation will be the dimer endpoint before rotation
dl-find/turbomole/=============================== Tstep:  120.1 Ttot:162748.4 ==
eandg
Spin: 
 Energy calculation finished, energy: -2.138680867E+03
Curvature at dimer midpoint                   -0.00297
Predicted dimer rotation angle:     13.302 deg
Next calculation will be the dimer endpoint after rotation
dl-find/turbomole/=============================== Tstep:  118.1 Ttot:162866.5 ==
eandg
Spin: 
 Energy calculation finished, energy: -2.138680867E+03
Curvature at dimer midpoint after rotation     0.00747
Curvature at dimer minimum                    -0.00298
Actual dimer rotation angle:         0.406 deg
Dimer rotation converged after    1 steps
Writing TS-mode
Curvature after dimer rotation:               -0.00298
Frequency of transition mode  -280.584 cm^-1 (negative value denotes imaginary frequency)
Crossover temperature for tunnelling       64.25042 K
Restarting L-BFGS optimiser, instance: dimer rotation
Next calculation will be the dimer  midpoint
dl-find/turbomole/=============================== Tstep:  100.5 Ttot:162967.0 ==
eandg
Spin: 
 Energy calculation finished, energy: -2.138680865E+03
Testing convergence of dimer midpoint in cycle  489
    Energy  2.0220E-06 Target: 1.0000E-06 converged?   no
  Max step  1.1152E-02 Target: 1.8000E-03 converged?   no component    14
  RMS step  2.7684E-03 Target: 1.2000E-03 converged?   no
  Max grad  1.1967E-04 Target: 4.5000E-04 converged?  yes component   121
  RMS grad  2.6196E-05 Target: 3.0000E-04 converged?  yes
Next calculation will be the dimer endpoint before rotation
dl-find/turbomole/=============================== Tstep:  122.5 Ttot:163089.6 ==
eandg
Spin: 
 Energy calculation finished, energy: -2.138680865E+03
Curvature at dimer midpoint                   -0.00297
Predicted dimer rotation angle:     13.010 deg
Next calculation will be the dimer endpoint after rotation
dl-find/turbomole/=============================== Tstep:  118.7 Ttot:163208.3 ==
eandg
Spin: 
 Energy calculation finished, energy: -2.138680865E+03
Curvature at dimer midpoint after rotation     0.00715
Curvature at dimer minimum                    -0.00298
Actual dimer rotation angle:         0.391 deg
Dimer rotation converged after    1 steps
Writing TS-mode
Curvature after dimer rotation:               -0.00298
Frequency of transition mode  -280.593 cm^-1 (negative value denotes imaginary frequency)
Crossover temperature for tunnelling       64.25250 K
Restarting L-BFGS optimiser, instance: dimer rotation
Next calculation will be the dimer  midpoint
dl-find/turbomole/=============================== Tstep:   99.0 Ttot:163307.3 ==
eandg
Spin: 
 Energy calculation finished, energy: -2.138680866E+03
Testing convergence of dimer midpoint in cycle  490
    Energy  1.0070E-06 Target: 1.0000E-06 converged?   no
  Max step  1.8869E-02 Target: 1.8000E-03 converged?   no component    14
  RMS step  4.6201E-03 Target: 1.2000E-03 converged?   no
  Max grad  1.4573E-04 Target: 4.5000E-04 converged?  yes component   121
  RMS grad  3.1010E-05 Target: 3.0000E-04 converged?  yes
Next calculation will be the dimer endpoint before rotation
dl-find/turbomole/=============================== Tstep:  125.2 Ttot:163432.5 ==
eandg
Spin: 
 Energy calculation finished, energy: -2.138680866E+03
Curvature at dimer midpoint                   -0.00296
Predicted dimer rotation angle:     12.633 deg
Next calculation will be the dimer endpoint after rotation
dl-find/turbomole/=============================== Tstep:  119.7 Ttot:163552.2 ==
eandg
Spin: 
 Energy calculation finished, energy: -2.138680865E+03
Curvature at dimer midpoint after rotation     0.00644
Curvature at dimer minimum                    -0.00297
Actual dimer rotation angle:         0.383 deg
Dimer rotation converged after    1 steps
Writing TS-mode
Curvature after dimer rotation:               -0.00297
Frequency of transition mode  -280.313 cm^-1 (negative value denotes imaginary frequency)
Crossover temperature for tunnelling       64.18847 K
Restarting L-BFGS optimiser, instance: dimer rotation
Next calculation will be the dimer  midpoint
dl-find/turbomole/=============================== Tstep:   99.0 Ttot:163651.1 ==
eandg
Spin: 
 Energy calculation finished, energy: -2.138680861E+03
Testing convergence of dimer midpoint in cycle  491
    Energy  4.6140E-06 Target: 1.0000E-06 converged?   no
  Max step  4.2641E-02 Target: 1.8000E-03 converged?   no component    14
  RMS step  1.1089E-02 Target: 1.2000E-03 converged?   no
  Max grad  2.7034E-04 Target: 4.5000E-04 converged?  yes component   201
  RMS grad  6.2429E-05 Target: 3.0000E-04 converged?  yes
Next calculation will be the dimer endpoint before rotation
dl-find/turbomole/=============================== Tstep:  130.7 Ttot:163781.8 ==
eandg
Spin: 
 Energy calculation finished, energy: -2.138680860E+03
Curvature at dimer midpoint                   -0.00295
Predicted dimer rotation angle:     12.509 deg
Next calculation will be the dimer endpoint after rotation
dl-find/turbomole/=============================== Tstep:  118.4 Ttot:163900.2 ==
eandg
Spin: 
 Energy calculation finished, energy: -2.138680859E+03
Curvature at dimer midpoint after rotation     0.00644
Curvature at dimer minimum                    -0.00296
Actual dimer rotation angle:         0.371 deg
Dimer rotation converged after    1 steps
Writing TS-mode
Curvature after dimer rotation:               -0.00296
Frequency of transition mode  -279.461 cm^-1 (negative value denotes imaginary frequency)
Crossover temperature for tunnelling       63.99330 K
Restarting L-BFGS optimiser, instance: dimer rotation
Next calculation will be the dimer  midpoint
dl-find/turbomole/=============================== Tstep:   98.6 Ttot:163998.9 ==
eandg
Spin: 
 Energy calculation finished, energy: -2.138680866E+03
Testing convergence of dimer midpoint in cycle  492
    Energy  4.1580E-06 Target: 1.0000E-06 converged?   no
  Max step  9.4542E-03 Target: 1.8000E-03 converged?   no component    14
  RMS step  2.3417E-03 Target: 1.2000E-03 converged?   no
  Max grad  6.2484E-05 Target: 4.5000E-04 converged?  yes component    22
  RMS grad  1.8503E-05 Target: 3.0000E-04 converged?  yes
Next calculation will be the dimer endpoint before rotation
dl-find/turbomole/=============================== Tstep:  117.4 Ttot:164116.2 ==
eandg
Spin: 
 Energy calculation finished, energy: -2.138680865E+03
Curvature at dimer midpoint                   -0.00296
Predicted dimer rotation angle:     12.103 deg
Next calculation will be the dimer endpoint after rotation
dl-find/turbomole/=============================== Tstep:  120.1 Ttot:164236.4 ==
eandg
Spin: 
 Energy calculation finished, energy: -2.138680864E+03
Curvature at dimer midpoint after rotation     0.00569
Curvature at dimer minimum                    -0.00297
Actual dimer rotation angle:         0.364 deg
Dimer rotation converged after    1 steps
Writing TS-mode
Curvature after dimer rotation:               -0.00297
Frequency of transition mode  -280.032 cm^-1 (negative value denotes imaginary frequency)
Crossover temperature for tunnelling       64.12402 K
Restarting L-BFGS optimiser, instance: dimer rotation
Next calculation will be the dimer  midpoint
dl-find/turbomole/=============================== Tstep:   98.2 Ttot:164334.6 ==
eandg
Spin: 
 Energy calculation finished, energy: -2.138680866E+03
Testing convergence of dimer midpoint in cycle  493
    Energy  3.9000E-08 Target: 1.0000E-06 converged?  yes
  Max step  4.0983E-03 Target: 1.8000E-03 converged?   no component    34
  RMS step  1.0190E-03 Target: 1.2000E-03 converged?  yes
  Max grad  5.8654E-05 Target: 4.5000E-04 converged?  yes component    81
  RMS grad  1.9850E-05 Target: 3.0000E-04 converged?  yes
Next calculation will be the dimer endpoint before rotation
dl-find/turbomole/=============================== Tstep:  119.1 Ttot:164453.6 ==
eandg
Spin: 
 Energy calculation finished, energy: -2.138680865E+03
Curvature at dimer midpoint                   -0.00297
Predicted dimer rotation angle:     11.883 deg
Next calculation will be the dimer endpoint after rotation
dl-find/turbomole/=============================== Tstep:  115.5 Ttot:164569.1 ==
eandg
Spin: 
 Energy calculation finished, energy: -2.138680865E+03
Curvature at dimer midpoint after rotation     0.00554
Curvature at dimer minimum                    -0.00298
Actual dimer rotation angle:         0.352 deg
Dimer rotation converged after    1 steps
Writing TS-mode
Curvature after dimer rotation:               -0.00298
Frequency of transition mode  -280.707 cm^-1 (negative value denotes imaginary frequency)
Crossover temperature for tunnelling       64.27877 K
Restarting L-BFGS optimiser, instance: dimer rotation
Next calculation will be the dimer  midpoint
dl-find/turbomole/=============================== Tstep:   98.7 Ttot:164667.8 ==
eandg
Spin: 
 Energy calculation finished, energy: -2.138680864E+03
Testing convergence of dimer midpoint in cycle  494
    Energy  2.0930E-06 Target: 1.0000E-06 converged?   no
  Max step  6.7676E-03 Target: 1.8000E-03 converged?   no component    39
  RMS step  2.0452E-03 Target: 1.2000E-03 converged?   no
  Max grad  1.1483E-04 Target: 4.5000E-04 converged?  yes component    83
  RMS grad  2.6977E-05 Target: 3.0000E-04 converged?  yes
Next calculation will be the dimer endpoint before rotation
dl-find/turbomole/=============================== Tstep:  119.2 Ttot:164787.0 ==
eandg
Spin: 
 Energy calculation finished, energy: -2.138680862E+03
Curvature at dimer midpoint                   -0.00298
Predicted dimer rotation angle:     11.527 deg
Next calculation will be the dimer endpoint after rotation
dl-find/turbomole/=============================== Tstep:  119.1 Ttot:164906.1 ==
eandg
Spin: 
 Energy calculation finished, energy: -2.138680863E+03
Curvature at dimer midpoint after rotation     0.00488
Curvature at dimer minimum                    -0.00299
Actual dimer rotation angle:         0.347 deg
Dimer rotation converged after    1 steps
Writing TS-mode
Curvature after dimer rotation:               -0.00299
Frequency of transition mode  -280.949 cm^-1 (negative value denotes imaginary frequency)
Crossover temperature for tunnelling       64.33415 K
Restarting L-BFGS optimiser, instance: dimer rotation
Next calculation will be the dimer  midpoint
dl-find/turbomole/=============================== Tstep:   98.1 Ttot:165004.2 ==
eandg
Spin: 
 Energy calculation finished, energy: -2.138680858E+03
Testing convergence of dimer midpoint in cycle  495
    Energy  5.4300E-06 Target: 1.0000E-06 converged?   no
  Max step  1.0271E-02 Target: 1.8000E-03 converged?   no component   102
  RMS step  3.1920E-03 Target: 1.2000E-03 converged?   no
  Max grad  3.4692E-04 Target: 4.5000E-04 converged?  yes component   174
  RMS grad  6.7320E-05 Target: 3.0000E-04 converged?  yes
Next calculation will be the dimer endpoint before rotation
dl-find/turbomole/=============================== Tstep:  122.8 Ttot:165127.0 ==
eandg
Spin: 
 Energy calculation finished, energy: -2.138680859E+03
Curvature at dimer midpoint                   -0.00298
Predicted dimer rotation angle:     11.446 deg
Next calculation will be the dimer endpoint after rotation
dl-find/turbomole/=============================== Tstep:  118.1 Ttot:165245.1 ==
eandg
Spin: 
 Energy calculation finished, energy: -2.138680859E+03
Curvature at dimer midpoint after rotation     0.00484
Curvature at dimer minimum                    -0.00299
Actual dimer rotation angle:         0.342 deg
Dimer rotation converged after    1 steps
Writing TS-mode
Curvature after dimer rotation:               -0.00299
Frequency of transition mode  -280.984 cm^-1 (negative value denotes imaginary frequency)
Crossover temperature for tunnelling       64.34215 K
Restarting L-BFGS optimiser, instance: dimer rotation
Next calculation will be the dimer  midpoint
dl-find/turbomole/=============================== Tstep:   98.2 Ttot:165343.3 ==
eandg
Spin: 
 Energy calculation finished, energy: -2.138680860E+03
Testing convergence of dimer midpoint in cycle  496
    Energy  2.0960E-06 Target: 1.0000E-06 converged?   no
  Max step  8.9458E-03 Target: 1.8000E-03 converged?   no component    14
  RMS step  2.4730E-03 Target: 1.2000E-03 converged?   no
  Max grad  8.7388E-05 Target: 4.5000E-04 converged?  yes component    55
  RMS grad  2.5602E-05 Target: 3.0000E-04 converged?  yes
Next calculation will be the dimer endpoint before rotation
dl-find/turbomole/=============================== Tstep:  118.5 Ttot:165461.8 ==
eandg
Spin: 
 Energy calculation finished, energy: -2.138680860E+03
Curvature at dimer midpoint                   -0.00299
Predicted dimer rotation angle:     11.138 deg
Next calculation will be the dimer endpoint after rotation
dl-find/turbomole/=============================== Tstep:  119.0 Ttot:165580.8 ==
eandg
Spin: 
 Energy calculation finished, energy: -2.138680859E+03
Curvature at dimer midpoint after rotation     0.00445
Curvature at dimer minimum                    -0.00300
Actual dimer rotation angle:         0.331 deg
Dimer rotation converged after    1 steps
Writing TS-mode
Curvature after dimer rotation:               -0.00300
Frequency of transition mode  -281.639 cm^-1 (negative value denotes imaginary frequency)
Crossover temperature for tunnelling       64.49204 K
Restarting L-BFGS optimiser, instance: dimer rotation
Next calculation will be the dimer  midpoint
dl-find/turbomole/=============================== Tstep:   97.0 Ttot:165677.8 ==
eandg
Spin: 
 Energy calculation finished, energy: -2.138680858E+03
Testing convergence of dimer midpoint in cycle  497
    Energy  2.1810E-06 Target: 1.0000E-06 converged?   no
  Max step  1.1245E-02 Target: 1.8000E-03 converged?   no component    14
  RMS step  2.8230E-03 Target: 1.2000E-03 converged?   no
  Max grad  5.1303E-05 Target: 4.5000E-04 converged?  yes component   187
  RMS grad  1.8956E-05 Target: 3.0000E-04 converged?  yes
Next calculation will be the dimer endpoint before rotation
dl-find/turbomole/=============================== Tstep:  125.5 Ttot:165803.3 ==
eandg
Spin: 
 Energy calculation finished, energy: -2.138680857E+03
Curvature at dimer midpoint                   -0.00300
Predicted dimer rotation angle:     10.872 deg
Next calculation will be the dimer endpoint after rotation
dl-find/turbomole/=============================== Tstep:  114.5 Ttot:165917.8 ==
eandg
Spin: 
 Energy calculation finished, energy: -2.138680858E+03
Curvature at dimer midpoint after rotation     0.00411
Curvature at dimer minimum                    -0.00301
Actual dimer rotation angle:         0.323 deg
Dimer rotation converged after    1 steps
Writing TS-mode
Curvature after dimer rotation:               -0.00301
Frequency of transition mode  -281.858 cm^-1 (negative value denotes imaginary frequency)
Crossover temperature for tunnelling       64.54215 K
Restarting L-BFGS optimiser, instance: dimer rotation
Next calculation will be the dimer  midpoint
dl-find/turbomole/=============================== Tstep:   85.6 Ttot:166003.4 ==
eandg
Spin: 
 Energy calculation finished, energy: -2.138680911E+03
Testing convergence of dimer midpoint in cycle  498
    Energy  5.2605E-05 Target: 1.0000E-06 converged?   no
  Max step  1.4279E-02 Target: 1.8000E-03 converged?   no component    14
  RMS step  3.6299E-03 Target: 1.2000E-03 converged?   no
  Max grad  9.0670E-05 Target: 4.5000E-04 converged?  yes component   174
  RMS grad  2.7436E-05 Target: 3.0000E-04 converged?  yes
Next calculation will be the dimer endpoint before rotation
dl-find/turbomole/=============================== Tstep:  130.3 Ttot:166133.7 ==
eandg
Spin: 
 Energy calculation finished, energy: -2.138680910E+03
Curvature at dimer midpoint                   -0.00300
Predicted dimer rotation angle:     10.603 deg
Next calculation will be the dimer endpoint after rotation
dl-find/turbomole/=============================== Tstep:  115.9 Ttot:166249.6 ==
eandg
Spin: 
 Energy calculation finished, energy: -2.138680909E+03
Curvature at dimer midpoint after rotation     0.00368
Curvature at dimer minimum                    -0.00301
Actual dimer rotation angle:         0.318 deg
Dimer rotation converged after    1 steps
Writing TS-mode
Curvature after dimer rotation:               -0.00301
Frequency of transition mode  -281.866 cm^-1 (negative value denotes imaginary frequency)
Crossover temperature for tunnelling       64.54414 K
Restarting L-BFGS optimiser, instance: dimer rotation
Next calculation will be the dimer  midpoint
dl-find/turbomole/=============================== Tstep:   98.5 Ttot:166348.1 ==
eandg
Spin: 
 Energy calculation finished, energy: -2.138680903E+03
Testing convergence of dimer midpoint in cycle  499
    Energy  7.6140E-06 Target: 1.0000E-06 converged?   no
  Max step  2.2280E-02 Target: 1.8000E-03 converged?   no component   116
  RMS step  5.3479E-03 Target: 1.2000E-03 converged?   no
  Max grad  1.9367E-04 Target: 4.5000E-04 converged?  yes component   135
  RMS grad  4.0503E-05 Target: 3.0000E-04 converged?  yes
Next calculation will be the dimer endpoint before rotation
dl-find/turbomole/=============================== Tstep:  119.4 Ttot:166467.5 ==
eandg
Spin: 
 Energy calculation finished, energy: -2.138680902E+03
Curvature at dimer midpoint                   -0.00300
Predicted dimer rotation angle:     10.489 deg
Next calculation will be the dimer endpoint after rotation
dl-find/turbomole/=============================== Tstep:  115.3 Ttot:166582.8 ==
eandg
Spin: 
 Energy calculation finished, energy: -2.138680902E+03
Curvature at dimer midpoint after rotation     0.00367
Curvature at dimer minimum                    -0.00301
Actual dimer rotation angle:         0.309 deg
Dimer rotation converged after    1 steps
Writing TS-mode
Curvature after dimer rotation:               -0.00301
Frequency of transition mode  -282.015 cm^-1 (negative value denotes imaginary frequency)
Crossover temperature for tunnelling       64.57820 K
Restarting L-BFGS optimiser, instance: dimer rotation
Next calculation will be the dimer  midpoint
dl-find/turbomole/=============================== Tstep:   98.4 Ttot:166681.2 ==
eandg
Spin: 
 Energy calculation finished, energy: -2.138680901E+03
Testing convergence of dimer midpoint in cycle  500
    Energy  1.6210E-06 Target: 1.0000E-06 converged?   no
  Max step  1.4546E-02 Target: 1.8000E-03 converged?   no component    14
  RMS step  4.3604E-03 Target: 1.2000E-03 converged?   no
  Max grad  4.4629E-04 Target: 4.5000E-04 converged?  yes component   174
  RMS grad  6.9218E-05 Target: 3.0000E-04 converged?  yes
Next calculation will be the dimer endpoint before rotation
dl-find/turbomole/=============================== Tstep:  123.9 Ttot:166805.1 ==
eandg
Spin: 
 Energy calculation finished, energy: -2.138680901E+03
Curvature at dimer midpoint                   -0.00302
Predicted dimer rotation angle:     10.146 deg
Next calculation will be the dimer endpoint after rotation
dl-find/turbomole/=============================== Tstep:  118.8 Ttot:166923.8 ==
eandg
Spin: 
 Energy calculation finished, energy: -2.138680901E+03
Curvature at dimer midpoint after rotation     0.00302
Curvature at dimer minimum                    -0.00302
Actual dimer rotation angle:         0.309 deg
Dimer rotation converged after    1 steps
Writing TS-mode
Curvature after dimer rotation:               -0.00302
Frequency of transition mode  -282.653 cm^-1 (negative value denotes imaginary frequency)
Crossover temperature for tunnelling       64.72427 K
Restarting L-BFGS optimiser, instance: dimer rotation
Next calculation will be the dimer  midpoint
dl-find/turbomole/=============================== Tstep:   98.2 Ttot:167022.1 ==
eandg
Spin: 
 Energy calculation finished, energy: -2.138680904E+03
Testing convergence of dimer midpoint in cycle  501
    Energy  2.5010E-06 Target: 1.0000E-06 converged?   no
  Max step  6.9097E-03 Target: 1.8000E-03 converged?   no component   241
  RMS step  1.8651E-03 Target: 1.2000E-03 converged?   no
  Max grad  1.0555E-04 Target: 4.5000E-04 converged?  yes component   174
  RMS grad  2.8158E-05 Target: 3.0000E-04 converged?  yes
Next calculation will be the dimer endpoint before rotation
dl-find/turbomole/=============================== Tstep:  121.3 Ttot:167143.3 ==
eandg
Spin: 
 Energy calculation finished, energy: -2.138680903E+03
Curvature at dimer midpoint                   -0.00303
Predicted dimer rotation angle:     10.090 deg
Next calculation will be the dimer endpoint after rotation
dl-find/turbomole/=============================== Tstep:  115.8 Ttot:167259.1 ==
eandg
Spin: 
 Energy calculation finished, energy: -2.138680903E+03
Curvature at dimer midpoint after rotation     0.00321
Curvature at dimer minimum                    -0.00304
Actual dimer rotation angle:         0.296 deg
Dimer rotation converged after    1 steps
Writing TS-mode
Curvature after dimer rotation:               -0.00304
Frequency of transition mode  -283.338 cm^-1 (negative value denotes imaginary frequency)
Crossover temperature for tunnelling       64.88108 K
Restarting L-BFGS optimiser, instance: dimer rotation
Next calculation will be the dimer  midpoint
dl-find/turbomole/=============================== Tstep:   86.0 Ttot:167345.1 ==
eandg
Spin: 
 Energy calculation finished, energy: -2.138680907E+03
Testing convergence of dimer midpoint in cycle  502
    Energy  2.6150E-06 Target: 1.0000E-06 converged?   no
  Max step  1.0149E-02 Target: 1.8000E-03 converged?   no component   241
  RMS step  2.3072E-03 Target: 1.2000E-03 converged?   no
  Max grad  9.2076E-05 Target: 4.5000E-04 converged?  yes component   174
  RMS grad  2.0208E-05 Target: 3.0000E-04 converged?  yes
Next calculation will be the dimer endpoint before rotation
dl-find/turbomole/=============================== Tstep:  117.5 Ttot:167462.5 ==
eandg
Spin: 
 Energy calculation finished, energy: -2.138680906E+03
Curvature at dimer midpoint                   -0.00305
Predicted dimer rotation angle:      9.659 deg
Next calculation will be the dimer endpoint after rotation
dl-find/turbomole/=============================== Tstep:  117.9 Ttot:167580.5 ==
eandg
Spin: 
 Energy calculation finished, energy: -2.138680905E+03
Curvature at dimer midpoint after rotation     0.00240
Curvature at dimer minimum                    -0.00305
Actual dimer rotation angle:         0.297 deg
Dimer rotation converged after    1 steps
Writing TS-mode
Curvature after dimer rotation:               -0.00305
Frequency of transition mode  -284.008 cm^-1 (negative value denotes imaginary frequency)
Crossover temperature for tunnelling       65.03456 K
Restarting L-BFGS optimiser, instance: dimer rotation
Next calculation will be the dimer  midpoint
dl-find/turbomole/=============================== Tstep:   97.4 Ttot:167677.9 ==
eandg
Spin: 
 Energy calculation finished, energy: -2.138680908E+03
Testing convergence of dimer midpoint in cycle  503
    Energy  1.1760E-06 Target: 1.0000E-06 converged?   no
  Max step  5.7696E-03 Target: 1.8000E-03 converged?   no component   241
  RMS step  1.1043E-03 Target: 1.2000E-03 converged?  yes
  Max grad  1.1810E-04 Target: 4.5000E-04 converged?  yes component   174
  RMS grad  2.3007E-05 Target: 3.0000E-04 converged?  yes
Next calculation will be the dimer endpoint before rotation
dl-find/turbomole/=============================== Tstep:  112.7 Ttot:167790.6 ==
eandg
Spin: 
 Energy calculation finished, energy: -2.138680907E+03
Curvature at dimer midpoint                   -0.00306
Predicted dimer rotation angle:      9.679 deg
Next calculation will be the dimer endpoint after rotation
dl-find/turbomole/=============================== Tstep:  119.2 Ttot:167909.8 ==
eandg
Spin: 
 Energy calculation finished, energy: -2.138680907E+03
Curvature at dimer midpoint after rotation     0.00273
Curvature at dimer minimum                    -0.00307
Actual dimer rotation angle:         0.283 deg
Dimer rotation converged after    1 steps
Writing TS-mode
Curvature after dimer rotation:               -0.00307
Frequency of transition mode  -284.633 cm^-1 (negative value denotes imaginary frequency)
Crossover temperature for tunnelling       65.17777 K
Restarting L-BFGS optimiser, instance: dimer rotation
Next calculation will be the dimer  midpoint
dl-find/turbomole/=============================== Tstep:   84.2 Ttot:167994.0 ==
eandg
Spin: 
 Energy calculation finished, energy: -2.138680905E+03
Testing convergence of dimer midpoint in cycle  504
    Energy  3.0090E-06 Target: 1.0000E-06 converged?   no
  Max step  7.8368E-03 Target: 1.8000E-03 converged?   no component   241
  RMS step  2.2417E-03 Target: 1.2000E-03 converged?   no
  Max grad  1.1011E-04 Target: 4.5000E-04 converged?  yes component   174
  RMS grad  2.7662E-05 Target: 3.0000E-04 converged?  yes
Next calculation will be the dimer endpoint before rotation
dl-find/turbomole/=============================== Tstep:  116.9 Ttot:168110.9 ==
eandg
Spin: 
 Energy calculation finished, energy: -2.138680903E+03
Curvature at dimer midpoint                   -0.00310
Predicted dimer rotation angle:      9.415 deg
Next calculation will be the dimer endpoint after rotation
dl-find/turbomole/=============================== Tstep:  119.4 Ttot:168230.3 ==
eandg
Spin: 
 Energy calculation finished, energy: -2.138680904E+03
Curvature at dimer midpoint after rotation     0.00188
Curvature at dimer minimum                    -0.00311
Actual dimer rotation angle:         0.305 deg
Dimer rotation converged after    1 steps
Writing TS-mode
Curvature after dimer rotation:               -0.00311
Frequency of transition mode  -286.567 cm^-1 (negative value denotes imaginary frequency)
Crossover temperature for tunnelling       65.62048 K
Restarting L-BFGS optimiser, instance: dimer rotation
Next calculation will be the dimer  midpoint
dl-find/turbomole/=============================== Tstep:   97.5 Ttot:168327.8 ==
eandg
Spin: 
 Energy calculation finished, energy: -2.138681510E+03
Testing convergence of dimer midpoint in cycle  505
    Energy  6.0529E-04 Target: 1.0000E-06 converged?   no
  Max step  1.4637E-02 Target: 1.8000E-03 converged?   no component    39
  RMS step  5.2824E-03 Target: 1.2000E-03 converged?   no
  Max grad  5.6431E-04 Target: 4.5000E-04 converged?   no component    72
  RMS grad  1.2340E-04 Target: 3.0000E-04 converged?  yes
Next calculation will be the dimer endpoint before rotation
dl-find/turbomole/=============================== Tstep:  136.3 Ttot:168464.1 ==
eandg
Spin: 
 Energy calculation finished, energy: -2.138681509E+03
Curvature at dimer midpoint                   -0.00313
Predicted dimer rotation angle:      9.606 deg
Next calculation will be the dimer endpoint after rotation
dl-find/turbomole/=============================== Tstep:  116.1 Ttot:168580.2 ==
eandg
Spin: 
 Energy calculation finished, energy: -2.138681509E+03
Curvature at dimer midpoint after rotation     0.00298
Curvature at dimer minimum                    -0.00313
Actual dimer rotation angle:         0.269 deg
Dimer rotation converged after    1 steps
Writing TS-mode
Curvature after dimer rotation:               -0.00313
Frequency of transition mode  -287.689 cm^-1 (negative value denotes imaginary frequency)
Crossover temperature for tunnelling       65.87740 K
Restarting L-BFGS optimiser, instance: dimer rotation
Next calculation will be the dimer  midpoint
dl-find/turbomole/=============================== Tstep:   86.2 Ttot:168666.4 ==
eandg
Spin: 
 Energy calculation finished, energy: -2.138681517E+03
Testing convergence of dimer midpoint in cycle  506
    Energy  6.9200E-06 Target: 1.0000E-06 converged?   no
  Max step  1.9606E-02 Target: 1.8000E-03 converged?   no component   131
  RMS step  6.4864E-03 Target: 1.2000E-03 converged?   no
  Max grad  3.3765E-04 Target: 4.5000E-04 converged?  yes component    59
  RMS grad  5.3644E-05 Target: 3.0000E-04 converged?  yes
Next calculation will be the dimer endpoint before rotation
dl-find/turbomole/=============================== Tstep:  124.3 Ttot:168790.6 ==
eandg
Spin: 
 Energy calculation finished, energy: -2.138681516E+03
Curvature at dimer midpoint                   -0.00312
Predicted dimer rotation angle:      8.671 deg
Next calculation will be the dimer endpoint after rotation
dl-find/turbomole/=============================== Tstep:  119.0 Ttot:168909.7 ==
eandg
Spin: 
 Energy calculation finished, energy: -2.138681513E+03
Curvature at dimer midpoint after rotation     0.00106
Curvature at dimer minimum                    -0.00312
Actual dimer rotation angle:         0.284 deg
Dimer rotation converged after    1 steps
Writing TS-mode
Curvature after dimer rotation:               -0.00312
Frequency of transition mode  -287.203 cm^-1 (negative value denotes imaginary frequency)
Crossover temperature for tunnelling       65.76621 K
Restarting L-BFGS optimiser, instance: dimer rotation
Next calculation will be the dimer  midpoint
dl-find/turbomole/=============================== Tstep:   90.8 Ttot:169000.5 ==
eandg
Spin: 
 Energy calculation finished, energy: -2.138680851E+03
Testing convergence of dimer midpoint in cycle  507
    Energy  6.6555E-04 Target: 1.0000E-06 converged?   no
  Max step  9.1413E-02 Target: 1.8000E-03 converged?   no component    14
  RMS step  2.7346E-02 Target: 1.2000E-03 converged?   no
  Max grad  3.2998E-04 Target: 4.5000E-04 converged?  yes component   178
  RMS grad  5.4417E-05 Target: 3.0000E-04 converged?  yes
Next calculation will be the dimer endpoint before rotation
dl-find/turbomole/=============================== Tstep:  143.6 Ttot:169144.1 ==
eandg
Spin: 
 Energy calculation finished, energy: -2.138680851E+03
Curvature at dimer midpoint                   -0.00317
Predicted dimer rotation angle:      9.454 deg
Next calculation will be the dimer endpoint after rotation
dl-find/turbomole/=============================== Tstep:  119.3 Ttot:169263.4 ==
eandg
Spin: 
 Energy calculation finished, energy: -2.138680851E+03
Curvature at dimer midpoint after rotation     0.00278
Curvature at dimer minimum                    -0.00318
Actual dimer rotation angle:         0.266 deg
Dimer rotation converged after    1 steps
Writing TS-mode
Curvature after dimer rotation:               -0.00318
Frequency of transition mode  -289.800 cm^-1 (negative value denotes imaginary frequency)
Crossover temperature for tunnelling       66.36087 K
Restarting L-BFGS optimiser, instance: dimer rotation
Next calculation will be the dimer  midpoint
dl-find/turbomole/=============================== Tstep:   96.2 Ttot:169359.7 ==
eandg
Spin: 
 Energy calculation finished, energy: -2.138680854E+03
Testing convergence of dimer midpoint in cycle  508
    Energy  2.6260E-06 Target: 1.0000E-06 converged?   no
  Max step  6.1569E-02 Target: 1.8000E-03 converged?   no component    14
  RMS step  1.6869E-02 Target: 1.2000E-03 converged?   no
  Max grad  2.5520E-04 Target: 4.5000E-04 converged?  yes component   218
  RMS grad  4.4388E-05 Target: 3.0000E-04 converged?  yes
Next calculation will be the dimer endpoint before rotation
dl-find/turbomole/=============================== Tstep:  135.8 Ttot:169495.4 ==
eandg
Spin: 
 Energy calculation finished, energy: -2.138680854E+03
Curvature at dimer midpoint                   -0.00312
Predicted dimer rotation angle:      9.452 deg
Next calculation will be the dimer endpoint after rotation
dl-find/turbomole/=============================== Tstep:  112.9 Ttot:169608.3 ==
eandg
Spin: 
 Energy calculation finished, energy: -2.138680854E+03
Curvature at dimer midpoint after rotation     0.00265
Curvature at dimer minimum                    -0.00313
Actual dimer rotation angle:         0.270 deg
Dimer rotation converged after    1 steps
Writing TS-mode
Curvature after dimer rotation:               -0.00313
Frequency of transition mode  -287.574 cm^-1 (negative value denotes imaginary frequency)
Crossover temperature for tunnelling       65.85113 K
Restarting L-BFGS optimiser, instance: dimer rotation
Next calculation will be the dimer  midpoint
dl-find/turbomole/=============================== Tstep:   94.0 Ttot:169702.4 ==
eandg
Spin: 
 Energy calculation finished, energy: -2.138681499E+03
Testing convergence of dimer midpoint in cycle  509
    Energy  6.4525E-04 Target: 1.0000E-06 converged?   no
  Max step  8.9323E-02 Target: 1.8000E-03 converged?   no component    14
  RMS step  2.7427E-02 Target: 1.2000E-03 converged?   no
  Max grad  9.3872E-04 Target: 4.5000E-04 converged?   no component   253
  RMS grad  1.5186E-04 Target: 3.0000E-04 converged?  yes
Next calculation will be the dimer endpoint before rotation
dl-find/turbomole/=============================== Tstep:  147.7 Ttot:169850.1 ==
eandg
Spin: 
 Energy calculation finished, energy: -2.138681498E+03
Curvature at dimer midpoint                   -0.00315
Predicted dimer rotation angle:      8.067 deg
Next calculation will be the dimer endpoint after rotation
dl-find/turbomole/=============================== Tstep:  119.9 Ttot:169970.0 ==
eandg
Spin: 
 Energy calculation finished, energy: -2.138681497E+03
Curvature at dimer midpoint after rotation     0.00054
Curvature at dimer minimum                    -0.00315
Actual dimer rotation angle:         0.261 deg
Dimer rotation converged after    1 steps
Writing TS-mode
Curvature after dimer rotation:               -0.00315
Frequency of transition mode  -288.590 cm^-1 (negative value denotes imaginary frequency)
Crossover temperature for tunnelling       66.08377 K
Restarting L-BFGS optimiser, instance: dimer rotation
Next calculation will be the dimer  midpoint
dl-find/turbomole/=============================== Tstep:   92.2 Ttot:170062.2 ==
eandg
Spin: 
 Energy calculation finished, energy: -2.138680901E+03
Testing convergence of dimer midpoint in cycle  510
    Energy  5.9783E-04 Target: 1.0000E-06 converged?   no
  Max step  5.1074E-02 Target: 1.8000E-03 converged?   no component    14
  RMS step  1.5484E-02 Target: 1.2000E-03 converged?   no
  Max grad  1.0275E-04 Target: 4.5000E-04 converged?  yes component    59
  RMS grad  2.4281E-05 Target: 3.0000E-04 converged?  yes
Next calculation will be the dimer endpoint before rotation
dl-find/turbomole/=============================== Tstep:  140.9 Ttot:170203.1 ==
eandg
Spin: 
 Energy calculation finished, energy: -2.138680901E+03
Curvature at dimer midpoint                   -0.00314
Predicted dimer rotation angle:      8.969 deg
Next calculation will be the dimer endpoint after rotation
dl-find/turbomole/=============================== Tstep:  115.7 Ttot:170318.8 ==
eandg
Spin: 
 Energy calculation finished, energy: -2.138680900E+03
Curvature at dimer midpoint after rotation     0.00210
Curvature at dimer minimum                    -0.00314
Actual dimer rotation angle:         0.255 deg
Dimer rotation converged after    1 steps
Writing TS-mode
Curvature after dimer rotation:               -0.00314
Frequency of transition mode  -288.225 cm^-1 (negative value denotes imaginary frequency)
Crossover temperature for tunnelling       66.00027 K
Restarting L-BFGS optimiser, instance: dimer rotation
Next calculation will be the dimer  midpoint
dl-find/turbomole/=============================== Tstep:   92.6 Ttot:170411.4 ==
eandg
Spin: 
 Energy calculation finished, energy: -2.138680862E+03
Testing convergence of dimer midpoint in cycle  511
    Energy  3.9347E-05 Target: 1.0000E-06 converged?   no
  Max step  1.2494E-02 Target: 1.8000E-03 converged?   no component    14
  RMS step  3.5160E-03 Target: 1.2000E-03 converged?   no
  Max grad  6.5089E-05 Target: 4.5000E-04 converged?  yes component    59
  RMS grad  1.5084E-05 Target: 3.0000E-04 converged?  yes
Next calculation will be the dimer endpoint before rotation
dl-find/turbomole/=============================== Tstep:  131.3 Ttot:170542.7 ==
eandg
Spin: 
 Energy calculation finished, energy: -2.138680862E+03
Curvature at dimer midpoint                   -0.00315
Predicted dimer rotation angle:      7.863 deg
Next calculation will be the dimer endpoint after rotation
dl-find/turbomole/=============================== Tstep:  115.3 Ttot:170658.0 ==
eandg
Spin: 
 Energy calculation finished, energy: -2.138680862E+03
Curvature at dimer midpoint after rotation     0.00012
Curvature at dimer minimum                    -0.00316
Actual dimer rotation angle:         0.271 deg
Dimer rotation converged after    1 steps
Writing TS-mode
Curvature after dimer rotation:               -0.00316
Frequency of transition mode  -288.780 cm^-1 (negative value denotes imaginary frequency)
Crossover temperature for tunnelling       66.12726 K
Restarting L-BFGS optimiser, instance: dimer rotation
Next calculation will be the dimer  midpoint
dl-find/turbomole/=============================== Tstep:   84.7 Ttot:170742.8 ==
eandg
Spin: 
 Energy calculation finished, energy: -2.138681505E+03
Testing convergence of dimer midpoint in cycle  512
    Energy  6.4244E-04 Target: 1.0000E-06 converged?   no
  Max step  2.8459E-02 Target: 1.8000E-03 converged?   no component   131
  RMS step  8.8115E-03 Target: 1.2000E-03 converged?   no
  Max grad  3.8211E-04 Target: 4.5000E-04 converged?  yes component   178
  RMS grad  5.3548E-05 Target: 3.0000E-04 converged?  yes
Next calculation will be the dimer endpoint before rotation
dl-find/turbomole/=============================== Tstep:  137.3 Ttot:170880.1 ==
eandg
Spin: 
 Energy calculation finished, energy: -2.138681504E+03
Curvature at dimer midpoint                   -0.00316
Predicted dimer rotation angle:      7.902 deg
Next calculation will be the dimer endpoint after rotation
dl-find/turbomole/=============================== Tstep:  117.7 Ttot:170997.8 ==
eandg
Spin: 
 Energy calculation finished, energy: -2.138681504E+03
Curvature at dimer midpoint after rotation     0.00061
Curvature at dimer minimum                    -0.00317
Actual dimer rotation angle:         0.242 deg
Dimer rotation converged after    1 steps
Writing TS-mode
Curvature after dimer rotation:               -0.00317
Frequency of transition mode  -289.197 cm^-1 (negative value denotes imaginary frequency)
Crossover temperature for tunnelling       66.22284 K
Restarting L-BFGS optimiser, instance: dimer rotation
Next calculation will be the dimer  midpoint
dl-find/turbomole/=============================== Tstep:   84.5 Ttot:171082.3 ==
eandg
Spin: 
 Energy calculation finished, energy: -2.138681514E+03
Testing convergence of dimer midpoint in cycle  513
    Energy  9.2930E-06 Target: 1.0000E-06 converged?   no
  Max step  2.3433E-02 Target: 1.8000E-03 converged?   no component    14
  RMS step  6.9210E-03 Target: 1.2000E-03 converged?   no
  Max grad  3.3883E-04 Target: 4.5000E-04 converged?  yes component    59
  RMS grad  4.9852E-05 Target: 3.0000E-04 converged?  yes
Next calculation will be the dimer endpoint before rotation
dl-find/turbomole/=============================== Tstep:  130.6 Ttot:171212.9 ==
eandg
Spin: 
 Energy calculation finished, energy: -2.138681513E+03
Curvature at dimer midpoint                   -0.00317
Predicted dimer rotation angle:      7.631 deg
Next calculation will be the dimer endpoint after rotation
dl-find/turbomole/=============================== Tstep:  119.2 Ttot:171332.1 ==
eandg
Spin: 
 Energy calculation finished, energy: -2.138681513E+03
Curvature at dimer midpoint after rotation     0.00031
Curvature at dimer minimum                    -0.00317
Actual dimer rotation angle:         0.236 deg
Dimer rotation converged after    1 steps
Writing TS-mode
Curvature after dimer rotation:               -0.00317
Frequency of transition mode  -289.644 cm^-1 (negative value denotes imaginary frequency)
Crossover temperature for tunnelling       66.32505 K
Restarting L-BFGS optimiser, instance: dimer rotation
Next calculation will be the dimer  midpoint
dl-find/turbomole/=============================== Tstep:   84.9 Ttot:171417.1 ==
eandg
Spin: 
 Energy calculation finished, energy: -2.138680848E+03
Testing convergence of dimer midpoint in cycle  514
    Energy  6.6557E-04 Target: 1.0000E-06 converged?   no
  Max step  9.9755E-02 Target: 1.8000E-03 converged?   no component    14
  RMS step  3.2440E-02 Target: 1.2000E-03 converged?   no
  Max grad  4.5247E-04 Target: 4.5000E-04 converged?   no component   245
  RMS grad  8.5983E-05 Target: 3.0000E-04 converged?  yes
Next calculation will be the dimer endpoint before rotation
dl-find/turbomole/=============================== Tstep:  147.7 Ttot:171564.7 ==
eandg
Spin: 
 Energy calculation finished, energy: -2.138680848E+03
Curvature at dimer midpoint                   -0.00317
Predicted dimer rotation angle:      8.845 deg
Next calculation will be the dimer endpoint after rotation
dl-find/turbomole/=============================== Tstep:  118.4 Ttot:171683.2 ==
eandg
Spin: 
 Energy calculation finished, energy: -2.138680847E+03
Curvature at dimer midpoint after rotation     0.00227
Curvature at dimer minimum                    -0.00318
Actual dimer rotation angle:         0.239 deg
Dimer rotation converged after    1 steps
Writing TS-mode
Curvature after dimer rotation:               -0.00318
Frequency of transition mode  -289.830 cm^-1 (negative value denotes imaginary frequency)
Crossover temperature for tunnelling       66.36763 K
Restarting L-BFGS optimiser, instance: dimer rotation
Next calculation will be the dimer  midpoint
dl-find/turbomole/=============================== Tstep:   90.4 Ttot:171773.6 ==
eandg
Spin: 
 Energy calculation finished, energy: -2.138680852E+03
Testing convergence of dimer midpoint in cycle  515
    Energy  3.7590E-06 Target: 1.0000E-06 converged?   no
  Max step  5.5796E-02 Target: 1.8000E-03 converged?   no component   131
  RMS step  1.7807E-02 Target: 1.2000E-03 converged?   no
  Max grad  5.2435E-04 Target: 4.5000E-04 converged?   no component   245
  RMS grad  8.3997E-05 Target: 3.0000E-04 converged?  yes
Next calculation will be the dimer endpoint before rotation
dl-find/turbomole/=============================== Tstep:  129.7 Ttot:171903.3 ==
eandg
Spin: 
 Energy calculation finished, energy: -2.138680851E+03
Curvature at dimer midpoint                   -0.00318
Predicted dimer rotation angle:      8.027 deg
Next calculation will be the dimer endpoint after rotation
dl-find/turbomole/=============================== Tstep:  119.5 Ttot:172022.7 ==
eandg
Spin: 
 Energy calculation finished, energy: -2.138680851E+03
Curvature at dimer midpoint after rotation     0.00083
Curvature at dimer minimum                    -0.00319
Actual dimer rotation angle:         0.240 deg
Dimer rotation converged after    1 steps
Writing TS-mode
Curvature after dimer rotation:               -0.00319
Frequency of transition mode  -290.109 cm^-1 (negative value denotes imaginary frequency)
Crossover temperature for tunnelling       66.43164 K
Restarting L-BFGS optimiser, instance: dimer rotation
Next calculation will be the dimer  midpoint
dl-find/turbomole/=============================== Tstep:   93.7 Ttot:172116.4 ==
eandg
Spin: 
 Energy calculation finished, energy: -2.138681513E+03
Testing convergence of dimer midpoint in cycle  516
    Energy  6.6148E-04 Target: 1.0000E-06 converged?   no
  Max step  5.7796E-02 Target: 1.8000E-03 converged?   no component    14
  RMS step  1.8304E-02 Target: 1.2000E-03 converged?   no
  Max grad  3.2354E-04 Target: 4.5000E-04 converged?  yes component   178
  RMS grad  5.1487E-05 Target: 3.0000E-04 converged?  yes
Next calculation will be the dimer endpoint before rotation
dl-find/turbomole/=============================== Tstep:  143.0 Ttot:172259.4 ==
eandg
Spin: 
 Energy calculation finished, energy: -2.138681512E+03
Curvature at dimer midpoint                   -0.00319
Predicted dimer rotation angle:      6.276 deg
Next calculation will be the dimer endpoint after rotation
dl-find/turbomole/=============================== Tstep:  118.2 Ttot:172377.6 ==
eandg
Spin: 
 Energy calculation finished, energy: -2.138681510E+03
Curvature at dimer midpoint after rotation    -0.00168
Curvature at dimer minimum                    -0.00319
Actual dimer rotation angle:         0.293 deg
Dimer rotation converged after    1 steps
Writing TS-mode
Curvature after dimer rotation:               -0.00319
Frequency of transition mode  -290.557 cm^-1 (negative value denotes imaginary frequency)
Crossover temperature for tunnelling       66.53424 K
Restarting L-BFGS optimiser, instance: dimer rotation
Next calculation will be the dimer  midpoint
dl-find/turbomole/=============================== Tstep:   87.7 Ttot:172465.3 ==
eandg
Spin: 
 Energy calculation finished, energy: -2.138680902E+03
Testing convergence of dimer midpoint in cycle  517
    Energy  6.1115E-04 Target: 1.0000E-06 converged?   no
  Max step  3.4959E-02 Target: 1.8000E-03 converged?   no component    14
  RMS step  1.1009E-02 Target: 1.2000E-03 converged?   no
  Max grad  1.1934E-04 Target: 4.5000E-04 converged?  yes component    59
  RMS grad  2.4014E-05 Target: 3.0000E-04 converged?  yes
Next calculation will be the dimer endpoint before rotation
dl-find/turbomole/=============================== Tstep:  141.8 Ttot:172607.0 ==
eandg
Spin: 
 Energy calculation finished, energy: -2.138680902E+03
Curvature at dimer midpoint                   -0.00319
Predicted dimer rotation angle:      8.639 deg
Next calculation will be the dimer endpoint after rotation
dl-find/turbomole/=============================== Tstep:  114.3 Ttot:172721.3 ==
eandg
Spin: 
 Energy calculation finished, energy: -2.138680901E+03
Curvature at dimer midpoint after rotation     0.00282
Curvature at dimer minimum                    -0.00320
Actual dimer rotation angle:         0.203 deg
Dimer rotation converged after    1 steps
Writing TS-mode
Curvature after dimer rotation:               -0.00320
Frequency of transition mode  -290.630 cm^-1 (negative value denotes imaginary frequency)
Crossover temperature for tunnelling       66.55102 K
Restarting L-BFGS optimiser, instance: dimer rotation
Next calculation will be the dimer  midpoint
dl-find/turbomole/=============================== Tstep:   84.9 Ttot:172806.3 ==
eandg
Spin: 
 Energy calculation finished, energy: -2.138680864E+03
Testing convergence of dimer midpoint in cycle  518
    Energy  3.8555E-05 Target: 1.0000E-06 converged?   no
  Max step  1.3654E-02 Target: 1.8000E-03 converged?   no component   131
  RMS step  3.9453E-03 Target: 1.2000E-03 converged?   no
  Max grad  1.0088E-04 Target: 4.5000E-04 converged?  yes component    59
  RMS grad  2.0439E-05 Target: 3.0000E-04 converged?  yes
Next calculation will be the dimer endpoint before rotation
dl-find/turbomole/=============================== Tstep:  131.3 Ttot:172937.5 ==
eandg
Spin: 
 Energy calculation finished, energy: -2.138680863E+03
Curvature at dimer midpoint                   -0.00320
Predicted dimer rotation angle:      6.131 deg
Next calculation will be the dimer endpoint after rotation
dl-find/turbomole/=============================== Tstep:  119.0 Ttot:173056.6 ==
eandg
Spin: 
 Energy calculation finished, energy: -2.138680864E+03
Curvature at dimer midpoint after rotation    -0.00171
Curvature at dimer minimum                    -0.00321
Actual dimer rotation angle:         0.277 deg
Dimer rotation converged after    1 steps
Writing TS-mode
Curvature after dimer rotation:               -0.00321
Frequency of transition mode  -291.137 cm^-1 (negative value denotes imaginary frequency)
Crossover temperature for tunnelling       66.66699 K
Restarting L-BFGS optimiser, instance: dimer rotation
Next calculation will be the dimer  midpoint
dl-find/turbomole/=============================== Tstep:   84.1 Ttot:173140.7 ==
eandg
Spin: 
 Energy calculation finished, energy: -2.138681510E+03
Testing convergence of dimer midpoint in cycle  519
    Energy  6.4598E-04 Target: 1.0000E-06 converged?   no
  Max step  3.0077E-02 Target: 1.8000E-03 converged?   no component   131
  RMS step  9.0120E-03 Target: 1.2000E-03 converged?   no
  Max grad  3.3402E-04 Target: 4.5000E-04 converged?  yes component   178
  RMS grad  4.9995E-05 Target: 3.0000E-04 converged?  yes
Next calculation will be the dimer endpoint before rotation
dl-find/turbomole/=============================== Tstep:  135.2 Ttot:173275.9 ==
eandg
Spin: 
 Energy calculation finished, energy: -2.138681511E+03
Curvature at dimer midpoint                   -0.00324
Predicted dimer rotation angle:      8.335 deg
Next calculation will be the dimer endpoint after rotation
dl-find/turbomole/=============================== Tstep:  120.0 Ttot:173395.9 ==
eandg
Spin: 
 Energy calculation finished, energy: -2.138681511E+03
Curvature at dimer midpoint after rotation     0.00203
Curvature at dimer minimum                    -0.00325
Actual dimer rotation angle:         0.211 deg
Dimer rotation converged after    1 steps
Writing TS-mode
Curvature after dimer rotation:               -0.00325
Frequency of transition mode  -292.870 cm^-1 (negative value denotes imaginary frequency)
Crossover temperature for tunnelling       67.06378 K
Restarting L-BFGS optimiser, instance: dimer rotation
Next calculation will be the dimer  midpoint
dl-find/turbomole/=============================== Tstep:   93.6 Ttot:173489.5 ==
eandg
Spin: 
 Energy calculation finished, energy: -2.138681517E+03
Testing convergence of dimer midpoint in cycle  520
    Energy  6.9970E-06 Target: 1.0000E-06 converged?   no
  Max step  1.9360E-02 Target: 1.8000E-03 converged?   no component   131
  RMS step  5.8778E-03 Target: 1.2000E-03 converged?   no
  Max grad  2.8395E-04 Target: 4.5000E-04 converged?  yes component   178
  RMS grad  4.0356E-05 Target: 3.0000E-04 converged?  yes
Next calculation will be the dimer endpoint before rotation
dl-find/turbomole/=============================== Tstep:  120.1 Ttot:173609.6 ==
eandg
Spin: 
 Energy calculation finished, energy: -2.138681516E+03
Curvature at dimer midpoint                   -0.00322
Predicted dimer rotation angle:      6.255 deg
Next calculation will be the dimer endpoint after rotation
dl-find/turbomole/=============================== Tstep:  118.3 Ttot:173727.9 ==
eandg
Spin: 
 Energy calculation finished, energy: -2.138681516E+03
Curvature at dimer midpoint after rotation    -0.00129
Curvature at dimer minimum                    -0.00322
Actual dimer rotation angle:         0.233 deg
Dimer rotation converged after    1 steps
Writing TS-mode
Curvature after dimer rotation:               -0.00322
Frequency of transition mode  -291.783 cm^-1 (negative value denotes imaginary frequency)
Crossover temperature for tunnelling       66.81501 K
Restarting L-BFGS optimiser, instance: dimer rotation
Next calculation will be the dimer  midpoint
dl-find/turbomole/=============================== Tstep:   85.7 Ttot:173813.6 ==
eandg
Spin: 
 Energy calculation finished, energy: -2.138680852E+03
Testing convergence of dimer midpoint in cycle  521
    Energy  6.6480E-04 Target: 1.0000E-06 converged?   no
  Max step  9.6892E-02 Target: 1.8000E-03 converged?   no component   131
  RMS step  3.0274E-02 Target: 1.2000E-03 converged?   no
  Max grad  3.7385E-04 Target: 4.5000E-04 converged?  yes component   253
  RMS grad  8.0385E-05 Target: 3.0000E-04 converged?  yes
Next calculation will be the dimer endpoint before rotation
dl-find/turbomole/=============================== Tstep:  147.8 Ttot:173961.4 ==
eandg
Spin: 
 Energy calculation finished, energy: -2.138680852E+03
Curvature at dimer midpoint                   -0.00322
Predicted dimer rotation angle:      7.402 deg
Next calculation will be the dimer endpoint after rotation
dl-find/turbomole/=============================== Tstep:  115.6 Ttot:174077.1 ==
eandg
Spin: 
 Energy calculation finished, energy: -2.138680852E+03
Curvature at dimer midpoint after rotation     0.00071
Curvature at dimer minimum                    -0.00322
Actual dimer rotation angle:         0.195 deg
Dimer rotation converged after    1 steps
Writing TS-mode
Curvature after dimer rotation:               -0.00322
Frequency of transition mode  -291.762 cm^-1 (negative value denotes imaginary frequency)
Crossover temperature for tunnelling       66.81012 K
Restarting L-BFGS optimiser, instance: dimer rotation
Next calculation will be the dimer  midpoint
dl-find/turbomole/=============================== Tstep:   84.6 Ttot:174161.7 ==
eandg
Spin: 
 Energy calculation finished, energy: -2.138680853E+03
Testing convergence of dimer midpoint in cycle  522
    Energy  7.0000E-07 Target: 1.0000E-06 converged?  yes
  Max step  5.4881E-02 Target: 1.8000E-03 converged?   no component   131
  RMS step  1.7027E-02 Target: 1.2000E-03 converged?   no
  Max grad  2.9273E-04 Target: 4.5000E-04 converged?  yes component   218
  RMS grad  6.0635E-05 Target: 3.0000E-04 converged?  yes
Next calculation will be the dimer endpoint before rotation
dl-find/turbomole/=============================== Tstep:  132.1 Ttot:174293.8 ==
eandg
Spin: 
 Energy calculation finished, energy: -2.138680853E+03
Curvature at dimer midpoint                   -0.00322
Predicted dimer rotation angle:      6.456 deg
Next calculation will be the dimer endpoint after rotation
dl-find/turbomole/=============================== Tstep:  115.5 Ttot:174409.3 ==
eandg
Spin: 
 Energy calculation finished, energy: -2.138680852E+03
Curvature at dimer midpoint after rotation    -0.00086
Curvature at dimer minimum                    -0.00322
Actual dimer rotation angle:         0.212 deg
Dimer rotation converged after    1 steps
Writing TS-mode
Curvature after dimer rotation:               -0.00322
Frequency of transition mode  -291.746 cm^-1 (negative value denotes imaginary frequency)
Crossover temperature for tunnelling       66.80653 K
Restarting L-BFGS optimiser, instance: dimer rotation
Next calculation will be the dimer  midpoint
dl-find/turbomole/=============================== Tstep:   92.5 Ttot:174501.7 ==
eandg
Spin: 
 Energy calculation finished, energy: -2.138681512E+03
Testing convergence of dimer midpoint in cycle  523
    Energy  6.5901E-04 Target: 1.0000E-06 converged?   no
  Max step  6.6754E-02 Target: 1.8000E-03 converged?   no component   131
  RMS step  2.0429E-02 Target: 1.2000E-03 converged?   no
  Max grad  3.2464E-04 Target: 4.5000E-04 converged?  yes component   178
  RMS grad  4.6253E-05 Target: 3.0000E-04 converged?  yes
Next calculation will be the dimer endpoint before rotation
dl-find/turbomole/=============================== Tstep:  143.0 Ttot:174644.7 ==
eandg
Spin: 
 Energy calculation finished, energy: -2.138681513E+03
Curvature at dimer midpoint                   -0.00326
Predicted dimer rotation angle:      6.437 deg
Next calculation will be the dimer endpoint after rotation
dl-find/turbomole/=============================== Tstep:  118.2 Ttot:174763.0 ==
eandg
Spin: 
 Energy calculation finished, energy: -2.138681513E+03
Curvature at dimer midpoint after rotation    -0.00108
Curvature at dimer minimum                    -0.00326
Actual dimer rotation angle:         0.228 deg
Dimer rotation converged after    1 steps
Writing TS-mode
Curvature after dimer rotation:               -0.00326
Frequency of transition mode  -293.711 cm^-1 (negative value denotes imaginary frequency)
Crossover temperature for tunnelling       67.25644 K
Restarting L-BFGS optimiser, instance: dimer rotation
Next calculation will be the dimer  midpoint
dl-find/turbomole/=============================== Tstep:   96.7 Ttot:174859.7 ==
eandg
Spin: 
 Energy calculation finished, energy: -2.138680865E+03
Testing convergence of dimer midpoint in cycle  524
    Energy  6.4633E-04 Target: 1.0000E-06 converged?   no
  Max step  3.5393E-02 Target: 1.8000E-03 converged?   no component   131
  RMS step  1.1054E-02 Target: 1.2000E-03 converged?   no
  Max grad  1.3225E-04 Target: 4.5000E-04 converged?  yes component    59
  RMS grad  2.1133E-05 Target: 3.0000E-04 converged?  yes
Next calculation will be the dimer endpoint before rotation
dl-find/turbomole/=============================== Tstep:  144.2 Ttot:175003.9 ==
eandg
Spin: 
 Energy calculation finished, energy: -2.138680866E+03
Curvature at dimer midpoint                   -0.00325
Predicted dimer rotation angle:      6.987 deg
Next calculation will be the dimer endpoint after rotation
dl-find/turbomole/=============================== Tstep:  119.2 Ttot:175123.1 ==
eandg
Spin: 
 Energy calculation finished, energy: -2.138680865E+03
Curvature at dimer midpoint after rotation     0.00010
Curvature at dimer minimum                    -0.00325
Actual dimer rotation angle:         0.193 deg
Dimer rotation converged after    1 steps
Writing TS-mode
Curvature after dimer rotation:               -0.00325
Frequency of transition mode  -293.233 cm^-1 (negative value denotes imaginary frequency)
Crossover temperature for tunnelling       67.14707 K
Restarting L-BFGS optimiser, instance: dimer rotation
Next calculation will be the dimer  midpoint
dl-find/turbomole/=============================== Tstep:   96.5 Ttot:175219.6 ==
eandg
Spin: 
 Energy calculation finished, energy: -2.138681520E+03
Testing convergence of dimer midpoint in cycle  525
    Energy  6.5431E-04 Target: 1.0000E-06 converged?   no
  Max step  1.1362E-02 Target: 1.8000E-03 converged?   no component   131
  RMS step  3.2984E-03 Target: 1.2000E-03 converged?   no
  Max grad  2.9234E-04 Target: 4.5000E-04 converged?  yes component    59
  RMS grad  4.4254E-05 Target: 3.0000E-04 converged?  yes
Next calculation will be the dimer endpoint before rotation
dl-find/turbomole/=============================== Tstep:  135.8 Ttot:175355.4 ==
eandg
Spin: 
 Energy calculation finished, energy: -2.138681519E+03
Curvature at dimer midpoint                   -0.00326
Predicted dimer rotation angle:      5.810 deg
Next calculation will be the dimer endpoint after rotation
dl-find/turbomole/=============================== Tstep:  119.2 Ttot:175474.6 ==
eandg
Spin: 
 Energy calculation finished, energy: -2.138680866E+03
Curvature at dimer midpoint after rotation    -0.00486
Curvature at dimer minimum                    -0.14658
Actual dimer rotation angle:        89.732 deg
Predicted dimer rotation angle:      4.870 deg
Next calculation will be the dimer endpoint after rotation
dl-find/turbomole/=============================== Tstep:  134.5 Ttot:175609.1 ==
eandg
Spin: 
 Energy calculation finished, energy: -2.138680856E+03
Curvature at dimer midpoint after rotation     0.19446
Curvature at dimer minimum                    -6.46626
Actual dimer rotation angle:        89.634 deg
Predicted dimer rotation angle:     27.645 deg
Next calculation will be the dimer endpoint after rotation
dl-find/turbomole/=============================== Tstep:  127.4 Ttot:175736.5 ==
eandg
Spin: 
 Energy calculation finished, energy: -2.138680864E+03
Curvature at dimer midpoint after rotation     0.03706
Curvature at dimer minimum                     0.02469
Actual dimer rotation angle:        33.136 deg
Predicted dimer rotation angle:     38.176 deg
Next calculation will be the dimer endpoint after rotation
dl-find/turbomole/=============================== Tstep:  122.8 Ttot:175859.3 ==
eandg
Spin: 
 Energy calculation finished, energy: -2.138681519E+03
Curvature at dimer midpoint after rotation    -0.00152
Curvature at dimer minimum                    -0.03794
Actual dimer rotation angle:        23.323 deg
Predicted dimer rotation angle:     40.056 deg
Next calculation will be the dimer endpoint after rotation
dl-find/turbomole/=============================== Tstep:  134.8 Ttot:175994.1 ==
eandg
Spin: 
 Energy calculation finished, energy: -2.138681517E+03
Curvature at dimer midpoint after rotation     0.04618
Curvature at dimer minimum                    -0.04409
Actual dimer rotation angle:        13.704 deg
Predicted dimer rotation angle:     40.168 deg
Next calculation will be the dimer endpoint after rotation
dl-find/turbomole/=============================== Tstep:  107.7 Ttot:176101.7 ==
eandg
Spin: 
 Energy calculation finished, energy: -2.138681514E+03
Curvature at dimer midpoint after rotation     0.07247
Curvature at dimer minimum                    -0.06837
Actual dimer rotation angle:        13.766 deg
Predicted dimer rotation angle:     37.717 deg
Next calculation will be the dimer endpoint after rotation
dl-find/turbomole/=============================== Tstep:   94.3 Ttot:176196.0 ==
eandg
Spin: 
 Energy calculation finished, energy: -2.138681511E+03
Curvature at dimer midpoint after rotation     0.08463
Curvature at dimer minimum                    -0.05998
Actual dimer rotation angle:        10.925 deg
Predicted dimer rotation angle:     38.160 deg
Next calculation will be the dimer endpoint after rotation
dl-find/turbomole/=============================== Tstep:  106.1 Ttot:176302.2 ==
eandg
Spin: 
 Energy calculation finished, energy: -2.138681511E+03
Curvature at dimer midpoint after rotation     0.07087
Curvature at dimer minimum                    -0.05045
Actual dimer rotation angle:        11.283 deg
Predicted dimer rotation angle:     40.558 deg
Next calculation will be the dimer endpoint after rotation
dl-find/turbomole/=============================== Tstep:  102.2 Ttot:176404.3 ==
eandg
Spin: 
 Energy calculation finished, energy: -2.138681512E+03
Curvature at dimer midpoint after rotation     0.03413
Curvature at dimer minimum                    -0.05148
Actual dimer rotation angle:        15.303 deg
Predicted dimer rotation angle:     33.445 deg
Next calculation will be the dimer endpoint after rotation
dl-find/turbomole/=============================== Tstep:  111.8 Ttot:176516.1 ==
eandg
Spin: 
 Energy calculation finished, energy: -2.138681509E+03
Curvature at dimer midpoint after rotation     0.04192
Curvature at dimer minimum                    -0.02482
Actual dimer rotation angle:         7.435 deg
Predicted dimer rotation angle:     42.516 deg
Next calculation will be the dimer endpoint after rotation
dl-find/turbomole/=============================== Tstep:   90.8 Ttot:176606.9 ==
eandg
Spin: 
 Energy calculation finished, energy: -2.138681511E+03
Curvature at dimer midpoint after rotation     0.08599
Curvature at dimer minimum                    -0.03659
Actual dimer rotation angle:        13.206 deg
Predicted dimer rotation angle:     18.868 deg
Next calculation will be the dimer endpoint after rotation
dl-find/turbomole/=============================== Tstep:  112.3 Ttot:176719.3 ==
eandg
Spin: 
 Energy calculation finished, energy: -2.138681513E+03
Curvature at dimer midpoint after rotation     0.02154
Curvature at dimer minimum                    -0.02527
Actual dimer rotation angle:         1.971 deg
Dimer rotation converged after   12 steps
Writing TS-mode
Curvature after dimer rotation:               -0.02527
Frequency of transition mode  -817.162 cm^-1 (negative value denotes imaginary frequency)
Crossover temperature for tunnelling      187.12060 K
Restarting L-BFGS optimiser, instance: dimer rotation
 Inverting BFGS direction
Next calculation will be the dimer  midpoint
dl-find/turbomole/=============================== Tstep:  108.4 Ttot:176827.7 ==
eandg
Spin: 
 Energy calculation finished, energy: -2.138680863E+03
Testing convergence of dimer midpoint in cycle  526
    Energy  6.5690E-04 Target: 1.0000E-06 converged?   no
  Max step  2.3585E-02 Target: 1.8000E-03 converged?   no component   102
  RMS step  5.3075E-03 Target: 1.2000E-03 converged?   no
  Max grad  2.7780E-04 Target: 4.5000E-04 converged?  yes component    59
  RMS grad  4.8851E-05 Target: 3.0000E-04 converged?  yes
Next calculation will be the dimer endpoint before rotation
dl-find/turbomole/=============================== Tstep:  139.5 Ttot:176967.2 ==
eandg
Spin: 
 Energy calculation finished, energy: -2.138681513E+03
Curvature at dimer midpoint                    0.05945
Predicted dimer rotation angle:     28.172 deg
Next calculation will be the dimer endpoint after rotation
dl-find/turbomole/=============================== Tstep:  137.3 Ttot:177104.5 ==
eandg
Spin: 
 Energy calculation finished, energy: -2.138681514E+03
Curvature at dimer midpoint after rotation     0.02311
Curvature at dimer minimum                     0.02123
Actual dimer rotation angle:        23.172 deg
Predicted dimer rotation angle:     34.045 deg
Next calculation will be the dimer endpoint after rotation
dl-find/turbomole/=============================== Tstep:  114.1 Ttot:177218.5 ==
eandg
Spin: 
 Energy calculation finished, energy: -2.138680859E+03
Curvature at dimer midpoint after rotation     0.03414
Curvature at dimer minimum                     0.00823
Actual dimer rotation angle:        15.387 deg
Predicted dimer rotation angle:     35.775 deg
Next calculation will be the dimer endpoint after rotation
dl-find/turbomole/=============================== Tstep:  134.3 Ttot:177352.8 ==
eandg
Spin: 
 Energy calculation finished, energy: -2.138680859E+03
Curvature at dimer midpoint after rotation     0.03804
Curvature at dimer minimum                     0.00501
Actual dimer rotation angle:        12.148 deg
Predicted dimer rotation angle:     31.886 deg
Next calculation will be the dimer endpoint after rotation
dl-find/turbomole/=============================== Tstep:  119.2 Ttot:177472.1 ==
eandg
Spin: 
 Energy calculation finished, energy: -2.138680860E+03
Curvature at dimer midpoint after rotation     0.01865
Curvature at dimer minimum                     0.00514
Actual dimer rotation angle:         9.820 deg
Predicted dimer rotation angle:     29.906 deg
Next calculation will be the dimer endpoint after rotation
dl-find/turbomole/=============================== Tstep:  113.8 Ttot:177585.9 ==
eandg
Spin: 
 Energy calculation finished, energy: -2.138680858E+03
Curvature at dimer midpoint after rotation     0.01541
Curvature at dimer minimum                     0.00498
Actual dimer rotation angle:         8.536 deg
Predicted dimer rotation angle:     30.741 deg
Next calculation will be the dimer endpoint after rotation
dl-find/turbomole/=============================== Tstep:  108.1 Ttot:177694.0 ==
eandg
Spin: 
 Energy calculation finished, energy: -2.138680862E+03
Curvature at dimer midpoint after rotation     0.01179
Curvature at dimer minimum                     0.00381
Actual dimer rotation angle:         9.670 deg
Predicted dimer rotation angle:     34.086 deg
Next calculation will be the dimer endpoint after rotation
dl-find/turbomole/=============================== Tstep:  111.7 Ttot:177805.7 ==
eandg
Spin: 
 Energy calculation finished, energy: -2.138681515E+03
Curvature at dimer midpoint after rotation     0.02286
Curvature at dimer minimum                     0.00276
Actual dimer rotation angle:         5.949 deg
Predicted dimer rotation angle:     41.076 deg
Next calculation will be the dimer endpoint after rotation
dl-find/turbomole/=============================== Tstep:  134.7 Ttot:177940.4 ==
eandg
Spin: 
 Energy calculation finished, energy: -2.138680859E+03
Curvature at dimer midpoint after rotation     0.04141
Curvature at dimer minimum                     0.00052
Actual dimer rotation angle:         4.907 deg
Predicted dimer rotation angle:     39.432 deg
Next calculation will be the dimer endpoint after rotation
dl-find/turbomole/=============================== Tstep:  134.1 Ttot:178074.5 ==
eandg
Spin: 
 Energy calculation finished, energy: -2.138680861E+03
Curvature at dimer midpoint after rotation     0.00585
Curvature at dimer minimum                    -0.00017
Actual dimer rotation angle:        12.641 deg
Predicted dimer rotation angle:     37.121 deg
Next calculation will be the dimer endpoint after rotation
dl-find/turbomole/=============================== Tstep:  111.6 Ttot:178186.1 ==
eandg
Spin: 
 Energy calculation finished, energy: -2.138680862E+03
Curvature at dimer midpoint after rotation     0.00202
Curvature at dimer minimum                    -0.00001
Actual dimer rotation angle:        15.937 deg
Predicted dimer rotation angle:     37.888 deg
Next calculation will be the dimer endpoint after rotation
dl-find/turbomole/=============================== Tstep:   99.8 Ttot:178285.9 ==
eandg
Spin: 
 Energy calculation finished, energy: -2.138680862E+03
Curvature at dimer midpoint after rotation     0.00097
Curvature at dimer minimum                    -0.00028
Actual dimer rotation angle:        18.536 deg
Predicted dimer rotation angle:     43.195 deg
Next calculation will be the dimer endpoint after rotation
dl-find/turbomole/=============================== Tstep:  101.2 Ttot:178387.1 ==
eandg
Spin: 
 Energy calculation finished, energy: -2.138680863E+03
Curvature at dimer midpoint after rotation     0.00160
Curvature at dimer minimum                    -0.00064
Actual dimer rotation angle:        16.023 deg
Predicted dimer rotation angle:     41.055 deg
Next calculation will be the dimer endpoint after rotation
dl-find/turbomole/=============================== Tstep:  107.3 Ttot:178494.4 ==
eandg
Spin: 
 Energy calculation finished, energy: -2.138680862E+03
Curvature at dimer midpoint after rotation     0.00999
Curvature at dimer minimum                    -0.00087
Actual dimer rotation angle:         6.159 deg
Predicted dimer rotation angle:     39.403 deg
Next calculation will be the dimer endpoint after rotation
dl-find/turbomole/=============================== Tstep:  111.5 Ttot:178606.0 ==
eandg
Spin: 
 Energy calculation finished, energy: -2.138680859E+03
Curvature at dimer midpoint after rotation     0.00259
Curvature at dimer minimum                    -0.00178
Actual dimer rotation angle:        12.181 deg
Predicted dimer rotation angle:     24.381 deg
Next calculation will be the dimer endpoint after rotation
dl-find/turbomole/=============================== Tstep:  117.6 Ttot:178723.6 ==
eandg
Spin: 
 Energy calculation finished, energy: -2.138680862E+03
Curvature at dimer midpoint after rotation    -0.00230
Curvature at dimer minimum                    -0.00243
Actual dimer rotation angle:        16.841 deg
Predicted dimer rotation angle:     23.126 deg
Next calculation will be the dimer endpoint after rotation
dl-find/turbomole/=============================== Tstep:  107.9 Ttot:178831.4 ==
eandg
Spin: 
 Energy calculation finished, energy: -2.138680863E+03
Curvature at dimer midpoint after rotation    -0.00131
Curvature at dimer minimum                    -0.00274
Actual dimer rotation angle:         7.460 deg
Predicted dimer rotation angle:     29.352 deg
Next calculation will be the dimer endpoint after rotation
dl-find/turbomole/=============================== Tstep:  101.5 Ttot:178932.9 ==
eandg
Spin: 
 Energy calculation finished, energy: -2.138680863E+03
Curvature at dimer midpoint after rotation     0.00912
Curvature at dimer minimum                    -0.00306
Actual dimer rotation angle:         3.934 deg
Predicted dimer rotation angle:     16.799 deg
Next calculation will be the dimer endpoint after rotation
dl-find/turbomole/=============================== Tstep:  109.3 Ttot:179042.2 ==
eandg
Spin: 
 Energy calculation finished, energy: -2.138680862E+03
Curvature at dimer midpoint after rotation    -0.00025
Curvature at dimer minimum                    -0.00316
Actual dimer rotation angle:         2.465 deg
Predicted dimer rotation angle:      7.850 deg
Next calculation will be the dimer endpoint after rotation
dl-find/turbomole/=============================== Tstep:   95.9 Ttot:179138.2 ==
eandg
Spin: 
 Energy calculation finished, energy: -2.138680863E+03
Curvature at dimer midpoint after rotation    -0.00306
Curvature at dimer minimum                    -0.00321
Actual dimer rotation angle:         2.783 deg
Predicted dimer rotation angle:      7.777 deg
Next calculation will be the dimer endpoint after rotation
dl-find/turbomole/=============================== Tstep:  101.8 Ttot:179239.9 ==
eandg
Spin: 
 Energy calculation finished, energy: -2.138680863E+03
Curvature at dimer midpoint after rotation    -0.00300
Curvature at dimer minimum                    -0.00324
Actual dimer rotation angle:         2.064 deg
Predicted dimer rotation angle:      4.337 deg
Next calculation will be the dimer endpoint after rotation
dl-find/turbomole/=============================== Tstep:   86.2 Ttot:179326.1 ==
eandg
Spin: 
 Energy calculation finished, energy: -2.138680863E+03
Curvature at dimer midpoint after rotation    -0.00322
Curvature at dimer minimum                    -0.00326
Actual dimer rotation angle:         1.549 deg
Dimer rotation converged after   21 steps
Writing TS-mode
Curvature after dimer rotation:               -0.00326
Frequency of transition mode  -293.534 cm^-1 (negative value denotes imaginary frequency)
Crossover temperature for tunnelling       67.21584 K
Restarting L-BFGS optimiser, instance: dimer rotation
Next calculation will be the dimer  midpoint
dl-find/turbomole/=============================== Tstep:   96.1 Ttot:179422.2 ==
eandg
Spin: 
 Energy calculation finished, energy: -2.138681493E+03
Testing convergence of dimer midpoint in cycle  527
    Energy  6.2999E-04 Target: 1.0000E-06 converged?   no
  Max step  1.6024E-02 Target: 1.8000E-03 converged?   no component   132
  RMS step  5.4898E-03 Target: 1.2000E-03 converged?   no
  Max grad  1.3353E-03 Target: 4.5000E-04 converged?   no component   218
  RMS grad  2.0231E-04 Target: 3.0000E-04 converged?  yes
Next calculation will be the dimer endpoint before rotation
dl-find/turbomole/=============================== Tstep:  138.6 Ttot:179560.8 ==
eandg
Spin: 
 Energy calculation finished, energy: -2.138681493E+03
Curvature at dimer midpoint                   -0.00328
Predicted dimer rotation angle:      8.235 deg
Next calculation will be the dimer endpoint after rotation
dl-find/turbomole/=============================== Tstep:  115.1 Ttot:179675.9 ==
eandg
Spin: 
 Energy calculation finished, energy: -2.138681493E+03
Curvature at dimer midpoint after rotation    -0.00012
Curvature at dimer minimum                    -0.00329
Actual dimer rotation angle:         0.332 deg
Dimer rotation converged after    1 steps
Writing TS-mode
Curvature after dimer rotation:               -0.00329
Frequency of transition mode  -294.725 cm^-1 (negative value denotes imaginary frequency)
Crossover temperature for tunnelling       67.48856 K
Restarting L-BFGS optimiser, instance: dimer rotation
Next calculation will be the dimer  midpoint
dl-find/turbomole/=============================== Tstep:  101.1 Ttot:179777.0 ==
eandg
Spin: 
 Energy calculation finished, energy: -2.138681513E+03
Testing convergence of dimer midpoint in cycle  528
    Energy  1.9991E-05 Target: 1.0000E-06 converged?   no
  Max step  1.3095E-02 Target: 1.8000E-03 converged?   no component   131
  RMS step  3.9017E-03 Target: 1.2000E-03 converged?   no
  Max grad  2.8105E-04 Target: 4.5000E-04 converged?  yes component    59
  RMS grad  4.0300E-05 Target: 3.0000E-04 converged?  yes
Next calculation will be the dimer endpoint before rotation
dl-find/turbomole/=============================== Tstep:  131.0 Ttot:179907.9 ==
eandg
Spin: 
 Energy calculation finished, energy: -2.138681516E+03
Curvature at dimer midpoint                   -0.00331
Predicted dimer rotation angle:      8.214 deg
Next calculation will be the dimer endpoint after rotation
dl-find/turbomole/=============================== Tstep:  116.6 Ttot:180024.5 ==
eandg
Spin: 
 Energy calculation finished, energy: -2.138681516E+03
Curvature at dimer midpoint after rotation     0.00190
Curvature at dimer minimum                    -0.00332
Actual dimer rotation angle:         0.208 deg
Dimer rotation converged after    1 steps
Writing TS-mode
Curvature after dimer rotation:               -0.00332
Frequency of transition mode  -295.973 cm^-1 (negative value denotes imaginary frequency)
Crossover temperature for tunnelling       67.77441 K
Restarting L-BFGS optimiser, instance: dimer rotation
Next calculation will be the dimer  midpoint
dl-find/turbomole/=============================== Tstep:   87.1 Ttot:180111.6 ==
eandg
Spin: 
 Energy calculation finished, energy: -2.138681521E+03
Testing convergence of dimer midpoint in cycle  529
    Energy  8.3860E-06 Target: 1.0000E-06 converged?   no
  Max step  5.2717E-03 Target: 1.8000E-03 converged?   no component    14
  RMS step  1.5204E-03 Target: 1.2000E-03 converged?   no
  Max grad  1.7951E-04 Target: 4.5000E-04 converged?  yes component    59
  RMS grad  2.9736E-05 Target: 3.0000E-04 converged?  yes
Next calculation will be the dimer endpoint before rotation
dl-find/turbomole/=============================== Tstep:  125.1 Ttot:180236.7 ==
eandg
Spin: 
 Energy calculation finished, energy: -2.138681521E+03
Curvature at dimer midpoint                   -0.00329
Predicted dimer rotation angle:      5.688 deg
Next calculation will be the dimer endpoint after rotation
dl-find/turbomole/=============================== Tstep:  118.8 Ttot:180355.5 ==
eandg
Spin: 
 Energy calculation finished, energy: -2.138681520E+03
Curvature at dimer midpoint after rotation    -0.00185
Curvature at dimer minimum                    -0.00329
Actual dimer rotation angle:         0.238 deg
Dimer rotation converged after    1 steps
Writing TS-mode
Curvature after dimer rotation:               -0.00329
Frequency of transition mode  -294.814 cm^-1 (negative value denotes imaginary frequency)
Crossover temperature for tunnelling       67.50906 K
Restarting L-BFGS optimiser, instance: dimer rotation
Next calculation will be the dimer  midpoint
dl-find/turbomole/=============================== Tstep:   93.6 Ttot:180449.1 ==
eandg
Spin: 
 Energy calculation finished, energy: -2.138680866E+03
Testing convergence of dimer midpoint in cycle  530
    Energy  6.5496E-04 Target: 1.0000E-06 converged?   no
  Max step  1.3549E-02 Target: 1.8000E-03 converged?   no component    14
  RMS step  3.9108E-03 Target: 1.2000E-03 converged?   no
  Max grad  3.8988E-04 Target: 4.5000E-04 converged?  yes component    59
  RMS grad  5.9708E-05 Target: 3.0000E-04 converged?  yes
Next calculation will be the dimer endpoint before rotation
dl-find/turbomole/=============================== Tstep:  135.3 Ttot:180584.4 ==
eandg
Spin: 
 Energy calculation finished, energy: -2.138680867E+03
Curvature at dimer midpoint                   -0.00330
Predicted dimer rotation angle:      6.663 deg
Next calculation will be the dimer endpoint after rotation
dl-find/turbomole/=============================== Tstep:  115.7 Ttot:180700.2 ==
eandg
Spin: 
 Energy calculation finished, energy: -2.138680867E+03
Curvature at dimer midpoint after rotation     0.00016
Curvature at dimer minimum                    -0.00330
Actual dimer rotation angle:         0.165 deg
Dimer rotation converged after    1 steps
Writing TS-mode
Curvature after dimer rotation:               -0.00330
Frequency of transition mode  -295.406 cm^-1 (negative value denotes imaginary frequency)
Crossover temperature for tunnelling       67.64460 K
Restarting L-BFGS optimiser, instance: dimer rotation
Next calculation will be the dimer  midpoint
dl-find/turbomole/=============================== Tstep:   95.1 Ttot:180795.2 ==
eandg
Spin: 
 Energy calculation finished, energy: -2.138681528E+03
Testing convergence of dimer midpoint in cycle  531
    Energy  6.6150E-04 Target: 1.0000E-06 converged?   no
  Max step  5.4399E-03 Target: 1.8000E-03 converged?   no component   229
  RMS step  1.7550E-03 Target: 1.2000E-03 converged?   no
  Max grad  1.1316E-04 Target: 4.5000E-04 converged?  yes component    59
  RMS grad  2.3120E-05 Target: 3.0000E-04 converged?  yes
Next calculation will be the dimer endpoint before rotation
dl-find/turbomole/=============================== Tstep:  137.2 Ttot:180932.5 ==
eandg
Spin: 
 Energy calculation finished, energy: -2.138680870E+03
Curvature at dimer midpoint                   -0.00559
Predicted dimer rotation angle:     42.785 deg
Next calculation will be the dimer endpoint after rotation
dl-find/turbomole/=============================== Tstep:  137.3 Ttot:181069.8 ==
eandg
Spin: 
 Energy calculation finished, energy: -2.138681523E+03
Curvature at dimer midpoint after rotation     0.04859
Curvature at dimer minimum                    -0.02348
Actual dimer rotation angle:        13.917 deg
Predicted dimer rotation angle:     35.857 deg
Next calculation will be the dimer endpoint after rotation
dl-find/turbomole/=============================== Tstep:  136.3 Ttot:181206.1 ==
eandg
Spin: 
 Energy calculation finished, energy: -2.138681523E+03
Curvature at dimer midpoint after rotation     0.03337
Curvature at dimer minimum                    -0.01544
Actual dimer rotation angle:         8.277 deg
Predicted dimer rotation angle:     30.576 deg
Next calculation will be the dimer endpoint after rotation
dl-find/turbomole/=============================== Tstep:  114.6 Ttot:181320.7 ==
eandg
Spin: 
 Energy calculation finished, energy: -2.138681524E+03
Curvature at dimer midpoint after rotation     0.01952
Curvature at dimer minimum                    -0.01016
Actual dimer rotation angle:         5.486 deg
Predicted dimer rotation angle:     30.053 deg
Next calculation will be the dimer endpoint after rotation
dl-find/turbomole/=============================== Tstep:  103.7 Ttot:181424.4 ==
eandg
Spin: 
 Energy calculation finished, energy: -2.138681523E+03
Curvature at dimer midpoint after rotation     0.01489
Curvature at dimer minimum                    -0.00713
Actual dimer rotation angle:         5.031 deg
Predicted dimer rotation angle:     30.585 deg
Next calculation will be the dimer endpoint after rotation
dl-find/turbomole/=============================== Tstep:   98.6 Ttot:181523.0 ==
eandg
Spin: 
 Energy calculation finished, energy: -2.138681524E+03
Curvature at dimer midpoint after rotation     0.01084
Curvature at dimer minimum                    -0.00526
Actual dimer rotation angle:         5.325 deg
Predicted dimer rotation angle:     30.714 deg
Next calculation will be the dimer endpoint after rotation
dl-find/turbomole/=============================== Tstep:   97.3 Ttot:181620.2 ==
eandg
Spin: 
 Energy calculation finished, energy: -2.138681525E+03
Curvature at dimer midpoint after rotation     0.00658
Curvature at dimer minimum                    -0.00383
Actual dimer rotation angle:         5.817 deg
Predicted dimer rotation angle:     32.882 deg
Next calculation will be the dimer endpoint after rotation
dl-find/turbomole/=============================== Tstep:  101.4 Ttot:181721.6 ==
eandg
Spin: 
 Energy calculation finished, energy: -2.138681524E+03
Curvature at dimer midpoint after rotation     0.00585
Curvature at dimer minimum                    -0.00286
Actual dimer rotation angle:         6.583 deg
Predicted dimer rotation angle:     34.027 deg
Next calculation will be the dimer endpoint after rotation
dl-find/turbomole/=============================== Tstep:   96.7 Ttot:181818.3 ==
eandg
Spin: 
 Energy calculation finished, energy: -2.138681525E+03
Curvature at dimer midpoint after rotation     0.00416
Curvature at dimer minimum                    -0.00240
Actual dimer rotation angle:         7.727 deg
Predicted dimer rotation angle:     32.800 deg
Next calculation will be the dimer endpoint after rotation
dl-find/turbomole/=============================== Tstep:  101.8 Ttot:181920.1 ==
eandg
Spin: 
 Energy calculation finished, energy: -2.138681525E+03
Curvature at dimer midpoint after rotation     0.00247
Curvature at dimer minimum                    -0.00218
Actual dimer rotation angle:         8.032 deg
Predicted dimer rotation angle:     32.825 deg
Next calculation will be the dimer endpoint after rotation
dl-find/turbomole/=============================== Tstep:  102.1 Ttot:182022.3 ==
eandg
Spin: 
 Energy calculation finished, energy: -2.138681526E+03
Curvature at dimer midpoint after rotation     0.00665
Curvature at dimer minimum                    -0.00210
Actual dimer rotation angle:         5.373 deg
Predicted dimer rotation angle:     31.760 deg
Next calculation will be the dimer endpoint after rotation
dl-find/turbomole/=============================== Tstep:  107.4 Ttot:182129.7 ==
eandg
Spin: 
 Energy calculation finished, energy: -2.138681526E+03
Curvature at dimer midpoint after rotation     0.00680
Curvature at dimer minimum                    -0.00229
Actual dimer rotation angle:         5.014 deg
Predicted dimer rotation angle:     19.901 deg
Next calculation will be the dimer endpoint after rotation
dl-find/turbomole/=============================== Tstep:  104.6 Ttot:182234.3 ==
eandg
Spin: 
 Energy calculation finished, energy: -2.138681526E+03
Curvature at dimer midpoint after rotation     0.00048
Curvature at dimer minimum                    -0.00220
Actual dimer rotation angle:         3.129 deg
Predicted dimer rotation angle:     19.929 deg
Next calculation will be the dimer endpoint after rotation
dl-find/turbomole/=============================== Tstep:  104.2 Ttot:182338.5 ==
eandg
Spin: 
 Energy calculation finished, energy: -2.138681526E+03
Curvature at dimer midpoint after rotation    -0.00101
Curvature at dimer minimum                    -0.00209
Actual dimer rotation angle:         5.421 deg
Predicted dimer rotation angle:     20.553 deg
Next calculation will be the dimer endpoint after rotation
dl-find/turbomole/=============================== Tstep:   95.6 Ttot:182434.1 ==
eandg
Spin: 
 Energy calculation finished, energy: -2.138681527E+03
Curvature at dimer midpoint after rotation    -0.00176
Curvature at dimer minimum                    -0.00213
Actual dimer rotation angle:         9.472 deg
Predicted dimer rotation angle:     18.963 deg
Next calculation will be the dimer endpoint after rotation
dl-find/turbomole/=============================== Tstep:   88.3 Ttot:182522.4 ==
eandg
Spin: 
 Energy calculation finished, energy: -2.138681527E+03
Curvature at dimer midpoint after rotation    -0.00187
Curvature at dimer minimum                    -0.00221
Actual dimer rotation angle:         8.550 deg
Predicted dimer rotation angle:     19.971 deg
Next calculation will be the dimer endpoint after rotation
dl-find/turbomole/=============================== Tstep:   92.4 Ttot:182614.8 ==
eandg
Spin: 
 Energy calculation finished, energy: -2.138681528E+03
Curvature at dimer midpoint after rotation    -0.00233
Curvature at dimer minimum                    -0.00252
Actual dimer rotation angle:        11.687 deg
Predicted dimer rotation angle:     28.027 deg
Next calculation will be the dimer endpoint after rotation
dl-find/turbomole/=============================== Tstep:   88.8 Ttot:182703.6 ==
eandg
Spin: 
 Energy calculation finished, energy: -2.138681526E+03
Curvature at dimer midpoint after rotation     0.00239
Curvature at dimer minimum                    -0.00290
Actual dimer rotation angle:         5.823 deg
Predicted dimer rotation angle:     25.038 deg
Next calculation will be the dimer endpoint after rotation
dl-find/turbomole/=============================== Tstep:  109.4 Ttot:182813.1 ==
eandg
Spin: 
 Energy calculation finished, energy: -2.138680868E+03
Curvature at dimer midpoint after rotation     0.01374
Curvature at dimer minimum                    -0.00300
Actual dimer rotation angle:         1.834 deg
Dimer rotation converged after   18 steps
Writing TS-mode
Curvature after dimer rotation:               -0.00300
Frequency of transition mode  -281.362 cm^-1 (negative value denotes imaginary frequency)
Crossover temperature for tunnelling       64.42876 K
Restarting L-BFGS optimiser, instance: dimer rotation
Next calculation will be the dimer  midpoint
dl-find/turbomole/=============================== Tstep:  135.9 Ttot:182948.9 ==
eandg
Spin: 
 Energy calculation finished, energy: -2.138681525E+03
Testing convergence of dimer midpoint in cycle  532
    Energy  2.5460E-06 Target: 1.0000E-06 converged?   no
  Max step  6.1497E-03 Target: 1.8000E-03 converged?   no component   102
  RMS step  1.7504E-03 Target: 1.2000E-03 converged?   no
  Max grad  1.3342E-04 Target: 4.5000E-04 converged?  yes component    59
  RMS grad  2.0208E-05 Target: 3.0000E-04 converged?  yes
Next calculation will be the dimer endpoint before rotation
dl-find/turbomole/=============================== Tstep:  135.3 Ttot:183084.2 ==
eandg
Spin: 
 Energy calculation finished, energy: -2.138681528E+03
Curvature at dimer midpoint                   -0.00297
Predicted dimer rotation angle:     27.881 deg
Next calculation will be the dimer endpoint after rotation
dl-find/turbomole/=============================== Tstep:  120.1 Ttot:183204.3 ==
eandg
Spin: 
 Energy calculation finished, energy: -2.138681526E+03
Curvature at dimer midpoint after rotation     0.05613
Curvature at dimer minimum                    -0.00304
Actual dimer rotation angle:         0.872 deg
Dimer rotation converged after    1 steps
Writing TS-mode
Curvature after dimer rotation:               -0.00304
Frequency of transition mode  -283.318 cm^-1 (negative value denotes imaginary frequency)
Crossover temperature for tunnelling       64.87644 K
Restarting L-BFGS optimiser, instance: dimer rotation
Next calculation will be the dimer  midpoint
dl-find/turbomole/=============================== Tstep:  108.5 Ttot:183312.9 ==
eandg
Spin: 
 Energy calculation finished, energy: -2.138681481E+03
Testing convergence of dimer midpoint in cycle  533
    Energy  4.4055E-05 Target: 1.0000E-06 converged?   no
  Max step  2.9319E-02 Target: 1.8000E-03 converged?   no component   102
  RMS step  8.1758E-03 Target: 1.2000E-03 converged?   no
  Max grad  1.8717E-04 Target: 4.5000E-04 converged?  yes component   155
  RMS grad  4.2998E-05 Target: 3.0000E-04 converged?  yes
Next calculation will be the dimer endpoint before rotation
dl-find/turbomole/=============================== Tstep:  123.5 Ttot:183436.4 ==
eandg
Spin: 
 Energy calculation finished, energy: -2.138681484E+03
Curvature at dimer midpoint                   -0.00311
Predicted dimer rotation angle:     19.709 deg
Next calculation will be the dimer endpoint after rotation
dl-find/turbomole/=============================== Tstep:  119.6 Ttot:183556.0 ==
eandg
Spin: 
 Energy calculation finished, energy: -2.138681487E+03
Curvature at dimer midpoint after rotation     0.01083
Curvature at dimer minimum                    -0.00315
Actual dimer rotation angle:         1.068 deg
Dimer rotation converged after    1 steps
Writing TS-mode
Curvature after dimer rotation:               -0.00315
Frequency of transition mode  -288.637 cm^-1 (negative value denotes imaginary frequency)
Crossover temperature for tunnelling       66.09461 K
Restarting L-BFGS optimiser, instance: dimer rotation
Next calculation will be the dimer  midpoint
dl-find/turbomole/=============================== Tstep:  103.3 Ttot:183659.3 ==
eandg
Spin: 
 Energy calculation finished, energy: -2.138680816E+03
Testing convergence of dimer midpoint in cycle  534
    Energy  6.6533E-04 Target: 1.0000E-06 converged?   no
  Max step  1.0834E-02 Target: 1.8000E-03 converged?   no component   188
  RMS step  2.2664E-03 Target: 1.2000E-03 converged?   no
  Max grad  4.7578E-04 Target: 4.5000E-04 converged?   no component   156
  RMS grad  9.9799E-05 Target: 3.0000E-04 converged?  yes
Next calculation will be the dimer endpoint before rotation
dl-find/turbomole/=============================== Tstep:  141.0 Ttot:183800.3 ==
eandg
Spin: 
 Energy calculation finished, energy: -2.138680817E+03
Curvature at dimer midpoint                   -0.00311
Predicted dimer rotation angle:     22.794 deg
Next calculation will be the dimer endpoint after rotation
dl-find/turbomole/=============================== Tstep:  119.8 Ttot:183920.1 ==
eandg
Spin: 
 Energy calculation finished, energy: -2.138680814E+03
Curvature at dimer midpoint after rotation     0.03754
Curvature at dimer minimum                    -0.00315
Actual dimer rotation angle:         0.636 deg
Dimer rotation converged after    1 steps
Writing TS-mode
Curvature after dimer rotation:               -0.00315
Frequency of transition mode  -288.411 cm^-1 (negative value denotes imaginary frequency)
Crossover temperature for tunnelling       66.04273 K
Restarting L-BFGS optimiser, instance: dimer rotation
Next calculation will be the dimer  midpoint
dl-find/turbomole/=============================== Tstep:   82.3 Ttot:184002.3 ==
eandg
Spin: 
 Energy calculation finished, energy: -2.138680818E+03
Testing convergence of dimer midpoint in cycle  535
    Energy  2.4010E-06 Target: 1.0000E-06 converged?   no
  Max step  1.6773E-02 Target: 1.8000E-03 converged?   no component   188
  RMS step  4.6351E-03 Target: 1.2000E-03 converged?   no
  Max grad  3.0016E-04 Target: 4.5000E-04 converged?  yes component    59
  RMS grad  5.0476E-05 Target: 3.0000E-04 converged?  yes
Next calculation will be the dimer endpoint before rotation
dl-find/turbomole/=============================== Tstep:  123.1 Ttot:184125.4 ==
eandg
Spin: 
 Energy calculation finished, energy: -2.138680819E+03
Curvature at dimer midpoint                   -0.00311
Predicted dimer rotation angle:     15.794 deg
Next calculation will be the dimer endpoint after rotation
dl-find/turbomole/=============================== Tstep:  118.9 Ttot:184244.3 ==
eandg
Spin: 
 Energy calculation finished, energy: -2.138680818E+03
Curvature at dimer midpoint after rotation     0.00614
Curvature at dimer minimum                    -0.00314
Actual dimer rotation angle:         0.792 deg
Dimer rotation converged after    1 steps
Writing TS-mode
Curvature after dimer rotation:               -0.00314
Frequency of transition mode  -288.116 cm^-1 (negative value denotes imaginary frequency)
Crossover temperature for tunnelling       65.97521 K
Restarting L-BFGS optimiser, instance: dimer rotation
Next calculation will be the dimer  midpoint
dl-find/turbomole/=============================== Tstep:   98.0 Ttot:184342.3 ==
eandg
Spin: 
 Energy calculation finished, energy: -2.138681521E+03
Testing convergence of dimer midpoint in cycle  536
    Energy  7.0239E-04 Target: 1.0000E-06 converged?   no
  Max step  3.8588E-02 Target: 1.8000E-03 converged?   no component   188
  RMS step  1.1056E-02 Target: 1.2000E-03 converged?   no
  Max grad  2.0116E-04 Target: 4.5000E-04 converged?  yes component   178
  RMS grad  3.8147E-05 Target: 3.0000E-04 converged?  yes
Next calculation will be the dimer endpoint before rotation
dl-find/turbomole/=============================== Tstep:  147.4 Ttot:184489.7 ==
eandg
Spin: 
 Energy calculation finished, energy: -2.138681521E+03
Curvature at dimer midpoint                   -0.00307
Predicted dimer rotation angle:     18.989 deg
Next calculation will be the dimer endpoint after rotation
dl-find/turbomole/=============================== Tstep:  121.2 Ttot:184610.9 ==
eandg
Spin: 
 Energy calculation finished, energy: -2.138680866E+03
Curvature at dimer midpoint after rotation     0.02383
Curvature at dimer minimum                    -0.00309
Actual dimer rotation angle:         0.512 deg
Dimer rotation converged after    1 steps
Writing TS-mode
Curvature after dimer rotation:               -0.00309
Frequency of transition mode  -285.868 cm^-1 (negative value denotes imaginary frequency)
Crossover temperature for tunnelling       65.46047 K
Restarting L-BFGS optimiser, instance: dimer rotation
Next calculation will be the dimer  midpoint
dl-find/turbomole/=============================== Tstep:  135.0 Ttot:184745.9 ==
eandg
Spin: 
 Energy calculation finished, energy: -2.138680872E+03
Testing convergence of dimer midpoint in cycle  537
    Energy  6.4870E-04 Target: 1.0000E-06 converged?   no
  Max step  2.3358E-02 Target: 1.8000E-03 converged?   no component   188
  RMS step  6.1771E-03 Target: 1.2000E-03 converged?   no
  Max grad  1.9067E-04 Target: 4.5000E-04 converged?  yes component    59
  RMS grad  3.1347E-05 Target: 3.0000E-04 converged?  yes
Next calculation will be the dimer endpoint before rotation
dl-find/turbomole/=============================== Tstep:  121.0 Ttot:184866.8 ==
eandg
Spin: 
 Energy calculation finished, energy: -2.138680872E+03
Curvature at dimer midpoint                   -0.00315
Predicted dimer rotation angle:     13.553 deg
Next calculation will be the dimer endpoint after rotation
dl-find/turbomole/=============================== Tstep:  114.9 Ttot:184981.7 ==
eandg
Spin: 
 Energy calculation finished, energy: -2.138680872E+03
Curvature at dimer midpoint after rotation     0.00544
Curvature at dimer minimum                    -0.00317
Actual dimer rotation angle:         0.544 deg
Dimer rotation converged after    1 steps
Writing TS-mode
Curvature after dimer rotation:               -0.00317
Frequency of transition mode  -289.325 cm^-1 (negative value denotes imaginary frequency)
Crossover temperature for tunnelling       66.25204 K
Restarting L-BFGS optimiser, instance: dimer rotation
Next calculation will be the dimer  midpoint
dl-find/turbomole/=============================== Tstep:  100.6 Ttot:185082.3 ==
eandg
Spin: 
 Energy calculation finished, energy: -2.138680872E+03
Testing convergence of dimer midpoint in cycle  538
    Energy  4.2000E-07 Target: 1.0000E-06 converged?  yes
  Max step  2.8331E-03 Target: 1.8000E-03 converged?   no component    14
  RMS step  7.8672E-04 Target: 1.2000E-03 converged?  yes
  Max grad  1.9302E-04 Target: 4.5000E-04 converged?  yes component    59
  RMS grad  2.8459E-05 Target: 3.0000E-04 converged?  yes
Next calculation will be the dimer endpoint before rotation
dl-find/turbomole/=============================== Tstep:  125.6 Ttot:185207.9 ==
eandg
Spin: 
 Energy calculation finished, energy: -2.138681531E+03
Curvature at dimer midpoint                    0.00160
Predicted dimer rotation angle:     44.369 deg
Next calculation will be the dimer endpoint after rotation
dl-find/turbomole/=============================== Tstep:  139.9 Ttot:185347.8 ==
eandg
Spin: 
 Energy calculation finished, energy: -2.138680867E+03
Curvature at dimer midpoint after rotation     0.05157
Curvature at dimer minimum                    -0.01788
Actual dimer rotation angle:        15.037 deg
Predicted dimer rotation angle:     40.062 deg
Next calculation will be the dimer endpoint after rotation
dl-find/turbomole/=============================== Tstep:  135.6 Ttot:185483.4 ==
eandg
Spin: 
 Energy calculation finished, energy: -2.138680869E+03
Curvature at dimer midpoint after rotation     0.03915
Curvature at dimer minimum                    -0.01116
Actual dimer rotation angle:         9.649 deg
Predicted dimer rotation angle:     37.133 deg
Next calculation will be the dimer endpoint after rotation
dl-find/turbomole/=============================== Tstep:  120.2 Ttot:185603.6 ==
eandg
Spin: 
 Energy calculation finished, energy: -2.138680870E+03
Curvature at dimer midpoint after rotation     0.02324
Curvature at dimer minimum                    -0.00635
Actual dimer rotation angle:         7.420 deg
Predicted dimer rotation angle:     39.598 deg
Next calculation will be the dimer endpoint after rotation
dl-find/turbomole/=============================== Tstep:  104.8 Ttot:185708.4 ==
eandg
Spin: 
 Energy calculation finished, energy: -2.138680870E+03
Curvature at dimer midpoint after rotation     0.02142
Curvature at dimer minimum                    -0.00345
Actual dimer rotation angle:         7.241 deg
Predicted dimer rotation angle:     42.334 deg
Next calculation will be the dimer endpoint after rotation
dl-find/turbomole/=============================== Tstep:  104.8 Ttot:185813.1 ==
eandg
Spin: 
 Energy calculation finished, energy: -2.138680871E+03
Curvature at dimer midpoint after rotation     0.01375
Curvature at dimer minimum                    -0.00211
Actual dimer rotation angle:         9.135 deg
Predicted dimer rotation angle:     44.929 deg
Next calculation will be the dimer endpoint after rotation
dl-find/turbomole/=============================== Tstep:   99.5 Ttot:185912.7 ==
eandg
Spin: 
 Energy calculation finished, energy: -2.138680871E+03
Curvature at dimer midpoint after rotation     0.00813
Curvature at dimer minimum                    -0.00113
Actual dimer rotation angle:        11.227 deg
Predicted dimer rotation angle:     43.312 deg
Next calculation will be the dimer endpoint after rotation
dl-find/turbomole/=============================== Tstep:  104.2 Ttot:186016.9 ==
eandg
Spin: 
 Energy calculation finished, energy: -2.138680871E+03
Curvature at dimer midpoint after rotation     0.01219
Curvature at dimer minimum                    -0.00042
Actual dimer rotation angle:         7.968 deg
Predicted dimer rotation angle:     43.769 deg
Next calculation will be the dimer endpoint after rotation
dl-find/turbomole/=============================== Tstep:  108.1 Ttot:186124.9 ==
eandg
Spin: 
 Energy calculation finished, energy: -2.138680873E+03
Curvature at dimer midpoint after rotation     0.00500
Curvature at dimer minimum                    -0.00093
Actual dimer rotation angle:        12.966 deg
Predicted dimer rotation angle:     42.488 deg
Next calculation will be the dimer endpoint after rotation
dl-find/turbomole/=============================== Tstep:  102.1 Ttot:186227.1 ==
eandg
Spin: 
 Energy calculation finished, energy: -2.138680872E+03
Curvature at dimer midpoint after rotation     0.00794
Curvature at dimer minimum                    -0.00152
Actual dimer rotation angle:        10.131 deg
Predicted dimer rotation angle:     37.256 deg
Next calculation will be the dimer endpoint after rotation
dl-find/turbomole/=============================== Tstep:  107.2 Ttot:186334.3 ==
eandg
Spin: 
 Energy calculation finished, energy: -2.138680870E+03
Curvature at dimer midpoint after rotation     0.02910
Curvature at dimer minimum                    -0.00154
Actual dimer rotation angle:         2.831 deg
Predicted dimer rotation angle:     25.403 deg
Next calculation will be the dimer endpoint after rotation
dl-find/turbomole/=============================== Tstep:  109.3 Ttot:186443.6 ==
eandg
Spin: 
 Energy calculation finished, energy: -2.138680872E+03
Curvature at dimer midpoint after rotation     0.00328
Curvature at dimer minimum                    -0.00155
Actual dimer rotation angle:         3.060 deg
Predicted dimer rotation angle:     27.267 deg
Next calculation will be the dimer endpoint after rotation
dl-find/turbomole/=============================== Tstep:  113.4 Ttot:186557.0 ==
eandg
Spin: 
 Energy calculation finished, energy: -2.138680872E+03
Curvature at dimer midpoint after rotation     0.00048
Curvature at dimer minimum                    -0.00151
Actual dimer rotation angle:         6.602 deg
Predicted dimer rotation angle:     26.948 deg
Next calculation will be the dimer endpoint after rotation
dl-find/turbomole/=============================== Tstep:   87.8 Ttot:186644.8 ==
eandg
Spin: 
 Energy calculation finished, energy: -2.138680871E+03
Curvature at dimer midpoint after rotation    -0.00147
Curvature at dimer minimum                    -0.00186
Actual dimer rotation angle:        14.228 deg
Predicted dimer rotation angle:     23.170 deg
Next calculation will be the dimer endpoint after rotation
dl-find/turbomole/=============================== Tstep:   88.0 Ttot:186732.8 ==
eandg
Spin: 
 Energy calculation finished, energy: -2.138680871E+03
Curvature at dimer midpoint after rotation    -0.00152
Curvature at dimer minimum                    -0.00211
Actual dimer rotation angle:         9.881 deg
Predicted dimer rotation angle:     30.308 deg
Next calculation will be the dimer endpoint after rotation
dl-find/turbomole/=============================== Tstep:  100.0 Ttot:186832.8 ==
eandg
Spin: 
 Energy calculation finished, energy: -2.138680872E+03
Curvature at dimer midpoint after rotation     0.00139
Curvature at dimer minimum                    -0.00264
Actual dimer rotation angle:         7.886 deg
Predicted dimer rotation angle:     27.378 deg
Next calculation will be the dimer endpoint after rotation
dl-find/turbomole/=============================== Tstep:   77.4 Ttot:186910.2 ==
eandg
Spin: 
 Energy calculation finished, energy: -2.138680872E+03
Curvature at dimer midpoint after rotation     0.00431
Curvature at dimer minimum                    -0.00297
Actual dimer rotation angle:         4.510 deg
Predicted dimer rotation angle:     13.218 deg
Next calculation will be the dimer endpoint after rotation
dl-find/turbomole/=============================== Tstep:  105.1 Ttot:187015.4 ==
eandg
Spin: 
 Energy calculation finished, energy: -2.138680873E+03
Curvature at dimer midpoint after rotation    -0.00266
Curvature at dimer minimum                    -0.00308
Actual dimer rotation angle:         4.572 deg
Predicted dimer rotation angle:      6.962 deg
Next calculation will be the dimer endpoint after rotation
dl-find/turbomole/=============================== Tstep:  104.3 Ttot:187119.7 ==
eandg
Spin: 
 Energy calculation finished, energy: -2.138680873E+03
Curvature at dimer midpoint after rotation    -0.00318
Curvature at dimer minimum                    -0.00318
Actual dimer rotation angle:         7.104 deg
Predicted dimer rotation angle:     11.786 deg
Next calculation will be the dimer endpoint after rotation
dl-find/turbomole/=============================== Tstep:   89.2 Ttot:187208.8 ==
eandg
Spin: 
 Energy calculation finished, energy: -2.138680872E+03
Curvature at dimer midpoint after rotation    -0.00279
Curvature at dimer minimum                    -0.00326
Actual dimer rotation angle:         3.482 deg
Predicted dimer rotation angle:     10.660 deg
Next calculation will be the dimer endpoint after rotation
dl-find/turbomole/=============================== Tstep:  101.3 Ttot:187310.1 ==
eandg
Spin: 
 Energy calculation finished, energy: -2.138680872E+03
Curvature at dimer midpoint after rotation    -0.00249
Curvature at dimer minimum                    -0.00331
Actual dimer rotation angle:         2.014 deg
Predicted dimer rotation angle:      9.234 deg
Next calculation will be the dimer endpoint after rotation
dl-find/turbomole/=============================== Tstep:   97.5 Ttot:187407.6 ==
eandg
Spin: 
 Energy calculation finished, energy: -2.138680872E+03
Curvature at dimer midpoint after rotation    -0.00150
Curvature at dimer minimum                    -0.00333
Actual dimer rotation angle:         0.755 deg
Dimer rotation converged after   21 steps
Writing TS-mode
Curvature after dimer rotation:               -0.00333
Frequency of transition mode  -296.500 cm^-1 (negative value denotes imaginary frequency)
Crossover temperature for tunnelling       67.89511 K
Restarting L-BFGS optimiser, instance: dimer rotation
Next calculation will be the dimer  midpoint
dl-find/turbomole/=============================== Tstep:   96.3 Ttot:187503.9 ==
eandg
Spin: 
 Energy calculation finished, energy: -2.138681522E+03
Testing convergence of dimer midpoint in cycle  539
    Energy  6.4949E-04 Target: 1.0000E-06 converged?   no
  Max step  1.2702E-02 Target: 1.8000E-03 converged?   no component    14
  RMS step  3.5686E-03 Target: 1.2000E-03 converged?   no
  Max grad  2.9076E-04 Target: 4.5000E-04 converged?  yes component   178
  RMS grad  5.1571E-05 Target: 3.0000E-04 converged?  yes
Next calculation will be the dimer endpoint before rotation
dl-find/turbomole/=============================== Tstep:  144.6 Ttot:187648.5 ==
eandg
Spin: 
 Energy calculation finished, energy: -2.138681525E+03
Curvature at dimer midpoint                   -0.00335
Predicted dimer rotation angle:      7.851 deg
Next calculation will be the dimer endpoint after rotation
dl-find/turbomole/=============================== Tstep:  116.6 Ttot:187765.1 ==
eandg
Spin: 
 Energy calculation finished, energy: -2.138681527E+03
Curvature at dimer midpoint after rotation    -0.00078
Curvature at dimer minimum                    -0.00335
Actual dimer rotation angle:         0.357 deg
Dimer rotation converged after    1 steps
Writing TS-mode
Curvature after dimer rotation:               -0.00335
Frequency of transition mode  -297.663 cm^-1 (negative value denotes imaginary frequency)
Crossover temperature for tunnelling       68.16139 K
Restarting L-BFGS optimiser, instance: dimer rotation
Next calculation will be the dimer  midpoint
dl-find/turbomole/=============================== Tstep:   96.3 Ttot:187861.4 ==
eandg
Spin: 
 Energy calculation finished, energy: -2.138680872E+03
Testing convergence of dimer midpoint in cycle  540
    Energy  6.4955E-04 Target: 1.0000E-06 converged?   no
  Max step  6.4246E-03 Target: 1.8000E-03 converged?   no component   188
  RMS step  1.6419E-03 Target: 1.2000E-03 converged?   no
  Max grad  1.1931E-04 Target: 4.5000E-04 converged?  yes component    59
  RMS grad  1.7977E-05 Target: 3.0000E-04 converged?  yes
Next calculation will be the dimer endpoint before rotation
dl-find/turbomole/=============================== Tstep:  138.5 Ttot:187999.9 ==
eandg
Spin: 
 Energy calculation finished, energy: -2.138680873E+03
Curvature at dimer midpoint                   -0.00334
Predicted dimer rotation angle:      8.720 deg
Next calculation will be the dimer endpoint after rotation
dl-find/turbomole/=============================== Tstep:  114.9 Ttot:188114.7 ==
eandg
Spin: 
 Energy calculation finished, energy: -2.138680872E+03
Curvature at dimer midpoint after rotation     0.00248
Curvature at dimer minimum                    -0.00334
Actual dimer rotation angle:         0.225 deg
Dimer rotation converged after    1 steps
Writing TS-mode
Curvature after dimer rotation:               -0.00334
Frequency of transition mode  -297.284 cm^-1 (negative value denotes imaginary frequency)
Crossover temperature for tunnelling       68.07463 K
Restarting L-BFGS optimiser, instance: dimer rotation
Next calculation will be the dimer  midpoint
dl-find/turbomole/=============================== Tstep:   97.0 Ttot:188211.8 ==
eandg
Spin: 
 Energy calculation finished, energy: -2.138681529E+03
Testing convergence of dimer midpoint in cycle  541
    Energy  6.5719E-04 Target: 1.0000E-06 converged?   no
  Max step  2.7834E-03 Target: 1.8000E-03 converged?   no component   131
  RMS step  6.9444E-04 Target: 1.2000E-03 converged?  yes
  Max grad  2.7707E-04 Target: 4.5000E-04 converged?  yes component    59
  RMS grad  3.9004E-05 Target: 3.0000E-04 converged?  yes
Next calculation will be the dimer endpoint before rotation
dl-find/turbomole/=============================== Tstep:  135.8 Ttot:188347.6 ==
eandg
Spin: 
 Energy calculation finished, energy: -2.138680873E+03
Curvature at dimer midpoint                   -0.00547
Predicted dimer rotation angle:     42.829 deg
Next calculation will be the dimer endpoint after rotation
dl-find/turbomole/=============================== Tstep:  136.6 Ttot:188484.2 ==
eandg
Spin: 
 Energy calculation finished, energy: -2.138681521E+03
Curvature at dimer midpoint after rotation     0.04886
Curvature at dimer minimum                    -0.02334
Actual dimer rotation angle:        13.917 deg
Predicted dimer rotation angle:     35.947 deg
Next calculation will be the dimer endpoint after rotation
dl-find/turbomole/=============================== Tstep:  133.1 Ttot:188617.3 ==
eandg
Spin: 
 Energy calculation finished, energy: -2.138681524E+03
Curvature at dimer midpoint after rotation     0.03364
Curvature at dimer minimum                    -0.01532
Actual dimer rotation angle:         8.287 deg
Predicted dimer rotation angle:     30.715 deg
Next calculation will be the dimer endpoint after rotation
dl-find/turbomole/=============================== Tstep:  118.0 Ttot:188735.3 ==
eandg
Spin: 
 Energy calculation finished, energy: -2.138681523E+03
Curvature at dimer midpoint after rotation     0.01966
Curvature at dimer minimum                    -0.01005
Actual dimer rotation angle:         5.515 deg
Predicted dimer rotation angle:     30.285 deg
Next calculation will be the dimer endpoint after rotation
dl-find/turbomole/=============================== Tstep:  101.7 Ttot:188837.0 ==
eandg
Spin: 
 Energy calculation finished, energy: -2.138681525E+03
Curvature at dimer midpoint after rotation     0.01491
Curvature at dimer minimum                    -0.00701
Actual dimer rotation angle:         5.105 deg
Predicted dimer rotation angle:     30.926 deg
Next calculation will be the dimer endpoint after rotation
dl-find/turbomole/=============================== Tstep:  103.3 Ttot:188940.3 ==
eandg
Spin: 
 Energy calculation finished, energy: -2.138681525E+03
Curvature at dimer midpoint after rotation     0.01098
Curvature at dimer minimum                    -0.00514
Actual dimer rotation angle:         5.415 deg
Predicted dimer rotation angle:     31.123 deg
Next calculation will be the dimer endpoint after rotation
dl-find/turbomole/=============================== Tstep:   76.2 Ttot:189016.4 ==
eandg
Spin: 
 Energy calculation finished, energy: -2.138681526E+03
Curvature at dimer midpoint after rotation     0.00666
Curvature at dimer minimum                    -0.00373
Actual dimer rotation angle:         5.944 deg
Predicted dimer rotation angle:     33.359 deg
Next calculation will be the dimer endpoint after rotation
dl-find/turbomole/=============================== Tstep:  101.4 Ttot:189117.9 ==
eandg
Spin: 
 Energy calculation finished, energy: -2.138681526E+03
Curvature at dimer midpoint after rotation     0.00573
Curvature at dimer minimum                    -0.00277
Actual dimer rotation angle:         6.837 deg
Predicted dimer rotation angle:     34.573 deg
Next calculation will be the dimer endpoint after rotation
dl-find/turbomole/=============================== Tstep:   96.0 Ttot:189213.9 ==
eandg
Spin: 
 Energy calculation finished, energy: -2.138681526E+03
Curvature at dimer midpoint after rotation     0.00416
Curvature at dimer minimum                    -0.00231
Actual dimer rotation angle:         7.973 deg
Predicted dimer rotation angle:     33.352 deg
Next calculation will be the dimer endpoint after rotation
dl-find/turbomole/=============================== Tstep:  101.5 Ttot:189315.4 ==
eandg
Spin: 
 Energy calculation finished, energy: -2.138681527E+03
Curvature at dimer midpoint after rotation     0.00241
Curvature at dimer minimum                    -0.00213
Actual dimer rotation angle:         8.395 deg
Predicted dimer rotation angle:     33.275 deg
Next calculation will be the dimer endpoint after rotation
dl-find/turbomole/=============================== Tstep:  100.6 Ttot:189415.9 ==
eandg
Spin: 
 Energy calculation finished, energy: -2.138681528E+03
Curvature at dimer midpoint after rotation     0.00624
Curvature at dimer minimum                    -0.00208
Actual dimer rotation angle:         5.754 deg
Predicted dimer rotation angle:     32.064 deg
Next calculation will be the dimer endpoint after rotation
dl-find/turbomole/=============================== Tstep:  109.9 Ttot:189525.9 ==
eandg
Spin: 
 Energy calculation finished, energy: -2.138681527E+03
Curvature at dimer midpoint after rotation     0.00735
Curvature at dimer minimum                    -0.00226
Actual dimer rotation angle:         4.934 deg
Predicted dimer rotation angle:     20.094 deg
Next calculation will be the dimer endpoint after rotation
dl-find/turbomole/=============================== Tstep:  104.8 Ttot:189630.7 ==
eandg
Spin: 
 Energy calculation finished, energy: -2.138681527E+03
Curvature at dimer midpoint after rotation     0.00056
Curvature at dimer minimum                    -0.00219
Actual dimer rotation angle:         3.135 deg
Predicted dimer rotation angle:     20.211 deg
Next calculation will be the dimer endpoint after rotation
dl-find/turbomole/=============================== Tstep:  107.4 Ttot:189738.1 ==
eandg
Spin: 
 Energy calculation finished, energy: -2.138681528E+03
Curvature at dimer midpoint after rotation    -0.00099
Curvature at dimer minimum                    -0.00208
Actual dimer rotation angle:         5.549 deg
Predicted dimer rotation angle:     20.786 deg
Next calculation will be the dimer endpoint after rotation
dl-find/turbomole/=============================== Tstep:   99.7 Ttot:189837.8 ==
eandg
Spin: 
 Energy calculation finished, energy: -2.138681529E+03
Curvature at dimer midpoint after rotation    -0.00178
Curvature at dimer minimum                    -0.00214
Actual dimer rotation angle:         9.732 deg
Predicted dimer rotation angle:     19.157 deg
Next calculation will be the dimer endpoint after rotation
dl-find/turbomole/=============================== Tstep:   90.9 Ttot:189928.7 ==
eandg
Spin: 
 Energy calculation finished, energy: -2.138681530E+03
Curvature at dimer midpoint after rotation    -0.00186
Curvature at dimer minimum                    -0.00223
Actual dimer rotation angle:         8.502 deg
Predicted dimer rotation angle:     20.536 deg
Next calculation will be the dimer endpoint after rotation
dl-find/turbomole/=============================== Tstep:   93.9 Ttot:190022.6 ==
eandg
Spin: 
 Energy calculation finished, energy: -2.138681529E+03
Curvature at dimer midpoint after rotation    -0.00234
Curvature at dimer minimum                    -0.00256
Actual dimer rotation angle:        11.713 deg
Predicted dimer rotation angle:     27.864 deg
Next calculation will be the dimer endpoint after rotation
dl-find/turbomole/=============================== Tstep:   90.0 Ttot:190112.6 ==
eandg
Spin: 
 Energy calculation finished, energy: -2.138681528E+03
Curvature at dimer midpoint after rotation     0.00250
Curvature at dimer minimum                    -0.00293
Actual dimer rotation angle:         5.681 deg
Predicted dimer rotation angle:     25.064 deg
Next calculation will be the dimer endpoint after rotation
dl-find/turbomole/=============================== Tstep:  106.3 Ttot:190218.8 ==
eandg
Spin: 
 Energy calculation finished, energy: -2.138680872E+03
Curvature at dimer midpoint after rotation     0.01338
Curvature at dimer minimum                    -0.00304
Actual dimer rotation angle:         1.894 deg
Dimer rotation converged after   18 steps
Writing TS-mode
Curvature after dimer rotation:               -0.00304
Frequency of transition mode  -283.508 cm^-1 (negative value denotes imaginary frequency)
Crossover temperature for tunnelling       64.92017 K
Restarting L-BFGS optimiser, instance: dimer rotation
Next calculation will be the dimer  midpoint
dl-find/turbomole/=============================== Tstep:  135.4 Ttot:190354.3 ==
eandg
Spin: 
 Energy calculation finished, energy: -2.138681527E+03
Testing convergence of dimer midpoint in cycle  542
    Energy  2.1140E-06 Target: 1.0000E-06 converged?   no
  Max step  3.6421E-03 Target: 1.8000E-03 converged?   no component   188
  RMS step  1.0372E-03 Target: 1.2000E-03 converged?  yes
  Max grad  3.3984E-04 Target: 4.5000E-04 converged?  yes component    59
  RMS grad  4.7944E-05 Target: 3.0000E-04 converged?  yes
Next calculation will be the dimer endpoint before rotation
dl-find/turbomole/=============================== Tstep:  136.1 Ttot:190490.4 ==
eandg
Spin: 
 Energy calculation finished, energy: -2.138681531E+03
Curvature at dimer midpoint                   -0.00303
Predicted dimer rotation angle:     27.525 deg
Next calculation will be the dimer endpoint after rotation
dl-find/turbomole/=============================== Tstep:  117.5 Ttot:190607.9 ==
eandg
Spin: 
 Energy calculation finished, energy: -2.138681529E+03
Curvature at dimer midpoint after rotation     0.05434
Curvature at dimer minimum                    -0.00309
Actual dimer rotation angle:         0.870 deg
Dimer rotation converged after    1 steps
Writing TS-mode
Curvature after dimer rotation:               -0.00309
Frequency of transition mode  -285.919 cm^-1 (negative value denotes imaginary frequency)
Crossover temperature for tunnelling       65.47218 K
Restarting L-BFGS optimiser, instance: dimer rotation
Next calculation will be the dimer  midpoint
dl-find/turbomole/=============================== Tstep:  109.0 Ttot:190716.9 ==
eandg
Spin: 
 Energy calculation finished, energy: -2.138680871E+03
Testing convergence of dimer midpoint in cycle  543
    Energy  6.5657E-04 Target: 1.0000E-06 converged?   no
  Max step  9.5298E-03 Target: 1.8000E-03 converged?   no component   131
  RMS step  2.4970E-03 Target: 1.2000E-03 converged?   no
  Max grad  1.3895E-04 Target: 4.5000E-04 converged?  yes component    60
  RMS grad  3.1385E-05 Target: 3.0000E-04 converged?  yes
Next calculation will be the dimer endpoint before rotation
dl-find/turbomole/=============================== Tstep:  135.8 Ttot:190852.7 ==
eandg
Spin: 
 Energy calculation finished, energy: -2.138680871E+03
Curvature at dimer midpoint                   -0.00307
Predicted dimer rotation angle:     19.920 deg
Next calculation will be the dimer endpoint after rotation
dl-find/turbomole/=============================== Tstep:  119.3 Ttot:190972.0 ==
eandg
Spin: 
 Energy calculation finished, energy: -2.138680871E+03
Curvature at dimer midpoint after rotation     0.01156
Curvature at dimer minimum                    -0.00312
Actual dimer rotation angle:         1.047 deg
Dimer rotation converged after    1 steps
Writing TS-mode
Curvature after dimer rotation:               -0.00312
Frequency of transition mode  -287.128 cm^-1 (negative value denotes imaginary frequency)
Crossover temperature for tunnelling       65.74905 K
Restarting L-BFGS optimiser, instance: dimer rotation
Next calculation will be the dimer  midpoint
dl-find/turbomole/=============================== Tstep:   94.0 Ttot:191066.0 ==
eandg
Spin: 
 Energy calculation finished, energy: -2.138680872E+03
Testing convergence of dimer midpoint in cycle  544
    Energy  1.2570E-06 Target: 1.0000E-06 converged?   no
  Max step  1.5373E-03 Target: 1.8000E-03 converged?  yes component    14
  RMS step  3.9749E-04 Target: 1.2000E-03 converged?  yes
  Max grad  8.6689E-05 Target: 4.5000E-04 converged?  yes component   218
  RMS grad  1.9779E-05 Target: 3.0000E-04 converged?  yes
Next calculation will be the dimer endpoint before rotation
dl-find/turbomole/=============================== Tstep:  121.6 Ttot:191187.6 ==
eandg
Spin: 
 Energy calculation finished, energy: -2.138680872E+03
Curvature at dimer midpoint                   -0.00312
Predicted dimer rotation angle:     22.433 deg
Next calculation will be the dimer endpoint after rotation
dl-find/turbomole/=============================== Tstep:  116.0 Ttot:191303.6 ==
eandg
Spin: 
 Energy calculation finished, energy: -2.138680869E+03
Curvature at dimer midpoint after rotation     0.03632
Curvature at dimer minimum                    -0.00315
Actual dimer rotation angle:         0.622 deg
Dimer rotation converged after    1 steps
Writing TS-mode
Curvature after dimer rotation:               -0.00315
Frequency of transition mode  -288.514 cm^-1 (negative value denotes imaginary frequency)
Crossover temperature for tunnelling       66.06644 K
Restarting L-BFGS optimiser, instance: dimer rotation
Next calculation will be the dimer  midpoint
dl-find/turbomole/=============================== Tstep:  108.9 Ttot:191412.5 ==
eandg
Spin: 
 Energy calculation finished, energy: -2.138680871E+03
Testing convergence of dimer midpoint in cycle  545
    Energy  1.1480E-06 Target: 1.0000E-06 converged?   no
  Max step  6.2701E-03 Target: 1.8000E-03 converged?   no component    14
  RMS step  1.5270E-03 Target: 1.2000E-03 converged?   no
  Max grad  1.0307E-04 Target: 4.5000E-04 converged?  yes component    60
  RMS grad  1.9681E-05 Target: 3.0000E-04 converged?  yes
Next calculation will be the dimer endpoint before rotation
dl-find/turbomole/=============================== Tstep:  127.4 Ttot:191539.9 ==
eandg
Spin: 
 Energy calculation finished, energy: -2.138680871E+03
Curvature at dimer midpoint                   -0.00314
Predicted dimer rotation angle:     15.417 deg
Next calculation will be the dimer endpoint after rotation
dl-find/turbomole/=============================== Tstep:  120.5 Ttot:191660.4 ==
eandg
Spin: 
 Energy calculation finished, energy: -2.138680871E+03
Curvature at dimer midpoint after rotation     0.00568
Curvature at dimer minimum                    -0.00317
Actual dimer rotation angle:         0.776 deg
Dimer rotation converged after    1 steps
Writing TS-mode
Curvature after dimer rotation:               -0.00317
Frequency of transition mode  -289.315 cm^-1 (negative value denotes imaginary frequency)
Crossover temperature for tunnelling       66.24982 K
Restarting L-BFGS optimiser, instance: dimer rotation
Next calculation will be the dimer  midpoint
dl-find/turbomole/=============================== Tstep:   95.0 Ttot:191755.4 ==
eandg
Spin: 
 Energy calculation finished, energy: -2.138680870E+03
Testing convergence of dimer midpoint in cycle  546
    Energy  4.6700E-07 Target: 1.0000E-06 converged?  yes
  Max step  4.2361E-03 Target: 1.8000E-03 converged?   no component   131
  RMS step  1.0000E-03 Target: 1.2000E-03 converged?  yes
  Max grad  1.2351E-04 Target: 4.5000E-04 converged?  yes component    60
  RMS grad  2.2610E-05 Target: 3.0000E-04 converged?  yes
Next calculation will be the dimer endpoint before rotation
dl-find/turbomole/=============================== Tstep:  120.7 Ttot:191876.1 ==
eandg
Spin: 
 Energy calculation finished, energy: -2.138680871E+03
Curvature at dimer midpoint                   -0.00317
Predicted dimer rotation angle:     18.381 deg
Next calculation will be the dimer endpoint after rotation
dl-find/turbomole/=============================== Tstep:  118.0 Ttot:191994.1 ==
eandg
Spin: 
 Energy calculation finished, energy: -2.138680870E+03
Curvature at dimer midpoint after rotation     0.02374
Curvature at dimer minimum                    -0.00319
Actual dimer rotation angle:         0.476 deg
Dimer rotation converged after    1 steps
Writing TS-mode
Curvature after dimer rotation:               -0.00319
Frequency of transition mode  -290.139 cm^-1 (negative value denotes imaginary frequency)
Crossover temperature for tunnelling       66.43858 K
Restarting L-BFGS optimiser, instance: dimer rotation
Next calculation will be the dimer  midpoint
dl-find/turbomole/=============================== Tstep:  103.6 Ttot:192097.8 ==
eandg
Spin: 
 Energy calculation finished, energy: -2.138680869E+03
Testing convergence of dimer midpoint in cycle  547
    Energy  1.0190E-06 Target: 1.0000E-06 converged?   no
  Max step  1.4991E-02 Target: 1.8000E-03 converged?   no component   131
  RMS step  3.6278E-03 Target: 1.2000E-03 converged?   no
  Max grad  3.8363E-04 Target: 4.5000E-04 converged?  yes component    83
  RMS grad  5.0637E-05 Target: 3.0000E-04 converged?  yes
Next calculation will be the dimer endpoint before rotation
dl-find/turbomole/=============================== Tstep:  128.3 Ttot:192226.1 ==
eandg
Spin: 
 Energy calculation finished, energy: -2.138680870E+03
Curvature at dimer midpoint                   -0.00316
Predicted dimer rotation angle:     12.452 deg
Next calculation will be the dimer endpoint after rotation
dl-find/turbomole/=============================== Tstep:  119.3 Ttot:192345.4 ==
eandg
Spin: 
 Energy calculation finished, energy: -2.138680869E+03
Curvature at dimer midpoint after rotation     0.00268
Curvature at dimer minimum                    -0.00318
Actual dimer rotation angle:         0.605 deg
Dimer rotation converged after    1 steps
Writing TS-mode
Curvature after dimer rotation:               -0.00318
Frequency of transition mode  -289.661 cm^-1 (negative value denotes imaginary frequency)
Crossover temperature for tunnelling       66.32913 K
Restarting L-BFGS optimiser, instance: dimer rotation
Next calculation will be the dimer  midpoint
dl-find/turbomole/=============================== Tstep:   90.8 Ttot:192436.2 ==
eandg
Spin: 
 Energy calculation finished, energy: -2.138680870E+03
Testing convergence of dimer midpoint in cycle  548
    Energy  4.4700E-07 Target: 1.0000E-06 converged?  yes
  Max step  8.3671E-03 Target: 1.8000E-03 converged?   no component   131
  RMS step  1.9944E-03 Target: 1.2000E-03 converged?   no
  Max grad  6.9843E-05 Target: 4.5000E-04 converged?  yes component    59
  RMS grad  1.6790E-05 Target: 3.0000E-04 converged?  yes
Next calculation will be the dimer endpoint before rotation
dl-find/turbomole/=============================== Tstep:  120.1 Ttot:192556.3 ==
eandg
Spin: 
 Energy calculation finished, energy: -2.138680870E+03
Curvature at dimer midpoint                   -0.00316
Predicted dimer rotation angle:     15.449 deg
Next calculation will be the dimer endpoint after rotation
dl-find/turbomole/=============================== Tstep:  119.3 Ttot:192675.6 ==
eandg
Spin: 
 Energy calculation finished, energy: -2.138680868E+03
Curvature at dimer midpoint after rotation     0.01597
Curvature at dimer minimum                    -0.00317
Actual dimer rotation angle:         0.382 deg
Dimer rotation converged after    1 steps
Writing TS-mode
Curvature after dimer rotation:               -0.00317
Frequency of transition mode  -289.375 cm^-1 (negative value denotes imaginary frequency)
Crossover temperature for tunnelling       66.26355 K
Restarting L-BFGS optimiser, instance: dimer rotation
Next calculation will be the dimer  midpoint
dl-find/turbomole/=============================== Tstep:  102.1 Ttot:192777.7 ==
eandg
Spin: 
 Energy calculation finished, energy: -2.138680867E+03
Testing convergence of dimer midpoint in cycle  549
    Energy  2.9860E-06 Target: 1.0000E-06 converged?   no
  Max step  2.2221E-03 Target: 1.8000E-03 converged?   no component   116
  RMS step  5.4269E-04 Target: 1.2000E-03 converged?  yes
  Max grad  8.9267E-05 Target: 4.5000E-04 converged?  yes component    59
  RMS grad  1.9194E-05 Target: 3.0000E-04 converged?  yes
Next calculation will be the dimer endpoint before rotation
dl-find/turbomole/=============================== Tstep:  117.8 Ttot:192895.5 ==
eandg
Spin: 
 Energy calculation finished, energy: -2.138680868E+03
Curvature at dimer midpoint                   -0.00318
Predicted dimer rotation angle:     10.701 deg
Next calculation will be the dimer endpoint after rotation
dl-find/turbomole/=============================== Tstep:  117.5 Ttot:193013.0 ==
eandg
Spin: 
 Energy calculation finished, energy: -2.138680868E+03
Curvature at dimer midpoint after rotation     0.00109
Curvature at dimer minimum                    -0.00319
Actual dimer rotation angle:         0.521 deg
Dimer rotation converged after    1 steps
Writing TS-mode
Curvature after dimer rotation:               -0.00319
Frequency of transition mode  -290.261 cm^-1 (negative value denotes imaginary frequency)
Crossover temperature for tunnelling       66.46645 K
Restarting L-BFGS optimiser, instance: dimer rotation
Next calculation will be the dimer  midpoint
dl-find/turbomole/=============================== Tstep:   92.4 Ttot:193105.4 ==
eandg
Spin: 
 Energy calculation finished, energy: -2.138680866E+03
Testing convergence of dimer midpoint in cycle  550
    Energy  7.8100E-07 Target: 1.0000E-06 converged?  yes
  Max step  5.0684E-03 Target: 1.8000E-03 converged?   no component   116
  RMS step  1.1708E-03 Target: 1.2000E-03 converged?  yes
  Max grad  1.4476E-04 Target: 4.5000E-04 converged?  yes component    60
  RMS grad  3.1341E-05 Target: 3.0000E-04 converged?  yes
Next calculation will be the dimer endpoint before rotation
dl-find/turbomole/=============================== Tstep:  126.5 Ttot:193231.9 ==
eandg
Spin: 
 Energy calculation finished, energy: -2.138680866E+03
Curvature at dimer midpoint                   -0.00316
Predicted dimer rotation angle:     13.644 deg
Next calculation will be the dimer endpoint after rotation
dl-find/turbomole/=============================== Tstep:  120.4 Ttot:193352.3 ==
eandg
Spin: 
 Energy calculation finished, energy: -2.138680864E+03
Curvature at dimer midpoint after rotation     0.01187
Curvature at dimer minimum                    -0.00317
Actual dimer rotation angle:         0.330 deg
Dimer rotation converged after    1 steps
Writing TS-mode
Curvature after dimer rotation:               -0.00317
Frequency of transition mode  -289.510 cm^-1 (negative value denotes imaginary frequency)
Crossover temperature for tunnelling       66.29452 K
Restarting L-BFGS optimiser, instance: dimer rotation
Next calculation will be the dimer  midpoint
dl-find/turbomole/=============================== Tstep:  101.6 Ttot:193453.9 ==
eandg
Spin: 
 Energy calculation finished, energy: -2.138680867E+03
Testing convergence of dimer midpoint in cycle  551
    Energy  5.1800E-07 Target: 1.0000E-06 converged?  yes
  Max step  5.7883E-03 Target: 1.8000E-03 converged?   no component   116
  RMS step  1.3322E-03 Target: 1.2000E-03 converged?   no
  Max grad  1.8282E-04 Target: 4.5000E-04 converged?  yes component    60
  RMS grad  3.3365E-05 Target: 3.0000E-04 converged?  yes
Next calculation will be the dimer endpoint before rotation
dl-find/turbomole/=============================== Tstep:  122.2 Ttot:193576.1 ==
eandg
Spin: 
 Energy calculation finished, energy: -2.138680866E+03
Curvature at dimer midpoint                   -0.00316
Predicted dimer rotation angle:      9.176 deg
Next calculation will be the dimer endpoint after rotation
dl-find/turbomole/=============================== Tstep:  115.3 Ttot:193691.4 ==
eandg
Spin: 
 Energy calculation finished, energy: -2.138680865E+03
Curvature at dimer midpoint after rotation     0.00010
Curvature at dimer minimum                    -0.00317
Actual dimer rotation angle:         0.426 deg
Dimer rotation converged after    1 steps
Writing TS-mode
Curvature after dimer rotation:               -0.00317
Frequency of transition mode  -289.437 cm^-1 (negative value denotes imaginary frequency)
Crossover temperature for tunnelling       66.27765 K
Restarting L-BFGS optimiser, instance: dimer rotation
Next calculation will be the dimer  midpoint
dl-find/turbomole/=============================== Tstep:   98.0 Ttot:193789.5 ==
eandg
Spin: 
 Energy calculation finished, energy: -2.138680867E+03
Testing convergence of dimer midpoint in cycle  552
    Energy  8.0200E-07 Target: 1.0000E-06 converged?  yes
  Max step  1.2333E-02 Target: 1.8000E-03 converged?   no component   116
  RMS step  2.8715E-03 Target: 1.2000E-03 converged?   no
  Max grad  1.9145E-04 Target: 4.5000E-04 converged?  yes component    83
  RMS grad  4.2690E-05 Target: 3.0000E-04 converged?  yes
Next calculation will be the dimer endpoint before rotation
dl-find/turbomole/=============================== Tstep:  125.3 Ttot:193914.8 ==
eandg
Spin: 
 Energy calculation finished, energy: -2.138680866E+03
Curvature at dimer midpoint                   -0.00314
Predicted dimer rotation angle:     11.850 deg
Next calculation will be the dimer endpoint after rotation
dl-find/turbomole/=============================== Tstep:  119.0 Ttot:194033.8 ==
eandg
Spin: 
 Energy calculation finished, energy: -2.138680866E+03
Curvature at dimer midpoint after rotation     0.00800
Curvature at dimer minimum                    -0.00315
Actual dimer rotation angle:         0.285 deg
Dimer rotation converged after    1 steps
Writing TS-mode
Curvature after dimer rotation:               -0.00315
Frequency of transition mode  -288.466 cm^-1 (negative value denotes imaginary frequency)
Crossover temperature for tunnelling       66.05540 K
Restarting L-BFGS optimiser, instance: dimer rotation
Next calculation will be the dimer  midpoint
dl-find/turbomole/=============================== Tstep:  100.9 Ttot:194134.7 ==
eandg
Spin: 
 Energy calculation finished, energy: -2.138680868E+03
Testing convergence of dimer midpoint in cycle  553
    Energy  4.8200E-07 Target: 1.0000E-06 converged?  yes
  Max step  3.4586E-03 Target: 1.8000E-03 converged?   no component   116
  RMS step  8.0441E-04 Target: 1.2000E-03 converged?  yes
  Max grad  1.4804E-04 Target: 4.5000E-04 converged?  yes component   178
  RMS grad  2.6493E-05 Target: 3.0000E-04 converged?  yes
Next calculation will be the dimer endpoint before rotation
dl-find/turbomole/=============================== Tstep:  121.1 Ttot:194255.7 ==
eandg
Spin: 
 Energy calculation finished, energy: -2.138680867E+03
Curvature at dimer midpoint                   -0.00314
Predicted dimer rotation angle:      8.267 deg
Next calculation will be the dimer endpoint after rotation
dl-find/turbomole/=============================== Tstep:  120.4 Ttot:194376.1 ==
eandg
Spin: 
 Energy calculation finished, energy: -2.138680867E+03
Curvature at dimer midpoint after rotation    -0.00039
Curvature at dimer minimum                    -0.00314
Actual dimer rotation angle:         0.366 deg
Dimer rotation converged after    1 steps
Writing TS-mode
Curvature after dimer rotation:               -0.00314
Frequency of transition mode  -288.263 cm^-1 (negative value denotes imaginary frequency)
Crossover temperature for tunnelling       66.00880 K
Restarting L-BFGS optimiser, instance: dimer rotation
Next calculation will be the dimer  midpoint
dl-find/turbomole/=============================== Tstep:   94.8 Ttot:194471.0 ==
eandg
Spin: 
 Energy calculation finished, energy: -2.138680868E+03
Testing convergence of dimer midpoint in cycle  554
    Energy  3.8200E-07 Target: 1.0000E-06 converged?  yes
  Max step  1.4223E-03 Target: 1.8000E-03 converged?  yes component   229
  RMS step  4.3002E-04 Target: 1.2000E-03 converged?  yes
  Max grad  1.2217E-04 Target: 4.5000E-04 converged?  yes component   178
  RMS grad  2.2487E-05 Target: 3.0000E-04 converged?  yes
Convergence reached
Writing TS-mode
Testing convergence of dimer midpoint in cycle  554
    Energy  0.0000E+00 Target: 1.0000E-06 converged?  yes
  Max step  1.4223E-03 Target: 1.8000E-03 converged?  yes component   229
  RMS step  4.3002E-04 Target: 1.2000E-03 converged?  yes
  Max grad  1.2217E-04 Target: 4.5000E-04 converged?  yes component   178
  RMS grad  2.2487E-05 Target: 3.0000E-04 converged?  yes
Convergence reached

 Optimisation converged
 ----------------------
 Final converged energy:   -2138.680868179000


DL-FIND Report:
===============
Optimisation algorithm: L-BFGS
Number of steps in L-BFGS memory ...............         50
 
Step length: simple scaled
Maximum step length ............................  4.000E-01
Scaling step by ................................  1.000E+00
 
Coordinate system: Mass-weighted Cartesian coordinates
Dimer method, rotation by line search with extrapolation
Dimer distance (mid- to endpoint) ..............  1.000E-02
Maximum number of dimer rotations ..............         40
Tolerance in rotation ..........................  2.000E+00 degrees
 
Number of atoms ................................         85
Number of input geometries .....................          2
Variables to be optimised ......................        510
No restart information is written
This run has not been restarted.
Number of energy evaluations on this processor .       1783
Number of steps ................................        554
Number of accepted steps / line searches .......        554
 

Timing report
=============
Module                                      CPU time            Wall clock time
Total .................................  3773.985 (100.00%)-20158.777 (******%) seconds
Energy and Gradient ...................  3772.580 ( 99.96%)-20162.156 (******%) seconds
Step direction ........................     0.224 (  0.01%)     0.293 ( 16.40%) seconds
Coordinate transformation .............     0.478 (  0.01%)     1.786 (100.00%) seconds
Checkpoint file I/O ...................     0.000 (  0.00%)     0.000 (  0.00%) seconds
XYZ-file I/O ..........................     0.000 (  0.00%)     0.000 (  0.01%) seconds
exit 0
write_xyz/======================================= Tstep:  120.8 Ttot:194591.8 ==
dl-find/========================================= Tstep:    0.0 Ttot:194591.8 ==
dl-find/copy_object/============================= Tstep:    0.0 Ttot:194591.8 ==
dl-find/get_number_of_atoms/===================== Tstep:    0.0 Ttot:194591.8 ==
dl-find/set_matrix_size/========================= Tstep:    0.0 Ttot:194591.8 ==
dl-find/set_matrix_size/========================= Tstep:    0.0 Ttot:194591.8 ==
Using 2018 CODATA recommended values

***********************************************************************
**                                                                   **
**                       ---------------------                       **
**                              DL-FIND                              **
**                       Geometry Optimisation                       **
**                       ---------------------                       **
**                                                                   **
**                 J. Kaestner, J.M. Carr, T.W. Keal,                **
**                W. Thiel, A. Wander and P. Sherwood                **
**                                                                   **
**              J. Phys. Chem. A, 2009, 113 (43), 11856.             **
**                                                                   **
**   Please include this reference in published work using DL-FIND.  **
**                                                                   **
**               Copyright:  STFC Daresbury Laboratory               **
**                  and the University of Stuttgart                  **
**                           Revision:  341 $                        **
**                                                                   **
***********************************************************************

Atom      1  free
Atom      2  free
Atom      3  free
Atom      4  free
Atom      5  free
Atom      6  free
Atom      7  free
Atom      8  free
Atom      9  free
Atom     10  free
Atom     11  free
Atom     12  free
Atom     13  free
Atom     14  free
Atom     15  free
Atom     16  free
Atom     17  free
Atom     18  free
Atom     19  free
Atom     20  free
Atom     21  free
Atom     22  free
Atom     23  free
Atom     24  free
Atom     25  free
Atom     26  free
Atom     27  free
Atom     28  free
Atom     29  free
Atom     30  free
Atom     31  free
Atom     32  free
Atom     33  free
Atom     34  free
Atom     35  free
Atom     36  free
Atom     37  free
Atom     38  free
Atom     39  free
Atom     40  free
Atom     41  free
Atom     42  free
Atom     43  free
Atom     44  free
Atom     45  free
Atom     46  free
Atom     47  free
Atom     48  free
Atom     49  free
Atom     50  free
Atom     51  free
Atom     52  free
Atom     53  free
Atom     54  free
Atom     55  free
Atom     56  free
Atom     57  free
Atom     58  free
Atom     59  free
Atom     60  free
Atom     61  free
Atom     62  free
Atom     63  free
Atom     64  free
Atom     65  free
Atom     66  free
Atom     67  free
Atom     68  free
Atom     69  free
Atom     70  free
Atom     71  free
Atom     72  free
Atom     73  free
Atom     74  free
Atom     75  free
Atom     76  free
Atom     77  free
Atom     78  free
Atom     79  free
Atom     80  free
Atom     81  free
Atom     82  free
Atom     83  free
Atom     84  free
Atom     85  free

DL-FIND Report:
===============
Optimisation algorithm: no optimisation, just calculate the
    Hessian and thermal corrections
Modes assumed to have zero vibrational frequency          6
Temperature ....................................  2.981E+02 K
Minimum wave number ............................  1.000E+02 cm^-1
Finite difference for Hessian calculation ......  1.000E-02
 
Step length: simple scaled
Maximum step length ............................  5.000E-01
Scaling step by ................................  1.000E+00
 
Coordinate system: Mass-weighted Cartesian coordinates
 
Number of atoms ................................         85
Number of input geometries .....................          1
Variables to be optimised ......................        255
No restart information is written
This run has not been restarted.
Maximum number of steps ........................        100
Maximum number of energy evaluations ...........     100000
 
dl-find/turbomole/=============================== Tstep:    0.1 Ttot:194591.9 ==
eandg
Spin: 
 Energy calculation finished, energy: -2.138680868E+03
dl-find/turbomole/=============================== Tstep:   56.4 Ttot:194648.3 ==
hessian
Analytic hessian calculated

Hessian eigenvalues:
 -0.00321 -0.00018 -0.00000 -0.00000 -0.00000  0.00000  0.00000  0.00000  0.00001  0.00001  0.00002  0.00003
  0.00004  0.00005  0.00008  0.00011  0.00012  0.00014  0.00018  0.00021  0.00023  0.00024  0.00029  0.00032
  0.00042  0.00048  0.00053  0.00065  0.00073  0.00079  0.00086  0.00089  0.00098  0.00110  0.00117  0.00130
  0.00141  0.00162  0.00170  0.00202  0.00206  0.00236  0.00251  0.00266  0.00289  0.00307  0.00319  0.00335
  0.00421  0.00438  0.00471  0.00522  0.00550  0.00582  0.00592  0.00644  0.00672  0.00681  0.00725  0.00744
  0.00759  0.00767  0.00930  0.00978  0.01018  0.01088  0.01096  0.01109  0.01113  0.01159  0.01190  0.01278
  0.01412  0.01424  0.01445  0.01460  0.01486  0.01557  0.01563  0.01637  0.01738  0.01753  0.01785  0.01831
  0.01882  0.01948  0.01971  0.02035  0.02091  0.02197  0.02213  0.02244  0.02256  0.02266  0.02297  0.02341
  0.02375  0.02440  0.02465  0.02479  0.02505  0.02589  0.02708  0.02731  0.02769  0.02832  0.02872  0.02891
  0.02907  0.02947  0.03090  0.03109  0.03161  0.03167  0.03201  0.03274  0.03332  0.03497  0.03572  0.03762
  0.03788  0.03845  0.03869  0.03879  0.03915  0.03921  0.03933  0.03989  0.04023  0.04047  0.04054  0.04075
  0.04156  0.04202  0.04231  0.04242  0.04272  0.04454  0.04531  0.04605  0.04667  0.04750  0.04797  0.04843
  0.04898  0.04917  0.04949  0.04975  0.04978  0.04980  0.04984  0.05090  0.05124  0.05205  0.05216  0.05344
  0.05384  0.05719  0.05743  0.05758  0.05768  0.05838  0.05932  0.06063  0.06114  0.06297  0.06319  0.06328
  0.06466  0.06610  0.06698  0.06795  0.06958  0.07032  0.07080  0.07276  0.07292  0.07475  0.07522  0.07619
  0.07664  0.07691  0.07743  0.07766  0.07887  0.07893  0.07911  0.07960  0.07989  0.08001  0.08016  0.08089
  0.08244  0.08278  0.08317  0.08363  0.08369  0.08485  0.08509  0.08577  0.08745  0.08928  0.08992  0.09362
  0.09471  0.10015  0.10085  0.10337  0.10428  0.10601  0.10618  0.10699  0.10838  0.10852  0.11079  0.11142
  0.12100  0.12432  0.13054  0.34428  0.35351  0.35594  0.35702  0.36353  0.36708  0.37059  0.37149  0.37359
  0.37968  0.38087  0.38404  0.38630  0.38878  0.38890  0.38933  0.38982  0.38989  0.39018  0.39117  0.39160
  0.39165  0.39273  0.39376  0.39405  0.39436  0.39491  0.39498  0.39552  0.39586  0.39698  0.39942  0.40657
  0.41240  0.41501  0.42181
Testing convergence  in cycle    1
  Max grad  1.2217E-04 Target: 4.5000E-04 converged?  yes component   178
  RMS grad  2.2487E-05 Target: 3.0000E-04 converged?  yes
Convergence reached
 
Projecting out translational and rotational modes

Number of translational/rotational modes:   6
 
Thermochemical analysis
 Mode     Eigenvalue Frequency Vib.T.(K)        ZPE (H)   Vib. Ene.(H)      - T*S (H)
    1  -0.0032053949   291.035i
    2  -0.0001815282   -69.259    99.648   0.0001577836   0.0007346202  -0.0016412577
    3   0.0000056555    12.225    17.589   0.0000278501   0.0007346202  -0.0016412577
    4   0.0000107146    16.826    24.210   0.0000383335   0.0007346202  -0.0016412577
    5   0.0000178820    21.738    31.276   0.0000495220   0.0007346202  -0.0016412577
    6   0.0000263788    26.402    37.986   0.0000601475   0.0007346202  -0.0016412577
    7   0.0000384311    31.867    45.850   0.0000725991   0.0007346202  -0.0016412577
    8   0.0000463410    34.993    50.348   0.0000797210   0.0007346202  -0.0016412577
    9   0.0000812648    46.340    66.673   0.0001055702   0.0007346202  -0.0016412577
   10   0.0001089441    53.654    77.197   0.0001222339   0.0007346202  -0.0016412577
   11   0.0001174131    55.701    80.141   0.0001268961   0.0007346202  -0.0016412577
   12   0.0001369034    60.147    86.538   0.0001370242   0.0007346202  -0.0016412577
   13   0.0001822805    69.402    99.855   0.0001581103   0.0007346202  -0.0016412577
   14   0.0002091576    74.343   106.963   0.0001693662   0.0007346202  -0.0016412577
   15   0.0002261497    77.304   111.223   0.0001761116   0.0007346202  -0.0016412577
   16   0.0002426804    80.080   115.217   0.0001824346   0.0007346202  -0.0016412577
   17   0.0002929418    87.982   126.587   0.0002004383   0.0007346202  -0.0016412577
   18   0.0003183231    91.715   131.957   0.0002089412   0.0007346202  -0.0016412577
   19   0.0004159796   104.843   150.846   0.0002388504   0.0007253897  -0.0015974997
   20   0.0004824998   112.915   162.460   0.0002572400   0.0007101915  -0.0015290558
   21   0.0005331843   118.698   170.780   0.0002704137   0.0006994465  -0.0014831082
   22   0.0006473724   130.792   188.181   0.0002979662   0.0006773566  -0.0013942113
   23   0.0007265738   138.562   199.360   0.0003156675   0.0006634369  -0.0013416007
   24   0.0007861843   144.134   207.377   0.0003283614   0.0006535850  -0.0013057858
   25   0.0008549921   150.309   216.261   0.0003424294   0.0006427935  -0.0012678012
   26   0.0008882754   153.207   220.430   0.0003490308   0.0006377753  -0.0012505568
   27   0.0009784394   160.795   231.347   0.0003663169   0.0006247728  -0.0012070378
   28   0.0011049504   170.874   245.849   0.0003892793   0.0006078078  -0.0011525998
   29   0.0011749832   176.206   253.521   0.0004014263   0.0005989743  -0.0011252257
   30   0.0013031274   185.566   266.988   0.0004227498   0.0005837017  -0.0010793453
   31   0.0014058800   192.743   277.314   0.0004391007   0.0005721916  -0.0010459023
   32   0.0016165904   206.683   297.370   0.0004708580   0.0005503303  -0.0009848442
   33   0.0016956585   211.677   304.556   0.0004822355   0.0005426556  -0.0009641213
   34   0.0020163071   230.825   332.106   0.0005258578   0.0005139905  -0.0008896951
   35   0.0020614645   233.395   335.804   0.0005317137   0.0005102335  -0.0008802667
   36   0.0023577505   249.605   359.126   0.0005686419   0.0004870308  -0.0008235790
   37   0.0025140052   257.743   370.835   0.0005871824   0.0004756970  -0.0007968004
   38   0.0026627606   265.259   381.649   0.0006043048   0.0004654153  -0.0007729931
   39   0.0028930309   276.491   397.809   0.0006298926   0.0004503780  -0.0007389658
   40   0.0030650446   284.592   409.464   0.0006483483   0.0004397732  -0.0007155076
   41   0.0031882153   290.254   417.611   0.0006612471   0.0004324802  -0.0006996230
   42   0.0033488774   297.477   428.004   0.0006777033   0.0004233165  -0.0006799405
   43   0.0042096405   333.524   479.866   0.0007598230   0.0003798918  -0.0005905708
   44   0.0043800501   340.207   489.483   0.0007750496   0.0003722522  -0.0005754694
   45   0.0047090283   352.752   507.532   0.0008036290   0.0003582520  -0.0005482428
   46   0.0052210508   371.435   534.413   0.0008461920   0.0003382051  -0.0005102241
   47   0.0055021617   381.304   548.611   0.0008686736   0.0003279962  -0.0004912808
   48   0.0058201895   392.169   564.243   0.0008934259   0.0003170532  -0.0004712762
   49   0.0059153852   395.363   568.839   0.0009007027   0.0003138945  -0.0004655585
   50   0.0064372395   412.434   593.400   0.0009395930   0.0002974556  -0.0004361983
   51   0.0067173164   421.310   606.172   0.0009598157   0.0002891969  -0.0004216934
   52   0.0068136557   424.321   610.503   0.0009666740   0.0002864402  -0.0004168875
   53   0.0072462557   437.584   629.585   0.0009968889   0.0002745580  -0.0003963722
   54   0.0074415966   443.443   638.015   0.0010102364   0.0002694434  -0.0003876399
   55   0.0075894699   447.827   644.323   0.0010202243   0.0002656692  -0.0003812334
   56   0.0076708624   450.222   647.768   0.0010256804   0.0002636265  -0.0003777792
   57   0.0093000237   495.731   713.247   0.0011293589   0.0002272814  -0.0003178074
   58   0.0097790992   508.339   731.387   0.0011580822   0.0002180097  -0.0003029441
   59   0.0101829404   518.729   746.336   0.0011817526   0.0002106169  -0.0002912152
   60   0.0108765100   536.104   771.334   0.0012213348   0.0001987407  -0.0002725963
   61   0.0109570243   538.085   774.184   0.0012258470   0.0001974247  -0.0002705498
   62   0.0110866941   541.259   778.751   0.0012330792   0.0001953312  -0.0002673011
   63   0.0111326791   542.381   780.365   0.0012356339   0.0001945964  -0.0002661628
   64   0.0115894500   553.396   796.213   0.0012607279   0.0001875058  -0.0002552312
   65   0.0119037139   560.848   806.936   0.0012777068   0.0001828377  -0.0002480860
   66   0.0127797114   581.119   836.100   0.0013238857   0.0001706544  -0.0002296284
   67   0.0141227014   610.890   878.935   0.0013917103   0.0001540606  -0.0002049257
   68   0.0142381037   613.381   882.518   0.0013973848   0.0001527396  -0.0002029804
   69   0.0144525532   617.983   889.140   0.0014078690   0.0001503253  -0.0001994335
   70   0.0146010475   621.150   893.696   0.0014150832   0.0001486838  -0.0001970279
   71   0.0148589187   626.611   901.553   0.0014275245   0.0001458905  -0.0001929453
   72   0.0155703750   641.437   922.884   0.0014613004   0.0001385421  -0.0001822715
   73   0.0156281577   642.626   924.595   0.0014640093   0.0001379674  -0.0001814407
   74   0.0163689405   657.680   946.255   0.0014983050   0.0001308734  -0.0001712345
   75   0.0173815462   677.717   975.084   0.0015439533   0.0001219403  -0.0001585084
   76   0.0175283426   680.573   979.193   0.0015504593   0.0001207129  -0.0001567708
   77   0.0178488988   686.768   988.106   0.0015645724   0.0001180887  -0.0001530647
   78   0.0183051457   695.490  1000.655   0.0015844427   0.0001144813  -0.0001479899
   79   0.0188225638   705.251  1014.699   0.0016066798   0.0001105629  -0.0001425033
   80   0.0194752053   717.373  1032.140   0.0016342970   0.0001058661  -0.0001359624
   81   0.0197058552   721.609  1038.234   0.0016439462   0.0001042683  -0.0001337461
   82   0.0203528951   733.360  1055.142   0.0016707176   0.0000999496  -0.0001277781
   83   0.0209101704   743.332  1069.489   0.0016934358   0.0000964135  -0.0001229159
   84   0.0219744317   762.014  1096.369   0.0017359962   0.0000900949  -0.0001142832
   85   0.0221332606   764.763  1100.324   0.0017422587   0.0000891979  -0.0001130633
   86   0.0224376720   770.004  1107.864   0.0017541990   0.0000875103  -0.0001107723
   87   0.0225604569   772.108  1110.892   0.0017589921   0.0000868411  -0.0001098652
   88   0.0226579242   773.774  1113.289   0.0017627877   0.0000863145  -0.0001091520
   89   0.0229656113   779.010  1120.822   0.0017747164   0.0000846787  -0.0001069396
   90   0.0234075372   786.470  1131.555   0.0017917104   0.0000823974  -0.0001038622
   91   0.0237495105   792.194  1139.791   0.0018047510   0.0000806853  -0.0001015588
   92   0.0244018370   803.000  1155.338   0.0018293686   0.0000775423  -0.0000973440
   93   0.0246503872   807.079  1161.207   0.0018386617   0.0000763855  -0.0000957972
   94   0.0247923590   809.400  1164.546   0.0018439489   0.0000757345  -0.0000949278
   95   0.0250501890   813.598  1170.586   0.0018535122   0.0000745699  -0.0000933745
   96   0.0258865735   827.069  1189.967   0.0018842010   0.0000709438  -0.0000885537
   97   0.0270830825   845.967  1217.157   0.0019272542   0.0000661314  -0.0000821933
   98   0.0273145458   849.574  1222.348   0.0019354722   0.0000652480  -0.0000810304
   99   0.0276936564   855.450  1230.801   0.0019488576   0.0000638325  -0.0000791701
  100   0.0283233655   865.121  1244.716   0.0019708900   0.0000615647  -0.0000761975
  101   0.0287174551   871.119  1253.345   0.0019845540   0.0000601962  -0.0000744083
  102   0.0289113623   874.055  1257.570   0.0019912429   0.0000595366  -0.0000735473
  103   0.0290717796   876.476  1261.054   0.0019967595   0.0000589977  -0.0000728445
  104   0.0294697605   882.455  1269.656   0.0020103805   0.0000576866  -0.0000711367
  105   0.0308967684   903.568  1300.033   0.0020584792   0.0000532712  -0.0000654101
  106   0.0310921514   906.420  1304.137   0.0020649776   0.0000526995  -0.0000646713
  107   0.0316082175   913.912  1314.915   0.0020820443   0.0000512252  -0.0000627694
  108   0.0316700397   914.805  1316.200   0.0020840794   0.0000510520  -0.0000625463
  109   0.0320104565   919.709  1323.255   0.0020952502   0.0000501111  -0.0000613349
  110   0.0327436910   930.182  1338.325   0.0021191113   0.0000481554  -0.0000588229
  111   0.0333164624   938.283  1349.979   0.0021375653   0.0000466923  -0.0000569486
  112   0.0349680480   961.258  1383.036   0.0021899069   0.0000427664  -0.0000519412
  113   0.0357208785   971.550  1397.844   0.0022133547   0.0000411105  -0.0000498386
  114   0.0376221159   997.071  1434.562   0.0022714938   0.0000372616  -0.0000449743
  115   0.0378820054  1000.508  1439.508   0.0022793259   0.0000367700  -0.0000443552
  116   0.0384476772  1007.951  1450.216   0.0022962809   0.0000357265  -0.0000430431
  117   0.0386903199  1011.126  1454.785   0.0023035154   0.0000352899  -0.0000424948
  118   0.0387890174  1012.415  1456.640   0.0023064516   0.0000351141  -0.0000422742
  119   0.0391466404  1017.072  1463.339   0.0023170596   0.0000344860  -0.0000414863
  120   0.0392081783  1017.871  1464.489   0.0023188801   0.0000343792  -0.0000413526
  121   0.0393259354  1019.398  1466.686   0.0023223597   0.0000341761  -0.0000410981
  122   0.0398877304  1026.654  1477.125   0.0023388890   0.0000332267  -0.0000399096
  123   0.0402282772  1031.027  1483.418   0.0023488521   0.0000326666  -0.0000392094
  124   0.0404687289  1034.104  1487.844   0.0023558614   0.0000322779  -0.0000387240
  125   0.0405398220  1035.012  1489.151   0.0023579298   0.0000321640  -0.0000385818
  126   0.0407482656  1037.669  1492.974   0.0023639839   0.0000318329  -0.0000381687
  127   0.0415584609  1047.934  1507.743   0.0023873697   0.0000305842  -0.0000366128
  128   0.0420204405  1053.743  1516.101   0.0024006025   0.0000298984  -0.0000357598
  129   0.0423125849  1057.399  1521.362   0.0024089331   0.0000294741  -0.0000352327
  130   0.0424246413  1058.799  1523.375   0.0024121207   0.0000293133  -0.0000350331
  131   0.0427216088  1062.498  1528.697   0.0024205483   0.0000288922  -0.0000345104
  132   0.0445415101  1084.893  1560.918   0.0024715672   0.0000264630  -0.0000315042
  133   0.0453063439  1094.167  1574.263   0.0024926968   0.0000255151  -0.0000303351
  134   0.0460521149  1103.136  1587.167   0.0025131288   0.0000246293  -0.0000292446
  135   0.0466739283  1110.559  1597.846   0.0025300385   0.0000239185  -0.0000283710
  136   0.0474999107  1120.342  1611.922   0.0025523272   0.0000230114  -0.0000272582
  137   0.0479709080  1125.883  1619.894   0.0025649501   0.0000225124  -0.0000266469
  138   0.0484256178  1131.206  1627.554   0.0025770779   0.0000220428  -0.0000260722
  139   0.0489763888  1137.621  1636.783   0.0025916917   0.0000214893  -0.0000253956
  140   0.0491718068  1139.888  1640.045   0.0025968570   0.0000212968  -0.0000251605
  141   0.0494917052  1143.590  1645.371   0.0026052905   0.0000209862  -0.0000247813
  142   0.0497478149  1146.545  1649.623   0.0026120228   0.0000207413  -0.0000244826
  143   0.0497816269  1146.935  1650.184   0.0026129103   0.0000207092  -0.0000244435
  144   0.0498046125  1147.200  1650.565   0.0026135134   0.0000206875  -0.0000244170
  145   0.0498405179  1147.613  1651.159   0.0026144553   0.0000206535  -0.0000243756
  146   0.0509035886  1159.788  1668.676   0.0026421907   0.0000196772  -0.0000231865
  147   0.0512438475  1163.657  1674.243   0.0026510067   0.0000193763  -0.0000228205
  148   0.0520512730  1172.789  1687.382   0.0026718104   0.0000186835  -0.0000219790
  149   0.0521574430  1173.985  1689.102   0.0026745339   0.0000185946  -0.0000218711
  150   0.0534414065  1188.347  1709.766   0.0027072533   0.0000175577  -0.0000206144
  151   0.0538350551  1192.715  1716.051   0.0027172058   0.0000172534  -0.0000202463
  152   0.0571854432  1229.269  1768.644   0.0028004814   0.0000148989  -0.0000174072
  153   0.0574279285  1231.873  1772.390   0.0028064126   0.0000147436  -0.0000172205
  154   0.0575841280  1233.547  1774.799   0.0028102267   0.0000146445  -0.0000171015
  155   0.0576772503  1234.544  1776.233   0.0028124980   0.0000145858  -0.0000170310
  156   0.0583788754  1242.030  1787.004   0.0028295529   0.0000141523  -0.0000165106
  157   0.0593246905  1252.051  1801.422   0.0028523820   0.0000135914  -0.0000158382
  158   0.0606283125  1265.733  1821.107   0.0028835514   0.0000128601  -0.0000149632
  159   0.0611382139  1271.044  1828.749   0.0028956517   0.0000125866  -0.0000146364
  160   0.0629677074  1289.921  1855.909   0.0029386570   0.0000116591  -0.0000135303
  161   0.0631947619  1292.245  1859.252   0.0029439504   0.0000115496  -0.0000133999
  162   0.0632832709  1293.149  1860.554   0.0029460113   0.0000115073  -0.0000133495
  163   0.0646586502  1307.126  1880.663   0.0029778531   0.0000108716  -0.0000125935
  164   0.0661001522  1321.617  1901.511   0.0030108643   0.0000102485  -0.0000118540
  165   0.0669817794  1330.401  1914.150   0.0030308769   0.0000098877  -0.0000114266
  166   0.0679525130  1340.007  1927.971   0.0030527604   0.0000095073  -0.0000109764
  167   0.0695808280  1355.967  1950.934   0.0030891198   0.0000089064  -0.0000102665
  168   0.0703230884  1363.180  1961.312   0.0031055528   0.0000086470  -0.0000099606
  169   0.0707998821  1367.794  1967.950   0.0031160629   0.0000084850  -0.0000097696
  170   0.0727612978  1386.611  1995.023   0.0031589312   0.0000078541  -0.0000090272
  171   0.0729239211  1388.159  1997.251   0.0031624594   0.0000078043  -0.0000089686
  172   0.0747533826  1405.464  2022.149   0.0032018824   0.0000072678  -0.0000083388
  173   0.0752217951  1409.860  2028.475   0.0032118984   0.0000071373  -0.0000081858
  174   0.0761862334  1418.870  2041.437   0.0032324231   0.0000068770  -0.0000078809
  175   0.0766390000  1423.080  2047.494   0.0032420139   0.0000067586  -0.0000077422
  176   0.0769122708  1425.614  2051.141   0.0032477887   0.0000066882  -0.0000076599
  177   0.0774290148  1430.396  2058.020   0.0032586808   0.0000065574  -0.0000075069
  178   0.0776564658  1432.495  2061.041   0.0032634635   0.0000065008  -0.0000074407
  179   0.0788693987  1443.639  2077.074   0.0032888512   0.0000062080  -0.0000070987
  180   0.0789293985  1444.188  2077.864   0.0032901019   0.0000061939  -0.0000070823
  181   0.0791069440  1445.811  2080.200   0.0032938002   0.0000061525  -0.0000070339
  182   0.0796044406  1450.350  2086.731   0.0033041412   0.0000060379  -0.0000069002
  183   0.0798946144  1452.991  2090.530   0.0033101579   0.0000059723  -0.0000068236
  184   0.0800121677  1454.060  2092.068   0.0033125922   0.0000059459  -0.0000067929
  185   0.0801626009  1455.426  2094.034   0.0033157048   0.0000059123  -0.0000067538
  186   0.0808902234  1462.017  2103.516   0.0033307188   0.0000057530  -0.0000065681
  187   0.0824437636  1475.989  2123.619   0.0033625508   0.0000054290  -0.0000061909
  188   0.0827818672  1479.013  2127.969   0.0033694387   0.0000053613  -0.0000061121
  189   0.0831701592  1482.477  2132.954   0.0033773317   0.0000052847  -0.0000060231
  190   0.0836297117  1486.567  2138.839   0.0033866495   0.0000051956  -0.0000059196
  191   0.0836934846  1487.134  2139.654   0.0033879405   0.0000051834  -0.0000059054
  192   0.0848539091  1497.408  2154.436   0.0034113469   0.0000049665  -0.0000056536
  193   0.0850918600  1499.506  2157.455   0.0034161266   0.0000049234  -0.0000056035
  194   0.0857743059  1505.507  2166.089   0.0034297981   0.0000048019  -0.0000054626
  195   0.0874542542  1520.179  2187.198   0.0034632227   0.0000045170  -0.0000051326
  196   0.0892757121  1535.928  2209.858   0.0034991021   0.0000042296  -0.0000048001
  197   0.0899240065  1541.495  2217.867   0.0035117839   0.0000041324  -0.0000046877
  198   0.0936189086  1572.845  2262.974   0.0035832057   0.0000036241  -0.0000041015
  199   0.0947124983  1582.005  2276.153   0.0036040732   0.0000034875  -0.0000039443
  200   0.1001468425  1626.758  2340.542   0.0037060270   0.0000028894  -0.0000032574
  201   0.1008486142  1632.448  2348.728   0.0037189892   0.0000028209  -0.0000031789
  202   0.1033711984  1652.738  2377.921   0.0037652146   0.0000025895  -0.0000029141
  203   0.1042785695  1659.976  2388.335   0.0037817036   0.0000025115  -0.0000028250
  204   0.1060135566  1673.728  2408.122   0.0038130338   0.0000023697  -0.0000026630
  205   0.1061819022  1675.057  2410.033   0.0038160601   0.0000023564  -0.0000026479
  206   0.1069946930  1681.456  2419.239   0.0038306376   0.0000022935  -0.0000025761
  207   0.1083814678  1692.317  2434.867   0.0038553825   0.0000021904  -0.0000024585
  208   0.1085170121  1693.375  2436.389   0.0038577925   0.0000021806  -0.0000024474
  209   0.1107913545  1711.028  2461.788   0.0038980095   0.0000020233  -0.0000022684
  210   0.1114199770  1715.876  2468.762   0.0039090523   0.0000019821  -0.0000022215
  211   0.1210034709  1788.147  2572.744   0.0040736984   0.0000014573  -0.0000016262
  212   0.1243214306  1812.497  2607.779   0.0041291718   0.0000013134  -0.0000014635
  213   0.1305432372  1857.297  2672.237   0.0042312350   0.0000010842  -0.0000012051
  214   0.3442792547  3016.197  4339.635   0.0068714024   0.0000000066  -0.0000000070
  215   0.3535116357  3056.371  4397.437   0.0069629265   0.0000000055  -0.0000000058
  216   0.3559440983  3066.869  4412.540   0.0069868409   0.0000000052  -0.0000000056
  217   0.3570218010  3071.508  4419.215   0.0069974100   0.0000000051  -0.0000000055
  218   0.3635349278  3099.398  4459.342   0.0070609482   0.0000000045  -0.0000000048
  219   0.3670837224  3114.489  4481.055   0.0070953287   0.0000000042  -0.0000000045
  220   0.3705916893  3129.335  4502.415   0.0071291506   0.0000000039  -0.0000000042
  221   0.3714947842  3133.146  4507.898   0.0071378319   0.0000000039  -0.0000000041
  222   0.3735856491  3141.951  4520.566   0.0071578904   0.0000000037  -0.0000000040
  223   0.3796827758  3167.486  4557.306   0.0072160644   0.0000000033  -0.0000000035
  224   0.3808730328  3172.447  4564.444   0.0072273663   0.0000000032  -0.0000000035
  225   0.3840357799  3185.592  4583.356   0.0072573121   0.0000000031  -0.0000000033
  226   0.3862986266  3194.963  4596.839   0.0072786617   0.0000000029  -0.0000000031
  227   0.3887787317  3205.203  4611.572   0.0073019895   0.0000000028  -0.0000000030
  228   0.3888953347  3205.684  4612.263   0.0073030844   0.0000000028  -0.0000000030
  229   0.3893258752  3207.458  4614.816   0.0073071259   0.0000000028  -0.0000000030
  230   0.3898242164  3209.510  4617.768   0.0073118010   0.0000000027  -0.0000000029
  231   0.3898931454  3209.793  4618.176   0.0073124474   0.0000000027  -0.0000000029
  232   0.3901811999  3210.979  4619.882   0.0073151481   0.0000000027  -0.0000000029
  233   0.3911701611  3215.046  4625.733   0.0073244128   0.0000000027  -0.0000000029
  234   0.3916041132  3216.828  4628.298   0.0073284744   0.0000000027  -0.0000000028
  235   0.3916490412  3217.013  4628.564   0.0073288948   0.0000000027  -0.0000000028
  236   0.3927325726  3221.460  4634.962   0.0073390258   0.0000000026  -0.0000000028
  237   0.3937590737  3225.667  4641.015   0.0073486107   0.0000000026  -0.0000000027
  238   0.3940495334  3226.857  4642.727   0.0073513206   0.0000000025  -0.0000000027
  239   0.3943644513  3228.146  4644.582   0.0073542575   0.0000000025  -0.0000000027
  240   0.3949125352  3230.388  4647.808   0.0073593662   0.0000000025  -0.0000000027
  241   0.3949761703  3230.649  4648.183   0.0073599591   0.0000000025  -0.0000000027
  242   0.3955193802  3232.869  4651.378   0.0073650184   0.0000000025  -0.0000000026
  243   0.3958590505  3234.257  4653.375   0.0073681803   0.0000000025  -0.0000000026
  244   0.3969776717  3238.824  4659.945   0.0073785835   0.0000000024  -0.0000000026
  245   0.3994197635  3248.771  4674.256   0.0074012441   0.0000000023  -0.0000000024
  246   0.4065669419  3277.708  4715.891   0.0074671691   0.0000000020  -0.0000000021
  247   0.4124019702  3301.145  4749.612   0.0075205624   0.0000000018  -0.0000000019
  248   0.4150111517  3311.572  4764.613   0.0075443154   0.0000000017  -0.0000000018
  249   0.4218083430  3338.581  4803.473   0.0076058461   0.0000000015  -0.0000000016
total                                      0.6857505035   0.0380943386  -0.0698102765
Wave numbers > 0 and <    100.0 cm^-1 were raised to that value for vibrational H and S.
Temperature:            298.15 Kelvin
 
Energy contributions for the gas phase:
The standard state is an ideal gas at a pressure of 101300.0 Pa
Molar volume (V_m):      24.47 L
                                  Hartree     kJ/mol   kcal/mol          K
ZPE .........................    0.685751   1800.438    430.315   216542.9
H_trans .....................    0.002360      6.197      1.481      745.4
H_rot .......................    0.001416      3.718      0.889      447.2
H_vib .......................    0.038094    100.017     23.905    12029.2
H_total .....................    0.041871    109.933     26.274    13221.8
 
S_trans*T ...................    0.021527     56.520     13.509     6797.8
S_rot*T .....................    0.018165     47.693     11.399     5736.1
S_vib*T .....................    0.069810    183.287     43.807    22044.3
S_total*T ...................    0.109503    287.500     68.714    34578.3
 
H(T) ........................    0.727622   1910.370    456.589   229764.7
S(T)*T ......................    0.109503    287.500     68.714    34578.3
G(T) ........................    0.618119   1622.870    387.875   195186.4
Total free energy G (electronic energy+ZPE+RRHO):  -2138.062750 Hartree
 
Energy contributions for solutions:
The standard state is a concentration of c_0 = 1 mol / L:
R*T*ln(c_0*V_m) .............    0.003019      7.926      1.894      953.3
S_trans*T ...................    0.018508     48.594     11.614     5844.5
S_total*T ...................    0.106484    279.574     66.820    33625.0
S(T)*T ......................    0.106484    279.574     66.820    33625.0
G(T) ........................    0.621138   1630.797    389.770   196139.7
Total free energy G (electronic energy+ZPE+RRHO):  -2138.059731 Hartree
 
Crossover temperature for tunnelling       66.64364 K
 Writing file qts_ts.txt
 Writing Hessian file qts_hessian_ts.txt

DL-FIND Report:
===============
Optimisation algorithm: no optimisation, just calculate the
    Hessian and thermal corrections
Modes assumed to have zero vibrational frequency          6
Temperature ....................................  2.981E+02 K
Minimum wave number ............................  1.000E+02 cm^-1
Finite difference for Hessian calculation ......  1.000E-02
 
Step length: simple scaled
Maximum step length ............................  5.000E-01
Scaling step by ................................  1.000E+00
 
Coordinate system: Mass-weighted Cartesian coordinates
 
Number of atoms ................................         85
Number of input geometries .....................          1
Variables to be optimised ......................        255
No restart information is written
This run has not been restarted.
Number of energy evaluations on this processor .          1
Number of steps ................................          1
Number of accepted steps / line searches .......          0
 

Timing report
=============
Module                                      CPU time            Wall clock time
Total .................................     5.389 (100.00%) 13235.167 (100.00%) seconds
Energy and Gradient ...................     4.264 ( 79.12%)    56.397 (  0.43%) seconds
Step direction ........................     0.000 (  0.00%)     0.000 (  0.00%) seconds
Coordinate transformation .............     0.009 (  0.16%)     0.172 (  0.00%) seconds
Checkpoint file I/O ...................     0.000 (  0.00%)     0.000 (  0.00%) seconds
XYZ-file I/O ..........................     0.001 (  0.01%)     0.003 (  0.00%) seconds
exit 0

 Timing Analysis by Executable 
                                 aoforce  [      1]  13177.251   6.3%
                                    grad  [   1784]  38916.331  18.7%
                                    dscf  [   1785] 151925.938  73.1%
                                  define  [      1]      0.338   0.0%
                               ChemShell              3807.159   1.8%

                                   Total            207827.017

  Timing Analysis by Module       module   # calls        time time (exc) percent 
                               write_xyz  [      1]      0.029      0.029   0.0%
                                 dl-find  [      2] 207826.951     11.100   0.0%
                               turbomole  [   1785] 207815.849 206447.130  99.3%
                      set_matrix_element  [406082909]   1367.478   1367.478   0.7%
                       get_number_of_bqs  [   1786]      0.029      0.029   0.0%
                          get_atom_entry  [ 151725]      0.862      0.862   0.0%
                         set_matrix_size  [   3573]      0.308      0.308   0.0%
                     get_number_of_atoms  [   1787]      0.042      0.042   0.0%
                             copy_object  [      2]      0.001      0.001   0.0%
                                read_xyz  [      2]      0.001      0.001   0.0%
                                   Other                 0.036              0.0%

                                   Total            207827.017
ChemShell exiting code 0
