Initialising ChemShell DEVELOPMENT VERSION 3.7_2023_DLF_GPR.dev on linux
read_xyz/======================================== Tstep:    0.0 Ttot:    0.0 ==
read_xyz/======================================== Tstep:    0.0 Ttot:    0.0 ==
dl-find/========================================= Tstep:    0.0 Ttot:    0.0 ==
dl-find/copy_object/============================= Tstep:    0.0 Ttot:    0.0 ==
dl-find/get_number_of_atoms/===================== Tstep:    0.0 Ttot:    0.0 ==
dl-find/set_matrix_size/========================= Tstep:    0.0 Ttot:    0.0 ==
dl-find/set_matrix_size/========================= Tstep:    0.0 Ttot:    0.0 ==
Using 2018 CODATA recommended values

***********************************************************************
**                                                                   **
**                       ---------------------                       **
**                              DL-FIND                              **
**                       Geometry Optimisation                       **
**                       ---------------------                       **
**                                                                   **
**                 J. Kaestner, J.M. Carr, T.W. Keal,                **
**                W. Thiel, A. Wander and P. Sherwood                **
**                                                                   **
**              J. Phys. Chem. A, 2009, 113 (43), 11856.             **
**                                                                   **
**   Please include this reference in published work using DL-FIND.  **
**                                                                   **
**               Copyright:  STFC Daresbury Laboratory               **
**                  and the University of Stuttgart                  **
**                           Revision:  341 $                        **
**                                                                   **
***********************************************************************


DL-FIND Report:
===============
Optimisation algorithm: L-BFGS
Number of steps in L-BFGS memory ...............         50
 
Step length: simple scaled
Maximum step length ............................  4.000E-01
Scaling step by ................................  1.000E+00
 
Coordinate system: Mass-weighted Cartesian coordinates
Dimer method, rotation by line search with extrapolation
Dimer distance (mid- to endpoint) ..............  1.000E-02
Maximum number of dimer rotations ..............         40
Tolerance in rotation ..........................  2.000E+00 degrees
 
Number of atoms ................................         85
Number of input geometries .....................          2
Variables to be optimised ......................        510
No restart information is written
This run has not been restarted.
Maximum number of steps ........................      10000
Maximum number of energy evaluations ...........  100000000
 
dl-find/turbomole/=============================== Tstep:    0.3 Ttot:    0.3 ==
eandg
Size of integral file returned by statistics run:  11876
Spin: 
 Energy calculation finished, energy: -2.138683733E+03
Testing convergence of dimer midpoint in cycle    1
  Max grad  8.1553E-04 Target: 4.5000E-04 converged?   no component    18
  RMS grad  1.7539E-04 Target: 3.0000E-04 converged?  yes
Next calculation will be the dimer endpoint before rotation
dl-find/turbomole/=============================== Tstep:  223.6 Ttot:  223.9 ==
eandg
Spin: 
 Energy calculation finished, energy: -2.138683701E+03
Curvature at dimer midpoint                   -0.00453
Predicted dimer rotation angle:     21.832 deg
Next calculation will be the dimer endpoint after rotation
dl-find/turbomole/=============================== Tstep:  114.7 Ttot:  338.6 ==
eandg
Spin: 
 Energy calculation finished, energy: -2.138683733E+03
Curvature at dimer midpoint after rotation     0.01094
Curvature at dimer minimum                    -0.00467
Actual dimer rotation angle:         1.855 deg
Dimer rotation converged after    1 steps
Writing TS-mode
Curvature after dimer rotation:               -0.00467
Frequency of transition mode  -351.417 cm^-1 (negative value denotes imaginary frequency)
Crossover temperature for tunnelling       80.47037 K
Restarting L-BFGS optimiser, instance: dimer rotation
Next calculation will be the dimer  midpoint
dl-find/turbomole/=============================== Tstep:  102.8 Ttot:  441.5 ==
eandg
Spin: 
 Energy calculation finished, energy: -2.138683694E+03
Testing convergence of dimer midpoint in cycle    2
    Energy  3.9085E-05 Target: 1.0000E-06 converged?   no
  Max step  4.5798E-03 Target: 1.8000E-03 converged?   no component   232
  RMS step  1.2524E-03 Target: 1.2000E-03 converged?   no
  Max grad  7.6679E-04 Target: 4.5000E-04 converged?   no component    67
  RMS grad  2.0288E-04 Target: 3.0000E-04 converged?  yes
Next calculation will be the dimer endpoint before rotation
dl-find/turbomole/=============================== Tstep:  121.5 Ttot:  563.0 ==
eandg
Spin: 
 Energy calculation finished, energy: -2.138683705E+03
Curvature at dimer midpoint                   -0.00390
Predicted dimer rotation angle:     26.019 deg
Next calculation will be the dimer endpoint after rotation
dl-find/turbomole/=============================== Tstep:  104.3 Ttot:  667.3 ==
eandg
Spin: 
 Energy calculation finished, energy: -2.138683698E+03
Curvature at dimer midpoint after rotation     0.05567
Curvature at dimer minimum                    -0.00398
Actual dimer rotation angle:         0.868 deg
Dimer rotation converged after    1 steps
Writing TS-mode
Curvature after dimer rotation:               -0.00398
Frequency of transition mode  -324.278 cm^-1 (negative value denotes imaginary frequency)
Crossover temperature for tunnelling       74.25580 K
Restarting L-BFGS optimiser, instance: dimer rotation
Next calculation will be the dimer  midpoint
dl-find/turbomole/=============================== Tstep:  102.5 Ttot:  769.8 ==
eandg
Spin: 
 Energy calculation finished, energy: -2.138683705E+03
Testing convergence of dimer midpoint in cycle    3
    Energy  1.1567E-05 Target: 1.0000E-06 converged?   no
  Max step  4.9796E-03 Target: 1.8000E-03 converged?   no component   232
  RMS step  1.1578E-03 Target: 1.2000E-03 converged?  yes
  Max grad  6.9062E-04 Target: 4.5000E-04 converged?   no component   234
  RMS grad  1.7185E-04 Target: 3.0000E-04 converged?  yes
Next calculation will be the dimer endpoint before rotation
dl-find/turbomole/=============================== Tstep:  104.8 Ttot:  874.6 ==
eandg
Spin: 
 Energy calculation finished, energy: -2.138683716E+03
Curvature at dimer midpoint                   -0.00393
Predicted dimer rotation angle:     12.717 deg
Next calculation will be the dimer endpoint after rotation
dl-find/turbomole/=============================== Tstep:  105.8 Ttot:  980.4 ==
eandg
Spin: 
 Energy calculation finished, energy: -2.138683716E+03
Curvature at dimer midpoint after rotation     0.00243
Curvature at dimer minimum                    -0.00396
Actual dimer rotation angle:         0.725 deg
Dimer rotation converged after    1 steps
Writing TS-mode
Curvature after dimer rotation:               -0.00396
Frequency of transition mode  -323.372 cm^-1 (negative value denotes imaginary frequency)
Crossover temperature for tunnelling       74.04836 K
Restarting L-BFGS optimiser, instance: dimer rotation
Next calculation will be the dimer  midpoint
dl-find/turbomole/=============================== Tstep:   81.0 Ttot: 1061.3 ==
eandg
Spin: 
 Energy calculation finished, energy: -2.138683708E+03
Testing convergence of dimer midpoint in cycle    4
    Energy  2.5910E-06 Target: 1.0000E-06 converged?   no
  Max step  2.7573E-02 Target: 1.8000E-03 converged?   no component   234
  RMS step  6.0575E-03 Target: 1.2000E-03 converged?   no
  Max grad  7.2521E-04 Target: 4.5000E-04 converged?   no component    88
  RMS grad  1.7690E-04 Target: 3.0000E-04 converged?  yes
Next calculation will be the dimer endpoint before rotation
dl-find/turbomole/=============================== Tstep:  122.5 Ttot: 1183.9 ==
eandg
Spin: 
 Energy calculation finished, energy: -2.138683721E+03
Curvature at dimer midpoint                   -0.00382
Predicted dimer rotation angle:     11.677 deg
Next calculation will be the dimer endpoint after rotation
dl-find/turbomole/=============================== Tstep:  104.1 Ttot: 1288.0 ==
eandg
Spin: 
 Energy calculation finished, energy: -2.138683718E+03
Curvature at dimer midpoint after rotation     0.00845
Curvature at dimer minimum                    -0.00383
Actual dimer rotation angle:         0.300 deg
Dimer rotation converged after    1 steps
Writing TS-mode
Curvature after dimer rotation:               -0.00383
Frequency of transition mode  -318.220 cm^-1 (negative value denotes imaginary frequency)
Crossover temperature for tunnelling       72.86879 K
Restarting L-BFGS optimiser, instance: dimer rotation
Next calculation will be the dimer  midpoint
dl-find/turbomole/=============================== Tstep:   89.4 Ttot: 1377.4 ==
eandg
Spin: 
 Energy calculation finished, energy: -2.138683561E+03
Testing convergence of dimer midpoint in cycle    5
    Energy  1.4715E-04 Target: 1.0000E-06 converged?   no
  Max step  3.6587E-02 Target: 1.8000E-03 converged?   no component   234
  RMS step  7.4429E-03 Target: 1.2000E-03 converged?   no
  Max grad  2.9154E-03 Target: 4.5000E-04 converged?   no component    88
  RMS grad  5.6680E-04 Target: 3.0000E-04 converged?   no
Next calculation will be the dimer endpoint before rotation
dl-find/turbomole/=============================== Tstep:  124.5 Ttot: 1501.9 ==
eandg
Spin: 
 Energy calculation finished, energy: -2.138683566E+03
Curvature at dimer midpoint                   -0.00343
Predicted dimer rotation angle:      8.695 deg
Next calculation will be the dimer endpoint after rotation
dl-find/turbomole/=============================== Tstep:  105.5 Ttot: 1607.4 ==
eandg
Spin: 
 Energy calculation finished, energy: -2.138683564E+03
Curvature at dimer midpoint after rotation    -0.00035
Curvature at dimer minimum                    -0.00344
Actual dimer rotation angle:         0.414 deg
Dimer rotation converged after    1 steps
Writing TS-mode
Curvature after dimer rotation:               -0.00344
Frequency of transition mode  -301.351 cm^-1 (negative value denotes imaginary frequency)
Crossover temperature for tunnelling       69.00584 K
Restarting L-BFGS optimiser, instance: dimer rotation
Next calculation will be the dimer  midpoint
dl-find/turbomole/=============================== Tstep:   76.4 Ttot: 1683.7 ==
eandg
Spin: 
 Energy calculation finished, energy: -2.138683669E+03
Testing convergence of dimer midpoint in cycle    6
    Energy  1.0867E-04 Target: 1.0000E-06 converged?   no
  Max step  5.7166E-03 Target: 1.8000E-03 converged?   no component    70
  RMS step  1.3096E-03 Target: 1.2000E-03 converged?   no
  Max grad  6.9732E-04 Target: 4.5000E-04 converged?   no component    70
  RMS grad  1.9168E-04 Target: 3.0000E-04 converged?  yes
Next calculation will be the dimer endpoint before rotation
dl-find/turbomole/=============================== Tstep:  111.7 Ttot: 1795.5 ==
eandg
Spin: 
 Energy calculation finished, energy: -2.138683675E+03
Curvature at dimer midpoint                   -0.00342
Predicted dimer rotation angle:      8.693 deg
Next calculation will be the dimer endpoint after rotation
dl-find/turbomole/=============================== Tstep:  102.2 Ttot: 1897.7 ==
eandg
Spin: 
 Energy calculation finished, energy: -2.138683677E+03
Curvature at dimer midpoint after rotation     0.00297
Curvature at dimer minimum                    -0.00342
Actual dimer rotation angle:         0.209 deg
Dimer rotation converged after    1 steps
Writing TS-mode
Curvature after dimer rotation:               -0.00342
Frequency of transition mode  -300.782 cm^-1 (negative value denotes imaginary frequency)
Crossover temperature for tunnelling       68.87561 K
Restarting L-BFGS optimiser, instance: dimer rotation
Next calculation will be the dimer  midpoint
dl-find/turbomole/=============================== Tstep:   84.9 Ttot: 1982.5 ==
eandg
Spin: 
 Energy calculation finished, energy: -2.138683688E+03
Testing convergence of dimer midpoint in cycle    7
    Energy  1.8863E-05 Target: 1.0000E-06 converged?   no
  Max step  9.8782E-03 Target: 1.8000E-03 converged?   no component   234
  RMS step  1.9069E-03 Target: 1.2000E-03 converged?   no
  Max grad  4.1399E-04 Target: 4.5000E-04 converged?  yes component    63
  RMS grad  1.3785E-04 Target: 3.0000E-04 converged?  yes
Next calculation will be the dimer endpoint before rotation
dl-find/turbomole/=============================== Tstep:  116.2 Ttot: 2098.7 ==
eandg
Spin: 
 Energy calculation finished, energy: -2.138683693E+03
Curvature at dimer midpoint                   -0.00333
Predicted dimer rotation angle:      6.081 deg
Next calculation will be the dimer endpoint after rotation
dl-find/turbomole/=============================== Tstep:  105.5 Ttot: 2204.2 ==
eandg
Spin: 
 Energy calculation finished, energy: -2.138683692E+03
Curvature at dimer midpoint after rotation    -0.00155
Curvature at dimer minimum                    -0.00334
Actual dimer rotation angle:         0.239 deg
Dimer rotation converged after    1 steps
Writing TS-mode
Curvature after dimer rotation:               -0.00334
Frequency of transition mode  -296.956 cm^-1 (negative value denotes imaginary frequency)
Crossover temperature for tunnelling       67.99940 K
Restarting L-BFGS optimiser, instance: dimer rotation
Next calculation will be the dimer  midpoint
dl-find/turbomole/=============================== Tstep:   86.1 Ttot: 2290.3 ==
eandg
Spin: 
 Energy calculation finished, energy: -2.138683697E+03
Testing convergence of dimer midpoint in cycle    8
    Energy  8.6470E-06 Target: 1.0000E-06 converged?   no
  Max step  3.2561E-02 Target: 1.8000E-03 converged?   no component   234
  RMS step  6.1766E-03 Target: 1.2000E-03 converged?   no
  Max grad  8.2234E-04 Target: 4.5000E-04 converged?   no component    88
  RMS grad  1.8091E-04 Target: 3.0000E-04 converged?  yes
Next calculation will be the dimer endpoint before rotation
dl-find/turbomole/=============================== Tstep:  128.6 Ttot: 2418.9 ==
eandg
Spin: 
 Energy calculation finished, energy: -2.138683700E+03
Curvature at dimer midpoint                   -0.00305
Predicted dimer rotation angle:      6.952 deg
Next calculation will be the dimer endpoint after rotation
dl-find/turbomole/=============================== Tstep:  100.7 Ttot: 2519.5 ==
eandg
Spin: 
 Energy calculation finished, energy: -2.138683699E+03
Curvature at dimer midpoint after rotation    -0.00175
Curvature at dimer minimum                    -0.00305
Actual dimer rotation angle:         0.429 deg
Dimer rotation converged after    1 steps
Writing TS-mode
Curvature after dimer rotation:               -0.00305
Frequency of transition mode  -284.001 cm^-1 (negative value denotes imaginary frequency)
Crossover temperature for tunnelling       65.03287 K
Restarting L-BFGS optimiser, instance: dimer rotation
Next calculation will be the dimer  midpoint
dl-find/turbomole/=============================== Tstep:   85.3 Ttot: 2604.9 ==
eandg
Spin: 
 Energy calculation finished, energy: -2.138683728E+03
Testing convergence of dimer midpoint in cycle    9
    Energy  3.0968E-05 Target: 1.0000E-06 converged?   no
  Max step  3.7202E-02 Target: 1.8000E-03 converged?   no component   234
  RMS step  7.3598E-03 Target: 1.2000E-03 converged?   no
  Max grad  1.0944E-03 Target: 4.5000E-04 converged?   no component    70
  RMS grad  1.8720E-04 Target: 3.0000E-04 converged?  yes
Next calculation will be the dimer endpoint before rotation
dl-find/turbomole/=============================== Tstep:  128.3 Ttot: 2733.1 ==
eandg
Spin: 
 Energy calculation finished, energy: -2.138683729E+03
Curvature at dimer midpoint                   -0.00266
Predicted dimer rotation angle:     13.123 deg
Next calculation will be the dimer endpoint after rotation
dl-find/turbomole/=============================== Tstep:  101.4 Ttot: 2834.6 ==
eandg
Spin: 
 Energy calculation finished, energy: -2.138683730E+03
Curvature at dimer midpoint after rotation     0.01085
Curvature at dimer minimum                    -0.00267
Actual dimer rotation angle:         0.275 deg
Dimer rotation converged after    1 steps
Writing TS-mode
Curvature after dimer rotation:               -0.00267
Frequency of transition mode  -265.648 cm^-1 (negative value denotes imaginary frequency)
Crossover temperature for tunnelling       60.83029 K
Restarting L-BFGS optimiser, instance: dimer rotation
Next calculation will be the dimer  midpoint
dl-find/turbomole/=============================== Tstep:   90.6 Ttot: 2925.2 ==
eandg
Spin: 
 Energy calculation finished, energy: -2.138683635E+03
Testing convergence of dimer midpoint in cycle   10
    Energy  9.3224E-05 Target: 1.0000E-06 converged?   no
  Max step  8.5410E-02 Target: 1.8000E-03 converged?   no component   234
  RMS step  1.7568E-02 Target: 1.2000E-03 converged?   no
  Max grad  5.6286E-03 Target: 4.5000E-04 converged?   no component    88
  RMS grad  7.9376E-04 Target: 3.0000E-04 converged?   no
Next calculation will be the dimer endpoint before rotation
dl-find/turbomole/=============================== Tstep:  141.3 Ttot: 3066.5 ==
eandg
Spin: 
 Energy calculation finished, energy: -2.138683631E+03
Curvature at dimer midpoint                   -0.00170
Predicted dimer rotation angle:     25.812 deg
Next calculation will be the dimer endpoint after rotation
dl-find/turbomole/=============================== Tstep:  101.3 Ttot: 3167.8 ==
eandg
Spin: 
 Energy calculation finished, energy: -2.138683630E+03
Curvature at dimer midpoint after rotation     0.03433
Curvature at dimer minimum                    -0.00172
Actual dimer rotation angle:         0.617 deg
Dimer rotation converged after    1 steps
Writing TS-mode
Curvature after dimer rotation:               -0.00172
Frequency of transition mode  -213.190 cm^-1 (negative value denotes imaginary frequency)
Crossover temperature for tunnelling       48.81797 K
Restarting L-BFGS optimiser, instance: dimer rotation
Next calculation will be the dimer  midpoint
dl-find/turbomole/=============================== Tstep:  100.3 Ttot: 3268.1 ==
eandg
Spin: 
 Energy calculation finished, energy: -2.138683805E+03
Testing convergence of dimer midpoint in cycle   11
    Energy  1.7054E-04 Target: 1.0000E-06 converged?   no
  Max step  3.1586E-02 Target: 1.8000E-03 converged?   no component   234
  RMS step  6.5450E-03 Target: 1.2000E-03 converged?   no
  Max grad  4.6835E-04 Target: 4.5000E-04 converged?   no component    89
  RMS grad  1.1156E-04 Target: 3.0000E-04 converged?  yes
Next calculation will be the dimer endpoint before rotation
dl-find/turbomole/=============================== Tstep:  123.5 Ttot: 3391.6 ==
eandg
Spin: 
 Energy calculation finished, energy: -2.138683803E+03
Curvature at dimer midpoint                   -0.00211
Predicted dimer rotation angle:     22.481 deg
Next calculation will be the dimer endpoint after rotation
dl-find/turbomole/=============================== Tstep:  105.2 Ttot: 3496.7 ==
eandg
Spin: 
 Energy calculation finished, energy: -2.138683800E+03
Curvature at dimer midpoint after rotation     0.04314
Curvature at dimer minimum                    -0.00213
Actual dimer rotation angle:         0.378 deg
Dimer rotation converged after    1 steps
Writing TS-mode
Curvature after dimer rotation:               -0.00213
Frequency of transition mode  -236.984 cm^-1 (negative value denotes imaginary frequency)
Crossover temperature for tunnelling       54.26667 K
Restarting L-BFGS optimiser, instance: dimer rotation
Next calculation will be the dimer  midpoint
dl-find/turbomole/=============================== Tstep:   86.6 Ttot: 3583.3 ==
eandg
Spin: 
 Energy calculation finished, energy: -2.138683816E+03
Testing convergence of dimer midpoint in cycle   12
    Energy  1.0597E-05 Target: 1.0000E-06 converged?   no
  Max step  2.5787E-03 Target: 1.8000E-03 converged?   no component   246
  RMS step  5.3067E-04 Target: 1.2000E-03 converged?  yes
  Max grad  3.6963E-04 Target: 4.5000E-04 converged?  yes component   246
  RMS grad  8.9163E-05 Target: 3.0000E-04 converged?  yes
Next calculation will be the dimer endpoint before rotation
dl-find/turbomole/=============================== Tstep:  104.3 Ttot: 3687.6 ==
eandg
Spin: 
 Energy calculation finished, energy: -2.138683813E+03
Curvature at dimer midpoint                   -0.00211
Predicted dimer rotation angle:     11.724 deg
Next calculation will be the dimer endpoint after rotation
dl-find/turbomole/=============================== Tstep:  102.3 Ttot: 3789.9 ==
eandg
Spin: 
 Energy calculation finished, energy: -2.138683813E+03
Curvature at dimer midpoint after rotation     0.00132
Curvature at dimer minimum                    -0.00212
Actual dimer rotation angle:         0.570 deg
Dimer rotation converged after    1 steps
Writing TS-mode
Curvature after dimer rotation:               -0.00212
Frequency of transition mode  -236.603 cm^-1 (negative value denotes imaginary frequency)
Crossover temperature for tunnelling       54.17926 K
Restarting L-BFGS optimiser, instance: dimer rotation
Next calculation will be the dimer  midpoint
dl-find/turbomole/=============================== Tstep:   88.6 Ttot: 3878.5 ==
eandg
Spin: 
 Energy calculation finished, energy: -2.138683852E+03
Testing convergence of dimer midpoint in cycle   13
    Energy  3.6059E-05 Target: 1.0000E-06 converged?   no
  Max step  9.5774E-03 Target: 1.8000E-03 converged?   no component   246
  RMS step  2.7301E-03 Target: 1.2000E-03 converged?   no
  Max grad  6.2514E-04 Target: 4.5000E-04 converged?   no component    88
  RMS grad  1.0313E-04 Target: 3.0000E-04 converged?  yes
Next calculation will be the dimer endpoint before rotation
dl-find/turbomole/=============================== Tstep:  121.5 Ttot: 4000.0 ==
eandg
Spin: 
 Energy calculation finished, energy: -2.138683849E+03
Curvature at dimer midpoint                   -0.00207
Predicted dimer rotation angle:     16.327 deg
Next calculation will be the dimer endpoint after rotation
dl-find/turbomole/=============================== Tstep:  105.1 Ttot: 4105.1 ==
eandg
Spin: 
 Energy calculation finished, energy: -2.138683847E+03
Curvature at dimer midpoint after rotation     0.02144
Curvature at dimer minimum                    -0.00208
Actual dimer rotation angle:         0.248 deg
Dimer rotation converged after    1 steps
Writing TS-mode
Curvature after dimer rotation:               -0.00208
Frequency of transition mode  -234.463 cm^-1 (negative value denotes imaginary frequency)
Crossover temperature for tunnelling       53.68939 K
Restarting L-BFGS optimiser, instance: dimer rotation
Next calculation will be the dimer  midpoint
dl-find/turbomole/=============================== Tstep:   86.8 Ttot: 4191.9 ==
eandg
Spin: 
 Energy calculation finished, energy: -2.138683887E+03
Testing convergence of dimer midpoint in cycle   14
    Energy  3.4797E-05 Target: 1.0000E-06 converged?   no
  Max step  1.2200E-02 Target: 1.8000E-03 converged?   no component   234
  RMS step  3.6529E-03 Target: 1.2000E-03 converged?   no
  Max grad  6.1561E-04 Target: 4.5000E-04 converged?   no component    84
  RMS grad  1.2338E-04 Target: 3.0000E-04 converged?  yes
Next calculation will be the dimer endpoint before rotation
dl-find/turbomole/=============================== Tstep:  122.6 Ttot: 4314.5 ==
eandg
Spin: 
 Energy calculation finished, energy: -2.138683884E+03
Curvature at dimer midpoint                   -0.00198
Predicted dimer rotation angle:     11.731 deg
Next calculation will be the dimer endpoint after rotation
dl-find/turbomole/=============================== Tstep:  102.9 Ttot: 4417.4 ==
eandg
Spin: 
 Energy calculation finished, energy: -2.138683884E+03
Curvature at dimer midpoint after rotation     0.00468
Curvature at dimer minimum                    -0.00199
Actual dimer rotation angle:         0.291 deg
Dimer rotation converged after    1 steps
Writing TS-mode
Curvature after dimer rotation:               -0.00199
Frequency of transition mode  -229.026 cm^-1 (negative value denotes imaginary frequency)
Crossover temperature for tunnelling       52.44434 K
Restarting L-BFGS optimiser, instance: dimer rotation
Next calculation will be the dimer  midpoint
dl-find/turbomole/=============================== Tstep:   87.0 Ttot: 4504.4 ==
eandg
Spin: 
 Energy calculation finished, energy: -2.138683935E+03
Testing convergence of dimer midpoint in cycle   15
    Energy  4.8527E-05 Target: 1.0000E-06 converged?   no
  Max step  2.6927E-02 Target: 1.8000E-03 converged?   no component   234
  RMS step  7.6448E-03 Target: 1.2000E-03 converged?   no
  Max grad  1.8485E-03 Target: 4.5000E-04 converged?   no component    84
  RMS grad  2.0723E-04 Target: 3.0000E-04 converged?  yes
Next calculation will be the dimer endpoint before rotation
dl-find/turbomole/=============================== Tstep:  124.1 Ttot: 4628.5 ==
eandg
Spin: 
 Energy calculation finished, energy: -2.138683931E+03
Curvature at dimer midpoint                   -0.00176
Predicted dimer rotation angle:     12.779 deg
Next calculation will be the dimer endpoint after rotation
dl-find/turbomole/=============================== Tstep:  106.4 Ttot: 4734.9 ==
eandg
Spin: 
 Energy calculation finished, energy: -2.138683930E+03
Curvature at dimer midpoint after rotation     0.00267
Curvature at dimer minimum                    -0.00177
Actual dimer rotation angle:         0.493 deg
Dimer rotation converged after    1 steps
Writing TS-mode
Curvature after dimer rotation:               -0.00177
Frequency of transition mode  -216.401 cm^-1 (negative value denotes imaginary frequency)
Crossover temperature for tunnelling       49.55335 K
Restarting L-BFGS optimiser, instance: dimer rotation
Next calculation will be the dimer  midpoint
dl-find/turbomole/=============================== Tstep:   88.8 Ttot: 4823.7 ==
eandg
Spin: 
 Energy calculation finished, energy: -2.138683946E+03
Testing convergence of dimer midpoint in cycle   16
    Energy  1.1343E-05 Target: 1.0000E-06 converged?   no
  Max step  5.0707E-03 Target: 1.8000E-03 converged?   no component   232
  RMS step  1.3469E-03 Target: 1.2000E-03 converged?   no
  Max grad  2.3776E-04 Target: 4.5000E-04 converged?  yes component   234
  RMS grad  7.3557E-05 Target: 3.0000E-04 converged?  yes
Next calculation will be the dimer endpoint before rotation
dl-find/turbomole/=============================== Tstep:  105.1 Ttot: 4928.8 ==
eandg
Spin: 
 Energy calculation finished, energy: -2.138683942E+03
Curvature at dimer midpoint                   -0.00184
Predicted dimer rotation angle:     16.856 deg
Next calculation will be the dimer endpoint after rotation
dl-find/turbomole/=============================== Tstep:  101.4 Ttot: 5030.2 ==
eandg
Spin: 
 Energy calculation finished, energy: -2.138683941E+03
Curvature at dimer midpoint after rotation     0.02422
Curvature at dimer minimum                    -0.00184
Actual dimer rotation angle:         0.221 deg
Dimer rotation converged after    1 steps
Writing TS-mode
Curvature after dimer rotation:               -0.00184
Frequency of transition mode  -220.795 cm^-1 (negative value denotes imaginary frequency)
Crossover temperature for tunnelling       50.55953 K
Restarting L-BFGS optimiser, instance: dimer rotation
Next calculation will be the dimer  midpoint
dl-find/turbomole/=============================== Tstep:   89.5 Ttot: 5119.7 ==
eandg
Spin: 
 Energy calculation finished, energy: -2.138683946E+03
Testing convergence of dimer midpoint in cycle   17
    Energy  8.6800E-07 Target: 1.0000E-06 converged?  yes
  Max step  2.8107E-03 Target: 1.8000E-03 converged?   no component   225
  RMS step  6.8444E-04 Target: 1.2000E-03 converged?  yes
  Max grad  3.3129E-04 Target: 4.5000E-04 converged?  yes component    83
  RMS grad  7.7170E-05 Target: 3.0000E-04 converged?  yes
Next calculation will be the dimer endpoint before rotation
dl-find/turbomole/=============================== Tstep:  104.0 Ttot: 5223.8 ==
eandg
Spin: 
 Energy calculation finished, energy: -2.138683942E+03
Curvature at dimer midpoint                   -0.00186
Predicted dimer rotation angle:      9.272 deg
Next calculation will be the dimer endpoint after rotation
dl-find/turbomole/=============================== Tstep:  101.6 Ttot: 5325.4 ==
eandg
Spin: 
 Energy calculation finished, energy: -2.138683942E+03
Curvature at dimer midpoint after rotation     0.00105
Curvature at dimer minimum                    -0.00187
Actual dimer rotation angle:         0.298 deg
Dimer rotation converged after    1 steps
Writing TS-mode
Curvature after dimer rotation:               -0.00187
Frequency of transition mode  -222.028 cm^-1 (negative value denotes imaginary frequency)
Crossover temperature for tunnelling       50.84178 K
Restarting L-BFGS optimiser, instance: dimer rotation
Next calculation will be the dimer  midpoint
dl-find/turbomole/=============================== Tstep:   79.3 Ttot: 5404.8 ==
eandg
Spin: 
 Energy calculation finished, energy: -2.138683962E+03
Testing convergence of dimer midpoint in cycle   18
    Energy  1.6956E-05 Target: 1.0000E-06 converged?   no
  Max step  7.9930E-03 Target: 1.8000E-03 converged?   no component    12
  RMS step  2.3516E-03 Target: 1.2000E-03 converged?   no
  Max grad  8.8066E-04 Target: 4.5000E-04 converged?   no component    84
  RMS grad  1.1245E-04 Target: 3.0000E-04 converged?  yes
Next calculation will be the dimer endpoint before rotation
dl-find/turbomole/=============================== Tstep:  108.4 Ttot: 5513.2 ==
eandg
Spin: 
 Energy calculation finished, energy: -2.138683959E+03
Curvature at dimer midpoint                   -0.00191
Predicted dimer rotation angle:     11.863 deg
Next calculation will be the dimer endpoint after rotation
dl-find/turbomole/=============================== Tstep:  102.1 Ttot: 5615.3 ==
eandg
Spin: 
 Energy calculation finished, energy: -2.138683958E+03
Curvature at dimer midpoint after rotation     0.00966
Curvature at dimer minimum                    -0.00192
Actual dimer rotation angle:         0.171 deg
Dimer rotation converged after    1 steps
Writing TS-mode
Curvature after dimer rotation:               -0.00192
Frequency of transition mode  -224.979 cm^-1 (negative value denotes imaginary frequency)
Crossover temperature for tunnelling       51.51749 K
Restarting L-BFGS optimiser, instance: dimer rotation
Next calculation will be the dimer  midpoint
dl-find/turbomole/=============================== Tstep:   84.9 Ttot: 5700.1 ==
eandg
Spin: 
 Energy calculation finished, energy: -2.138683975E+03
Testing convergence of dimer midpoint in cycle   19
    Energy  1.2752E-05 Target: 1.0000E-06 converged?   no
  Max step  2.0066E-02 Target: 1.8000E-03 converged?   no component    12
  RMS step  5.4507E-03 Target: 1.2000E-03 converged?   no
  Max grad  1.3866E-03 Target: 4.5000E-04 converged?   no component    48
  RMS grad  2.1492E-04 Target: 3.0000E-04 converged?  yes
Next calculation will be the dimer endpoint before rotation
dl-find/turbomole/=============================== Tstep:  111.7 Ttot: 5811.8 ==
eandg
Spin: 
 Energy calculation finished, energy: -2.138683972E+03
Curvature at dimer midpoint                   -0.00202
Predicted dimer rotation angle:      8.505 deg
Next calculation will be the dimer endpoint after rotation
dl-find/turbomole/=============================== Tstep:  100.3 Ttot: 5912.1 ==
eandg
Spin: 
 Energy calculation finished, energy: -2.138683972E+03
Curvature at dimer midpoint after rotation     0.00270
Curvature at dimer minimum                    -0.00202
Actual dimer rotation angle:         0.158 deg
Dimer rotation converged after    1 steps
Writing TS-mode
Curvature after dimer rotation:               -0.00202
Frequency of transition mode  -231.318 cm^-1 (negative value denotes imaginary frequency)
Crossover temperature for tunnelling       52.96911 K
Restarting L-BFGS optimiser, instance: dimer rotation
Next calculation will be the dimer  midpoint
dl-find/turbomole/=============================== Tstep:   75.5 Ttot: 5987.5 ==
eandg
Spin: 
 Energy calculation finished, energy: -2.138684003E+03
Testing convergence of dimer midpoint in cycle   20
    Energy  2.8239E-05 Target: 1.0000E-06 converged?   no
  Max step  1.8463E-02 Target: 1.8000E-03 converged?   no component    12
  RMS step  5.0471E-03 Target: 1.2000E-03 converged?   no
  Max grad  6.3616E-04 Target: 4.5000E-04 converged?   no component    48
  RMS grad  1.2545E-04 Target: 3.0000E-04 converged?  yes
Next calculation will be the dimer endpoint before rotation
dl-find/turbomole/=============================== Tstep:  110.2 Ttot: 6097.8 ==
eandg
Spin: 
 Energy calculation finished, energy: -2.138684000E+03
Curvature at dimer midpoint                   -0.00202
Predicted dimer rotation angle:      6.752 deg
Next calculation will be the dimer endpoint after rotation
dl-find/turbomole/=============================== Tstep:  100.7 Ttot: 6198.5 ==
eandg
Spin: 
 Energy calculation finished, energy: -2.138684000E+03
Curvature at dimer midpoint after rotation    -0.00011
Curvature at dimer minimum                    -0.00202
Actual dimer rotation angle:         0.190 deg
Dimer rotation converged after    1 steps
Writing TS-mode
Curvature after dimer rotation:               -0.00202
Frequency of transition mode  -230.923 cm^-1 (negative value denotes imaginary frequency)
Crossover temperature for tunnelling       52.87878 K
Restarting L-BFGS optimiser, instance: dimer rotation
Next calculation will be the dimer  midpoint
dl-find/turbomole/=============================== Tstep:   73.1 Ttot: 6271.6 ==
eandg
Spin: 
 Energy calculation finished, energy: -2.138684024E+03
Testing convergence of dimer midpoint in cycle   21
    Energy  2.0184E-05 Target: 1.0000E-06 converged?   no
  Max step  1.7690E-02 Target: 1.8000E-03 converged?   no component    12
  RMS step  4.7012E-03 Target: 1.2000E-03 converged?   no
  Max grad  3.4371E-04 Target: 4.5000E-04 converged?  yes component    84
  RMS grad  1.0261E-04 Target: 3.0000E-04 converged?  yes
Next calculation will be the dimer endpoint before rotation
dl-find/turbomole/=============================== Tstep:  108.9 Ttot: 6380.5 ==
eandg
Spin: 
 Energy calculation finished, energy: -2.138684021E+03
Curvature at dimer midpoint                   -0.00204
Predicted dimer rotation angle:      9.207 deg
Next calculation will be the dimer endpoint after rotation
dl-find/turbomole/=============================== Tstep:  102.7 Ttot: 6483.2 ==
eandg
Spin: 
 Energy calculation finished, energy: -2.138684020E+03
Curvature at dimer midpoint after rotation     0.00486
Curvature at dimer minimum                    -0.00205
Actual dimer rotation angle:         0.140 deg
Dimer rotation converged after    1 steps
Writing TS-mode
Curvature after dimer rotation:               -0.00205
Frequency of transition mode  -232.492 cm^-1 (negative value denotes imaginary frequency)
Crossover temperature for tunnelling       53.23793 K
Restarting L-BFGS optimiser, instance: dimer rotation
Next calculation will be the dimer  midpoint
dl-find/turbomole/=============================== Tstep:   64.9 Ttot: 6548.1 ==
eandg
Spin: 
 Energy calculation finished, energy: -2.138684081E+03
Testing convergence of dimer midpoint in cycle   22
    Energy  5.7021E-05 Target: 1.0000E-06 converged?   no
  Max step  2.2656E-02 Target: 1.8000E-03 converged?   no component    12
  RMS step  5.7464E-03 Target: 1.2000E-03 converged?   no
  Max grad  7.1795E-04 Target: 4.5000E-04 converged?   no component   244
  RMS grad  1.3546E-04 Target: 3.0000E-04 converged?  yes
Next calculation will be the dimer endpoint before rotation
dl-find/turbomole/=============================== Tstep:  112.8 Ttot: 6661.0 ==
eandg
Spin: 
 Energy calculation finished, energy: -2.138684077E+03
Curvature at dimer midpoint                   -0.00211
Predicted dimer rotation angle:      4.957 deg
Next calculation will be the dimer endpoint after rotation
dl-find/turbomole/=============================== Tstep:  102.7 Ttot: 6763.7 ==
eandg
Spin: 
 Energy calculation finished, energy: -2.138684076E+03
Curvature at dimer midpoint after rotation    -0.00168
Curvature at dimer minimum                    -0.00211
Actual dimer rotation angle:         0.323 deg
Dimer rotation converged after    1 steps
Writing TS-mode
Curvature after dimer rotation:               -0.00211
Frequency of transition mode  -236.120 cm^-1 (negative value denotes imaginary frequency)
Crossover temperature for tunnelling       54.06880 K
Restarting L-BFGS optimiser, instance: dimer rotation
Next calculation will be the dimer  midpoint
dl-find/turbomole/=============================== Tstep:   80.5 Ttot: 6844.2 ==
eandg
Spin: 
 Energy calculation finished, energy: -2.138684091E+03
Testing convergence of dimer midpoint in cycle   23
    Energy  1.0567E-05 Target: 1.0000E-06 converged?   no
  Max step  3.2860E-02 Target: 1.8000E-03 converged?   no component    12
  RMS step  8.0877E-03 Target: 1.2000E-03 converged?   no
  Max grad  1.2469E-03 Target: 4.5000E-04 converged?   no component    48
  RMS grad  2.1000E-04 Target: 3.0000E-04 converged?  yes
Next calculation will be the dimer endpoint before rotation
dl-find/turbomole/=============================== Tstep:  117.2 Ttot: 6961.4 ==
eandg
Spin: 
 Energy calculation finished, energy: -2.138684089E+03
Curvature at dimer midpoint                   -0.00223
Predicted dimer rotation angle:     10.883 deg
Next calculation will be the dimer endpoint after rotation
dl-find/turbomole/=============================== Tstep:  105.0 Ttot: 7066.3 ==
eandg
Spin: 
 Energy calculation finished, energy: -2.138684088E+03
Curvature at dimer midpoint after rotation     0.01022
Curvature at dimer minimum                    -0.00223
Actual dimer rotation angle:         0.142 deg
Dimer rotation converged after    1 steps
Writing TS-mode
Curvature after dimer rotation:               -0.00223
Frequency of transition mode  -242.826 cm^-1 (negative value denotes imaginary frequency)
Crossover temperature for tunnelling       55.60427 K
Restarting L-BFGS optimiser, instance: dimer rotation
Next calculation will be the dimer  midpoint
dl-find/turbomole/=============================== Tstep:   86.0 Ttot: 7152.3 ==
eandg
Spin: 
 Energy calculation finished, energy: -2.138684117E+03
Testing convergence of dimer midpoint in cycle   24
    Energy  2.5252E-05 Target: 1.0000E-06 converged?   no
  Max step  2.7207E-02 Target: 1.8000E-03 converged?   no component    12
  RMS step  6.3784E-03 Target: 1.2000E-03 converged?   no
  Max grad  6.1136E-04 Target: 4.5000E-04 converged?   no component   244
  RMS grad  1.3418E-04 Target: 3.0000E-04 converged?  yes
Next calculation will be the dimer endpoint before rotation
dl-find/turbomole/=============================== Tstep:  109.4 Ttot: 7261.7 ==
eandg
Spin: 
 Energy calculation finished, energy: -2.138684114E+03
Curvature at dimer midpoint                   -0.00228
Predicted dimer rotation angle:      4.319 deg
Next calculation will be the dimer endpoint after rotation
dl-find/turbomole/=============================== Tstep:  101.0 Ttot: 7362.6 ==
eandg
Spin: 
 Energy calculation finished, energy: -2.138684114E+03
Curvature at dimer midpoint after rotation    -0.00194
Curvature at dimer minimum                    -0.00228
Actual dimer rotation angle:         0.290 deg
Dimer rotation converged after    1 steps
Writing TS-mode
Curvature after dimer rotation:               -0.00228
Frequency of transition mode  -245.295 cm^-1 (negative value denotes imaginary frequency)
Crossover temperature for tunnelling       56.16961 K
Restarting L-BFGS optimiser, instance: dimer rotation
Next calculation will be the dimer  midpoint
dl-find/turbomole/=============================== Tstep:   74.3 Ttot: 7436.9 ==
eandg
Spin: 
 Energy calculation finished, energy: -2.138684132E+03
Testing convergence of dimer midpoint in cycle   25
    Energy  1.5565E-05 Target: 1.0000E-06 converged?   no
  Max step  1.7687E-02 Target: 1.8000E-03 converged?   no component   234
  RMS step  3.3327E-03 Target: 1.2000E-03 converged?   no
  Max grad  4.4135E-04 Target: 4.5000E-04 converged?  yes component    47
  RMS grad  1.0300E-04 Target: 3.0000E-04 converged?  yes
Next calculation will be the dimer endpoint before rotation
dl-find/turbomole/=============================== Tstep:  112.3 Ttot: 7549.1 ==
eandg
Spin: 
 Energy calculation finished, energy: -2.138684130E+03
Curvature at dimer midpoint                   -0.00240
Predicted dimer rotation angle:      6.811 deg
Next calculation will be the dimer endpoint after rotation
dl-find/turbomole/=============================== Tstep:  100.2 Ttot: 7649.4 ==
eandg
Spin: 
 Energy calculation finished, energy: -2.138684129E+03
Curvature at dimer midpoint after rotation     0.00149
Curvature at dimer minimum                    -0.00240
Actual dimer rotation angle:         0.116 deg
Dimer rotation converged after    1 steps
Writing TS-mode
Curvature after dimer rotation:               -0.00240
Frequency of transition mode  -251.640 cm^-1 (negative value denotes imaginary frequency)
Crossover temperature for tunnelling       57.62268 K
Restarting L-BFGS optimiser, instance: dimer rotation
Next calculation will be the dimer  midpoint
dl-find/turbomole/=============================== Tstep:   75.5 Ttot: 7724.8 ==
eandg
Spin: 
 Energy calculation finished, energy: -2.138684145E+03
Testing convergence of dimer midpoint in cycle   26
    Energy  1.3306E-05 Target: 1.0000E-06 converged?   no
  Max step  2.1516E-02 Target: 1.8000E-03 converged?   no component    12
  RMS step  4.8293E-03 Target: 1.2000E-03 converged?   no
  Max grad  6.3152E-04 Target: 4.5000E-04 converged?   no component    99
  RMS grad  1.4315E-04 Target: 3.0000E-04 converged?  yes
Next calculation will be the dimer endpoint before rotation
dl-find/turbomole/=============================== Tstep:  109.3 Ttot: 7834.2 ==
eandg
Spin: 
 Energy calculation finished, energy: -2.138684144E+03
Curvature at dimer midpoint                   -0.00249
Predicted dimer rotation angle:      5.276 deg
Next calculation will be the dimer endpoint after rotation
dl-find/turbomole/=============================== Tstep:  101.6 Ttot: 7935.7 ==
eandg
Spin: 
 Energy calculation finished, energy: -2.138684144E+03
Curvature at dimer midpoint after rotation    -0.00093
Curvature at dimer minimum                    -0.00250
Actual dimer rotation angle:         0.136 deg
Dimer rotation converged after    1 steps
Writing TS-mode
Curvature after dimer rotation:               -0.00250
Frequency of transition mode  -256.800 cm^-1 (negative value denotes imaginary frequency)
Crossover temperature for tunnelling       58.80414 K
Restarting L-BFGS optimiser, instance: dimer rotation
Next calculation will be the dimer  midpoint
dl-find/turbomole/=============================== Tstep:   89.9 Ttot: 8025.6 ==
eandg
Spin: 
 Energy calculation finished, energy: -2.138684168E+03
Testing convergence of dimer midpoint in cycle   27
    Energy  2.2846E-05 Target: 1.0000E-06 converged?   no
  Max step  2.6702E-02 Target: 1.8000E-03 converged?   no component   234
  RMS step  4.5367E-03 Target: 1.2000E-03 converged?   no
  Max grad  7.2760E-04 Target: 4.5000E-04 converged?   no component    89
  RMS grad  1.4291E-04 Target: 3.0000E-04 converged?  yes
Next calculation will be the dimer endpoint before rotation
dl-find/turbomole/=============================== Tstep:  114.6 Ttot: 8140.3 ==
eandg
Spin: 
 Energy calculation finished, energy: -2.138684167E+03
Curvature at dimer midpoint                   -0.00265
Predicted dimer rotation angle:      4.977 deg
Next calculation will be the dimer endpoint after rotation
dl-find/turbomole/=============================== Tstep:  102.9 Ttot: 8243.2 ==
eandg
Spin: 
 Energy calculation finished, energy: -2.138684167E+03
Curvature at dimer midpoint after rotation    -0.00172
Curvature at dimer minimum                    -0.00265
Actual dimer rotation angle:         0.199 deg
Dimer rotation converged after    1 steps
Writing TS-mode
Curvature after dimer rotation:               -0.00265
Frequency of transition mode  -264.570 cm^-1 (negative value denotes imaginary frequency)
Crossover temperature for tunnelling       60.58348 K
Restarting L-BFGS optimiser, instance: dimer rotation
Next calculation will be the dimer  midpoint
dl-find/turbomole/=============================== Tstep:   71.4 Ttot: 8314.6 ==
eandg
Spin: 
 Energy calculation finished, energy: -2.138684190E+03
Testing convergence of dimer midpoint in cycle   28
    Energy  2.1319E-05 Target: 1.0000E-06 converged?   no
  Max step  2.2426E-02 Target: 1.8000E-03 converged?   no component    12
  RMS step  5.2937E-03 Target: 1.2000E-03 converged?   no
  Max grad  6.7172E-04 Target: 4.5000E-04 converged?   no component   244
  RMS grad  1.1428E-04 Target: 3.0000E-04 converged?  yes
Next calculation will be the dimer endpoint before rotation
dl-find/turbomole/=============================== Tstep:  108.4 Ttot: 8423.0 ==
eandg
Spin: 
 Energy calculation finished, energy: -2.138684189E+03
Curvature at dimer midpoint                   -0.00272
Predicted dimer rotation angle:      5.949 deg
Next calculation will be the dimer endpoint after rotation
dl-find/turbomole/=============================== Tstep:  102.8 Ttot: 8525.8 ==
eandg
Spin: 
 Energy calculation finished, energy: -2.138684189E+03
Curvature at dimer midpoint after rotation    -0.00020
Curvature at dimer minimum                    -0.00272
Actual dimer rotation angle:         0.134 deg
Dimer rotation converged after    1 steps
Writing TS-mode
Curvature after dimer rotation:               -0.00272
Frequency of transition mode  -268.196 cm^-1 (negative value denotes imaginary frequency)
Crossover temperature for tunnelling       61.41381 K
Restarting L-BFGS optimiser, instance: dimer rotation
Next calculation will be the dimer  midpoint
dl-find/turbomole/=============================== Tstep:   75.3 Ttot: 8601.1 ==
eandg
Spin: 
 Energy calculation finished, energy: -2.138684208E+03
Testing convergence of dimer midpoint in cycle   29
    Energy  1.8334E-05 Target: 1.0000E-06 converged?   no
  Max step  3.6870E-02 Target: 1.8000E-03 converged?   no component    12
  RMS step  8.7925E-03 Target: 1.2000E-03 converged?   no
  Max grad  1.1606E-03 Target: 4.5000E-04 converged?   no component   244
  RMS grad  1.6735E-04 Target: 3.0000E-04 converged?  yes
Next calculation will be the dimer endpoint before rotation
dl-find/turbomole/=============================== Tstep:  121.5 Ttot: 8722.5 ==
eandg
Spin: 
 Energy calculation finished, energy: -2.138684208E+03
Curvature at dimer midpoint                   -0.00291
Predicted dimer rotation angle:      7.337 deg
Next calculation will be the dimer endpoint after rotation
dl-find/turbomole/=============================== Tstep:  102.2 Ttot: 8824.7 ==
eandg
Spin: 
 Energy calculation finished, energy: -2.138684208E+03
Curvature at dimer midpoint after rotation     0.00080
Curvature at dimer minimum                    -0.00291
Actual dimer rotation angle:         0.182 deg
Dimer rotation converged after    1 steps
Writing TS-mode
Curvature after dimer rotation:               -0.00291
Frequency of transition mode  -277.513 cm^-1 (negative value denotes imaginary frequency)
Crossover temperature for tunnelling       63.54716 K
Restarting L-BFGS optimiser, instance: dimer rotation
Next calculation will be the dimer  midpoint
dl-find/turbomole/=============================== Tstep:   88.0 Ttot: 8912.7 ==
eandg
Spin: 
 Energy calculation finished, energy: -2.138684227E+03
Testing convergence of dimer midpoint in cycle   30
    Energy  1.9534E-05 Target: 1.0000E-06 converged?   no
  Max step  1.1219E-02 Target: 1.8000E-03 converged?   no component    11
  RMS step  2.6222E-03 Target: 1.2000E-03 converged?   no
  Max grad  4.2818E-04 Target: 4.5000E-04 converged?  yes component    84
  RMS grad  1.1145E-04 Target: 3.0000E-04 converged?  yes
Next calculation will be the dimer endpoint before rotation
dl-find/turbomole/=============================== Tstep:   94.8 Ttot: 9007.4 ==
eandg
Spin: 
 Energy calculation finished, energy: -2.138684228E+03
Curvature at dimer midpoint                   -0.00284
Predicted dimer rotation angle:      4.934 deg
Next calculation will be the dimer endpoint after rotation
dl-find/turbomole/=============================== Tstep:  106.1 Ttot: 9113.5 ==
eandg
Spin: 
 Energy calculation finished, energy: -2.138684228E+03
Curvature at dimer midpoint after rotation    -0.00172
Curvature at dimer minimum                    -0.00284
Actual dimer rotation angle:         0.173 deg
Dimer rotation converged after    1 steps
Writing TS-mode
Curvature after dimer rotation:               -0.00284
Frequency of transition mode  -274.028 cm^-1 (negative value denotes imaginary frequency)
Crossover temperature for tunnelling       62.74913 K
Restarting L-BFGS optimiser, instance: dimer rotation
Next calculation will be the dimer  midpoint
dl-find/turbomole/=============================== Tstep:   74.9 Ttot: 9188.5 ==
eandg
Spin: 
 Energy calculation finished, energy: -2.138684241E+03
Testing convergence of dimer midpoint in cycle   31
    Energy  1.3431E-05 Target: 1.0000E-06 converged?   no
  Max step  5.1386E-03 Target: 1.8000E-03 converged?   no component    11
  RMS step  1.1299E-03 Target: 1.2000E-03 converged?  yes
  Max grad  4.8696E-04 Target: 4.5000E-04 converged?   no component   244
  RMS grad  1.0409E-04 Target: 3.0000E-04 converged?  yes
Next calculation will be the dimer endpoint before rotation
dl-find/turbomole/=============================== Tstep:  109.3 Ttot: 9297.8 ==
eandg
Spin: 
 Energy calculation finished, energy: -2.138684241E+03
Curvature at dimer midpoint                   -0.00293
Predicted dimer rotation angle:      5.719 deg
Next calculation will be the dimer endpoint after rotation
dl-find/turbomole/=============================== Tstep:  102.9 Ttot: 9400.6 ==
eandg
Spin: 
 Energy calculation finished, energy: -2.138684240E+03
Curvature at dimer midpoint after rotation    -0.00063
Curvature at dimer minimum                    -0.00293
Actual dimer rotation angle:         0.139 deg
Dimer rotation converged after    1 steps
Writing TS-mode
Curvature after dimer rotation:               -0.00293
Frequency of transition mode  -278.148 cm^-1 (negative value denotes imaginary frequency)
Crossover temperature for tunnelling       63.69261 K
Restarting L-BFGS optimiser, instance: dimer rotation
Next calculation will be the dimer  midpoint
dl-find/turbomole/=============================== Tstep:   88.6 Ttot: 9489.2 ==
eandg
Spin: 
 Energy calculation finished, energy: -2.138684278E+03
Testing convergence of dimer midpoint in cycle   32
    Energy  3.7111E-05 Target: 1.0000E-06 converged?   no
  Max step  3.2840E-02 Target: 1.8000E-03 converged?   no component    11
  RMS step  6.7863E-03 Target: 1.2000E-03 converged?   no
  Max grad  7.2102E-04 Target: 4.5000E-04 converged?   no component   244
  RMS grad  1.1287E-04 Target: 3.0000E-04 converged?  yes
Next calculation will be the dimer endpoint before rotation
dl-find/turbomole/=============================== Tstep:  117.3 Ttot: 9606.5 ==
eandg
Spin: 
 Energy calculation finished, energy: -2.138684279E+03
Curvature at dimer midpoint                   -0.00305
Predicted dimer rotation angle:      4.994 deg
Next calculation will be the dimer endpoint after rotation
dl-find/turbomole/=============================== Tstep:  102.7 Ttot: 9709.2 ==
eandg
Spin: 
 Energy calculation finished, energy: -2.138684278E+03
Curvature at dimer midpoint after rotation    -0.00217
Curvature at dimer minimum                    -0.00306
Actual dimer rotation angle:         0.239 deg
Dimer rotation converged after    1 steps
Writing TS-mode
Curvature after dimer rotation:               -0.00306
Frequency of transition mode  -284.185 cm^-1 (negative value denotes imaginary frequency)
Crossover temperature for tunnelling       65.07509 K
Restarting L-BFGS optimiser, instance: dimer rotation
Next calculation will be the dimer  midpoint
dl-find/turbomole/=============================== Tstep:   87.1 Ttot: 9796.4 ==
eandg
Spin: 
 Energy calculation finished, energy: -2.138684285E+03
Testing convergence of dimer midpoint in cycle   33
    Energy  7.0450E-06 Target: 1.0000E-06 converged?   no
  Max step  3.5867E-02 Target: 1.8000E-03 converged?   no component    11
  RMS step  7.6342E-03 Target: 1.2000E-03 converged?   no
  Max grad  1.7667E-03 Target: 4.5000E-04 converged?   no component    43
  RMS grad  2.5397E-04 Target: 3.0000E-04 converged?  yes
Next calculation will be the dimer endpoint before rotation
dl-find/turbomole/=============================== Tstep:   98.7 Ttot: 9895.1 ==
eandg
Spin: 
 Energy calculation finished, energy: -2.138684287E+03
Curvature at dimer midpoint                   -0.00329
Predicted dimer rotation angle:      6.601 deg
Next calculation will be the dimer endpoint after rotation
dl-find/turbomole/=============================== Tstep:  103.3 Ttot: 9998.4 ==
eandg
Spin: 
 Energy calculation finished, energy: -2.138684287E+03
Curvature at dimer midpoint after rotation    -0.00070
Curvature at dimer minimum                    -0.00330
Actual dimer rotation angle:         0.211 deg
Dimer rotation converged after    1 steps
Writing TS-mode
Curvature after dimer rotation:               -0.00330
Frequency of transition mode  -295.104 cm^-1 (negative value denotes imaginary frequency)
Crossover temperature for tunnelling       67.57530 K
Restarting L-BFGS optimiser, instance: dimer rotation
Next calculation will be the dimer  midpoint
dl-find/turbomole/=============================== Tstep:   92.6 Ttot:10091.0 ==
eandg
Spin: 
 Energy calculation finished, energy: -2.138684308E+03
Testing convergence of dimer midpoint in cycle   34
    Energy  2.3095E-05 Target: 1.0000E-06 converged?   no
  Max step  4.0909E-03 Target: 1.8000E-03 converged?   no component    43
  RMS step  7.3955E-04 Target: 1.2000E-03 converged?  yes
  Max grad  4.8421E-04 Target: 4.5000E-04 converged?   no component    43
  RMS grad  9.5139E-05 Target: 3.0000E-04 converged?  yes
Next calculation will be the dimer endpoint before rotation
dl-find/turbomole/=============================== Tstep:   93.6 Ttot:10184.7 ==
eandg
Spin: 
 Energy calculation finished, energy: -2.138684312E+03
Curvature at dimer midpoint                   -0.00319
Predicted dimer rotation angle:      6.128 deg
Next calculation will be the dimer endpoint after rotation
dl-find/turbomole/=============================== Tstep:  102.9 Ttot:10287.6 ==
eandg
Spin: 
 Energy calculation finished, energy: -2.138684307E+03
Curvature at dimer midpoint after rotation    -0.00037
Curvature at dimer minimum                    -0.00319
Actual dimer rotation angle:         0.152 deg
Dimer rotation converged after    1 steps
Writing TS-mode
Curvature after dimer rotation:               -0.00319
Frequency of transition mode  -290.430 cm^-1 (negative value denotes imaginary frequency)
Crossover temperature for tunnelling       66.50501 K
Restarting L-BFGS optimiser, instance: dimer rotation
Next calculation will be the dimer  midpoint
dl-find/turbomole/=============================== Tstep:   76.6 Ttot:10364.2 ==
eandg
Spin: 
 Energy calculation finished, energy: -2.138684317E+03
Testing convergence of dimer midpoint in cycle   35
    Energy  9.1940E-06 Target: 1.0000E-06 converged?   no
  Max step  1.0419E-02 Target: 1.8000E-03 converged?   no component    12
  RMS step  2.2306E-03 Target: 1.2000E-03 converged?   no
  Max grad  2.9986E-04 Target: 4.5000E-04 converged?  yes component    88
  RMS grad  6.8396E-05 Target: 3.0000E-04 converged?  yes
Next calculation will be the dimer endpoint before rotation
dl-find/turbomole/=============================== Tstep:  102.3 Ttot:10466.5 ==
eandg
Spin: 
 Energy calculation finished, energy: -2.138684319E+03
Curvature at dimer midpoint                   -0.00322
Predicted dimer rotation angle:      4.416 deg
Next calculation will be the dimer endpoint after rotation
dl-find/turbomole/=============================== Tstep:  102.9 Ttot:10569.3 ==
eandg
Spin: 
 Energy calculation finished, energy: -2.138684319E+03
Curvature at dimer midpoint after rotation    -0.00217
Curvature at dimer minimum                    -0.00322
Actual dimer rotation angle:         0.151 deg
Dimer rotation converged after    1 steps
Writing TS-mode
Curvature after dimer rotation:               -0.00322
Frequency of transition mode  -291.792 cm^-1 (negative value denotes imaginary frequency)
Crossover temperature for tunnelling       66.81700 K
Restarting L-BFGS optimiser, instance: dimer rotation
Next calculation will be the dimer  midpoint
dl-find/turbomole/=============================== Tstep:   87.3 Ttot:10656.6 ==
eandg
Spin: 
 Energy calculation finished, energy: -2.138684309E+03
Testing convergence of dimer midpoint in cycle   36
    Energy  8.1490E-06 Target: 1.0000E-06 converged?   no
  Max step  1.7794E-02 Target: 1.8000E-03 converged?   no component    11
  RMS step  3.7620E-03 Target: 1.2000E-03 converged?   no
  Max grad  6.2725E-04 Target: 4.5000E-04 converged?   no component    45
  RMS grad  9.2433E-05 Target: 3.0000E-04 converged?  yes
Next calculation will be the dimer endpoint before rotation
dl-find/turbomole/=============================== Tstep:  110.9 Ttot:10767.5 ==
eandg
Spin: 
 Energy calculation finished, energy: -2.138684311E+03
Curvature at dimer midpoint                   -0.00327
Predicted dimer rotation angle:      4.490 deg
Next calculation will be the dimer endpoint after rotation
dl-find/turbomole/=============================== Tstep:  107.0 Ttot:10874.5 ==
eandg
Spin: 
 Energy calculation finished, energy: -2.138684329E+03
Curvature at dimer midpoint after rotation    -0.00229
Curvature at dimer minimum                    -0.00328
Actual dimer rotation angle:         0.170 deg
Dimer rotation converged after    1 steps
Writing TS-mode
Curvature after dimer rotation:               -0.00328
Frequency of transition mode  -294.219 cm^-1 (negative value denotes imaginary frequency)
Crossover temperature for tunnelling       67.37282 K
Restarting L-BFGS optimiser, instance: dimer rotation
Next calculation will be the dimer  midpoint
dl-find/turbomole/=============================== Tstep:   90.1 Ttot:10964.6 ==
eandg
Spin: 
 Energy calculation finished, energy: -2.138684312E+03
Testing convergence of dimer midpoint in cycle   37
    Energy  2.5170E-06 Target: 1.0000E-06 converged?   no
  Max step  2.6576E-02 Target: 1.8000E-03 converged?   no component    11
  RMS step  5.4729E-03 Target: 1.2000E-03 converged?   no
  Max grad  6.8882E-04 Target: 4.5000E-04 converged?   no component    43
  RMS grad  1.0280E-04 Target: 3.0000E-04 converged?  yes
Next calculation will be the dimer endpoint before rotation
dl-find/turbomole/=============================== Tstep:  109.4 Ttot:11074.0 ==
eandg
Spin: 
 Energy calculation finished, energy: -2.138684314E+03
Curvature at dimer midpoint                   -0.00333
Predicted dimer rotation angle:      5.072 deg
Next calculation will be the dimer endpoint after rotation
dl-find/turbomole/=============================== Tstep:  102.8 Ttot:11176.8 ==
eandg
Spin: 
 Energy calculation finished, energy: -2.138684313E+03
Curvature at dimer midpoint after rotation    -0.00135
Curvature at dimer minimum                    -0.00333
Actual dimer rotation angle:         0.128 deg
Dimer rotation converged after    1 steps
Writing TS-mode
Curvature after dimer rotation:               -0.00333
Frequency of transition mode  -296.674 cm^-1 (negative value denotes imaginary frequency)
Crossover temperature for tunnelling       67.93487 K
Restarting L-BFGS optimiser, instance: dimer rotation
Next calculation will be the dimer  midpoint
dl-find/turbomole/=============================== Tstep:   89.1 Ttot:11265.9 ==
eandg
Spin: 
 Energy calculation finished, energy: -2.138684315E+03
Testing convergence of dimer midpoint in cycle   38
    Energy  3.0400E-06 Target: 1.0000E-06 converged?   no
  Max step  5.9022E-02 Target: 1.8000E-03 converged?   no component    11
  RMS step  1.2052E-02 Target: 1.2000E-03 converged?   no
  Max grad  1.9577E-03 Target: 4.5000E-04 converged?   no component   248
  RMS grad  3.2111E-04 Target: 3.0000E-04 converged?   no
Next calculation will be the dimer endpoint before rotation
dl-find/turbomole/=============================== Tstep:  119.7 Ttot:11385.6 ==
eandg
Spin: 
 Energy calculation finished, energy: -2.138684317E+03
Curvature at dimer midpoint                   -0.00340
Predicted dimer rotation angle:      4.133 deg
Next calculation will be the dimer endpoint after rotation
dl-find/turbomole/=============================== Tstep:  105.7 Ttot:11491.3 ==
eandg
Spin: 
 Energy calculation finished, energy: -2.138684317E+03
Curvature at dimer midpoint after rotation    -0.00266
Curvature at dimer minimum                    -0.00340
Actual dimer rotation angle:         0.181 deg
Dimer rotation converged after    1 steps
Writing TS-mode
Curvature after dimer rotation:               -0.00340
Frequency of transition mode  -299.894 cm^-1 (negative value denotes imaginary frequency)
Crossover temperature for tunnelling       68.67222 K
Restarting L-BFGS optimiser, instance: dimer rotation
Next calculation will be the dimer  midpoint
dl-find/turbomole/=============================== Tstep:   74.3 Ttot:11565.6 ==
eandg
Spin: 
 Energy calculation finished, energy: -2.138684347E+03
Testing convergence of dimer midpoint in cycle   39
    Energy  3.1886E-05 Target: 1.0000E-06 converged?   no
  Max step  1.5451E-02 Target: 1.8000E-03 converged?   no component    11
  RMS step  3.1983E-03 Target: 1.2000E-03 converged?   no
  Max grad  4.3441E-04 Target: 4.5000E-04 converged?  yes component   248
  RMS grad  1.0791E-04 Target: 3.0000E-04 converged?  yes
Next calculation will be the dimer endpoint before rotation
dl-find/turbomole/=============================== Tstep:  114.6 Ttot:11680.3 ==
eandg
Spin: 
 Energy calculation finished, energy: -2.138684349E+03
Curvature at dimer midpoint                   -0.00338
Predicted dimer rotation angle:      4.631 deg
Next calculation will be the dimer endpoint after rotation
dl-find/turbomole/=============================== Tstep:  102.0 Ttot:11782.3 ==
eandg
Spin: 
 Energy calculation finished, energy: -2.138684360E+03
Curvature at dimer midpoint after rotation    -0.00162
Curvature at dimer minimum                    -0.00338
Actual dimer rotation angle:         0.111 deg
Dimer rotation converged after    1 steps
Writing TS-mode
Curvature after dimer rotation:               -0.00338
Frequency of transition mode  -299.042 cm^-1 (negative value denotes imaginary frequency)
Crossover temperature for tunnelling       68.47720 K
Restarting L-BFGS optimiser, instance: dimer rotation
Next calculation will be the dimer  midpoint
dl-find/turbomole/=============================== Tstep:   85.0 Ttot:11867.3 ==
eandg
Spin: 
 Energy calculation finished, energy: -2.138684374E+03
Testing convergence of dimer midpoint in cycle   40
    Energy  2.7548E-05 Target: 1.0000E-06 converged?   no
  Max step  8.0990E-03 Target: 1.8000E-03 converged?   no component    11
  RMS step  1.9043E-03 Target: 1.2000E-03 converged?   no
  Max grad  2.9749E-04 Target: 4.5000E-04 converged?  yes component    88
  RMS grad  8.1245E-05 Target: 3.0000E-04 converged?  yes
Next calculation will be the dimer endpoint before rotation
dl-find/turbomole/=============================== Tstep:  112.4 Ttot:11979.6 ==
eandg
Spin: 
 Energy calculation finished, energy: -2.138684377E+03
Curvature at dimer midpoint                   -0.00335
Predicted dimer rotation angle:      2.820 deg
Next calculation will be the dimer endpoint after rotation
dl-find/turbomole/=============================== Tstep:  106.2 Ttot:12085.8 ==
eandg
Spin: 
 Energy calculation finished, energy: -2.138684377E+03
Curvature at dimer midpoint after rotation    -0.00296
Curvature at dimer minimum                    -0.00335
Actual dimer rotation angle:         0.109 deg
Dimer rotation converged after    1 steps
Writing TS-mode
Curvature after dimer rotation:               -0.00335
Frequency of transition mode  -297.401 cm^-1 (negative value denotes imaginary frequency)
Crossover temperature for tunnelling       68.10144 K
Restarting L-BFGS optimiser, instance: dimer rotation
Next calculation will be the dimer  midpoint
dl-find/turbomole/=============================== Tstep:   76.7 Ttot:12162.5 ==
eandg
Spin: 
 Energy calculation finished, energy: -2.138684392E+03
Testing convergence of dimer midpoint in cycle   41
    Energy  1.7917E-05 Target: 1.0000E-06 converged?   no
  Max step  3.2407E-02 Target: 1.8000E-03 converged?   no component    11
  RMS step  6.7620E-03 Target: 1.2000E-03 converged?   no
  Max grad  4.9886E-04 Target: 4.5000E-04 converged?   no component    45
  RMS grad  1.1999E-04 Target: 3.0000E-04 converged?  yes
Next calculation will be the dimer endpoint before rotation
dl-find/turbomole/=============================== Tstep:  114.9 Ttot:12277.4 ==
eandg
Spin: 
 Energy calculation finished, energy: -2.138684394E+03
Curvature at dimer midpoint                   -0.00333
Predicted dimer rotation angle:      3.117 deg
Next calculation will be the dimer endpoint after rotation
dl-find/turbomole/=============================== Tstep:  103.6 Ttot:12381.0 ==
eandg
Spin: 
 Energy calculation finished, energy: -2.138684394E+03
Curvature at dimer midpoint after rotation    -0.00260
Curvature at dimer minimum                    -0.00333
Actual dimer rotation angle:         0.080 deg
Dimer rotation converged after    1 steps
Writing TS-mode
Curvature after dimer rotation:               -0.00333
Frequency of transition mode  -296.678 cm^-1 (negative value denotes imaginary frequency)
Crossover temperature for tunnelling       67.93590 K
Restarting L-BFGS optimiser, instance: dimer rotation
Next calculation will be the dimer  midpoint
dl-find/turbomole/=============================== Tstep:   78.7 Ttot:12459.8 ==
eandg
Spin: 
 Energy calculation finished, energy: -2.138684436E+03
Testing convergence of dimer midpoint in cycle   42
    Energy  4.4294E-05 Target: 1.0000E-06 converged?   no
  Max step  4.4994E-02 Target: 1.8000E-03 converged?   no component    11
  RMS step  9.6876E-03 Target: 1.2000E-03 converged?   no
  Max grad  6.6654E-04 Target: 4.5000E-04 converged?   no component   255
  RMS grad  1.5190E-04 Target: 3.0000E-04 converged?  yes
Next calculation will be the dimer endpoint before rotation
dl-find/turbomole/=============================== Tstep:  119.2 Ttot:12579.0 ==
eandg
Spin: 
 Energy calculation finished, energy: -2.138684438E+03
Curvature at dimer midpoint                   -0.00331
Predicted dimer rotation angle:      2.606 deg
Next calculation will be the dimer endpoint after rotation
dl-find/turbomole/=============================== Tstep:  101.3 Ttot:12680.3 ==
eandg
Spin: 
 Energy calculation finished, energy: -2.138684438E+03
Curvature at dimer midpoint after rotation    -0.00296
Curvature at dimer minimum                    -0.00331
Actual dimer rotation angle:         0.094 deg
Dimer rotation converged after    1 steps
Writing TS-mode
Curvature after dimer rotation:               -0.00331
Frequency of transition mode  -295.892 cm^-1 (negative value denotes imaginary frequency)
Crossover temperature for tunnelling       67.75581 K
Restarting L-BFGS optimiser, instance: dimer rotation
Next calculation will be the dimer  midpoint
dl-find/turbomole/=============================== Tstep:   77.0 Ttot:12757.3 ==
eandg
Spin: 
 Energy calculation finished, energy: -2.138684400E+03
Testing convergence of dimer midpoint in cycle   43
    Energy  3.6407E-05 Target: 1.0000E-06 converged?   no
  Max step  1.5328E-01 Target: 1.8000E-03 converged?   no component    11
  RMS step  3.2591E-02 Target: 1.2000E-03 converged?   no
  Max grad  2.7068E-03 Target: 4.5000E-04 converged?   no component    54
  RMS grad  4.0379E-04 Target: 3.0000E-04 converged?   no
Next calculation will be the dimer endpoint before rotation
dl-find/turbomole/=============================== Tstep:  124.1 Ttot:12881.4 ==
eandg
Spin: 
 Energy calculation finished, energy: -2.138684401E+03
Curvature at dimer midpoint                   -0.00320
Predicted dimer rotation angle:      4.078 deg
Next calculation will be the dimer endpoint after rotation
dl-find/turbomole/=============================== Tstep:  104.3 Ttot:12985.7 ==
eandg
Spin: 
 Energy calculation finished, energy: -2.138684400E+03
Curvature at dimer midpoint after rotation    -0.00229
Curvature at dimer minimum                    -0.00320
Actual dimer rotation angle:         0.137 deg
Dimer rotation converged after    1 steps
Writing TS-mode
Curvature after dimer rotation:               -0.00320
Frequency of transition mode  -290.838 cm^-1 (negative value denotes imaginary frequency)
Crossover temperature for tunnelling       66.59863 K
Restarting L-BFGS optimiser, instance: dimer rotation
Next calculation will be the dimer  midpoint
dl-find/turbomole/=============================== Tstep:   82.3 Ttot:13068.1 ==
eandg
Spin: 
 Energy calculation finished, energy: -2.138684482E+03
Testing convergence of dimer midpoint in cycle   44
    Energy  8.2323E-05 Target: 1.0000E-06 converged?   no
  Max step  3.7450E-02 Target: 1.8000E-03 converged?   no component    11
  RMS step  8.1910E-03 Target: 1.2000E-03 converged?   no
  Max grad  5.4156E-04 Target: 4.5000E-04 converged?   no component   246
  RMS grad  1.2550E-04 Target: 3.0000E-04 converged?  yes
Next calculation will be the dimer endpoint before rotation
dl-find/turbomole/=============================== Tstep:  120.4 Ttot:13188.5 ==
eandg
Spin: 
 Energy calculation finished, energy: -2.138684484E+03
Curvature at dimer midpoint                   -0.00318
Predicted dimer rotation angle:      3.519 deg
Next calculation will be the dimer endpoint after rotation
dl-find/turbomole/=============================== Tstep:  106.7 Ttot:13295.1 ==
eandg
Spin: 
 Energy calculation finished, energy: -2.138684484E+03
Curvature at dimer midpoint after rotation    -0.00220
Curvature at dimer minimum                    -0.00318
Actual dimer rotation angle:         0.083 deg
Dimer rotation converged after    1 steps
Writing TS-mode
Curvature after dimer rotation:               -0.00318
Frequency of transition mode  -290.056 cm^-1 (negative value denotes imaginary frequency)
Crossover temperature for tunnelling       66.41945 K
Restarting L-BFGS optimiser, instance: dimer rotation
Next calculation will be the dimer  midpoint
dl-find/turbomole/=============================== Tstep:   81.7 Ttot:13376.8 ==
eandg
Spin: 
 Energy calculation finished, energy: -2.138684505E+03
Testing convergence of dimer midpoint in cycle   45
    Energy  2.2664E-05 Target: 1.0000E-06 converged?   no
  Max step  2.5913E-02 Target: 1.8000E-03 converged?   no component    12
  RMS step  5.4427E-03 Target: 1.2000E-03 converged?   no
  Max grad  5.0289E-04 Target: 4.5000E-04 converged?   no component   255
  RMS grad  1.1783E-04 Target: 3.0000E-04 converged?  yes
Next calculation will be the dimer endpoint before rotation
dl-find/turbomole/=============================== Tstep:  112.9 Ttot:13489.7 ==
eandg
Spin: 
 Energy calculation finished, energy: -2.138684506E+03
Curvature at dimer midpoint                   -0.00322
Predicted dimer rotation angle:      2.581 deg
Next calculation will be the dimer endpoint after rotation
dl-find/turbomole/=============================== Tstep:  107.4 Ttot:13597.1 ==
eandg
Spin: 
 Energy calculation finished, energy: -2.138684505E+03
Curvature at dimer midpoint after rotation    -0.00282
Curvature at dimer minimum                    -0.00323
Actual dimer rotation angle:         0.078 deg
Dimer rotation converged after    1 steps
Writing TS-mode
Curvature after dimer rotation:               -0.00323
Frequency of transition mode  -291.925 cm^-1 (negative value denotes imaginary frequency)
Crossover temperature for tunnelling       66.84742 K
Restarting L-BFGS optimiser, instance: dimer rotation
Next calculation will be the dimer  midpoint
dl-find/turbomole/=============================== Tstep:   75.5 Ttot:13672.5 ==
eandg
Spin: 
 Energy calculation finished, energy: -2.138684536E+03
Testing convergence of dimer midpoint in cycle   46
    Energy  3.1038E-05 Target: 1.0000E-06 converged?   no
  Max step  4.8307E-02 Target: 1.8000E-03 converged?   no component    12
  RMS step  1.0749E-02 Target: 1.2000E-03 converged?   no
  Max grad  6.9890E-04 Target: 4.5000E-04 converged?   no component   248
  RMS grad  1.5374E-04 Target: 3.0000E-04 converged?  yes
Next calculation will be the dimer endpoint before rotation
dl-find/turbomole/=============================== Tstep:  124.6 Ttot:13797.1 ==
eandg
Spin: 
 Energy calculation finished, energy: -2.138684536E+03
Curvature at dimer midpoint                   -0.00319
Predicted dimer rotation angle:      2.495 deg
Next calculation will be the dimer endpoint after rotation
dl-find/turbomole/=============================== Tstep:  107.6 Ttot:13904.7 ==
eandg
Spin: 
 Energy calculation finished, energy: -2.138684537E+03
Curvature at dimer midpoint after rotation    -0.00283
Curvature at dimer minimum                    -0.00319
Actual dimer rotation angle:         0.079 deg
Dimer rotation converged after    1 steps
Writing TS-mode
Curvature after dimer rotation:               -0.00319
Frequency of transition mode  -290.362 cm^-1 (negative value denotes imaginary frequency)
Crossover temperature for tunnelling       66.48945 K
Restarting L-BFGS optimiser, instance: dimer rotation
Next calculation will be the dimer  midpoint
dl-find/turbomole/=============================== Tstep:   76.7 Ttot:13981.4 ==
eandg
Spin: 
 Energy calculation finished, energy: -2.138684806E+03
Testing convergence of dimer midpoint in cycle   47
    Energy  2.7008E-04 Target: 1.0000E-06 converged?   no
  Max step  1.0641E-01 Target: 1.8000E-03 converged?   no component    12
  RMS step  2.3304E-02 Target: 1.2000E-03 converged?   no
  Max grad  2.3475E-03 Target: 4.5000E-04 converged?   no component    99
  RMS grad  3.5775E-04 Target: 3.0000E-04 converged?   no
Next calculation will be the dimer endpoint before rotation
dl-find/turbomole/=============================== Tstep:  117.7 Ttot:14099.1 ==
eandg
Spin: 
 Energy calculation finished, energy: -2.138684806E+03
Curvature at dimer midpoint                   -0.00302
Predicted dimer rotation angle:      4.124 deg
Next calculation will be the dimer endpoint after rotation
dl-find/turbomole/=============================== Tstep:  102.5 Ttot:14201.6 ==
eandg
Spin: 
 Energy calculation finished, energy: -2.138684805E+03
Curvature at dimer midpoint after rotation    -0.00223
Curvature at dimer minimum                    -0.00302
Actual dimer rotation angle:         0.153 deg
Dimer rotation converged after    1 steps
Writing TS-mode
Curvature after dimer rotation:               -0.00302
Frequency of transition mode  -282.331 cm^-1 (negative value denotes imaginary frequency)
Crossover temperature for tunnelling       64.65043 K
Restarting L-BFGS optimiser, instance: dimer rotation
Next calculation will be the dimer  midpoint
dl-find/turbomole/=============================== Tstep:   78.9 Ttot:14280.5 ==
eandg
Spin: 
 Energy calculation finished, energy: -2.138684884E+03
Testing convergence of dimer midpoint in cycle   48
    Energy  7.8271E-05 Target: 1.0000E-06 converged?   no
  Max step  2.1616E-02 Target: 1.8000E-03 converged?   no component    12
  RMS step  5.6172E-03 Target: 1.2000E-03 converged?   no
  Max grad  7.7276E-04 Target: 4.5000E-04 converged?   no component    43
  RMS grad  1.5270E-04 Target: 3.0000E-04 converged?  yes
Next calculation will be the dimer endpoint before rotation
dl-find/turbomole/=============================== Tstep:  111.1 Ttot:14391.6 ==
eandg
Spin: 
 Energy calculation finished, energy: -2.138684884E+03
Curvature at dimer midpoint                   -0.00306
Predicted dimer rotation angle:      3.988 deg
Next calculation will be the dimer endpoint after rotation
dl-find/turbomole/=============================== Tstep:  107.1 Ttot:14498.7 ==
eandg
Spin: 
 Energy calculation finished, energy: -2.138684884E+03
Curvature at dimer midpoint after rotation    -0.00170
Curvature at dimer minimum                    -0.00306
Actual dimer rotation angle:         0.083 deg
Dimer rotation converged after    1 steps
Writing TS-mode
Curvature after dimer rotation:               -0.00306
Frequency of transition mode  -284.380 cm^-1 (negative value denotes imaginary frequency)
Crossover temperature for tunnelling       65.11972 K
Restarting L-BFGS optimiser, instance: dimer rotation
Next calculation will be the dimer  midpoint
dl-find/turbomole/=============================== Tstep:   81.9 Ttot:14580.6 ==
eandg
Spin: 
 Energy calculation finished, energy: -2.138684907E+03
Testing convergence of dimer midpoint in cycle   49
    Energy  2.2391E-05 Target: 1.0000E-06 converged?   no
  Max step  2.1033E-02 Target: 1.8000E-03 converged?   no component    12
  RMS step  5.8434E-03 Target: 1.2000E-03 converged?   no
  Max grad  4.0152E-04 Target: 4.5000E-04 converged?  yes component    21
  RMS grad  1.0328E-04 Target: 3.0000E-04 converged?  yes
Next calculation will be the dimer endpoint before rotation
dl-find/turbomole/=============================== Tstep:  123.2 Ttot:14703.8 ==
eandg
Spin: 
 Energy calculation finished, energy: -2.138684906E+03
Curvature at dimer midpoint                   -0.00304
Predicted dimer rotation angle:      3.021 deg
Next calculation will be the dimer endpoint after rotation
dl-find/turbomole/=============================== Tstep:  103.4 Ttot:14807.2 ==
eandg
Spin: 
 Energy calculation finished, energy: -2.138684905E+03
Curvature at dimer midpoint after rotation    -0.00247
Curvature at dimer minimum                    -0.00304
Actual dimer rotation angle:         0.084 deg
Dimer rotation converged after    1 steps
Writing TS-mode
Curvature after dimer rotation:               -0.00304
Frequency of transition mode  -283.328 cm^-1 (negative value denotes imaginary frequency)
Crossover temperature for tunnelling       64.87884 K
Restarting L-BFGS optimiser, instance: dimer rotation
Next calculation will be the dimer  midpoint
dl-find/turbomole/=============================== Tstep:   77.3 Ttot:14884.4 ==
eandg
Spin: 
 Energy calculation finished, energy: -2.138684914E+03
Testing convergence of dimer midpoint in cycle   50
    Energy  6.9660E-06 Target: 1.0000E-06 converged?   no
  Max step  4.8601E-02 Target: 1.8000E-03 converged?   no component    12
  RMS step  1.0951E-02 Target: 1.2000E-03 converged?   no
  Max grad  5.1919E-04 Target: 4.5000E-04 converged?   no component    99
  RMS grad  1.2547E-04 Target: 3.0000E-04 converged?  yes
Next calculation will be the dimer endpoint before rotation
dl-find/turbomole/=============================== Tstep:  123.5 Ttot:15007.9 ==
eandg
Spin: 
 Energy calculation finished, energy: -2.138684913E+03
Curvature at dimer midpoint                   -0.00300
Predicted dimer rotation angle:      2.356 deg
Next calculation will be the dimer endpoint after rotation
dl-find/turbomole/=============================== Tstep:  103.9 Ttot:15111.8 ==
eandg
Spin: 
 Energy calculation finished, energy: -2.138684913E+03
Curvature at dimer midpoint after rotation    -0.00287
Curvature at dimer minimum                    -0.00300
Actual dimer rotation angle:         0.162 deg
Dimer rotation converged after    1 steps
Writing TS-mode
Curvature after dimer rotation:               -0.00300
Frequency of transition mode  -281.522 cm^-1 (negative value denotes imaginary frequency)
Crossover temperature for tunnelling       64.46518 K
Restarting L-BFGS optimiser, instance: dimer rotation
Next calculation will be the dimer  midpoint
dl-find/turbomole/=============================== Tstep:   72.5 Ttot:15184.3 ==
eandg
Spin: 
 Energy calculation finished, energy: -2.138684947E+03
Testing convergence of dimer midpoint in cycle   51
    Energy  3.3083E-05 Target: 1.0000E-06 converged?   no
  Max step  3.7778E-02 Target: 1.8000E-03 converged?   no component    12
  RMS step  9.5930E-03 Target: 1.2000E-03 converged?   no
  Max grad  8.7629E-04 Target: 4.5000E-04 converged?   no component    43
  RMS grad  1.5297E-04 Target: 3.0000E-04 converged?  yes
Next calculation will be the dimer endpoint before rotation
dl-find/turbomole/=============================== Tstep:  125.2 Ttot:15309.5 ==
eandg
Spin: 
 Energy calculation finished, energy: -2.138684945E+03
Curvature at dimer midpoint                   -0.00293
Predicted dimer rotation angle:      5.032 deg
Next calculation will be the dimer endpoint after rotation
dl-find/turbomole/=============================== Tstep:  106.9 Ttot:15416.4 ==
eandg
Spin: 
 Energy calculation finished, energy: -2.138684945E+03
Curvature at dimer midpoint after rotation    -0.00027
Curvature at dimer minimum                    -0.00293
Actual dimer rotation angle:         0.083 deg
Dimer rotation converged after    1 steps
Writing TS-mode
Curvature after dimer rotation:               -0.00293
Frequency of transition mode  -278.148 cm^-1 (negative value denotes imaginary frequency)
Crossover temperature for tunnelling       63.69259 K
Restarting L-BFGS optimiser, instance: dimer rotation
Next calculation will be the dimer  midpoint
dl-find/turbomole/=============================== Tstep:   83.8 Ttot:15500.2 ==
eandg
Spin: 
 Energy calculation finished, energy: -2.138684913E+03
Testing convergence of dimer midpoint in cycle   52
    Energy  3.3441E-05 Target: 1.0000E-06 converged?   no
  Max step  1.2687E-01 Target: 1.8000E-03 converged?   no component    12
  RMS step  2.7667E-02 Target: 1.2000E-03 converged?   no
  Max grad  1.2384E-03 Target: 4.5000E-04 converged?   no component   122
  RMS grad  2.8950E-04 Target: 3.0000E-04 converged?  yes
Next calculation will be the dimer endpoint before rotation
dl-find/turbomole/=============================== Tstep:  129.2 Ttot:15629.4 ==
eandg
Spin: 
 Energy calculation finished, energy: -2.138684911E+03
Curvature at dimer midpoint                   -0.00286
Predicted dimer rotation angle:      4.944 deg
Next calculation will be the dimer endpoint after rotation
dl-find/turbomole/=============================== Tstep:  102.1 Ttot:15731.5 ==
eandg
Spin: 
 Energy calculation finished, energy: -2.138684910E+03
Curvature at dimer midpoint after rotation    -0.00080
Curvature at dimer minimum                    -0.00286
Actual dimer rotation angle:         0.099 deg
Dimer rotation converged after    1 steps
Writing TS-mode
Curvature after dimer rotation:               -0.00286
Frequency of transition mode  -274.725 cm^-1 (negative value denotes imaginary frequency)
Crossover temperature for tunnelling       62.90893 K
Restarting L-BFGS optimiser, instance: dimer rotation
Next calculation will be the dimer  midpoint
dl-find/turbomole/=============================== Tstep:   79.0 Ttot:15810.5 ==
eandg
Spin: 
 Energy calculation finished, energy: -2.138684956E+03
Testing convergence of dimer midpoint in cycle   53
    Energy  4.3171E-05 Target: 1.0000E-06 converged?   no
  Max step  3.9176E-02 Target: 1.8000E-03 converged?   no component    11
  RMS step  8.6817E-03 Target: 1.2000E-03 converged?   no
  Max grad  2.8722E-04 Target: 4.5000E-04 converged?  yes component   246
  RMS grad  7.6176E-05 Target: 3.0000E-04 converged?  yes
Next calculation will be the dimer endpoint before rotation
dl-find/turbomole/=============================== Tstep:  118.6 Ttot:15929.2 ==
eandg
Spin: 
 Energy calculation finished, energy: -2.138684950E+03
Curvature at dimer midpoint                   -0.00289
Predicted dimer rotation angle:      5.480 deg
Next calculation will be the dimer endpoint after rotation
dl-find/turbomole/=============================== Tstep:  106.4 Ttot:16035.6 ==
eandg
Spin: 
 Energy calculation finished, energy: -2.138684950E+03
Curvature at dimer midpoint after rotation    -0.00171
Curvature at dimer minimum                    -0.00289
Actual dimer rotation angle:         0.227 deg
Dimer rotation converged after    1 steps
Writing TS-mode
Curvature after dimer rotation:               -0.00289
Frequency of transition mode  -276.581 cm^-1 (negative value denotes imaginary frequency)
Crossover temperature for tunnelling       63.33381 K
Restarting L-BFGS optimiser, instance: dimer rotation
Next calculation will be the dimer  midpoint
dl-find/turbomole/=============================== Tstep:   86.6 Ttot:16122.2 ==
eandg
Spin: 
 Energy calculation finished, energy: -2.138684959E+03
Testing convergence of dimer midpoint in cycle   54
    Energy  2.9600E-06 Target: 1.0000E-06 converged?   no
  Max step  1.5096E-02 Target: 1.8000E-03 converged?   no component    11
  RMS step  3.2260E-03 Target: 1.2000E-03 converged?   no
  Max grad  2.7356E-04 Target: 4.5000E-04 converged?  yes component   246
  RMS grad  7.1470E-05 Target: 3.0000E-04 converged?  yes
Next calculation will be the dimer endpoint before rotation
dl-find/turbomole/=============================== Tstep:  112.6 Ttot:16234.8 ==
eandg
Spin: 
 Energy calculation finished, energy: -2.138684958E+03
Curvature at dimer midpoint                   -0.00288
Predicted dimer rotation angle:      5.525 deg
Next calculation will be the dimer endpoint after rotation
dl-find/turbomole/=============================== Tstep:  103.8 Ttot:16338.6 ==
eandg
Spin: 
 Energy calculation finished, energy: -2.138684958E+03
Curvature at dimer midpoint after rotation    -0.00043
Curvature at dimer minimum                    -0.00288
Actual dimer rotation angle:         0.117 deg
Dimer rotation converged after    1 steps
Writing TS-mode
Curvature after dimer rotation:               -0.00288
Frequency of transition mode  -275.761 cm^-1 (negative value denotes imaginary frequency)
Crossover temperature for tunnelling       63.14617 K
Restarting L-BFGS optimiser, instance: dimer rotation
Next calculation will be the dimer  midpoint
dl-find/turbomole/=============================== Tstep:   84.4 Ttot:16422.9 ==
eandg
Spin: 
 Energy calculation finished, energy: -2.138684976E+03
Testing convergence of dimer midpoint in cycle   55
    Energy  1.6164E-05 Target: 1.0000E-06 converged?   no
  Max step  1.8764E-02 Target: 1.8000E-03 converged?   no component    12
  RMS step  4.5322E-03 Target: 1.2000E-03 converged?   no
  Max grad  4.8697E-04 Target: 4.5000E-04 converged?   no component    43
  RMS grad  1.1654E-04 Target: 3.0000E-04 converged?  yes
Next calculation will be the dimer endpoint before rotation
dl-find/turbomole/=============================== Tstep:  111.0 Ttot:16533.9 ==
eandg
Spin: 
 Energy calculation finished, energy: -2.138684974E+03
Curvature at dimer midpoint                   -0.00288
Predicted dimer rotation angle:      4.118 deg
Next calculation will be the dimer endpoint after rotation
dl-find/turbomole/=============================== Tstep:  105.8 Ttot:16639.7 ==
eandg
Spin: 
 Energy calculation finished, energy: -2.138684974E+03
Curvature at dimer midpoint after rotation    -0.00182
Curvature at dimer minimum                    -0.00288
Actual dimer rotation angle:         0.110 deg
Dimer rotation converged after    1 steps
Writing TS-mode
Curvature after dimer rotation:               -0.00288
Frequency of transition mode  -275.757 cm^-1 (negative value denotes imaginary frequency)
Crossover temperature for tunnelling       63.14519 K
Restarting L-BFGS optimiser, instance: dimer rotation
Next calculation will be the dimer  midpoint
dl-find/turbomole/=============================== Tstep:   83.1 Ttot:16722.8 ==
eandg
Spin: 
 Energy calculation finished, energy: -2.138684997E+03
Testing convergence of dimer midpoint in cycle   56
    Energy  2.1821E-05 Target: 1.0000E-06 converged?   no
  Max step  1.4061E-02 Target: 1.8000E-03 converged?   no component   231
  RMS step  3.6555E-03 Target: 1.2000E-03 converged?   no
  Max grad  6.6971E-04 Target: 4.5000E-04 converged?   no component    54
  RMS grad  1.3169E-04 Target: 3.0000E-04 converged?  yes
Next calculation will be the dimer endpoint before rotation
dl-find/turbomole/=============================== Tstep:  110.6 Ttot:16833.5 ==
eandg
Spin: 
 Energy calculation finished, energy: -2.138684996E+03
Curvature at dimer midpoint                   -0.00286
Predicted dimer rotation angle:      3.009 deg
Next calculation will be the dimer endpoint after rotation
dl-find/turbomole/=============================== Tstep:  103.4 Ttot:16936.9 ==
eandg
Spin: 
 Energy calculation finished, energy: -2.138684996E+03
Curvature at dimer midpoint after rotation    -0.00247
Curvature at dimer minimum                    -0.00286
Actual dimer rotation angle:         0.113 deg
Dimer rotation converged after    1 steps
Writing TS-mode
Curvature after dimer rotation:               -0.00286
Frequency of transition mode  -274.936 cm^-1 (negative value denotes imaginary frequency)
Crossover temperature for tunnelling       62.95728 K
Restarting L-BFGS optimiser, instance: dimer rotation
Next calculation will be the dimer  midpoint
dl-find/turbomole/=============================== Tstep:   82.7 Ttot:17019.5 ==
eandg
Spin: 
 Energy calculation finished, energy: -2.138684992E+03
Testing convergence of dimer midpoint in cycle   57
    Energy  5.1190E-06 Target: 1.0000E-06 converged?   no
  Max step  3.8367E-02 Target: 1.8000E-03 converged?   no component    12
  RMS step  9.8186E-03 Target: 1.2000E-03 converged?   no
  Max grad  7.5921E-04 Target: 4.5000E-04 converged?   no component    58
  RMS grad  1.2457E-04 Target: 3.0000E-04 converged?  yes
Next calculation will be the dimer endpoint before rotation
dl-find/turbomole/=============================== Tstep:  121.4 Ttot:17141.0 ==
eandg
Spin: 
 Energy calculation finished, energy: -2.138684991E+03
Curvature at dimer midpoint                   -0.00285
Predicted dimer rotation angle:      4.228 deg
Next calculation will be the dimer endpoint after rotation
dl-find/turbomole/=============================== Tstep:  103.0 Ttot:17243.9 ==
eandg
Spin: 
 Energy calculation finished, energy: -2.138684990E+03
Curvature at dimer midpoint after rotation    -0.00122
Curvature at dimer minimum                    -0.00285
Actual dimer rotation angle:         0.078 deg
Dimer rotation converged after    1 steps
Writing TS-mode
Curvature after dimer rotation:               -0.00285
Frequency of transition mode  -274.316 cm^-1 (negative value denotes imaginary frequency)
Crossover temperature for tunnelling       62.81509 K
Restarting L-BFGS optimiser, instance: dimer rotation
Next calculation will be the dimer  midpoint
dl-find/turbomole/=============================== Tstep:   83.9 Ttot:17327.8 ==
eandg
Spin: 
 Energy calculation finished, energy: -2.138684939E+03
Testing convergence of dimer midpoint in cycle   58
    Energy  5.2881E-05 Target: 1.0000E-06 converged?   no
  Max step  5.2462E-02 Target: 1.8000E-03 converged?   no component    12
  RMS step  1.2087E-02 Target: 1.2000E-03 converged?   no
  Max grad  2.7590E-04 Target: 4.5000E-04 converged?  yes component    80
  RMS grad  7.7250E-05 Target: 3.0000E-04 converged?  yes
Next calculation will be the dimer endpoint before rotation
dl-find/turbomole/=============================== Tstep:  121.0 Ttot:17448.8 ==
eandg
Spin: 
 Energy calculation finished, energy: -2.138684934E+03
Curvature at dimer midpoint                   -0.00288
Predicted dimer rotation angle:      5.116 deg
Next calculation will be the dimer endpoint after rotation
dl-find/turbomole/=============================== Tstep:  106.5 Ttot:17555.3 ==
eandg
Spin: 
 Energy calculation finished, energy: -2.138684934E+03
Curvature at dimer midpoint after rotation    -0.00197
Curvature at dimer minimum                    -0.00288
Actual dimer rotation angle:         0.237 deg
Dimer rotation converged after    1 steps
Writing TS-mode
Curvature after dimer rotation:               -0.00288
Frequency of transition mode  -275.916 cm^-1 (negative value denotes imaginary frequency)
Crossover temperature for tunnelling       63.18160 K
Restarting L-BFGS optimiser, instance: dimer rotation
Next calculation will be the dimer  midpoint
dl-find/turbomole/=============================== Tstep:   85.2 Ttot:17640.4 ==
eandg
Spin: 
 Energy calculation finished, energy: -2.138684951E+03
Testing convergence of dimer midpoint in cycle   59
    Energy  1.1762E-05 Target: 1.0000E-06 converged?   no
  Max step  1.0899E-02 Target: 1.8000E-03 converged?   no component   255
  RMS step  3.8469E-03 Target: 1.2000E-03 converged?   no
  Max grad  2.9574E-04 Target: 4.5000E-04 converged?  yes component    54
  RMS grad  8.1547E-05 Target: 3.0000E-04 converged?  yes
Next calculation will be the dimer endpoint before rotation
dl-find/turbomole/=============================== Tstep:  116.4 Ttot:17756.8 ==
eandg
Spin: 
 Energy calculation finished, energy: -2.138684949E+03
Curvature at dimer midpoint                   -0.00284
Predicted dimer rotation angle:      6.596 deg
Next calculation will be the dimer endpoint after rotation
dl-find/turbomole/=============================== Tstep:  102.2 Ttot:17859.1 ==
eandg
Spin: 
 Energy calculation finished, energy: -2.138684949E+03
Curvature at dimer midpoint after rotation     0.00065
Curvature at dimer minimum                    -0.00284
Actual dimer rotation angle:         0.138 deg
Dimer rotation converged after    1 steps
Writing TS-mode
Curvature after dimer rotation:               -0.00284
Frequency of transition mode  -274.103 cm^-1 (negative value denotes imaginary frequency)
Crossover temperature for tunnelling       62.76636 K
Restarting L-BFGS optimiser, instance: dimer rotation
Next calculation will be the dimer  midpoint
dl-find/turbomole/=============================== Tstep:   85.1 Ttot:17944.2 ==
eandg
Spin: 
 Energy calculation finished, energy: -2.138684951E+03
Testing convergence of dimer midpoint in cycle   60
    Energy  3.0000E-09 Target: 1.0000E-06 converged?  yes
  Max step  1.3906E-02 Target: 1.8000E-03 converged?   no component    35
  RMS step  4.9654E-03 Target: 1.2000E-03 converged?   no
  Max grad  6.8280E-04 Target: 4.5000E-04 converged?   no component    58
  RMS grad  1.1374E-04 Target: 3.0000E-04 converged?  yes
Next calculation will be the dimer endpoint before rotation
dl-find/turbomole/=============================== Tstep:  111.3 Ttot:18055.5 ==
eandg
Spin: 
 Energy calculation finished, energy: -2.138684950E+03
Curvature at dimer midpoint                   -0.00284
Predicted dimer rotation angle:      3.983 deg
Next calculation will be the dimer endpoint after rotation
dl-find/turbomole/=============================== Tstep:  102.9 Ttot:18158.3 ==
eandg
Spin: 
 Energy calculation finished, energy: -2.138684949E+03
Curvature at dimer midpoint after rotation    -0.00192
Curvature at dimer minimum                    -0.00284
Actual dimer rotation angle:         0.113 deg
Dimer rotation converged after    1 steps
Writing TS-mode
Curvature after dimer rotation:               -0.00284
Frequency of transition mode  -273.842 cm^-1 (negative value denotes imaginary frequency)
Crossover temperature for tunnelling       62.70659 K
Restarting L-BFGS optimiser, instance: dimer rotation
Next calculation will be the dimer  midpoint
dl-find/turbomole/=============================== Tstep:   83.3 Ttot:18241.7 ==
eandg
Spin: 
 Energy calculation finished, energy: -2.138684965E+03
Testing convergence of dimer midpoint in cycle   61
    Energy  1.4276E-05 Target: 1.0000E-06 converged?   no
  Max step  1.7814E-02 Target: 1.8000E-03 converged?   no component   231
  RMS step  6.0811E-03 Target: 1.2000E-03 converged?   no
  Max grad  4.7931E-04 Target: 4.5000E-04 converged?   no component    80
  RMS grad  1.0919E-04 Target: 3.0000E-04 converged?  yes
Next calculation will be the dimer endpoint before rotation
dl-find/turbomole/=============================== Tstep:  110.4 Ttot:18352.1 ==
eandg
Spin: 
 Energy calculation finished, energy: -2.138684964E+03
Curvature at dimer midpoint                   -0.00289
Predicted dimer rotation angle:      3.439 deg
Next calculation will be the dimer endpoint after rotation
dl-find/turbomole/=============================== Tstep:  103.5 Ttot:18455.6 ==
eandg
Spin: 
 Energy calculation finished, energy: -2.138684964E+03
Curvature at dimer midpoint after rotation    -0.00210
Curvature at dimer minimum                    -0.00289
Actual dimer rotation angle:         0.086 deg
Dimer rotation converged after    1 steps
Writing TS-mode
Curvature after dimer rotation:               -0.00289
Frequency of transition mode  -276.320 cm^-1 (negative value denotes imaginary frequency)
Crossover temperature for tunnelling       63.27405 K
Restarting L-BFGS optimiser, instance: dimer rotation
Next calculation will be the dimer  midpoint
dl-find/turbomole/=============================== Tstep:   79.0 Ttot:18534.6 ==
eandg
Spin: 
 Energy calculation finished, energy: -2.138684974E+03
Testing convergence of dimer midpoint in cycle   62
    Energy  8.8470E-06 Target: 1.0000E-06 converged?   no
  Max step  9.2258E-03 Target: 1.8000E-03 converged?   no component   231
  RMS step  2.4194E-03 Target: 1.2000E-03 converged?   no
  Max grad  3.2839E-04 Target: 4.5000E-04 converged?  yes component    80
  RMS grad  7.9724E-05 Target: 3.0000E-04 converged?  yes
Next calculation will be the dimer endpoint before rotation
dl-find/turbomole/=============================== Tstep:  114.3 Ttot:18648.9 ==
eandg
Spin: 
 Energy calculation finished, energy: -2.138684973E+03
Curvature at dimer midpoint                   -0.00291
Predicted dimer rotation angle:      2.849 deg
Next calculation will be the dimer endpoint after rotation
dl-find/turbomole/=============================== Tstep:  103.0 Ttot:18751.9 ==
eandg
Spin: 
 Energy calculation finished, energy: -2.138684973E+03
Curvature at dimer midpoint after rotation    -0.00235
Curvature at dimer minimum                    -0.00291
Actual dimer rotation angle:         0.070 deg
Dimer rotation converged after    1 steps
Writing TS-mode
Curvature after dimer rotation:               -0.00291
Frequency of transition mode  -277.433 cm^-1 (negative value denotes imaginary frequency)
Crossover temperature for tunnelling       63.52886 K
Restarting L-BFGS optimiser, instance: dimer rotation
Next calculation will be the dimer  midpoint
dl-find/turbomole/=============================== Tstep:   80.9 Ttot:18832.8 ==
eandg
Spin: 
 Energy calculation finished, energy: -2.138684993E+03
Testing convergence of dimer midpoint in cycle   63
    Energy  1.8911E-05 Target: 1.0000E-06 converged?   no
  Max step  2.3666E-02 Target: 1.8000E-03 converged?   no component    18
  RMS step  5.6483E-03 Target: 1.2000E-03 converged?   no
  Max grad  4.8770E-04 Target: 4.5000E-04 converged?   no component    91
  RMS grad  1.0186E-04 Target: 3.0000E-04 converged?  yes
Next calculation will be the dimer endpoint before rotation
dl-find/turbomole/=============================== Tstep:  120.1 Ttot:18952.8 ==
eandg
Spin: 
 Energy calculation finished, energy: -2.138684993E+03
Curvature at dimer midpoint                   -0.00305
Predicted dimer rotation angle:      3.534 deg
Next calculation will be the dimer endpoint after rotation
dl-find/turbomole/=============================== Tstep:  107.1 Ttot:19059.9 ==
eandg
Spin: 
 Energy calculation finished, energy: -2.138684993E+03
Curvature at dimer midpoint after rotation    -0.00210
Curvature at dimer minimum                    -0.00305
Actual dimer rotation angle:         0.083 deg
Dimer rotation converged after    1 steps
Writing TS-mode
Curvature after dimer rotation:               -0.00305
Frequency of transition mode  -283.819 cm^-1 (negative value denotes imaginary frequency)
Crossover temperature for tunnelling       64.99116 K
Restarting L-BFGS optimiser, instance: dimer rotation
Next calculation will be the dimer  midpoint
dl-find/turbomole/=============================== Tstep:   65.4 Ttot:19125.3 ==
eandg
Spin: 
 Energy calculation finished, energy: -2.138685000E+03
Testing convergence of dimer midpoint in cycle   64
    Energy  6.5170E-06 Target: 1.0000E-06 converged?   no
  Max step  2.3891E-02 Target: 1.8000E-03 converged?   no component   115
  RMS step  8.1515E-03 Target: 1.2000E-03 converged?   no
  Max grad  7.5037E-04 Target: 4.5000E-04 converged?   no component    64
  RMS grad  1.7880E-04 Target: 3.0000E-04 converged?  yes
Next calculation will be the dimer endpoint before rotation
dl-find/turbomole/=============================== Tstep:  118.9 Ttot:19244.2 ==
eandg
Spin: 
 Energy calculation finished, energy: -2.138684999E+03
Curvature at dimer midpoint                   -0.00307
Predicted dimer rotation angle:      2.787 deg
Next calculation will be the dimer endpoint after rotation
dl-find/turbomole/=============================== Tstep:  103.9 Ttot:19348.1 ==
eandg
Spin: 
 Energy calculation finished, energy: -2.138684999E+03
Curvature at dimer midpoint after rotation    -0.00270
Curvature at dimer minimum                    -0.00308
Actual dimer rotation angle:         0.100 deg
Dimer rotation converged after    1 steps
Writing TS-mode
Curvature after dimer rotation:               -0.00308
Frequency of transition mode  -285.067 cm^-1 (negative value denotes imaginary frequency)
Crossover temperature for tunnelling       65.27701 K
Restarting L-BFGS optimiser, instance: dimer rotation
Next calculation will be the dimer  midpoint
dl-find/turbomole/=============================== Tstep:   78.9 Ttot:19427.0 ==
eandg
Spin: 
 Energy calculation finished, energy: -2.138685007E+03
Testing convergence of dimer midpoint in cycle   65
    Energy  7.7000E-06 Target: 1.0000E-06 converged?   no
  Max step  1.4134E-02 Target: 1.8000E-03 converged?   no component    11
  RMS step  3.9367E-03 Target: 1.2000E-03 converged?   no
  Max grad  4.3397E-04 Target: 4.5000E-04 converged?  yes component   122
  RMS grad  1.0117E-04 Target: 3.0000E-04 converged?  yes
Next calculation will be the dimer endpoint before rotation
dl-find/turbomole/=============================== Tstep:  107.2 Ttot:19534.2 ==
eandg
Spin: 
 Energy calculation finished, energy: -2.138685008E+03
Curvature at dimer midpoint                   -0.00312
Predicted dimer rotation angle:      3.194 deg
Next calculation will be the dimer endpoint after rotation
dl-find/turbomole/=============================== Tstep:  103.1 Ttot:19637.3 ==
eandg
Spin: 
 Energy calculation finished, energy: -2.138685008E+03
Curvature at dimer midpoint after rotation    -0.00242
Curvature at dimer minimum                    -0.00312
Actual dimer rotation angle:         0.084 deg
Dimer rotation converged after    1 steps
Writing TS-mode
Curvature after dimer rotation:               -0.00312
Frequency of transition mode  -287.284 cm^-1 (negative value denotes imaginary frequency)
Crossover temperature for tunnelling       65.78470 K
Restarting L-BFGS optimiser, instance: dimer rotation
Next calculation will be the dimer  midpoint
dl-find/turbomole/=============================== Tstep:   76.8 Ttot:19714.1 ==
eandg
Spin: 
 Energy calculation finished, energy: -2.138685010E+03
Testing convergence of dimer midpoint in cycle   66
    Energy  2.2990E-06 Target: 1.0000E-06 converged?   no
  Max step  2.1800E-02 Target: 1.8000E-03 converged?   no component    11
  RMS step  6.1546E-03 Target: 1.2000E-03 converged?   no
  Max grad  2.2098E-04 Target: 4.5000E-04 converged?  yes component   254
  RMS grad  6.6887E-05 Target: 3.0000E-04 converged?  yes
Next calculation will be the dimer endpoint before rotation
dl-find/turbomole/=============================== Tstep:  116.4 Ttot:19830.5 ==
eandg
Spin: 
 Energy calculation finished, energy: -2.138685010E+03
Curvature at dimer midpoint                   -0.00322
Predicted dimer rotation angle:      2.920 deg
Next calculation will be the dimer endpoint after rotation
dl-find/turbomole/=============================== Tstep:  104.0 Ttot:19934.5 ==
eandg
Spin: 
 Energy calculation finished, energy: -2.138685006E+03
Curvature at dimer midpoint after rotation    -0.00290
Curvature at dimer minimum                    -0.00322
Actual dimer rotation angle:         0.141 deg
Dimer rotation converged after    1 steps
Writing TS-mode
Curvature after dimer rotation:               -0.00322
Frequency of transition mode  -291.599 cm^-1 (negative value denotes imaginary frequency)
Crossover temperature for tunnelling       66.77288 K
Restarting L-BFGS optimiser, instance: dimer rotation
Next calculation will be the dimer  midpoint
dl-find/turbomole/=============================== Tstep:   79.3 Ttot:20013.8 ==
eandg
Spin: 
 Energy calculation finished, energy: -2.138685012E+03
Testing convergence of dimer midpoint in cycle   67
    Energy  2.6270E-06 Target: 1.0000E-06 converged?   no
  Max step  1.6993E-02 Target: 1.8000E-03 converged?   no component    11
  RMS step  5.3913E-03 Target: 1.2000E-03 converged?   no
  Max grad  2.7460E-04 Target: 4.5000E-04 converged?  yes component    45
  RMS grad  7.9533E-05 Target: 3.0000E-04 converged?  yes
Next calculation will be the dimer endpoint before rotation
dl-find/turbomole/=============================== Tstep:  111.7 Ttot:20125.5 ==
eandg
Spin: 
 Energy calculation finished, energy: -2.138685013E+03
Curvature at dimer midpoint                   -0.00320
Predicted dimer rotation angle:      3.823 deg
Next calculation will be the dimer endpoint after rotation
dl-find/turbomole/=============================== Tstep:  104.0 Ttot:20229.5 ==
eandg
Spin: 
 Energy calculation finished, energy: -2.138685013E+03
Curvature at dimer midpoint after rotation    -0.00187
Curvature at dimer minimum                    -0.00320
Actual dimer rotation angle:         0.079 deg
Dimer rotation converged after    1 steps
Writing TS-mode
Curvature after dimer rotation:               -0.00320
Frequency of transition mode  -290.990 cm^-1 (negative value denotes imaginary frequency)
Crossover temperature for tunnelling       66.63341 K
Restarting L-BFGS optimiser, instance: dimer rotation
Next calculation will be the dimer  midpoint
dl-find/turbomole/=============================== Tstep:   84.0 Ttot:20313.5 ==
eandg
Spin: 
 Energy calculation finished, energy: -2.138685030E+03
Testing convergence of dimer midpoint in cycle   68
    Energy  1.7721E-05 Target: 1.0000E-06 converged?   no
  Max step  3.9759E-02 Target: 1.8000E-03 converged?   no component   115
  RMS step  1.1837E-02 Target: 1.2000E-03 converged?   no
  Max grad  1.0330E-03 Target: 4.5000E-04 converged?   no component   255
  RMS grad  1.9219E-04 Target: 3.0000E-04 converged?  yes
Next calculation will be the dimer endpoint before rotation
dl-find/turbomole/=============================== Tstep:  113.9 Ttot:20427.4 ==
eandg
Spin: 
 Energy calculation finished, energy: -2.138685031E+03
Curvature at dimer midpoint                   -0.00327
Predicted dimer rotation angle:      3.165 deg
Next calculation will be the dimer endpoint after rotation
dl-find/turbomole/=============================== Tstep:  106.0 Ttot:20533.4 ==
eandg
Spin: 
 Energy calculation finished, energy: -2.138685031E+03
Curvature at dimer midpoint after rotation    -0.00300
Curvature at dimer minimum                    -0.00327
Actual dimer rotation angle:         0.210 deg
Dimer rotation converged after    1 steps
Writing TS-mode
Curvature after dimer rotation:               -0.00327
Frequency of transition mode  -293.820 cm^-1 (negative value denotes imaginary frequency)
Crossover temperature for tunnelling       67.28141 K
Restarting L-BFGS optimiser, instance: dimer rotation
Next calculation will be the dimer  midpoint
dl-find/turbomole/=============================== Tstep:   73.7 Ttot:20607.1 ==
eandg
Spin: 
 Energy calculation finished, energy: -2.138685044E+03
Testing convergence of dimer midpoint in cycle   69
    Energy  1.3524E-05 Target: 1.0000E-06 converged?   no
  Max step  1.1778E-02 Target: 1.8000E-03 converged?   no component    15
  RMS step  3.4271E-03 Target: 1.2000E-03 converged?   no
  Max grad  2.8913E-04 Target: 4.5000E-04 converged?  yes component   123
  RMS grad  7.7077E-05 Target: 3.0000E-04 converged?  yes
Next calculation will be the dimer endpoint before rotation
dl-find/turbomole/=============================== Tstep:  118.2 Ttot:20725.3 ==
eandg
Spin: 
 Energy calculation finished, energy: -2.138685044E+03
Curvature at dimer midpoint                   -0.00322
Predicted dimer rotation angle:      4.892 deg
Next calculation will be the dimer endpoint after rotation
dl-find/turbomole/=============================== Tstep:  103.3 Ttot:20828.7 ==
eandg
Spin: 
 Energy calculation finished, energy: -2.138685044E+03
Curvature at dimer midpoint after rotation    -0.00066
Curvature at dimer minimum                    -0.00322
Actual dimer rotation angle:         0.087 deg
Dimer rotation converged after    1 steps
Writing TS-mode
Curvature after dimer rotation:               -0.00322
Frequency of transition mode  -291.753 cm^-1 (negative value denotes imaginary frequency)
Crossover temperature for tunnelling       66.80816 K
Restarting L-BFGS optimiser, instance: dimer rotation
Next calculation will be the dimer  midpoint
dl-find/turbomole/=============================== Tstep:   76.0 Ttot:20904.7 ==
eandg
Spin: 
 Energy calculation finished, energy: -2.138685051E+03
Testing convergence of dimer midpoint in cycle   70
    Energy  7.2720E-06 Target: 1.0000E-06 converged?   no
  Max step  6.9252E-03 Target: 1.8000E-03 converged?   no component    11
  RMS step  1.4788E-03 Target: 1.2000E-03 converged?   no
  Max grad  1.9230E-04 Target: 4.5000E-04 converged?  yes component   253
  RMS grad  6.4896E-05 Target: 3.0000E-04 converged?  yes
Next calculation will be the dimer endpoint before rotation
dl-find/turbomole/=============================== Tstep:  112.0 Ttot:21016.7 ==
eandg
Spin: 
 Energy calculation finished, energy: -2.138685051E+03
Curvature at dimer midpoint                   -0.00320
Predicted dimer rotation angle:      1.798 deg
Dimer rotation converged after    0 steps
Writing TS-mode
Curvature after dimer rotation:               -0.00320
Frequency of transition mode  -290.886 cm^-1 (negative value denotes imaginary frequency)
Crossover temperature for tunnelling       66.60947 K
Restarting L-BFGS optimiser, instance: dimer rotation
Next calculation will be the dimer  midpoint
dl-find/turbomole/=============================== Tstep:  103.7 Ttot:21120.4 ==
eandg
Spin: 
 Energy calculation finished, energy: -2.138685042E+03
Testing convergence of dimer midpoint in cycle   71
    Energy  8.8650E-06 Target: 1.0000E-06 converged?   no
  Max step  1.2609E-02 Target: 1.8000E-03 converged?   no component   249
  RMS step  3.2420E-03 Target: 1.2000E-03 converged?   no
  Max grad  2.9306E-04 Target: 4.5000E-04 converged?  yes component   253
  RMS grad  8.1181E-05 Target: 3.0000E-04 converged?  yes
Next calculation will be the dimer endpoint before rotation
dl-find/turbomole/=============================== Tstep:  110.3 Ttot:21230.7 ==
eandg
Spin: 
 Energy calculation finished, energy: -2.138685042E+03
Curvature at dimer midpoint                   -0.00320
Predicted dimer rotation angle:      2.108 deg
Next calculation will be the dimer endpoint after rotation
dl-find/turbomole/=============================== Tstep:  106.2 Ttot:21337.0 ==
eandg
Spin: 
 Energy calculation finished, energy: -2.138685042E+03
Curvature at dimer midpoint after rotation    -0.00305
Curvature at dimer minimum                    -0.00320
Actual dimer rotation angle:         0.110 deg
Dimer rotation converged after    1 steps
Writing TS-mode
Curvature after dimer rotation:               -0.00320
Frequency of transition mode  -290.970 cm^-1 (negative value denotes imaginary frequency)
Crossover temperature for tunnelling       66.62872 K
Restarting L-BFGS optimiser, instance: dimer rotation
Next calculation will be the dimer  midpoint
dl-find/turbomole/=============================== Tstep:   72.0 Ttot:21409.0 ==
eandg
Spin: 
 Energy calculation finished, energy: -2.138685058E+03
Testing convergence of dimer midpoint in cycle   72
    Energy  1.5579E-05 Target: 1.0000E-06 converged?   no
  Max step  2.3089E-02 Target: 1.8000E-03 converged?   no component    15
  RMS step  6.0163E-03 Target: 1.2000E-03 converged?   no
  Max grad  6.1041E-04 Target: 4.5000E-04 converged?   no component    53
  RMS grad  1.3229E-04 Target: 3.0000E-04 converged?  yes
Next calculation will be the dimer endpoint before rotation
dl-find/turbomole/=============================== Tstep:  108.2 Ttot:21517.2 ==
eandg
Spin: 
 Energy calculation finished, energy: -2.138685058E+03
Curvature at dimer midpoint                   -0.00325
Predicted dimer rotation angle:      2.603 deg
Next calculation will be the dimer endpoint after rotation
dl-find/turbomole/=============================== Tstep:  107.2 Ttot:21624.3 ==
eandg
Spin: 
 Energy calculation finished, energy: -2.138685058E+03
Curvature at dimer midpoint after rotation    -0.00280
Curvature at dimer minimum                    -0.00325
Actual dimer rotation angle:         0.074 deg
Dimer rotation converged after    1 steps
Writing TS-mode
Curvature after dimer rotation:               -0.00325
Frequency of transition mode  -293.072 cm^-1 (negative value denotes imaginary frequency)
Crossover temperature for tunnelling       67.11012 K
Restarting L-BFGS optimiser, instance: dimer rotation
Next calculation will be the dimer  midpoint
dl-find/turbomole/=============================== Tstep:   64.8 Ttot:21689.2 ==
eandg
Spin: 
 Energy calculation finished, energy: -2.138685084E+03
Testing convergence of dimer midpoint in cycle   73
    Energy  2.6810E-05 Target: 1.0000E-06 converged?   no
  Max step  3.8916E-02 Target: 1.8000E-03 converged?   no component    15
  RMS step  9.8955E-03 Target: 1.2000E-03 converged?   no
  Max grad  3.7275E-04 Target: 4.5000E-04 converged?  yes component   219
  RMS grad  9.9434E-05 Target: 3.0000E-04 converged?  yes
Next calculation will be the dimer endpoint before rotation
dl-find/turbomole/=============================== Tstep:  111.8 Ttot:21801.0 ==
eandg
Spin: 
 Energy calculation finished, energy: -2.138685085E+03
Curvature at dimer midpoint                   -0.00332
Predicted dimer rotation angle:      3.310 deg
Next calculation will be the dimer endpoint after rotation
dl-find/turbomole/=============================== Tstep:  102.6 Ttot:21903.5 ==
eandg
Spin: 
 Energy calculation finished, energy: -2.138685085E+03
Curvature at dimer midpoint after rotation    -0.00258
Curvature at dimer minimum                    -0.00332
Actual dimer rotation angle:         0.094 deg
Dimer rotation converged after    1 steps
Writing TS-mode
Curvature after dimer rotation:               -0.00332
Frequency of transition mode  -296.159 cm^-1 (negative value denotes imaginary frequency)
Crossover temperature for tunnelling       67.81697 K
Restarting L-BFGS optimiser, instance: dimer rotation
Next calculation will be the dimer  midpoint
dl-find/turbomole/=============================== Tstep:   73.4 Ttot:21976.9 ==
eandg
Spin: 
 Energy calculation finished, energy: -2.138685099E+03
Testing convergence of dimer midpoint in cycle   74
    Energy  1.4905E-05 Target: 1.0000E-06 converged?   no
  Max step  2.9304E-02 Target: 1.8000E-03 converged?   no component    15
  RMS step  8.2832E-03 Target: 1.2000E-03 converged?   no
  Max grad  2.9512E-04 Target: 4.5000E-04 converged?  yes component   254
  RMS grad  7.7388E-05 Target: 3.0000E-04 converged?  yes
Next calculation will be the dimer endpoint before rotation
dl-find/turbomole/=============================== Tstep:  109.4 Ttot:22086.3 ==
eandg
Spin: 
 Energy calculation finished, energy: -2.138685103E+03
Curvature at dimer midpoint                   -0.00342
Predicted dimer rotation angle:      3.531 deg
Next calculation will be the dimer endpoint after rotation
dl-find/turbomole/=============================== Tstep:  103.4 Ttot:22189.7 ==
eandg
Spin: 
 Energy calculation finished, energy: -2.138685103E+03
Curvature at dimer midpoint after rotation    -0.00303
Curvature at dimer minimum                    -0.00342
Actual dimer rotation angle:         0.210 deg
Dimer rotation converged after    1 steps
Writing TS-mode
Curvature after dimer rotation:               -0.00342
Frequency of transition mode  -300.497 cm^-1 (negative value denotes imaginary frequency)
Crossover temperature for tunnelling       68.81045 K
Restarting L-BFGS optimiser, instance: dimer rotation
Next calculation will be the dimer  midpoint
dl-find/turbomole/=============================== Tstep:   85.7 Ttot:22275.4 ==
eandg
Spin: 
 Energy calculation finished, energy: -2.138685169E+03
Testing convergence of dimer midpoint in cycle   75
    Energy  6.9938E-05 Target: 1.0000E-06 converged?   no
  Max step  6.1294E-02 Target: 1.8000E-03 converged?   no component    15
  RMS step  1.6906E-02 Target: 1.2000E-03 converged?   no
  Max grad  7.8684E-04 Target: 4.5000E-04 converged?   no component    70
  RMS grad  1.3676E-04 Target: 3.0000E-04 converged?  yes
Next calculation will be the dimer endpoint before rotation
dl-find/turbomole/=============================== Tstep:  120.8 Ttot:22396.2 ==
eandg
Spin: 
 Energy calculation finished, energy: -2.138685171E+03
Curvature at dimer midpoint                   -0.00342
Predicted dimer rotation angle:      4.156 deg
Next calculation will be the dimer endpoint after rotation
dl-find/turbomole/=============================== Tstep:  103.0 Ttot:22499.3 ==
eandg
Spin: 
 Energy calculation finished, energy: -2.138685171E+03
Curvature at dimer midpoint after rotation    -0.00222
Curvature at dimer minimum                    -0.00342
Actual dimer rotation angle:         0.118 deg
Dimer rotation converged after    1 steps
Writing TS-mode
Curvature after dimer rotation:               -0.00342
Frequency of transition mode  -300.670 cm^-1 (negative value denotes imaginary frequency)
Crossover temperature for tunnelling       68.85005 K
Restarting L-BFGS optimiser, instance: dimer rotation
Next calculation will be the dimer  midpoint
dl-find/turbomole/=============================== Tstep:   82.2 Ttot:22581.5 ==
eandg
Spin: 
 Energy calculation finished, energy: -2.138685176E+03
Testing convergence of dimer midpoint in cycle   76
    Energy  6.9040E-06 Target: 1.0000E-06 converged?   no
  Max step  6.7066E-02 Target: 1.8000E-03 converged?   no component    15
  RMS step  1.7077E-02 Target: 1.2000E-03 converged?   no
  Max grad  1.0489E-03 Target: 4.5000E-04 converged?   no component    84
  RMS grad  2.0720E-04 Target: 3.0000E-04 converged?  yes
Next calculation will be the dimer endpoint before rotation
dl-find/turbomole/=============================== Tstep:  124.4 Ttot:22705.9 ==
eandg
Spin: 
 Energy calculation finished, energy: -2.138685178E+03
Curvature at dimer midpoint                   -0.00344
Predicted dimer rotation angle:      3.730 deg
Next calculation will be the dimer endpoint after rotation
dl-find/turbomole/=============================== Tstep:  101.7 Ttot:22807.6 ==
eandg
Spin: 
 Energy calculation finished, energy: -2.138685177E+03
Curvature at dimer midpoint after rotation    -0.00258
Curvature at dimer minimum                    -0.00344
Actual dimer rotation angle:         0.119 deg
Dimer rotation converged after    1 steps
Writing TS-mode
Curvature after dimer rotation:               -0.00344
Frequency of transition mode  -301.344 cm^-1 (negative value denotes imaginary frequency)
Crossover temperature for tunnelling       69.00435 K
Restarting L-BFGS optimiser, instance: dimer rotation
Next calculation will be the dimer  midpoint
dl-find/turbomole/=============================== Tstep:   72.5 Ttot:22880.1 ==
eandg
Spin: 
 Energy calculation finished, energy: -2.138685196E+03
Testing convergence of dimer midpoint in cycle   77
    Energy  1.9807E-05 Target: 1.0000E-06 converged?   no
  Max step  8.3113E-03 Target: 1.8000E-03 converged?   no component    11
  RMS step  1.6904E-03 Target: 1.2000E-03 converged?   no
  Max grad  4.1370E-04 Target: 4.5000E-04 converged?  yes component   253
  RMS grad  1.1011E-04 Target: 3.0000E-04 converged?  yes
Next calculation will be the dimer endpoint before rotation
dl-find/turbomole/=============================== Tstep:  104.2 Ttot:22984.3 ==
eandg
Spin: 
 Energy calculation finished, energy: -2.138685197E+03
Curvature at dimer midpoint                   -0.00338
Predicted dimer rotation angle:      3.006 deg
Next calculation will be the dimer endpoint after rotation
dl-find/turbomole/=============================== Tstep:  101.9 Ttot:23086.2 ==
eandg
Spin: 
 Energy calculation finished, energy: -2.138685197E+03
Curvature at dimer midpoint after rotation    -0.00265
Curvature at dimer minimum                    -0.00338
Actual dimer rotation angle:         0.074 deg
Dimer rotation converged after    1 steps
Writing TS-mode
Curvature after dimer rotation:               -0.00338
Frequency of transition mode  -298.755 cm^-1 (negative value denotes imaginary frequency)
Crossover temperature for tunnelling       68.41147 K
Restarting L-BFGS optimiser, instance: dimer rotation
Next calculation will be the dimer  midpoint
dl-find/turbomole/=============================== Tstep:   67.5 Ttot:23153.7 ==
eandg
Spin: 
 Energy calculation finished, energy: -2.138685216E+03
Testing convergence of dimer midpoint in cycle   78
    Energy  2.0475E-05 Target: 1.0000E-06 converged?   no
  Max step  2.7356E-02 Target: 1.8000E-03 converged?   no component    15
  RMS step  5.0795E-03 Target: 1.2000E-03 converged?   no
  Max grad  3.4579E-04 Target: 4.5000E-04 converged?  yes component    83
  RMS grad  9.9322E-05 Target: 3.0000E-04 converged?  yes
Next calculation will be the dimer endpoint before rotation
dl-find/turbomole/=============================== Tstep:  123.7 Ttot:23277.4 ==
eandg
Spin: 
 Energy calculation finished, energy: -2.138685217E+03
Curvature at dimer midpoint                   -0.00331
Predicted dimer rotation angle:      2.097 deg
Next calculation will be the dimer endpoint after rotation
dl-find/turbomole/=============================== Tstep:  107.5 Ttot:23384.9 ==
eandg
Spin: 
 Energy calculation finished, energy: -2.138685217E+03
Curvature at dimer midpoint after rotation    -0.00304
Curvature at dimer minimum                    -0.00331
Actual dimer rotation angle:         0.064 deg
Dimer rotation converged after    1 steps
Writing TS-mode
Curvature after dimer rotation:               -0.00331
Frequency of transition mode  -295.815 cm^-1 (negative value denotes imaginary frequency)
Crossover temperature for tunnelling       67.73822 K
Restarting L-BFGS optimiser, instance: dimer rotation
Next calculation will be the dimer  midpoint
dl-find/turbomole/=============================== Tstep:   58.6 Ttot:23443.5 ==
eandg
Spin: 
 Energy calculation finished, energy: -2.138685233E+03
Testing convergence of dimer midpoint in cycle   79
    Energy  1.6576E-05 Target: 1.0000E-06 converged?   no
  Max step  3.9015E-02 Target: 1.8000E-03 converged?   no component    15
  RMS step  7.7171E-03 Target: 1.2000E-03 converged?   no
  Max grad  5.8327E-04 Target: 4.5000E-04 converged?   no component   253
  RMS grad  1.2666E-04 Target: 3.0000E-04 converged?  yes
Next calculation will be the dimer endpoint before rotation
dl-find/turbomole/=============================== Tstep:  122.5 Ttot:23566.0 ==
eandg
Spin: 
 Energy calculation finished, energy: -2.138685234E+03
Curvature at dimer midpoint                   -0.00326
Predicted dimer rotation angle:      1.851 deg
Dimer rotation converged after    0 steps
Writing TS-mode
Curvature after dimer rotation:               -0.00326
Frequency of transition mode  -293.639 cm^-1 (negative value denotes imaginary frequency)
Crossover temperature for tunnelling       67.23989 K
Restarting L-BFGS optimiser, instance: dimer rotation
Next calculation will be the dimer  midpoint
dl-find/turbomole/=============================== Tstep:  104.1 Ttot:23670.1 ==
eandg
Spin: 
 Energy calculation finished, energy: -2.138685271E+03
Testing convergence of dimer midpoint in cycle   80
    Energy  3.7777E-05 Target: 1.0000E-06 converged?   no
  Max step  1.0024E-01 Target: 1.8000E-03 converged?   no component    15
  RMS step  2.1069E-02 Target: 1.2000E-03 converged?   no
  Max grad  6.5520E-04 Target: 4.5000E-04 converged?   no component   253
  RMS grad  1.4843E-04 Target: 3.0000E-04 converged?  yes
Next calculation will be the dimer endpoint before rotation
dl-find/turbomole/=============================== Tstep:  126.2 Ttot:23796.3 ==
eandg
Spin: 
 Energy calculation finished, energy: -2.138685271E+03
Curvature at dimer midpoint                   -0.00317
Predicted dimer rotation angle:      2.670 deg
Next calculation will be the dimer endpoint after rotation
dl-find/turbomole/=============================== Tstep:  104.1 Ttot:23900.4 ==
eandg
Spin: 
 Energy calculation finished, energy: -2.138685271E+03
Curvature at dimer midpoint after rotation    -0.00287
Curvature at dimer minimum                    -0.00317
Actual dimer rotation angle:         0.110 deg
Dimer rotation converged after    1 steps
Writing TS-mode
Curvature after dimer rotation:               -0.00317
Frequency of transition mode  -289.646 cm^-1 (negative value denotes imaginary frequency)
Crossover temperature for tunnelling       66.32569 K
Restarting L-BFGS optimiser, instance: dimer rotation
Next calculation will be the dimer  midpoint
dl-find/turbomole/=============================== Tstep:   79.8 Ttot:23980.2 ==
eandg
Spin: 
 Energy calculation finished, energy: -2.138685174E+03
Testing convergence of dimer midpoint in cycle   81
    Energy  9.6487E-05 Target: 1.0000E-06 converged?   no
  Max step  2.1450E-01 Target: 1.8000E-03 converged?   no component    15
  RMS step  4.2516E-02 Target: 1.2000E-03 converged?   no
  Max grad  3.1665E-03 Target: 4.5000E-04 converged?   no component    49
  RMS grad  6.8665E-04 Target: 3.0000E-04 converged?   no
Next calculation will be the dimer endpoint before rotation
dl-find/turbomole/=============================== Tstep:  131.7 Ttot:24111.9 ==
eandg
Spin: 
 Energy calculation finished, energy: -2.138685143E+03
Curvature at dimer midpoint                   -0.00285
Predicted dimer rotation angle:     41.010 deg
Next calculation will be the dimer endpoint after rotation
dl-find/turbomole/=============================== Tstep:  106.9 Ttot:24218.8 ==
eandg
Spin: 
 Energy calculation finished, energy: -2.138685174E+03
Curvature at dimer midpoint after rotation     0.01807
Curvature at dimer minimum                    -0.00699
Actual dimer rotation angle:        11.541 deg
Predicted dimer rotation angle:     36.459 deg
Next calculation will be the dimer endpoint after rotation
dl-find/turbomole/=============================== Tstep:   96.4 Ttot:24315.2 ==
eandg
Spin: 
 Energy calculation finished, energy: -2.138685174E+03
Curvature at dimer midpoint after rotation     0.02383
Curvature at dimer minimum                    -0.00545
Actual dimer rotation angle:         6.420 deg
Predicted dimer rotation angle:     25.797 deg
Next calculation will be the dimer endpoint after rotation
dl-find/turbomole/=============================== Tstep:   98.3 Ttot:24413.5 ==
eandg
Spin: 
 Energy calculation finished, energy: -2.138685174E+03
Curvature at dimer midpoint after rotation     0.00840
Curvature at dimer minimum                    -0.00416
Actual dimer rotation angle:         3.282 deg
Predicted dimer rotation angle:     26.822 deg
Next calculation will be the dimer endpoint after rotation
dl-find/turbomole/=============================== Tstep:   88.9 Ttot:24502.4 ==
eandg
Spin: 
 Energy calculation finished, energy: -2.138685176E+03
Curvature at dimer midpoint after rotation     0.01172
Curvature at dimer minimum                    -0.00345
Actual dimer rotation angle:         2.764 deg
Predicted dimer rotation angle:     24.296 deg
Next calculation will be the dimer endpoint after rotation
dl-find/turbomole/=============================== Tstep:   95.2 Ttot:24597.6 ==
eandg
Spin: 
 Energy calculation finished, energy: -2.138685172E+03
Curvature at dimer midpoint after rotation     0.01449
Curvature at dimer minimum                    -0.00304
Actual dimer rotation angle:         1.622 deg
Dimer rotation converged after    5 steps
Writing TS-mode
Curvature after dimer rotation:               -0.00304
Frequency of transition mode  -283.360 cm^-1 (negative value denotes imaginary frequency)
Crossover temperature for tunnelling       64.88610 K
Restarting L-BFGS optimiser, instance: dimer rotation
Next calculation will be the dimer  midpoint
dl-find/turbomole/=============================== Tstep:   92.8 Ttot:24690.4 ==
eandg
Spin: 
 Energy calculation finished, energy: -2.138685313E+03
Testing convergence of dimer midpoint in cycle   82
    Energy  1.3879E-04 Target: 1.0000E-06 converged?   no
  Max step  5.8993E-02 Target: 1.8000E-03 converged?   no component    15
  RMS step  1.1021E-02 Target: 1.2000E-03 converged?   no
  Max grad  4.3563E-04 Target: 4.5000E-04 converged?  yes component    64
  RMS grad  1.1669E-04 Target: 3.0000E-04 converged?  yes
Next calculation will be the dimer endpoint before rotation
dl-find/turbomole/=============================== Tstep:  123.0 Ttot:24813.5 ==
eandg
Spin: 
 Energy calculation finished, energy: -2.138685313E+03
Curvature at dimer midpoint                    0.00063
Predicted dimer rotation angle:     43.166 deg
Next calculation will be the dimer endpoint after rotation
dl-find/turbomole/=============================== Tstep:  101.2 Ttot:24914.7 ==
eandg
Spin: 
 Energy calculation finished, energy: -2.138685280E+03
Curvature at dimer midpoint after rotation     0.02206
Curvature at dimer minimum                    -0.00080
Actual dimer rotation angle:         8.240 deg
Predicted dimer rotation angle:     38.753 deg
Next calculation will be the dimer endpoint after rotation
dl-find/turbomole/=============================== Tstep:   96.5 Ttot:25011.1 ==
eandg
Spin: 
 Energy calculation finished, energy: -2.138685279E+03
Curvature at dimer midpoint after rotation     0.06712
Curvature at dimer minimum                    -0.00251
Actual dimer rotation angle:         2.674 deg
Predicted dimer rotation angle:     20.722 deg
Next calculation will be the dimer endpoint after rotation
dl-find/turbomole/=============================== Tstep:  101.7 Ttot:25112.8 ==
eandg
Spin: 
 Energy calculation finished, energy: -2.138685313E+03
Curvature at dimer midpoint after rotation     0.00759
Curvature at dimer minimum                    -0.00294
Actual dimer rotation angle:         1.496 deg
Dimer rotation converged after    3 steps
Writing TS-mode
Curvature after dimer rotation:               -0.00294
Frequency of transition mode  -278.604 cm^-1 (negative value denotes imaginary frequency)
Crossover temperature for tunnelling       63.79698 K
Restarting L-BFGS optimiser, instance: dimer rotation
Next calculation will be the dimer  midpoint
dl-find/turbomole/=============================== Tstep:  101.8 Ttot:25214.6 ==
eandg
Spin: 
 Energy calculation finished, energy: -2.138685324E+03
Testing convergence of dimer midpoint in cycle   83
    Energy  1.0722E-05 Target: 1.0000E-06 converged?   no
  Max step  7.0531E-03 Target: 1.8000E-03 converged?   no component    11
  RMS step  1.6431E-03 Target: 1.2000E-03 converged?   no
  Max grad  3.3144E-04 Target: 4.5000E-04 converged?  yes component   247
  RMS grad  8.7766E-05 Target: 3.0000E-04 converged?  yes
Next calculation will be the dimer endpoint before rotation
dl-find/turbomole/=============================== Tstep:  111.8 Ttot:25326.4 ==
eandg
Spin: 
 Energy calculation finished, energy: -2.138685324E+03
Curvature at dimer midpoint                   -0.00165
Predicted dimer rotation angle:     37.235 deg
Next calculation will be the dimer endpoint after rotation
dl-find/turbomole/=============================== Tstep:   98.0 Ttot:25424.4 ==
eandg
Spin: 
 Energy calculation finished, energy: -2.138685290E+03
Curvature at dimer midpoint after rotation     0.02501
Curvature at dimer minimum                    -0.00205
Actual dimer rotation angle:         3.823 deg
Predicted dimer rotation angle:     32.482 deg
Next calculation will be the dimer endpoint after rotation
dl-find/turbomole/=============================== Tstep:   92.1 Ttot:25516.5 ==
eandg
Spin: 
 Energy calculation finished, energy: -2.138685289E+03
Curvature at dimer midpoint after rotation     0.02391
Curvature at dimer minimum                    -0.00274
Actual dimer rotation angle:         2.802 deg
Predicted dimer rotation angle:     14.268 deg
Next calculation will be the dimer endpoint after rotation
dl-find/turbomole/=============================== Tstep:   95.9 Ttot:25612.5 ==
eandg
Spin: 
 Energy calculation finished, energy: -2.138685322E+03
Curvature at dimer midpoint after rotation     0.00294
Curvature at dimer minimum                    -0.00306
Actual dimer rotation angle:         0.848 deg
Dimer rotation converged after    3 steps
Writing TS-mode
Curvature after dimer rotation:               -0.00306
Frequency of transition mode  -284.247 cm^-1 (negative value denotes imaginary frequency)
Crossover temperature for tunnelling       65.08934 K
Restarting L-BFGS optimiser, instance: dimer rotation
Next calculation will be the dimer  midpoint
dl-find/turbomole/=============================== Tstep:   99.0 Ttot:25711.5 ==
eandg
Spin: 
 Energy calculation finished, energy: -2.138685342E+03
Testing convergence of dimer midpoint in cycle   84
    Energy  1.7971E-05 Target: 1.0000E-06 converged?   no
  Max step  4.6208E-02 Target: 1.8000E-03 converged?   no component    15
  RMS step  8.8452E-03 Target: 1.2000E-03 converged?   no
  Max grad  5.2548E-04 Target: 4.5000E-04 converged?   no component   253
  RMS grad  1.1330E-04 Target: 3.0000E-04 converged?  yes
Next calculation will be the dimer endpoint before rotation
dl-find/turbomole/=============================== Tstep:  120.2 Ttot:25831.7 ==
eandg
Spin: 
 Energy calculation finished, energy: -2.138685342E+03
Curvature at dimer midpoint                   -0.00252
Predicted dimer rotation angle:     27.857 deg
Next calculation will be the dimer endpoint after rotation
dl-find/turbomole/=============================== Tstep:   96.3 Ttot:25928.0 ==
eandg
Spin: 
 Energy calculation finished, energy: -2.138685341E+03
Curvature at dimer midpoint after rotation     0.00685
Curvature at dimer minimum                    -0.00275
Actual dimer rotation angle:         3.697 deg
Predicted dimer rotation angle:     24.746 deg
Next calculation will be the dimer endpoint after rotation
dl-find/turbomole/=============================== Tstep:  103.1 Ttot:26031.0 ==
eandg
Spin: 
 Energy calculation finished, energy: -2.138685341E+03
Curvature at dimer midpoint after rotation     0.00199
Curvature at dimer minimum                    -0.00301
Actual dimer rotation angle:         4.459 deg
Predicted dimer rotation angle:     14.108 deg
Next calculation will be the dimer endpoint after rotation
dl-find/turbomole/=============================== Tstep:   72.5 Ttot:26103.6 ==
eandg
Spin: 
 Energy calculation finished, energy: -2.138685341E+03
Curvature at dimer midpoint after rotation     0.00112
Curvature at dimer minimum                    -0.00304
Actual dimer rotation angle:         1.123 deg
Dimer rotation converged after    3 steps
Writing TS-mode
Curvature after dimer rotation:               -0.00304
Frequency of transition mode  -283.291 cm^-1 (negative value denotes imaginary frequency)
Crossover temperature for tunnelling       64.87046 K
Restarting L-BFGS optimiser, instance: dimer rotation
Next calculation will be the dimer  midpoint
dl-find/turbomole/=============================== Tstep:  101.1 Ttot:26204.7 ==
eandg
Spin: 
 Energy calculation finished, energy: -2.138685357E+03
Testing convergence of dimer midpoint in cycle   85
    Energy  1.5119E-05 Target: 1.0000E-06 converged?   no
  Max step  5.7702E-02 Target: 1.8000E-03 converged?   no component    15
  RMS step  1.0734E-02 Target: 1.2000E-03 converged?   no
  Max grad  6.4542E-04 Target: 4.5000E-04 converged?   no component    84
  RMS grad  1.6087E-04 Target: 3.0000E-04 converged?  yes
Next calculation will be the dimer endpoint before rotation
dl-find/turbomole/=============================== Tstep:  121.7 Ttot:26326.4 ==
eandg
Spin: 
 Energy calculation finished, energy: -2.138685359E+03
Curvature at dimer midpoint                   -0.00304
Predicted dimer rotation angle:     11.606 deg
Next calculation will be the dimer endpoint after rotation
dl-find/turbomole/=============================== Tstep:  105.4 Ttot:26431.8 ==
eandg
Spin: 
 Energy calculation finished, energy: -2.138685357E+03
Curvature at dimer midpoint after rotation     0.00932
Curvature at dimer minimum                    -0.00305
Actual dimer rotation angle:         0.235 deg
Dimer rotation converged after    1 steps
Writing TS-mode
Curvature after dimer rotation:               -0.00305
Frequency of transition mode  -283.809 cm^-1 (negative value denotes imaginary frequency)
Crossover temperature for tunnelling       64.98890 K
Restarting L-BFGS optimiser, instance: dimer rotation
Next calculation will be the dimer  midpoint
dl-find/turbomole/=============================== Tstep:   91.2 Ttot:26523.0 ==
eandg
Spin: 
 Energy calculation finished, energy: -2.138685389E+03
Testing convergence of dimer midpoint in cycle   86
    Energy  3.1743E-05 Target: 1.0000E-06 converged?   no
  Max step  8.5250E-02 Target: 1.8000E-03 converged?   no component    15
  RMS step  1.7554E-02 Target: 1.2000E-03 converged?   no
  Max grad  4.6429E-04 Target: 4.5000E-04 converged?   no component   253
  RMS grad  1.0526E-04 Target: 3.0000E-04 converged?  yes
Next calculation will be the dimer endpoint before rotation
dl-find/turbomole/=============================== Tstep:  123.2 Ttot:26646.2 ==
eandg
Spin: 
 Energy calculation finished, energy: -2.138685388E+03
Curvature at dimer midpoint                   -0.00293
Predicted dimer rotation angle:      5.593 deg
Next calculation will be the dimer endpoint after rotation
dl-find/turbomole/=============================== Tstep:  104.1 Ttot:26750.3 ==
eandg
Spin: 
 Energy calculation finished, energy: -2.138685388E+03
Curvature at dimer midpoint after rotation    -0.00163
Curvature at dimer minimum                    -0.00293
Actual dimer rotation angle:         0.223 deg
Dimer rotation converged after    1 steps
Writing TS-mode
Curvature after dimer rotation:               -0.00293
Frequency of transition mode  -278.126 cm^-1 (negative value denotes imaginary frequency)
Crossover temperature for tunnelling       63.68759 K
Restarting L-BFGS optimiser, instance: dimer rotation
Next calculation will be the dimer  midpoint
dl-find/turbomole/=============================== Tstep:   77.0 Ttot:26827.4 ==
eandg
Spin: 
 Energy calculation finished, energy: -2.138685409E+03
Testing convergence of dimer midpoint in cycle   87
    Energy  2.0699E-05 Target: 1.0000E-06 converged?   no
  Max step  3.9171E-02 Target: 1.8000E-03 converged?   no component    15
  RMS step  7.8702E-03 Target: 1.2000E-03 converged?   no
  Max grad  4.2959E-04 Target: 4.5000E-04 converged?  yes component    99
  RMS grad  9.5058E-05 Target: 3.0000E-04 converged?  yes
Next calculation will be the dimer endpoint before rotation
dl-find/turbomole/=============================== Tstep:  113.2 Ttot:26940.5 ==
eandg
Spin: 
 Energy calculation finished, energy: -2.138685408E+03
Curvature at dimer midpoint                   -0.00288
Predicted dimer rotation angle:      6.245 deg
Next calculation will be the dimer endpoint after rotation
dl-find/turbomole/=============================== Tstep:  103.0 Ttot:27043.5 ==
eandg
Spin: 
 Energy calculation finished, energy: -2.138685408E+03
Curvature at dimer midpoint after rotation     0.00046
Curvature at dimer minimum                    -0.00288
Actual dimer rotation angle:         0.124 deg
Dimer rotation converged after    1 steps
Writing TS-mode
Curvature after dimer rotation:               -0.00288
Frequency of transition mode  -275.877 cm^-1 (negative value denotes imaginary frequency)
Crossover temperature for tunnelling       63.17268 K
Restarting L-BFGS optimiser, instance: dimer rotation
Next calculation will be the dimer  midpoint
dl-find/turbomole/=============================== Tstep:   86.1 Ttot:27129.7 ==
eandg
Spin: 
 Energy calculation finished, energy: -2.138685425E+03
Testing convergence of dimer midpoint in cycle   88
    Energy  1.5552E-05 Target: 1.0000E-06 converged?   no
  Max step  4.6067E-02 Target: 1.8000E-03 converged?   no component    15
  RMS step  1.0605E-02 Target: 1.2000E-03 converged?   no
  Max grad  4.7190E-04 Target: 4.5000E-04 converged?   no component   248
  RMS grad  1.0484E-04 Target: 3.0000E-04 converged?  yes
Next calculation will be the dimer endpoint before rotation
dl-find/turbomole/=============================== Tstep:  123.0 Ttot:27252.7 ==
eandg
Spin: 
 Energy calculation finished, energy: -2.138685424E+03
Curvature at dimer midpoint                   -0.00289
Predicted dimer rotation angle:      4.265 deg
Next calculation will be the dimer endpoint after rotation
dl-find/turbomole/=============================== Tstep:  104.8 Ttot:27357.5 ==
eandg
Spin: 
 Energy calculation finished, energy: -2.138685424E+03
Curvature at dimer midpoint after rotation    -0.00198
Curvature at dimer minimum                    -0.00289
Actual dimer rotation angle:         0.142 deg
Dimer rotation converged after    1 steps
Writing TS-mode
Curvature after dimer rotation:               -0.00289
Frequency of transition mode  -276.324 cm^-1 (negative value denotes imaginary frequency)
Crossover temperature for tunnelling       63.27491 K
Restarting L-BFGS optimiser, instance: dimer rotation
Next calculation will be the dimer  midpoint
dl-find/turbomole/=============================== Tstep:   80.0 Ttot:27437.5 ==
eandg
Spin: 
 Energy calculation finished, energy: -2.138685444E+03
Testing convergence of dimer midpoint in cycle   89
    Energy  1.8637E-05 Target: 1.0000E-06 converged?   no
  Max step  5.4987E-02 Target: 1.8000E-03 converged?   no component    15
  RMS step  1.2143E-02 Target: 1.2000E-03 converged?   no
  Max grad  4.5706E-04 Target: 4.5000E-04 converged?   no component    45
  RMS grad  1.2016E-04 Target: 3.0000E-04 converged?  yes
Next calculation will be the dimer endpoint before rotation
dl-find/turbomole/=============================== Tstep:   99.9 Ttot:27537.4 ==
eandg
Spin: 
 Energy calculation finished, energy: -2.138685440E+03
Curvature at dimer midpoint                   -0.00291
Predicted dimer rotation angle:      5.439 deg
Next calculation will be the dimer endpoint after rotation
dl-find/turbomole/=============================== Tstep:  103.9 Ttot:27641.3 ==
eandg
Spin: 
 Energy calculation finished, energy: -2.138685439E+03
Curvature at dimer midpoint after rotation    -0.00124
Curvature at dimer minimum                    -0.00291
Actual dimer rotation angle:         0.162 deg
Dimer rotation converged after    1 steps
Writing TS-mode
Curvature after dimer rotation:               -0.00291
Frequency of transition mode  -277.429 cm^-1 (negative value denotes imaginary frequency)
Crossover temperature for tunnelling       63.52801 K
Restarting L-BFGS optimiser, instance: dimer rotation
Next calculation will be the dimer  midpoint
dl-find/turbomole/=============================== Tstep:   85.3 Ttot:27726.6 ==
eandg
Spin: 
 Energy calculation finished, energy: -2.138685469E+03
Testing convergence of dimer midpoint in cycle   90
    Energy  2.4970E-05 Target: 1.0000E-06 converged?   no
  Max step  1.0497E-01 Target: 1.8000E-03 converged?   no component    15
  RMS step  2.3493E-02 Target: 1.2000E-03 converged?   no
  Max grad  7.3419E-04 Target: 4.5000E-04 converged?   no component    84
  RMS grad  1.7290E-04 Target: 3.0000E-04 converged?  yes
Next calculation will be the dimer endpoint before rotation
dl-find/turbomole/=============================== Tstep:  114.9 Ttot:27841.4 ==
eandg
Spin: 
 Energy calculation finished, energy: -2.138685468E+03
Curvature at dimer midpoint                   -0.00305
Predicted dimer rotation angle:      4.698 deg
Next calculation will be the dimer endpoint after rotation
dl-find/turbomole/=============================== Tstep:  105.3 Ttot:27946.8 ==
eandg
Spin: 
 Energy calculation finished, energy: -2.138685468E+03
Curvature at dimer midpoint after rotation    -0.00193
Curvature at dimer minimum                    -0.00306
Actual dimer rotation angle:         0.161 deg
Dimer rotation converged after    1 steps
Writing TS-mode
Curvature after dimer rotation:               -0.00306
Frequency of transition mode  -284.136 cm^-1 (negative value denotes imaginary frequency)
Crossover temperature for tunnelling       65.06379 K
Restarting L-BFGS optimiser, instance: dimer rotation
Next calculation will be the dimer  midpoint
dl-find/turbomole/=============================== Tstep:   85.5 Ttot:28032.2 ==
eandg
Spin: 
 Energy calculation finished, energy: -2.138685491E+03
Testing convergence of dimer midpoint in cycle   91
    Energy  2.2099E-05 Target: 1.0000E-06 converged?   no
  Max step  2.9517E-02 Target: 1.8000E-03 converged?   no component    15
  RMS step  6.1248E-03 Target: 1.2000E-03 converged?   no
  Max grad  3.6595E-04 Target: 4.5000E-04 converged?  yes component   247
  RMS grad  1.0101E-04 Target: 3.0000E-04 converged?  yes
Next calculation will be the dimer endpoint before rotation
dl-find/turbomole/=============================== Tstep:  110.4 Ttot:28142.7 ==
eandg
Spin: 
 Energy calculation finished, energy: -2.138685490E+03
Curvature at dimer midpoint                   -0.00310
Predicted dimer rotation angle:      4.662 deg
Next calculation will be the dimer endpoint after rotation
dl-find/turbomole/=============================== Tstep:  103.3 Ttot:28246.0 ==
eandg
Spin: 
 Energy calculation finished, energy: -2.138685491E+03
Curvature at dimer midpoint after rotation    -0.00137
Curvature at dimer minimum                    -0.00310
Actual dimer rotation angle:         0.106 deg
Dimer rotation converged after    1 steps
Writing TS-mode
Curvature after dimer rotation:               -0.00310
Frequency of transition mode  -286.413 cm^-1 (negative value denotes imaginary frequency)
Crossover temperature for tunnelling       65.58525 K
Restarting L-BFGS optimiser, instance: dimer rotation
Next calculation will be the dimer  midpoint
dl-find/turbomole/=============================== Tstep:   85.9 Ttot:28331.9 ==
eandg
Spin: 
 Energy calculation finished, energy: -2.138685504E+03
Testing convergence of dimer midpoint in cycle   92
    Energy  1.2933E-05 Target: 1.0000E-06 converged?   no
  Max step  2.7129E-02 Target: 1.8000E-03 converged?   no component    15
  RMS step  5.6298E-03 Target: 1.2000E-03 converged?   no
  Max grad  4.0958E-04 Target: 4.5000E-04 converged?  yes component    84
  RMS grad  1.0284E-04 Target: 3.0000E-04 converged?  yes
Next calculation will be the dimer endpoint before rotation
dl-find/turbomole/=============================== Tstep:  110.9 Ttot:28442.8 ==
eandg
Spin: 
 Energy calculation finished, energy: -2.138685503E+03
Curvature at dimer midpoint                   -0.00311
Predicted dimer rotation angle:      3.327 deg
Next calculation will be the dimer endpoint after rotation
dl-find/turbomole/=============================== Tstep:  104.2 Ttot:28547.0 ==
eandg
Spin: 
 Energy calculation finished, energy: -2.138685503E+03
Curvature at dimer midpoint after rotation    -0.00261
Curvature at dimer minimum                    -0.00311
Actual dimer rotation angle:         0.127 deg
Dimer rotation converged after    1 steps
Writing TS-mode
Curvature after dimer rotation:               -0.00311
Frequency of transition mode  -286.836 cm^-1 (negative value denotes imaginary frequency)
Crossover temperature for tunnelling       65.68224 K
Restarting L-BFGS optimiser, instance: dimer rotation
Next calculation will be the dimer  midpoint
dl-find/turbomole/=============================== Tstep:   79.7 Ttot:28626.7 ==
eandg
Spin: 
 Energy calculation finished, energy: -2.138685528E+03
Testing convergence of dimer midpoint in cycle   93
    Energy  2.4489E-05 Target: 1.0000E-06 converged?   no
  Max step  4.7846E-02 Target: 1.8000E-03 converged?   no component    15
  RMS step  8.7748E-03 Target: 1.2000E-03 converged?   no
  Max grad  7.0849E-04 Target: 4.5000E-04 converged?   no component    84
  RMS grad  1.4762E-04 Target: 3.0000E-04 converged?  yes
Next calculation will be the dimer endpoint before rotation
dl-find/turbomole/=============================== Tstep:  115.5 Ttot:28742.2 ==
eandg
Spin: 
 Energy calculation finished, energy: -2.138685528E+03
Curvature at dimer midpoint                   -0.00310
Predicted dimer rotation angle:      4.331 deg
Next calculation will be the dimer endpoint after rotation
dl-find/turbomole/=============================== Tstep:  105.6 Ttot:28847.8 ==
eandg
Spin: 
 Energy calculation finished, energy: -2.138685528E+03
Curvature at dimer midpoint after rotation    -0.00136
Curvature at dimer minimum                    -0.00310
Actual dimer rotation angle:         0.085 deg
Dimer rotation converged after    1 steps
Writing TS-mode
Curvature after dimer rotation:               -0.00310
Frequency of transition mode  -286.397 cm^-1 (negative value denotes imaginary frequency)
Crossover temperature for tunnelling       65.58150 K
Restarting L-BFGS optimiser, instance: dimer rotation
Next calculation will be the dimer  midpoint
dl-find/turbomole/=============================== Tstep:   80.4 Ttot:28928.2 ==
eandg
Spin: 
 Energy calculation finished, energy: -2.138685543E+03
Testing convergence of dimer midpoint in cycle   94
    Energy  1.4845E-05 Target: 1.0000E-06 converged?   no
  Max step  6.9213E-02 Target: 1.8000E-03 converged?   no component    15
  RMS step  1.3338E-02 Target: 1.2000E-03 converged?   no
  Max grad  7.6004E-04 Target: 4.5000E-04 converged?   no component    48
  RMS grad  1.7880E-04 Target: 3.0000E-04 converged?  yes
Next calculation will be the dimer endpoint before rotation
dl-find/turbomole/=============================== Tstep:  121.6 Ttot:29049.8 ==
eandg
Spin: 
 Energy calculation finished, energy: -2.138685545E+03
Curvature at dimer midpoint                   -0.00317
Predicted dimer rotation angle:      8.034 deg
Next calculation will be the dimer endpoint after rotation
dl-find/turbomole/=============================== Tstep:  104.0 Ttot:29153.8 ==
eandg
Spin: 
 Energy calculation finished, energy: -2.138685545E+03
Curvature at dimer midpoint after rotation    -0.00108
Curvature at dimer minimum                    -0.00317
Actual dimer rotation angle:         0.437 deg
Dimer rotation converged after    1 steps
Writing TS-mode
Curvature after dimer rotation:               -0.00317
Frequency of transition mode  -289.543 cm^-1 (negative value denotes imaginary frequency)
Crossover temperature for tunnelling       66.30193 K
Restarting L-BFGS optimiser, instance: dimer rotation
Next calculation will be the dimer  midpoint
dl-find/turbomole/=============================== Tstep:   89.3 Ttot:29243.1 ==
eandg
Spin: 
 Energy calculation finished, energy: -2.138685562E+03
Testing convergence of dimer midpoint in cycle   95
    Energy  1.9587E-05 Target: 1.0000E-06 converged?   no
  Max step  2.3615E-02 Target: 1.8000E-03 converged?   no component    15
  RMS step  4.7453E-03 Target: 1.2000E-03 converged?   no
  Max grad  3.6832E-04 Target: 4.5000E-04 converged?  yes component    43
  RMS grad  9.2264E-05 Target: 3.0000E-04 converged?  yes
Next calculation will be the dimer endpoint before rotation
dl-find/turbomole/=============================== Tstep:  111.1 Ttot:29354.2 ==
eandg
Spin: 
 Energy calculation finished, energy: -2.138685562E+03
Curvature at dimer midpoint                   -0.00306
Predicted dimer rotation angle:     11.053 deg
Next calculation will be the dimer endpoint after rotation
dl-find/turbomole/=============================== Tstep:  105.1 Ttot:29459.3 ==
eandg
Spin: 
 Energy calculation finished, energy: -2.138685562E+03
Curvature at dimer midpoint after rotation     0.00835
Curvature at dimer minimum                    -0.00306
Actual dimer rotation angle:         0.220 deg
Dimer rotation converged after    1 steps
Writing TS-mode
Curvature after dimer rotation:               -0.00306
Frequency of transition mode  -284.391 cm^-1 (negative value denotes imaginary frequency)
Crossover temperature for tunnelling       65.12231 K
Restarting L-BFGS optimiser, instance: dimer rotation
Next calculation will be the dimer  midpoint
dl-find/turbomole/=============================== Tstep:   95.6 Ttot:29554.9 ==
eandg
Spin: 
 Energy calculation finished, energy: -2.138685583E+03
Testing convergence of dimer midpoint in cycle   96
    Energy  2.0223E-05 Target: 1.0000E-06 converged?   no
  Max step  2.8684E-02 Target: 1.8000E-03 converged?   no component    15
  RMS step  5.0277E-03 Target: 1.2000E-03 converged?   no
  Max grad  3.4777E-04 Target: 4.5000E-04 converged?  yes component    48
  RMS grad  9.1719E-05 Target: 3.0000E-04 converged?  yes
Next calculation will be the dimer endpoint before rotation
dl-find/turbomole/=============================== Tstep:  116.9 Ttot:29671.8 ==
eandg
Spin: 
 Energy calculation finished, energy: -2.138685582E+03
Curvature at dimer midpoint                   -0.00299
Predicted dimer rotation angle:      5.064 deg
Next calculation will be the dimer endpoint after rotation
dl-find/turbomole/=============================== Tstep:  107.8 Ttot:29779.6 ==
eandg
Spin: 
 Energy calculation finished, energy: -2.138685582E+03
Curvature at dimer midpoint after rotation    -0.00185
Curvature at dimer minimum                    -0.00299
Actual dimer rotation angle:         0.194 deg
Dimer rotation converged after    1 steps
Writing TS-mode
Curvature after dimer rotation:               -0.00299
Frequency of transition mode  -280.986 cm^-1 (negative value denotes imaginary frequency)
Crossover temperature for tunnelling       64.34251 K
Restarting L-BFGS optimiser, instance: dimer rotation
Next calculation will be the dimer  midpoint
dl-find/turbomole/=============================== Tstep:   76.5 Ttot:29856.2 ==
eandg
Spin: 
 Energy calculation finished, energy: -2.138685581E+03
Testing convergence of dimer midpoint in cycle   97
    Energy  2.0970E-06 Target: 1.0000E-06 converged?   no
  Max step  5.1432E-02 Target: 1.8000E-03 converged?   no component    15
  RMS step  9.7019E-03 Target: 1.2000E-03 converged?   no
  Max grad  4.6733E-04 Target: 4.5000E-04 converged?   no component    48
  RMS grad  1.0408E-04 Target: 3.0000E-04 converged?  yes
Next calculation will be the dimer endpoint before rotation
dl-find/turbomole/=============================== Tstep:  117.0 Ttot:29973.2 ==
eandg
Spin: 
 Energy calculation finished, energy: -2.138685580E+03
Curvature at dimer midpoint                   -0.00297
Predicted dimer rotation angle:      5.463 deg
Next calculation will be the dimer endpoint after rotation
dl-find/turbomole/=============================== Tstep:  105.5 Ttot:30078.6 ==
eandg
Spin: 
 Energy calculation finished, energy: -2.138685580E+03
Curvature at dimer midpoint after rotation    -0.00007
Curvature at dimer minimum                    -0.00297
Actual dimer rotation angle:         0.099 deg
Dimer rotation converged after    1 steps
Writing TS-mode
Curvature after dimer rotation:               -0.00297
Frequency of transition mode  -280.228 cm^-1 (negative value denotes imaginary frequency)
Crossover temperature for tunnelling       64.16895 K
Restarting L-BFGS optimiser, instance: dimer rotation
Next calculation will be the dimer  midpoint
dl-find/turbomole/=============================== Tstep:   89.7 Ttot:30168.3 ==
eandg
Spin: 
 Energy calculation finished, energy: -2.138685601E+03
Testing convergence of dimer midpoint in cycle   98
    Energy  2.0157E-05 Target: 1.0000E-06 converged?   no
  Max step  8.2153E-02 Target: 1.8000E-03 converged?   no component    15
  RMS step  1.5023E-02 Target: 1.2000E-03 converged?   no
  Max grad  1.2741E-03 Target: 4.5000E-04 converged?   no component    49
  RMS grad  2.9136E-04 Target: 3.0000E-04 converged?  yes
Next calculation will be the dimer endpoint before rotation
dl-find/turbomole/=============================== Tstep:  127.6 Ttot:30295.9 ==
eandg
Spin: 
 Energy calculation finished, energy: -2.138685600E+03
Curvature at dimer midpoint                   -0.00290
Predicted dimer rotation angle:      3.337 deg
Next calculation will be the dimer endpoint after rotation
dl-find/turbomole/=============================== Tstep:  104.2 Ttot:30400.2 ==
eandg
Spin: 
 Energy calculation finished, energy: -2.138685600E+03
Curvature at dimer midpoint after rotation    -0.00242
Curvature at dimer minimum                    -0.00290
Actual dimer rotation angle:         0.126 deg
Dimer rotation converged after    1 steps
Writing TS-mode
Curvature after dimer rotation:               -0.00290
Frequency of transition mode  -276.864 cm^-1 (negative value denotes imaginary frequency)
Crossover temperature for tunnelling       63.39875 K
Restarting L-BFGS optimiser, instance: dimer rotation
Next calculation will be the dimer  midpoint
dl-find/turbomole/=============================== Tstep:   74.7 Ttot:30474.8 ==
eandg
Spin: 
 Energy calculation finished, energy: -2.138685631E+03
Testing convergence of dimer midpoint in cycle   99
    Energy  2.9898E-05 Target: 1.0000E-06 converged?   no
  Max step  3.9194E-02 Target: 1.8000E-03 converged?   no component    15
  RMS step  9.2354E-03 Target: 1.2000E-03 converged?   no
  Max grad  3.7491E-04 Target: 4.5000E-04 converged?  yes component    50
  RMS grad  9.6090E-05 Target: 3.0000E-04 converged?  yes
Next calculation will be the dimer endpoint before rotation
dl-find/turbomole/=============================== Tstep:  121.3 Ttot:30596.1 ==
eandg
Spin: 
 Energy calculation finished, energy: -2.138685630E+03
Curvature at dimer midpoint                   -0.00293
Predicted dimer rotation angle:      3.958 deg
Next calculation will be the dimer endpoint after rotation
dl-find/turbomole/=============================== Tstep:  104.4 Ttot:30700.6 ==
eandg
Spin: 
 Energy calculation finished, energy: -2.138685630E+03
Curvature at dimer midpoint after rotation    -0.00149
Curvature at dimer minimum                    -0.00293
Actual dimer rotation angle:         0.074 deg
Dimer rotation converged after    1 steps
Writing TS-mode
Curvature after dimer rotation:               -0.00293
Frequency of transition mode  -278.091 cm^-1 (negative value denotes imaginary frequency)
Crossover temperature for tunnelling       63.67970 K
Restarting L-BFGS optimiser, instance: dimer rotation
Next calculation will be the dimer  midpoint
dl-find/turbomole/=============================== Tstep:   76.4 Ttot:30777.0 ==
eandg
Spin: 
 Energy calculation finished, energy: -2.138685638E+03
Testing convergence of dimer midpoint in cycle  100
    Energy  7.3910E-06 Target: 1.0000E-06 converged?   no
  Max step  3.0704E-02 Target: 1.8000E-03 converged?   no component    15
  RMS step  6.1592E-03 Target: 1.2000E-03 converged?   no
  Max grad  2.4734E-04 Target: 4.5000E-04 converged?  yes component    66
  RMS grad  7.9193E-05 Target: 3.0000E-04 converged?  yes
Next calculation will be the dimer endpoint before rotation
dl-find/turbomole/=============================== Tstep:  114.4 Ttot:30891.4 ==
eandg
Spin: 
 Energy calculation finished, energy: -2.138685638E+03
Curvature at dimer midpoint                   -0.00295
Predicted dimer rotation angle:      2.375 deg
Next calculation will be the dimer endpoint after rotation
dl-find/turbomole/=============================== Tstep:  105.1 Ttot:30996.4 ==
eandg
Spin: 
 Energy calculation finished, energy: -2.138685638E+03
Curvature at dimer midpoint after rotation    -0.00272
Curvature at dimer minimum                    -0.00295
Actual dimer rotation angle:         0.098 deg
Dimer rotation converged after    1 steps
Writing TS-mode
Curvature after dimer rotation:               -0.00295
Frequency of transition mode  -279.026 cm^-1 (negative value denotes imaginary frequency)
Crossover temperature for tunnelling       63.89374 K
Restarting L-BFGS optimiser, instance: dimer rotation
Next calculation will be the dimer  midpoint
dl-find/turbomole/=============================== Tstep:   59.2 Ttot:31055.6 ==
eandg
Spin: 
 Energy calculation finished, energy: -2.138685621E+03
Testing convergence of dimer midpoint in cycle  101
    Energy  1.7101E-05 Target: 1.0000E-06 converged?   no
  Max step  2.7677E-02 Target: 1.8000E-03 converged?   no component    12
  RMS step  6.9450E-03 Target: 1.2000E-03 converged?   no
  Max grad  7.3937E-04 Target: 4.5000E-04 converged?   no component    47
  RMS grad  1.4991E-04 Target: 3.0000E-04 converged?  yes
Next calculation will be the dimer endpoint before rotation
dl-find/turbomole/=============================== Tstep:  116.0 Ttot:31171.6 ==
eandg
Spin: 
 Energy calculation finished, energy: -2.138685620E+03
Curvature at dimer midpoint                   -0.00305
Predicted dimer rotation angle:      4.090 deg
Next calculation will be the dimer endpoint after rotation
dl-find/turbomole/=============================== Tstep:  104.0 Ttot:31275.7 ==
eandg
Spin: 
 Energy calculation finished, energy: -2.138685620E+03
Curvature at dimer midpoint after rotation    -0.00142
Curvature at dimer minimum                    -0.00305
Actual dimer rotation angle:         0.076 deg
Dimer rotation converged after    1 steps
Writing TS-mode
Curvature after dimer rotation:               -0.00305
Frequency of transition mode  -283.776 cm^-1 (negative value denotes imaginary frequency)
Crossover temperature for tunnelling       64.98135 K
Restarting L-BFGS optimiser, instance: dimer rotation
Next calculation will be the dimer  midpoint
dl-find/turbomole/=============================== Tstep:   78.9 Ttot:31354.5 ==
eandg
Spin: 
 Energy calculation finished, energy: -2.138685646E+03
Testing convergence of dimer midpoint in cycle  102
    Energy  2.4817E-05 Target: 1.0000E-06 converged?   no
  Max step  3.6205E-02 Target: 1.8000E-03 converged?   no component    11
  RMS step  8.5061E-03 Target: 1.2000E-03 converged?   no
  Max grad  6.4576E-04 Target: 4.5000E-04 converged?   no component    54
  RMS grad  1.4008E-04 Target: 3.0000E-04 converged?  yes
Next calculation will be the dimer endpoint before rotation
dl-find/turbomole/=============================== Tstep:  112.6 Ttot:31467.1 ==
eandg
Spin: 
 Energy calculation finished, energy: -2.138685649E+03
Curvature at dimer midpoint                   -0.00301
Predicted dimer rotation angle:      8.026 deg
Next calculation will be the dimer endpoint after rotation
dl-find/turbomole/=============================== Tstep:  108.0 Ttot:31575.1 ==
eandg
Spin: 
 Energy calculation finished, energy: -2.138685645E+03
Curvature at dimer midpoint after rotation     0.00077
Curvature at dimer minimum                    -0.00301
Actual dimer rotation angle:         0.241 deg
Dimer rotation converged after    1 steps
Writing TS-mode
Curvature after dimer rotation:               -0.00301
Frequency of transition mode  -282.033 cm^-1 (negative value denotes imaginary frequency)
Crossover temperature for tunnelling       64.58227 K
Restarting L-BFGS optimiser, instance: dimer rotation
Next calculation will be the dimer  midpoint
dl-find/turbomole/=============================== Tstep:   83.0 Ttot:31658.1 ==
eandg
Spin: 
 Energy calculation finished, energy: -2.138685656E+03
Testing convergence of dimer midpoint in cycle  103
    Energy  9.8010E-06 Target: 1.0000E-06 converged?   no
  Max step  4.9345E-02 Target: 1.8000E-03 converged?   no component    15
  RMS step  1.0558E-02 Target: 1.2000E-03 converged?   no
  Max grad  4.9251E-04 Target: 4.5000E-04 converged?   no component    54
  RMS grad  1.0597E-04 Target: 3.0000E-04 converged?  yes
Next calculation will be the dimer endpoint before rotation
dl-find/turbomole/=============================== Tstep:  105.2 Ttot:31763.3 ==
eandg
Spin: 
 Energy calculation finished, energy: -2.138685659E+03
Curvature at dimer midpoint                   -0.00295
Predicted dimer rotation angle:      7.164 deg
Next calculation will be the dimer endpoint after rotation
dl-find/turbomole/=============================== Tstep:  103.8 Ttot:31867.1 ==
eandg
Spin: 
 Energy calculation finished, energy: -2.138685655E+03
Curvature at dimer midpoint after rotation     0.00130
Curvature at dimer minimum                    -0.00295
Actual dimer rotation angle:         0.151 deg
Dimer rotation converged after    1 steps
Writing TS-mode
Curvature after dimer rotation:               -0.00295
Frequency of transition mode  -279.188 cm^-1 (negative value denotes imaginary frequency)
Crossover temperature for tunnelling       63.93074 K
Restarting L-BFGS optimiser, instance: dimer rotation
Next calculation will be the dimer  midpoint
dl-find/turbomole/=============================== Tstep:   91.6 Ttot:31958.7 ==
eandg
Spin: 
 Energy calculation finished, energy: -2.138685685E+03
Testing convergence of dimer midpoint in cycle  104
    Energy  2.9772E-05 Target: 1.0000E-06 converged?   no
  Max step  5.4118E-02 Target: 1.8000E-03 converged?   no component    15
  RMS step  1.1526E-02 Target: 1.2000E-03 converged?   no
  Max grad  6.1029E-04 Target: 4.5000E-04 converged?   no component    79
  RMS grad  1.1660E-04 Target: 3.0000E-04 converged?  yes
Next calculation will be the dimer endpoint before rotation
dl-find/turbomole/=============================== Tstep:  119.7 Ttot:32078.4 ==
eandg
Spin: 
 Energy calculation finished, energy: -2.138685684E+03
Curvature at dimer midpoint                   -0.00296
Predicted dimer rotation angle:      3.903 deg
Next calculation will be the dimer endpoint after rotation
dl-find/turbomole/=============================== Tstep:  103.5 Ttot:32181.9 ==
eandg
Spin: 
 Energy calculation finished, energy: -2.138685685E+03
Curvature at dimer midpoint after rotation    -0.00251
Curvature at dimer minimum                    -0.00296
Actual dimer rotation angle:         0.214 deg
Dimer rotation converged after    1 steps
Writing TS-mode
Curvature after dimer rotation:               -0.00296
Frequency of transition mode  -279.668 cm^-1 (negative value denotes imaginary frequency)
Crossover temperature for tunnelling       64.04065 K
Restarting L-BFGS optimiser, instance: dimer rotation
Next calculation will be the dimer  midpoint
dl-find/turbomole/=============================== Tstep:   79.3 Ttot:32261.3 ==
eandg
Spin: 
 Energy calculation finished, energy: -2.138685698E+03
Testing convergence of dimer midpoint in cycle  105
    Energy  1.3067E-05 Target: 1.0000E-06 converged?   no
  Max step  6.1188E-02 Target: 1.8000E-03 converged?   no component    15
  RMS step  1.2981E-02 Target: 1.2000E-03 converged?   no
  Max grad  6.7177E-04 Target: 4.5000E-04 converged?   no component   244
  RMS grad  1.2774E-04 Target: 3.0000E-04 converged?  yes
Next calculation will be the dimer endpoint before rotation
dl-find/turbomole/=============================== Tstep:  114.0 Ttot:32375.2 ==
eandg
Spin: 
 Energy calculation finished, energy: -2.138685697E+03
Curvature at dimer midpoint                   -0.00294
Predicted dimer rotation angle:      3.791 deg
Next calculation will be the dimer endpoint after rotation
dl-find/turbomole/=============================== Tstep:  107.3 Ttot:32482.5 ==
eandg
Spin: 
 Energy calculation finished, energy: -2.138685697E+03
Curvature at dimer midpoint after rotation    -0.00176
Curvature at dimer minimum                    -0.00294
Actual dimer rotation angle:         0.080 deg
Dimer rotation converged after    1 steps
Writing TS-mode
Curvature after dimer rotation:               -0.00294
Frequency of transition mode  -278.598 cm^-1 (negative value denotes imaginary frequency)
Crossover temperature for tunnelling       63.79570 K
Restarting L-BFGS optimiser, instance: dimer rotation
Next calculation will be the dimer  midpoint
dl-find/turbomole/=============================== Tstep:   84.2 Ttot:32566.7 ==
eandg
Spin: 
 Energy calculation finished, energy: -2.138685628E+03
Testing convergence of dimer midpoint in cycle  106
    Energy  7.0468E-05 Target: 1.0000E-06 converged?   no
  Max step  6.8989E-02 Target: 1.8000E-03 converged?   no component    15
  RMS step  1.4184E-02 Target: 1.2000E-03 converged?   no
  Max grad  3.2085E-04 Target: 4.5000E-04 converged?  yes component    91
  RMS grad  9.7380E-05 Target: 3.0000E-04 converged?  yes
Next calculation will be the dimer endpoint before rotation
dl-find/turbomole/=============================== Tstep:  118.6 Ttot:32685.3 ==
eandg
Spin: 
 Energy calculation finished, energy: -2.138685624E+03
Curvature at dimer midpoint                   -0.00288
Predicted dimer rotation angle:      3.345 deg
Next calculation will be the dimer endpoint after rotation
dl-find/turbomole/=============================== Tstep:  105.0 Ttot:32790.3 ==
eandg
Spin: 
 Energy calculation finished, energy: -2.138685624E+03
Curvature at dimer midpoint after rotation    -0.00236
Curvature at dimer minimum                    -0.00288
Actual dimer rotation angle:         0.118 deg
Dimer rotation converged after    1 steps
Writing TS-mode
Curvature after dimer rotation:               -0.00288
Frequency of transition mode  -275.940 cm^-1 (negative value denotes imaginary frequency)
Crossover temperature for tunnelling       63.18707 K
Restarting L-BFGS optimiser, instance: dimer rotation
Next calculation will be the dimer  midpoint
dl-find/turbomole/=============================== Tstep:   76.9 Ttot:32867.2 ==
eandg
Spin: 
 Energy calculation finished, energy: -2.138685704E+03
Testing convergence of dimer midpoint in cycle  107
    Energy  7.6093E-05 Target: 1.0000E-06 converged?   no
  Max step  6.1748E-02 Target: 1.8000E-03 converged?   no component    15
  RMS step  1.2695E-02 Target: 1.2000E-03 converged?   no
  Max grad  8.9425E-04 Target: 4.5000E-04 converged?   no component   244
  RMS grad  1.3072E-04 Target: 3.0000E-04 converged?  yes
Next calculation will be the dimer endpoint before rotation
dl-find/turbomole/=============================== Tstep:  115.9 Ttot:32983.1 ==
eandg
Spin: 
 Energy calculation finished, energy: -2.138685703E+03
Curvature at dimer midpoint                   -0.00289
Predicted dimer rotation angle:      3.605 deg
Next calculation will be the dimer endpoint after rotation
dl-find/turbomole/=============================== Tstep:  104.7 Ttot:33087.8 ==
eandg
Spin: 
 Energy calculation finished, energy: -2.138685703E+03
Curvature at dimer midpoint after rotation    -0.00216
Curvature at dimer minimum                    -0.00289
Actual dimer rotation angle:         0.106 deg
Dimer rotation converged after    1 steps
Writing TS-mode
Curvature after dimer rotation:               -0.00289
Frequency of transition mode  -276.345 cm^-1 (negative value denotes imaginary frequency)
Crossover temperature for tunnelling       63.27973 K
Restarting L-BFGS optimiser, instance: dimer rotation
Next calculation will be the dimer  midpoint
dl-find/turbomole/=============================== Tstep:   75.5 Ttot:33163.3 ==
eandg
Spin: 
 Energy calculation finished, energy: -2.138685717E+03
Testing convergence of dimer midpoint in cycle  108
    Energy  1.2845E-05 Target: 1.0000E-06 converged?   no
  Max step  4.1106E-02 Target: 1.8000E-03 converged?   no component    15
  RMS step  8.3425E-03 Target: 1.2000E-03 converged?   no
  Max grad  9.7251E-04 Target: 4.5000E-04 converged?   no component   244
  RMS grad  1.6082E-04 Target: 3.0000E-04 converged?  yes
Next calculation will be the dimer endpoint before rotation
dl-find/turbomole/=============================== Tstep:  120.7 Ttot:33284.0 ==
eandg
Spin: 
 Energy calculation finished, energy: -2.138685713E+03
Curvature at dimer midpoint                   -0.00283
Predicted dimer rotation angle:      3.890 deg
Next calculation will be the dimer endpoint after rotation
dl-find/turbomole/=============================== Tstep:  104.1 Ttot:33388.1 ==
eandg
Spin: 
 Energy calculation finished, energy: -2.138685713E+03
Curvature at dimer midpoint after rotation    -0.00177
Curvature at dimer minimum                    -0.00283
Actual dimer rotation angle:         0.092 deg
Dimer rotation converged after    1 steps
Writing TS-mode
Curvature after dimer rotation:               -0.00283
Frequency of transition mode  -273.559 cm^-1 (negative value denotes imaginary frequency)
Crossover temperature for tunnelling       62.64180 K
Restarting L-BFGS optimiser, instance: dimer rotation
Next calculation will be the dimer  midpoint
dl-find/turbomole/=============================== Tstep:   76.6 Ttot:33464.7 ==
eandg
Spin: 
 Energy calculation finished, energy: -2.138685736E+03
Testing convergence of dimer midpoint in cycle  109
    Energy  1.8791E-05 Target: 1.0000E-06 converged?   no
  Max step  2.0870E-02 Target: 1.8000E-03 converged?   no component    15
  RMS step  4.7666E-03 Target: 1.2000E-03 converged?   no
  Max grad  5.1680E-04 Target: 4.5000E-04 converged?   no component   244
  RMS grad  9.9948E-05 Target: 3.0000E-04 converged?  yes
Next calculation will be the dimer endpoint before rotation
dl-find/turbomole/=============================== Tstep:  110.8 Ttot:33575.5 ==
eandg
Spin: 
 Energy calculation finished, energy: -2.138685734E+03
Curvature at dimer midpoint                   -0.00291
Predicted dimer rotation angle:      3.346 deg
Next calculation will be the dimer endpoint after rotation
dl-find/turbomole/=============================== Tstep:  104.8 Ttot:33680.3 ==
eandg
Spin: 
 Energy calculation finished, energy: -2.138685734E+03
Curvature at dimer midpoint after rotation    -0.00196
Curvature at dimer minimum                    -0.00291
Actual dimer rotation angle:         0.067 deg
Dimer rotation converged after    1 steps
Writing TS-mode
Curvature after dimer rotation:               -0.00291
Frequency of transition mode  -277.173 cm^-1 (negative value denotes imaginary frequency)
Crossover temperature for tunnelling       63.46944 K
Restarting L-BFGS optimiser, instance: dimer rotation
Next calculation will be the dimer  midpoint
dl-find/turbomole/=============================== Tstep:   76.1 Ttot:33756.4 ==
eandg
Spin: 
 Energy calculation finished, energy: -2.138685753E+03
Testing convergence of dimer midpoint in cycle  110
    Energy  1.7557E-05 Target: 1.0000E-06 converged?   no
  Max step  9.2993E-03 Target: 1.8000E-03 converged?   no component   239
  RMS step  2.4817E-03 Target: 1.2000E-03 converged?   no
  Max grad  2.5451E-04 Target: 4.5000E-04 converged?  yes component    80
  RMS grad  8.1393E-05 Target: 3.0000E-04 converged?  yes
Next calculation will be the dimer endpoint before rotation
dl-find/turbomole/=============================== Tstep:  109.9 Ttot:33866.3 ==
eandg
Spin: 
 Energy calculation finished, energy: -2.138685752E+03
Curvature at dimer midpoint                   -0.00299
Predicted dimer rotation angle:      2.817 deg
Next calculation will be the dimer endpoint after rotation
dl-find/turbomole/=============================== Tstep:  105.8 Ttot:33972.1 ==
eandg
Spin: 
 Energy calculation finished, energy: -2.138685752E+03
Curvature at dimer midpoint after rotation    -0.00258
Curvature at dimer minimum                    -0.00299
Actual dimer rotation angle:         0.092 deg
Dimer rotation converged after    1 steps
Writing TS-mode
Curvature after dimer rotation:               -0.00299
Frequency of transition mode  -281.204 cm^-1 (negative value denotes imaginary frequency)
Crossover temperature for tunnelling       64.39253 K
Restarting L-BFGS optimiser, instance: dimer rotation
Next calculation will be the dimer  midpoint
dl-find/turbomole/=============================== Tstep:   79.7 Ttot:34051.8 ==
eandg
Spin: 
 Energy calculation finished, energy: -2.138685756E+03
Testing convergence of dimer midpoint in cycle  111
    Energy  2.5200E-06 Target: 1.0000E-06 converged?   no
  Max step  6.3394E-02 Target: 1.8000E-03 converged?   no component    15
  RMS step  1.2158E-02 Target: 1.2000E-03 converged?   no
  Max grad  3.8487E-04 Target: 4.5000E-04 converged?  yes component    47
  RMS grad  1.0434E-04 Target: 3.0000E-04 converged?  yes
Next calculation will be the dimer endpoint before rotation
dl-find/turbomole/=============================== Tstep:  115.1 Ttot:34166.9 ==
eandg
Spin: 
 Energy calculation finished, energy: -2.138685755E+03
Curvature at dimer midpoint                   -0.00299
Predicted dimer rotation angle:      2.726 deg
Next calculation will be the dimer endpoint after rotation
dl-find/turbomole/=============================== Tstep:  104.0 Ttot:34271.0 ==
eandg
Spin: 
 Energy calculation finished, energy: -2.138685755E+03
Curvature at dimer midpoint after rotation    -0.00243
Curvature at dimer minimum                    -0.00299
Actual dimer rotation angle:         0.063 deg
Dimer rotation converged after    1 steps
Writing TS-mode
Curvature after dimer rotation:               -0.00299
Frequency of transition mode  -281.219 cm^-1 (negative value denotes imaginary frequency)
Crossover temperature for tunnelling       64.39579 K
Restarting L-BFGS optimiser, instance: dimer rotation
Next calculation will be the dimer  midpoint
dl-find/turbomole/=============================== Tstep:   79.0 Ttot:34349.9 ==
eandg
Spin: 
 Energy calculation finished, energy: -2.138685764E+03
Testing convergence of dimer midpoint in cycle  112
    Energy  8.4890E-06 Target: 1.0000E-06 converged?   no
  Max step  7.3645E-02 Target: 1.8000E-03 converged?   no component    15
  RMS step  1.4572E-02 Target: 1.2000E-03 converged?   no
  Max grad  7.4188E-04 Target: 4.5000E-04 converged?   no component   244
  RMS grad  1.4308E-04 Target: 3.0000E-04 converged?  yes
Next calculation will be the dimer endpoint before rotation
dl-find/turbomole/=============================== Tstep:  121.5 Ttot:34471.4 ==
eandg
Spin: 
 Energy calculation finished, energy: -2.138685764E+03
Curvature at dimer midpoint                   -0.00305
Predicted dimer rotation angle:      3.242 deg
Next calculation will be the dimer endpoint after rotation
dl-find/turbomole/=============================== Tstep:  105.1 Ttot:34576.6 ==
eandg
Spin: 
 Energy calculation finished, energy: -2.138685764E+03
Curvature at dimer midpoint after rotation    -0.00229
Curvature at dimer minimum                    -0.00305
Actual dimer rotation angle:         0.079 deg
Dimer rotation converged after    1 steps
Writing TS-mode
Curvature after dimer rotation:               -0.00305
Frequency of transition mode  -283.817 cm^-1 (negative value denotes imaginary frequency)
Crossover temperature for tunnelling       64.99071 K
Restarting L-BFGS optimiser, instance: dimer rotation
Next calculation will be the dimer  midpoint
dl-find/turbomole/=============================== Tstep:   82.2 Ttot:34658.7 ==
eandg
Spin: 
 Energy calculation finished, energy: -2.138685800E+03
Testing convergence of dimer midpoint in cycle  113
    Energy  3.5936E-05 Target: 1.0000E-06 converged?   no
  Max step  2.6870E-02 Target: 1.8000E-03 converged?   no component    15
  RMS step  5.9907E-03 Target: 1.2000E-03 converged?   no
  Max grad  3.0427E-04 Target: 4.5000E-04 converged?  yes component    53
  RMS grad  8.3722E-05 Target: 3.0000E-04 converged?  yes
Next calculation will be the dimer endpoint before rotation
dl-find/turbomole/=============================== Tstep:  122.5 Ttot:34781.2 ==
eandg
Spin: 
 Energy calculation finished, energy: -2.138685800E+03
Curvature at dimer midpoint                   -0.00305
Predicted dimer rotation angle:      2.330 deg
Next calculation will be the dimer endpoint after rotation
dl-find/turbomole/=============================== Tstep:  104.7 Ttot:34886.0 ==
eandg
Spin: 
 Energy calculation finished, energy: -2.138685800E+03
Curvature at dimer midpoint after rotation    -0.00273
Curvature at dimer minimum                    -0.00305
Actual dimer rotation angle:         0.069 deg
Dimer rotation converged after    1 steps
Writing TS-mode
Curvature after dimer rotation:               -0.00305
Frequency of transition mode  -283.906 cm^-1 (negative value denotes imaginary frequency)
Crossover temperature for tunnelling       65.01108 K
Restarting L-BFGS optimiser, instance: dimer rotation
Next calculation will be the dimer  midpoint
dl-find/turbomole/=============================== Tstep:   69.1 Ttot:34955.1 ==
eandg
Spin: 
 Energy calculation finished, energy: -2.138685811E+03
Testing convergence of dimer midpoint in cycle  114
    Energy  1.1058E-05 Target: 1.0000E-06 converged?   no
  Max step  2.7568E-02 Target: 1.8000E-03 converged?   no component    15
  RMS step  5.1428E-03 Target: 1.2000E-03 converged?   no
  Max grad  2.4922E-04 Target: 4.5000E-04 converged?  yes component    61
  RMS grad  6.8368E-05 Target: 3.0000E-04 converged?  yes
Next calculation will be the dimer endpoint before rotation
dl-find/turbomole/=============================== Tstep:  112.7 Ttot:35067.7 ==
eandg
Spin: 
 Energy calculation finished, energy: -2.138685811E+03
Curvature at dimer midpoint                   -0.00303
Predicted dimer rotation angle:      2.262 deg
Next calculation will be the dimer endpoint after rotation
dl-find/turbomole/=============================== Tstep:  104.2 Ttot:35171.9 ==
eandg
Spin: 
 Energy calculation finished, energy: -2.138685811E+03
Curvature at dimer midpoint after rotation    -0.00268
Curvature at dimer minimum                    -0.00303
Actual dimer rotation angle:         0.058 deg
Dimer rotation converged after    1 steps
Writing TS-mode
Curvature after dimer rotation:               -0.00303
Frequency of transition mode  -282.880 cm^-1 (negative value denotes imaginary frequency)
Crossover temperature for tunnelling       64.77619 K
Restarting L-BFGS optimiser, instance: dimer rotation
Next calculation will be the dimer  midpoint
dl-find/turbomole/=============================== Tstep:   79.9 Ttot:35251.9 ==
eandg
Spin: 
 Energy calculation finished, energy: -2.138685813E+03
Testing convergence of dimer midpoint in cycle  115
    Energy  1.7140E-06 Target: 1.0000E-06 converged?   no
  Max step  9.2108E-03 Target: 1.8000E-03 converged?   no component   249
  RMS step  2.1359E-03 Target: 1.2000E-03 converged?   no
  Max grad  3.9289E-04 Target: 4.5000E-04 converged?  yes component    58
  RMS grad  7.8876E-05 Target: 3.0000E-04 converged?  yes
Next calculation will be the dimer endpoint before rotation
dl-find/turbomole/=============================== Tstep:  110.8 Ttot:35362.7 ==
eandg
Spin: 
 Energy calculation finished, energy: -2.138685812E+03
Curvature at dimer midpoint                   -0.00302
Predicted dimer rotation angle:      2.187 deg
Next calculation will be the dimer endpoint after rotation
dl-find/turbomole/=============================== Tstep:  104.6 Ttot:35467.3 ==
eandg
Spin: 
 Energy calculation finished, energy: -2.138685812E+03
Curvature at dimer midpoint after rotation    -0.00266
Curvature at dimer minimum                    -0.00302
Actual dimer rotation angle:         0.051 deg
Dimer rotation converged after    1 steps
Writing TS-mode
Curvature after dimer rotation:               -0.00302
Frequency of transition mode  -282.376 cm^-1 (negative value denotes imaginary frequency)
Crossover temperature for tunnelling       64.66082 K
Restarting L-BFGS optimiser, instance: dimer rotation
Next calculation will be the dimer  midpoint
dl-find/turbomole/=============================== Tstep:   74.5 Ttot:35541.8 ==
eandg
Spin: 
 Energy calculation finished, energy: -2.138685820E+03
Testing convergence of dimer midpoint in cycle  116
    Energy  6.9140E-06 Target: 1.0000E-06 converged?   no
  Max step  2.3815E-02 Target: 1.8000E-03 converged?   no component    15
  RMS step  5.5391E-03 Target: 1.2000E-03 converged?   no
  Max grad  4.8332E-04 Target: 4.5000E-04 converged?   no component    58
  RMS grad  8.2974E-05 Target: 3.0000E-04 converged?  yes
Next calculation will be the dimer endpoint before rotation
dl-find/turbomole/=============================== Tstep:  114.8 Ttot:35656.5 ==
eandg
Spin: 
 Energy calculation finished, energy: -2.138685819E+03
Curvature at dimer midpoint                   -0.00305
Predicted dimer rotation angle:      2.008 deg
Next calculation will be the dimer endpoint after rotation
dl-find/turbomole/=============================== Tstep:  104.4 Ttot:35761.0 ==
eandg
Spin: 
 Energy calculation finished, energy: -2.138685819E+03
Curvature at dimer midpoint after rotation    -0.00276
Curvature at dimer minimum                    -0.00305
Actual dimer rotation angle:         0.049 deg
Dimer rotation converged after    1 steps
Writing TS-mode
Curvature after dimer rotation:               -0.00305
Frequency of transition mode  -283.963 cm^-1 (negative value denotes imaginary frequency)
Crossover temperature for tunnelling       65.02429 K
Restarting L-BFGS optimiser, instance: dimer rotation
Next calculation will be the dimer  midpoint
dl-find/turbomole/=============================== Tstep:   74.8 Ttot:35835.8 ==
eandg
Spin: 
 Energy calculation finished, energy: -2.138685823E+03
Testing convergence of dimer midpoint in cycle  117
    Energy  2.8120E-06 Target: 1.0000E-06 converged?   no
  Max step  4.0693E-02 Target: 1.8000E-03 converged?   no component    15
  RMS step  8.0416E-03 Target: 1.2000E-03 converged?   no
  Max grad  2.6001E-04 Target: 4.5000E-04 converged?  yes component    53
  RMS grad  6.5284E-05 Target: 3.0000E-04 converged?  yes
Next calculation will be the dimer endpoint before rotation
dl-find/turbomole/=============================== Tstep:  111.7 Ttot:35947.5 ==
eandg
Spin: 
 Energy calculation finished, energy: -2.138685822E+03
Curvature at dimer midpoint                   -0.00307
Predicted dimer rotation angle:      1.875 deg
Dimer rotation converged after    0 steps
Writing TS-mode
Curvature after dimer rotation:               -0.00307
Frequency of transition mode  -284.747 cm^-1 (negative value denotes imaginary frequency)
Crossover temperature for tunnelling       65.20376 K
Restarting L-BFGS optimiser, instance: dimer rotation
Next calculation will be the dimer  midpoint
dl-find/turbomole/=============================== Tstep:  108.9 Ttot:36056.4 ==
eandg
Spin: 
 Energy calculation finished, energy: -2.138685833E+03
Testing convergence of dimer midpoint in cycle  118
    Energy  1.0068E-05 Target: 1.0000E-06 converged?   no
  Max step  1.1707E-02 Target: 1.8000E-03 converged?   no component    14
  RMS step  3.3734E-03 Target: 1.2000E-03 converged?   no
  Max grad  2.0534E-04 Target: 4.5000E-04 converged?  yes component    79
  RMS grad  6.7961E-05 Target: 3.0000E-04 converged?  yes
Next calculation will be the dimer endpoint before rotation
dl-find/turbomole/=============================== Tstep:  108.8 Ttot:36165.2 ==
eandg
Spin: 
 Energy calculation finished, energy: -2.138685833E+03
Curvature at dimer midpoint                   -0.00311
Predicted dimer rotation angle:      2.062 deg
Next calculation will be the dimer endpoint after rotation
dl-find/turbomole/=============================== Tstep:  105.4 Ttot:36270.6 ==
eandg
Spin: 
 Energy calculation finished, energy: -2.138685833E+03
Curvature at dimer midpoint after rotation    -0.00284
Curvature at dimer minimum                    -0.00311
Actual dimer rotation angle:         0.058 deg
Dimer rotation converged after    1 steps
Writing TS-mode
Curvature after dimer rotation:               -0.00311
Frequency of transition mode  -286.541 cm^-1 (negative value denotes imaginary frequency)
Crossover temperature for tunnelling       65.61461 K
Restarting L-BFGS optimiser, instance: dimer rotation
Next calculation will be the dimer  midpoint
dl-find/turbomole/=============================== Tstep:   75.1 Ttot:36345.7 ==
eandg
Spin: 
 Energy calculation finished, energy: -2.138685831E+03
Testing convergence of dimer midpoint in cycle  119
    Energy  1.4050E-06 Target: 1.0000E-06 converged?   no
  Max step  2.8323E-02 Target: 1.8000E-03 converged?   no component    15
  RMS step  6.2217E-03 Target: 1.2000E-03 converged?   no
  Max grad  4.2619E-04 Target: 4.5000E-04 converged?  yes component    43
  RMS grad  9.3490E-05 Target: 3.0000E-04 converged?  yes
Next calculation will be the dimer endpoint before rotation
dl-find/turbomole/=============================== Tstep:  102.6 Ttot:36448.3 ==
eandg
Spin: 
 Energy calculation finished, energy: -2.138685832E+03
Curvature at dimer midpoint                   -0.00311
Predicted dimer rotation angle:      1.986 deg
Dimer rotation converged after    0 steps
Writing TS-mode
Curvature after dimer rotation:               -0.00311
Frequency of transition mode  -286.755 cm^-1 (negative value denotes imaginary frequency)
Crossover temperature for tunnelling       65.66365 K
Restarting L-BFGS optimiser, instance: dimer rotation
Next calculation will be the dimer  midpoint
dl-find/turbomole/=============================== Tstep:  105.8 Ttot:36554.0 ==
eandg
Spin: 
 Energy calculation finished, energy: -2.138685839E+03
Testing convergence of dimer midpoint in cycle  120
    Energy  8.1870E-06 Target: 1.0000E-06 converged?   no
  Max step  3.7869E-02 Target: 1.8000E-03 converged?   no component    15
  RMS step  7.8327E-03 Target: 1.2000E-03 converged?   no
  Max grad  3.2327E-04 Target: 4.5000E-04 converged?  yes component   248
  RMS grad  7.9823E-05 Target: 3.0000E-04 converged?  yes
Next calculation will be the dimer endpoint before rotation
dl-find/turbomole/=============================== Tstep:  111.9 Ttot:36665.9 ==
eandg
Spin: 
 Energy calculation finished, energy: -2.138685840E+03
Curvature at dimer midpoint                   -0.00314
Predicted dimer rotation angle:      2.146 deg
Next calculation will be the dimer endpoint after rotation
dl-find/turbomole/=============================== Tstep:  105.6 Ttot:36771.5 ==
eandg
Spin: 
 Energy calculation finished, energy: -2.138685840E+03
Curvature at dimer midpoint after rotation    -0.00284
Curvature at dimer minimum                    -0.00314
Actual dimer rotation angle:         0.060 deg
Dimer rotation converged after    1 steps
Writing TS-mode
Curvature after dimer rotation:               -0.00314
Frequency of transition mode  -287.995 cm^-1 (negative value denotes imaginary frequency)
Crossover temperature for tunnelling       65.94758 K
Restarting L-BFGS optimiser, instance: dimer rotation
Next calculation will be the dimer  midpoint
dl-find/turbomole/=============================== Tstep:   69.4 Ttot:36840.9 ==
eandg
Spin: 
 Energy calculation finished, energy: -2.138685852E+03
Testing convergence of dimer midpoint in cycle  121
    Energy  1.2236E-05 Target: 1.0000E-06 converged?   no
  Max step  3.0831E-02 Target: 1.8000E-03 converged?   no component    13
  RMS step  6.6444E-03 Target: 1.2000E-03 converged?   no
  Max grad  3.1118E-04 Target: 4.5000E-04 converged?  yes component   229
  RMS grad  8.5280E-05 Target: 3.0000E-04 converged?  yes
Next calculation will be the dimer endpoint before rotation
dl-find/turbomole/=============================== Tstep:  113.1 Ttot:36954.0 ==
eandg
Spin: 
 Energy calculation finished, energy: -2.138685851E+03
Curvature at dimer midpoint                   -0.00318
Predicted dimer rotation angle:      3.124 deg
Next calculation will be the dimer endpoint after rotation
dl-find/turbomole/=============================== Tstep:  106.7 Ttot:37060.7 ==
eandg
Spin: 
 Energy calculation finished, energy: -2.138685851E+03
Curvature at dimer midpoint after rotation    -0.00262
Curvature at dimer minimum                    -0.00318
Actual dimer rotation angle:         0.100 deg
Dimer rotation converged after    1 steps
Writing TS-mode
Curvature after dimer rotation:               -0.00318
Frequency of transition mode  -289.702 cm^-1 (negative value denotes imaginary frequency)
Crossover temperature for tunnelling       66.33834 K
Restarting L-BFGS optimiser, instance: dimer rotation
Next calculation will be the dimer  midpoint
dl-find/turbomole/=============================== Tstep:   74.6 Ttot:37135.3 ==
eandg
Spin: 
 Energy calculation finished, energy: -2.138685855E+03
Testing convergence of dimer midpoint in cycle  122
    Energy  3.3380E-06 Target: 1.0000E-06 converged?   no
  Max step  4.7502E-02 Target: 1.8000E-03 converged?   no component    15
  RMS step  1.0854E-02 Target: 1.2000E-03 converged?   no
  Max grad  4.7425E-04 Target: 4.5000E-04 converged?   no component   248
  RMS grad  1.1094E-04 Target: 3.0000E-04 converged?  yes
Next calculation will be the dimer endpoint before rotation
dl-find/turbomole/=============================== Tstep:  114.7 Ttot:37250.0 ==
eandg
Spin: 
 Energy calculation finished, energy: -2.138685855E+03
Curvature at dimer midpoint                   -0.00317
Predicted dimer rotation angle:      3.837 deg
Next calculation will be the dimer endpoint after rotation
dl-find/turbomole/=============================== Tstep:  105.5 Ttot:37355.5 ==
eandg
Spin: 
 Energy calculation finished, energy: -2.138685855E+03
Curvature at dimer midpoint after rotation    -0.00168
Curvature at dimer minimum                    -0.00317
Actual dimer rotation angle:         0.071 deg
Dimer rotation converged after    1 steps
Writing TS-mode
Curvature after dimer rotation:               -0.00317
Frequency of transition mode  -289.464 cm^-1 (negative value denotes imaginary frequency)
Crossover temperature for tunnelling       66.28397 K
Restarting L-BFGS optimiser, instance: dimer rotation
Next calculation will be the dimer  midpoint
dl-find/turbomole/=============================== Tstep:   76.5 Ttot:37432.0 ==
eandg
Spin: 
 Energy calculation finished, energy: -2.138685869E+03
Testing convergence of dimer midpoint in cycle  123
    Energy  1.4408E-05 Target: 1.0000E-06 converged?   no
  Max step  4.7141E-02 Target: 1.8000E-03 converged?   no component    15
  RMS step  9.2239E-03 Target: 1.2000E-03 converged?   no
  Max grad  4.4936E-04 Target: 4.5000E-04 converged?  yes component    79
  RMS grad  1.0331E-04 Target: 3.0000E-04 converged?  yes
Next calculation will be the dimer endpoint before rotation
dl-find/turbomole/=============================== Tstep:  120.2 Ttot:37552.2 ==
eandg
Spin: 
 Energy calculation finished, energy: -2.138685871E+03
Curvature at dimer midpoint                   -0.00330
Predicted dimer rotation angle:      4.729 deg
Next calculation will be the dimer endpoint after rotation
dl-find/turbomole/=============================== Tstep:  107.6 Ttot:37659.8 ==
eandg
Spin: 
 Energy calculation finished, energy: -2.138685871E+03
Curvature at dimer midpoint after rotation    -0.00299
Curvature at dimer minimum                    -0.00331
Actual dimer rotation angle:         0.530 deg
Dimer rotation converged after    1 steps
Writing TS-mode
Curvature after dimer rotation:               -0.00331
Frequency of transition mode  -295.585 cm^-1 (negative value denotes imaginary frequency)
Crossover temperature for tunnelling       67.68550 K
Restarting L-BFGS optimiser, instance: dimer rotation
Next calculation will be the dimer  midpoint
dl-find/turbomole/=============================== Tstep:   59.4 Ttot:37719.2 ==
eandg
Spin: 
 Energy calculation finished, energy: -2.138685888E+03
Testing convergence of dimer midpoint in cycle  124
    Energy  1.8571E-05 Target: 1.0000E-06 converged?   no
  Max step  4.8916E-02 Target: 1.8000E-03 converged?   no component    13
  RMS step  9.9908E-03 Target: 1.2000E-03 converged?   no
  Max grad  5.1453E-04 Target: 4.5000E-04 converged?   no component    47
  RMS grad  1.1352E-04 Target: 3.0000E-04 converged?  yes
Next calculation will be the dimer endpoint before rotation
dl-find/turbomole/=============================== Tstep:  117.4 Ttot:37836.6 ==
eandg
Spin: 
 Energy calculation finished, energy: -2.138685889E+03
Curvature at dimer midpoint                   -0.00319
Predicted dimer rotation angle:      4.968 deg
Next calculation will be the dimer endpoint after rotation
dl-find/turbomole/=============================== Tstep:  104.1 Ttot:37940.7 ==
eandg
Spin: 
 Energy calculation finished, energy: -2.138685889E+03
Curvature at dimer midpoint after rotation    -0.00147
Curvature at dimer minimum                    -0.00319
Actual dimer rotation angle:         0.132 deg
Dimer rotation converged after    1 steps
Writing TS-mode
Curvature after dimer rotation:               -0.00319
Frequency of transition mode  -290.301 cm^-1 (negative value denotes imaginary frequency)
Crossover temperature for tunnelling       66.47548 K
Restarting L-BFGS optimiser, instance: dimer rotation
Next calculation will be the dimer  midpoint
dl-find/turbomole/=============================== Tstep:   76.7 Ttot:38017.3 ==
eandg
Spin: 
 Energy calculation finished, energy: -2.138685908E+03
Testing convergence of dimer midpoint in cycle  125
    Energy  1.9822E-05 Target: 1.0000E-06 converged?   no
  Max step  3.0647E-02 Target: 1.8000E-03 converged?   no component    13
  RMS step  5.5288E-03 Target: 1.2000E-03 converged?   no
  Max grad  4.6041E-04 Target: 4.5000E-04 converged?   no component   253
  RMS grad  1.0107E-04 Target: 3.0000E-04 converged?  yes
Next calculation will be the dimer endpoint before rotation
dl-find/turbomole/=============================== Tstep:  112.2 Ttot:38129.5 ==
eandg
Spin: 
 Energy calculation finished, energy: -2.138685909E+03
Curvature at dimer midpoint                   -0.00319
Predicted dimer rotation angle:      4.042 deg
Next calculation will be the dimer endpoint after rotation
dl-find/turbomole/=============================== Tstep:  105.0 Ttot:38234.5 ==
eandg
Spin: 
 Energy calculation finished, energy: -2.138685909E+03
Curvature at dimer midpoint after rotation    -0.00229
Curvature at dimer minimum                    -0.00319
Actual dimer rotation angle:         0.135 deg
Dimer rotation converged after    1 steps
Writing TS-mode
Curvature after dimer rotation:               -0.00319
Frequency of transition mode  -290.287 cm^-1 (negative value denotes imaginary frequency)
Crossover temperature for tunnelling       66.47234 K
Restarting L-BFGS optimiser, instance: dimer rotation
Next calculation will be the dimer  midpoint
dl-find/turbomole/=============================== Tstep:   59.5 Ttot:38294.0 ==
eandg
Spin: 
 Energy calculation finished, energy: -2.138685904E+03
Testing convergence of dimer midpoint in cycle  126
    Energy  3.9540E-06 Target: 1.0000E-06 converged?   no
  Max step  5.3246E-02 Target: 1.8000E-03 converged?   no component    15
  RMS step  1.2001E-02 Target: 1.2000E-03 converged?   no
  Max grad  3.9933E-04 Target: 4.5000E-04 converged?  yes component    46
  RMS grad  1.0482E-04 Target: 3.0000E-04 converged?  yes
Next calculation will be the dimer endpoint before rotation
dl-find/turbomole/=============================== Tstep:  116.3 Ttot:38410.3 ==
eandg
Spin: 
 Energy calculation finished, energy: -2.138685905E+03
Curvature at dimer midpoint                   -0.00320
Predicted dimer rotation angle:      3.807 deg
Next calculation will be the dimer endpoint after rotation
dl-find/turbomole/=============================== Tstep:  104.5 Ttot:38514.7 ==
eandg
Spin: 
 Energy calculation finished, energy: -2.138685905E+03
Curvature at dimer midpoint after rotation    -0.00218
Curvature at dimer minimum                    -0.00320
Actual dimer rotation angle:         0.101 deg
Dimer rotation converged after    1 steps
Writing TS-mode
Curvature after dimer rotation:               -0.00320
Frequency of transition mode  -290.731 cm^-1 (negative value denotes imaginary frequency)
Crossover temperature for tunnelling       66.57406 K
Restarting L-BFGS optimiser, instance: dimer rotation
Next calculation will be the dimer  midpoint
dl-find/turbomole/=============================== Tstep:   76.7 Ttot:38591.4 ==
eandg
Spin: 
 Energy calculation finished, energy: -2.138685918E+03
Testing convergence of dimer midpoint in cycle  127
    Energy  1.4046E-05 Target: 1.0000E-06 converged?   no
  Max step  1.7581E-02 Target: 1.8000E-03 converged?   no component    13
  RMS step  4.0000E-03 Target: 1.2000E-03 converged?   no
  Max grad  3.6414E-04 Target: 4.5000E-04 converged?  yes component   219
  RMS grad  9.6291E-05 Target: 3.0000E-04 converged?  yes
Next calculation will be the dimer endpoint before rotation
dl-find/turbomole/=============================== Tstep:  116.3 Ttot:38707.7 ==
eandg
Spin: 
 Energy calculation finished, energy: -2.138685919E+03
Curvature at dimer midpoint                   -0.00320
Predicted dimer rotation angle:      3.155 deg
Next calculation will be the dimer endpoint after rotation
dl-find/turbomole/=============================== Tstep:  105.0 Ttot:38812.7 ==
eandg
Spin: 
 Energy calculation finished, energy: -2.138685918E+03
Curvature at dimer midpoint after rotation    -0.00252
Curvature at dimer minimum                    -0.00320
Actual dimer rotation angle:         0.086 deg
Dimer rotation converged after    1 steps
Writing TS-mode
Curvature after dimer rotation:               -0.00320
Frequency of transition mode  -290.745 cm^-1 (negative value denotes imaginary frequency)
Crossover temperature for tunnelling       66.57719 K
Restarting L-BFGS optimiser, instance: dimer rotation
Next calculation will be the dimer  midpoint
dl-find/turbomole/=============================== Tstep:   76.5 Ttot:38889.2 ==
eandg
Spin: 
 Energy calculation finished, energy: -2.138685941E+03
Testing convergence of dimer midpoint in cycle  128
    Energy  2.2601E-05 Target: 1.0000E-06 converged?   no
  Max step  4.5927E-02 Target: 1.8000E-03 converged?   no component    15
  RMS step  9.8152E-03 Target: 1.2000E-03 converged?   no
  Max grad  6.0523E-04 Target: 4.5000E-04 converged?   no component    61
  RMS grad  1.1976E-04 Target: 3.0000E-04 converged?  yes
Next calculation will be the dimer endpoint before rotation
dl-find/turbomole/=============================== Tstep:  119.1 Ttot:39008.3 ==
eandg
Spin: 
 Energy calculation finished, energy: -2.138685941E+03
Curvature at dimer midpoint                   -0.00316
Predicted dimer rotation angle:      3.242 deg
Next calculation will be the dimer endpoint after rotation
dl-find/turbomole/=============================== Tstep:  104.5 Ttot:39112.8 ==
eandg
Spin: 
 Energy calculation finished, energy: -2.138685941E+03
Curvature at dimer midpoint after rotation    -0.00252
Curvature at dimer minimum                    -0.00316
Actual dimer rotation angle:         0.097 deg
Dimer rotation converged after    1 steps
Writing TS-mode
Curvature after dimer rotation:               -0.00316
Frequency of transition mode  -289.092 cm^-1 (negative value denotes imaginary frequency)
Crossover temperature for tunnelling       66.19879 K
Restarting L-BFGS optimiser, instance: dimer rotation
Next calculation will be the dimer  midpoint
dl-find/turbomole/=============================== Tstep:   75.9 Ttot:39188.7 ==
eandg
Spin: 
 Energy calculation finished, energy: -2.138685949E+03
Testing convergence of dimer midpoint in cycle  129
    Energy  8.9380E-06 Target: 1.0000E-06 converged?   no
  Max step  1.3578E-02 Target: 1.8000E-03 converged?   no component    15
  RMS step  2.8903E-03 Target: 1.2000E-03 converged?   no
  Max grad  3.0873E-04 Target: 4.5000E-04 converged?  yes component   219
  RMS grad  8.1023E-05 Target: 3.0000E-04 converged?  yes
Next calculation will be the dimer endpoint before rotation
dl-find/turbomole/=============================== Tstep:  110.3 Ttot:39298.9 ==
eandg
Spin: 
 Energy calculation finished, energy: -2.138685950E+03
Curvature at dimer midpoint                   -0.00318
Predicted dimer rotation angle:      2.707 deg
Next calculation will be the dimer endpoint after rotation
dl-find/turbomole/=============================== Tstep:  106.2 Ttot:39405.2 ==
eandg
Spin: 
 Energy calculation finished, energy: -2.138685950E+03
Curvature at dimer midpoint after rotation    -0.00256
Curvature at dimer minimum                    -0.00318
Actual dimer rotation angle:         0.060 deg
Dimer rotation converged after    1 steps
Writing TS-mode
Curvature after dimer rotation:               -0.00318
Frequency of transition mode  -289.712 cm^-1 (negative value denotes imaginary frequency)
Crossover temperature for tunnelling       66.34077 K
Restarting L-BFGS optimiser, instance: dimer rotation
Next calculation will be the dimer  midpoint
dl-find/turbomole/=============================== Tstep:   70.9 Ttot:39476.1 ==
eandg
Spin: 
 Energy calculation finished, energy: -2.138685970E+03
Testing convergence of dimer midpoint in cycle  130
    Energy  2.0529E-05 Target: 1.0000E-06 converged?   no
  Max step  5.0053E-02 Target: 1.8000E-03 converged?   no component    15
  RMS step  1.0700E-02 Target: 1.2000E-03 converged?   no
  Max grad  2.8421E-04 Target: 4.5000E-04 converged?  yes component   170
  RMS grad  8.3785E-05 Target: 3.0000E-04 converged?  yes
Next calculation will be the dimer endpoint before rotation
dl-find/turbomole/=============================== Tstep:  112.2 Ttot:39588.3 ==
eandg
Spin: 
 Energy calculation finished, energy: -2.138685970E+03
Curvature at dimer midpoint                   -0.00317
Predicted dimer rotation angle:      1.914 deg
Dimer rotation converged after    0 steps
Writing TS-mode
Curvature after dimer rotation:               -0.00317
Frequency of transition mode  -289.487 cm^-1 (negative value denotes imaginary frequency)
Crossover temperature for tunnelling       66.28929 K
Restarting L-BFGS optimiser, instance: dimer rotation
Next calculation will be the dimer  midpoint
dl-find/turbomole/=============================== Tstep:  104.4 Ttot:39692.8 ==
eandg
Spin: 
 Energy calculation finished, energy: -2.138685972E+03
Testing convergence of dimer midpoint in cycle  131
    Energy  2.3700E-06 Target: 1.0000E-06 converged?   no
  Max step  2.5007E-02 Target: 1.8000E-03 converged?   no component    13
  RMS step  5.0415E-03 Target: 1.2000E-03 converged?   no
  Max grad  5.7232E-04 Target: 4.5000E-04 converged?   no component    61
  RMS grad  9.0565E-05 Target: 3.0000E-04 converged?  yes
Next calculation will be the dimer endpoint before rotation
dl-find/turbomole/=============================== Tstep:  123.3 Ttot:39816.1 ==
eandg
Spin: 
 Energy calculation finished, energy: -2.138685973E+03
Curvature at dimer midpoint                   -0.00317
Predicted dimer rotation angle:      2.420 deg
Next calculation will be the dimer endpoint after rotation
dl-find/turbomole/=============================== Tstep:  105.0 Ttot:39921.1 ==
eandg
Spin: 
 Energy calculation finished, energy: -2.138685973E+03
Curvature at dimer midpoint after rotation    -0.00271
Curvature at dimer minimum                    -0.00317
Actual dimer rotation angle:         0.057 deg
Dimer rotation converged after    1 steps
Writing TS-mode
Curvature after dimer rotation:               -0.00317
Frequency of transition mode  -289.536 cm^-1 (negative value denotes imaginary frequency)
Crossover temperature for tunnelling       66.30049 K
Restarting L-BFGS optimiser, instance: dimer rotation
Next calculation will be the dimer  midpoint
dl-find/turbomole/=============================== Tstep:   70.2 Ttot:39991.3 ==
eandg
Spin: 
 Energy calculation finished, energy: -2.138685986E+03
Testing convergence of dimer midpoint in cycle  132
    Energy  1.3804E-05 Target: 1.0000E-06 converged?   no
  Max step  4.4292E-02 Target: 1.8000E-03 converged?   no component    13
  RMS step  9.3919E-03 Target: 1.2000E-03 converged?   no
  Max grad  3.2781E-04 Target: 4.5000E-04 converged?  yes component    64
  RMS grad  8.3729E-05 Target: 3.0000E-04 converged?  yes
Next calculation will be the dimer endpoint before rotation
dl-find/turbomole/=============================== Tstep:  123.6 Ttot:40114.9 ==
eandg
Spin: 
 Energy calculation finished, energy: -2.138685986E+03
Curvature at dimer midpoint                   -0.00312
Predicted dimer rotation angle:      2.354 deg
Next calculation will be the dimer endpoint after rotation
dl-find/turbomole/=============================== Tstep:  105.3 Ttot:40220.2 ==
eandg
Spin: 
 Energy calculation finished, energy: -2.138685986E+03
Curvature at dimer midpoint after rotation    -0.00288
Curvature at dimer minimum                    -0.00312
Actual dimer rotation angle:         0.093 deg
Dimer rotation converged after    1 steps
Writing TS-mode
Curvature after dimer rotation:               -0.00312
Frequency of transition mode  -287.340 cm^-1 (negative value denotes imaginary frequency)
Crossover temperature for tunnelling       65.79746 K
Restarting L-BFGS optimiser, instance: dimer rotation
Next calculation will be the dimer  midpoint
dl-find/turbomole/=============================== Tstep:   75.7 Ttot:40295.9 ==
eandg
Spin: 
 Energy calculation finished, energy: -2.138686026E+03
Testing convergence of dimer midpoint in cycle  133
    Energy  3.9363E-05 Target: 1.0000E-06 converged?   no
  Max step  6.0227E-02 Target: 1.8000E-03 converged?   no component    15
  RMS step  1.2939E-02 Target: 1.2000E-03 converged?   no
  Max grad  3.1202E-04 Target: 4.5000E-04 converged?  yes component    43
  RMS grad  7.2062E-05 Target: 3.0000E-04 converged?  yes
Next calculation will be the dimer endpoint before rotation
dl-find/turbomole/=============================== Tstep:  124.4 Ttot:40420.3 ==
eandg
Spin: 
 Energy calculation finished, energy: -2.138686026E+03
Curvature at dimer midpoint                   -0.00311
Predicted dimer rotation angle:      2.057 deg
Next calculation will be the dimer endpoint after rotation
dl-find/turbomole/=============================== Tstep:  105.2 Ttot:40525.4 ==
eandg
Spin: 
 Energy calculation finished, energy: -2.138686026E+03
Curvature at dimer midpoint after rotation    -0.00296
Curvature at dimer minimum                    -0.00312
Actual dimer rotation angle:         0.097 deg
Dimer rotation converged after    1 steps
Writing TS-mode
Curvature after dimer rotation:               -0.00312
Frequency of transition mode  -286.912 cm^-1 (negative value denotes imaginary frequency)
Crossover temperature for tunnelling       65.69943 K
Restarting L-BFGS optimiser, instance: dimer rotation
Next calculation will be the dimer  midpoint
dl-find/turbomole/=============================== Tstep:   71.1 Ttot:40596.5 ==
eandg
Spin: 
 Energy calculation finished, energy: -2.138686029E+03
Testing convergence of dimer midpoint in cycle  134
    Energy  3.5330E-06 Target: 1.0000E-06 converged?   no
  Max step  2.7230E-02 Target: 1.8000E-03 converged?   no component    13
  RMS step  5.4950E-03 Target: 1.2000E-03 converged?   no
  Max grad  4.2844E-04 Target: 4.5000E-04 converged?  yes component    91
  RMS grad  8.1226E-05 Target: 3.0000E-04 converged?  yes
Next calculation will be the dimer endpoint before rotation
dl-find/turbomole/=============================== Tstep:  123.1 Ttot:40719.6 ==
eandg
Spin: 
 Energy calculation finished, energy: -2.138686026E+03
Curvature at dimer midpoint                   -0.00308
Predicted dimer rotation angle:      3.488 deg
Next calculation will be the dimer endpoint after rotation
dl-find/turbomole/=============================== Tstep:  109.4 Ttot:40828.9 ==
eandg
Spin: 
 Energy calculation finished, energy: -2.138686029E+03
Curvature at dimer midpoint after rotation    -0.00223
Curvature at dimer minimum                    -0.00308
Actual dimer rotation angle:         0.089 deg
Dimer rotation converged after    1 steps
Writing TS-mode
Curvature after dimer rotation:               -0.00308
Frequency of transition mode  -285.352 cm^-1 (negative value denotes imaginary frequency)
Crossover temperature for tunnelling       65.34221 K
Restarting L-BFGS optimiser, instance: dimer rotation
Next calculation will be the dimer  midpoint
dl-find/turbomole/=============================== Tstep:   81.8 Ttot:40910.8 ==
eandg
Spin: 
 Energy calculation finished, energy: -2.138686031E+03
Testing convergence of dimer midpoint in cycle  135
    Energy  1.4060E-06 Target: 1.0000E-06 converged?   no
  Max step  3.7298E-02 Target: 1.8000E-03 converged?   no component    13
  RMS step  8.8144E-03 Target: 1.2000E-03 converged?   no
  Max grad  7.2624E-04 Target: 4.5000E-04 converged?   no component   248
  RMS grad  1.5315E-04 Target: 3.0000E-04 converged?  yes
Next calculation will be the dimer endpoint before rotation
dl-find/turbomole/=============================== Tstep:  123.7 Ttot:41034.5 ==
eandg
Spin: 
 Energy calculation finished, energy: -2.138686030E+03
Curvature at dimer midpoint                   -0.00303
Predicted dimer rotation angle:      2.388 deg
Next calculation will be the dimer endpoint after rotation
dl-find/turbomole/=============================== Tstep:  103.1 Ttot:41137.5 ==
eandg
Spin: 
 Energy calculation finished, energy: -2.138686030E+03
Curvature at dimer midpoint after rotation    -0.00280
Curvature at dimer minimum                    -0.00303
Actual dimer rotation angle:         0.102 deg
Dimer rotation converged after    1 steps
Writing TS-mode
Curvature after dimer rotation:               -0.00303
Frequency of transition mode  -282.988 cm^-1 (negative value denotes imaginary frequency)
Crossover temperature for tunnelling       64.80090 K
Restarting L-BFGS optimiser, instance: dimer rotation
Next calculation will be the dimer  midpoint
dl-find/turbomole/=============================== Tstep:   82.5 Ttot:41220.1 ==
eandg
Spin: 
 Energy calculation finished, energy: -2.138686040E+03
Testing convergence of dimer midpoint in cycle  136
    Energy  9.8510E-06 Target: 1.0000E-06 converged?   no
  Max step  8.9623E-03 Target: 1.8000E-03 converged?   no component    15
  RMS step  1.6454E-03 Target: 1.2000E-03 converged?   no
  Max grad  1.8089E-04 Target: 4.5000E-04 converged?  yes component   248
  RMS grad  5.7795E-05 Target: 3.0000E-04 converged?  yes
Next calculation will be the dimer endpoint before rotation
dl-find/turbomole/=============================== Tstep:  113.9 Ttot:41333.9 ==
eandg
Spin: 
 Energy calculation finished, energy: -2.138686040E+03
Curvature at dimer midpoint                   -0.00301
Predicted dimer rotation angle:      3.163 deg
Next calculation will be the dimer endpoint after rotation
dl-find/turbomole/=============================== Tstep:  106.0 Ttot:41439.9 ==
eandg
Spin: 
 Energy calculation finished, energy: -2.138686040E+03
Curvature at dimer midpoint after rotation    -0.00227
Curvature at dimer minimum                    -0.00301
Actual dimer rotation angle:         0.075 deg
Dimer rotation converged after    1 steps
Writing TS-mode
Curvature after dimer rotation:               -0.00301
Frequency of transition mode  -281.999 cm^-1 (negative value denotes imaginary frequency)
Crossover temperature for tunnelling       64.57440 K
Restarting L-BFGS optimiser, instance: dimer rotation
Next calculation will be the dimer  midpoint
dl-find/turbomole/=============================== Tstep:   66.1 Ttot:41506.0 ==
eandg
Spin: 
 Energy calculation finished, energy: -2.138686045E+03
Testing convergence of dimer midpoint in cycle  137
    Energy  4.9430E-06 Target: 1.0000E-06 converged?   no
  Max step  4.3375E-03 Target: 1.8000E-03 converged?   no component    15
  RMS step  1.2543E-03 Target: 1.2000E-03 converged?   no
  Max grad  1.5083E-04 Target: 4.5000E-04 converged?  yes component   248
  RMS grad  5.3395E-05 Target: 3.0000E-04 converged?  yes
Next calculation will be the dimer endpoint before rotation
dl-find/turbomole/=============================== Tstep:  116.0 Ttot:41622.0 ==
eandg
Spin: 
 Energy calculation finished, energy: -2.138686045E+03
Curvature at dimer midpoint                   -0.00303
Predicted dimer rotation angle:      2.219 deg
Next calculation will be the dimer endpoint after rotation
dl-find/turbomole/=============================== Tstep:  106.5 Ttot:41728.5 ==
eandg
Spin: 
 Energy calculation finished, energy: -2.138686045E+03
Curvature at dimer midpoint after rotation    -0.00261
Curvature at dimer minimum                    -0.00303
Actual dimer rotation angle:         0.046 deg
Dimer rotation converged after    1 steps
Writing TS-mode
Curvature after dimer rotation:               -0.00303
Frequency of transition mode  -282.963 cm^-1 (negative value denotes imaginary frequency)
Crossover temperature for tunnelling       64.79532 K
Restarting L-BFGS optimiser, instance: dimer rotation
Next calculation will be the dimer  midpoint
dl-find/turbomole/=============================== Tstep:   76.3 Ttot:41804.7 ==
eandg
Spin: 
 Energy calculation finished, energy: -2.138686051E+03
Testing convergence of dimer midpoint in cycle  138
    Energy  5.3700E-06 Target: 1.0000E-06 converged?   no
  Max step  2.0404E-02 Target: 1.8000E-03 converged?   no component    13
  RMS step  3.7686E-03 Target: 1.2000E-03 converged?   no
  Max grad  2.8338E-04 Target: 4.5000E-04 converged?  yes component   248
  RMS grad  6.8949E-05 Target: 3.0000E-04 converged?  yes
Next calculation will be the dimer endpoint before rotation
dl-find/turbomole/=============================== Tstep:  113.4 Ttot:41918.1 ==
eandg
Spin: 
 Energy calculation finished, energy: -2.138686050E+03
Curvature at dimer midpoint                   -0.00302
Predicted dimer rotation angle:      1.512 deg
Dimer rotation converged after    0 steps
Writing TS-mode
Curvature after dimer rotation:               -0.00302
Frequency of transition mode  -282.432 cm^-1 (negative value denotes imaginary frequency)
Crossover temperature for tunnelling       64.67365 K
Restarting L-BFGS optimiser, instance: dimer rotation
Next calculation will be the dimer  midpoint
dl-find/turbomole/=============================== Tstep:  108.2 Ttot:42026.3 ==
eandg
Spin: 
 Energy calculation finished, energy: -2.138686059E+03
Testing convergence of dimer midpoint in cycle  139
    Energy  7.8770E-06 Target: 1.0000E-06 converged?   no
  Max step  3.3018E-02 Target: 1.8000E-03 converged?   no component    13
  RMS step  5.9358E-03 Target: 1.2000E-03 converged?   no
  Max grad  6.3559E-04 Target: 4.5000E-04 converged?   no component   248
  RMS grad  9.2185E-05 Target: 3.0000E-04 converged?  yes
Next calculation will be the dimer endpoint before rotation
dl-find/turbomole/=============================== Tstep:  119.7 Ttot:42146.0 ==
eandg
Spin: 
 Energy calculation finished, energy: -2.138686058E+03
Curvature at dimer midpoint                   -0.00300
Predicted dimer rotation angle:      1.935 deg
Dimer rotation converged after    0 steps
Writing TS-mode
Curvature after dimer rotation:               -0.00300
Frequency of transition mode  -281.426 cm^-1 (negative value denotes imaginary frequency)
Crossover temperature for tunnelling       64.44323 K
Restarting L-BFGS optimiser, instance: dimer rotation
Next calculation will be the dimer  midpoint
dl-find/turbomole/=============================== Tstep:  106.5 Ttot:42252.5 ==
eandg
Spin: 
 Energy calculation finished, energy: -2.138686062E+03
Testing convergence of dimer midpoint in cycle  140
    Energy  3.2690E-06 Target: 1.0000E-06 converged?   no
  Max step  6.7894E-02 Target: 1.8000E-03 converged?   no component    13
  RMS step  1.4148E-02 Target: 1.2000E-03 converged?   no
  Max grad  6.1808E-04 Target: 4.5000E-04 converged?   no component    67
  RMS grad  1.3480E-04 Target: 3.0000E-04 converged?  yes
Next calculation will be the dimer endpoint before rotation
dl-find/turbomole/=============================== Tstep:  115.2 Ttot:42367.7 ==
eandg
Spin: 
 Energy calculation finished, energy: -2.138686061E+03
Curvature at dimer midpoint                   -0.00298
Predicted dimer rotation angle:      2.502 deg
Next calculation will be the dimer endpoint after rotation
dl-find/turbomole/=============================== Tstep:  105.1 Ttot:42472.8 ==
eandg
Spin: 
 Energy calculation finished, energy: -2.138686061E+03
Curvature at dimer midpoint after rotation    -0.00269
Curvature at dimer minimum                    -0.00298
Actual dimer rotation angle:         0.092 deg
Dimer rotation converged after    1 steps
Writing TS-mode
Curvature after dimer rotation:               -0.00298
Frequency of transition mode  -280.485 cm^-1 (negative value denotes imaginary frequency)
Crossover temperature for tunnelling       64.22776 K
Restarting L-BFGS optimiser, instance: dimer rotation
Next calculation will be the dimer  midpoint
dl-find/turbomole/=============================== Tstep:   75.3 Ttot:42548.0 ==
eandg
Spin: 
 Energy calculation finished, energy: -2.138686070E+03
Testing convergence of dimer midpoint in cycle  141
    Energy  8.1460E-06 Target: 1.0000E-06 converged?   no
  Max step  7.5239E-03 Target: 1.8000E-03 converged?   no component    12
  RMS step  1.5003E-03 Target: 1.2000E-03 converged?   no
  Max grad  1.2663E-04 Target: 4.5000E-04 converged?  yes component    88
  RMS grad  4.5216E-05 Target: 3.0000E-04 converged?  yes
Next calculation will be the dimer endpoint before rotation
dl-find/turbomole/=============================== Tstep:  113.1 Ttot:42661.1 ==
eandg
Spin: 
 Energy calculation finished, energy: -2.138686070E+03
Curvature at dimer midpoint                   -0.00297
Predicted dimer rotation angle:      2.616 deg
Next calculation will be the dimer endpoint after rotation
dl-find/turbomole/=============================== Tstep:  110.3 Ttot:42771.3 ==
eandg
Spin: 
 Energy calculation finished, energy: -2.138686070E+03
Curvature at dimer midpoint after rotation    -0.00241
Curvature at dimer minimum                    -0.00297
Actual dimer rotation angle:         0.056 deg
Dimer rotation converged after    1 steps
Writing TS-mode
Curvature after dimer rotation:               -0.00297
Frequency of transition mode  -279.957 cm^-1 (negative value denotes imaginary frequency)
Crossover temperature for tunnelling       64.10682 K
Restarting L-BFGS optimiser, instance: dimer rotation
Next calculation will be the dimer  midpoint
dl-find/turbomole/=============================== Tstep:   75.2 Ttot:42846.6 ==
eandg
Spin: 
 Energy calculation finished, energy: -2.138686077E+03
Testing convergence of dimer midpoint in cycle  142
    Energy  6.7320E-06 Target: 1.0000E-06 converged?   no
  Max step  4.0963E-03 Target: 1.8000E-03 converged?   no component    14
  RMS step  1.0621E-03 Target: 1.2000E-03 converged?  yes
  Max grad  1.4053E-04 Target: 4.5000E-04 converged?  yes component    61
  RMS grad  4.3072E-05 Target: 3.0000E-04 converged?  yes
Next calculation will be the dimer endpoint before rotation
dl-find/turbomole/=============================== Tstep:  113.8 Ttot:42960.3 ==
eandg
Spin: 
 Energy calculation finished, energy: -2.138686076E+03
Curvature at dimer midpoint                   -0.00297
Predicted dimer rotation angle:      1.816 deg
Dimer rotation converged after    0 steps
Writing TS-mode
Curvature after dimer rotation:               -0.00297
Frequency of transition mode  -280.188 cm^-1 (negative value denotes imaginary frequency)
Crossover temperature for tunnelling       64.15987 K
Restarting L-BFGS optimiser, instance: dimer rotation
Next calculation will be the dimer  midpoint
dl-find/turbomole/=============================== Tstep:  105.1 Ttot:43065.5 ==
eandg
Spin: 
 Energy calculation finished, energy: -2.138686081E+03
Testing convergence of dimer midpoint in cycle  143
    Energy  3.9260E-06 Target: 1.0000E-06 converged?   no
  Max step  1.3983E-02 Target: 1.8000E-03 converged?   no component    13
  RMS step  2.3691E-03 Target: 1.2000E-03 converged?   no
  Max grad  2.8838E-04 Target: 4.5000E-04 converged?  yes component    84
  RMS grad  5.7925E-05 Target: 3.0000E-04 converged?  yes
Next calculation will be the dimer endpoint before rotation
dl-find/turbomole/=============================== Tstep:  111.7 Ttot:43177.2 ==
eandg
Spin: 
 Energy calculation finished, energy: -2.138686081E+03
Curvature at dimer midpoint                   -0.00297
Predicted dimer rotation angle:      2.227 deg
Next calculation will be the dimer endpoint after rotation
dl-find/turbomole/=============================== Tstep:  105.1 Ttot:43282.3 ==
eandg
Spin: 
 Energy calculation finished, energy: -2.138686080E+03
Curvature at dimer midpoint after rotation    -0.00268
Curvature at dimer minimum                    -0.00297
Actual dimer rotation angle:         0.066 deg
Dimer rotation converged after    1 steps
Writing TS-mode
Curvature after dimer rotation:               -0.00297
Frequency of transition mode  -280.184 cm^-1 (negative value denotes imaginary frequency)
Crossover temperature for tunnelling       64.15885 K
Restarting L-BFGS optimiser, instance: dimer rotation
Next calculation will be the dimer  midpoint
dl-find/turbomole/=============================== Tstep:   75.9 Ttot:43358.2 ==
eandg
Spin: 
 Energy calculation finished, energy: -2.138686093E+03
Testing convergence of dimer midpoint in cycle  144
    Energy  1.2072E-05 Target: 1.0000E-06 converged?   no
  Max step  2.4262E-02 Target: 1.8000E-03 converged?   no component    13
  RMS step  4.0359E-03 Target: 1.2000E-03 converged?   no
  Max grad  3.8441E-04 Target: 4.5000E-04 converged?  yes component    55
  RMS grad  9.9662E-05 Target: 3.0000E-04 converged?  yes
Next calculation will be the dimer endpoint before rotation
dl-find/turbomole/=============================== Tstep:  118.9 Ttot:43477.1 ==
eandg
Spin: 
 Energy calculation finished, energy: -2.138686092E+03
Curvature at dimer midpoint                   -0.00297
Predicted dimer rotation angle:      2.783 deg
Next calculation will be the dimer endpoint after rotation
dl-find/turbomole/=============================== Tstep:  105.1 Ttot:43582.1 ==
eandg
Spin: 
 Energy calculation finished, energy: -2.138686093E+03
Curvature at dimer midpoint after rotation    -0.00230
Curvature at dimer minimum                    -0.00297
Actual dimer rotation angle:         0.056 deg
Dimer rotation converged after    1 steps
Writing TS-mode
Curvature after dimer rotation:               -0.00297
Frequency of transition mode  -279.939 cm^-1 (negative value denotes imaginary frequency)
Crossover temperature for tunnelling       64.10270 K
Restarting L-BFGS optimiser, instance: dimer rotation
Next calculation will be the dimer  midpoint
dl-find/turbomole/=============================== Tstep:   79.5 Ttot:43661.6 ==
eandg
Spin: 
 Energy calculation finished, energy: -2.138686102E+03
Testing convergence of dimer midpoint in cycle  145
    Energy  9.3340E-06 Target: 1.0000E-06 converged?   no
  Max step  2.5741E-02 Target: 1.8000E-03 converged?   no component    13
  RMS step  4.3484E-03 Target: 1.2000E-03 converged?   no
  Max grad  2.0957E-04 Target: 4.5000E-04 converged?  yes component    84
  RMS grad  5.6401E-05 Target: 3.0000E-04 converged?  yes
Next calculation will be the dimer endpoint before rotation
dl-find/turbomole/=============================== Tstep:  107.5 Ttot:43769.1 ==
eandg
Spin: 
 Energy calculation finished, energy: -2.138686101E+03
Curvature at dimer midpoint                   -0.00296
Predicted dimer rotation angle:      1.888 deg
Dimer rotation converged after    0 steps
Writing TS-mode
Curvature after dimer rotation:               -0.00296
Frequency of transition mode  -279.550 cm^-1 (negative value denotes imaginary frequency)
Crossover temperature for tunnelling       64.01368 K
Restarting L-BFGS optimiser, instance: dimer rotation
Next calculation will be the dimer  midpoint
dl-find/turbomole/=============================== Tstep:  104.8 Ttot:43873.9 ==
eandg
Spin: 
 Energy calculation finished, energy: -2.138686107E+03
Testing convergence of dimer midpoint in cycle  146
    Energy  5.1620E-06 Target: 1.0000E-06 converged?   no
  Max step  1.9383E-02 Target: 1.8000E-03 converged?   no component    13
  RMS step  3.3219E-03 Target: 1.2000E-03 converged?   no
  Max grad  1.5143E-04 Target: 4.5000E-04 converged?  yes component    18
  RMS grad  4.6247E-05 Target: 3.0000E-04 converged?  yes
Next calculation will be the dimer endpoint before rotation
dl-find/turbomole/=============================== Tstep:  114.2 Ttot:43988.1 ==
eandg
Spin: 
 Energy calculation finished, energy: -2.138686107E+03
Curvature at dimer midpoint                   -0.00296
Predicted dimer rotation angle:      2.068 deg
Next calculation will be the dimer endpoint after rotation
dl-find/turbomole/=============================== Tstep:  108.2 Ttot:44096.3 ==
eandg
Spin: 
 Energy calculation finished, energy: -2.138686107E+03
Curvature at dimer midpoint after rotation    -0.00272
Curvature at dimer minimum                    -0.00296
Actual dimer rotation angle:         0.062 deg
Dimer rotation converged after    1 steps
Writing TS-mode
Curvature after dimer rotation:               -0.00296
Frequency of transition mode  -279.852 cm^-1 (negative value denotes imaginary frequency)
Crossover temperature for tunnelling       64.08296 K
Restarting L-BFGS optimiser, instance: dimer rotation
Next calculation will be the dimer  midpoint
dl-find/turbomole/=============================== Tstep:   65.3 Ttot:44161.7 ==
eandg
Spin: 
 Energy calculation finished, energy: -2.138686118E+03
Testing convergence of dimer midpoint in cycle  147
    Energy  1.0943E-05 Target: 1.0000E-06 converged?   no
  Max step  2.5219E-02 Target: 1.8000E-03 converged?   no component    13
  RMS step  4.1454E-03 Target: 1.2000E-03 converged?   no
  Max grad  2.2296E-04 Target: 4.5000E-04 converged?  yes component    99
  RMS grad  6.7572E-05 Target: 3.0000E-04 converged?  yes
Next calculation will be the dimer endpoint before rotation
dl-find/turbomole/=============================== Tstep:  114.6 Ttot:44276.3 ==
eandg
Spin: 
 Energy calculation finished, energy: -2.138686118E+03
Curvature at dimer midpoint                   -0.00295
Predicted dimer rotation angle:      2.011 deg
Next calculation will be the dimer endpoint after rotation
dl-find/turbomole/=============================== Tstep:  105.5 Ttot:44381.8 ==
eandg
Spin: 
 Energy calculation finished, energy: -2.138686118E+03
Curvature at dimer midpoint after rotation    -0.00270
Curvature at dimer minimum                    -0.00296
Actual dimer rotation angle:         0.055 deg
Dimer rotation converged after    1 steps
Writing TS-mode
Curvature after dimer rotation:               -0.00296
Frequency of transition mode  -279.440 cm^-1 (negative value denotes imaginary frequency)
Crossover temperature for tunnelling       63.98864 K
Restarting L-BFGS optimiser, instance: dimer rotation
Next calculation will be the dimer  midpoint
dl-find/turbomole/=============================== Tstep:   74.1 Ttot:44455.9 ==
eandg
Spin: 
 Energy calculation finished, energy: -2.138686119E+03
Testing convergence of dimer midpoint in cycle  148
    Energy  1.3090E-06 Target: 1.0000E-06 converged?   no
  Max step  3.2911E-02 Target: 1.8000E-03 converged?   no component    13
  RMS step  5.5631E-03 Target: 1.2000E-03 converged?   no
  Max grad  5.5639E-04 Target: 4.5000E-04 converged?   no component    84
  RMS grad  1.0897E-04 Target: 3.0000E-04 converged?  yes
Next calculation will be the dimer endpoint before rotation
dl-find/turbomole/=============================== Tstep:  115.7 Ttot:44571.7 ==
eandg
Spin: 
 Energy calculation finished, energy: -2.138686122E+03
Curvature at dimer midpoint                   -0.00290
Predicted dimer rotation angle:      6.918 deg
Next calculation will be the dimer endpoint after rotation
dl-find/turbomole/=============================== Tstep:  104.5 Ttot:44676.2 ==
eandg
Spin: 
 Energy calculation finished, energy: -2.138686119E+03
Curvature at dimer midpoint after rotation    -0.00124
Curvature at dimer minimum                    -0.00291
Actual dimer rotation angle:         0.323 deg
Dimer rotation converged after    1 steps
Writing TS-mode
Curvature after dimer rotation:               -0.00291
Frequency of transition mode  -277.248 cm^-1 (negative value denotes imaginary frequency)
Crossover temperature for tunnelling       63.48661 K
Restarting L-BFGS optimiser, instance: dimer rotation
Next calculation will be the dimer  midpoint
dl-find/turbomole/=============================== Tstep:   77.0 Ttot:44753.2 ==
eandg
Spin: 
 Energy calculation finished, energy: -2.138686135E+03
Testing convergence of dimer midpoint in cycle  149
    Energy  1.5668E-05 Target: 1.0000E-06 converged?   no
  Max step  2.5805E-02 Target: 1.8000E-03 converged?   no component    13
  RMS step  4.2534E-03 Target: 1.2000E-03 converged?   no
  Max grad  3.4047E-04 Target: 4.5000E-04 converged?  yes component    84
  RMS grad  7.4757E-05 Target: 3.0000E-04 converged?  yes
Next calculation will be the dimer endpoint before rotation
dl-find/turbomole/=============================== Tstep:  113.9 Ttot:44867.0 ==
eandg
Spin: 
 Energy calculation finished, energy: -2.138686134E+03
Curvature at dimer midpoint                   -0.00294
Predicted dimer rotation angle:      9.888 deg
Next calculation will be the dimer endpoint after rotation
dl-find/turbomole/=============================== Tstep:  104.4 Ttot:44971.4 ==
eandg
Spin: 
 Energy calculation finished, energy: -2.138686134E+03
Curvature at dimer midpoint after rotation     0.00795
Curvature at dimer minimum                    -0.00295
Actual dimer rotation angle:         0.159 deg
Dimer rotation converged after    1 steps
Writing TS-mode
Curvature after dimer rotation:               -0.00295
Frequency of transition mode  -279.059 cm^-1 (negative value denotes imaginary frequency)
Crossover temperature for tunnelling       63.90121 K
Restarting L-BFGS optimiser, instance: dimer rotation
Next calculation will be the dimer  midpoint
dl-find/turbomole/=============================== Tstep:   92.2 Ttot:45063.7 ==
eandg
Spin: 
 Energy calculation finished, energy: -2.138686150E+03
Testing convergence of dimer midpoint in cycle  150
    Energy  1.5135E-05 Target: 1.0000E-06 converged?   no
  Max step  2.8061E-02 Target: 1.8000E-03 converged?   no component    13
  RMS step  4.9953E-03 Target: 1.2000E-03 converged?   no
  Max grad  2.0715E-04 Target: 4.5000E-04 converged?  yes component     7
  RMS grad  5.6402E-05 Target: 3.0000E-04 converged?  yes
Next calculation will be the dimer endpoint before rotation
dl-find/turbomole/=============================== Tstep:  114.8 Ttot:45178.4 ==
eandg
Spin: 
 Energy calculation finished, energy: -2.138686150E+03
Curvature at dimer midpoint                   -0.00294
Predicted dimer rotation angle:      3.500 deg
Next calculation will be the dimer endpoint after rotation
dl-find/turbomole/=============================== Tstep:  104.5 Ttot:45283.0 ==
eandg
Spin: 
 Energy calculation finished, energy: -2.138686150E+03
Curvature at dimer midpoint after rotation    -0.00237
Curvature at dimer minimum                    -0.00294
Actual dimer rotation angle:         0.125 deg
Dimer rotation converged after    1 steps
Writing TS-mode
Curvature after dimer rotation:               -0.00294
Frequency of transition mode  -278.707 cm^-1 (negative value denotes imaginary frequency)
Crossover temperature for tunnelling       63.82073 K
Restarting L-BFGS optimiser, instance: dimer rotation
Next calculation will be the dimer  midpoint
dl-find/turbomole/=============================== Tstep:   66.1 Ttot:45349.1 ==
eandg
Spin: 
 Energy calculation finished, energy: -2.138686158E+03
Testing convergence of dimer midpoint in cycle  151
    Energy  7.5500E-06 Target: 1.0000E-06 converged?   no
  Max step  2.7420E-02 Target: 1.8000E-03 converged?   no component    13
  RMS step  4.7627E-03 Target: 1.2000E-03 converged?   no
  Max grad  2.7414E-04 Target: 4.5000E-04 converged?  yes component    61
  RMS grad  7.3126E-05 Target: 3.0000E-04 converged?  yes
Next calculation will be the dimer endpoint before rotation
dl-find/turbomole/=============================== Tstep:  120.3 Ttot:45469.5 ==
eandg
Spin: 
 Energy calculation finished, energy: -2.138686157E+03
Curvature at dimer midpoint                   -0.00295
Predicted dimer rotation angle:      3.551 deg
Next calculation will be the dimer endpoint after rotation
dl-find/turbomole/=============================== Tstep:  105.1 Ttot:45574.5 ==
eandg
Spin: 
 Energy calculation finished, energy: -2.138686157E+03
Curvature at dimer midpoint after rotation    -0.00174
Curvature at dimer minimum                    -0.00295
Actual dimer rotation angle:         0.064 deg
Dimer rotation converged after    1 steps
Writing TS-mode
Curvature after dimer rotation:               -0.00295
Frequency of transition mode  -279.207 cm^-1 (negative value denotes imaginary frequency)
Crossover temperature for tunnelling       63.93521 K
Restarting L-BFGS optimiser, instance: dimer rotation
Next calculation will be the dimer  midpoint
dl-find/turbomole/=============================== Tstep:   81.4 Ttot:45655.9 ==
eandg
Spin: 
 Energy calculation finished, energy: -2.138686170E+03
Testing convergence of dimer midpoint in cycle  152
    Energy  1.1719E-05 Target: 1.0000E-06 converged?   no
  Max step  4.1844E-02 Target: 1.8000E-03 converged?   no component    13
  RMS step  6.7672E-03 Target: 1.2000E-03 converged?   no
  Max grad  2.9856E-04 Target: 4.5000E-04 converged?  yes component    43
  RMS grad  7.9310E-05 Target: 3.0000E-04 converged?  yes
Next calculation will be the dimer endpoint before rotation
dl-find/turbomole/=============================== Tstep:  123.5 Ttot:45779.5 ==
eandg
Spin: 
 Energy calculation finished, energy: -2.138686170E+03
Curvature at dimer midpoint                   -0.00296
Predicted dimer rotation angle:      2.290 deg
Next calculation will be the dimer endpoint after rotation
dl-find/turbomole/=============================== Tstep:  105.8 Ttot:45885.2 ==
eandg
Spin: 
 Energy calculation finished, energy: -2.138686170E+03
Curvature at dimer midpoint after rotation    -0.00270
Curvature at dimer minimum                    -0.00296
Actual dimer rotation angle:         0.078 deg
Dimer rotation converged after    1 steps
Writing TS-mode
Curvature after dimer rotation:               -0.00296
Frequency of transition mode  -279.493 cm^-1 (negative value denotes imaginary frequency)
Crossover temperature for tunnelling       64.00064 K
Restarting L-BFGS optimiser, instance: dimer rotation
Next calculation will be the dimer  midpoint
dl-find/turbomole/=============================== Tstep:   75.1 Ttot:45960.4 ==
eandg
Spin: 
 Energy calculation finished, energy: -2.138686177E+03
Testing convergence of dimer midpoint in cycle  153
    Energy  7.4320E-06 Target: 1.0000E-06 converged?   no
  Max step  9.1669E-03 Target: 1.8000E-03 converged?   no component    13
  RMS step  2.0851E-03 Target: 1.2000E-03 converged?   no
  Max grad  1.5345E-04 Target: 4.5000E-04 converged?  yes component    84
  RMS grad  4.7475E-05 Target: 3.0000E-04 converged?  yes
Next calculation will be the dimer endpoint before rotation
dl-find/turbomole/=============================== Tstep:  105.4 Ttot:46065.7 ==
eandg
Spin: 
 Energy calculation finished, energy: -2.138686177E+03
Curvature at dimer midpoint                   -0.00296
Predicted dimer rotation angle:      2.626 deg
Next calculation will be the dimer endpoint after rotation
dl-find/turbomole/=============================== Tstep:  104.7 Ttot:46170.4 ==
eandg
Spin: 
 Energy calculation finished, energy: -2.138686177E+03
Curvature at dimer midpoint after rotation    -0.00234
Curvature at dimer minimum                    -0.00296
Actual dimer rotation angle:         0.051 deg
Dimer rotation converged after    1 steps
Writing TS-mode
Curvature after dimer rotation:               -0.00296
Frequency of transition mode  -279.612 cm^-1 (negative value denotes imaginary frequency)
Crossover temperature for tunnelling       64.02797 K
Restarting L-BFGS optimiser, instance: dimer rotation
Next calculation will be the dimer  midpoint
dl-find/turbomole/=============================== Tstep:   75.9 Ttot:46246.3 ==
eandg
Spin: 
 Energy calculation finished, energy: -2.138686181E+03
Testing convergence of dimer midpoint in cycle  154
    Energy  4.3500E-06 Target: 1.0000E-06 converged?   no
  Max step  1.9093E-02 Target: 1.8000E-03 converged?   no component    13
  RMS step  2.9862E-03 Target: 1.2000E-03 converged?   no
  Max grad  1.7141E-04 Target: 4.5000E-04 converged?  yes component    64
  RMS grad  4.2295E-05 Target: 3.0000E-04 converged?  yes
Next calculation will be the dimer endpoint before rotation
dl-find/turbomole/=============================== Tstep:  109.4 Ttot:46355.6 ==
eandg
Spin: 
 Energy calculation finished, energy: -2.138686181E+03
Curvature at dimer midpoint                   -0.00296
Predicted dimer rotation angle:      1.894 deg
Dimer rotation converged after    0 steps
Writing TS-mode
Curvature after dimer rotation:               -0.00296
Frequency of transition mode  -279.795 cm^-1 (negative value denotes imaginary frequency)
Crossover temperature for tunnelling       64.06981 K
Restarting L-BFGS optimiser, instance: dimer rotation
Next calculation will be the dimer  midpoint
dl-find/turbomole/=============================== Tstep:  105.4 Ttot:46461.0 ==
eandg
Spin: 
 Energy calculation finished, energy: -2.138686184E+03
Testing convergence of dimer midpoint in cycle  155
    Energy  3.1790E-06 Target: 1.0000E-06 converged?   no
  Max step  1.4871E-02 Target: 1.8000E-03 converged?   no component    13
  RMS step  2.1771E-03 Target: 1.2000E-03 converged?   no
  Max grad  2.9543E-04 Target: 4.5000E-04 converged?  yes component    61
  RMS grad  5.1207E-05 Target: 3.0000E-04 converged?  yes
Next calculation will be the dimer endpoint before rotation
dl-find/turbomole/=============================== Tstep:  109.9 Ttot:46570.9 ==
eandg
Spin: 
 Energy calculation finished, energy: -2.138686184E+03
Curvature at dimer midpoint                   -0.00297
Predicted dimer rotation angle:      2.085 deg
Next calculation will be the dimer endpoint after rotation
dl-find/turbomole/=============================== Tstep:  108.0 Ttot:46678.9 ==
eandg
Spin: 
 Energy calculation finished, energy: -2.138686184E+03
Curvature at dimer midpoint after rotation    -0.00270
Curvature at dimer minimum                    -0.00297
Actual dimer rotation angle:         0.058 deg
Dimer rotation converged after    1 steps
Writing TS-mode
Curvature after dimer rotation:               -0.00297
Frequency of transition mode  -280.166 cm^-1 (negative value denotes imaginary frequency)
Crossover temperature for tunnelling       64.15469 K
Restarting L-BFGS optimiser, instance: dimer rotation
Next calculation will be the dimer  midpoint
dl-find/turbomole/=============================== Tstep:   74.6 Ttot:46753.5 ==
eandg
Spin: 
 Energy calculation finished, energy: -2.138686190E+03
Testing convergence of dimer midpoint in cycle  156
    Energy  5.0540E-06 Target: 1.0000E-06 converged?   no
  Max step  1.0739E-02 Target: 1.8000E-03 converged?   no component    13
  RMS step  1.6824E-03 Target: 1.2000E-03 converged?   no
  Max grad  1.6068E-04 Target: 4.5000E-04 converged?  yes component    61
  RMS grad  3.7533E-05 Target: 3.0000E-04 converged?  yes
Next calculation will be the dimer endpoint before rotation
dl-find/turbomole/=============================== Tstep:  112.2 Ttot:46865.7 ==
eandg
Spin: 
 Energy calculation finished, energy: -2.138686189E+03
Curvature at dimer midpoint                   -0.00297
Predicted dimer rotation angle:      1.973 deg
Dimer rotation converged after    0 steps
Writing TS-mode
Curvature after dimer rotation:               -0.00297
Frequency of transition mode  -280.334 cm^-1 (negative value denotes imaginary frequency)
Crossover temperature for tunnelling       64.19319 K
Restarting L-BFGS optimiser, instance: dimer rotation
Next calculation will be the dimer  midpoint
dl-find/turbomole/=============================== Tstep:  105.1 Ttot:46970.8 ==
eandg
Spin: 
 Energy calculation finished, energy: -2.138686191E+03
Testing convergence of dimer midpoint in cycle  157
    Energy  1.5020E-06 Target: 1.0000E-06 converged?   no
  Max step  2.1471E-02 Target: 1.8000E-03 converged?   no component    13
  RMS step  3.2867E-03 Target: 1.2000E-03 converged?   no
  Max grad  1.3131E-04 Target: 4.5000E-04 converged?  yes component    49
  RMS grad  3.7554E-05 Target: 3.0000E-04 converged?  yes
Next calculation will be the dimer endpoint before rotation
dl-find/turbomole/=============================== Tstep:   91.1 Ttot:47061.9 ==
eandg
Spin: 
 Energy calculation finished, energy: -2.138686191E+03
Curvature at dimer midpoint                   -0.00282
Predicted dimer rotation angle:      3.248 deg
Next calculation will be the dimer endpoint after rotation
dl-find/turbomole/=============================== Tstep:  109.4 Ttot:47171.3 ==
eandg
Spin: 
 Energy calculation finished, energy: -2.138686191E+03
Curvature at dimer midpoint after rotation    -0.00230
Curvature at dimer minimum                    -0.00282
Actual dimer rotation angle:         0.105 deg
Dimer rotation converged after    1 steps
Writing TS-mode
Curvature after dimer rotation:               -0.00282
Frequency of transition mode  -273.174 cm^-1 (negative value denotes imaginary frequency)
Crossover temperature for tunnelling       62.55378 K
Restarting L-BFGS optimiser, instance: dimer rotation
Next calculation will be the dimer  midpoint
dl-find/turbomole/=============================== Tstep:   88.7 Ttot:47260.0 ==
eandg
Spin: 
 Energy calculation finished, energy: -2.138686200E+03
Testing convergence of dimer midpoint in cycle  158
    Energy  9.3940E-06 Target: 1.0000E-06 converged?   no
  Max step  1.8630E-02 Target: 1.8000E-03 converged?   no component    13
  RMS step  3.1137E-03 Target: 1.2000E-03 converged?   no
  Max grad  2.5048E-04 Target: 4.5000E-04 converged?  yes component   140
  RMS grad  5.7925E-05 Target: 3.0000E-04 converged?  yes
Next calculation will be the dimer endpoint before rotation
dl-find/turbomole/=============================== Tstep:  114.7 Ttot:47374.7 ==
eandg
Spin: 
 Energy calculation finished, energy: -2.138686198E+03
Curvature at dimer midpoint                   -0.00294
Predicted dimer rotation angle:      3.993 deg
Next calculation will be the dimer endpoint after rotation
dl-find/turbomole/=============================== Tstep:  105.7 Ttot:47480.4 ==
eandg
Spin: 
 Energy calculation finished, energy: -2.138686198E+03
Curvature at dimer midpoint after rotation    -0.00131
Curvature at dimer minimum                    -0.00294
Actual dimer rotation angle:         0.068 deg
Dimer rotation converged after    1 steps
Writing TS-mode
Curvature after dimer rotation:               -0.00294
Frequency of transition mode  -278.733 cm^-1 (negative value denotes imaginary frequency)
Crossover temperature for tunnelling       63.82673 K
Restarting L-BFGS optimiser, instance: dimer rotation
Next calculation will be the dimer  midpoint
dl-find/turbomole/=============================== Tstep:   87.4 Ttot:47567.8 ==
eandg
Spin: 
 Energy calculation finished, energy: -2.138686205E+03
Testing convergence of dimer midpoint in cycle  159
    Energy  4.4970E-06 Target: 1.0000E-06 converged?   no
  Max step  5.6116E-03 Target: 1.8000E-03 converged?   no component    13
  RMS step  1.1834E-03 Target: 1.2000E-03 converged?  yes
  Max grad  1.7250E-04 Target: 4.5000E-04 converged?  yes component    61
  RMS grad  3.9832E-05 Target: 3.0000E-04 converged?  yes
Next calculation will be the dimer endpoint before rotation
dl-find/turbomole/=============================== Tstep:  113.2 Ttot:47681.0 ==
eandg
Spin: 
 Energy calculation finished, energy: -2.138686205E+03
Curvature at dimer midpoint                   -0.00297
Predicted dimer rotation angle:      2.059 deg
Next calculation will be the dimer endpoint after rotation
dl-find/turbomole/=============================== Tstep:  105.9 Ttot:47786.8 ==
eandg
Spin: 
 Energy calculation finished, energy: -2.138686205E+03
Curvature at dimer midpoint after rotation    -0.00271
Curvature at dimer minimum                    -0.00297
Actual dimer rotation angle:         0.058 deg
Dimer rotation converged after    1 steps
Writing TS-mode
Curvature after dimer rotation:               -0.00297
Frequency of transition mode  -279.952 cm^-1 (negative value denotes imaginary frequency)
Crossover temperature for tunnelling       64.10577 K
Restarting L-BFGS optimiser, instance: dimer rotation
Next calculation will be the dimer  midpoint
dl-find/turbomole/=============================== Tstep:   75.6 Ttot:47862.5 ==
eandg
Spin: 
 Energy calculation finished, energy: -2.138686205E+03
Testing convergence of dimer midpoint in cycle  160
    Energy  2.8500E-07 Target: 1.0000E-06 converged?  yes
  Max step  1.4753E-02 Target: 1.8000E-03 converged?   no component    13
  RMS step  2.8417E-03 Target: 1.2000E-03 converged?   no
  Max grad  1.2524E-04 Target: 4.5000E-04 converged?  yes component    79
  RMS grad  3.4165E-05 Target: 3.0000E-04 converged?  yes
Next calculation will be the dimer endpoint before rotation
dl-find/turbomole/=============================== Tstep:  113.9 Ttot:47976.4 ==
eandg
Spin: 
 Energy calculation finished, energy: -2.138686205E+03
Curvature at dimer midpoint                   -0.00297
Predicted dimer rotation angle:      1.984 deg
Dimer rotation converged after    0 steps
Writing TS-mode
Curvature after dimer rotation:               -0.00297
Frequency of transition mode  -280.122 cm^-1 (negative value denotes imaginary frequency)
Crossover temperature for tunnelling       64.14473 K
Restarting L-BFGS optimiser, instance: dimer rotation
Next calculation will be the dimer  midpoint
dl-find/turbomole/=============================== Tstep:  105.0 Ttot:48081.3 ==
eandg
Spin: 
 Energy calculation finished, energy: -2.138686207E+03
Testing convergence of dimer midpoint in cycle  161
    Energy  2.2360E-06 Target: 1.0000E-06 converged?   no
  Max step  1.3152E-02 Target: 1.8000E-03 converged?   no component    13
  RMS step  2.3858E-03 Target: 1.2000E-03 converged?   no
  Max grad  2.2184E-04 Target: 4.5000E-04 converged?  yes component   140
  RMS grad  4.8551E-05 Target: 3.0000E-04 converged?  yes
Next calculation will be the dimer endpoint before rotation
dl-find/turbomole/=============================== Tstep:  110.0 Ttot:48191.3 ==
eandg
Spin: 
 Energy calculation finished, energy: -2.138686207E+03
Curvature at dimer midpoint                   -0.00296
Predicted dimer rotation angle:      2.032 deg
Next calculation will be the dimer endpoint after rotation
dl-find/turbomole/=============================== Tstep:  105.1 Ttot:48296.4 ==
eandg
Spin: 
 Energy calculation finished, energy: -2.138686207E+03
Curvature at dimer midpoint after rotation    -0.00262
Curvature at dimer minimum                    -0.00296
Actual dimer rotation angle:         0.044 deg
Dimer rotation converged after    1 steps
Writing TS-mode
Curvature after dimer rotation:               -0.00296
Frequency of transition mode  -279.465 cm^-1 (negative value denotes imaginary frequency)
Crossover temperature for tunnelling       63.99433 K
Restarting L-BFGS optimiser, instance: dimer rotation
Next calculation will be the dimer  midpoint
dl-find/turbomole/=============================== Tstep:   77.0 Ttot:48373.4 ==
eandg
Spin: 
 Energy calculation finished, energy: -2.138686210E+03
Testing convergence of dimer midpoint in cycle  162
    Energy  3.2700E-06 Target: 1.0000E-06 converged?   no
  Max step  1.6699E-02 Target: 1.8000E-03 converged?   no component    13
  RMS step  2.9423E-03 Target: 1.2000E-03 converged?   no
  Max grad  1.3625E-04 Target: 4.5000E-04 converged?  yes component    61
  RMS grad  3.6667E-05 Target: 3.0000E-04 converged?  yes
Next calculation will be the dimer endpoint before rotation
dl-find/turbomole/=============================== Tstep:  114.2 Ttot:48487.7 ==
eandg
Spin: 
 Energy calculation finished, energy: -2.138686210E+03
Curvature at dimer midpoint                   -0.00293
Predicted dimer rotation angle:      2.366 deg
Next calculation will be the dimer endpoint after rotation
dl-find/turbomole/=============================== Tstep:  105.4 Ttot:48593.1 ==
eandg
Spin: 
 Energy calculation finished, energy: -2.138686210E+03
Curvature at dimer midpoint after rotation    -0.00269
Curvature at dimer minimum                    -0.00293
Actual dimer rotation angle:         0.090 deg
Dimer rotation converged after    1 steps
Writing TS-mode
Curvature after dimer rotation:               -0.00293
Frequency of transition mode  -278.220 cm^-1 (negative value denotes imaginary frequency)
Crossover temperature for tunnelling       63.70923 K
Restarting L-BFGS optimiser, instance: dimer rotation
Next calculation will be the dimer  midpoint
dl-find/turbomole/=============================== Tstep:   74.2 Ttot:48667.3 ==
eandg
Spin: 
 Energy calculation finished, energy: -2.138686212E+03
Testing convergence of dimer midpoint in cycle  163
    Energy  2.2240E-06 Target: 1.0000E-06 converged?   no
  Max step  1.5745E-02 Target: 1.8000E-03 converged?   no component    13
  RMS step  2.8783E-03 Target: 1.2000E-03 converged?   no
  Max grad  8.6924E-05 Target: 4.5000E-04 converged?  yes component    61
  RMS grad  3.2056E-05 Target: 3.0000E-04 converged?  yes
Next calculation will be the dimer endpoint before rotation
dl-find/turbomole/=============================== Tstep:  109.5 Ttot:48776.8 ==
eandg
Spin: 
 Energy calculation finished, energy: -2.138686213E+03
Curvature at dimer midpoint                   -0.00292
Predicted dimer rotation angle:      2.811 deg
Next calculation will be the dimer endpoint after rotation
dl-find/turbomole/=============================== Tstep:  104.5 Ttot:48881.3 ==
eandg
Spin: 
 Energy calculation finished, energy: -2.138686213E+03
Curvature at dimer midpoint after rotation    -0.00219
Curvature at dimer minimum                    -0.00292
Actual dimer rotation angle:         0.052 deg
Dimer rotation converged after    1 steps
Writing TS-mode
Curvature after dimer rotation:               -0.00292
Frequency of transition mode  -277.774 cm^-1 (negative value denotes imaginary frequency)
Crossover temperature for tunnelling       63.60700 K
Restarting L-BFGS optimiser, instance: dimer rotation
Next calculation will be the dimer  midpoint
dl-find/turbomole/=============================== Tstep:   75.2 Ttot:48956.5 ==
eandg
Spin: 
 Energy calculation finished, energy: -2.138686221E+03
Testing convergence of dimer midpoint in cycle  164
    Energy  8.8000E-06 Target: 1.0000E-06 converged?   no
  Max step  2.7713E-02 Target: 1.8000E-03 converged?   no component    13
  RMS step  4.9607E-03 Target: 1.2000E-03 converged?   no
  Max grad  2.6199E-04 Target: 4.5000E-04 converged?  yes component   156
  RMS grad  5.2802E-05 Target: 3.0000E-04 converged?  yes
Next calculation will be the dimer endpoint before rotation
dl-find/turbomole/=============================== Tstep:  116.6 Ttot:49073.1 ==
eandg
Spin: 
 Energy calculation finished, energy: -2.138686221E+03
Curvature at dimer midpoint                   -0.00294
Predicted dimer rotation angle:      1.805 deg
Dimer rotation converged after    0 steps
Writing TS-mode
Curvature after dimer rotation:               -0.00294
Frequency of transition mode  -278.634 cm^-1 (negative value denotes imaginary frequency)
Crossover temperature for tunnelling       63.80400 K
Restarting L-BFGS optimiser, instance: dimer rotation
Next calculation will be the dimer  midpoint
dl-find/turbomole/=============================== Tstep:  105.6 Ttot:49178.7 ==
eandg
Spin: 
 Energy calculation finished, energy: -2.138686219E+03
Testing convergence of dimer midpoint in cycle  165
    Energy  2.3750E-06 Target: 1.0000E-06 converged?   no
  Max step  1.7422E-02 Target: 1.8000E-03 converged?   no component    13
  RMS step  3.5443E-03 Target: 1.2000E-03 converged?   no
  Max grad  3.7749E-04 Target: 4.5000E-04 converged?  yes component    99
  RMS grad  6.5050E-05 Target: 3.0000E-04 converged?  yes
Next calculation will be the dimer endpoint before rotation
dl-find/turbomole/=============================== Tstep:  117.4 Ttot:49296.2 ==
eandg
Spin: 
 Energy calculation finished, energy: -2.138686219E+03
Curvature at dimer midpoint                   -0.00291
Predicted dimer rotation angle:      2.048 deg
Next calculation will be the dimer endpoint after rotation
dl-find/turbomole/=============================== Tstep:  109.6 Ttot:49405.7 ==
eandg
Spin: 
 Energy calculation finished, energy: -2.138686219E+03
Curvature at dimer midpoint after rotation    -0.00263
Curvature at dimer minimum                    -0.00291
Actual dimer rotation angle:         0.052 deg
Dimer rotation converged after    1 steps
Writing TS-mode
Curvature after dimer rotation:               -0.00291
Frequency of transition mode  -277.166 cm^-1 (negative value denotes imaginary frequency)
Crossover temperature for tunnelling       63.46783 K
Restarting L-BFGS optimiser, instance: dimer rotation
Next calculation will be the dimer  midpoint
dl-find/turbomole/=============================== Tstep:   74.4 Ttot:49480.1 ==
eandg
Spin: 
 Energy calculation finished, energy: -2.138686223E+03
Testing convergence of dimer midpoint in cycle  166
    Energy  3.8120E-06 Target: 1.0000E-06 converged?   no
  Max step  8.0027E-03 Target: 1.8000E-03 converged?   no component    15
  RMS step  1.5484E-03 Target: 1.2000E-03 converged?   no
  Max grad  1.2327E-04 Target: 4.5000E-04 converged?  yes component    61
  RMS grad  3.0568E-05 Target: 3.0000E-04 converged?  yes
Next calculation will be the dimer endpoint before rotation
dl-find/turbomole/=============================== Tstep:  107.6 Ttot:49587.7 ==
eandg
Spin: 
 Energy calculation finished, energy: -2.138686223E+03
Curvature at dimer midpoint                   -0.00292
Predicted dimer rotation angle:      1.911 deg
Dimer rotation converged after    0 steps
Writing TS-mode
Curvature after dimer rotation:               -0.00292
Frequency of transition mode  -277.781 cm^-1 (negative value denotes imaginary frequency)
Crossover temperature for tunnelling       63.60860 K
Restarting L-BFGS optimiser, instance: dimer rotation
Next calculation will be the dimer  midpoint
dl-find/turbomole/=============================== Tstep:  104.8 Ttot:49692.5 ==
eandg
Spin: 
 Energy calculation finished, energy: -2.138686223E+03
Testing convergence of dimer midpoint in cycle  167
    Energy  3.2400E-07 Target: 1.0000E-06 converged?  yes
  Max step  2.8432E-03 Target: 1.8000E-03 converged?   no component    40
  RMS step  7.9292E-04 Target: 1.2000E-03 converged?  yes
  Max grad  1.3622E-04 Target: 4.5000E-04 converged?  yes component    99
  RMS grad  2.5583E-05 Target: 3.0000E-04 converged?  yes
Next calculation will be the dimer endpoint before rotation
dl-find/turbomole/=============================== Tstep:  107.7 Ttot:49800.2 ==
eandg
Spin: 
 Energy calculation finished, energy: -2.138686223E+03
Curvature at dimer midpoint                   -0.00289
Predicted dimer rotation angle:      2.651 deg
Next calculation will be the dimer endpoint after rotation
dl-find/turbomole/=============================== Tstep:  105.2 Ttot:49905.4 ==
eandg
Spin: 
 Energy calculation finished, energy: -2.138686223E+03
Curvature at dimer midpoint after rotation    -0.00244
Curvature at dimer minimum                    -0.00289
Actual dimer rotation angle:         0.070 deg
Dimer rotation converged after    1 steps
Writing TS-mode
Curvature after dimer rotation:               -0.00289
Frequency of transition mode  -276.125 cm^-1 (negative value denotes imaginary frequency)
Crossover temperature for tunnelling       63.22936 K
Restarting L-BFGS optimiser, instance: dimer rotation
Next calculation will be the dimer  midpoint
dl-find/turbomole/=============================== Tstep:   75.9 Ttot:49981.2 ==
eandg
Spin: 
 Energy calculation finished, energy: -2.138686226E+03
Testing convergence of dimer midpoint in cycle  168
    Energy  3.4480E-06 Target: 1.0000E-06 converged?   no
  Max step  1.2395E-02 Target: 1.8000E-03 converged?   no component    13
  RMS step  2.8690E-03 Target: 1.2000E-03 converged?   no
  Max grad  2.0631E-04 Target: 4.5000E-04 converged?  yes component    99
  RMS grad  3.3055E-05 Target: 3.0000E-04 converged?  yes
Next calculation will be the dimer endpoint before rotation
dl-find/turbomole/=============================== Tstep:  113.4 Ttot:50094.6 ==
eandg
Spin: 
 Energy calculation finished, energy: -2.138686227E+03
Curvature at dimer midpoint                   -0.00292
Predicted dimer rotation angle:      2.737 deg
Next calculation will be the dimer endpoint after rotation
dl-find/turbomole/=============================== Tstep:  104.1 Ttot:50198.7 ==
eandg
Spin: 
 Energy calculation finished, energy: -2.138686227E+03
Curvature at dimer midpoint after rotation    -0.00223
Curvature at dimer minimum                    -0.00292
Actual dimer rotation angle:         0.051 deg
Dimer rotation converged after    1 steps
Writing TS-mode
Curvature after dimer rotation:               -0.00292
Frequency of transition mode  -277.902 cm^-1 (negative value denotes imaginary frequency)
Crossover temperature for tunnelling       63.63639 K
Restarting L-BFGS optimiser, instance: dimer rotation
Next calculation will be the dimer  midpoint
dl-find/turbomole/=============================== Tstep:   79.6 Ttot:50278.4 ==
eandg
Spin: 
 Energy calculation finished, energy: -2.138686224E+03
Testing convergence of dimer midpoint in cycle  169
    Energy  2.3510E-06 Target: 1.0000E-06 converged?   no
  Max step  2.0668E-02 Target: 1.8000E-03 converged?   no component    13
  RMS step  4.8248E-03 Target: 1.2000E-03 converged?   no
  Max grad  2.3254E-04 Target: 4.5000E-04 converged?  yes component    61
  RMS grad  5.3897E-05 Target: 3.0000E-04 converged?  yes
Next calculation will be the dimer endpoint before rotation
dl-find/turbomole/=============================== Tstep:  108.5 Ttot:50386.8 ==
eandg
Spin: 
 Energy calculation finished, energy: -2.138686224E+03
Curvature at dimer midpoint                   -0.00289
Predicted dimer rotation angle:      1.699 deg
Dimer rotation converged after    0 steps
Writing TS-mode
Curvature after dimer rotation:               -0.00289
Frequency of transition mode  -276.427 cm^-1 (negative value denotes imaginary frequency)
Crossover temperature for tunnelling       63.29857 K
Restarting L-BFGS optimiser, instance: dimer rotation
Next calculation will be the dimer  midpoint
dl-find/turbomole/=============================== Tstep:  105.9 Ttot:50492.7 ==
eandg
Spin: 
 Energy calculation finished, energy: -2.138686228E+03
Testing convergence of dimer midpoint in cycle  170
    Energy  3.7230E-06 Target: 1.0000E-06 converged?   no
  Max step  1.8245E-02 Target: 1.8000E-03 converged?   no component    13
  RMS step  4.4166E-03 Target: 1.2000E-03 converged?   no
  Max grad  1.0593E-04 Target: 4.5000E-04 converged?  yes component    79
  RMS grad  3.6830E-05 Target: 3.0000E-04 converged?  yes
Next calculation will be the dimer endpoint before rotation
dl-find/turbomole/=============================== Tstep:  120.4 Ttot:50613.1 ==
eandg
Spin: 
 Energy calculation finished, energy: -2.138686228E+03
Curvature at dimer midpoint                   -0.00289
Predicted dimer rotation angle:      1.885 deg
Dimer rotation converged after    0 steps
Writing TS-mode
Curvature after dimer rotation:               -0.00289
Frequency of transition mode  -276.219 cm^-1 (negative value denotes imaginary frequency)
Crossover temperature for tunnelling       63.25088 K
Restarting L-BFGS optimiser, instance: dimer rotation
Next calculation will be the dimer  midpoint
dl-find/turbomole/=============================== Tstep:  106.0 Ttot:50719.0 ==
eandg
Spin: 
 Energy calculation finished, energy: -2.138686229E+03
Testing convergence of dimer midpoint in cycle  171
    Energy  1.1740E-06 Target: 1.0000E-06 converged?   no
  Max step  1.3406E-03 Target: 1.8000E-03 converged?  yes component   249
  RMS step  3.6459E-04 Target: 1.2000E-03 converged?  yes
  Max grad  5.7723E-05 Target: 4.5000E-04 converged?  yes component    38
  RMS grad  2.2633E-05 Target: 3.0000E-04 converged?  yes
Next calculation will be the dimer endpoint before rotation
dl-find/turbomole/=============================== Tstep:  106.9 Ttot:50825.9 ==
eandg
Spin: 
 Energy calculation finished, energy: -2.138686230E+03
Curvature at dimer midpoint                   -0.00289
Predicted dimer rotation angle:      1.996 deg
Dimer rotation converged after    0 steps
Writing TS-mode
Curvature after dimer rotation:               -0.00289
Frequency of transition mode  -276.152 cm^-1 (negative value denotes imaginary frequency)
Crossover temperature for tunnelling       63.23551 K
Restarting L-BFGS optimiser, instance: dimer rotation
Next calculation will be the dimer  midpoint
dl-find/turbomole/=============================== Tstep:  106.3 Ttot:50932.3 ==
eandg
Spin: 
 Energy calculation finished, energy: -2.138686236E+03
Testing convergence of dimer midpoint in cycle  172
    Energy  7.3680E-06 Target: 1.0000E-06 converged?   no
  Max step  2.5262E-03 Target: 1.8000E-03 converged?   no component    10
  RMS step  7.0786E-04 Target: 1.2000E-03 converged?  yes
  Max grad  1.1498E-04 Target: 4.5000E-04 converged?  yes component    99
  RMS grad  2.8384E-05 Target: 3.0000E-04 converged?  yes
Next calculation will be the dimer endpoint before rotation
dl-find/turbomole/=============================== Tstep:  109.4 Ttot:51041.7 ==
eandg
Spin: 
 Energy calculation finished, energy: -2.138686236E+03
Curvature at dimer midpoint                   -0.00289
Predicted dimer rotation angle:      1.855 deg
Dimer rotation converged after    0 steps
Writing TS-mode
Curvature after dimer rotation:               -0.00289
Frequency of transition mode  -276.438 cm^-1 (negative value denotes imaginary frequency)
Crossover temperature for tunnelling       63.30105 K
Restarting L-BFGS optimiser, instance: dimer rotation
Next calculation will be the dimer  midpoint
dl-find/turbomole/=============================== Tstep:  104.6 Ttot:51146.2 ==
eandg
Spin: 
 Energy calculation finished, energy: -2.138686234E+03
Testing convergence of dimer midpoint in cycle  173
    Energy  2.3960E-06 Target: 1.0000E-06 converged?   no
  Max step  6.4345E-03 Target: 1.8000E-03 converged?   no component    13
  RMS step  1.7603E-03 Target: 1.2000E-03 converged?   no
  Max grad  2.8396E-04 Target: 4.5000E-04 converged?  yes component    58
  RMS grad  4.1794E-05 Target: 3.0000E-04 converged?  yes
Next calculation will be the dimer endpoint before rotation
dl-find/turbomole/=============================== Tstep:  106.7 Ttot:51252.9 ==
eandg
Spin: 
 Energy calculation finished, energy: -2.138686237E+03
Curvature at dimer midpoint                   -0.00283
Predicted dimer rotation angle:      7.664 deg
Next calculation will be the dimer endpoint after rotation
dl-find/turbomole/=============================== Tstep:  109.1 Ttot:51362.0 ==
eandg
Spin: 
 Energy calculation finished, energy: -2.138686234E+03
Curvature at dimer midpoint after rotation     0.00049
Curvature at dimer minimum                    -0.00284
Actual dimer rotation angle:         0.224 deg
Dimer rotation converged after    1 steps
Writing TS-mode
Curvature after dimer rotation:               -0.00284
Frequency of transition mode  -273.739 cm^-1 (negative value denotes imaginary frequency)
Crossover temperature for tunnelling       62.68316 K
Restarting L-BFGS optimiser, instance: dimer rotation
Next calculation will be the dimer  midpoint
dl-find/turbomole/=============================== Tstep:   83.8 Ttot:51445.8 ==
eandg
Spin: 
 Energy calculation finished, energy: -2.138686235E+03
Testing convergence of dimer midpoint in cycle  174
    Energy  9.0500E-07 Target: 1.0000E-06 converged?  yes
  Max step  6.2870E-03 Target: 1.8000E-03 converged?   no component    13
  RMS step  1.6673E-03 Target: 1.2000E-03 converged?   no
  Max grad  1.4547E-04 Target: 4.5000E-04 converged?  yes component    59
  RMS grad  2.9987E-05 Target: 3.0000E-04 converged?  yes
Next calculation will be the dimer endpoint before rotation
dl-find/turbomole/=============================== Tstep:  111.1 Ttot:51556.9 ==
eandg
Spin: 
 Energy calculation finished, energy: -2.138686235E+03
Curvature at dimer midpoint                   -0.00287
Predicted dimer rotation angle:      9.327 deg
Next calculation will be the dimer endpoint after rotation
dl-find/turbomole/=============================== Tstep:  105.3 Ttot:51662.2 ==
eandg
Spin: 
 Energy calculation finished, energy: -2.138686234E+03
Curvature at dimer midpoint after rotation     0.00794
Curvature at dimer minimum                    -0.00288
Actual dimer rotation angle:         0.131 deg
Dimer rotation converged after    1 steps
Writing TS-mode
Curvature after dimer rotation:               -0.00288
Frequency of transition mode  -275.689 cm^-1 (negative value denotes imaginary frequency)
Crossover temperature for tunnelling       63.12967 K
Restarting L-BFGS optimiser, instance: dimer rotation
Next calculation will be the dimer  midpoint
dl-find/turbomole/=============================== Tstep:   92.0 Ttot:51754.2 ==
eandg
Spin: 
 Energy calculation finished, energy: -2.138686248E+03
Testing convergence of dimer midpoint in cycle  175
    Energy  1.3352E-05 Target: 1.0000E-06 converged?   no
  Max step  7.5240E-03 Target: 1.8000E-03 converged?   no component    13
  RMS step  2.2577E-03 Target: 1.2000E-03 converged?   no
  Max grad  9.4695E-05 Target: 4.5000E-04 converged?  yes component   251
  RMS grad  2.5742E-05 Target: 3.0000E-04 converged?  yes
Next calculation will be the dimer endpoint before rotation
dl-find/turbomole/=============================== Tstep:  118.2 Ttot:51872.4 ==
eandg
Spin: 
 Energy calculation finished, energy: -2.138686248E+03
Curvature at dimer midpoint                   -0.00286
Predicted dimer rotation angle:      2.634 deg
Next calculation will be the dimer endpoint after rotation
dl-find/turbomole/=============================== Tstep:  108.5 Ttot:51980.9 ==
eandg
Spin: 
 Energy calculation finished, energy: -2.138686248E+03
Curvature at dimer midpoint after rotation    -0.00256
Curvature at dimer minimum                    -0.00287
Actual dimer rotation angle:         0.097 deg
Dimer rotation converged after    1 steps
Writing TS-mode
Curvature after dimer rotation:               -0.00287
Frequency of transition mode  -275.159 cm^-1 (negative value denotes imaginary frequency)
Crossover temperature for tunnelling       63.00819 K
Restarting L-BFGS optimiser, instance: dimer rotation
Next calculation will be the dimer  midpoint
dl-find/turbomole/=============================== Tstep:   64.6 Ttot:52045.4 ==
eandg
Spin: 
 Energy calculation finished, energy: -2.138686248E+03
Testing convergence of dimer midpoint in cycle  176
    Energy  1.4400E-07 Target: 1.0000E-06 converged?  yes
  Max step  1.8221E-02 Target: 1.8000E-03 converged?   no component    13
  RMS step  3.4720E-03 Target: 1.2000E-03 converged?   no
  Max grad  1.8235E-04 Target: 4.5000E-04 converged?  yes component    58
  RMS grad  4.2202E-05 Target: 3.0000E-04 converged?  yes
Next calculation will be the dimer endpoint before rotation
dl-find/turbomole/=============================== Tstep:  112.7 Ttot:52158.2 ==
eandg
Spin: 
 Energy calculation finished, energy: -2.138686248E+03
Curvature at dimer midpoint                   -0.00285
Predicted dimer rotation angle:      2.709 deg
Next calculation will be the dimer endpoint after rotation
dl-find/turbomole/=============================== Tstep:  105.5 Ttot:52263.7 ==
eandg
Spin: 
 Energy calculation finished, energy: -2.138686248E+03
Curvature at dimer midpoint after rotation    -0.00214
Curvature at dimer minimum                    -0.00285
Actual dimer rotation angle:         0.047 deg
Dimer rotation converged after    1 steps
Writing TS-mode
Curvature after dimer rotation:               -0.00285
Frequency of transition mode  -274.488 cm^-1 (negative value denotes imaginary frequency)
Crossover temperature for tunnelling       62.85456 K
Restarting L-BFGS optimiser, instance: dimer rotation
Next calculation will be the dimer  midpoint
dl-find/turbomole/=============================== Tstep:   76.5 Ttot:52340.2 ==
eandg
Spin: 
 Energy calculation finished, energy: -2.138686243E+03
Testing convergence of dimer midpoint in cycle  177
    Energy  5.0240E-06 Target: 1.0000E-06 converged?   no
  Max step  4.9072E-03 Target: 1.8000E-03 converged?   no component    13
  RMS step  9.8785E-04 Target: 1.2000E-03 converged?  yes
  Max grad  1.3880E-04 Target: 4.5000E-04 converged?  yes component    58
  RMS grad  2.9613E-05 Target: 3.0000E-04 converged?  yes
Next calculation will be the dimer endpoint before rotation
dl-find/turbomole/=============================== Tstep:  106.3 Ttot:52446.5 ==
eandg
Spin: 
 Energy calculation finished, energy: -2.138686243E+03
Curvature at dimer midpoint                   -0.00285
Predicted dimer rotation angle:      1.612 deg
Dimer rotation converged after    0 steps
Writing TS-mode
Curvature after dimer rotation:               -0.00285
Frequency of transition mode  -274.198 cm^-1 (negative value denotes imaginary frequency)
Crossover temperature for tunnelling       62.78812 K
Restarting L-BFGS optimiser, instance: dimer rotation
Next calculation will be the dimer  midpoint
dl-find/turbomole/=============================== Tstep:  105.6 Ttot:52552.1 ==
eandg
Spin: 
 Energy calculation finished, energy: -2.138686249E+03
Testing convergence of dimer midpoint in cycle  178
    Energy  5.4350E-06 Target: 1.0000E-06 converged?   no
  Max step  1.0760E-02 Target: 1.8000E-03 converged?   no component    15
  RMS step  2.6857E-03 Target: 1.2000E-03 converged?   no
  Max grad  8.7756E-05 Target: 4.5000E-04 converged?  yes component    61
  RMS grad  2.6770E-05 Target: 3.0000E-04 converged?  yes
Next calculation will be the dimer endpoint before rotation
dl-find/turbomole/=============================== Tstep:  113.4 Ttot:52665.6 ==
eandg
Spin: 
 Energy calculation finished, energy: -2.138686248E+03
Curvature at dimer midpoint                   -0.00284
Predicted dimer rotation angle:      1.672 deg
Dimer rotation converged after    0 steps
Writing TS-mode
Curvature after dimer rotation:               -0.00284
Frequency of transition mode  -273.831 cm^-1 (negative value denotes imaginary frequency)
Crossover temperature for tunnelling       62.70418 K
Restarting L-BFGS optimiser, instance: dimer rotation
Next calculation will be the dimer  midpoint
dl-find/turbomole/=============================== Tstep:  106.0 Ttot:52771.6 ==
eandg
Spin: 
 Energy calculation finished, energy: -2.138686252E+03
Testing convergence of dimer midpoint in cycle  179
    Energy  3.2720E-06 Target: 1.0000E-06 converged?   no
  Max step  6.1218E-03 Target: 1.8000E-03 converged?   no component    13
  RMS step  1.6440E-03 Target: 1.2000E-03 converged?   no
  Max grad  1.7671E-04 Target: 4.5000E-04 converged?  yes component   156
  RMS grad  3.3261E-05 Target: 3.0000E-04 converged?  yes
Next calculation will be the dimer endpoint before rotation
dl-find/turbomole/=============================== Tstep:  109.1 Ttot:52880.7 ==
eandg
Spin: 
 Energy calculation finished, energy: -2.138686251E+03
Curvature at dimer midpoint                   -0.00283
Predicted dimer rotation angle:      1.931 deg
Dimer rotation converged after    0 steps
Writing TS-mode
Curvature after dimer rotation:               -0.00283
Frequency of transition mode  -273.380 cm^-1 (negative value denotes imaginary frequency)
Crossover temperature for tunnelling       62.60092 K
Restarting L-BFGS optimiser, instance: dimer rotation
Next calculation will be the dimer  midpoint
dl-find/turbomole/=============================== Tstep:  104.9 Ttot:52985.6 ==
eandg
Spin: 
 Energy calculation finished, energy: -2.138686260E+03
Testing convergence of dimer midpoint in cycle  180
    Energy  8.5110E-06 Target: 1.0000E-06 converged?   no
  Max step  1.2188E-02 Target: 1.8000E-03 converged?   no component    13
  RMS step  3.3761E-03 Target: 1.2000E-03 converged?   no
  Max grad  1.6976E-04 Target: 4.5000E-04 converged?  yes component    55
  RMS grad  3.9534E-05 Target: 3.0000E-04 converged?  yes
Next calculation will be the dimer endpoint before rotation
dl-find/turbomole/=============================== Tstep:  113.8 Ttot:53099.5 ==
eandg
Spin: 
 Energy calculation finished, energy: -2.138686261E+03
Curvature at dimer midpoint                   -0.00282
Predicted dimer rotation angle:      2.845 deg
Next calculation will be the dimer endpoint after rotation
dl-find/turbomole/=============================== Tstep:  106.3 Ttot:53205.8 ==
eandg
Spin: 
 Energy calculation finished, energy: -2.138686260E+03
Curvature at dimer midpoint after rotation    -0.00252
Curvature at dimer minimum                    -0.00282
Actual dimer rotation angle:         0.120 deg
Dimer rotation converged after    1 steps
Writing TS-mode
Curvature after dimer rotation:               -0.00282
Frequency of transition mode  -272.934 cm^-1 (negative value denotes imaginary frequency)
Crossover temperature for tunnelling       62.49867 K
Restarting L-BFGS optimiser, instance: dimer rotation
Next calculation will be the dimer  midpoint
dl-find/turbomole/=============================== Tstep:   78.8 Ttot:53284.5 ==
eandg
Spin: 
 Energy calculation finished, energy: -2.138686263E+03
Testing convergence of dimer midpoint in cycle  181
    Energy  2.9320E-06 Target: 1.0000E-06 converged?   no
  Max step  3.8108E-03 Target: 1.8000E-03 converged?   no component    13
  RMS step  1.1840E-03 Target: 1.2000E-03 converged?  yes
  Max grad  7.8740E-05 Target: 4.5000E-04 converged?  yes component    99
  RMS grad  2.7547E-05 Target: 3.0000E-04 converged?  yes
Next calculation will be the dimer endpoint before rotation
dl-find/turbomole/=============================== Tstep:  104.6 Ttot:53389.1 ==
eandg
Spin: 
 Energy calculation finished, energy: -2.138686263E+03
Curvature at dimer midpoint                   -0.00282
Predicted dimer rotation angle:      3.409 deg
Next calculation will be the dimer endpoint after rotation
dl-find/turbomole/=============================== Tstep:  104.2 Ttot:53493.3 ==
eandg
Spin: 
 Energy calculation finished, energy: -2.138686262E+03
Curvature at dimer midpoint after rotation    -0.00172
Curvature at dimer minimum                    -0.00282
Actual dimer rotation angle:         0.060 deg
Dimer rotation converged after    1 steps
Writing TS-mode
Curvature after dimer rotation:               -0.00282
Frequency of transition mode  -273.044 cm^-1 (negative value denotes imaginary frequency)
Crossover temperature for tunnelling       62.52399 K
Restarting L-BFGS optimiser, instance: dimer rotation
Next calculation will be the dimer  midpoint
dl-find/turbomole/=============================== Tstep:   66.9 Ttot:53560.2 ==
eandg
Spin: 
 Energy calculation finished, energy: -2.138686263E+03
Testing convergence of dimer midpoint in cycle  182
    Energy  6.9999E-09 Target: 1.0000E-06 converged?  yes
  Max step  3.3668E-03 Target: 1.8000E-03 converged?   no component   177
  RMS step  1.1683E-03 Target: 1.2000E-03 converged?  yes
  Max grad  1.1322E-04 Target: 4.5000E-04 converged?  yes component   156
  RMS grad  2.8031E-05 Target: 3.0000E-04 converged?  yes
Next calculation will be the dimer endpoint before rotation
dl-find/turbomole/=============================== Tstep:  107.9 Ttot:53668.1 ==
eandg
Spin: 
 Energy calculation finished, energy: -2.138686262E+03
Curvature at dimer midpoint                   -0.00283
Predicted dimer rotation angle:      2.009 deg
Next calculation will be the dimer endpoint after rotation
dl-find/turbomole/=============================== Tstep:  104.2 Ttot:53772.3 ==
eandg
Spin: 
 Energy calculation finished, energy: -2.138686263E+03
Curvature at dimer midpoint after rotation    -0.00260
Curvature at dimer minimum                    -0.00283
Actual dimer rotation angle:         0.057 deg
Dimer rotation converged after    1 steps
Writing TS-mode
Curvature after dimer rotation:               -0.00283
Frequency of transition mode  -273.494 cm^-1 (negative value denotes imaginary frequency)
Crossover temperature for tunnelling       62.62707 K
Restarting L-BFGS optimiser, instance: dimer rotation
Next calculation will be the dimer  midpoint
dl-find/turbomole/=============================== Tstep:   74.3 Ttot:53846.5 ==
eandg
Spin: 
 Energy calculation finished, energy: -2.138686251E+03
Testing convergence of dimer midpoint in cycle  183
    Energy  1.2252E-05 Target: 1.0000E-06 converged?   no
  Max step  6.1186E-03 Target: 1.8000E-03 converged?   no component    13
  RMS step  1.7182E-03 Target: 1.2000E-03 converged?   no
  Max grad  1.5264E-04 Target: 4.5000E-04 converged?  yes component   173
  RMS grad  3.5277E-05 Target: 3.0000E-04 converged?  yes
Next calculation will be the dimer endpoint before rotation
dl-find/turbomole/=============================== Tstep:  114.2 Ttot:53960.8 ==
eandg
Spin: 
 Energy calculation finished, energy: -2.138686250E+03
Curvature at dimer midpoint                   -0.00283
Predicted dimer rotation angle:      2.159 deg
Next calculation will be the dimer endpoint after rotation
dl-find/turbomole/=============================== Tstep:  105.1 Ttot:54065.9 ==
eandg
Spin: 
 Energy calculation finished, energy: -2.138686250E+03
Curvature at dimer midpoint after rotation    -0.00244
Curvature at dimer minimum                    -0.00283
Actual dimer rotation angle:         0.042 deg
Dimer rotation converged after    1 steps
Writing TS-mode
Curvature after dimer rotation:               -0.00283
Frequency of transition mode  -273.677 cm^-1 (negative value denotes imaginary frequency)
Crossover temperature for tunnelling       62.66880 K
Restarting L-BFGS optimiser, instance: dimer rotation
Next calculation will be the dimer  midpoint
dl-find/turbomole/=============================== Tstep:   71.2 Ttot:54137.1 ==
eandg
Spin: 
 Energy calculation finished, energy: -2.138686261E+03
Testing convergence of dimer midpoint in cycle  184
    Energy  1.0226E-05 Target: 1.0000E-06 converged?   no
  Max step  8.6891E-03 Target: 1.8000E-03 converged?   no component    13
  RMS step  2.4334E-03 Target: 1.2000E-03 converged?   no
  Max grad  2.0841E-04 Target: 4.5000E-04 converged?  yes component    84
  RMS grad  3.4871E-05 Target: 3.0000E-04 converged?  yes
Next calculation will be the dimer endpoint before rotation
dl-find/turbomole/=============================== Tstep:  109.8 Ttot:54246.9 ==
eandg
Spin: 
 Energy calculation finished, energy: -2.138686261E+03
Curvature at dimer midpoint                   -0.00283
Predicted dimer rotation angle:      1.745 deg
Dimer rotation converged after    0 steps
Writing TS-mode
Curvature after dimer rotation:               -0.00283
Frequency of transition mode  -273.242 cm^-1 (negative value denotes imaginary frequency)
Crossover temperature for tunnelling       62.56918 K
Restarting L-BFGS optimiser, instance: dimer rotation
Next calculation will be the dimer  midpoint
dl-find/turbomole/=============================== Tstep:  104.6 Ttot:54351.4 ==
eandg
Spin: 
 Energy calculation finished, energy: -2.138686263E+03
Testing convergence of dimer midpoint in cycle  185
    Energy  2.0040E-06 Target: 1.0000E-06 converged?   no
  Max step  5.2205E-03 Target: 1.8000E-03 converged?   no component    13
  RMS step  1.3446E-03 Target: 1.2000E-03 converged?   no
  Max grad  6.7278E-05 Target: 4.5000E-04 converged?  yes component    91
  RMS grad  2.4310E-05 Target: 3.0000E-04 converged?  yes
Next calculation will be the dimer endpoint before rotation
dl-find/turbomole/=============================== Tstep:  112.6 Ttot:54464.0 ==
eandg
Spin: 
 Energy calculation finished, energy: -2.138686263E+03
Curvature at dimer midpoint                   -0.00283
Predicted dimer rotation angle:      1.795 deg
Dimer rotation converged after    0 steps
Writing TS-mode
Curvature after dimer rotation:               -0.00283
Frequency of transition mode  -273.284 cm^-1 (negative value denotes imaginary frequency)
Crossover temperature for tunnelling       62.57889 K
Restarting L-BFGS optimiser, instance: dimer rotation
Next calculation will be the dimer  midpoint
dl-find/turbomole/=============================== Tstep:  105.6 Ttot:54569.6 ==
eandg
Spin: 
 Energy calculation finished, energy: -2.138686265E+03
Testing convergence of dimer midpoint in cycle  186
    Energy  1.4760E-06 Target: 1.0000E-06 converged?   no
  Max step  5.1575E-03 Target: 1.8000E-03 converged?   no component    13
  RMS step  1.5156E-03 Target: 1.2000E-03 converged?   no
  Max grad  6.7248E-05 Target: 4.5000E-04 converged?  yes component    55
  RMS grad  2.3382E-05 Target: 3.0000E-04 converged?  yes
Next calculation will be the dimer endpoint before rotation
dl-find/turbomole/=============================== Tstep:  112.9 Ttot:54682.4 ==
eandg
Spin: 
 Energy calculation finished, energy: -2.138686264E+03
Curvature at dimer midpoint                   -0.00284
Predicted dimer rotation angle:      1.637 deg
Dimer rotation converged after    0 steps
Writing TS-mode
Curvature after dimer rotation:               -0.00284
Frequency of transition mode  -273.764 cm^-1 (negative value denotes imaginary frequency)
Crossover temperature for tunnelling       62.68875 K
Restarting L-BFGS optimiser, instance: dimer rotation
Next calculation will be the dimer  midpoint
dl-find/turbomole/=============================== Tstep:  108.0 Ttot:54790.5 ==
eandg
Spin: 
 Energy calculation finished, energy: -2.138686267E+03
Testing convergence of dimer midpoint in cycle  187
    Energy  2.2120E-06 Target: 1.0000E-06 converged?   no
  Max step  4.2448E-03 Target: 1.8000E-03 converged?   no component    11
  RMS step  1.2539E-03 Target: 1.2000E-03 converged?   no
  Max grad  1.0473E-04 Target: 4.5000E-04 converged?  yes component    84
  RMS grad  2.7040E-05 Target: 3.0000E-04 converged?  yes
Next calculation will be the dimer endpoint before rotation
dl-find/turbomole/=============================== Tstep:  107.4 Ttot:54897.9 ==
eandg
Spin: 
 Energy calculation finished, energy: -2.138686266E+03
Curvature at dimer midpoint                   -0.00284
Predicted dimer rotation angle:      1.715 deg
Dimer rotation converged after    0 steps
Writing TS-mode
Curvature after dimer rotation:               -0.00284
Frequency of transition mode  -273.803 cm^-1 (negative value denotes imaginary frequency)
Crossover temperature for tunnelling       62.69762 K
Restarting L-BFGS optimiser, instance: dimer rotation
Next calculation will be the dimer  midpoint
dl-find/turbomole/=============================== Tstep:  105.7 Ttot:55003.6 ==
eandg
Spin: 
 Energy calculation finished, energy: -2.138686269E+03
Testing convergence of dimer midpoint in cycle  188
    Energy  2.3280E-06 Target: 1.0000E-06 converged?   no
  Max step  9.3144E-03 Target: 1.8000E-03 converged?   no component    11
  RMS step  2.7839E-03 Target: 1.2000E-03 converged?   no
  Max grad  1.9188E-04 Target: 4.5000E-04 converged?  yes component    43
  RMS grad  3.6737E-05 Target: 3.0000E-04 converged?  yes
Next calculation will be the dimer endpoint before rotation
dl-find/turbomole/=============================== Tstep:  109.7 Ttot:55113.3 ==
eandg
Spin: 
 Energy calculation finished, energy: -2.138686269E+03
Curvature at dimer midpoint                   -0.00285
Predicted dimer rotation angle:      1.916 deg
Dimer rotation converged after    0 steps
Writing TS-mode
Curvature after dimer rotation:               -0.00285
Frequency of transition mode  -274.190 cm^-1 (negative value denotes imaginary frequency)
Crossover temperature for tunnelling       62.78638 K
Restarting L-BFGS optimiser, instance: dimer rotation
Next calculation will be the dimer  midpoint
dl-find/turbomole/=============================== Tstep:  105.2 Ttot:55218.5 ==
eandg
Spin: 
 Energy calculation finished, energy: -2.138686271E+03
Testing convergence of dimer midpoint in cycle  189
    Energy  1.7130E-06 Target: 1.0000E-06 converged?   no
  Max step  2.9645E-03 Target: 1.8000E-03 converged?   no component    11
  RMS step  8.8824E-04 Target: 1.2000E-03 converged?  yes
  Max grad  6.3561E-05 Target: 4.5000E-04 converged?  yes component   248
  RMS grad  2.4402E-05 Target: 3.0000E-04 converged?  yes
Next calculation will be the dimer endpoint before rotation
dl-find/turbomole/=============================== Tstep:  107.3 Ttot:55325.8 ==
eandg
Spin: 
 Energy calculation finished, energy: -2.138686270E+03
Curvature at dimer midpoint                   -0.00286
Predicted dimer rotation angle:      1.959 deg
Dimer rotation converged after    0 steps
Writing TS-mode
Curvature after dimer rotation:               -0.00286
Frequency of transition mode  -274.865 cm^-1 (negative value denotes imaginary frequency)
Crossover temperature for tunnelling       62.94097 K
Restarting L-BFGS optimiser, instance: dimer rotation
Next calculation will be the dimer  midpoint
dl-find/turbomole/=============================== Tstep:  105.2 Ttot:55430.9 ==
eandg
Spin: 
 Energy calculation finished, energy: -2.138686273E+03
Testing convergence of dimer midpoint in cycle  190
    Energy  1.7410E-06 Target: 1.0000E-06 converged?   no
  Max step  1.0205E-03 Target: 1.8000E-03 converged?  yes component   240
  RMS step  2.8948E-04 Target: 1.2000E-03 converged?  yes
  Max grad  8.1904E-05 Target: 4.5000E-04 converged?  yes component    45
  RMS grad  2.0890E-05 Target: 3.0000E-04 converged?  yes
Next calculation will be the dimer endpoint before rotation
dl-find/turbomole/=============================== Tstep:  108.4 Ttot:55539.3 ==
eandg
Spin: 
 Energy calculation finished, energy: -2.138686272E+03
Curvature at dimer midpoint                   -0.00286
Predicted dimer rotation angle:      1.940 deg
Dimer rotation converged after    0 steps
Writing TS-mode
Curvature after dimer rotation:               -0.00286
Frequency of transition mode  -275.086 cm^-1 (negative value denotes imaginary frequency)
Crossover temperature for tunnelling       62.99163 K
Restarting L-BFGS optimiser, instance: dimer rotation
Next calculation will be the dimer  midpoint
dl-find/turbomole/=============================== Tstep:  105.4 Ttot:55644.7 ==
eandg
Spin: 
 Energy calculation finished, energy: -2.138686272E+03
Testing convergence of dimer midpoint in cycle  191
    Energy  3.8500E-07 Target: 1.0000E-06 converged?  yes
  Max step  3.3509E-03 Target: 1.8000E-03 converged?   no component   162
  RMS step  1.1150E-03 Target: 1.2000E-03 converged?  yes
  Max grad  1.1183E-04 Target: 4.5000E-04 converged?  yes component    99
  RMS grad  2.2606E-05 Target: 3.0000E-04 converged?  yes
Next calculation will be the dimer endpoint before rotation
dl-find/turbomole/=============================== Tstep:  107.1 Ttot:55751.9 ==
eandg
Spin: 
 Energy calculation finished, energy: -2.138686273E+03
Curvature at dimer midpoint                   -0.00286
Predicted dimer rotation angle:      2.364 deg
Next calculation will be the dimer endpoint after rotation
dl-find/turbomole/=============================== Tstep:  102.4 Ttot:55854.3 ==
eandg
Spin: 
 Energy calculation finished, energy: -2.138686272E+03
Curvature at dimer midpoint after rotation    -0.00241
Curvature at dimer minimum                    -0.00286
Actual dimer rotation angle:         0.049 deg
Dimer rotation converged after    1 steps
Writing TS-mode
Curvature after dimer rotation:               -0.00286
Frequency of transition mode  -274.721 cm^-1 (negative value denotes imaginary frequency)
Crossover temperature for tunnelling       62.90785 K
Restarting L-BFGS optimiser, instance: dimer rotation
Next calculation will be the dimer  midpoint
dl-find/turbomole/=============================== Tstep:   74.3 Ttot:55928.6 ==
eandg
Spin: 
 Energy calculation finished, energy: -2.138686274E+03
Testing convergence of dimer midpoint in cycle  192
    Energy  1.3290E-06 Target: 1.0000E-06 converged?   no
  Max step  5.5260E-03 Target: 1.8000E-03 converged?   no component   162
  RMS step  1.9650E-03 Target: 1.2000E-03 converged?   no
  Max grad  1.9053E-04 Target: 4.5000E-04 converged?  yes component    76
  RMS grad  4.4651E-05 Target: 3.0000E-04 converged?  yes
Next calculation will be the dimer endpoint before rotation
dl-find/turbomole/=============================== Tstep:  112.6 Ttot:56041.2 ==
eandg
Spin: 
 Energy calculation finished, energy: -2.138686274E+03
Curvature at dimer midpoint                   -0.00286
Predicted dimer rotation angle:      1.671 deg
Dimer rotation converged after    0 steps
Writing TS-mode
Curvature after dimer rotation:               -0.00286
Frequency of transition mode  -274.821 cm^-1 (negative value denotes imaginary frequency)
Crossover temperature for tunnelling       62.93089 K
Restarting L-BFGS optimiser, instance: dimer rotation
Next calculation will be the dimer  midpoint
dl-find/turbomole/=============================== Tstep:  106.1 Ttot:56147.3 ==
eandg
Spin: 
 Energy calculation finished, energy: -2.138686276E+03
Testing convergence of dimer midpoint in cycle  193
    Energy  1.9730E-06 Target: 1.0000E-06 converged?   no
  Max step  1.4682E-03 Target: 1.8000E-03 converged?  yes component    11
  RMS step  5.1906E-04 Target: 1.2000E-03 converged?  yes
  Max grad  7.5099E-05 Target: 4.5000E-04 converged?  yes component    76
  RMS grad  2.0714E-05 Target: 3.0000E-04 converged?  yes
Next calculation will be the dimer endpoint before rotation
dl-find/turbomole/=============================== Tstep:  107.2 Ttot:56254.5 ==
eandg
Spin: 
 Energy calculation finished, energy: -2.138686276E+03
Curvature at dimer midpoint                   -0.00286
Predicted dimer rotation angle:      1.700 deg
Dimer rotation converged after    0 steps
Writing TS-mode
Curvature after dimer rotation:               -0.00286
Frequency of transition mode  -275.008 cm^-1 (negative value denotes imaginary frequency)
Crossover temperature for tunnelling       62.97355 K
Restarting L-BFGS optimiser, instance: dimer rotation
Next calculation will be the dimer  midpoint
dl-find/turbomole/=============================== Tstep:  105.1 Ttot:56359.7 ==
eandg
Spin: 
 Energy calculation finished, energy: -2.138686277E+03
Testing convergence of dimer midpoint in cycle  194
    Energy  1.5260E-06 Target: 1.0000E-06 converged?   no
  Max step  4.2465E-03 Target: 1.8000E-03 converged?   no component    13
  RMS step  1.1214E-03 Target: 1.2000E-03 converged?  yes
  Max grad  6.1234E-05 Target: 4.5000E-04 converged?  yes component   140
  RMS grad  1.8383E-05 Target: 3.0000E-04 converged?  yes
Next calculation will be the dimer endpoint before rotation
dl-find/turbomole/=============================== Tstep:  108.0 Ttot:56467.6 ==
eandg
Spin: 
 Energy calculation finished, energy: -2.138686277E+03
Curvature at dimer midpoint                   -0.00287
Predicted dimer rotation angle:      1.761 deg
Dimer rotation converged after    0 steps
Writing TS-mode
Curvature after dimer rotation:               -0.00287
Frequency of transition mode  -275.243 cm^-1 (negative value denotes imaginary frequency)
Crossover temperature for tunnelling       63.02753 K
Restarting L-BFGS optimiser, instance: dimer rotation
Next calculation will be the dimer  midpoint
dl-find/turbomole/=============================== Tstep:  104.1 Ttot:56571.7 ==
eandg
Spin: 
 Energy calculation finished, energy: -2.138686278E+03
Testing convergence of dimer midpoint in cycle  195
    Energy  1.1320E-06 Target: 1.0000E-06 converged?   no
  Max step  3.4036E-03 Target: 1.8000E-03 converged?   no component   162
  RMS step  1.1708E-03 Target: 1.2000E-03 converged?  yes
  Max grad  8.5610E-05 Target: 4.5000E-04 converged?  yes component   140
  RMS grad  2.2784E-05 Target: 3.0000E-04 converged?  yes
Next calculation will be the dimer endpoint before rotation
dl-find/turbomole/=============================== Tstep:  108.4 Ttot:56680.1 ==
eandg
Spin: 
 Energy calculation finished, energy: -2.138686279E+03
Curvature at dimer midpoint                   -0.00287
Predicted dimer rotation angle:      1.895 deg
Dimer rotation converged after    0 steps
Writing TS-mode
Curvature after dimer rotation:               -0.00287
Frequency of transition mode  -275.564 cm^-1 (negative value denotes imaginary frequency)
Crossover temperature for tunnelling       63.10105 K
Restarting L-BFGS optimiser, instance: dimer rotation
Next calculation will be the dimer  midpoint
dl-find/turbomole/=============================== Tstep:  106.5 Ttot:56786.6 ==
eandg
Spin: 
 Energy calculation finished, energy: -2.138686279E+03
Testing convergence of dimer midpoint in cycle  196
    Energy  5.2600E-07 Target: 1.0000E-06 converged?  yes
  Max step  7.7721E-03 Target: 1.8000E-03 converged?   no component   162
  RMS step  2.4079E-03 Target: 1.2000E-03 converged?   no
  Max grad  1.0115E-04 Target: 4.5000E-04 converged?  yes component    76
  RMS grad  2.7184E-05 Target: 3.0000E-04 converged?  yes
Next calculation will be the dimer endpoint before rotation
dl-find/turbomole/=============================== Tstep:  108.8 Ttot:56895.5 ==
eandg
Spin: 
 Energy calculation finished, energy: -2.138686279E+03
Curvature at dimer midpoint                   -0.00290
Predicted dimer rotation angle:      2.355 deg
Next calculation will be the dimer endpoint after rotation
dl-find/turbomole/=============================== Tstep:  106.4 Ttot:57001.9 ==
eandg
Spin: 
 Energy calculation finished, energy: -2.138686279E+03
Curvature at dimer midpoint after rotation    -0.00238
Curvature at dimer minimum                    -0.00290
Actual dimer rotation angle:         0.043 deg
Dimer rotation converged after    1 steps
Writing TS-mode
Curvature after dimer rotation:               -0.00290
Frequency of transition mode  -276.750 cm^-1 (negative value denotes imaginary frequency)
Crossover temperature for tunnelling       63.37245 K
Restarting L-BFGS optimiser, instance: dimer rotation
Next calculation will be the dimer  midpoint
dl-find/turbomole/=============================== Tstep:   71.1 Ttot:57073.0 ==
eandg
Spin: 
 Energy calculation finished, energy: -2.138686280E+03
Testing convergence of dimer midpoint in cycle  197
    Energy  7.7200E-07 Target: 1.0000E-06 converged?  yes
  Max step  1.5296E-02 Target: 1.8000E-03 converged?   no component   162
  RMS step  4.6291E-03 Target: 1.2000E-03 converged?   no
  Max grad  4.9340E-04 Target: 4.5000E-04 converged?   no component   137
  RMS grad  1.1940E-04 Target: 3.0000E-04 converged?  yes
Next calculation will be the dimer endpoint before rotation
dl-find/turbomole/=============================== Tstep:  110.6 Ttot:57183.6 ==
eandg
Spin: 
 Energy calculation finished, energy: -2.138686280E+03
Curvature at dimer midpoint                   -0.00293
Predicted dimer rotation angle:      1.892 deg
Dimer rotation converged after    0 steps
Writing TS-mode
Curvature after dimer rotation:               -0.00293
Frequency of transition mode  -278.456 cm^-1 (negative value denotes imaginary frequency)
Crossover temperature for tunnelling       63.76318 K
Restarting L-BFGS optimiser, instance: dimer rotation
Next calculation will be the dimer  midpoint
dl-find/turbomole/=============================== Tstep:  106.1 Ttot:57289.7 ==
eandg
Spin: 
 Energy calculation finished, energy: -2.138686282E+03
Testing convergence of dimer midpoint in cycle  198
    Energy  2.0780E-06 Target: 1.0000E-06 converged?   no
  Max step  4.5957E-03 Target: 1.8000E-03 converged?   no component   162
  RMS step  1.4824E-03 Target: 1.2000E-03 converged?   no
  Max grad  6.5906E-05 Target: 4.5000E-04 converged?  yes component   245
  RMS grad  2.0557E-05 Target: 3.0000E-04 converged?  yes
Next calculation will be the dimer endpoint before rotation
dl-find/turbomole/=============================== Tstep:  116.5 Ttot:57406.2 ==
eandg
Spin: 
 Energy calculation finished, energy: -2.138686283E+03
Curvature at dimer midpoint                   -0.00292
Predicted dimer rotation angle:      2.212 deg
Next calculation will be the dimer endpoint after rotation
dl-find/turbomole/=============================== Tstep:  107.0 Ttot:57513.2 ==
eandg
Spin: 
 Energy calculation finished, energy: -2.138686283E+03
Curvature at dimer midpoint after rotation    -0.00280
Curvature at dimer minimum                    -0.00292
Actual dimer rotation angle:         0.137 deg
Dimer rotation converged after    1 steps
Writing TS-mode
Curvature after dimer rotation:               -0.00292
Frequency of transition mode  -277.837 cm^-1 (negative value denotes imaginary frequency)
Crossover temperature for tunnelling       63.62145 K
Restarting L-BFGS optimiser, instance: dimer rotation
Next calculation will be the dimer  midpoint
dl-find/turbomole/=============================== Tstep:   74.4 Ttot:57587.6 ==
eandg
Spin: 
 Energy calculation finished, energy: -2.138686284E+03
Testing convergence of dimer midpoint in cycle  199
    Energy  1.6920E-06 Target: 1.0000E-06 converged?   no
  Max step  6.2298E-04 Target: 1.8000E-03 converged?  yes component     8
  RMS step  1.7220E-04 Target: 1.2000E-03 converged?  yes
  Max grad  4.8923E-05 Target: 4.5000E-04 converged?  yes component   245
  RMS grad  1.4902E-05 Target: 3.0000E-04 converged?  yes
Next calculation will be the dimer endpoint before rotation
dl-find/turbomole/=============================== Tstep:  102.5 Ttot:57690.2 ==
eandg
Spin: 
 Energy calculation finished, energy: -2.138686283E+03
Curvature at dimer midpoint                   -0.00293
Predicted dimer rotation angle:      2.650 deg
Next calculation will be the dimer endpoint after rotation
dl-find/turbomole/=============================== Tstep:  105.1 Ttot:57795.3 ==
eandg
Spin: 
 Energy calculation finished, energy: -2.138686283E+03
Curvature at dimer midpoint after rotation    -0.00247
Curvature at dimer minimum                    -0.00293
Actual dimer rotation angle:         0.069 deg
Dimer rotation converged after    1 steps
Writing TS-mode
Curvature after dimer rotation:               -0.00293
Frequency of transition mode  -278.047 cm^-1 (negative value denotes imaginary frequency)
Crossover temperature for tunnelling       63.66947 K
Restarting L-BFGS optimiser, instance: dimer rotation
Next calculation will be the dimer  midpoint
dl-find/turbomole/=============================== Tstep:   84.7 Ttot:57880.0 ==
eandg
Spin: 
 Energy calculation finished, energy: -2.138686284E+03
Testing convergence of dimer midpoint in cycle  200
    Energy  2.2800E-07 Target: 1.0000E-06 converged?  yes
  Max step  3.3607E-03 Target: 1.8000E-03 converged?   no component   162
  RMS step  9.4033E-04 Target: 1.2000E-03 converged?  yes
  Max grad  7.7072E-05 Target: 4.5000E-04 converged?  yes component   244
  RMS grad  1.8340E-05 Target: 3.0000E-04 converged?  yes
Next calculation will be the dimer endpoint before rotation
dl-find/turbomole/=============================== Tstep:  103.4 Ttot:57983.4 ==
eandg
Spin: 
 Energy calculation finished, energy: -2.138686284E+03
Curvature at dimer midpoint                   -0.00292
Predicted dimer rotation angle:      2.084 deg
Next calculation will be the dimer endpoint after rotation
dl-find/turbomole/=============================== Tstep:  105.7 Ttot:58089.1 ==
eandg
Spin: 
 Energy calculation finished, energy: -2.138686283E+03
Curvature at dimer midpoint after rotation    -0.00251
Curvature at dimer minimum                    -0.00292
Actual dimer rotation angle:         0.037 deg
Dimer rotation converged after    1 steps
Writing TS-mode
Curvature after dimer rotation:               -0.00292
Frequency of transition mode  -277.929 cm^-1 (negative value denotes imaginary frequency)
Crossover temperature for tunnelling       63.64244 K
Restarting L-BFGS optimiser, instance: dimer rotation
Next calculation will be the dimer  midpoint
dl-find/turbomole/=============================== Tstep:   80.8 Ttot:58169.8 ==
eandg
Spin: 
 Energy calculation finished, energy: -2.138686288E+03
Testing convergence of dimer midpoint in cycle  201
    Energy  4.1200E-06 Target: 1.0000E-06 converged?   no
  Max step  4.4345E-03 Target: 1.8000E-03 converged?   no component   162
  RMS step  1.3336E-03 Target: 1.2000E-03 converged?   no
  Max grad  8.2900E-05 Target: 4.5000E-04 converged?  yes component   251
  RMS grad  2.2258E-05 Target: 3.0000E-04 converged?  yes
Next calculation will be the dimer endpoint before rotation
dl-find/turbomole/=============================== Tstep:  107.2 Ttot:58277.1 ==
eandg
Spin: 
 Energy calculation finished, energy: -2.138686288E+03
Curvature at dimer midpoint                   -0.00293
Predicted dimer rotation angle:      1.232 deg
Dimer rotation converged after    0 steps
Writing TS-mode
Curvature after dimer rotation:               -0.00293
Frequency of transition mode  -278.271 cm^-1 (negative value denotes imaginary frequency)
Crossover temperature for tunnelling       63.72085 K
Restarting L-BFGS optimiser, instance: dimer rotation
Next calculation will be the dimer  midpoint
dl-find/turbomole/=============================== Tstep:  105.3 Ttot:58382.4 ==
eandg
Spin: 
 Energy calculation finished, energy: -2.138686283E+03
Testing convergence of dimer midpoint in cycle  202
    Energy  5.0170E-06 Target: 1.0000E-06 converged?   no
  Max step  1.2389E-02 Target: 1.8000E-03 converged?   no component   162
  RMS step  3.7710E-03 Target: 1.2000E-03 converged?   no
  Max grad  2.6860E-04 Target: 4.5000E-04 converged?  yes component   173
  RMS grad  5.8584E-05 Target: 3.0000E-04 converged?  yes
Next calculation will be the dimer endpoint before rotation
dl-find/turbomole/=============================== Tstep:  109.9 Ttot:58492.3 ==
eandg
Spin: 
 Energy calculation finished, energy: -2.138686283E+03
Curvature at dimer midpoint                   -0.00293
Predicted dimer rotation angle:      1.407 deg
Dimer rotation converged after    0 steps
Writing TS-mode
Curvature after dimer rotation:               -0.00293
Frequency of transition mode  -278.082 cm^-1 (negative value denotes imaginary frequency)
Crossover temperature for tunnelling       63.67756 K
Restarting L-BFGS optimiser, instance: dimer rotation
Next calculation will be the dimer  midpoint
dl-find/turbomole/=============================== Tstep:  105.8 Ttot:58598.1 ==
eandg
Spin: 
 Energy calculation finished, energy: -2.138686286E+03
Testing convergence of dimer midpoint in cycle  203
    Energy  3.5350E-06 Target: 1.0000E-06 converged?   no
  Max step  1.6403E-03 Target: 1.8000E-03 converged?  yes component    14
  RMS step  4.7729E-04 Target: 1.2000E-03 converged?  yes
  Max grad  4.2682E-05 Target: 4.5000E-04 converged?  yes component    59
  RMS grad  1.4966E-05 Target: 3.0000E-04 converged?  yes
Next calculation will be the dimer endpoint before rotation
dl-find/turbomole/=============================== Tstep:  104.5 Ttot:58702.6 ==
eandg
Spin: 
 Energy calculation finished, energy: -2.138686287E+03
Curvature at dimer midpoint                   -0.00294
Predicted dimer rotation angle:      1.293 deg
Dimer rotation converged after    0 steps
Writing TS-mode
Curvature after dimer rotation:               -0.00294
Frequency of transition mode  -278.526 cm^-1 (negative value denotes imaginary frequency)
Crossover temperature for tunnelling       63.77913 K
Restarting L-BFGS optimiser, instance: dimer rotation
Next calculation will be the dimer  midpoint
dl-find/turbomole/=============================== Tstep:  105.8 Ttot:58808.4 ==
eandg
Spin: 
 Energy calculation finished, energy: -2.138686287E+03
Testing convergence of dimer midpoint in cycle  204
    Energy  1.3600E-07 Target: 1.0000E-06 converged?  yes
  Max step  1.4535E-03 Target: 1.8000E-03 converged?  yes component    13
  RMS step  2.8584E-04 Target: 1.2000E-03 converged?  yes
  Max grad  3.8325E-05 Target: 4.5000E-04 converged?  yes component    59
  RMS grad  1.3631E-05 Target: 3.0000E-04 converged?  yes
Convergence reached
Writing TS-mode
Testing convergence of dimer midpoint in cycle  204
    Energy  0.0000E+00 Target: 1.0000E-06 converged?  yes
  Max step  1.4535E-03 Target: 1.8000E-03 converged?  yes component    13
  RMS step  2.8584E-04 Target: 1.2000E-03 converged?  yes
  Max grad  3.8325E-05 Target: 4.5000E-04 converged?  yes component    59
  RMS grad  1.3631E-05 Target: 3.0000E-04 converged?  yes
Convergence reached

 Optimisation converged
 ----------------------
 Final converged energy:   -2138.686286518000


DL-FIND Report:
===============
Optimisation algorithm: L-BFGS
Number of steps in L-BFGS memory ...............         50
 
Step length: simple scaled
Maximum step length ............................  4.000E-01
Scaling step by ................................  1.000E+00
 
Coordinate system: Mass-weighted Cartesian coordinates
Dimer method, rotation by line search with extrapolation
Dimer distance (mid- to endpoint) ..............  1.000E-02
Maximum number of dimer rotations ..............         40
Tolerance in rotation ..........................  2.000E+00 degrees
 
Number of atoms ................................         85
Number of input geometries .....................          2
Variables to be optimised ......................        510
No restart information is written
This run has not been restarted.
Number of energy evaluations on this processor .        584
Number of steps ................................        204
Number of accepted steps / line searches .......        204
 

Timing report
=============
Module                                      CPU time            Wall clock time
Total .................................   406.278 (100.00%)********** (******%) seconds
Energy and Gradient ...................   405.820 ( 99.89%)********** (******%) seconds
Step direction ........................     0.084 (  0.02%)     0.096 ( 24.26%) seconds
Coordinate transformation .............     0.148 (  0.04%)     0.395 (100.00%) seconds
Checkpoint file I/O ...................     0.000 (  0.00%)     0.000 (  0.00%) seconds
XYZ-file I/O ..........................     0.000 (  0.00%)     0.000 (  0.03%) seconds
exit 0
write_xyz/======================================= Tstep:  108.9 Ttot:58917.3 ==
dl-find/========================================= Tstep:    0.0 Ttot:58917.3 ==
dl-find/copy_object/============================= Tstep:    0.0 Ttot:58917.3 ==
dl-find/get_number_of_atoms/===================== Tstep:    0.0 Ttot:58917.3 ==
dl-find/set_matrix_size/========================= Tstep:    0.0 Ttot:58917.3 ==
dl-find/set_matrix_size/========================= Tstep:    0.0 Ttot:58917.3 ==
Using 2018 CODATA recommended values

***********************************************************************
**                                                                   **
**                       ---------------------                       **
**                              DL-FIND                              **
**                       Geometry Optimisation                       **
**                       ---------------------                       **
**                                                                   **
**                 J. Kaestner, J.M. Carr, T.W. Keal,                **
**                W. Thiel, A. Wander and P. Sherwood                **
**                                                                   **
**              J. Phys. Chem. A, 2009, 113 (43), 11856.             **
**                                                                   **
**   Please include this reference in published work using DL-FIND.  **
**                                                                   **
**               Copyright:  STFC Daresbury Laboratory               **
**                  and the University of Stuttgart                  **
**                           Revision:  341 $                        **
**                                                                   **
***********************************************************************

Atom      1  free
Atom      2  free
Atom      3  free
Atom      4  free
Atom      5  free
Atom      6  free
Atom      7  free
Atom      8  free
Atom      9  free
Atom     10  free
Atom     11  free
Atom     12  free
Atom     13  free
Atom     14  free
Atom     15  free
Atom     16  free
Atom     17  free
Atom     18  free
Atom     19  free
Atom     20  free
Atom     21  free
Atom     22  free
Atom     23  free
Atom     24  free
Atom     25  free
Atom     26  free
Atom     27  free
Atom     28  free
Atom     29  free
Atom     30  free
Atom     31  free
Atom     32  free
Atom     33  free
Atom     34  free
Atom     35  free
Atom     36  free
Atom     37  free
Atom     38  free
Atom     39  free
Atom     40  free
Atom     41  free
Atom     42  free
Atom     43  free
Atom     44  free
Atom     45  free
Atom     46  free
Atom     47  free
Atom     48  free
Atom     49  free
Atom     50  free
Atom     51  free
Atom     52  free
Atom     53  free
Atom     54  free
Atom     55  free
Atom     56  free
Atom     57  free
Atom     58  free
Atom     59  free
Atom     60  free
Atom     61  free
Atom     62  free
Atom     63  free
Atom     64  free
Atom     65  free
Atom     66  free
Atom     67  free
Atom     68  free
Atom     69  free
Atom     70  free
Atom     71  free
Atom     72  free
Atom     73  free
Atom     74  free
Atom     75  free
Atom     76  free
Atom     77  free
Atom     78  free
Atom     79  free
Atom     80  free
Atom     81  free
Atom     82  free
Atom     83  free
Atom     84  free
Atom     85  free

DL-FIND Report:
===============
Optimisation algorithm: no optimisation, just calculate the
    Hessian and thermal corrections
Modes assumed to have zero vibrational frequency          6
Temperature ....................................  2.981E+02 K
Minimum wave number ............................  1.000E+02 cm^-1
Finite difference for Hessian calculation ......  1.000E-02
 
Step length: simple scaled
Maximum step length ............................  5.000E-01
Scaling step by ................................  1.000E+00
 
Coordinate system: Mass-weighted Cartesian coordinates
 
Number of atoms ................................         85
Number of input geometries .....................          1
Variables to be optimised ......................        255
No restart information is written
This run has not been restarted.
Maximum number of steps ........................        100
Maximum number of energy evaluations ...........     100000
 
dl-find/turbomole/=============================== Tstep:    0.0 Ttot:58917.3 ==
eandg
Spin: 
 Energy calculation finished, energy: -2.138686287E+03
dl-find/turbomole/=============================== Tstep:   50.1 Ttot:58967.4 ==
hessian
Analytic hessian calculated

Hessian eigenvalues:
 -0.00293 -0.00001 -0.00000 -0.00000 -0.00000 -0.00000  0.00000  0.00000  0.00001  0.00001  0.00002  0.00003
  0.00005  0.00006  0.00006  0.00011  0.00016  0.00017  0.00020  0.00025  0.00030  0.00033  0.00035  0.00041
  0.00045  0.00057  0.00060  0.00069  0.00083  0.00085  0.00088  0.00092  0.00099  0.00103  0.00111  0.00131
  0.00149  0.00153  0.00185  0.00219  0.00222  0.00238  0.00244  0.00249  0.00290  0.00308  0.00329  0.00371
  0.00414  0.00418  0.00458  0.00509  0.00567  0.00586  0.00609  0.00620  0.00678  0.00696  0.00735  0.00746
  0.00768  0.00777  0.00855  0.00926  0.01006  0.01070  0.01075  0.01102  0.01115  0.01166  0.01172  0.01225
  0.01380  0.01392  0.01455  0.01463  0.01491  0.01553  0.01590  0.01622  0.01706  0.01744  0.01755  0.01822
  0.01893  0.01923  0.01953  0.01969  0.02015  0.02057  0.02154  0.02169  0.02229  0.02274  0.02284  0.02289
  0.02348  0.02401  0.02449  0.02454  0.02520  0.02528  0.02612  0.02675  0.02756  0.02768  0.02877  0.02883
  0.02905  0.02939  0.03018  0.03088  0.03154  0.03173  0.03187  0.03284  0.03369  0.03505  0.03561  0.03730
  0.03818  0.03836  0.03858  0.03862  0.03908  0.03942  0.03953  0.03979  0.03999  0.04057  0.04102  0.04121
  0.04147  0.04157  0.04224  0.04225  0.04228  0.04473  0.04495  0.04518  0.04675  0.04692  0.04796  0.04837
  0.04921  0.04935  0.04958  0.04962  0.04965  0.04980  0.04996  0.05070  0.05111  0.05148  0.05157  0.05212
  0.05384  0.05668  0.05701  0.05745  0.05769  0.05895  0.05931  0.06013  0.06108  0.06216  0.06295  0.06305
  0.06397  0.06555  0.06727  0.06806  0.06964  0.07045  0.07049  0.07193  0.07215  0.07500  0.07525  0.07585
  0.07608  0.07682  0.07722  0.07814  0.07879  0.07908  0.07949  0.07957  0.07982  0.08037  0.08090  0.08160
  0.08263  0.08296  0.08327  0.08346  0.08378  0.08526  0.08596  0.08625  0.08811  0.08965  0.08977  0.09375
  0.09478  0.09945  0.10205  0.10336  0.10539  0.10614  0.10693  0.10803  0.10831  0.10881  0.11161  0.11170
  0.11759  0.12019  0.12668  0.35592  0.35724  0.35897  0.36063  0.36424  0.36909  0.37196  0.37572  0.38010
  0.38110  0.38528  0.38752  0.38907  0.38926  0.38966  0.39021  0.39056  0.39083  0.39116  0.39273  0.39291
  0.39318  0.39329  0.39525  0.39538  0.39579  0.39697  0.39743  0.39745  0.39796  0.39812  0.39977  0.40746
  0.41363  0.41813  0.47146
Testing convergence  in cycle    1
  Max grad  3.8324E-05 Target: 4.5000E-04 converged?  yes component    59
  RMS grad  1.3631E-05 Target: 3.0000E-04 converged?  yes
Convergence reached
 
Projecting out translational and rotational modes

Number of translational/rotational modes:   6
 
Thermochemical analysis
 Mode     Eigenvalue Frequency Vib.T.(K)        ZPE (H)   Vib. Ene.(H)      - T*S (H)
    1  -0.0029290527   278.207i
    2  -0.0000055573   -12.118    17.435   0.0000276072   0.0007346202  -0.0016412577
    3   0.0000062022    12.802    18.419   0.0000291650   0.0007346202  -0.0016412577
    4   0.0000110801    17.111    24.619   0.0000389818   0.0007346202  -0.0016412577
    5   0.0000242675    25.323    36.434   0.0000576902   0.0007346202  -0.0016412577
    6   0.0000253747    25.894    37.256   0.0000589916   0.0007346202  -0.0016412577
    7   0.0000487653    35.897    51.648   0.0000817797   0.0007346202  -0.0016412577
    8   0.0000597896    39.748    57.189   0.0000905530   0.0007346202  -0.0016412577
    9   0.0000647386    41.361    59.509   0.0000942262   0.0007346202  -0.0016412577
   10   0.0001050023    52.675    75.787   0.0001200022   0.0007346202  -0.0016412577
   11   0.0001600007    65.023    93.553   0.0001481327   0.0007346202  -0.0016412577
   12   0.0001680092    66.630    95.866   0.0001517946   0.0007346202  -0.0016412577
   13   0.0002034023    73.313   105.481   0.0001670198   0.0007346202  -0.0016412577
   14   0.0002516124    81.540   117.318   0.0001857616   0.0007346202  -0.0016412577
   15   0.0003029152    89.467   128.724   0.0002038217   0.0007346202  -0.0016412577
   16   0.0003325231    93.738   134.868   0.0002135506   0.0007346202  -0.0016412577
   17   0.0003456343    95.568   137.501   0.0002177200   0.0007346202  -0.0016412577
   18   0.0004145749   104.666   150.591   0.0002384468   0.0007257259  -0.0015990629
   19   0.0004491023   108.937   156.737   0.0002481776   0.0007176521  -0.0015621219
   20   0.0005743693   123.197   177.253   0.0002806633   0.0006911686  -0.0014489622
   21   0.0005985213   125.760   180.941   0.0002865034   0.0006864840  -0.0014300912
   22   0.0006925945   135.283   194.642   0.0003081978   0.0006692849  -0.0013634067
   23   0.0008343135   148.480   213.630   0.0003382631   0.0006459756  -0.0012788716
   24   0.0008506264   149.925   215.708   0.0003415540   0.0006434611  -0.0012701150
   25   0.0008799404   152.486   219.394   0.0003473894   0.0006390203  -0.0012548111
   26   0.0009193134   155.860   224.248   0.0003550763   0.0006332052  -0.0012350736
   27   0.0009866190   161.465   232.312   0.0003678449   0.0006236331  -0.0012032997
   28   0.0010304911   165.016   237.421   0.0003759344   0.0006176247  -0.0011837904
   29   0.0011083722   171.138   246.230   0.0003898816   0.0006073675  -0.0011512202
   30   0.0013089666   185.981   267.585   0.0004236959   0.0005830310  -0.0010773704
   31   0.0014894262   198.387   285.435   0.0004519594   0.0005632615  -0.0010205852
   32   0.0015301937   201.084   289.315   0.0004581030   0.0005590326  -0.0010087798
   33   0.0018519697   221.218   318.284   0.0005039726   0.0005282217  -0.0009260790
   34   0.0021942400   240.794   346.449   0.0005485699   0.0004995379  -0.0008538134
   35   0.0022230487   242.370   348.716   0.0005521594   0.0004972831  -0.0008483080
   36   0.0023823057   250.901   360.991   0.0005715954   0.0004852113  -0.0008192412
   37   0.0024397529   253.908   365.318   0.0005784461   0.0004810114  -0.0008092855
   38   0.0024939385   256.713   369.352   0.0005848343   0.0004771208  -0.0008001332
   39   0.0029012176   276.882   398.371   0.0006307832   0.0004498616  -0.0007378134
   40   0.0030818866   285.373   410.588   0.0006501271   0.0004387617  -0.0007132925
   41   0.0032856026   294.654   423.941   0.0006712704   0.0004268800  -0.0006875585
   42   0.0037090903   313.067   450.434   0.0007132202   0.0004040690  -0.0006395602
   43   0.0041401826   330.761   475.891   0.0007535285   0.0003830870  -0.0005969395
   44   0.0041842432   332.516   478.417   0.0007575275   0.0003810545  -0.0005928847
   45   0.0045799330   347.884   500.527   0.0007925369   0.0003636336  -0.0005586410
   46   0.0050851995   366.571   527.414   0.0008351105   0.0003433331  -0.0005198442
   47   0.0056670307   386.974   556.770   0.0008815922   0.0003222464  -0.0004807315
   48   0.0058581875   393.447   566.082   0.0008963375   0.0003157862  -0.0004689796
   49   0.0060852030   400.998   576.946   0.0009135398   0.0003083864  -0.0004556471
   50   0.0062030051   404.860   582.504   0.0009223400   0.0003046572  -0.0004489794
   51   0.0067764808   423.162   608.835   0.0009640333   0.0002874990  -0.0004187312
   52   0.0069638481   428.972   617.195   0.0009772701   0.0002822248  -0.0004095723
   53   0.0073528724   440.791   634.200   0.0010041960   0.0002717479  -0.0003915672
   54   0.0074583465   443.941   638.732   0.0010113727   0.0002690117  -0.0003869056
   55   0.0076757374   450.365   647.974   0.0010260063   0.0002635049  -0.0003775739
   56   0.0077686185   453.081   651.883   0.0010321952   0.0002612049  -0.0003736961
   57   0.0085509479   475.348   683.919   0.0010829218   0.0002429903  -0.0003433881
   58   0.0092562501   494.563   711.566   0.0011266979   0.0002281573  -0.0003192205
   59   0.0100588369   515.559   741.774   0.0011745293   0.0002128495  -0.0002947459
   60   0.0107041432   531.839   765.198   0.0012116185   0.0002016006  -0.0002770549
   61   0.0107520759   533.029   766.909   0.0012143283   0.0002007994  -0.0002758043
   62   0.0110220460   539.679   776.477   0.0012294789   0.0001963710  -0.0002689135
   63   0.0111464213   542.715   780.846   0.0012363963   0.0001943776  -0.0002658240
   64   0.0116561357   554.985   798.500   0.0012643498   0.0001865014  -0.0002536903
   65   0.0117168045   556.428   800.576   0.0012676359   0.0001855941  -0.0002523001
   66   0.0122466783   568.871   818.478   0.0012959824   0.0001779274  -0.0002406140
   67   0.0137953815   603.769   868.690   0.0013754880   0.0001578935  -0.0002105873
   68   0.0139195264   606.480   872.589   0.0013816632   0.0001564246  -0.0002084144
   69   0.0145524970   620.116   892.209   0.0014127285   0.0001492178  -0.0001978099
   70   0.0146292158   621.749   894.557   0.0014164475   0.0001483752  -0.0001965761
   71   0.0149093939   627.674   903.083   0.0014299470   0.0001453521  -0.0001921600
   72   0.0155302220   640.609   921.694   0.0014594149   0.0001389434  -0.0001828520
   73   0.0159030496   648.253   932.691   0.0014768288   0.0001352763  -0.0001775585
   74   0.0162157424   654.595   941.816   0.0014912772   0.0001322998  -0.0001732796
   75   0.0170617821   671.454   966.073   0.0015296855   0.0001246715  -0.0001623844
   76   0.0174395401   678.847   976.709   0.0015465269   0.0001214534  -0.0001578189
   77   0.0175542135   681.075   979.915   0.0015516031   0.0001204983  -0.0001564673
   78   0.0182194037   693.859   998.309   0.0015807276   0.0001151481  -0.0001489262
   79   0.0189340727   707.337  1017.700   0.0016114320   0.0001097415  -0.0001413566
   80   0.0192296352   712.836  1025.612   0.0016239606   0.0001076023  -0.0001383758
   81   0.0195308751   718.398  1033.614   0.0016366311   0.0001054776  -0.0001354230
   82   0.0196921602   721.358  1037.873   0.0016433748   0.0001043623  -0.0001338763
   83   0.0201515350   729.724  1049.909   0.0016624325   0.0001012684  -0.0001295970
   84   0.0205651454   737.174  1060.629   0.0016794066   0.0000985834  -0.0001258970
   85   0.0215407871   754.458  1085.497   0.0017187818   0.0000926035  -0.0001177020
   86   0.0216903395   757.072  1089.258   0.0017247380   0.0000917284  -0.0001165081
   87   0.0222892982   767.454  1104.195   0.0017483893   0.0000883277  -0.0001118813
   88   0.0227388294   775.155  1115.275   0.0017659321   0.0000858805  -0.0001085646
   89   0.0228441615   776.948  1117.855   0.0017700175   0.0000853196  -0.0001078059
   90   0.0228886397   777.704  1118.942   0.0017717398   0.0000850842  -0.0001074875
   91   0.0234785733   787.662  1133.270   0.0017944270   0.0000820380  -0.0001033782
   92   0.0240090353   796.511  1146.001   0.0018145850   0.0000794159  -0.0000998544
   93   0.0244932806   804.503  1157.501   0.0018327931   0.0000771141  -0.0000967712
   94   0.0245448559   805.350  1158.719   0.0018347217   0.0000768740  -0.0000964501
   95   0.0251972452   815.982  1174.017   0.0018589448   0.0000739158  -0.0000925031
   96   0.0252836797   817.381  1176.029   0.0018621304   0.0000735347  -0.0000919957
   97   0.0261196071   830.783  1195.311   0.0018926629   0.0000699730  -0.0000872672
   98   0.0267522550   840.784  1209.701   0.0019154471   0.0000674201  -0.0000838924
   99   0.0275595188   853.375  1227.817   0.0019441321   0.0000643289  -0.0000798221
  100   0.0276798340   855.236  1230.494   0.0019483712   0.0000638835  -0.0000792370
  101   0.0287719538   871.945  1254.534   0.0019864362   0.0000600099  -0.0000741651
  102   0.0288268067   872.775  1255.729   0.0019883289   0.0000598231  -0.0000739212
  103   0.0290503780   876.153  1260.589   0.0019960244   0.0000590693  -0.0000729378
  104   0.0293940402   881.321  1268.024   0.0020077961   0.0000579333  -0.0000714578
  105   0.0301779523   892.995  1284.821   0.0020343929   0.0000554412  -0.0000682198
  106   0.0308798821   903.321  1299.677   0.0020579166   0.0000533210  -0.0000654744
  107   0.0315431235   912.970  1313.560   0.0020798993   0.0000514084  -0.0000630055
  108   0.0317332675   915.718  1317.514   0.0020861587   0.0000508756  -0.0000623190
  109   0.0318660308   917.631  1320.267   0.0020905181   0.0000505077  -0.0000618453
  110   0.0328442408   931.609  1340.378   0.0021223625   0.0000478946  -0.0000584884
  111   0.0336919206   943.555  1357.565   0.0021495762   0.0000457626  -0.0000557599
  112   0.0350463006   962.333  1384.582   0.0021923558   0.0000425906  -0.0000517176
  113   0.0356111252   970.057  1395.695   0.0022099518   0.0000413470  -0.0000501385
  114   0.0373010676   992.807  1428.428   0.0022617812   0.0000378800  -0.0000457536
  115   0.0381844769  1004.495  1445.244   0.0022884076   0.0000362075  -0.0000436476
  116   0.0383613327  1006.818  1448.587   0.0022937010   0.0000358835  -0.0000432403
  117   0.0385808946  1009.696  1452.727   0.0023002556   0.0000354860  -0.0000427410
  118   0.0386197013  1010.203  1453.457   0.0023014122   0.0000354163  -0.0000426535
  119   0.0390758895  1016.152  1462.016   0.0023149648   0.0000346092  -0.0000416408
  120   0.0394200439  1020.617  1468.440   0.0023251368   0.0000340148  -0.0000408960
  121   0.0395283026  1022.018  1470.455   0.0023283273   0.0000338304  -0.0000406651
  122   0.0397884415  1025.375  1475.286   0.0023359762   0.0000333922  -0.0000401166
  123   0.0399943357  1028.025  1479.098   0.0023420124   0.0000330501  -0.0000396888
  124   0.0405673507  1035.363  1489.656   0.0023587302   0.0000321200  -0.0000385270
  125   0.0410161248  1041.074  1497.873   0.0023717410   0.0000314135  -0.0000376456
  126   0.0412072941  1043.497  1501.360   0.0023772617   0.0000311181  -0.0000372776
  127   0.0414741155  1046.870  1506.213   0.0023849458   0.0000307114  -0.0000367712
  128   0.0415718186  1048.103  1507.986   0.0023877534   0.0000305641  -0.0000365878
  129   0.0422398716  1056.490  1520.054   0.0024068623   0.0000295790  -0.0000353631
  130   0.0422475369  1056.586  1520.192   0.0024070807   0.0000295680  -0.0000353493
  131   0.0422778415  1056.965  1520.737   0.0024079439   0.0000295242  -0.0000352949
  132   0.0447322644  1087.213  1564.257   0.0024768539   0.0000262227  -0.0000312076
  133   0.0449504845  1089.862  1568.068   0.0024828881   0.0000259510  -0.0000308725
  134   0.0451773216  1092.608  1572.020   0.0024891450   0.0000256721  -0.0000305286
  135   0.0467462113  1111.418  1599.083   0.0025319969   0.0000238374  -0.0000282715
  136   0.0469171450  1113.448  1602.004   0.0025366219   0.0000236471  -0.0000280378
  137   0.0479638294  1125.800  1619.775   0.0025647609   0.0000225198  -0.0000266560
  138   0.0483703363  1130.561  1626.624   0.0025756065   0.0000220992  -0.0000261412
  139   0.0492054418  1140.278  1640.606   0.0025977450   0.0000212639  -0.0000251203
  140   0.0493534511  1141.992  1643.072   0.0026016491   0.0000211198  -0.0000249444
  141   0.0495811855  1144.624  1646.858   0.0026076446   0.0000209002  -0.0000246765
  142   0.0496195758  1145.067  1647.496   0.0026086540   0.0000208635  -0.0000246317
  143   0.0496471998  1145.385  1647.954   0.0026093800   0.0000208371  -0.0000245995
  144   0.0497995262  1147.141  1650.480   0.0026133800   0.0000206923  -0.0000244228
  145   0.0499585962  1148.972  1653.114   0.0026175505   0.0000205423  -0.0000242400
  146   0.0506974641  1157.437  1665.294   0.0026368357   0.0000198622  -0.0000234116
  147   0.0511059988  1162.091  1671.990   0.0026474386   0.0000194975  -0.0000229680
  148   0.0514782425  1166.316  1678.068   0.0026570627   0.0000191721  -0.0000225724
  149   0.0515703442  1167.359  1679.569   0.0026594386   0.0000190926  -0.0000224758
  150   0.0521174563  1173.535  1688.454   0.0026735084   0.0000186280  -0.0000219117
  151   0.0538375666  1192.743  1716.091   0.0027172692   0.0000172515  -0.0000202440
  152   0.0566764343  1223.786  1760.755   0.0027879900   0.0000152313  -0.0000178069
  153   0.0570061910  1227.341  1765.870   0.0027960888   0.0000150150  -0.0000175467
  154   0.0574453415  1232.060  1772.659   0.0028068381   0.0000147325  -0.0000172072
  155   0.0576872472  1234.651  1776.387   0.0028127418   0.0000145795  -0.0000170234
  156   0.0589497568  1248.088  1795.720   0.0028433542   0.0000138106  -0.0000161008
  157   0.0593147487  1251.946  1801.271   0.0028521430   0.0000135972  -0.0000158451
  158   0.0601263345  1260.482  1813.552   0.0028715892   0.0000131362  -0.0000152933
  159   0.0610827955  1270.468  1827.920   0.0028943391   0.0000126160  -0.0000146715
  160   0.0621646983  1281.670  1844.037   0.0029198589   0.0000120561  -0.0000140033
  161   0.0629459332  1289.698  1855.588   0.0029381488   0.0000116697  -0.0000135429
  162   0.0630518239  1290.783  1857.148   0.0029406191   0.0000116184  -0.0000134818
  163   0.0639720186  1300.167  1870.651   0.0029619995   0.0000111837  -0.0000129645
  164   0.0655487217  1316.092  1893.563   0.0029982792   0.0000104818  -0.0000121308
  165   0.0672704296  1333.265  1918.270   0.0030374005   0.0000097728  -0.0000112905
  166   0.0680586584  1341.053  1929.476   0.0030551437   0.0000094667  -0.0000109284
  167   0.0696369319  1356.513  1951.720   0.0030903649   0.0000088864  -0.0000102430
  168   0.0704485073  1364.395  1963.060   0.0031083209   0.0000086040  -0.0000099099
  169   0.0704929918  1364.826  1963.680   0.0031093021   0.0000085889  -0.0000098920
  170   0.0719333747  1378.699  1983.640   0.0031409077   0.0000081136  -0.0000093323
  171   0.0721481057  1380.755  1986.599   0.0031455922   0.0000080454  -0.0000092521
  172   0.0749992774  1407.774  2025.472   0.0032071442   0.0000071990  -0.0000082581
  173   0.0752508186  1410.132  2028.866   0.0032125180   0.0000071293  -0.0000081764
  174   0.0758467427  1415.705  2036.884   0.0032252131   0.0000069674  -0.0000079867
  175   0.0760825497  1417.904  2040.047   0.0032302228   0.0000069045  -0.0000079130
  176   0.0768209896  1424.768  2049.924   0.0032458609   0.0000067116  -0.0000076873
  177   0.0772213257  1428.476  2055.258   0.0032543074   0.0000066096  -0.0000075680
  178   0.0781357334  1436.909  2067.391   0.0032735185   0.0000063833  -0.0000073034
  179   0.0787867777  1442.882  2075.986   0.0032871281   0.0000062275  -0.0000071214
  180   0.0790751846  1445.521  2079.782   0.0032931390   0.0000061599  -0.0000070425
  181   0.0794894843  1449.303  2085.223   0.0033017546   0.0000060642  -0.0000069309
  182   0.0795708979  1450.045  2086.291   0.0033034450   0.0000060456  -0.0000069092
  183   0.0798193064  1452.306  2089.545   0.0033085974   0.0000059892  -0.0000068434
  184   0.0803693244  1457.302  2096.732   0.0033199773   0.0000058666  -0.0000067004
  185   0.0809005831  1462.110  2103.650   0.0033309321   0.0000057508  -0.0000065655
  186   0.0816040143  1468.453  2112.776   0.0033453820   0.0000056015  -0.0000063916
  187   0.0826342356  1477.693  2126.071   0.0033664329   0.0000053907  -0.0000061464
  188   0.0829602795  1480.606  2130.261   0.0033730677   0.0000053259  -0.0000060710
  189   0.0832662955  1483.334  2134.186   0.0033792831   0.0000052659  -0.0000060012
  190   0.0834603123  1485.061  2136.671   0.0033832178   0.0000052282  -0.0000059575
  191   0.0837772889  1487.878  2140.725   0.0033896363   0.0000051674  -0.0000058868
  192   0.0852648596  1501.030  2159.647   0.0034195975   0.0000048922  -0.0000055674
  193   0.0859601041  1507.137  2168.434   0.0034335108   0.0000047694  -0.0000054249
  194   0.0862470639  1509.651  2172.050   0.0034392371   0.0000047197  -0.0000053673
  195   0.0881128764  1525.893  2195.419   0.0034762391   0.0000044106  -0.0000050094
  196   0.0896513754  1539.156  2214.503   0.0035064563   0.0000041730  -0.0000047346
  197   0.0897697264  1540.172  2215.964   0.0035087700   0.0000041553  -0.0000047142
  198   0.0937536731  1573.977  2264.602   0.0035857838   0.0000036070  -0.0000040817
  199   0.0947769149  1582.543  2276.926   0.0036052986   0.0000034797  -0.0000039352
  200   0.0994524164  1621.108  2332.413   0.0036931557   0.0000029589  -0.0000033371
  201   0.1020481394  1642.127  2362.655   0.0037410413   0.0000027081  -0.0000030498
  202   0.1033577622  1652.631  2377.767   0.0037649698   0.0000025907  -0.0000029155
  203   0.1053861079  1668.768  2400.985   0.0038017332   0.0000024199  -0.0000027204
  204   0.1061367909  1674.701  2409.521   0.0038152494   0.0000023600  -0.0000026519
  205   0.1069300025  1680.947  2418.508   0.0038294794   0.0000022984  -0.0000025817
  206   0.1080328206  1689.593  2430.948   0.0038491764   0.0000022158  -0.0000024875
  207   0.1083090836  1691.752  2434.054   0.0038540948   0.0000021956  -0.0000024645
  208   0.1088055562  1695.625  2439.626   0.0038629180   0.0000021599  -0.0000024238
  209   0.1116141882  1717.370  2470.913   0.0039124577   0.0000019696  -0.0000022072
  210   0.1116966392  1718.005  2471.825   0.0039139025   0.0000019643  -0.0000022012
  211   0.1175942432  1762.777  2536.242   0.0040159009   0.0000016238  -0.0000018147
  212   0.1201934304  1782.152  2564.118   0.0040600401   0.0000014951  -0.0000016689
  213   0.1266776202  1829.592  2632.374   0.0041681170   0.0000012208  -0.0000013590
  214   0.3559242726  3066.783  4412.417   0.0069866463   0.0000000052  -0.0000000056
  215   0.3572424179  3072.457  4420.580   0.0069995717   0.0000000051  -0.0000000054
  216   0.3589664949  3079.862  4431.234   0.0070164415   0.0000000049  -0.0000000053
  217   0.3606313086  3086.995  4441.498   0.0070326931   0.0000000048  -0.0000000051
  218   0.3642391393  3102.399  4463.659   0.0070677838   0.0000000045  -0.0000000047
  219   0.3690929504  3123.001  4493.302   0.0071147203   0.0000000041  -0.0000000043
  220   0.3719641645  3135.125  4510.745   0.0071423397   0.0000000038  -0.0000000041
  221   0.3757234612  3150.928  4533.482   0.0071783414   0.0000000036  -0.0000000038
  222   0.3801020808  3169.235  4559.822   0.0072200479   0.0000000033  -0.0000000035
  223   0.3810952791  3173.373  4565.775   0.0072294746   0.0000000032  -0.0000000034
  224   0.3852830974  3190.761  4590.793   0.0072690881   0.0000000030  -0.0000000032
  225   0.3875162806  3199.995  4604.078   0.0072901242   0.0000000029  -0.0000000031
  226   0.3890742885  3206.421  4613.324   0.0073047645   0.0000000028  -0.0000000030
  227   0.3892618960  3207.194  4614.436   0.0073065254   0.0000000028  -0.0000000030
  228   0.3896574905  3208.823  4616.781   0.0073102372   0.0000000028  -0.0000000029
  229   0.3902095213  3211.095  4620.050   0.0073154136   0.0000000027  -0.0000000029
  230   0.3905631261  3212.550  4622.143   0.0073187274   0.0000000027  -0.0000000029
  231   0.3908272912  3213.636  4623.706   0.0073212021   0.0000000027  -0.0000000029
  232   0.3911602115  3215.005  4625.674   0.0073243196   0.0000000027  -0.0000000029
  233   0.3927258965  3221.433  4634.923   0.0073389634   0.0000000026  -0.0000000028
  234   0.3929057736  3222.170  4635.984   0.0073406439   0.0000000026  -0.0000000028
  235   0.3931767029  3223.281  4637.582   0.0073431744   0.0000000026  -0.0000000027
  236   0.3932871388  3223.734  4638.233   0.0073442056   0.0000000026  -0.0000000027
  237   0.3952463966  3231.754  4649.772   0.0073624764   0.0000000025  -0.0000000026
  238   0.3953805324  3232.302  4650.561   0.0073637256   0.0000000025  -0.0000000026
  239   0.3957868293  3233.962  4652.950   0.0073675081   0.0000000025  -0.0000000026
  240   0.3969689639  3238.788  4659.894   0.0073785025   0.0000000024  -0.0000000026
  241   0.3974267298  3240.655  4662.580   0.0073827556   0.0000000024  -0.0000000025
  242   0.3974544397  3240.768  4662.742   0.0073830129   0.0000000024  -0.0000000025
  243   0.3979558550  3242.812  4665.682   0.0073876686   0.0000000024  -0.0000000025
  244   0.3981156541  3243.463  4666.619   0.0073891517   0.0000000024  -0.0000000025
  245   0.3997687610  3250.190  4676.298   0.0074044769   0.0000000023  -0.0000000024
  246   0.4074622972  3281.316  4721.081   0.0074753868   0.0000000020  -0.0000000021
  247   0.4136266338  3306.043  4756.659   0.0075317206   0.0000000018  -0.0000000019
  248   0.4181287469  3323.987  4782.475   0.0075725991   0.0000000016  -0.0000000017
  249   0.4714566686  3529.597  5078.303   0.0080410145   0.0000000006  -0.0000000007
total                                      0.6863382023   0.0380801001  -0.0695375020
Wave numbers > 0 and <    100.0 cm^-1 were raised to that value for vibrational H and S.
Temperature:            298.15 Kelvin
 
Energy contributions for the gas phase:
The standard state is an ideal gas at a pressure of 101300.0 Pa
Molar volume (V_m):      24.47 L
                                  Hartree     kJ/mol   kcal/mol          K
ZPE .........................    0.686338   1801.981    430.684   216728.5
H_trans .....................    0.002360      6.197      1.481      745.4
H_rot .......................    0.001416      3.718      0.889      447.2
H_vib .......................    0.038080     99.979     23.896    12024.7
H_total .....................    0.041857    109.895     26.266    13217.3
 
S_trans*T ...................    0.021527     56.520     13.509     6797.8
S_rot*T .....................    0.018231     47.864     11.440     5756.7
S_vib*T .....................    0.069538    182.571     43.635    21958.2
S_total*T ...................    0.109295    286.955     68.584    34512.8
 
H(T) ........................    0.728195   1911.876    456.949   229945.8
S(T)*T ......................    0.109295    286.955     68.584    34512.8
G(T) ........................    0.618900   1624.921    388.365   195433.0
Total free energy G (electronic energy+ZPE+RRHO):  -2138.067387 Hartree
 
Energy contributions for solutions:
The standard state is a concentration of c_0 = 1 mol / L:
R*T*ln(c_0*V_m) .............    0.003019      7.926      1.894      953.3
S_trans*T ...................    0.018508     48.594     11.614     5844.5
S_total*T ...................    0.106276    279.029     66.689    33559.4
S(T)*T ......................    0.106276    279.029     66.689    33559.4
G(T) ........................    0.621919   1632.847    390.260   196386.4
Total free energy G (electronic energy+ZPE+RRHO):  -2138.064368 Hartree
 
Crossover temperature for tunnelling       63.70617 K
 Writing file qts_ts.txt
 Writing Hessian file qts_hessian_ts.txt

DL-FIND Report:
===============
Optimisation algorithm: no optimisation, just calculate the
    Hessian and thermal corrections
Modes assumed to have zero vibrational frequency          6
Temperature ....................................  2.981E+02 K
Minimum wave number ............................  1.000E+02 cm^-1
Finite difference for Hessian calculation ......  1.000E-02
 
Step length: simple scaled
Maximum step length ............................  5.000E-01
Scaling step by ................................  1.000E+00
 
Coordinate system: Mass-weighted Cartesian coordinates
 
Number of atoms ................................         85
Number of input geometries .....................          1
Variables to be optimised ......................        255
No restart information is written
This run has not been restarted.
Number of energy evaluations on this processor .          1
Number of steps ................................          1
Number of accepted steps / line searches .......          0
 

Timing report
=============
Module                                      CPU time            Wall clock time
Total .................................     2.478 (100.00%) 12644.484 (100.00%) seconds
Energy and Gradient ...................     1.373 ( 55.41%)    50.087 (  0.40%) seconds
Step direction ........................     0.000 (  0.00%)     0.000 (  0.00%) seconds
Coordinate transformation .............     0.009 (  0.35%)     0.042 (  0.00%) seconds
Checkpoint file I/O ...................     0.000 (  0.00%)     0.000 (  0.00%) seconds
XYZ-file I/O ..........................     0.000 (  0.01%)     0.003 (  0.00%) seconds
exit 0

 Timing Analysis by Executable 
                                 aoforce  [      1]  12592.697  17.6%
                                    grad  [    585]  11910.650  16.6%
                                    dscf  [    586]  46641.881  65.2%
                                  define  [      1]      0.338   0.0%
                               ChemShell               416.251   0.6%

                                   Total             71561.817

  Timing Analysis by Module       module   # calls        time time (exc) percent 
                               write_xyz  [      1]      0.005      0.005   0.0%
                                 dl-find  [      2]  71561.769      3.237   0.0%
                               turbomole  [    586]  71558.530  71413.405  99.8%
                      set_matrix_element  [43773885]    144.774    144.774   0.2%
                       get_number_of_bqs  [    587]      0.012      0.012   0.0%
                          get_atom_entry  [  49810]      0.285      0.285   0.0%
                         set_matrix_size  [   1175]      0.044      0.044   0.0%
                     get_number_of_atoms  [    588]      0.013      0.013   0.0%
                             copy_object  [      2]      0.001      0.001   0.0%
                                read_xyz  [      2]      0.002      0.002   0.0%
                                   Other                 0.041              0.0%

                                   Total             71561.817
ChemShell exiting code 0
