Initialising ChemShell DEVELOPMENT VERSION 3.7_2023_DLF_GPR.dev on linux
read_xyz/======================================== Tstep:    0.0 Ttot:    0.0 ==
read_xyz/======================================== Tstep:    0.0 Ttot:    0.0 ==
dl-find/========================================= Tstep:    0.0 Ttot:    0.0 ==
dl-find/copy_object/============================= Tstep:    0.0 Ttot:    0.0 ==
dl-find/get_number_of_atoms/===================== Tstep:    0.0 Ttot:    0.0 ==
dl-find/set_matrix_size/========================= Tstep:    0.0 Ttot:    0.0 ==
dl-find/set_matrix_size/========================= Tstep:    0.0 Ttot:    0.0 ==
Using 2018 CODATA recommended values

***********************************************************************
**                                                                   **
**                       ---------------------                       **
**                              DL-FIND                              **
**                       Geometry Optimisation                       **
**                       ---------------------                       **
**                                                                   **
**                 J. Kaestner, J.M. Carr, T.W. Keal,                **
**                W. Thiel, A. Wander and P. Sherwood                **
**                                                                   **
**              J. Phys. Chem. A, 2009, 113 (43), 11856.             **
**                                                                   **
**   Please include this reference in published work using DL-FIND.  **
**                                                                   **
**               Copyright:  STFC Daresbury Laboratory               **
**                  and the University of Stuttgart                  **
**                           Revision:  341 $                        **
**                                                                   **
***********************************************************************


DL-FIND Report:
===============
Optimisation algorithm: L-BFGS
Number of steps in L-BFGS memory ...............         50
 
Step length: simple scaled
Maximum step length ............................  4.000E-01
Scaling step by ................................  1.000E+00
 
Coordinate system: Mass-weighted Cartesian coordinates
Dimer method, rotation by line search with extrapolation
Dimer distance (mid- to endpoint) ..............  1.000E-02
Maximum number of dimer rotations ..............         40
Tolerance in rotation ..........................  2.000E+00 degrees
 
Number of atoms ................................         85
Number of input geometries .....................          2
Variables to be optimised ......................        510
No restart information is written
This run has not been restarted.
Maximum number of steps ........................      10000
Maximum number of energy evaluations ...........  100000000
 
dl-find/turbomole/=============================== Tstep:    0.6 Ttot:    0.6 ==
eandg
Size of integral file returned by statistics run:  12025
Spin: 
 Energy calculation finished, energy: -2.138687347E+03
Testing convergence of dimer midpoint in cycle    1
  Max grad  1.4870E-03 Target: 4.5000E-04 converged?   no component   232
  RMS grad  2.5517E-04 Target: 3.0000E-04 converged?  yes
Next calculation will be the dimer endpoint before rotation
dl-find/turbomole/=============================== Tstep:  223.2 Ttot:  223.9 ==
eandg
Spin: 
 Energy calculation finished, energy: -2.138687220E+03
Curvature at dimer midpoint                   -0.00737
Predicted dimer rotation angle:     33.865 deg
Next calculation will be the dimer endpoint after rotation
dl-find/turbomole/=============================== Tstep:  105.0 Ttot:  328.9 ==
eandg
Spin: 
 Energy calculation finished, energy: -2.138687346E+03
Curvature at dimer midpoint after rotation     0.02543
Curvature at dimer minimum                    -0.00937
Actual dimer rotation angle:         6.367 deg
Predicted dimer rotation angle:     25.626 deg
Next calculation will be the dimer endpoint after rotation
dl-find/turbomole/=============================== Tstep:  102.9 Ttot:  431.7 ==
eandg
Spin: 
 Energy calculation finished, energy: -2.138687344E+03
Curvature at dimer midpoint after rotation     0.01786
Curvature at dimer minimum                    -0.00768
Actual dimer rotation angle:         2.990 deg
Predicted dimer rotation angle:     17.503 deg
Next calculation will be the dimer endpoint after rotation
dl-find/turbomole/=============================== Tstep:   82.7 Ttot:  514.4 ==
eandg
Spin: 
 Energy calculation finished, energy: -2.138687345E+03
Curvature at dimer midpoint after rotation     0.00295
Curvature at dimer minimum                    -0.00687
Actual dimer rotation angle:         1.968 deg
Dimer rotation converged after    3 steps
Writing TS-mode
Curvature after dimer rotation:               -0.00687
Frequency of transition mode  -426.071 cm^-1 (negative value denotes imaginary frequency)
Crossover temperature for tunnelling       97.56535 K
Restarting L-BFGS optimiser, instance: dimer rotation
Next calculation will be the dimer  midpoint
dl-find/turbomole/=============================== Tstep:   86.1 Ttot:  600.5 ==
eandg
Spin: 
 Energy calculation finished, energy: -2.138687269E+03
Testing convergence of dimer midpoint in cycle    2
    Energy  7.7923E-05 Target: 1.0000E-06 converged?   no
  Max step  7.1526E-03 Target: 1.8000E-03 converged?   no component   233
  RMS step  1.2524E-03 Target: 1.2000E-03 converged?   no
  Max grad  1.3149E-03 Target: 4.5000E-04 converged?   no component   251
  RMS grad  2.1827E-04 Target: 3.0000E-04 converged?  yes
Next calculation will be the dimer endpoint before rotation
dl-find/turbomole/=============================== Tstep:  115.8 Ttot:  716.4 ==
eandg
Spin: 
 Energy calculation finished, energy: -2.138687267E+03
Curvature at dimer midpoint                   -0.00155
Predicted dimer rotation angle:     41.561 deg
Next calculation will be the dimer endpoint after rotation
dl-find/turbomole/=============================== Tstep:   96.5 Ttot:  812.9 ==
eandg
Spin: 
 Energy calculation finished, energy: -2.138687265E+03
Curvature at dimer midpoint after rotation     0.03202
Curvature at dimer minimum                    -0.00311
Actual dimer rotation angle:         6.873 deg
Predicted dimer rotation angle:     30.862 deg
Next calculation will be the dimer endpoint after rotation
dl-find/turbomole/=============================== Tstep:  102.3 Ttot:  915.2 ==
eandg
Spin: 
 Energy calculation finished, energy: -2.138687259E+03
Curvature at dimer midpoint after rotation     0.04787
Curvature at dimer minimum                    -0.00326
Actual dimer rotation angle:         1.551 deg
Dimer rotation converged after    2 steps
Writing TS-mode
Curvature after dimer rotation:               -0.00326
Frequency of transition mode  -293.559 cm^-1 (negative value denotes imaginary frequency)
Crossover temperature for tunnelling       67.22167 K
Restarting L-BFGS optimiser, instance: dimer rotation
Next calculation will be the dimer  midpoint
dl-find/turbomole/=============================== Tstep:  103.2 Ttot: 1018.4 ==
eandg
Spin: 
 Energy calculation finished, energy: -2.138687313E+03
Testing convergence of dimer midpoint in cycle    3
    Energy  4.4253E-05 Target: 1.0000E-06 converged?   no
  Max step  7.2371E-03 Target: 1.8000E-03 converged?   no component   233
  RMS step  1.2982E-03 Target: 1.2000E-03 converged?   no
  Max grad  1.2853E-03 Target: 4.5000E-04 converged?   no component   251
  RMS grad  1.9793E-04 Target: 3.0000E-04 converged?  yes
Next calculation will be the dimer endpoint before rotation
dl-find/turbomole/=============================== Tstep:   99.2 Ttot: 1117.5 ==
eandg
Spin: 
 Energy calculation finished, energy: -2.138687311E+03
Curvature at dimer midpoint                   -0.00324
Predicted dimer rotation angle:     25.136 deg
Next calculation will be the dimer endpoint after rotation
dl-find/turbomole/=============================== Tstep:   97.7 Ttot: 1215.3 ==
eandg
Spin: 
 Energy calculation finished, energy: -2.138687311E+03
Curvature at dimer midpoint after rotation     0.02747
Curvature at dimer minimum                    -0.00332
Actual dimer rotation angle:         1.195 deg
Dimer rotation converged after    1 steps
Writing TS-mode
Curvature after dimer rotation:               -0.00332
Frequency of transition mode  -296.279 cm^-1 (negative value denotes imaginary frequency)
Crossover temperature for tunnelling       67.84452 K
Restarting L-BFGS optimiser, instance: dimer rotation
Next calculation will be the dimer  midpoint
dl-find/turbomole/=============================== Tstep:   94.1 Ttot: 1309.4 ==
eandg
Spin: 
 Energy calculation finished, energy: -2.138687472E+03
Testing convergence of dimer midpoint in cycle    4
    Energy  1.5905E-04 Target: 1.0000E-06 converged?   no
  Max step  2.8858E-02 Target: 1.8000E-03 converged?   no component   232
  RMS step  5.0130E-03 Target: 1.2000E-03 converged?   no
  Max grad  1.0330E-03 Target: 4.5000E-04 converged?   no component    58
  RMS grad  1.7678E-04 Target: 3.0000E-04 converged?  yes
Next calculation will be the dimer endpoint before rotation
dl-find/turbomole/=============================== Tstep:  121.4 Ttot: 1430.8 ==
eandg
Spin: 
 Energy calculation finished, energy: -2.138687470E+03
Curvature at dimer midpoint                   -0.00333
Predicted dimer rotation angle:     23.114 deg
Next calculation will be the dimer endpoint after rotation
dl-find/turbomole/=============================== Tstep:   96.4 Ttot: 1527.2 ==
eandg
Spin: 
 Energy calculation finished, energy: -2.138687466E+03
Curvature at dimer midpoint after rotation     0.03813
Curvature at dimer minimum                    -0.00337
Actual dimer rotation angle:         0.697 deg
Dimer rotation converged after    1 steps
Writing TS-mode
Curvature after dimer rotation:               -0.00337
Frequency of transition mode  -298.344 cm^-1 (negative value denotes imaginary frequency)
Crossover temperature for tunnelling       68.31725 K
Restarting L-BFGS optimiser, instance: dimer rotation
Next calculation will be the dimer  midpoint
dl-find/turbomole/=============================== Tstep:   95.1 Ttot: 1622.3 ==
eandg
Spin: 
 Energy calculation finished, energy: -2.138687404E+03
Testing convergence of dimer midpoint in cycle    5
    Energy  6.7547E-05 Target: 1.0000E-06 converged?   no
  Max step  2.1217E-02 Target: 1.8000E-03 converged?   no component   232
  RMS step  4.5452E-03 Target: 1.2000E-03 converged?   no
  Max grad  3.9446E-03 Target: 4.5000E-04 converged?   no component    58
  RMS grad  5.7696E-04 Target: 3.0000E-04 converged?   no
Next calculation will be the dimer endpoint before rotation
dl-find/turbomole/=============================== Tstep:  122.6 Ttot: 1744.9 ==
eandg
Spin: 
 Energy calculation finished, energy: -2.138687400E+03
Curvature at dimer midpoint                   -0.00337
Predicted dimer rotation angle:     17.893 deg
Next calculation will be the dimer endpoint after rotation
dl-find/turbomole/=============================== Tstep:   97.3 Ttot: 1842.1 ==
eandg
Spin: 
 Energy calculation finished, energy: -2.138687392E+03
Curvature at dimer midpoint after rotation     0.01645
Curvature at dimer minimum                    -0.00339
Actual dimer rotation angle:         0.618 deg
Dimer rotation converged after    1 steps
Writing TS-mode
Curvature after dimer rotation:               -0.00339
Frequency of transition mode  -299.445 cm^-1 (negative value denotes imaginary frequency)
Crossover temperature for tunnelling       68.56954 K
Restarting L-BFGS optimiser, instance: dimer rotation
Next calculation will be the dimer  midpoint
dl-find/turbomole/=============================== Tstep:   91.6 Ttot: 1933.7 ==
eandg
Spin: 
 Energy calculation finished, energy: -2.138687501E+03
Testing convergence of dimer midpoint in cycle    6
    Energy  9.6338E-05 Target: 1.0000E-06 converged?   no
  Max step  1.0089E-02 Target: 1.8000E-03 converged?   no component   232
  RMS step  2.2498E-03 Target: 1.2000E-03 converged?   no
  Max grad  4.1949E-04 Target: 4.5000E-04 converged?  yes component   102
  RMS grad  1.0568E-04 Target: 3.0000E-04 converged?  yes
Next calculation will be the dimer endpoint before rotation
dl-find/turbomole/=============================== Tstep:  120.7 Ttot: 2054.4 ==
eandg
Spin: 
 Energy calculation finished, energy: -2.138687499E+03
Curvature at dimer midpoint                   -0.00335
Predicted dimer rotation angle:     17.085 deg
Next calculation will be the dimer endpoint after rotation
dl-find/turbomole/=============================== Tstep:   95.6 Ttot: 2150.0 ==
eandg
Spin: 
 Energy calculation finished, energy: -2.138687499E+03
Curvature at dimer midpoint after rotation     0.01785
Curvature at dimer minimum                    -0.00337
Actual dimer rotation angle:         0.501 deg
Dimer rotation converged after    1 steps
Writing TS-mode
Curvature after dimer rotation:               -0.00337
Frequency of transition mode  -298.534 cm^-1 (negative value denotes imaginary frequency)
Crossover temperature for tunnelling       68.36083 K
Restarting L-BFGS optimiser, instance: dimer rotation
Next calculation will be the dimer  midpoint
dl-find/turbomole/=============================== Tstep:   86.5 Ttot: 2236.5 ==
eandg
Spin: 
 Energy calculation finished, energy: -2.138687511E+03
Testing convergence of dimer midpoint in cycle    7
    Energy  9.7340E-06 Target: 1.0000E-06 converged?   no
  Max step  2.5806E-03 Target: 1.8000E-03 converged?   no component   102
  RMS step  5.1840E-04 Target: 1.2000E-03 converged?  yes
  Max grad  3.8750E-04 Target: 4.5000E-04 converged?  yes component   102
  RMS grad  8.8761E-05 Target: 3.0000E-04 converged?  yes
Next calculation will be the dimer endpoint before rotation
dl-find/turbomole/=============================== Tstep:  103.4 Ttot: 2339.9 ==
eandg
Spin: 
 Energy calculation finished, energy: -2.138687509E+03
Curvature at dimer midpoint                   -0.00337
Predicted dimer rotation angle:     13.800 deg
Next calculation will be the dimer endpoint after rotation
dl-find/turbomole/=============================== Tstep:   98.4 Ttot: 2438.3 ==
eandg
Spin: 
 Energy calculation finished, energy: -2.138687508E+03
Curvature at dimer midpoint after rotation     0.00765
Curvature at dimer minimum                    -0.00339
Actual dimer rotation angle:         0.485 deg
Dimer rotation converged after    1 steps
Writing TS-mode
Curvature after dimer rotation:               -0.00339
Frequency of transition mode  -299.240 cm^-1 (negative value denotes imaginary frequency)
Crossover temperature for tunnelling       68.52240 K
Restarting L-BFGS optimiser, instance: dimer rotation
Next calculation will be the dimer  midpoint
dl-find/turbomole/=============================== Tstep:   89.8 Ttot: 2528.1 ==
eandg
Spin: 
 Energy calculation finished, energy: -2.138687554E+03
Testing convergence of dimer midpoint in cycle    8
    Energy  4.3917E-05 Target: 1.0000E-06 converged?   no
  Max step  2.2776E-02 Target: 1.8000E-03 converged?   no component   102
  RMS step  4.3304E-03 Target: 1.2000E-03 converged?   no
  Max grad  6.3946E-04 Target: 4.5000E-04 converged?   no component    58
  RMS grad  1.2552E-04 Target: 3.0000E-04 converged?  yes
Next calculation will be the dimer endpoint before rotation
dl-find/turbomole/=============================== Tstep:  114.1 Ttot: 2642.2 ==
eandg
Spin: 
 Energy calculation finished, energy: -2.138687553E+03
Curvature at dimer midpoint                   -0.00333
Predicted dimer rotation angle:     13.774 deg
Next calculation will be the dimer endpoint after rotation
dl-find/turbomole/=============================== Tstep:   97.1 Ttot: 2739.3 ==
eandg
Spin: 
 Energy calculation finished, energy: -2.138687551E+03
Curvature at dimer midpoint after rotation     0.01046
Curvature at dimer minimum                    -0.00334
Actual dimer rotation angle:         0.386 deg
Dimer rotation converged after    1 steps
Writing TS-mode
Curvature after dimer rotation:               -0.00334
Frequency of transition mode  -297.033 cm^-1 (negative value denotes imaginary frequency)
Crossover temperature for tunnelling       68.01709 K
Restarting L-BFGS optimiser, instance: dimer rotation
Next calculation will be the dimer  midpoint
dl-find/turbomole/=============================== Tstep:   87.1 Ttot: 2826.4 ==
eandg
Spin: 
 Energy calculation finished, energy: -2.138687577E+03
Testing convergence of dimer midpoint in cycle    9
    Energy  2.2163E-05 Target: 1.0000E-06 converged?   no
  Max step  2.5150E-02 Target: 1.8000E-03 converged?   no component   102
  RMS step  4.4371E-03 Target: 1.2000E-03 converged?   no
  Max grad  2.0579E-03 Target: 4.5000E-04 converged?   no component    58
  RMS grad  2.6520E-04 Target: 3.0000E-04 converged?  yes
Next calculation will be the dimer endpoint before rotation
dl-find/turbomole/=============================== Tstep:  113.8 Ttot: 2940.2 ==
eandg
Spin: 
 Energy calculation finished, energy: -2.138687577E+03
Curvature at dimer midpoint                   -0.00324
Predicted dimer rotation angle:     12.494 deg
Next calculation will be the dimer endpoint after rotation
dl-find/turbomole/=============================== Tstep:   94.9 Ttot: 3035.1 ==
eandg
Spin: 
 Energy calculation finished, energy: -2.138687573E+03
Curvature at dimer midpoint after rotation     0.00764
Curvature at dimer minimum                    -0.00325
Actual dimer rotation angle:         0.352 deg
Dimer rotation converged after    1 steps
Writing TS-mode
Curvature after dimer rotation:               -0.00325
Frequency of transition mode  -292.998 cm^-1 (negative value denotes imaginary frequency)
Crossover temperature for tunnelling       67.09310 K
Restarting L-BFGS optimiser, instance: dimer rotation
Next calculation will be the dimer  midpoint
dl-find/turbomole/=============================== Tstep:   71.4 Ttot: 3106.5 ==
eandg
Spin: 
 Energy calculation finished, energy: -2.138687617E+03
Testing convergence of dimer midpoint in cycle   10
    Energy  4.0638E-05 Target: 1.0000E-06 converged?   no
  Max step  2.0059E-02 Target: 1.8000E-03 converged?   no component   102
  RMS step  3.5350E-03 Target: 1.2000E-03 converged?   no
  Max grad  1.0342E-03 Target: 4.5000E-04 converged?   no component    83
  RMS grad  1.6544E-04 Target: 3.0000E-04 converged?  yes
Next calculation will be the dimer endpoint before rotation
dl-find/turbomole/=============================== Tstep:  112.4 Ttot: 3218.9 ==
eandg
Spin: 
 Energy calculation finished, energy: -2.138687617E+03
Curvature at dimer midpoint                   -0.00325
Predicted dimer rotation angle:     11.246 deg
Next calculation will be the dimer endpoint after rotation
dl-find/turbomole/=============================== Tstep:   97.0 Ttot: 3315.9 ==
eandg
Spin: 
 Energy calculation finished, energy: -2.138687618E+03
Curvature at dimer midpoint after rotation     0.00516
Curvature at dimer minimum                    -0.00326
Actual dimer rotation angle:         0.329 deg
Dimer rotation converged after    1 steps
Writing TS-mode
Curvature after dimer rotation:               -0.00326
Frequency of transition mode  -293.460 cm^-1 (negative value denotes imaginary frequency)
Crossover temperature for tunnelling       67.19900 K
Restarting L-BFGS optimiser, instance: dimer rotation
Next calculation will be the dimer  midpoint
dl-find/turbomole/=============================== Tstep:   86.0 Ttot: 3401.9 ==
eandg
Spin: 
 Energy calculation finished, energy: -2.138687672E+03
Testing convergence of dimer midpoint in cycle   11
    Energy  5.4641E-05 Target: 1.0000E-06 converged?   no
  Max step  3.7649E-02 Target: 1.8000E-03 converged?   no component   102
  RMS step  6.4419E-03 Target: 1.2000E-03 converged?   no
  Max grad  4.0456E-04 Target: 4.5000E-04 converged?  yes component   229
  RMS grad  1.1754E-04 Target: 3.0000E-04 converged?  yes
Next calculation will be the dimer endpoint before rotation
dl-find/turbomole/=============================== Tstep:  110.1 Ttot: 3512.0 ==
eandg
Spin: 
 Energy calculation finished, energy: -2.138687672E+03
Curvature at dimer midpoint                   -0.00318
Predicted dimer rotation angle:     10.337 deg
Next calculation will be the dimer endpoint after rotation
dl-find/turbomole/=============================== Tstep:  101.3 Ttot: 3613.2 ==
eandg
Spin: 
 Energy calculation finished, energy: -2.138687672E+03
Curvature at dimer midpoint after rotation     0.00319
Curvature at dimer minimum                    -0.00318
Actual dimer rotation angle:         0.326 deg
Dimer rotation converged after    1 steps
Writing TS-mode
Curvature after dimer rotation:               -0.00318
Frequency of transition mode  -289.983 cm^-1 (negative value denotes imaginary frequency)
Crossover temperature for tunnelling       66.40274 K
Restarting L-BFGS optimiser, instance: dimer rotation
Next calculation will be the dimer  midpoint
dl-find/turbomole/=============================== Tstep:   86.3 Ttot: 3699.5 ==
eandg
Spin: 
 Energy calculation finished, energy: -2.138687714E+03
Testing convergence of dimer midpoint in cycle   12
    Energy  4.1765E-05 Target: 1.0000E-06 converged?   no
  Max step  2.9844E-02 Target: 1.8000E-03 converged?   no component   102
  RMS step  4.9123E-03 Target: 1.2000E-03 converged?   no
  Max grad  9.8398E-04 Target: 4.5000E-04 converged?   no component    83
  RMS grad  1.4963E-04 Target: 3.0000E-04 converged?  yes
Next calculation will be the dimer endpoint before rotation
dl-find/turbomole/=============================== Tstep:  109.2 Ttot: 3808.7 ==
eandg
Spin: 
 Energy calculation finished, energy: -2.138687714E+03
Curvature at dimer midpoint                   -0.00312
Predicted dimer rotation angle:     10.259 deg
Next calculation will be the dimer endpoint after rotation
dl-find/turbomole/=============================== Tstep:   95.8 Ttot: 3904.5 ==
eandg
Spin: 
 Energy calculation finished, energy: -2.138687713E+03
Curvature at dimer midpoint after rotation     0.00497
Curvature at dimer minimum                    -0.00312
Actual dimer rotation angle:         0.250 deg
Dimer rotation converged after    1 steps
Writing TS-mode
Curvature after dimer rotation:               -0.00312
Frequency of transition mode  -287.335 cm^-1 (negative value denotes imaginary frequency)
Crossover temperature for tunnelling       65.79630 K
Restarting L-BFGS optimiser, instance: dimer rotation
Next calculation will be the dimer  midpoint
dl-find/turbomole/=============================== Tstep:   88.0 Ttot: 3992.5 ==
eandg
Spin: 
 Energy calculation finished, energy: -2.138687761E+03
Testing convergence of dimer midpoint in cycle   13
    Energy  4.6919E-05 Target: 1.0000E-06 converged?   no
  Max step  7.1437E-02 Target: 1.8000E-03 converged?   no component   102
  RMS step  1.1476E-02 Target: 1.2000E-03 converged?   no
  Max grad  1.6991E-03 Target: 4.5000E-04 converged?   no component   219
  RMS grad  2.9249E-04 Target: 3.0000E-04 converged?  yes
Next calculation will be the dimer endpoint before rotation
dl-find/turbomole/=============================== Tstep:  124.8 Ttot: 4117.2 ==
eandg
Spin: 
 Energy calculation finished, energy: -2.138687763E+03
Curvature at dimer midpoint                   -0.00296
Predicted dimer rotation angle:      9.773 deg
Next calculation will be the dimer endpoint after rotation
dl-find/turbomole/=============================== Tstep:   96.8 Ttot: 4214.0 ==
eandg
Spin: 
 Energy calculation finished, energy: -2.138687762E+03
Curvature at dimer midpoint after rotation     0.00191
Curvature at dimer minimum                    -0.00297
Actual dimer rotation angle:         0.332 deg
Dimer rotation converged after    1 steps
Writing TS-mode
Curvature after dimer rotation:               -0.00297
Frequency of transition mode  -280.022 cm^-1 (negative value denotes imaginary frequency)
Crossover temperature for tunnelling       64.12182 K
Restarting L-BFGS optimiser, instance: dimer rotation
Next calculation will be the dimer  midpoint
dl-find/turbomole/=============================== Tstep:   87.6 Ttot: 4301.7 ==
eandg
Spin: 
 Energy calculation finished, energy: -2.138687814E+03
Testing convergence of dimer midpoint in cycle   14
    Energy  5.3237E-05 Target: 1.0000E-06 converged?   no
  Max step  1.4563E-02 Target: 1.8000E-03 converged?   no component   102
  RMS step  2.4991E-03 Target: 1.2000E-03 converged?   no
  Max grad  4.6396E-04 Target: 4.5000E-04 converged?   no component   242
  RMS grad  1.3125E-04 Target: 3.0000E-04 converged?  yes
Next calculation will be the dimer endpoint before rotation
dl-find/turbomole/=============================== Tstep:  107.1 Ttot: 4408.8 ==
eandg
Spin: 
 Energy calculation finished, energy: -2.138687815E+03
Curvature at dimer midpoint                   -0.00292
Predicted dimer rotation angle:     10.913 deg
Next calculation will be the dimer endpoint after rotation
dl-find/turbomole/=============================== Tstep:   98.3 Ttot: 4507.1 ==
eandg
Spin: 
 Energy calculation finished, energy: -2.138687814E+03
Curvature at dimer midpoint after rotation     0.00660
Curvature at dimer minimum                    -0.00293
Actual dimer rotation angle:         0.241 deg
Dimer rotation converged after    1 steps
Writing TS-mode
Curvature after dimer rotation:               -0.00293
Frequency of transition mode  -278.156 cm^-1 (negative value denotes imaginary frequency)
Crossover temperature for tunnelling       63.69456 K
Restarting L-BFGS optimiser, instance: dimer rotation
Next calculation will be the dimer  midpoint
dl-find/turbomole/=============================== Tstep:   88.1 Ttot: 4595.2 ==
eandg
Spin: 
 Energy calculation finished, energy: -2.138687843E+03
Testing convergence of dimer midpoint in cycle   15
    Energy  2.9321E-05 Target: 1.0000E-06 converged?   no
  Max step  1.0782E-02 Target: 1.8000E-03 converged?   no component   102
  RMS step  2.0524E-03 Target: 1.2000E-03 converged?   no
  Max grad  5.9214E-04 Target: 4.5000E-04 converged?   no component    88
  RMS grad  1.2614E-04 Target: 3.0000E-04 converged?  yes
Next calculation will be the dimer endpoint before rotation
dl-find/turbomole/=============================== Tstep:  109.3 Ttot: 4704.5 ==
eandg
Spin: 
 Energy calculation finished, energy: -2.138687845E+03
Curvature at dimer midpoint                   -0.00291
Predicted dimer rotation angle:      8.335 deg
Next calculation will be the dimer endpoint after rotation
dl-find/turbomole/=============================== Tstep:  102.2 Ttot: 4806.7 ==
eandg
Spin: 
 Energy calculation finished, energy: -2.138687845E+03
Curvature at dimer midpoint after rotation     0.00094
Curvature at dimer minimum                    -0.00292
Actual dimer rotation angle:         0.256 deg
Dimer rotation converged after    1 steps
Writing TS-mode
Curvature after dimer rotation:               -0.00292
Frequency of transition mode  -277.718 cm^-1 (negative value denotes imaginary frequency)
Crossover temperature for tunnelling       63.59419 K
Restarting L-BFGS optimiser, instance: dimer rotation
Next calculation will be the dimer  midpoint
dl-find/turbomole/=============================== Tstep:   86.8 Ttot: 4893.5 ==
eandg
Spin: 
 Energy calculation finished, energy: -2.138687882E+03
Testing convergence of dimer midpoint in cycle   16
    Energy  3.9219E-05 Target: 1.0000E-06 converged?   no
  Max step  2.9871E-02 Target: 1.8000E-03 converged?   no component   102
  RMS step  4.5543E-03 Target: 1.2000E-03 converged?   no
  Max grad  8.1213E-04 Target: 4.5000E-04 converged?   no component    88
  RMS grad  1.4843E-04 Target: 3.0000E-04 converged?  yes
Next calculation will be the dimer endpoint before rotation
dl-find/turbomole/=============================== Tstep:  106.2 Ttot: 4999.7 ==
eandg
Spin: 
 Energy calculation finished, energy: -2.138687884E+03
Curvature at dimer midpoint                   -0.00288
Predicted dimer rotation angle:      9.377 deg
Next calculation will be the dimer endpoint after rotation
dl-find/turbomole/=============================== Tstep:   96.4 Ttot: 5096.1 ==
eandg
Spin: 
 Energy calculation finished, energy: -2.138687883E+03
Curvature at dimer midpoint after rotation     0.00383
Curvature at dimer minimum                    -0.00288
Actual dimer rotation angle:         0.212 deg
Dimer rotation converged after    1 steps
Writing TS-mode
Curvature after dimer rotation:               -0.00288
Frequency of transition mode  -276.006 cm^-1 (negative value denotes imaginary frequency)
Crossover temperature for tunnelling       63.20214 K
Restarting L-BFGS optimiser, instance: dimer rotation
Next calculation will be the dimer  midpoint
dl-find/turbomole/=============================== Tstep:   87.9 Ttot: 5184.0 ==
eandg
Spin: 
 Energy calculation finished, energy: -2.138687933E+03
Testing convergence of dimer midpoint in cycle   17
    Energy  5.0906E-05 Target: 1.0000E-06 converged?   no
  Max step  7.7703E-02 Target: 1.8000E-03 converged?   no component   102
  RMS step  1.1566E-02 Target: 1.2000E-03 converged?   no
  Max grad  2.5450E-03 Target: 4.5000E-04 converged?   no component   219
  RMS grad  3.6509E-04 Target: 3.0000E-04 converged?   no
Next calculation will be the dimer endpoint before rotation
dl-find/turbomole/=============================== Tstep:  119.2 Ttot: 5303.2 ==
eandg
Spin: 
 Energy calculation finished, energy: -2.138687936E+03
Curvature at dimer midpoint                   -0.00274
Predicted dimer rotation angle:      9.742 deg
Next calculation will be the dimer endpoint after rotation
dl-find/turbomole/=============================== Tstep:   95.4 Ttot: 5398.6 ==
eandg
Spin: 
 Energy calculation finished, energy: -2.138687935E+03
Curvature at dimer midpoint after rotation     0.00328
Curvature at dimer minimum                    -0.00274
Actual dimer rotation angle:         0.251 deg
Dimer rotation converged after    1 steps
Writing TS-mode
Curvature after dimer rotation:               -0.00274
Frequency of transition mode  -269.103 cm^-1 (negative value denotes imaginary frequency)
Crossover temperature for tunnelling       61.62155 K
Restarting L-BFGS optimiser, instance: dimer rotation
Next calculation will be the dimer  midpoint
dl-find/turbomole/=============================== Tstep:   90.7 Ttot: 5489.3 ==
eandg
Spin: 
 Energy calculation finished, energy: -2.138688004E+03
Testing convergence of dimer midpoint in cycle   18
    Energy  7.0877E-05 Target: 1.0000E-06 converged?   no
  Max step  4.0024E-02 Target: 1.8000E-03 converged?   no component   102
  RMS step  5.7725E-03 Target: 1.2000E-03 converged?   no
  Max grad  7.6191E-04 Target: 4.5000E-04 converged?   no component   218
  RMS grad  1.6966E-04 Target: 3.0000E-04 converged?  yes
Next calculation will be the dimer endpoint before rotation
dl-find/turbomole/=============================== Tstep:  118.1 Ttot: 5607.4 ==
eandg
Spin: 
 Energy calculation finished, energy: -2.138688008E+03
Curvature at dimer midpoint                   -0.00266
Predicted dimer rotation angle:      9.501 deg
Next calculation will be the dimer endpoint after rotation
dl-find/turbomole/=============================== Tstep:  101.2 Ttot: 5708.6 ==
eandg
Spin: 
 Energy calculation finished, energy: -2.138688008E+03
Curvature at dimer midpoint after rotation     0.00285
Curvature at dimer minimum                    -0.00267
Actual dimer rotation angle:         0.246 deg
Dimer rotation converged after    1 steps
Writing TS-mode
Curvature after dimer rotation:               -0.00267
Frequency of transition mode  -265.511 cm^-1 (negative value denotes imaginary frequency)
Crossover temperature for tunnelling       60.79894 K
Restarting L-BFGS optimiser, instance: dimer rotation
Next calculation will be the dimer  midpoint
dl-find/turbomole/=============================== Tstep:   86.4 Ttot: 5795.0 ==
eandg
Spin: 
 Energy calculation finished, energy: -2.138688067E+03
Testing convergence of dimer midpoint in cycle   19
    Energy  6.3186E-05 Target: 1.0000E-06 converged?   no
  Max step  4.8055E-02 Target: 1.8000E-03 converged?   no component   102
  RMS step  6.9154E-03 Target: 1.2000E-03 converged?   no
  Max grad  6.9344E-04 Target: 4.5000E-04 converged?   no component    83
  RMS grad  1.4483E-04 Target: 3.0000E-04 converged?  yes
Next calculation will be the dimer endpoint before rotation
dl-find/turbomole/=============================== Tstep:  118.9 Ttot: 5913.9 ==
eandg
Spin: 
 Energy calculation finished, energy: -2.138688071E+03
Curvature at dimer midpoint                   -0.00258
Predicted dimer rotation angle:     10.308 deg
Next calculation will be the dimer endpoint after rotation
dl-find/turbomole/=============================== Tstep:   97.9 Ttot: 6011.8 ==
eandg
Spin: 
 Energy calculation finished, energy: -2.138688071E+03
Curvature at dimer midpoint after rotation     0.00459
Curvature at dimer minimum                    -0.00258
Actual dimer rotation angle:         0.237 deg
Dimer rotation converged after    1 steps
Writing TS-mode
Curvature after dimer rotation:               -0.00258
Frequency of transition mode  -261.326 cm^-1 (negative value denotes imaginary frequency)
Crossover temperature for tunnelling       59.84068 K
Restarting L-BFGS optimiser, instance: dimer rotation
Next calculation will be the dimer  midpoint
dl-find/turbomole/=============================== Tstep:   89.9 Ttot: 6101.7 ==
eandg
Spin: 
 Energy calculation finished, energy: -2.138688155E+03
Testing convergence of dimer midpoint in cycle   20
    Energy  8.7241E-05 Target: 1.0000E-06 converged?   no
  Max step  6.5477E-02 Target: 1.8000E-03 converged?   no component   102
  RMS step  9.4428E-03 Target: 1.2000E-03 converged?   no
  Max grad  1.0484E-03 Target: 4.5000E-04 converged?   no component   219
  RMS grad  1.7297E-04 Target: 3.0000E-04 converged?  yes
Next calculation will be the dimer endpoint before rotation
dl-find/turbomole/=============================== Tstep:  115.2 Ttot: 6216.9 ==
eandg
Spin: 
 Energy calculation finished, energy: -2.138688168E+03
Curvature at dimer midpoint                   -0.00201
Predicted dimer rotation angle:     26.220 deg
Next calculation will be the dimer endpoint after rotation
dl-find/turbomole/=============================== Tstep:   95.6 Ttot: 6312.5 ==
eandg
Spin: 
 Energy calculation finished, energy: -2.138688168E+03
Curvature at dimer midpoint after rotation     0.01876
Curvature at dimer minimum                    -0.00207
Actual dimer rotation angle:         1.280 deg
Dimer rotation converged after    1 steps
Writing TS-mode
Curvature after dimer rotation:               -0.00207
Frequency of transition mode  -233.952 cm^-1 (negative value denotes imaginary frequency)
Crossover temperature for tunnelling       53.57233 K
Restarting L-BFGS optimiser, instance: dimer rotation
Next calculation will be the dimer  midpoint
dl-find/turbomole/=============================== Tstep:   99.3 Ttot: 6411.8 ==
eandg
Spin: 
 Energy calculation finished, energy: -2.138688232E+03
Testing convergence of dimer midpoint in cycle   21
    Energy  7.7195E-05 Target: 1.0000E-06 converged?   no
  Max step  9.0794E-02 Target: 1.8000E-03 converged?   no component   102
  RMS step  1.3219E-02 Target: 1.2000E-03 converged?   no
  Max grad  1.5447E-03 Target: 4.5000E-04 converged?   no component   219
  RMS grad  2.5910E-04 Target: 3.0000E-04 converged?  yes
Next calculation will be the dimer endpoint before rotation
dl-find/turbomole/=============================== Tstep:  123.6 Ttot: 6535.4 ==
eandg
Spin: 
 Energy calculation finished, energy: -2.138688235E+03
Curvature at dimer midpoint                   -0.00237
Predicted dimer rotation angle:     24.738 deg
Next calculation will be the dimer endpoint after rotation
dl-find/turbomole/=============================== Tstep:   97.6 Ttot: 6633.0 ==
eandg
Spin: 
 Energy calculation finished, energy: -2.138688232E+03
Curvature at dimer midpoint after rotation     0.02523
Curvature at dimer minimum                    -0.00242
Actual dimer rotation angle:         0.936 deg
Dimer rotation converged after    1 steps
Writing TS-mode
Curvature after dimer rotation:               -0.00242
Frequency of transition mode  -252.696 cm^-1 (negative value denotes imaginary frequency)
Crossover temperature for tunnelling       57.86438 K
Restarting L-BFGS optimiser, instance: dimer rotation
Next calculation will be the dimer  midpoint
dl-find/turbomole/=============================== Tstep:   98.9 Ttot: 6731.9 ==
eandg
Spin: 
 Energy calculation finished, energy: -2.138688213E+03
Testing convergence of dimer midpoint in cycle   22
    Energy  1.9183E-05 Target: 1.0000E-06 converged?   no
  Max step  1.2547E-01 Target: 1.8000E-03 converged?   no component   102
  RMS step  1.8506E-02 Target: 1.2000E-03 converged?   no
  Max grad  1.1130E-03 Target: 4.5000E-04 converged?   no component    88
  RMS grad  2.0538E-04 Target: 3.0000E-04 converged?  yes
Next calculation will be the dimer endpoint before rotation
dl-find/turbomole/=============================== Tstep:  116.7 Ttot: 6848.6 ==
eandg
Spin: 
 Energy calculation finished, energy: -2.138688214E+03
Curvature at dimer midpoint                   -0.00222
Predicted dimer rotation angle:     21.718 deg
Next calculation will be the dimer endpoint after rotation
dl-find/turbomole/=============================== Tstep:  101.8 Ttot: 6950.4 ==
eandg
Spin: 
 Energy calculation finished, energy: -2.138688211E+03
Curvature at dimer midpoint after rotation     0.04092
Curvature at dimer minimum                    -0.00223
Actual dimer rotation angle:         0.370 deg
Dimer rotation converged after    1 steps
Writing TS-mode
Curvature after dimer rotation:               -0.00223
Frequency of transition mode  -242.828 cm^-1 (negative value denotes imaginary frequency)
Crossover temperature for tunnelling       55.60487 K
Restarting L-BFGS optimiser, instance: dimer rotation
Next calculation will be the dimer  midpoint
dl-find/turbomole/=============================== Tstep:  100.4 Ttot: 7050.9 ==
eandg
Spin: 
 Energy calculation finished, energy: -2.138688344E+03
Testing convergence of dimer midpoint in cycle   23
    Energy  1.3162E-04 Target: 1.0000E-06 converged?   no
  Max step  6.6701E-03 Target: 1.8000E-03 converged?   no component    18
  RMS step  1.4788E-03 Target: 1.2000E-03 converged?   no
  Max grad  5.1637E-04 Target: 4.5000E-04 converged?   no component   245
  RMS grad  1.1960E-04 Target: 3.0000E-04 converged?  yes
Next calculation will be the dimer endpoint before rotation
dl-find/turbomole/=============================== Tstep:  122.4 Ttot: 7173.3 ==
eandg
Spin: 
 Energy calculation finished, energy: -2.138688348E+03
Curvature at dimer midpoint                   -0.00234
Predicted dimer rotation angle:     10.846 deg
Next calculation will be the dimer endpoint after rotation
dl-find/turbomole/=============================== Tstep:  100.5 Ttot: 7273.8 ==
eandg
Spin: 
 Energy calculation finished, energy: -2.138688348E+03
Curvature at dimer midpoint after rotation     0.00414
Curvature at dimer minimum                    -0.00234
Actual dimer rotation angle:         0.277 deg
Dimer rotation converged after    1 steps
Writing TS-mode
Curvature after dimer rotation:               -0.00234
Frequency of transition mode  -248.824 cm^-1 (negative value denotes imaginary frequency)
Crossover temperature for tunnelling       56.97774 K
Restarting L-BFGS optimiser, instance: dimer rotation
Next calculation will be the dimer  midpoint
dl-find/turbomole/=============================== Tstep:   89.9 Ttot: 7363.7 ==
eandg
Spin: 
 Energy calculation finished, energy: -2.138688384E+03
Testing convergence of dimer midpoint in cycle   24
    Energy  3.9482E-05 Target: 1.0000E-06 converged?   no
  Max step  1.0903E-02 Target: 1.8000E-03 converged?   no component    18
  RMS step  2.7948E-03 Target: 1.2000E-03 converged?   no
  Max grad  7.0762E-04 Target: 4.5000E-04 converged?   no component    88
  RMS grad  1.5543E-04 Target: 3.0000E-04 converged?  yes
Next calculation will be the dimer endpoint before rotation
dl-find/turbomole/=============================== Tstep:  113.0 Ttot: 7476.7 ==
eandg
Spin: 
 Energy calculation finished, energy: -2.138688387E+03
Curvature at dimer midpoint                   -0.00241
Predicted dimer rotation angle:     10.104 deg
Next calculation will be the dimer endpoint after rotation
dl-find/turbomole/=============================== Tstep:  102.7 Ttot: 7579.4 ==
eandg
Spin: 
 Energy calculation finished, energy: -2.138688388E+03
Curvature at dimer midpoint after rotation     0.00554
Curvature at dimer minimum                    -0.00241
Actual dimer rotation angle:         0.190 deg
Dimer rotation converged after    1 steps
Writing TS-mode
Curvature after dimer rotation:               -0.00241
Frequency of transition mode  -252.580 cm^-1 (negative value denotes imaginary frequency)
Crossover temperature for tunnelling       57.83787 K
Restarting L-BFGS optimiser, instance: dimer rotation
Next calculation will be the dimer  midpoint
dl-find/turbomole/=============================== Tstep:   97.1 Ttot: 7676.5 ==
eandg
Spin: 
 Energy calculation finished, energy: -2.138688437E+03
Testing convergence of dimer midpoint in cycle   25
    Energy  5.3613E-05 Target: 1.0000E-06 converged?   no
  Max step  4.0122E-02 Target: 1.8000E-03 converged?   no component   102
  RMS step  6.5083E-03 Target: 1.2000E-03 converged?   no
  Max grad  1.1688E-03 Target: 4.5000E-04 converged?   no component    88
  RMS grad  1.9760E-04 Target: 3.0000E-04 converged?  yes
Next calculation will be the dimer endpoint before rotation
dl-find/turbomole/=============================== Tstep:  112.8 Ttot: 7789.3 ==
eandg
Spin: 
 Energy calculation finished, energy: -2.138688441E+03
Curvature at dimer midpoint                   -0.00245
Predicted dimer rotation angle:      7.779 deg
Next calculation will be the dimer endpoint after rotation
dl-find/turbomole/=============================== Tstep:   98.3 Ttot: 7887.6 ==
eandg
Spin: 
 Energy calculation finished, energy: -2.138688440E+03
Curvature at dimer midpoint after rotation     0.00103
Curvature at dimer minimum                    -0.00245
Actual dimer rotation angle:         0.195 deg
Dimer rotation converged after    1 steps
Writing TS-mode
Curvature after dimer rotation:               -0.00245
Frequency of transition mode  -254.654 cm^-1 (negative value denotes imaginary frequency)
Crossover temperature for tunnelling       58.31293 K
Restarting L-BFGS optimiser, instance: dimer rotation
Next calculation will be the dimer  midpoint
dl-find/turbomole/=============================== Tstep:   89.0 Ttot: 7976.5 ==
eandg
Spin: 
 Energy calculation finished, energy: -2.138688493E+03
Testing convergence of dimer midpoint in cycle   26
    Energy  5.6133E-05 Target: 1.0000E-06 converged?   no
  Max step  1.2418E-01 Target: 1.8000E-03 converged?   no component   102
  RMS step  1.9066E-02 Target: 1.2000E-03 converged?   no
  Max grad  1.7461E-03 Target: 4.5000E-04 converged?   no component   244
  RMS grad  2.9028E-04 Target: 3.0000E-04 converged?  yes
Next calculation will be the dimer endpoint before rotation
dl-find/turbomole/=============================== Tstep:  130.7 Ttot: 8107.3 ==
eandg
Spin: 
 Energy calculation finished, energy: -2.138688497E+03
Curvature at dimer midpoint                   -0.00253
Predicted dimer rotation angle:      8.683 deg
Next calculation will be the dimer endpoint after rotation
dl-find/turbomole/=============================== Tstep:   98.7 Ttot: 8206.0 ==
eandg
Spin: 
 Energy calculation finished, energy: -2.138688496E+03
Curvature at dimer midpoint after rotation     0.00299
Curvature at dimer minimum                    -0.00253
Actual dimer rotation angle:         0.180 deg
Dimer rotation converged after    1 steps
Writing TS-mode
Curvature after dimer rotation:               -0.00253
Frequency of transition mode  -258.644 cm^-1 (negative value denotes imaginary frequency)
Crossover temperature for tunnelling       59.22653 K
Restarting L-BFGS optimiser, instance: dimer rotation
Next calculation will be the dimer  midpoint
dl-find/turbomole/=============================== Tstep:   86.2 Ttot: 8292.1 ==
eandg
Spin: 
 Energy calculation finished, energy: -2.138688540E+03
Testing convergence of dimer midpoint in cycle   27
    Energy  4.7024E-05 Target: 1.0000E-06 converged?   no
  Max step  4.0863E-02 Target: 1.8000E-03 converged?   no component   102
  RMS step  5.7661E-03 Target: 1.2000E-03 converged?   no
  Max grad  5.0586E-04 Target: 4.5000E-04 converged?   no component   244
  RMS grad  1.2349E-04 Target: 3.0000E-04 converged?  yes
Next calculation will be the dimer endpoint before rotation
dl-find/turbomole/=============================== Tstep:  109.5 Ttot: 8401.6 ==
eandg
Spin: 
 Energy calculation finished, energy: -2.138688544E+03
Curvature at dimer midpoint                   -0.00252
Predicted dimer rotation angle:      6.768 deg
Next calculation will be the dimer endpoint after rotation
dl-find/turbomole/=============================== Tstep:   98.6 Ttot: 8500.3 ==
eandg
Spin: 
 Energy calculation finished, energy: -2.138688544E+03
Curvature at dimer midpoint after rotation    -0.00039
Curvature at dimer minimum                    -0.00252
Actual dimer rotation angle:         0.213 deg
Dimer rotation converged after    1 steps
Writing TS-mode
Curvature after dimer rotation:               -0.00252
Frequency of transition mode  -258.249 cm^-1 (negative value denotes imaginary frequency)
Crossover temperature for tunnelling       59.13606 K
Restarting L-BFGS optimiser, instance: dimer rotation
Next calculation will be the dimer  midpoint
dl-find/turbomole/=============================== Tstep:   85.7 Ttot: 8586.0 ==
eandg
Spin: 
 Energy calculation finished, energy: -2.138688560E+03
Testing convergence of dimer midpoint in cycle   28
    Energy  1.9816E-05 Target: 1.0000E-06 converged?   no
  Max step  2.5484E-02 Target: 1.8000E-03 converged?   no component   102
  RMS step  3.5863E-03 Target: 1.2000E-03 converged?   no
  Max grad  4.0651E-04 Target: 4.5000E-04 converged?  yes component   244
  RMS grad  1.1436E-04 Target: 3.0000E-04 converged?  yes
Next calculation will be the dimer endpoint before rotation
dl-find/turbomole/=============================== Tstep:  109.0 Ttot: 8695.0 ==
eandg
Spin: 
 Energy calculation finished, energy: -2.138688563E+03
Curvature at dimer midpoint                   -0.00251
Predicted dimer rotation angle:      8.022 deg
Next calculation will be the dimer endpoint after rotation
dl-find/turbomole/=============================== Tstep:   96.4 Ttot: 8791.4 ==
eandg
Spin: 
 Energy calculation finished, energy: -2.138688563E+03
Curvature at dimer midpoint after rotation     0.00267
Curvature at dimer minimum                    -0.00251
Actual dimer rotation angle:         0.150 deg
Dimer rotation converged after    1 steps
Writing TS-mode
Curvature after dimer rotation:               -0.00251
Frequency of transition mode  -257.643 cm^-1 (negative value denotes imaginary frequency)
Crossover temperature for tunnelling       58.99729 K
Restarting L-BFGS optimiser, instance: dimer rotation
Next calculation will be the dimer  midpoint
dl-find/turbomole/=============================== Tstep:   73.2 Ttot: 8864.6 ==
eandg
Spin: 
 Energy calculation finished, energy: -2.138688583E+03
Testing convergence of dimer midpoint in cycle   29
    Energy  2.2284E-05 Target: 1.0000E-06 converged?   no
  Max step  3.8738E-02 Target: 1.8000E-03 converged?   no component   102
  RMS step  5.5691E-03 Target: 1.2000E-03 converged?   no
  Max grad  6.3155E-04 Target: 4.5000E-04 converged?   no component    83
  RMS grad  1.3793E-04 Target: 3.0000E-04 converged?  yes
Next calculation will be the dimer endpoint before rotation
dl-find/turbomole/=============================== Tstep:  112.4 Ttot: 8976.9 ==
eandg
Spin: 
 Energy calculation finished, energy: -2.138688586E+03
Curvature at dimer midpoint                   -0.00254
Predicted dimer rotation angle:      5.733 deg
Next calculation will be the dimer endpoint after rotation
dl-find/turbomole/=============================== Tstep:  102.2 Ttot: 9079.1 ==
eandg
Spin: 
 Energy calculation finished, energy: -2.138688586E+03
Curvature at dimer midpoint after rotation    -0.00115
Curvature at dimer minimum                    -0.00254
Actual dimer rotation angle:         0.198 deg
Dimer rotation converged after    1 steps
Writing TS-mode
Curvature after dimer rotation:               -0.00254
Frequency of transition mode  -258.986 cm^-1 (negative value denotes imaginary frequency)
Crossover temperature for tunnelling       59.30478 K
Restarting L-BFGS optimiser, instance: dimer rotation
Next calculation will be the dimer  midpoint
dl-find/turbomole/=============================== Tstep:   86.0 Ttot: 9165.1 ==
eandg
Spin: 
 Energy calculation finished, energy: -2.138688606E+03
Testing convergence of dimer midpoint in cycle   30
    Energy  2.3816E-05 Target: 1.0000E-06 converged?   no
  Max step  6.4413E-02 Target: 1.8000E-03 converged?   no component   102
  RMS step  9.9357E-03 Target: 1.2000E-03 converged?   no
  Max grad  1.6190E-03 Target: 4.5000E-04 converged?   no component   244
  RMS grad  2.3745E-04 Target: 3.0000E-04 converged?  yes
Next calculation will be the dimer endpoint before rotation
dl-find/turbomole/=============================== Tstep:  121.9 Ttot: 9287.0 ==
eandg
Spin: 
 Energy calculation finished, energy: -2.138688608E+03
Curvature at dimer midpoint                   -0.00265
Predicted dimer rotation angle:      7.787 deg
Next calculation will be the dimer endpoint after rotation
dl-find/turbomole/=============================== Tstep:   98.2 Ttot: 9385.2 ==
eandg
Spin: 
 Energy calculation finished, energy: -2.138688608E+03
Curvature at dimer midpoint after rotation     0.00297
Curvature at dimer minimum                    -0.00265
Actual dimer rotation angle:         0.133 deg
Dimer rotation converged after    1 steps
Writing TS-mode
Curvature after dimer rotation:               -0.00265
Frequency of transition mode  -264.783 cm^-1 (negative value denotes imaginary frequency)
Crossover temperature for tunnelling       60.63219 K
Restarting L-BFGS optimiser, instance: dimer rotation
Next calculation will be the dimer  midpoint
dl-find/turbomole/=============================== Tstep:   85.6 Ttot: 9470.8 ==
eandg
Spin: 
 Energy calculation finished, energy: -2.138688630E+03
Testing convergence of dimer midpoint in cycle   31
    Energy  2.3342E-05 Target: 1.0000E-06 converged?   no
  Max step  3.2599E-02 Target: 1.8000E-03 converged?   no component   102
  RMS step  5.5295E-03 Target: 1.2000E-03 converged?   no
  Max grad  5.9626E-04 Target: 4.5000E-04 converged?   no component    88
  RMS grad  1.3244E-04 Target: 3.0000E-04 converged?  yes
Next calculation will be the dimer endpoint before rotation
dl-find/turbomole/=============================== Tstep:  118.9 Ttot: 9589.7 ==
eandg
Spin: 
 Energy calculation finished, energy: -2.138688632E+03
Curvature at dimer midpoint                   -0.00275
Predicted dimer rotation angle:      4.532 deg
Next calculation will be the dimer endpoint after rotation
dl-find/turbomole/=============================== Tstep:   98.9 Ttot: 9688.6 ==
eandg
Spin: 
 Energy calculation finished, energy: -2.138688632E+03
Curvature at dimer midpoint after rotation    -0.00210
Curvature at dimer minimum                    -0.00275
Actual dimer rotation angle:         0.219 deg
Dimer rotation converged after    1 steps
Writing TS-mode
Curvature after dimer rotation:               -0.00275
Frequency of transition mode  -269.771 cm^-1 (negative value denotes imaginary frequency)
Crossover temperature for tunnelling       61.77454 K
Restarting L-BFGS optimiser, instance: dimer rotation
Next calculation will be the dimer  midpoint
dl-find/turbomole/=============================== Tstep:   84.1 Ttot: 9772.8 ==
eandg
Spin: 
 Energy calculation finished, energy: -2.138688658E+03
Testing convergence of dimer midpoint in cycle   32
    Energy  2.7976E-05 Target: 1.0000E-06 converged?   no
  Max step  2.4552E-02 Target: 1.8000E-03 converged?   no component   102
  RMS step  5.0951E-03 Target: 1.2000E-03 converged?   no
  Max grad  3.5331E-04 Target: 4.5000E-04 converged?  yes component    24
  RMS grad  1.1031E-04 Target: 3.0000E-04 converged?  yes
Next calculation will be the dimer endpoint before rotation
dl-find/turbomole/=============================== Tstep:  115.9 Ttot: 9888.7 ==
eandg
Spin: 
 Energy calculation finished, energy: -2.138688659E+03
Curvature at dimer midpoint                   -0.00289
Predicted dimer rotation angle:      6.485 deg
Next calculation will be the dimer endpoint after rotation
dl-find/turbomole/=============================== Tstep:  100.4 Ttot: 9989.1 ==
eandg
Spin: 
 Energy calculation finished, energy: -2.138688659E+03
Curvature at dimer midpoint after rotation     0.00104
Curvature at dimer minimum                    -0.00289
Actual dimer rotation angle:         0.119 deg
Dimer rotation converged after    1 steps
Writing TS-mode
Curvature after dimer rotation:               -0.00289
Frequency of transition mode  -276.232 cm^-1 (negative value denotes imaginary frequency)
Crossover temperature for tunnelling       63.25388 K
Restarting L-BFGS optimiser, instance: dimer rotation
Next calculation will be the dimer  midpoint
dl-find/turbomole/=============================== Tstep:   86.5 Ttot:10075.6 ==
eandg
Spin: 
 Energy calculation finished, energy: -2.138688686E+03
Testing convergence of dimer midpoint in cycle   33
    Energy  2.8475E-05 Target: 1.0000E-06 converged?   no
  Max step  2.0523E-02 Target: 1.8000E-03 converged?   no component    18
  RMS step  4.4626E-03 Target: 1.2000E-03 converged?   no
  Max grad  6.1575E-04 Target: 4.5000E-04 converged?   no component    88
  RMS grad  1.3965E-04 Target: 3.0000E-04 converged?  yes
Next calculation will be the dimer endpoint before rotation
dl-find/turbomole/=============================== Tstep:  116.3 Ttot:10191.9 ==
eandg
Spin: 
 Energy calculation finished, energy: -2.138688688E+03
Curvature at dimer midpoint                   -0.00301
Predicted dimer rotation angle:      4.587 deg
Next calculation will be the dimer endpoint after rotation
dl-find/turbomole/=============================== Tstep:   96.0 Ttot:10288.0 ==
eandg
Spin: 
 Energy calculation finished, energy: -2.138688688E+03
Curvature at dimer midpoint after rotation    -0.00195
Curvature at dimer minimum                    -0.00302
Actual dimer rotation angle:         0.157 deg
Dimer rotation converged after    1 steps
Writing TS-mode
Curvature after dimer rotation:               -0.00302
Frequency of transition mode  -282.286 cm^-1 (negative value denotes imaginary frequency)
Crossover temperature for tunnelling       64.64031 K
Restarting L-BFGS optimiser, instance: dimer rotation
Next calculation will be the dimer  midpoint
dl-find/turbomole/=============================== Tstep:   74.7 Ttot:10362.7 ==
eandg
Spin: 
 Energy calculation finished, energy: -2.138688717E+03
Testing convergence of dimer midpoint in cycle   34
    Energy  3.0815E-05 Target: 1.0000E-06 converged?   no
  Max step  5.3422E-02 Target: 1.8000E-03 converged?   no component   102
  RMS step  9.2410E-03 Target: 1.2000E-03 converged?   no
  Max grad  7.9606E-04 Target: 4.5000E-04 converged?   no component    76
  RMS grad  1.9840E-04 Target: 3.0000E-04 converged?  yes
Next calculation will be the dimer endpoint before rotation
dl-find/turbomole/=============================== Tstep:  121.1 Ttot:10483.8 ==
eandg
Spin: 
 Energy calculation finished, energy: -2.138688717E+03
Curvature at dimer midpoint                   -0.00317
Predicted dimer rotation angle:      5.195 deg
Next calculation will be the dimer endpoint after rotation
dl-find/turbomole/=============================== Tstep:   99.9 Ttot:10583.6 ==
eandg
Spin: 
 Energy calculation finished, energy: -2.138688717E+03
Curvature at dimer midpoint after rotation    -0.00182
Curvature at dimer minimum                    -0.00317
Actual dimer rotation angle:         0.187 deg
Dimer rotation converged after    1 steps
Writing TS-mode
Curvature after dimer rotation:               -0.00317
Frequency of transition mode  -289.568 cm^-1 (negative value denotes imaginary frequency)
Crossover temperature for tunnelling       66.30763 K
Restarting L-BFGS optimiser, instance: dimer rotation
Next calculation will be the dimer  midpoint
dl-find/turbomole/=============================== Tstep:   73.6 Ttot:10657.2 ==
eandg
Spin: 
 Energy calculation finished, energy: -2.138688739E+03
Testing convergence of dimer midpoint in cycle   35
    Energy  2.2016E-05 Target: 1.0000E-06 converged?   no
  Max step  3.0418E-02 Target: 1.8000E-03 converged?   no component   102
  RMS step  4.8135E-03 Target: 1.2000E-03 converged?   no
  Max grad  4.6412E-04 Target: 4.5000E-04 converged?   no component    88
  RMS grad  1.1083E-04 Target: 3.0000E-04 converged?  yes
Next calculation will be the dimer endpoint before rotation
dl-find/turbomole/=============================== Tstep:  118.0 Ttot:10775.3 ==
eandg
Spin: 
 Energy calculation finished, energy: -2.138688739E+03
Curvature at dimer midpoint                   -0.00318
Predicted dimer rotation angle:      5.422 deg
Next calculation will be the dimer endpoint after rotation
dl-find/turbomole/=============================== Tstep:   99.0 Ttot:10874.3 ==
eandg
Spin: 
 Energy calculation finished, energy: -2.138688739E+03
Curvature at dimer midpoint after rotation    -0.00083
Curvature at dimer minimum                    -0.00318
Actual dimer rotation angle:         0.126 deg
Dimer rotation converged after    1 steps
Writing TS-mode
Curvature after dimer rotation:               -0.00318
Frequency of transition mode  -289.902 cm^-1 (negative value denotes imaginary frequency)
Crossover temperature for tunnelling       66.38420 K
Restarting L-BFGS optimiser, instance: dimer rotation
Next calculation will be the dimer  midpoint
dl-find/turbomole/=============================== Tstep:   82.0 Ttot:10956.3 ==
eandg
Spin: 
 Energy calculation finished, energy: -2.138688765E+03
Testing convergence of dimer midpoint in cycle   36
    Energy  2.6294E-05 Target: 1.0000E-06 converged?   no
  Max step  3.8750E-02 Target: 1.8000E-03 converged?   no component   102
  RMS step  5.7810E-03 Target: 1.2000E-03 converged?   no
  Max grad  3.7345E-04 Target: 4.5000E-04 converged?  yes component   247
  RMS grad  1.0075E-04 Target: 3.0000E-04 converged?  yes
Next calculation will be the dimer endpoint before rotation
dl-find/turbomole/=============================== Tstep:  120.6 Ttot:11076.9 ==
eandg
Spin: 
 Energy calculation finished, energy: -2.138688763E+03
Curvature at dimer midpoint                   -0.00332
Predicted dimer rotation angle:      5.184 deg
Next calculation will be the dimer endpoint after rotation
dl-find/turbomole/=============================== Tstep:   98.5 Ttot:11175.3 ==
eandg
Spin: 
 Energy calculation finished, energy: -2.138688763E+03
Curvature at dimer midpoint after rotation    -0.00209
Curvature at dimer minimum                    -0.00332
Actual dimer rotation angle:         0.212 deg
Dimer rotation converged after    1 steps
Writing TS-mode
Curvature after dimer rotation:               -0.00332
Frequency of transition mode  -296.285 cm^-1 (negative value denotes imaginary frequency)
Crossover temperature for tunnelling       67.84576 K
Restarting L-BFGS optimiser, instance: dimer rotation
Next calculation will be the dimer  midpoint
dl-find/turbomole/=============================== Tstep:   72.9 Ttot:11248.3 ==
eandg
Spin: 
 Energy calculation finished, energy: -2.138688782E+03
Testing convergence of dimer midpoint in cycle   37
    Energy  1.7107E-05 Target: 1.0000E-06 converged?   no
  Max step  2.8928E-02 Target: 1.8000E-03 converged?   no component   102
  RMS step  4.5295E-03 Target: 1.2000E-03 converged?   no
  Max grad  4.9675E-04 Target: 4.5000E-04 converged?   no component   219
  RMS grad  1.2216E-04 Target: 3.0000E-04 converged?  yes
Next calculation will be the dimer endpoint before rotation
dl-find/turbomole/=============================== Tstep:  119.6 Ttot:11367.9 ==
eandg
Spin: 
 Energy calculation finished, energy: -2.138688781E+03
Curvature at dimer midpoint                   -0.00325
Predicted dimer rotation angle:      5.698 deg
Next calculation will be the dimer endpoint after rotation
dl-find/turbomole/=============================== Tstep:   98.2 Ttot:11466.0 ==
eandg
Spin: 
 Energy calculation finished, energy: -2.138688781E+03
Curvature at dimer midpoint after rotation    -0.00034
Curvature at dimer minimum                    -0.00325
Actual dimer rotation angle:         0.122 deg
Dimer rotation converged after    1 steps
Writing TS-mode
Curvature after dimer rotation:               -0.00325
Frequency of transition mode  -293.154 cm^-1 (negative value denotes imaginary frequency)
Crossover temperature for tunnelling       67.12886 K
Restarting L-BFGS optimiser, instance: dimer rotation
Next calculation will be the dimer  midpoint
dl-find/turbomole/=============================== Tstep:   87.1 Ttot:11553.1 ==
eandg
Spin: 
 Energy calculation finished, energy: -2.138688805E+03
Testing convergence of dimer midpoint in cycle   38
    Energy  2.2476E-05 Target: 1.0000E-06 converged?   no
  Max step  4.6653E-02 Target: 1.8000E-03 converged?   no component   102
  RMS step  8.1943E-03 Target: 1.2000E-03 converged?   no
  Max grad  7.6788E-04 Target: 4.5000E-04 converged?   no component    88
  RMS grad  1.7675E-04 Target: 3.0000E-04 converged?  yes
Next calculation will be the dimer endpoint before rotation
dl-find/turbomole/=============================== Tstep:  123.1 Ttot:11676.2 ==
eandg
Spin: 
 Energy calculation finished, energy: -2.138688804E+03
Curvature at dimer midpoint                   -0.00337
Predicted dimer rotation angle:      5.620 deg
Next calculation will be the dimer endpoint after rotation
dl-find/turbomole/=============================== Tstep:  102.1 Ttot:11778.3 ==
eandg
Spin: 
 Energy calculation finished, energy: -2.138688804E+03
Curvature at dimer midpoint after rotation    -0.00118
Curvature at dimer minimum                    -0.00338
Actual dimer rotation angle:         0.158 deg
Dimer rotation converged after    1 steps
Writing TS-mode
Curvature after dimer rotation:               -0.00338
Frequency of transition mode  -298.706 cm^-1 (negative value denotes imaginary frequency)
Crossover temperature for tunnelling       68.40025 K
Restarting L-BFGS optimiser, instance: dimer rotation
Next calculation will be the dimer  midpoint
dl-find/turbomole/=============================== Tstep:   84.7 Ttot:11863.0 ==
eandg
Spin: 
 Energy calculation finished, energy: -2.138688833E+03
Testing convergence of dimer midpoint in cycle   39
    Energy  2.8315E-05 Target: 1.0000E-06 converged?   no
  Max step  1.8744E-02 Target: 1.8000E-03 converged?   no component   102
  RMS step  3.5924E-03 Target: 1.2000E-03 converged?   no
  Max grad  3.4962E-04 Target: 4.5000E-04 converged?  yes component    88
  RMS grad  9.6451E-05 Target: 3.0000E-04 converged?  yes
Next calculation will be the dimer endpoint before rotation
dl-find/turbomole/=============================== Tstep:   98.3 Ttot:11961.3 ==
eandg
Spin: 
 Energy calculation finished, energy: -2.138688832E+03
Curvature at dimer midpoint                   -0.00335
Predicted dimer rotation angle:      3.671 deg
Next calculation will be the dimer endpoint after rotation
dl-find/turbomole/=============================== Tstep:   98.5 Ttot:12059.8 ==
eandg
Spin: 
 Energy calculation finished, energy: -2.138688832E+03
Curvature at dimer midpoint after rotation    -0.00267
Curvature at dimer minimum                    -0.00335
Actual dimer rotation angle:         0.137 deg
Dimer rotation converged after    1 steps
Writing TS-mode
Curvature after dimer rotation:               -0.00335
Frequency of transition mode  -297.702 cm^-1 (negative value denotes imaginary frequency)
Crossover temperature for tunnelling       68.17035 K
Restarting L-BFGS optimiser, instance: dimer rotation
Next calculation will be the dimer  midpoint
dl-find/turbomole/=============================== Tstep:   71.6 Ttot:12131.3 ==
eandg
Spin: 
 Energy calculation finished, energy: -2.138688850E+03
Testing convergence of dimer midpoint in cycle   40
    Energy  1.7022E-05 Target: 1.0000E-06 converged?   no
  Max step  1.2742E-02 Target: 1.8000E-03 converged?   no component    18
  RMS step  2.7675E-03 Target: 1.2000E-03 converged?   no
  Max grad  3.2737E-04 Target: 4.5000E-04 converged?  yes component   250
  RMS grad  9.5280E-05 Target: 3.0000E-04 converged?  yes
Next calculation will be the dimer endpoint before rotation
dl-find/turbomole/=============================== Tstep:  119.6 Ttot:12250.9 ==
eandg
Spin: 
 Energy calculation finished, energy: -2.138688849E+03
Curvature at dimer midpoint                   -0.00348
Predicted dimer rotation angle:      4.705 deg
Next calculation will be the dimer endpoint after rotation
dl-find/turbomole/=============================== Tstep:   98.3 Ttot:12349.1 ==
eandg
Spin: 
 Energy calculation finished, energy: -2.138688847E+03
Curvature at dimer midpoint after rotation    -0.00196
Curvature at dimer minimum                    -0.00349
Actual dimer rotation angle:         0.138 deg
Dimer rotation converged after    1 steps
Writing TS-mode
Curvature after dimer rotation:               -0.00349
Frequency of transition mode  -303.500 cm^-1 (negative value denotes imaginary frequency)
Crossover temperature for tunnelling       69.49810 K
Restarting L-BFGS optimiser, instance: dimer rotation
Next calculation will be the dimer  midpoint
dl-find/turbomole/=============================== Tstep:   83.4 Ttot:12432.5 ==
eandg
Spin: 
 Energy calculation finished, energy: -2.138688871E+03
Testing convergence of dimer midpoint in cycle   41
    Energy  2.0496E-05 Target: 1.0000E-06 converged?   no
  Max step  1.5641E-02 Target: 1.8000E-03 converged?   no component   102
  RMS step  3.5275E-03 Target: 1.2000E-03 converged?   no
  Max grad  4.7012E-04 Target: 4.5000E-04 converged?   no component    88
  RMS grad  1.1591E-04 Target: 3.0000E-04 converged?  yes
Next calculation will be the dimer endpoint before rotation
dl-find/turbomole/=============================== Tstep:  117.5 Ttot:12550.0 ==
eandg
Spin: 
 Energy calculation finished, energy: -2.138688867E+03
Curvature at dimer midpoint                   -0.00359
Predicted dimer rotation angle:      4.524 deg
Next calculation will be the dimer endpoint after rotation
dl-find/turbomole/=============================== Tstep:   98.4 Ttot:12648.4 ==
eandg
Spin: 
 Energy calculation finished, energy: -2.138688867E+03
Curvature at dimer midpoint after rotation    -0.00277
Curvature at dimer minimum                    -0.00359
Actual dimer rotation angle:         0.224 deg
Dimer rotation converged after    1 steps
Writing TS-mode
Curvature after dimer rotation:               -0.00359
Frequency of transition mode  -308.150 cm^-1 (negative value denotes imaginary frequency)
Crossover temperature for tunnelling       70.56287 K
Restarting L-BFGS optimiser, instance: dimer rotation
Next calculation will be the dimer  midpoint
dl-find/turbomole/=============================== Tstep:   71.2 Ttot:12719.5 ==
eandg
Spin: 
 Energy calculation finished, energy: -2.138688879E+03
Testing convergence of dimer midpoint in cycle   42
    Energy  8.4590E-06 Target: 1.0000E-06 converged?   no
  Max step  4.2964E-02 Target: 1.8000E-03 converged?   no component   102
  RMS step  8.0240E-03 Target: 1.2000E-03 converged?   no
  Max grad  1.0895E-03 Target: 4.5000E-04 converged?   no component    49
  RMS grad  1.8941E-04 Target: 3.0000E-04 converged?  yes
Next calculation will be the dimer endpoint before rotation
dl-find/turbomole/=============================== Tstep:  119.7 Ttot:12839.2 ==
eandg
Spin: 
 Energy calculation finished, energy: -2.138688877E+03
Curvature at dimer midpoint                   -0.00353
Predicted dimer rotation angle:      4.944 deg
Next calculation will be the dimer endpoint after rotation
dl-find/turbomole/=============================== Tstep:   98.7 Ttot:12938.0 ==
eandg
Spin: 
 Energy calculation finished, energy: -2.138688877E+03
Curvature at dimer midpoint after rotation    -0.00140
Curvature at dimer minimum                    -0.00353
Actual dimer rotation angle:         0.117 deg
Dimer rotation converged after    1 steps
Writing TS-mode
Curvature after dimer rotation:               -0.00353
Frequency of transition mode  -305.258 cm^-1 (negative value denotes imaginary frequency)
Crossover temperature for tunnelling       69.90046 K
Restarting L-BFGS optimiser, instance: dimer rotation
Next calculation will be the dimer  midpoint
dl-find/turbomole/=============================== Tstep:   87.6 Ttot:13025.6 ==
eandg
Spin: 
 Energy calculation finished, energy: -2.138688898E+03
Testing convergence of dimer midpoint in cycle   43
    Energy  1.9283E-05 Target: 1.0000E-06 converged?   no
  Max step  2.0171E-02 Target: 1.8000E-03 converged?   no component   102
  RMS step  3.4260E-03 Target: 1.2000E-03 converged?   no
  Max grad  3.7913E-04 Target: 4.5000E-04 converged?  yes component    49
  RMS grad  9.3448E-05 Target: 3.0000E-04 converged?  yes
Next calculation will be the dimer endpoint before rotation
dl-find/turbomole/=============================== Tstep:  110.9 Ttot:13136.4 ==
eandg
Spin: 
 Energy calculation finished, energy: -2.138688897E+03
Curvature at dimer midpoint                   -0.00353
Predicted dimer rotation angle:      3.351 deg
Next calculation will be the dimer endpoint after rotation
dl-find/turbomole/=============================== Tstep:   99.1 Ttot:13235.6 ==
eandg
Spin: 
 Energy calculation finished, energy: -2.138688896E+03
Curvature at dimer midpoint after rotation    -0.00292
Curvature at dimer minimum                    -0.00353
Actual dimer rotation angle:         0.124 deg
Dimer rotation converged after    1 steps
Writing TS-mode
Curvature after dimer rotation:               -0.00353
Frequency of transition mode  -305.372 cm^-1 (negative value denotes imaginary frequency)
Crossover temperature for tunnelling       69.92666 K
Restarting L-BFGS optimiser, instance: dimer rotation
Next calculation will be the dimer  midpoint
dl-find/turbomole/=============================== Tstep:   70.4 Ttot:13305.9 ==
eandg
Spin: 
 Energy calculation finished, energy: -2.138688910E+03
Testing convergence of dimer midpoint in cycle   44
    Energy  1.1130E-05 Target: 1.0000E-06 converged?   no
  Max step  2.8153E-02 Target: 1.8000E-03 converged?   no component   102
  RMS step  4.2136E-03 Target: 1.2000E-03 converged?   no
  Max grad  3.7139E-04 Target: 4.5000E-04 converged?  yes component    64
  RMS grad  9.3350E-05 Target: 3.0000E-04 converged?  yes
Next calculation will be the dimer endpoint before rotation
dl-find/turbomole/=============================== Tstep:  113.2 Ttot:13419.1 ==
eandg
Spin: 
 Energy calculation finished, energy: -2.138688908E+03
Curvature at dimer midpoint                   -0.00352
Predicted dimer rotation angle:      3.442 deg
Next calculation will be the dimer endpoint after rotation
dl-find/turbomole/=============================== Tstep:   98.9 Ttot:13518.1 ==
eandg
Spin: 
 Energy calculation finished, energy: -2.138688908E+03
Curvature at dimer midpoint after rotation    -0.00261
Curvature at dimer minimum                    -0.00352
Actual dimer rotation angle:         0.091 deg
Dimer rotation converged after    1 steps
Writing TS-mode
Curvature after dimer rotation:               -0.00352
Frequency of transition mode  -304.828 cm^-1 (negative value denotes imaginary frequency)
Crossover temperature for tunnelling       69.80206 K
Restarting L-BFGS optimiser, instance: dimer rotation
Next calculation will be the dimer  midpoint
dl-find/turbomole/=============================== Tstep:   85.8 Ttot:13603.9 ==
eandg
Spin: 
 Energy calculation finished, energy: -2.138688917E+03
Testing convergence of dimer midpoint in cycle   45
    Energy  7.5990E-06 Target: 1.0000E-06 converged?   no
  Max step  2.9919E-02 Target: 1.8000E-03 converged?   no component   102
  RMS step  4.8490E-03 Target: 1.2000E-03 converged?   no
  Max grad  5.0078E-04 Target: 4.5000E-04 converged?   no component    88
  RMS grad  1.2480E-04 Target: 3.0000E-04 converged?  yes
Next calculation will be the dimer endpoint before rotation
dl-find/turbomole/=============================== Tstep:  110.3 Ttot:13714.2 ==
eandg
Spin: 
 Energy calculation finished, energy: -2.138688916E+03
Curvature at dimer midpoint                   -0.00350
Predicted dimer rotation angle:      2.868 deg
Next calculation will be the dimer endpoint after rotation
dl-find/turbomole/=============================== Tstep:   99.1 Ttot:13813.3 ==
eandg
Spin: 
 Energy calculation finished, energy: -2.138688916E+03
Curvature at dimer midpoint after rotation    -0.00302
Curvature at dimer minimum                    -0.00350
Actual dimer rotation angle:         0.097 deg
Dimer rotation converged after    1 steps
Writing TS-mode
Curvature after dimer rotation:               -0.00350
Frequency of transition mode  -304.165 cm^-1 (negative value denotes imaginary frequency)
Crossover temperature for tunnelling       69.65030 K
Restarting L-BFGS optimiser, instance: dimer rotation
Next calculation will be the dimer  midpoint
dl-find/turbomole/=============================== Tstep:   76.9 Ttot:13890.3 ==
eandg
Spin: 
 Energy calculation finished, energy: -2.138688932E+03
Testing convergence of dimer midpoint in cycle   46
    Energy  1.4610E-05 Target: 1.0000E-06 converged?   no
  Max step  6.2935E-02 Target: 1.8000E-03 converged?   no component   102
  RMS step  1.0584E-02 Target: 1.2000E-03 converged?   no
  Max grad  1.0945E-03 Target: 4.5000E-04 converged?   no component    49
  RMS grad  1.7899E-04 Target: 3.0000E-04 converged?  yes
Next calculation will be the dimer endpoint before rotation
dl-find/turbomole/=============================== Tstep:  112.9 Ttot:14003.1 ==
eandg
Spin: 
 Energy calculation finished, energy: -2.138688931E+03
Curvature at dimer midpoint                   -0.00344
Predicted dimer rotation angle:      2.852 deg
Next calculation will be the dimer endpoint after rotation
dl-find/turbomole/=============================== Tstep:  101.3 Ttot:14104.5 ==
eandg
Spin: 
 Energy calculation finished, energy: -2.138688931E+03
Curvature at dimer midpoint after rotation    -0.00280
Curvature at dimer minimum                    -0.00344
Actual dimer rotation angle:         0.073 deg
Dimer rotation converged after    1 steps
Writing TS-mode
Curvature after dimer rotation:               -0.00344
Frequency of transition mode  -301.618 cm^-1 (negative value denotes imaginary frequency)
Crossover temperature for tunnelling       69.06709 K
Restarting L-BFGS optimiser, instance: dimer rotation
Next calculation will be the dimer  midpoint
dl-find/turbomole/=============================== Tstep:   70.5 Ttot:14174.9 ==
eandg
Spin: 
 Energy calculation finished, energy: -2.138688959E+03
Testing convergence of dimer midpoint in cycle   47
    Energy  2.7709E-05 Target: 1.0000E-06 converged?   no
  Max step  9.0135E-02 Target: 1.8000E-03 converged?   no component   102
  RMS step  1.5960E-02 Target: 1.2000E-03 converged?   no
  Max grad  8.3943E-04 Target: 4.5000E-04 converged?   no component   135
  RMS grad  1.9843E-04 Target: 3.0000E-04 converged?  yes
Next calculation will be the dimer endpoint before rotation
dl-find/turbomole/=============================== Tstep:  123.6 Ttot:14298.5 ==
eandg
Spin: 
 Energy calculation finished, energy: -2.138688958E+03
Curvature at dimer midpoint                   -0.00344
Predicted dimer rotation angle:      3.082 deg
Next calculation will be the dimer endpoint after rotation
dl-find/turbomole/=============================== Tstep:   99.3 Ttot:14397.8 ==
eandg
Spin: 
 Energy calculation finished, energy: -2.138688958E+03
Curvature at dimer midpoint after rotation    -0.00304
Curvature at dimer minimum                    -0.00344
Actual dimer rotation angle:         0.139 deg
Dimer rotation converged after    1 steps
Writing TS-mode
Curvature after dimer rotation:               -0.00344
Frequency of transition mode  -301.528 cm^-1 (negative value denotes imaginary frequency)
Crossover temperature for tunnelling       69.04642 K
Restarting L-BFGS optimiser, instance: dimer rotation
Next calculation will be the dimer  midpoint
dl-find/turbomole/=============================== Tstep:   79.9 Ttot:14477.7 ==
eandg
Spin: 
 Energy calculation finished, energy: -2.138688987E+03
Testing convergence of dimer midpoint in cycle   48
    Energy  2.7984E-05 Target: 1.0000E-06 converged?   no
  Max step  1.5148E-02 Target: 1.8000E-03 converged?   no component   102
  RMS step  3.8171E-03 Target: 1.2000E-03 converged?   no
  Max grad  4.0002E-04 Target: 4.5000E-04 converged?  yes component     2
  RMS grad  1.1161E-04 Target: 3.0000E-04 converged?  yes
Next calculation will be the dimer endpoint before rotation
dl-find/turbomole/=============================== Tstep:  118.5 Ttot:14596.2 ==
eandg
Spin: 
 Energy calculation finished, energy: -2.138688987E+03
Curvature at dimer midpoint                   -0.00340
Predicted dimer rotation angle:      3.583 deg
Next calculation will be the dimer endpoint after rotation
dl-find/turbomole/=============================== Tstep:  103.2 Ttot:14699.5 ==
eandg
Spin: 
 Energy calculation finished, energy: -2.138688987E+03
Curvature at dimer midpoint after rotation    -0.00225
Curvature at dimer minimum                    -0.00340
Actual dimer rotation angle:         0.080 deg
Dimer rotation converged after    1 steps
Writing TS-mode
Curvature after dimer rotation:               -0.00340
Frequency of transition mode  -299.694 cm^-1 (negative value denotes imaginary frequency)
Crossover temperature for tunnelling       68.62643 K
Restarting L-BFGS optimiser, instance: dimer rotation
Next calculation will be the dimer  midpoint
dl-find/turbomole/=============================== Tstep:   86.1 Ttot:14785.6 ==
eandg
Spin: 
 Energy calculation finished, energy: -2.138689015E+03
Testing convergence of dimer midpoint in cycle   49
    Energy  2.7097E-05 Target: 1.0000E-06 converged?   no
  Max step  3.0977E-02 Target: 1.8000E-03 converged?   no component   102
  RMS step  6.8904E-03 Target: 1.2000E-03 converged?   no
  Max grad  4.7279E-04 Target: 4.5000E-04 converged?   no component   135
  RMS grad  1.3112E-04 Target: 3.0000E-04 converged?  yes
Next calculation will be the dimer endpoint before rotation
dl-find/turbomole/=============================== Tstep:  119.9 Ttot:14905.5 ==
eandg
Spin: 
 Energy calculation finished, energy: -2.138689014E+03
Curvature at dimer midpoint                   -0.00338
Predicted dimer rotation angle:      2.841 deg
Next calculation will be the dimer endpoint after rotation
dl-find/turbomole/=============================== Tstep:   99.6 Ttot:15005.1 ==
eandg
Spin: 
 Energy calculation finished, energy: -2.138689014E+03
Curvature at dimer midpoint after rotation    -0.00290
Curvature at dimer minimum                    -0.00338
Actual dimer rotation angle:         0.092 deg
Dimer rotation converged after    1 steps
Writing TS-mode
Curvature after dimer rotation:               -0.00338
Frequency of transition mode  -299.059 cm^-1 (negative value denotes imaginary frequency)
Crossover temperature for tunnelling       68.48110 K
Restarting L-BFGS optimiser, instance: dimer rotation
Next calculation will be the dimer  midpoint
dl-find/turbomole/=============================== Tstep:   70.4 Ttot:15075.6 ==
eandg
Spin: 
 Energy calculation finished, energy: -2.138689030E+03
Testing convergence of dimer midpoint in cycle   50
    Energy  1.5477E-05 Target: 1.0000E-06 converged?   no
  Max step  3.1078E-02 Target: 1.8000E-03 converged?   no component   102
  RMS step  5.9692E-03 Target: 1.2000E-03 converged?   no
  Max grad  5.9408E-04 Target: 4.5000E-04 converged?   no component   135
  RMS grad  1.4903E-04 Target: 3.0000E-04 converged?  yes
Next calculation will be the dimer endpoint before rotation
dl-find/turbomole/=============================== Tstep:  114.6 Ttot:15190.2 ==
eandg
Spin: 
 Energy calculation finished, energy: -2.138689030E+03
Curvature at dimer midpoint                   -0.00331
Predicted dimer rotation angle:      3.089 deg
Next calculation will be the dimer endpoint after rotation
dl-find/turbomole/=============================== Tstep:   98.5 Ttot:15288.7 ==
eandg
Spin: 
 Energy calculation finished, energy: -2.138689030E+03
Curvature at dimer midpoint after rotation    -0.00280
Curvature at dimer minimum                    -0.00331
Actual dimer rotation angle:         0.109 deg
Dimer rotation converged after    1 steps
Writing TS-mode
Curvature after dimer rotation:               -0.00331
Frequency of transition mode  -295.850 cm^-1 (negative value denotes imaginary frequency)
Crossover temperature for tunnelling       67.74624 K
Restarting L-BFGS optimiser, instance: dimer rotation
Next calculation will be the dimer  midpoint
dl-find/turbomole/=============================== Tstep:   60.0 Ttot:15348.6 ==
eandg
Spin: 
 Energy calculation finished, energy: -2.138689035E+03
Testing convergence of dimer midpoint in cycle   51
    Energy  5.0470E-06 Target: 1.0000E-06 converged?   no
  Max step  1.2063E-01 Target: 1.8000E-03 converged?   no component   102
  RMS step  2.0898E-02 Target: 1.2000E-03 converged?   no
  Max grad  1.1148E-03 Target: 4.5000E-04 converged?   no component    91
  RMS grad  2.1574E-04 Target: 3.0000E-04 converged?  yes
Next calculation will be the dimer endpoint before rotation
dl-find/turbomole/=============================== Tstep:  131.6 Ttot:15480.2 ==
eandg
Spin: 
 Energy calculation finished, energy: -2.138689036E+03
Curvature at dimer midpoint                   -0.00320
Predicted dimer rotation angle:      3.371 deg
Next calculation will be the dimer endpoint after rotation
dl-find/turbomole/=============================== Tstep:  100.2 Ttot:15580.5 ==
eandg
Spin: 
 Energy calculation finished, energy: -2.138689036E+03
Curvature at dimer midpoint after rotation    -0.00271
Curvature at dimer minimum                    -0.00320
Actual dimer rotation angle:         0.138 deg
Dimer rotation converged after    1 steps
Writing TS-mode
Curvature after dimer rotation:               -0.00320
Frequency of transition mode  -290.985 cm^-1 (negative value denotes imaginary frequency)
Crossover temperature for tunnelling       66.63228 K
Restarting L-BFGS optimiser, instance: dimer rotation
Next calculation will be the dimer  midpoint
dl-find/turbomole/=============================== Tstep:   75.9 Ttot:15656.4 ==
eandg
Spin: 
 Energy calculation finished, energy: -2.138689067E+03
Testing convergence of dimer midpoint in cycle   52
    Energy  3.1410E-05 Target: 1.0000E-06 converged?   no
  Max step  4.4274E-02 Target: 1.8000E-03 converged?   no component   102
  RMS step  6.7643E-03 Target: 1.2000E-03 converged?   no
  Max grad  3.6918E-04 Target: 4.5000E-04 converged?  yes component    71
  RMS grad  1.1008E-04 Target: 3.0000E-04 converged?  yes
Next calculation will be the dimer endpoint before rotation
dl-find/turbomole/=============================== Tstep:   93.7 Ttot:15750.1 ==
eandg
Spin: 
 Energy calculation finished, energy: -2.138689068E+03
Curvature at dimer midpoint                   -0.00318
Predicted dimer rotation angle:      4.596 deg
Next calculation will be the dimer endpoint after rotation
dl-find/turbomole/=============================== Tstep:  100.0 Ttot:15850.1 ==
eandg
Spin: 
 Energy calculation finished, energy: -2.138689068E+03
Curvature at dimer midpoint after rotation    -0.00130
Curvature at dimer minimum                    -0.00318
Actual dimer rotation angle:         0.097 deg
Dimer rotation converged after    1 steps
Writing TS-mode
Curvature after dimer rotation:               -0.00318
Frequency of transition mode  -289.840 cm^-1 (negative value denotes imaginary frequency)
Crossover temperature for tunnelling       66.36993 K
Restarting L-BFGS optimiser, instance: dimer rotation
Next calculation will be the dimer  midpoint
dl-find/turbomole/=============================== Tstep:   87.0 Ttot:15937.0 ==
eandg
Spin: 
 Energy calculation finished, energy: -2.138689066E+03
Testing convergence of dimer midpoint in cycle   53
    Energy  8.1900E-07 Target: 1.0000E-06 converged?  yes
  Max step  2.4537E-02 Target: 1.8000E-03 converged?   no component   102
  RMS step  3.7227E-03 Target: 1.2000E-03 converged?   no
  Max grad  4.2719E-04 Target: 4.5000E-04 converged?  yes component    64
  RMS grad  1.1117E-04 Target: 3.0000E-04 converged?  yes
Next calculation will be the dimer endpoint before rotation
dl-find/turbomole/=============================== Tstep:  110.5 Ttot:16047.5 ==
eandg
Spin: 
 Energy calculation finished, energy: -2.138689066E+03
Curvature at dimer midpoint                   -0.00309
Predicted dimer rotation angle:      3.182 deg
Next calculation will be the dimer endpoint after rotation
dl-find/turbomole/=============================== Tstep:   99.7 Ttot:16147.2 ==
eandg
Spin: 
 Energy calculation finished, energy: -2.138689067E+03
Curvature at dimer midpoint after rotation    -0.00296
Curvature at dimer minimum                    -0.00309
Actual dimer rotation angle:         0.355 deg
Dimer rotation converged after    1 steps
Writing TS-mode
Curvature after dimer rotation:               -0.00309
Frequency of transition mode  -285.904 cm^-1 (negative value denotes imaginary frequency)
Crossover temperature for tunnelling       65.46862 K
Restarting L-BFGS optimiser, instance: dimer rotation
Next calculation will be the dimer  midpoint
dl-find/turbomole/=============================== Tstep:   54.9 Ttot:16202.1 ==
eandg
Spin: 
 Energy calculation finished, energy: -2.138689099E+03
Testing convergence of dimer midpoint in cycle   54
    Energy  3.3737E-05 Target: 1.0000E-06 converged?   no
  Max step  4.3917E-02 Target: 1.8000E-03 converged?   no component   102
  RMS step  7.2929E-03 Target: 1.2000E-03 converged?   no
  Max grad  5.1477E-04 Target: 4.5000E-04 converged?   no component    88
  RMS grad  1.3005E-04 Target: 3.0000E-04 converged?  yes
Next calculation will be the dimer endpoint before rotation
dl-find/turbomole/=============================== Tstep:  112.3 Ttot:16314.4 ==
eandg
Spin: 
 Energy calculation finished, energy: -2.138689101E+03
Curvature at dimer midpoint                   -0.00306
Predicted dimer rotation angle:      9.400 deg
Next calculation will be the dimer endpoint after rotation
dl-find/turbomole/=============================== Tstep:  100.5 Ttot:16414.9 ==
eandg
Spin: 
 Energy calculation finished, energy: -2.138689100E+03
Curvature at dimer midpoint after rotation     0.00770
Curvature at dimer minimum                    -0.00306
Actual dimer rotation angle:         0.143 deg
Dimer rotation converged after    1 steps
Writing TS-mode
Curvature after dimer rotation:               -0.00306
Frequency of transition mode  -284.255 cm^-1 (negative value denotes imaginary frequency)
Crossover temperature for tunnelling       65.09119 K
Restarting L-BFGS optimiser, instance: dimer rotation
Next calculation will be the dimer  midpoint
dl-find/turbomole/=============================== Tstep:   94.1 Ttot:16509.0 ==
eandg
Spin: 
 Energy calculation finished, energy: -2.138689129E+03
Testing convergence of dimer midpoint in cycle   55
    Energy  2.9363E-05 Target: 1.0000E-06 converged?   no
  Max step  7.9251E-02 Target: 1.8000E-03 converged?   no component   102
  RMS step  1.3870E-02 Target: 1.2000E-03 converged?   no
  Max grad  1.9311E-03 Target: 4.5000E-04 converged?   no component    64
  RMS grad  2.4765E-04 Target: 3.0000E-04 converged?  yes
Next calculation will be the dimer endpoint before rotation
dl-find/turbomole/=============================== Tstep:  116.5 Ttot:16625.5 ==
eandg
Spin: 
 Energy calculation finished, energy: -2.138689131E+03
Curvature at dimer midpoint                   -0.00300
Predicted dimer rotation angle:      2.602 deg
Next calculation will be the dimer endpoint after rotation
dl-find/turbomole/=============================== Tstep:   99.9 Ttot:16725.4 ==
eandg
Spin: 
 Energy calculation finished, energy: -2.138689131E+03
Curvature at dimer midpoint after rotation    -0.00287
Curvature at dimer minimum                    -0.00301
Actual dimer rotation angle:         0.200 deg
Dimer rotation converged after    1 steps
Writing TS-mode
Curvature after dimer rotation:               -0.00301
Frequency of transition mode  -281.816 cm^-1 (negative value denotes imaginary frequency)
Crossover temperature for tunnelling       64.53264 K
Restarting L-BFGS optimiser, instance: dimer rotation
Next calculation will be the dimer  midpoint
dl-find/turbomole/=============================== Tstep:   65.1 Ttot:16790.4 ==
eandg
Spin: 
 Energy calculation finished, energy: -2.138689157E+03
Testing convergence of dimer midpoint in cycle   56
    Energy  2.8621E-05 Target: 1.0000E-06 converged?   no
  Max step  6.7285E-03 Target: 1.8000E-03 converged?   no component   100
  RMS step  1.5353E-03 Target: 1.2000E-03 converged?   no
  Max grad  5.0396E-04 Target: 4.5000E-04 converged?   no component    64
  RMS grad  1.0043E-04 Target: 3.0000E-04 converged?  yes
Next calculation will be the dimer endpoint before rotation
dl-find/turbomole/=============================== Tstep:  109.3 Ttot:16899.8 ==
eandg
Spin: 
 Energy calculation finished, energy: -2.138689156E+03
Curvature at dimer midpoint                   -0.00302
Predicted dimer rotation angle:      5.110 deg
Next calculation will be the dimer endpoint after rotation
dl-find/turbomole/=============================== Tstep:  101.2 Ttot:17001.0 ==
eandg
Spin: 
 Energy calculation finished, energy: -2.138689157E+03
Curvature at dimer midpoint after rotation    -0.00106
Curvature at dimer minimum                    -0.00302
Actual dimer rotation angle:         0.120 deg
Dimer rotation converged after    1 steps
Writing TS-mode
Curvature after dimer rotation:               -0.00302
Frequency of transition mode  -282.614 cm^-1 (negative value denotes imaginary frequency)
Crossover temperature for tunnelling       64.71533 K
Restarting L-BFGS optimiser, instance: dimer rotation
Next calculation will be the dimer  midpoint
dl-find/turbomole/=============================== Tstep:   85.0 Ttot:17085.9 ==
eandg
Spin: 
 Energy calculation finished, energy: -2.138689171E+03
Testing convergence of dimer midpoint in cycle   57
    Energy  1.3811E-05 Target: 1.0000E-06 converged?   no
  Max step  1.3133E-02 Target: 1.8000E-03 converged?   no component   102
  RMS step  3.2461E-03 Target: 1.2000E-03 converged?   no
  Max grad  3.1519E-04 Target: 4.5000E-04 converged?  yes component   229
  RMS grad  8.5917E-05 Target: 3.0000E-04 converged?  yes
Next calculation will be the dimer endpoint before rotation
dl-find/turbomole/=============================== Tstep:  112.3 Ttot:17198.2 ==
eandg
Spin: 
 Energy calculation finished, energy: -2.138689170E+03
Curvature at dimer midpoint                   -0.00302
Predicted dimer rotation angle:      2.907 deg
Next calculation will be the dimer endpoint after rotation
dl-find/turbomole/=============================== Tstep:   99.7 Ttot:17297.9 ==
eandg
Spin: 
 Energy calculation finished, energy: -2.138689170E+03
Curvature at dimer midpoint after rotation    -0.00268
Curvature at dimer minimum                    -0.00303
Actual dimer rotation angle:         0.122 deg
Dimer rotation converged after    1 steps
Writing TS-mode
Curvature after dimer rotation:               -0.00303
Frequency of transition mode  -282.747 cm^-1 (negative value denotes imaginary frequency)
Crossover temperature for tunnelling       64.74573 K
Restarting L-BFGS optimiser, instance: dimer rotation
Next calculation will be the dimer  midpoint
dl-find/turbomole/=============================== Tstep:   75.0 Ttot:17372.9 ==
eandg
Spin: 
 Energy calculation finished, energy: -2.138689179E+03
Testing convergence of dimer midpoint in cycle   58
    Energy  7.4930E-06 Target: 1.0000E-06 converged?   no
  Max step  2.0317E-02 Target: 1.8000E-03 converged?   no component   102
  RMS step  4.8128E-03 Target: 1.2000E-03 converged?   no
  Max grad  5.6347E-04 Target: 4.5000E-04 converged?   no component    64
  RMS grad  1.1360E-04 Target: 3.0000E-04 converged?  yes
Next calculation will be the dimer endpoint before rotation
dl-find/turbomole/=============================== Tstep:  111.3 Ttot:17484.2 ==
eandg
Spin: 
 Energy calculation finished, energy: -2.138689176E+03
Curvature at dimer midpoint                   -0.00299
Predicted dimer rotation angle:      4.576 deg
Next calculation will be the dimer endpoint after rotation
dl-find/turbomole/=============================== Tstep:  100.1 Ttot:17584.4 ==
eandg
Spin: 
 Energy calculation finished, energy: -2.138689175E+03
Curvature at dimer midpoint after rotation    -0.00185
Curvature at dimer minimum                    -0.00299
Actual dimer rotation angle:         0.144 deg
Dimer rotation converged after    1 steps
Writing TS-mode
Curvature after dimer rotation:               -0.00299
Frequency of transition mode  -281.187 cm^-1 (negative value denotes imaginary frequency)
Crossover temperature for tunnelling       64.38868 K
Restarting L-BFGS optimiser, instance: dimer rotation
Next calculation will be the dimer  midpoint
dl-find/turbomole/=============================== Tstep:   85.6 Ttot:17670.0 ==
eandg
Spin: 
 Energy calculation finished, energy: -2.138689200E+03
Testing convergence of dimer midpoint in cycle   59
    Energy  2.0983E-05 Target: 1.0000E-06 converged?   no
  Max step  6.3933E-02 Target: 1.8000E-03 converged?   no component   102
  RMS step  1.0975E-02 Target: 1.2000E-03 converged?   no
  Max grad  9.6403E-04 Target: 4.5000E-04 converged?   no component    64
  RMS grad  1.4384E-04 Target: 3.0000E-04 converged?  yes
Next calculation will be the dimer endpoint before rotation
dl-find/turbomole/=============================== Tstep:  113.4 Ttot:17783.4 ==
eandg
Spin: 
 Energy calculation finished, energy: -2.138689198E+03
Curvature at dimer midpoint                   -0.00299
Predicted dimer rotation angle:      4.916 deg
Next calculation will be the dimer endpoint after rotation
dl-find/turbomole/=============================== Tstep:  100.7 Ttot:17884.1 ==
eandg
Spin: 
 Energy calculation finished, energy: -2.138689198E+03
Curvature at dimer midpoint after rotation    -0.00077
Curvature at dimer minimum                    -0.00299
Actual dimer rotation angle:         0.094 deg
Dimer rotation converged after    1 steps
Writing TS-mode
Curvature after dimer rotation:               -0.00299
Frequency of transition mode  -281.289 cm^-1 (negative value denotes imaginary frequency)
Crossover temperature for tunnelling       64.41183 K
Restarting L-BFGS optimiser, instance: dimer rotation
Next calculation will be the dimer  midpoint
dl-find/turbomole/=============================== Tstep:   76.6 Ttot:17960.6 ==
eandg
Spin: 
 Energy calculation finished, energy: -2.138689174E+03
Testing convergence of dimer midpoint in cycle   60
    Energy  2.5656E-05 Target: 1.0000E-06 converged?   no
  Max step  9.8589E-02 Target: 1.8000E-03 converged?   no component   102
  RMS step  2.1192E-02 Target: 1.2000E-03 converged?   no
  Max grad  2.2230E-03 Target: 4.5000E-04 converged?   no component   123
  RMS grad  3.9405E-04 Target: 3.0000E-04 converged?   no
Next calculation will be the dimer endpoint before rotation
dl-find/turbomole/=============================== Tstep:  118.2 Ttot:18078.9 ==
eandg
Spin: 
 Energy calculation finished, energy: -2.138689177E+03
Curvature at dimer midpoint                   -0.00295
Predicted dimer rotation angle:      4.390 deg
Next calculation will be the dimer endpoint after rotation
dl-find/turbomole/=============================== Tstep:  101.1 Ttot:18179.9 ==
eandg
Spin: 
 Energy calculation finished, energy: -2.138689177E+03
Curvature at dimer midpoint after rotation    -0.00232
Curvature at dimer minimum                    -0.00295
Actual dimer rotation angle:         0.218 deg
Dimer rotation converged after    1 steps
Writing TS-mode
Curvature after dimer rotation:               -0.00295
Frequency of transition mode  -279.308 cm^-1 (negative value denotes imaginary frequency)
Crossover temperature for tunnelling       63.95832 K
Restarting L-BFGS optimiser, instance: dimer rotation
Next calculation will be the dimer  midpoint
dl-find/turbomole/=============================== Tstep:   86.3 Ttot:18266.2 ==
eandg
Spin: 
 Energy calculation finished, energy: -2.138689232E+03
Testing convergence of dimer midpoint in cycle   61
    Energy  5.8007E-05 Target: 1.0000E-06 converged?   no
  Max step  2.0576E-02 Target: 1.8000E-03 converged?   no component   100
  RMS step  4.2334E-03 Target: 1.2000E-03 converged?   no
  Max grad  2.8804E-04 Target: 4.5000E-04 converged?  yes component    91
  RMS grad  1.0144E-04 Target: 3.0000E-04 converged?  yes
Next calculation will be the dimer endpoint before rotation
dl-find/turbomole/=============================== Tstep:  117.5 Ttot:18383.8 ==
eandg
Spin: 
 Energy calculation finished, energy: -2.138689235E+03
Curvature at dimer midpoint                   -0.00295
Predicted dimer rotation angle:      4.559 deg
Next calculation will be the dimer endpoint after rotation
dl-find/turbomole/=============================== Tstep:  100.3 Ttot:18484.0 ==
eandg
Spin: 
 Energy calculation finished, energy: -2.138689234E+03
Curvature at dimer midpoint after rotation    -0.00095
Curvature at dimer minimum                    -0.00295
Actual dimer rotation angle:         0.083 deg
Dimer rotation converged after    1 steps
Writing TS-mode
Curvature after dimer rotation:               -0.00295
Frequency of transition mode  -279.203 cm^-1 (negative value denotes imaginary frequency)
Crossover temperature for tunnelling       63.93431 K
Restarting L-BFGS optimiser, instance: dimer rotation
Next calculation will be the dimer  midpoint
dl-find/turbomole/=============================== Tstep:   72.8 Ttot:18556.8 ==
eandg
Spin: 
 Energy calculation finished, energy: -2.138689244E+03
Testing convergence of dimer midpoint in cycle   62
    Energy  1.1788E-05 Target: 1.0000E-06 converged?   no
  Max step  1.0492E-02 Target: 1.8000E-03 converged?   no component   102
  RMS step  1.9561E-03 Target: 1.2000E-03 converged?   no
  Max grad  2.2947E-04 Target: 4.5000E-04 converged?  yes component    18
  RMS grad  8.0231E-05 Target: 3.0000E-04 converged?  yes
Next calculation will be the dimer endpoint before rotation
dl-find/turbomole/=============================== Tstep:  112.8 Ttot:18669.6 ==
eandg
Spin: 
 Energy calculation finished, energy: -2.138689246E+03
Curvature at dimer midpoint                   -0.00296
Predicted dimer rotation angle:      2.237 deg
Next calculation will be the dimer endpoint after rotation
dl-find/turbomole/=============================== Tstep:  104.0 Ttot:18773.6 ==
eandg
Spin: 
 Energy calculation finished, energy: -2.138689246E+03
Curvature at dimer midpoint after rotation    -0.00279
Curvature at dimer minimum                    -0.00296
Actual dimer rotation angle:         0.109 deg
Dimer rotation converged after    1 steps
Writing TS-mode
Curvature after dimer rotation:               -0.00296
Frequency of transition mode  -279.589 cm^-1 (negative value denotes imaginary frequency)
Crossover temperature for tunnelling       64.02256 K
Restarting L-BFGS optimiser, instance: dimer rotation
Next calculation will be the dimer  midpoint
dl-find/turbomole/=============================== Tstep:   75.4 Ttot:18849.0 ==
eandg
Spin: 
 Energy calculation finished, energy: -2.138689257E+03
Testing convergence of dimer midpoint in cycle   63
    Energy  1.3545E-05 Target: 1.0000E-06 converged?   no
  Max step  3.9394E-02 Target: 1.8000E-03 converged?   no component   102
  RMS step  6.2384E-03 Target: 1.2000E-03 converged?   no
  Max grad  4.6489E-04 Target: 4.5000E-04 converged?   no component    92
  RMS grad  1.1250E-04 Target: 3.0000E-04 converged?  yes
Next calculation will be the dimer endpoint before rotation
dl-find/turbomole/=============================== Tstep:  118.6 Ttot:18967.6 ==
eandg
Spin: 
 Energy calculation finished, energy: -2.138689259E+03
Curvature at dimer midpoint                   -0.00304
Predicted dimer rotation angle:      3.299 deg
Next calculation will be the dimer endpoint after rotation
dl-find/turbomole/=============================== Tstep:   99.1 Ttot:19066.7 ==
eandg
Spin: 
 Energy calculation finished, energy: -2.138689258E+03
Curvature at dimer midpoint after rotation    -0.00213
Curvature at dimer minimum                    -0.00304
Actual dimer rotation angle:         0.070 deg
Dimer rotation converged after    1 steps
Writing TS-mode
Curvature after dimer rotation:               -0.00304
Frequency of transition mode  -283.597 cm^-1 (negative value denotes imaginary frequency)
Crossover temperature for tunnelling       64.94052 K
Restarting L-BFGS optimiser, instance: dimer rotation
Next calculation will be the dimer  midpoint
dl-find/turbomole/=============================== Tstep:   86.4 Ttot:19153.1 ==
eandg
Spin: 
 Energy calculation finished, energy: -2.138689271E+03
Testing convergence of dimer midpoint in cycle   64
    Energy  1.4012E-05 Target: 1.0000E-06 converged?   no
  Max step  2.5786E-02 Target: 1.8000E-03 converged?   no component     3
  RMS step  7.4885E-03 Target: 1.2000E-03 converged?   no
  Max grad  6.7713E-04 Target: 4.5000E-04 converged?   no component    83
  RMS grad  1.6877E-04 Target: 3.0000E-04 converged?  yes
Next calculation will be the dimer endpoint before rotation
dl-find/turbomole/=============================== Tstep:  122.8 Ttot:19275.9 ==
eandg
Spin: 
 Energy calculation finished, energy: -2.138689274E+03
Curvature at dimer midpoint                   -0.00304
Predicted dimer rotation angle:      3.343 deg
Next calculation will be the dimer endpoint after rotation
dl-find/turbomole/=============================== Tstep:  104.7 Ttot:19380.6 ==
eandg
Spin: 
 Energy calculation finished, energy: -2.138689274E+03
Curvature at dimer midpoint after rotation    -0.00207
Curvature at dimer minimum                    -0.00304
Actual dimer rotation angle:         0.068 deg
Dimer rotation converged after    1 steps
Writing TS-mode
Curvature after dimer rotation:               -0.00304
Frequency of transition mode  -283.600 cm^-1 (negative value denotes imaginary frequency)
Crossover temperature for tunnelling       64.94113 K
Restarting L-BFGS optimiser, instance: dimer rotation
Next calculation will be the dimer  midpoint
dl-find/turbomole/=============================== Tstep:   72.5 Ttot:19453.1 ==
eandg
Spin: 
 Energy calculation finished, energy: -2.138689292E+03
Testing convergence of dimer midpoint in cycle   65
    Energy  2.0159E-05 Target: 1.0000E-06 converged?   no
  Max step  6.0746E-02 Target: 1.8000E-03 converged?   no component   102
  RMS step  1.2575E-02 Target: 1.2000E-03 converged?   no
  Max grad  6.6911E-04 Target: 4.5000E-04 converged?   no component    58
  RMS grad  1.1886E-04 Target: 3.0000E-04 converged?  yes
Next calculation will be the dimer endpoint before rotation
dl-find/turbomole/=============================== Tstep:  124.4 Ttot:19577.5 ==
eandg
Spin: 
 Energy calculation finished, energy: -2.138689294E+03
Curvature at dimer midpoint                   -0.00311
Predicted dimer rotation angle:      3.439 deg
Next calculation will be the dimer endpoint after rotation
dl-find/turbomole/=============================== Tstep:  100.6 Ttot:19678.1 ==
eandg
Spin: 
 Energy calculation finished, energy: -2.138689294E+03
Curvature at dimer midpoint after rotation    -0.00229
Curvature at dimer minimum                    -0.00311
Actual dimer rotation angle:         0.090 deg
Dimer rotation converged after    1 steps
Writing TS-mode
Curvature after dimer rotation:               -0.00311
Frequency of transition mode  -286.577 cm^-1 (negative value denotes imaginary frequency)
Crossover temperature for tunnelling       65.62285 K
Restarting L-BFGS optimiser, instance: dimer rotation
Next calculation will be the dimer  midpoint
dl-find/turbomole/=============================== Tstep:   83.8 Ttot:19762.0 ==
eandg
Spin: 
 Energy calculation finished, energy: -2.138689303E+03
Testing convergence of dimer midpoint in cycle   66
    Energy  1.1703E-05 Target: 1.0000E-06 converged?   no
  Max step  5.8567E-02 Target: 1.8000E-03 converged?   no component   102
  RMS step  9.7965E-03 Target: 1.2000E-03 converged?   no
  Max grad  3.2663E-04 Target: 4.5000E-04 converged?  yes component    58
  RMS grad  9.2749E-05 Target: 3.0000E-04 converged?  yes
Next calculation will be the dimer endpoint before rotation
dl-find/turbomole/=============================== Tstep:  126.7 Ttot:19888.7 ==
eandg
Spin: 
 Energy calculation finished, energy: -2.138689305E+03
Curvature at dimer midpoint                   -0.00315
Predicted dimer rotation angle:      3.041 deg
Next calculation will be the dimer endpoint after rotation
dl-find/turbomole/=============================== Tstep:  104.4 Ttot:19993.0 ==
eandg
Spin: 
 Energy calculation finished, energy: -2.138689305E+03
Curvature at dimer midpoint after rotation    -0.00273
Curvature at dimer minimum                    -0.00315
Actual dimer rotation angle:         0.120 deg
Dimer rotation converged after    1 steps
Writing TS-mode
Curvature after dimer rotation:               -0.00315
Frequency of transition mode  -288.518 cm^-1 (negative value denotes imaginary frequency)
Crossover temperature for tunnelling       66.06726 K
Restarting L-BFGS optimiser, instance: dimer rotation
Next calculation will be the dimer  midpoint
dl-find/turbomole/=============================== Tstep:   66.1 Ttot:20059.1 ==
eandg
Spin: 
 Energy calculation finished, energy: -2.138689311E+03
Testing convergence of dimer midpoint in cycle   67
    Energy  7.5500E-06 Target: 1.0000E-06 converged?   no
  Max step  2.3786E-02 Target: 1.8000E-03 converged?   no component   100
  RMS step  6.9285E-03 Target: 1.2000E-03 converged?   no
  Max grad  5.3950E-04 Target: 4.5000E-04 converged?   no component    64
  RMS grad  1.3507E-04 Target: 3.0000E-04 converged?  yes
Next calculation will be the dimer endpoint before rotation
dl-find/turbomole/=============================== Tstep:  109.8 Ttot:20168.9 ==
eandg
Spin: 
 Energy calculation finished, energy: -2.138689313E+03
Curvature at dimer midpoint                   -0.00318
Predicted dimer rotation angle:      3.935 deg
Next calculation will be the dimer endpoint after rotation
dl-find/turbomole/=============================== Tstep:  101.6 Ttot:20270.6 ==
eandg
Spin: 
 Energy calculation finished, energy: -2.138689312E+03
Curvature at dimer midpoint after rotation    -0.00179
Curvature at dimer minimum                    -0.00318
Actual dimer rotation angle:         0.082 deg
Dimer rotation converged after    1 steps
Writing TS-mode
Curvature after dimer rotation:               -0.00318
Frequency of transition mode  -289.832 cm^-1 (negative value denotes imaginary frequency)
Crossover temperature for tunnelling       66.36813 K
Restarting L-BFGS optimiser, instance: dimer rotation
Next calculation will be the dimer  midpoint
dl-find/turbomole/=============================== Tstep:   86.7 Ttot:20357.2 ==
eandg
Spin: 
 Energy calculation finished, energy: -2.138689322E+03
Testing convergence of dimer midpoint in cycle   68
    Energy  1.1300E-05 Target: 1.0000E-06 converged?   no
  Max step  2.0018E-02 Target: 1.8000E-03 converged?   no component   102
  RMS step  4.0080E-03 Target: 1.2000E-03 converged?   no
  Max grad  8.2304E-04 Target: 4.5000E-04 converged?   no component    58
  RMS grad  1.2987E-04 Target: 3.0000E-04 converged?  yes
Next calculation will be the dimer endpoint before rotation
dl-find/turbomole/=============================== Tstep:  116.6 Ttot:20473.8 ==
eandg
Spin: 
 Energy calculation finished, energy: -2.138689324E+03
Curvature at dimer midpoint                   -0.00322
Predicted dimer rotation angle:      3.011 deg
Next calculation will be the dimer endpoint after rotation
dl-find/turbomole/=============================== Tstep:  100.7 Ttot:20574.4 ==
eandg
Spin: 
 Energy calculation finished, energy: -2.138689324E+03
Curvature at dimer midpoint after rotation    -0.00272
Curvature at dimer minimum                    -0.00322
Actual dimer rotation angle:         0.101 deg
Dimer rotation converged after    1 steps
Writing TS-mode
Curvature after dimer rotation:               -0.00322
Frequency of transition mode  -291.579 cm^-1 (negative value denotes imaginary frequency)
Crossover temperature for tunnelling       66.76824 K
Restarting L-BFGS optimiser, instance: dimer rotation
Next calculation will be the dimer  midpoint
dl-find/turbomole/=============================== Tstep:   67.9 Ttot:20642.4 ==
eandg
Spin: 
 Energy calculation finished, energy: -2.138689336E+03
Testing convergence of dimer midpoint in cycle   69
    Energy  1.4202E-05 Target: 1.0000E-06 converged?   no
  Max step  3.7909E-02 Target: 1.8000E-03 converged?   no component   102
  RMS step  6.4535E-03 Target: 1.2000E-03 converged?   no
  Max grad  7.5943E-04 Target: 4.5000E-04 converged?   no component    58
  RMS grad  1.0641E-04 Target: 3.0000E-04 converged?  yes
Next calculation will be the dimer endpoint before rotation
dl-find/turbomole/=============================== Tstep:   98.5 Ttot:20740.9 ==
eandg
Spin: 
 Energy calculation finished, energy: -2.138689338E+03
Curvature at dimer midpoint                   -0.00316
Predicted dimer rotation angle:      3.285 deg
Next calculation will be the dimer endpoint after rotation
dl-find/turbomole/=============================== Tstep:  100.1 Ttot:20841.0 ==
eandg
Spin: 
 Energy calculation finished, energy: -2.138689338E+03
Curvature at dimer midpoint after rotation    -0.00233
Curvature at dimer minimum                    -0.00317
Actual dimer rotation angle:         0.079 deg
Dimer rotation converged after    1 steps
Writing TS-mode
Curvature after dimer rotation:               -0.00317
Frequency of transition mode  -289.201 cm^-1 (negative value denotes imaginary frequency)
Crossover temperature for tunnelling       66.22377 K
Restarting L-BFGS optimiser, instance: dimer rotation
Next calculation will be the dimer  midpoint
dl-find/turbomole/=============================== Tstep:   85.6 Ttot:20926.6 ==
eandg
Spin: 
 Energy calculation finished, energy: -2.138689355E+03
Testing convergence of dimer midpoint in cycle   70
    Energy  1.8701E-05 Target: 1.0000E-06 converged?   no
  Max step  3.9909E-02 Target: 1.8000E-03 converged?   no component   102
  RMS step  8.4031E-03 Target: 1.2000E-03 converged?   no
  Max grad  7.1793E-04 Target: 4.5000E-04 converged?   no component    88
  RMS grad  1.3218E-04 Target: 3.0000E-04 converged?  yes
Next calculation will be the dimer endpoint before rotation
dl-find/turbomole/=============================== Tstep:  117.8 Ttot:21044.4 ==
eandg
Spin: 
 Energy calculation finished, energy: -2.138689356E+03
Curvature at dimer midpoint                   -0.00330
Predicted dimer rotation angle:      3.066 deg
Next calculation will be the dimer endpoint after rotation
dl-find/turbomole/=============================== Tstep:  104.6 Ttot:21149.0 ==
eandg
Spin: 
 Energy calculation finished, energy: -2.138689356E+03
Curvature at dimer midpoint after rotation    -0.00295
Curvature at dimer minimum                    -0.00330
Actual dimer rotation angle:         0.148 deg
Dimer rotation converged after    1 steps
Writing TS-mode
Curvature after dimer rotation:               -0.00330
Frequency of transition mode  -295.332 cm^-1 (negative value denotes imaginary frequency)
Crossover temperature for tunnelling       67.62756 K
Restarting L-BFGS optimiser, instance: dimer rotation
Next calculation will be the dimer  midpoint
dl-find/turbomole/=============================== Tstep:   71.4 Ttot:21220.4 ==
eandg
Spin: 
 Energy calculation finished, energy: -2.138689371E+03
Testing convergence of dimer midpoint in cycle   71
    Energy  1.6394E-05 Target: 1.0000E-06 converged?   no
  Max step  2.3861E-02 Target: 1.8000E-03 converged?   no component     3
  RMS step  6.5364E-03 Target: 1.2000E-03 converged?   no
  Max grad  6.0325E-04 Target: 4.5000E-04 converged?   no component    64
  RMS grad  1.3487E-04 Target: 3.0000E-04 converged?  yes
Next calculation will be the dimer endpoint before rotation
dl-find/turbomole/=============================== Tstep:  117.2 Ttot:21337.6 ==
eandg
Spin: 
 Energy calculation finished, energy: -2.138689372E+03
Curvature at dimer midpoint                   -0.00329
Predicted dimer rotation angle:      4.391 deg
Next calculation will be the dimer endpoint after rotation
dl-find/turbomole/=============================== Tstep:  100.8 Ttot:21438.4 ==
eandg
Spin: 
 Energy calculation finished, energy: -2.138689372E+03
Curvature at dimer midpoint after rotation    -0.00137
Curvature at dimer minimum                    -0.00329
Actual dimer rotation angle:         0.086 deg
Dimer rotation converged after    1 steps
Writing TS-mode
Curvature after dimer rotation:               -0.00329
Frequency of transition mode  -294.988 cm^-1 (negative value denotes imaginary frequency)
Crossover temperature for tunnelling       67.54876 K
Restarting L-BFGS optimiser, instance: dimer rotation
Next calculation will be the dimer  midpoint
dl-find/turbomole/=============================== Tstep:   87.0 Ttot:21525.3 ==
eandg
Spin: 
 Energy calculation finished, energy: -2.138689378E+03
Testing convergence of dimer midpoint in cycle   72
    Energy  6.8140E-06 Target: 1.0000E-06 converged?   no
  Max step  2.3094E-02 Target: 1.8000E-03 converged?   no component   102
  RMS step  3.8955E-03 Target: 1.2000E-03 converged?   no
  Max grad  2.9835E-04 Target: 4.5000E-04 converged?  yes component    64
  RMS grad  7.7901E-05 Target: 3.0000E-04 converged?  yes
Next calculation will be the dimer endpoint before rotation
dl-find/turbomole/=============================== Tstep:   93.1 Ttot:21618.5 ==
eandg
Spin: 
 Energy calculation finished, energy: -2.138689379E+03
Curvature at dimer midpoint                   -0.00322
Predicted dimer rotation angle:      2.820 deg
Next calculation will be the dimer endpoint after rotation
dl-find/turbomole/=============================== Tstep:  101.2 Ttot:21719.6 ==
eandg
Spin: 
 Energy calculation finished, energy: -2.138689379E+03
Curvature at dimer midpoint after rotation    -0.00284
Curvature at dimer minimum                    -0.00322
Actual dimer rotation angle:         0.107 deg
Dimer rotation converged after    1 steps
Writing TS-mode
Curvature after dimer rotation:               -0.00322
Frequency of transition mode  -291.641 cm^-1 (negative value denotes imaginary frequency)
Crossover temperature for tunnelling       66.78249 K
Restarting L-BFGS optimiser, instance: dimer rotation
Next calculation will be the dimer  midpoint
dl-find/turbomole/=============================== Tstep:   77.3 Ttot:21796.9 ==
eandg
Spin: 
 Energy calculation finished, energy: -2.138689394E+03
Testing convergence of dimer midpoint in cycle   73
    Energy  1.5999E-05 Target: 1.0000E-06 converged?   no
  Max step  1.0089E-02 Target: 1.8000E-03 converged?   no component   102
  RMS step  2.8846E-03 Target: 1.2000E-03 converged?   no
  Max grad  2.7931E-04 Target: 4.5000E-04 converged?  yes component   219
  RMS grad  6.5865E-05 Target: 3.0000E-04 converged?  yes
Next calculation will be the dimer endpoint before rotation
dl-find/turbomole/=============================== Tstep:  112.2 Ttot:21909.2 ==
eandg
Spin: 
 Energy calculation finished, energy: -2.138689394E+03
Curvature at dimer midpoint                   -0.00340
Predicted dimer rotation angle:      4.065 deg
Next calculation will be the dimer endpoint after rotation
dl-find/turbomole/=============================== Tstep:  100.9 Ttot:22010.1 ==
eandg
Spin: 
 Energy calculation finished, energy: -2.138689394E+03
Curvature at dimer midpoint after rotation    -0.00226
Curvature at dimer minimum                    -0.00340
Actual dimer rotation angle:         0.116 deg
Dimer rotation converged after    1 steps
Writing TS-mode
Curvature after dimer rotation:               -0.00340
Frequency of transition mode  -299.905 cm^-1 (negative value denotes imaginary frequency)
Crossover temperature for tunnelling       68.67475 K
Restarting L-BFGS optimiser, instance: dimer rotation
Next calculation will be the dimer  midpoint
dl-find/turbomole/=============================== Tstep:   82.3 Ttot:22092.4 ==
eandg
Spin: 
 Energy calculation finished, energy: -2.138689394E+03
Testing convergence of dimer midpoint in cycle   74
    Energy  3.6000E-08 Target: 1.0000E-06 converged?  yes
  Max step  2.4157E-02 Target: 1.8000E-03 converged?   no component   102
  RMS step  5.1182E-03 Target: 1.2000E-03 converged?   no
  Max grad  3.0064E-04 Target: 4.5000E-04 converged?  yes component    74
  RMS grad  7.4426E-05 Target: 3.0000E-04 converged?  yes
Next calculation will be the dimer endpoint before rotation
dl-find/turbomole/=============================== Tstep:  116.6 Ttot:22209.0 ==
eandg
Spin: 
 Energy calculation finished, energy: -2.138689394E+03
Curvature at dimer midpoint                   -0.00340
Predicted dimer rotation angle:      3.399 deg
Next calculation will be the dimer endpoint after rotation
dl-find/turbomole/=============================== Tstep:  101.2 Ttot:22310.2 ==
eandg
Spin: 
 Energy calculation finished, energy: -2.138689394E+03
Curvature at dimer midpoint after rotation    -0.00264
Curvature at dimer minimum                    -0.00340
Actual dimer rotation angle:         0.101 deg
Dimer rotation converged after    1 steps
Writing TS-mode
Curvature after dimer rotation:               -0.00340
Frequency of transition mode  -299.581 cm^-1 (negative value denotes imaginary frequency)
Crossover temperature for tunnelling       68.60065 K
Restarting L-BFGS optimiser, instance: dimer rotation
Next calculation will be the dimer  midpoint
dl-find/turbomole/=============================== Tstep:   84.9 Ttot:22395.1 ==
eandg
Spin: 
 Energy calculation finished, energy: -2.138689394E+03
Testing convergence of dimer midpoint in cycle   75
    Energy  3.1000E-08 Target: 1.0000E-06 converged?  yes
  Max step  2.8032E-02 Target: 1.8000E-03 converged?   no component   102
  RMS step  7.6576E-03 Target: 1.2000E-03 converged?   no
  Max grad  1.0340E-03 Target: 4.5000E-04 converged?   no component   219
  RMS grad  1.5669E-04 Target: 3.0000E-04 converged?  yes
Next calculation will be the dimer endpoint before rotation
dl-find/turbomole/=============================== Tstep:  115.7 Ttot:22510.8 ==
eandg
Spin: 
 Energy calculation finished, energy: -2.138689395E+03
Curvature at dimer midpoint                   -0.00335
Predicted dimer rotation angle:      3.408 deg
Next calculation will be the dimer endpoint after rotation
dl-find/turbomole/=============================== Tstep:  105.3 Ttot:22616.0 ==
eandg
Spin: 
 Energy calculation finished, energy: -2.138689395E+03
Curvature at dimer midpoint after rotation    -0.00242
Curvature at dimer minimum                    -0.00335
Actual dimer rotation angle:         0.082 deg
Dimer rotation converged after    1 steps
Writing TS-mode
Curvature after dimer rotation:               -0.00335
Frequency of transition mode  -297.699 cm^-1 (negative value denotes imaginary frequency)
Crossover temperature for tunnelling       68.16966 K
Restarting L-BFGS optimiser, instance: dimer rotation
Next calculation will be the dimer  midpoint
dl-find/turbomole/=============================== Tstep:   86.1 Ttot:22702.1 ==
eandg
Spin: 
 Energy calculation finished, energy: -2.138689407E+03
Testing convergence of dimer midpoint in cycle   76
    Energy  1.3064E-05 Target: 1.0000E-06 converged?   no
  Max step  4.5459E-03 Target: 1.8000E-03 converged?   no component   102
  RMS step  1.4051E-03 Target: 1.2000E-03 converged?   no
  Max grad  2.1243E-04 Target: 4.5000E-04 converged?  yes component    58
  RMS grad  6.2675E-05 Target: 3.0000E-04 converged?  yes
Next calculation will be the dimer endpoint before rotation
dl-find/turbomole/=============================== Tstep:  107.6 Ttot:22809.7 ==
eandg
Spin: 
 Energy calculation finished, energy: -2.138689408E+03
Curvature at dimer midpoint                   -0.00335
Predicted dimer rotation angle:      2.409 deg
Next calculation will be the dimer endpoint after rotation
dl-find/turbomole/=============================== Tstep:  104.0 Ttot:22913.7 ==
eandg
Spin: 
 Energy calculation finished, energy: -2.138689408E+03
Curvature at dimer midpoint after rotation    -0.00305
Curvature at dimer minimum                    -0.00335
Actual dimer rotation angle:         0.089 deg
Dimer rotation converged after    1 steps
Writing TS-mode
Curvature after dimer rotation:               -0.00335
Frequency of transition mode  -297.399 cm^-1 (negative value denotes imaginary frequency)
Crossover temperature for tunnelling       68.10091 K
Restarting L-BFGS optimiser, instance: dimer rotation
Next calculation will be the dimer  midpoint
dl-find/turbomole/=============================== Tstep:   71.3 Ttot:22985.0 ==
eandg
Spin: 
 Energy calculation finished, energy: -2.138689410E+03
Testing convergence of dimer midpoint in cycle   77
    Energy  3.2190E-06 Target: 1.0000E-06 converged?   no
  Max step  4.5250E-03 Target: 1.8000E-03 converged?   no component   102
  RMS step  1.2868E-03 Target: 1.2000E-03 converged?   no
  Max grad  2.0700E-04 Target: 4.5000E-04 converged?  yes component   219
  RMS grad  5.3650E-05 Target: 3.0000E-04 converged?  yes
Next calculation will be the dimer endpoint before rotation
dl-find/turbomole/=============================== Tstep:  117.8 Ttot:23102.7 ==
eandg
Spin: 
 Energy calculation finished, energy: -2.138689411E+03
Curvature at dimer midpoint                   -0.00340
Predicted dimer rotation angle:      2.969 deg
Next calculation will be the dimer endpoint after rotation
dl-find/turbomole/=============================== Tstep:  101.0 Ttot:23203.7 ==
eandg
Spin: 
 Energy calculation finished, energy: -2.138689411E+03
Curvature at dimer midpoint after rotation    -0.00262
Curvature at dimer minimum                    -0.00340
Actual dimer rotation angle:         0.066 deg
Dimer rotation converged after    1 steps
Writing TS-mode
Curvature after dimer rotation:               -0.00340
Frequency of transition mode  -299.775 cm^-1 (negative value denotes imaginary frequency)
Crossover temperature for tunnelling       68.64505 K
Restarting L-BFGS optimiser, instance: dimer rotation
Next calculation will be the dimer  midpoint
dl-find/turbomole/=============================== Tstep:   68.0 Ttot:23271.7 ==
eandg
Spin: 
 Energy calculation finished, energy: -2.138689416E+03
Testing convergence of dimer midpoint in cycle   78
    Energy  5.8810E-06 Target: 1.0000E-06 converged?   no
  Max step  7.1176E-03 Target: 1.8000E-03 converged?   no component   196
  RMS step  1.9840E-03 Target: 1.2000E-03 converged?   no
  Max grad  3.7082E-04 Target: 4.5000E-04 converged?  yes component   219
  RMS grad  6.6282E-05 Target: 3.0000E-04 converged?  yes
Next calculation will be the dimer endpoint before rotation
dl-find/turbomole/=============================== Tstep:  114.9 Ttot:23386.6 ==
eandg
Spin: 
 Energy calculation finished, energy: -2.138689417E+03
Curvature at dimer midpoint                   -0.00342
Predicted dimer rotation angle:      2.039 deg
Next calculation will be the dimer endpoint after rotation
dl-find/turbomole/=============================== Tstep:  101.5 Ttot:23488.1 ==
eandg
Spin: 
 Energy calculation finished, energy: -2.138689416E+03
Curvature at dimer midpoint after rotation    -0.00326
Curvature at dimer minimum                    -0.00342
Actual dimer rotation angle:         0.098 deg
Dimer rotation converged after    1 steps
Writing TS-mode
Curvature after dimer rotation:               -0.00342
Frequency of transition mode  -300.652 cm^-1 (negative value denotes imaginary frequency)
Crossover temperature for tunnelling       68.84585 K
Restarting L-BFGS optimiser, instance: dimer rotation
Next calculation will be the dimer  midpoint
dl-find/turbomole/=============================== Tstep:   75.8 Ttot:23563.9 ==
eandg
Spin: 
 Energy calculation finished, energy: -2.138689427E+03
Testing convergence of dimer midpoint in cycle   79
    Energy  1.1043E-05 Target: 1.0000E-06 converged?   no
  Max step  2.0011E-02 Target: 1.8000E-03 converged?   no component   196
  RMS step  5.3549E-03 Target: 1.2000E-03 converged?   no
  Max grad  5.3558E-04 Target: 4.5000E-04 converged?   no component   244
  RMS grad  1.0086E-04 Target: 3.0000E-04 converged?  yes
Next calculation will be the dimer endpoint before rotation
dl-find/turbomole/=============================== Tstep:  117.0 Ttot:23680.9 ==
eandg
Spin: 
 Energy calculation finished, energy: -2.138689427E+03
Curvature at dimer midpoint                   -0.00347
Predicted dimer rotation angle:      3.485 deg
Next calculation will be the dimer endpoint after rotation
dl-find/turbomole/=============================== Tstep:  100.2 Ttot:23781.1 ==
eandg
Spin: 
 Energy calculation finished, energy: -2.138689427E+03
Curvature at dimer midpoint after rotation    -0.00244
Curvature at dimer minimum                    -0.00347
Actual dimer rotation angle:         0.083 deg
Dimer rotation converged after    1 steps
Writing TS-mode
Curvature after dimer rotation:               -0.00347
Frequency of transition mode  -302.813 cm^-1 (negative value denotes imaginary frequency)
Crossover temperature for tunnelling       69.34058 K
Restarting L-BFGS optimiser, instance: dimer rotation
Next calculation will be the dimer  midpoint
dl-find/turbomole/=============================== Tstep:   81.2 Ttot:23862.3 ==
eandg
Spin: 
 Energy calculation finished, energy: -2.138689428E+03
Testing convergence of dimer midpoint in cycle   80
    Energy  6.0800E-07 Target: 1.0000E-06 converged?  yes
  Max step  3.0150E-02 Target: 1.8000E-03 converged?   no component   196
  RMS step  7.7167E-03 Target: 1.2000E-03 converged?   no
  Max grad  3.1187E-04 Target: 4.5000E-04 converged?  yes component   250
  RMS grad  9.4786E-05 Target: 3.0000E-04 converged?  yes
Next calculation will be the dimer endpoint before rotation
dl-find/turbomole/=============================== Tstep:  117.9 Ttot:23980.2 ==
eandg
Spin: 
 Energy calculation finished, energy: -2.138689428E+03
Curvature at dimer midpoint                   -0.00338
Predicted dimer rotation angle:      2.351 deg
Next calculation will be the dimer endpoint after rotation
dl-find/turbomole/=============================== Tstep:  100.1 Ttot:24080.3 ==
eandg
Spin: 
 Energy calculation finished, energy: -2.138689428E+03
Curvature at dimer midpoint after rotation    -0.00310
Curvature at dimer minimum                    -0.00338
Actual dimer rotation angle:         0.088 deg
Dimer rotation converged after    1 steps
Writing TS-mode
Curvature after dimer rotation:               -0.00338
Frequency of transition mode  -298.887 cm^-1 (negative value denotes imaginary frequency)
Crossover temperature for tunnelling       68.44162 K
Restarting L-BFGS optimiser, instance: dimer rotation
Next calculation will be the dimer  midpoint
dl-find/turbomole/=============================== Tstep:   75.6 Ttot:24155.9 ==
eandg
Spin: 
 Energy calculation finished, energy: -2.138689435E+03
Testing convergence of dimer midpoint in cycle   81
    Energy  7.2320E-06 Target: 1.0000E-06 converged?   no
  Max step  1.3653E-02 Target: 1.8000E-03 converged?   no component   196
  RMS step  3.3977E-03 Target: 1.2000E-03 converged?   no
  Max grad  1.9026E-04 Target: 4.5000E-04 converged?  yes component   250
  RMS grad  6.3118E-05 Target: 3.0000E-04 converged?  yes
Next calculation will be the dimer endpoint before rotation
dl-find/turbomole/=============================== Tstep:  112.5 Ttot:24268.3 ==
eandg
Spin: 
 Energy calculation finished, energy: -2.138689436E+03
Curvature at dimer midpoint                   -0.00345
Predicted dimer rotation angle:      3.356 deg
Next calculation will be the dimer endpoint after rotation
dl-find/turbomole/=============================== Tstep:  101.1 Ttot:24369.4 ==
eandg
Spin: 
 Energy calculation finished, energy: -2.138689434E+03
Curvature at dimer midpoint after rotation    -0.00257
Curvature at dimer minimum                    -0.00345
Actual dimer rotation angle:         0.086 deg
Dimer rotation converged after    1 steps
Writing TS-mode
Curvature after dimer rotation:               -0.00345
Frequency of transition mode  -301.800 cm^-1 (negative value denotes imaginary frequency)
Crossover temperature for tunnelling       69.10864 K
Restarting L-BFGS optimiser, instance: dimer rotation
Next calculation will be the dimer  midpoint
dl-find/turbomole/=============================== Tstep:   87.1 Ttot:24456.5 ==
eandg
Spin: 
 Energy calculation finished, energy: -2.138689449E+03
Testing convergence of dimer midpoint in cycle   82
    Energy  1.4260E-05 Target: 1.0000E-06 converged?   no
  Max step  2.1473E-02 Target: 1.8000E-03 converged?   no component   102
  RMS step  5.4574E-03 Target: 1.2000E-03 converged?   no
  Max grad  2.7892E-04 Target: 4.5000E-04 converged?  yes component    53
  RMS grad  7.5650E-05 Target: 3.0000E-04 converged?  yes
Next calculation will be the dimer endpoint before rotation
dl-find/turbomole/=============================== Tstep:  120.2 Ttot:24576.7 ==
eandg
Spin: 
 Energy calculation finished, energy: -2.138689449E+03
Curvature at dimer midpoint                   -0.00338
Predicted dimer rotation angle:      2.237 deg
Next calculation will be the dimer endpoint after rotation
dl-find/turbomole/=============================== Tstep:  102.4 Ttot:24679.1 ==
eandg
Spin: 
 Energy calculation finished, energy: -2.138689449E+03
Curvature at dimer midpoint after rotation    -0.00308
Curvature at dimer minimum                    -0.00338
Actual dimer rotation angle:         0.070 deg
Dimer rotation converged after    1 steps
Writing TS-mode
Curvature after dimer rotation:               -0.00338
Frequency of transition mode  -299.062 cm^-1 (negative value denotes imaginary frequency)
Crossover temperature for tunnelling       68.48176 K
Restarting L-BFGS optimiser, instance: dimer rotation
Next calculation will be the dimer  midpoint
dl-find/turbomole/=============================== Tstep:   71.7 Ttot:24750.8 ==
eandg
Spin: 
 Energy calculation finished, energy: -2.138689373E+03
Testing convergence of dimer midpoint in cycle   83
    Energy  7.6806E-05 Target: 1.0000E-06 converged?   no
  Max step  1.6792E-02 Target: 1.8000E-03 converged?   no component   196
  RMS step  4.0058E-03 Target: 1.2000E-03 converged?   no
  Max grad  7.1574E-04 Target: 4.5000E-04 converged?   no component    83
  RMS grad  1.0167E-04 Target: 3.0000E-04 converged?  yes
Next calculation will be the dimer endpoint before rotation
dl-find/turbomole/=============================== Tstep:  113.0 Ttot:24863.7 ==
eandg
Spin: 
 Energy calculation finished, energy: -2.138689373E+03
Curvature at dimer midpoint                   -0.00341
Predicted dimer rotation angle:      2.538 deg
Next calculation will be the dimer endpoint after rotation
dl-find/turbomole/=============================== Tstep:  101.5 Ttot:24965.3 ==
eandg
Spin: 
 Energy calculation finished, energy: -2.138689373E+03
Curvature at dimer midpoint after rotation    -0.00296
Curvature at dimer minimum                    -0.00341
Actual dimer rotation angle:         0.072 deg
Dimer rotation converged after    1 steps
Writing TS-mode
Curvature after dimer rotation:               -0.00341
Frequency of transition mode  -300.229 cm^-1 (negative value denotes imaginary frequency)
Crossover temperature for tunnelling       68.74899 K
Restarting L-BFGS optimiser, instance: dimer rotation
Next calculation will be the dimer  midpoint
dl-find/turbomole/=============================== Tstep:   66.7 Ttot:25032.0 ==
eandg
Spin: 
 Energy calculation finished, energy: -2.138689366E+03
Testing convergence of dimer midpoint in cycle   84
    Energy  6.8200E-06 Target: 1.0000E-06 converged?   no
  Max step  1.1023E-02 Target: 1.8000E-03 converged?   no component   196
  RMS step  2.5563E-03 Target: 1.2000E-03 converged?   no
  Max grad  3.7210E-04 Target: 4.5000E-04 converged?  yes component   219
  RMS grad  6.5432E-05 Target: 3.0000E-04 converged?  yes
Next calculation will be the dimer endpoint before rotation
dl-find/turbomole/=============================== Tstep:  101.7 Ttot:25133.6 ==
eandg
Spin: 
 Energy calculation finished, energy: -2.138689365E+03
Curvature at dimer midpoint                   -0.00343
Predicted dimer rotation angle:      2.485 deg
Next calculation will be the dimer endpoint after rotation
dl-find/turbomole/=============================== Tstep:  101.7 Ttot:25235.3 ==
eandg
Spin: 
 Energy calculation finished, energy: -2.138689365E+03
Curvature at dimer midpoint after rotation    -0.00310
Curvature at dimer minimum                    -0.00343
Actual dimer rotation angle:         0.091 deg
Dimer rotation converged after    1 steps
Writing TS-mode
Curvature after dimer rotation:               -0.00343
Frequency of transition mode  -300.932 cm^-1 (negative value denotes imaginary frequency)
Crossover temperature for tunnelling       68.90990 K
Restarting L-BFGS optimiser, instance: dimer rotation
Next calculation will be the dimer  midpoint
dl-find/turbomole/=============================== Tstep:   80.8 Ttot:25316.2 ==
eandg
Spin: 
 Energy calculation finished, energy: -2.138689373E+03
Testing convergence of dimer midpoint in cycle   85
    Energy  7.5290E-06 Target: 1.0000E-06 converged?   no
  Max step  1.8130E-02 Target: 1.8000E-03 converged?   no component   196
  RMS step  4.3473E-03 Target: 1.2000E-03 converged?   no
  Max grad  3.3831E-04 Target: 4.5000E-04 converged?  yes component   219
  RMS grad  5.6049E-05 Target: 3.0000E-04 converged?  yes
Next calculation will be the dimer endpoint before rotation
dl-find/turbomole/=============================== Tstep:  111.3 Ttot:25427.5 ==
eandg
Spin: 
 Energy calculation finished, energy: -2.138689372E+03
Curvature at dimer midpoint                   -0.00340
Predicted dimer rotation angle:      2.723 deg
Next calculation will be the dimer endpoint after rotation
dl-find/turbomole/=============================== Tstep:   99.1 Ttot:25526.6 ==
eandg
Spin: 
 Energy calculation finished, energy: -2.138689372E+03
Curvature at dimer midpoint after rotation    -0.00272
Curvature at dimer minimum                    -0.00340
Actual dimer rotation angle:         0.059 deg
Dimer rotation converged after    1 steps
Writing TS-mode
Curvature after dimer rotation:               -0.00340
Frequency of transition mode  -299.585 cm^-1 (negative value denotes imaginary frequency)
Crossover temperature for tunnelling       68.60155 K
Restarting L-BFGS optimiser, instance: dimer rotation
Next calculation will be the dimer  midpoint
dl-find/turbomole/=============================== Tstep:   72.1 Ttot:25598.7 ==
eandg
Spin: 
 Energy calculation finished, energy: -2.138689376E+03
Testing convergence of dimer midpoint in cycle   86
    Energy  2.6390E-06 Target: 1.0000E-06 converged?   no
  Max step  1.1866E-02 Target: 1.8000E-03 converged?   no component   102
  RMS step  2.5633E-03 Target: 1.2000E-03 converged?   no
  Max grad  3.9514E-04 Target: 4.5000E-04 converged?  yes component    83
  RMS grad  6.2701E-05 Target: 3.0000E-04 converged?  yes
Next calculation will be the dimer endpoint before rotation
dl-find/turbomole/=============================== Tstep:  109.0 Ttot:25707.6 ==
eandg
Spin: 
 Energy calculation finished, energy: -2.138689375E+03
Curvature at dimer midpoint                   -0.00337
Predicted dimer rotation angle:      1.907 deg
Dimer rotation converged after    0 steps
Writing TS-mode
Curvature after dimer rotation:               -0.00337
Frequency of transition mode  -298.525 cm^-1 (negative value denotes imaginary frequency)
Crossover temperature for tunnelling       68.35879 K
Restarting L-BFGS optimiser, instance: dimer rotation
Next calculation will be the dimer  midpoint
dl-find/turbomole/=============================== Tstep:  101.3 Ttot:25808.9 ==
eandg
Spin: 
 Energy calculation finished, energy: -2.138689379E+03
Testing convergence of dimer midpoint in cycle   87
    Energy  3.4040E-06 Target: 1.0000E-06 converged?   no
  Max step  1.1162E-02 Target: 1.8000E-03 converged?   no component   102
  RMS step  2.4592E-03 Target: 1.2000E-03 converged?   no
  Max grad  2.7223E-04 Target: 4.5000E-04 converged?  yes component    83
  RMS grad  5.7998E-05 Target: 3.0000E-04 converged?  yes
Next calculation will be the dimer endpoint before rotation
dl-find/turbomole/=============================== Tstep:  105.3 Ttot:25914.2 ==
eandg
Spin: 
 Energy calculation finished, energy: -2.138689379E+03
Curvature at dimer midpoint                   -0.00336
Predicted dimer rotation angle:      1.908 deg
Dimer rotation converged after    0 steps
Writing TS-mode
Curvature after dimer rotation:               -0.00336
Frequency of transition mode  -298.177 cm^-1 (negative value denotes imaginary frequency)
Crossover temperature for tunnelling       68.27911 K
Restarting L-BFGS optimiser, instance: dimer rotation
Next calculation will be the dimer  midpoint
dl-find/turbomole/=============================== Tstep:  101.0 Ttot:26015.2 ==
eandg
Spin: 
 Energy calculation finished, energy: -2.138689385E+03
Testing convergence of dimer midpoint in cycle   88
    Energy  5.5020E-06 Target: 1.0000E-06 converged?   no
  Max step  3.5733E-02 Target: 1.8000E-03 converged?   no component   196
  RMS step  8.0950E-03 Target: 1.2000E-03 converged?   no
  Max grad  7.4705E-04 Target: 4.5000E-04 converged?   no component   244
  RMS grad  1.2859E-04 Target: 3.0000E-04 converged?  yes
Next calculation will be the dimer endpoint before rotation
dl-find/turbomole/=============================== Tstep:  112.3 Ttot:26127.5 ==
eandg
Spin: 
 Energy calculation finished, energy: -2.138689385E+03
Curvature at dimer midpoint                   -0.00332
Predicted dimer rotation angle:      2.593 deg
Next calculation will be the dimer endpoint after rotation
dl-find/turbomole/=============================== Tstep:  104.8 Ttot:26232.3 ==
eandg
Spin: 
 Energy calculation finished, energy: -2.138689385E+03
Curvature at dimer midpoint after rotation    -0.00291
Curvature at dimer minimum                    -0.00332
Actual dimer rotation angle:         0.081 deg
Dimer rotation converged after    1 steps
Writing TS-mode
Curvature after dimer rotation:               -0.00332
Frequency of transition mode  -296.162 cm^-1 (negative value denotes imaginary frequency)
Crossover temperature for tunnelling       67.81778 K
Restarting L-BFGS optimiser, instance: dimer rotation
Next calculation will be the dimer  midpoint
dl-find/turbomole/=============================== Tstep:   79.8 Ttot:26312.1 ==
eandg
Spin: 
 Energy calculation finished, energy: -2.138689392E+03
Testing convergence of dimer midpoint in cycle   89
    Energy  7.1690E-06 Target: 1.0000E-06 converged?   no
  Max step  1.9313E-02 Target: 1.8000E-03 converged?   no component   102
  RMS step  4.2898E-03 Target: 1.2000E-03 converged?   no
  Max grad  3.2740E-04 Target: 4.5000E-04 converged?  yes component    83
  RMS grad  6.6812E-05 Target: 3.0000E-04 converged?  yes
Next calculation will be the dimer endpoint before rotation
dl-find/turbomole/=============================== Tstep:  110.6 Ttot:26422.7 ==
eandg
Spin: 
 Energy calculation finished, energy: -2.138689392E+03
Curvature at dimer midpoint                   -0.00332
Predicted dimer rotation angle:      2.353 deg
Next calculation will be the dimer endpoint after rotation
dl-find/turbomole/=============================== Tstep:  106.0 Ttot:26528.7 ==
eandg
Spin: 
 Energy calculation finished, energy: -2.138689392E+03
Curvature at dimer midpoint after rotation    -0.00295
Curvature at dimer minimum                    -0.00332
Actual dimer rotation angle:         0.068 deg
Dimer rotation converged after    1 steps
Writing TS-mode
Curvature after dimer rotation:               -0.00332
Frequency of transition mode  -296.154 cm^-1 (negative value denotes imaginary frequency)
Crossover temperature for tunnelling       67.81579 K
Restarting L-BFGS optimiser, instance: dimer rotation
Next calculation will be the dimer  midpoint
dl-find/turbomole/=============================== Tstep:   80.0 Ttot:26608.7 ==
eandg
Spin: 
 Energy calculation finished, energy: -2.138689397E+03
Testing convergence of dimer midpoint in cycle   90
    Energy  5.1930E-06 Target: 1.0000E-06 converged?   no
  Max step  2.2421E-03 Target: 1.8000E-03 converged?   no component    24
  RMS step  6.6993E-04 Target: 1.2000E-03 converged?  yes
  Max grad  2.0639E-04 Target: 4.5000E-04 converged?  yes component    83
  RMS grad  5.5951E-05 Target: 3.0000E-04 converged?  yes
Next calculation will be the dimer endpoint before rotation
dl-find/turbomole/=============================== Tstep:  108.2 Ttot:26717.0 ==
eandg
Spin: 
 Energy calculation finished, energy: -2.138689397E+03
Curvature at dimer midpoint                   -0.00331
Predicted dimer rotation angle:      2.215 deg
Next calculation will be the dimer endpoint after rotation
dl-find/turbomole/=============================== Tstep:  101.8 Ttot:26818.8 ==
eandg
Spin: 
 Energy calculation finished, energy: -2.138689397E+03
Curvature at dimer midpoint after rotation    -0.00296
Curvature at dimer minimum                    -0.00331
Actual dimer rotation angle:         0.059 deg
Dimer rotation converged after    1 steps
Writing TS-mode
Curvature after dimer rotation:               -0.00331
Frequency of transition mode  -295.890 cm^-1 (negative value denotes imaginary frequency)
Crossover temperature for tunnelling       67.75550 K
Restarting L-BFGS optimiser, instance: dimer rotation
Next calculation will be the dimer  midpoint
dl-find/turbomole/=============================== Tstep:   80.7 Ttot:26899.5 ==
eandg
Spin: 
 Energy calculation finished, energy: -2.138689398E+03
Testing convergence of dimer midpoint in cycle   91
    Energy  5.5800E-07 Target: 1.0000E-06 converged?  yes
  Max step  1.4988E-02 Target: 1.8000E-03 converged?   no component    24
  RMS step  4.1395E-03 Target: 1.2000E-03 converged?   no
  Max grad  3.2587E-04 Target: 4.5000E-04 converged?  yes component    61
  RMS grad  6.9026E-05 Target: 3.0000E-04 converged?  yes
Next calculation will be the dimer endpoint before rotation
dl-find/turbomole/=============================== Tstep:   93.3 Ttot:26992.8 ==
eandg
Spin: 
 Energy calculation finished, energy: -2.138689399E+03
Curvature at dimer midpoint                   -0.00319
Predicted dimer rotation angle:      3.247 deg
Next calculation will be the dimer endpoint after rotation
dl-find/turbomole/=============================== Tstep:   98.2 Ttot:27090.9 ==
eandg
Spin: 
 Energy calculation finished, energy: -2.138689399E+03
Curvature at dimer midpoint after rotation    -0.00292
Curvature at dimer minimum                    -0.00319
Actual dimer rotation angle:         0.212 deg
Dimer rotation converged after    1 steps
Writing TS-mode
Curvature after dimer rotation:               -0.00319
Frequency of transition mode  -290.435 cm^-1 (negative value denotes imaginary frequency)
Crossover temperature for tunnelling       66.50620 K
Restarting L-BFGS optimiser, instance: dimer rotation
Next calculation will be the dimer  midpoint
dl-find/turbomole/=============================== Tstep:   85.3 Ttot:27176.3 ==
eandg
Spin: 
 Energy calculation finished, energy: -2.138689380E+03
Testing convergence of dimer midpoint in cycle   92
    Energy  1.7535E-05 Target: 1.0000E-06 converged?   no
  Max step  2.8661E-02 Target: 1.8000E-03 converged?   no component   196
  RMS step  7.0429E-03 Target: 1.2000E-03 converged?   no
  Max grad  9.8075E-04 Target: 4.5000E-04 converged?   no component   201
  RMS grad  2.0432E-04 Target: 3.0000E-04 converged?  yes
Next calculation will be the dimer endpoint before rotation
dl-find/turbomole/=============================== Tstep:  114.4 Ttot:27290.7 ==
eandg
Spin: 
 Energy calculation finished, energy: -2.138689382E+03
Curvature at dimer midpoint                   -0.00318
Predicted dimer rotation angle:      5.121 deg
Next calculation will be the dimer endpoint after rotation
dl-find/turbomole/=============================== Tstep:  104.6 Ttot:27395.3 ==
eandg
Spin: 
 Energy calculation finished, energy: -2.138689381E+03
Curvature at dimer midpoint after rotation    -0.00019
Curvature at dimer minimum                    -0.00318
Actual dimer rotation angle:         0.085 deg
Dimer rotation converged after    1 steps
Writing TS-mode
Curvature after dimer rotation:               -0.00318
Frequency of transition mode  -289.819 cm^-1 (negative value denotes imaginary frequency)
Crossover temperature for tunnelling       66.36511 K
Restarting L-BFGS optimiser, instance: dimer rotation
Next calculation will be the dimer  midpoint
dl-find/turbomole/=============================== Tstep:   88.3 Ttot:27483.6 ==
eandg
Spin: 
 Energy calculation finished, energy: -2.138689395E+03
Testing convergence of dimer midpoint in cycle   93
    Energy  1.5078E-05 Target: 1.0000E-06 converged?   no
  Max step  4.4607E-03 Target: 1.8000E-03 converged?   no component   196
  RMS step  1.3277E-03 Target: 1.2000E-03 converged?   no
  Max grad  2.0281E-04 Target: 4.5000E-04 converged?  yes component    83
  RMS grad  5.5715E-05 Target: 3.0000E-04 converged?  yes
Next calculation will be the dimer endpoint before rotation
dl-find/turbomole/=============================== Tstep:  116.7 Ttot:27600.3 ==
eandg
Spin: 
 Energy calculation finished, energy: -2.138689396E+03
Curvature at dimer midpoint                   -0.00322
Predicted dimer rotation angle:      1.916 deg
Dimer rotation converged after    0 steps
Writing TS-mode
Curvature after dimer rotation:               -0.00322
Frequency of transition mode  -291.882 cm^-1 (negative value denotes imaginary frequency)
Crossover temperature for tunnelling       66.83758 K
Restarting L-BFGS optimiser, instance: dimer rotation
Next calculation will be the dimer  midpoint
dl-find/turbomole/=============================== Tstep:  101.1 Ttot:27701.4 ==
eandg
Spin: 
 Energy calculation finished, energy: -2.138689394E+03
Testing convergence of dimer midpoint in cycle   94
    Energy  1.1960E-06 Target: 1.0000E-06 converged?   no
  Max step  5.5428E-03 Target: 1.8000E-03 converged?   no component   208
  RMS step  1.4350E-03 Target: 1.2000E-03 converged?   no
  Max grad  1.3058E-04 Target: 4.5000E-04 converged?  yes component    21
  RMS grad  3.9327E-05 Target: 3.0000E-04 converged?  yes
Next calculation will be the dimer endpoint before rotation
dl-find/turbomole/=============================== Tstep:  105.0 Ttot:27806.4 ==
eandg
Spin: 
 Energy calculation finished, energy: -2.138689395E+03
Curvature at dimer midpoint                   -0.00321
Predicted dimer rotation angle:      2.014 deg
Next calculation will be the dimer endpoint after rotation
dl-find/turbomole/=============================== Tstep:  101.7 Ttot:27908.1 ==
eandg
Spin: 
 Energy calculation finished, energy: -2.138689395E+03
Curvature at dimer midpoint after rotation    -0.00301
Curvature at dimer minimum                    -0.00321
Actual dimer rotation angle:         0.075 deg
Dimer rotation converged after    1 steps
Writing TS-mode
Curvature after dimer rotation:               -0.00321
Frequency of transition mode  -291.165 cm^-1 (negative value denotes imaginary frequency)
Crossover temperature for tunnelling       66.67346 K
Restarting L-BFGS optimiser, instance: dimer rotation
Next calculation will be the dimer  midpoint
dl-find/turbomole/=============================== Tstep:   85.0 Ttot:27993.1 ==
eandg
Spin: 
 Energy calculation finished, energy: -2.138689391E+03
Testing convergence of dimer midpoint in cycle   95
    Energy  3.4010E-06 Target: 1.0000E-06 converged?   no
  Max step  2.2800E-02 Target: 1.8000E-03 converged?   no component   208
  RMS step  5.7477E-03 Target: 1.2000E-03 converged?   no
  Max grad  2.7648E-04 Target: 4.5000E-04 converged?  yes component    88
  RMS grad  5.2785E-05 Target: 3.0000E-04 converged?  yes
Next calculation will be the dimer endpoint before rotation
dl-find/turbomole/=============================== Tstep:  115.9 Ttot:28109.0 ==
eandg
Spin: 
 Energy calculation finished, energy: -2.138689392E+03
Curvature at dimer midpoint                   -0.00320
Predicted dimer rotation angle:      2.498 deg
Next calculation will be the dimer endpoint after rotation
dl-find/turbomole/=============================== Tstep:  101.2 Ttot:28210.2 ==
eandg
Spin: 
 Energy calculation finished, energy: -2.138689392E+03
Curvature at dimer midpoint after rotation    -0.00266
Curvature at dimer minimum                    -0.00320
Actual dimer rotation angle:         0.055 deg
Dimer rotation converged after    1 steps
Writing TS-mode
Curvature after dimer rotation:               -0.00320
Frequency of transition mode  -290.638 cm^-1 (negative value denotes imaginary frequency)
Crossover temperature for tunnelling       66.55282 K
Restarting L-BFGS optimiser, instance: dimer rotation
Next calculation will be the dimer  midpoint
dl-find/turbomole/=============================== Tstep:   78.1 Ttot:28288.3 ==
eandg
Spin: 
 Energy calculation finished, energy: -2.138689385E+03
Testing convergence of dimer midpoint in cycle   96
    Energy  5.6700E-06 Target: 1.0000E-06 converged?   no
  Max step  1.1142E-02 Target: 1.8000E-03 converged?   no component    22
  RMS step  3.3203E-03 Target: 1.2000E-03 converged?   no
  Max grad  2.8680E-04 Target: 4.5000E-04 converged?  yes component   123
  RMS grad  6.1702E-05 Target: 3.0000E-04 converged?  yes
Next calculation will be the dimer endpoint before rotation
dl-find/turbomole/=============================== Tstep:  111.3 Ttot:28399.6 ==
eandg
Spin: 
 Energy calculation finished, energy: -2.138689386E+03
Curvature at dimer midpoint                   -0.00318
Predicted dimer rotation angle:      1.819 deg
Dimer rotation converged after    0 steps
Writing TS-mode
Curvature after dimer rotation:               -0.00318
Frequency of transition mode  -289.929 cm^-1 (negative value denotes imaginary frequency)
Crossover temperature for tunnelling       66.39048 K
Restarting L-BFGS optimiser, instance: dimer rotation
Next calculation will be the dimer  midpoint
dl-find/turbomole/=============================== Tstep:  101.3 Ttot:28500.9 ==
eandg
Spin: 
 Energy calculation finished, energy: -2.138689379E+03
Testing convergence of dimer midpoint in cycle   97
    Energy  5.9990E-06 Target: 1.0000E-06 converged?   no
  Max step  4.4550E-02 Target: 1.8000E-03 converged?   no component   208
  RMS step  1.1757E-02 Target: 1.2000E-03 converged?   no
  Max grad  9.6252E-04 Target: 4.5000E-04 converged?   no component    99
  RMS grad  1.7152E-04 Target: 3.0000E-04 converged?  yes
Next calculation will be the dimer endpoint before rotation
dl-find/turbomole/=============================== Tstep:  115.6 Ttot:28616.6 ==
eandg
Spin: 
 Energy calculation finished, energy: -2.138689380E+03
Curvature at dimer midpoint                   -0.00315
Predicted dimer rotation angle:      3.033 deg
Next calculation will be the dimer endpoint after rotation
dl-find/turbomole/=============================== Tstep:  105.3 Ttot:28721.8 ==
eandg
Spin: 
 Energy calculation finished, energy: -2.138689380E+03
Curvature at dimer midpoint after rotation    -0.00250
Curvature at dimer minimum                    -0.00315
Actual dimer rotation angle:         0.079 deg
Dimer rotation converged after    1 steps
Writing TS-mode
Curvature after dimer rotation:               -0.00315
Frequency of transition mode  -288.467 cm^-1 (negative value denotes imaginary frequency)
Crossover temperature for tunnelling       66.05556 K
Restarting L-BFGS optimiser, instance: dimer rotation
Next calculation will be the dimer  midpoint
dl-find/turbomole/=============================== Tstep:   65.2 Ttot:28787.0 ==
eandg
Spin: 
 Energy calculation finished, energy: -2.138689417E+03
Testing convergence of dimer midpoint in cycle   98
    Energy  3.7480E-05 Target: 1.0000E-06 converged?   no
  Max step  2.3893E-02 Target: 1.8000E-03 converged?   no component   102
  RMS step  5.6945E-03 Target: 1.2000E-03 converged?   no
  Max grad  1.3621E-04 Target: 4.5000E-04 converged?  yes component    18
  RMS grad  4.6784E-05 Target: 3.0000E-04 converged?  yes
Next calculation will be the dimer endpoint before rotation
dl-find/turbomole/=============================== Tstep:  119.9 Ttot:28906.9 ==
eandg
Spin: 
 Energy calculation finished, energy: -2.138689417E+03
Curvature at dimer midpoint                   -0.00315
Predicted dimer rotation angle:      2.262 deg
Next calculation will be the dimer endpoint after rotation
dl-find/turbomole/=============================== Tstep:  101.6 Ttot:29008.5 ==
eandg
Spin: 
 Energy calculation finished, energy: -2.138689417E+03
Curvature at dimer midpoint after rotation    -0.00283
Curvature at dimer minimum                    -0.00315
Actual dimer rotation angle:         0.065 deg
Dimer rotation converged after    1 steps
Writing TS-mode
Curvature after dimer rotation:               -0.00315
Frequency of transition mode  -288.395 cm^-1 (negative value denotes imaginary frequency)
Crossover temperature for tunnelling       66.03919 K
Restarting L-BFGS optimiser, instance: dimer rotation
Next calculation will be the dimer  midpoint
dl-find/turbomole/=============================== Tstep:   65.5 Ttot:29074.0 ==
eandg
Spin: 
 Energy calculation finished, energy: -2.138689420E+03
Testing convergence of dimer midpoint in cycle   99
    Energy  3.4830E-06 Target: 1.0000E-06 converged?   no
  Max step  2.0757E-03 Target: 1.8000E-03 converged?   no component    96
  RMS step  7.1336E-04 Target: 1.2000E-03 converged?  yes
  Max grad  1.2679E-04 Target: 4.5000E-04 converged?  yes component    18
  RMS grad  4.0466E-05 Target: 3.0000E-04 converged?  yes
Next calculation will be the dimer endpoint before rotation
dl-find/turbomole/=============================== Tstep:  108.9 Ttot:29182.9 ==
eandg
Spin: 
 Energy calculation finished, energy: -2.138689421E+03
Curvature at dimer midpoint                   -0.00315
Predicted dimer rotation angle:      1.966 deg
Dimer rotation converged after    0 steps
Writing TS-mode
Curvature after dimer rotation:               -0.00315
Frequency of transition mode  -288.684 cm^-1 (negative value denotes imaginary frequency)
Crossover temperature for tunnelling       66.10525 K
Restarting L-BFGS optimiser, instance: dimer rotation
Next calculation will be the dimer  midpoint
dl-find/turbomole/=============================== Tstep:  100.9 Ttot:29283.8 ==
eandg
Spin: 
 Energy calculation finished, energy: -2.138689430E+03
Testing convergence of dimer midpoint in cycle  100
    Energy  9.6110E-06 Target: 1.0000E-06 converged?   no
  Max step  8.7849E-03 Target: 1.8000E-03 converged?   no component   102
  RMS step  2.0001E-03 Target: 1.2000E-03 converged?   no
  Max grad  3.3615E-04 Target: 4.5000E-04 converged?  yes component    88
  RMS grad  5.3263E-05 Target: 3.0000E-04 converged?  yes
Next calculation will be the dimer endpoint before rotation
dl-find/turbomole/=============================== Tstep:  110.5 Ttot:29394.3 ==
eandg
Spin: 
 Energy calculation finished, energy: -2.138689431E+03
Curvature at dimer midpoint                   -0.00318
Predicted dimer rotation angle:      1.923 deg
Dimer rotation converged after    0 steps
Writing TS-mode
Curvature after dimer rotation:               -0.00318
Frequency of transition mode  -289.707 cm^-1 (negative value denotes imaginary frequency)
Crossover temperature for tunnelling       66.33949 K
Restarting L-BFGS optimiser, instance: dimer rotation
Next calculation will be the dimer  midpoint
dl-find/turbomole/=============================== Tstep:  100.7 Ttot:29495.0 ==
eandg
Spin: 
 Energy calculation finished, energy: -2.138689427E+03
Testing convergence of dimer midpoint in cycle  101
    Energy  3.0900E-06 Target: 1.0000E-06 converged?   no
  Max step  2.5481E-02 Target: 1.8000E-03 converged?   no component   208
  RMS step  6.5654E-03 Target: 1.2000E-03 converged?   no
  Max grad  6.9721E-04 Target: 4.5000E-04 converged?   no component   135
  RMS grad  1.0833E-04 Target: 3.0000E-04 converged?  yes
Next calculation will be the dimer endpoint before rotation
dl-find/turbomole/=============================== Tstep:  112.8 Ttot:29607.8 ==
eandg
Spin: 
 Energy calculation finished, energy: -2.138689428E+03
Curvature at dimer midpoint                   -0.00317
Predicted dimer rotation angle:      2.528 deg
Next calculation will be the dimer endpoint after rotation
dl-find/turbomole/=============================== Tstep:  100.6 Ttot:29708.4 ==
eandg
Spin: 
 Energy calculation finished, energy: -2.138689428E+03
Curvature at dimer midpoint after rotation    -0.00263
Curvature at dimer minimum                    -0.00317
Actual dimer rotation angle:         0.056 deg
Dimer rotation converged after    1 steps
Writing TS-mode
Curvature after dimer rotation:               -0.00317
Frequency of transition mode  -289.551 cm^-1 (negative value denotes imaginary frequency)
Crossover temperature for tunnelling       66.30374 K
Restarting L-BFGS optimiser, instance: dimer rotation
Next calculation will be the dimer  midpoint
dl-find/turbomole/=============================== Tstep:   70.6 Ttot:29779.1 ==
eandg
Spin: 
 Energy calculation finished, energy: -2.138689433E+03
Testing convergence of dimer midpoint in cycle  102
    Energy  6.3400E-06 Target: 1.0000E-06 converged?   no
  Max step  1.7321E-02 Target: 1.8000E-03 converged?   no component   208
  RMS step  4.8213E-03 Target: 1.2000E-03 converged?   no
  Max grad  2.8298E-04 Target: 4.5000E-04 converged?  yes component    88
  RMS grad  5.6995E-05 Target: 3.0000E-04 converged?  yes
Next calculation will be the dimer endpoint before rotation
dl-find/turbomole/=============================== Tstep:  112.3 Ttot:29891.4 ==
eandg
Spin: 
 Energy calculation finished, energy: -2.138689434E+03
Curvature at dimer midpoint                   -0.00317
Predicted dimer rotation angle:      1.683 deg
Dimer rotation converged after    0 steps
Writing TS-mode
Curvature after dimer rotation:               -0.00317
Frequency of transition mode  -289.422 cm^-1 (negative value denotes imaginary frequency)
Crossover temperature for tunnelling       66.27427 K
Restarting L-BFGS optimiser, instance: dimer rotation
Next calculation will be the dimer  midpoint
dl-find/turbomole/=============================== Tstep:  106.5 Ttot:29997.8 ==
eandg
Spin: 
 Energy calculation finished, energy: -2.138689441E+03
Testing convergence of dimer midpoint in cycle  103
    Energy  8.4160E-06 Target: 1.0000E-06 converged?   no
  Max step  1.1732E-02 Target: 1.8000E-03 converged?   no component   208
  RMS step  3.3884E-03 Target: 1.2000E-03 converged?   no
  Max grad  1.3718E-04 Target: 4.5000E-04 converged?  yes component   223
  RMS grad  4.2217E-05 Target: 3.0000E-04 converged?  yes
Next calculation will be the dimer endpoint before rotation
dl-find/turbomole/=============================== Tstep:  111.4 Ttot:30109.3 ==
eandg
Spin: 
 Energy calculation finished, energy: -2.138689442E+03
Curvature at dimer midpoint                   -0.00317
Predicted dimer rotation angle:      1.938 deg
Dimer rotation converged after    0 steps
Writing TS-mode
Curvature after dimer rotation:               -0.00317
Frequency of transition mode  -289.478 cm^-1 (negative value denotes imaginary frequency)
Crossover temperature for tunnelling       66.28701 K
Restarting L-BFGS optimiser, instance: dimer rotation
Next calculation will be the dimer  midpoint
dl-find/turbomole/=============================== Tstep:  101.9 Ttot:30211.2 ==
eandg
Spin: 
 Energy calculation finished, energy: -2.138689443E+03
Testing convergence of dimer midpoint in cycle  104
    Energy  2.1480E-06 Target: 1.0000E-06 converged?   no
  Max step  2.2868E-02 Target: 1.8000E-03 converged?   no component   208
  RMS step  5.5496E-03 Target: 1.2000E-03 converged?   no
  Max grad  2.5227E-04 Target: 4.5000E-04 converged?  yes component   135
  RMS grad  5.3451E-05 Target: 3.0000E-04 converged?  yes
Next calculation will be the dimer endpoint before rotation
dl-find/turbomole/=============================== Tstep:   97.0 Ttot:30308.2 ==
eandg
Spin: 
 Energy calculation finished, energy: -2.138689445E+03
Curvature at dimer midpoint                   -0.00311
Predicted dimer rotation angle:      2.414 deg
Next calculation will be the dimer endpoint after rotation
dl-find/turbomole/=============================== Tstep:  103.8 Ttot:30412.0 ==
eandg
Spin: 
 Energy calculation finished, energy: -2.138689444E+03
Curvature at dimer midpoint after rotation    -0.00293
Curvature at dimer minimum                    -0.00311
Actual dimer rotation angle:         0.136 deg
Dimer rotation converged after    1 steps
Writing TS-mode
Curvature after dimer rotation:               -0.00311
Frequency of transition mode  -286.560 cm^-1 (negative value denotes imaginary frequency)
Crossover temperature for tunnelling       65.61901 K
Restarting L-BFGS optimiser, instance: dimer rotation
Next calculation will be the dimer  midpoint
dl-find/turbomole/=============================== Tstep:   71.8 Ttot:30483.8 ==
eandg
Spin: 
 Energy calculation finished, energy: -2.138689439E+03
Testing convergence of dimer midpoint in cycle  105
    Energy  4.3890E-06 Target: 1.0000E-06 converged?   no
  Max step  1.7316E-02 Target: 1.8000E-03 converged?   no component   208
  RMS step  4.3719E-03 Target: 1.2000E-03 converged?   no
  Max grad  6.9538E-04 Target: 4.5000E-04 converged?   no component    88
  RMS grad  9.3895E-05 Target: 3.0000E-04 converged?  yes
Next calculation will be the dimer endpoint before rotation
dl-find/turbomole/=============================== Tstep:  114.5 Ttot:30598.3 ==
eandg
Spin: 
 Energy calculation finished, energy: -2.138689441E+03
Curvature at dimer midpoint                   -0.00316
Predicted dimer rotation angle:      3.516 deg
Next calculation will be the dimer endpoint after rotation
dl-find/turbomole/=============================== Tstep:  102.6 Ttot:30700.8 ==
eandg
Spin: 
 Energy calculation finished, energy: -2.138689441E+03
Curvature at dimer midpoint after rotation    -0.00187
Curvature at dimer minimum                    -0.00316
Actual dimer rotation angle:         0.063 deg
Dimer rotation converged after    1 steps
Writing TS-mode
Curvature after dimer rotation:               -0.00316
Frequency of transition mode  -288.841 cm^-1 (negative value denotes imaginary frequency)
Crossover temperature for tunnelling       66.14127 K
Restarting L-BFGS optimiser, instance: dimer rotation
Next calculation will be the dimer  midpoint
dl-find/turbomole/=============================== Tstep:   78.5 Ttot:30779.3 ==
eandg
Spin: 
 Energy calculation finished, energy: -2.138689443E+03
Testing convergence of dimer midpoint in cycle  106
    Energy  3.7590E-06 Target: 1.0000E-06 converged?   no
  Max step  1.0895E-02 Target: 1.8000E-03 converged?   no component   208
  RMS step  2.7005E-03 Target: 1.2000E-03 converged?   no
  Max grad  2.7375E-04 Target: 4.5000E-04 converged?  yes component   254
  RMS grad  5.5529E-05 Target: 3.0000E-04 converged?  yes
Next calculation will be the dimer endpoint before rotation
dl-find/turbomole/=============================== Tstep:  111.6 Ttot:30890.9 ==
eandg
Spin: 
 Energy calculation finished, energy: -2.138689444E+03
Curvature at dimer midpoint                   -0.00317
Predicted dimer rotation angle:      1.697 deg
Dimer rotation converged after    0 steps
Writing TS-mode
Curvature after dimer rotation:               -0.00317
Frequency of transition mode  -289.495 cm^-1 (negative value denotes imaginary frequency)
Crossover temperature for tunnelling       66.29108 K
Restarting L-BFGS optimiser, instance: dimer rotation
Next calculation will be the dimer  midpoint
dl-find/turbomole/=============================== Tstep:  104.3 Ttot:30995.2 ==
eandg
Spin: 
 Energy calculation finished, energy: -2.138689440E+03
Testing convergence of dimer midpoint in cycle  107
    Energy  2.9250E-06 Target: 1.0000E-06 converged?   no
  Max step  1.3395E-02 Target: 1.8000E-03 converged?   no component   102
  RMS step  3.0646E-03 Target: 1.2000E-03 converged?   no
  Max grad  1.6759E-04 Target: 4.5000E-04 converged?  yes component    76
  RMS grad  4.6356E-05 Target: 3.0000E-04 converged?  yes
Next calculation will be the dimer endpoint before rotation
dl-find/turbomole/=============================== Tstep:  112.9 Ttot:31108.1 ==
eandg
Spin: 
 Energy calculation finished, energy: -2.138689441E+03
Curvature at dimer midpoint                   -0.00318
Predicted dimer rotation angle:      1.811 deg
Dimer rotation converged after    0 steps
Writing TS-mode
Curvature after dimer rotation:               -0.00318
Frequency of transition mode  -289.711 cm^-1 (negative value denotes imaginary frequency)
Crossover temperature for tunnelling       66.34049 K
Restarting L-BFGS optimiser, instance: dimer rotation
Next calculation will be the dimer  midpoint
dl-find/turbomole/=============================== Tstep:  100.9 Ttot:31209.0 ==
eandg
Spin: 
 Energy calculation finished, energy: -2.138689444E+03
Testing convergence of dimer midpoint in cycle  108
    Energy  4.4340E-06 Target: 1.0000E-06 converged?   no
  Max step  7.5755E-03 Target: 1.8000E-03 converged?   no component   102
  RMS step  2.0547E-03 Target: 1.2000E-03 converged?   no
  Max grad  4.2788E-04 Target: 4.5000E-04 converged?  yes component    88
  RMS grad  5.8823E-05 Target: 3.0000E-04 converged?  yes
Next calculation will be the dimer endpoint before rotation
dl-find/turbomole/=============================== Tstep:  111.0 Ttot:31320.0 ==
eandg
Spin: 
 Energy calculation finished, energy: -2.138689445E+03
Curvature at dimer midpoint                   -0.00318
Predicted dimer rotation angle:      1.837 deg
Dimer rotation converged after    0 steps
Writing TS-mode
Curvature after dimer rotation:               -0.00318
Frequency of transition mode  -289.929 cm^-1 (negative value denotes imaginary frequency)
Crossover temperature for tunnelling       66.39029 K
Restarting L-BFGS optimiser, instance: dimer rotation
Next calculation will be the dimer  midpoint
dl-find/turbomole/=============================== Tstep:  100.3 Ttot:31420.4 ==
eandg
Spin: 
 Energy calculation finished, energy: -2.138689450E+03
Testing convergence of dimer midpoint in cycle  109
    Energy  5.5660E-06 Target: 1.0000E-06 converged?   no
  Max step  2.1479E-02 Target: 1.8000E-03 converged?   no component   208
  RMS step  5.3242E-03 Target: 1.2000E-03 converged?   no
  Max grad  5.1622E-04 Target: 4.5000E-04 converged?   no component   254
  RMS grad  7.5999E-05 Target: 3.0000E-04 converged?  yes
Next calculation will be the dimer endpoint before rotation
dl-find/turbomole/=============================== Tstep:  113.0 Ttot:31533.4 ==
eandg
Spin: 
 Energy calculation finished, energy: -2.138689451E+03
Curvature at dimer midpoint                   -0.00318
Predicted dimer rotation angle:      2.182 deg
Next calculation will be the dimer endpoint after rotation
dl-find/turbomole/=============================== Tstep:  100.4 Ttot:31633.8 ==
eandg
Spin: 
 Energy calculation finished, energy: -2.138689451E+03
Curvature at dimer midpoint after rotation    -0.00297
Curvature at dimer minimum                    -0.00318
Actual dimer rotation angle:         0.087 deg
Dimer rotation converged after    1 steps
Writing TS-mode
Curvature after dimer rotation:               -0.00318
Frequency of transition mode  -290.054 cm^-1 (negative value denotes imaginary frequency)
Crossover temperature for tunnelling       66.41907 K
Restarting L-BFGS optimiser, instance: dimer rotation
Next calculation will be the dimer  midpoint
dl-find/turbomole/=============================== Tstep:   70.6 Ttot:31704.4 ==
eandg
Spin: 
 Energy calculation finished, energy: -2.138689473E+03
Testing convergence of dimer midpoint in cycle  110
    Energy  2.2991E-05 Target: 1.0000E-06 converged?   no
  Max step  2.8511E-02 Target: 1.8000E-03 converged?   no component   208
  RMS step  6.5587E-03 Target: 1.2000E-03 converged?   no
  Max grad  3.7696E-04 Target: 4.5000E-04 converged?  yes component    88
  RMS grad  6.3179E-05 Target: 3.0000E-04 converged?  yes
Next calculation will be the dimer endpoint before rotation
dl-find/turbomole/=============================== Tstep:  117.8 Ttot:31822.2 ==
eandg
Spin: 
 Energy calculation finished, energy: -2.138689474E+03
Curvature at dimer midpoint                   -0.00314
Predicted dimer rotation angle:      2.695 deg
Next calculation will be the dimer endpoint after rotation
dl-find/turbomole/=============================== Tstep:  100.9 Ttot:31923.1 ==
eandg
Spin: 
 Energy calculation finished, energy: -2.138689474E+03
Curvature at dimer midpoint after rotation    -0.00281
Curvature at dimer minimum                    -0.00314
Actual dimer rotation angle:         0.105 deg
Dimer rotation converged after    1 steps
Writing TS-mode
Curvature after dimer rotation:               -0.00314
Frequency of transition mode  -288.163 cm^-1 (negative value denotes imaginary frequency)
Crossover temperature for tunnelling       65.98598 K
Restarting L-BFGS optimiser, instance: dimer rotation
Next calculation will be the dimer  midpoint
dl-find/turbomole/=============================== Tstep:   60.5 Ttot:31983.6 ==
eandg
Spin: 
 Energy calculation finished, energy: -2.138689475E+03
Testing convergence of dimer midpoint in cycle  111
    Energy  2.3770E-06 Target: 1.0000E-06 converged?   no
  Max step  2.3378E-02 Target: 1.8000E-03 converged?   no component   208
  RMS step  5.3566E-03 Target: 1.2000E-03 converged?   no
  Max grad  1.8174E-04 Target: 4.5000E-04 converged?  yes component   254
  RMS grad  5.1463E-05 Target: 3.0000E-04 converged?  yes
Next calculation will be the dimer endpoint before rotation
dl-find/turbomole/=============================== Tstep:  112.0 Ttot:32095.6 ==
eandg
Spin: 
 Energy calculation finished, energy: -2.138689476E+03
Curvature at dimer midpoint                   -0.00319
Predicted dimer rotation angle:      3.298 deg
Next calculation will be the dimer endpoint after rotation
dl-find/turbomole/=============================== Tstep:  104.5 Ttot:32200.1 ==
eandg
Spin: 
 Energy calculation finished, energy: -2.138689476E+03
Curvature at dimer midpoint after rotation    -0.00217
Curvature at dimer minimum                    -0.00319
Actual dimer rotation angle:         0.066 deg
Dimer rotation converged after    1 steps
Writing TS-mode
Curvature after dimer rotation:               -0.00319
Frequency of transition mode  -290.322 cm^-1 (negative value denotes imaginary frequency)
Crossover temperature for tunnelling       66.48042 K
Restarting L-BFGS optimiser, instance: dimer rotation
Next calculation will be the dimer  midpoint
dl-find/turbomole/=============================== Tstep:   66.8 Ttot:32266.9 ==
eandg
Spin: 
 Energy calculation finished, energy: -2.138689477E+03
Testing convergence of dimer midpoint in cycle  112
    Energy  2.0760E-06 Target: 1.0000E-06 converged?   no
  Max step  2.0762E-02 Target: 1.8000E-03 converged?   no component   208
  RMS step  4.8092E-03 Target: 1.2000E-03 converged?   no
  Max grad  2.3639E-04 Target: 4.5000E-04 converged?  yes component    91
  RMS grad  5.5991E-05 Target: 3.0000E-04 converged?  yes
Next calculation will be the dimer endpoint before rotation
dl-find/turbomole/=============================== Tstep:  114.7 Ttot:32381.6 ==
eandg
Spin: 
 Energy calculation finished, energy: -2.138689475E+03
Curvature at dimer midpoint                   -0.00316
Predicted dimer rotation angle:      3.420 deg
Next calculation will be the dimer endpoint after rotation
dl-find/turbomole/=============================== Tstep:  100.4 Ttot:32482.0 ==
eandg
Spin: 
 Energy calculation finished, energy: -2.138689475E+03
Curvature at dimer midpoint after rotation    -0.00286
Curvature at dimer minimum                    -0.00316
Actual dimer rotation angle:         0.229 deg
Dimer rotation converged after    1 steps
Writing TS-mode
Curvature after dimer rotation:               -0.00316
Frequency of transition mode  -288.892 cm^-1 (negative value denotes imaginary frequency)
Crossover temperature for tunnelling       66.15303 K
Restarting L-BFGS optimiser, instance: dimer rotation
Next calculation will be the dimer  midpoint
dl-find/turbomole/=============================== Tstep:   77.0 Ttot:32559.0 ==
eandg
Spin: 
 Energy calculation finished, energy: -2.138689483E+03
Testing convergence of dimer midpoint in cycle  113
    Energy  6.1130E-06 Target: 1.0000E-06 converged?   no
  Max step  1.0791E-02 Target: 1.8000E-03 converged?   no component   208
  RMS step  2.7825E-03 Target: 1.2000E-03 converged?   no
  Max grad  3.5621E-04 Target: 4.5000E-04 converged?  yes component    88
  RMS grad  5.9328E-05 Target: 3.0000E-04 converged?  yes
Next calculation will be the dimer endpoint before rotation
dl-find/turbomole/=============================== Tstep:  115.1 Ttot:32674.1 ==
eandg
Spin: 
 Energy calculation finished, energy: -2.138689481E+03
Curvature at dimer midpoint                   -0.00316
Predicted dimer rotation angle:      3.643 deg
Next calculation will be the dimer endpoint after rotation
dl-find/turbomole/=============================== Tstep:  102.4 Ttot:32776.4 ==
eandg
Spin: 
 Energy calculation finished, energy: -2.138689481E+03
Curvature at dimer midpoint after rotation    -0.00193
Curvature at dimer minimum                    -0.00316
Actual dimer rotation angle:         0.073 deg
Dimer rotation converged after    1 steps
Writing TS-mode
Curvature after dimer rotation:               -0.00316
Frequency of transition mode  -288.877 cm^-1 (negative value denotes imaginary frequency)
Crossover temperature for tunnelling       66.14945 K
Restarting L-BFGS optimiser, instance: dimer rotation
Next calculation will be the dimer  midpoint
dl-find/turbomole/=============================== Tstep:   87.3 Ttot:32863.7 ==
eandg
Spin: 
 Energy calculation finished, energy: -2.138689490E+03
Testing convergence of dimer midpoint in cycle  114
    Energy  6.4080E-06 Target: 1.0000E-06 converged?   no
  Max step  1.8579E-02 Target: 1.8000E-03 converged?   no component   188
  RMS step  3.9948E-03 Target: 1.2000E-03 converged?   no
  Max grad  2.8214E-04 Target: 4.5000E-04 converged?  yes component    64
  RMS grad  6.0634E-05 Target: 3.0000E-04 converged?  yes
Next calculation will be the dimer endpoint before rotation
dl-find/turbomole/=============================== Tstep:  105.2 Ttot:32968.9 ==
eandg
Spin: 
 Energy calculation finished, energy: -2.138689490E+03
Curvature at dimer midpoint                   -0.00316
Predicted dimer rotation angle:      4.102 deg
Next calculation will be the dimer endpoint after rotation
dl-find/turbomole/=============================== Tstep:  102.5 Ttot:33071.4 ==
eandg
Spin: 
 Energy calculation finished, energy: -2.138689490E+03
Curvature at dimer midpoint after rotation    -0.00261
Curvature at dimer minimum                    -0.00317
Actual dimer rotation angle:         0.216 deg
Dimer rotation converged after    1 steps
Writing TS-mode
Curvature after dimer rotation:               -0.00317
Frequency of transition mode  -289.223 cm^-1 (negative value denotes imaginary frequency)
Crossover temperature for tunnelling       66.22879 K
Restarting L-BFGS optimiser, instance: dimer rotation
Next calculation will be the dimer  midpoint
dl-find/turbomole/=============================== Tstep:   76.8 Ttot:33148.3 ==
eandg
Spin: 
 Energy calculation finished, energy: -2.138689494E+03
Testing convergence of dimer midpoint in cycle  115
    Energy  4.4880E-06 Target: 1.0000E-06 converged?   no
  Max step  1.4648E-02 Target: 1.8000E-03 converged?   no component   208
  RMS step  3.7643E-03 Target: 1.2000E-03 converged?   no
  Max grad  2.8430E-04 Target: 4.5000E-04 converged?  yes component    64
  RMS grad  5.8384E-05 Target: 3.0000E-04 converged?  yes
Next calculation will be the dimer endpoint before rotation
dl-find/turbomole/=============================== Tstep:  113.2 Ttot:33261.4 ==
eandg
Spin: 
 Energy calculation finished, energy: -2.138689495E+03
Curvature at dimer midpoint                   -0.00318
Predicted dimer rotation angle:      3.710 deg
Next calculation will be the dimer endpoint after rotation
dl-find/turbomole/=============================== Tstep:  101.3 Ttot:33362.8 ==
eandg
Spin: 
 Energy calculation finished, energy: -2.138689495E+03
Curvature at dimer midpoint after rotation    -0.00184
Curvature at dimer minimum                    -0.00318
Actual dimer rotation angle:         0.071 deg
Dimer rotation converged after    1 steps
Writing TS-mode
Curvature after dimer rotation:               -0.00318
Frequency of transition mode  -290.016 cm^-1 (negative value denotes imaginary frequency)
Crossover temperature for tunnelling       66.41035 K
Restarting L-BFGS optimiser, instance: dimer rotation
Next calculation will be the dimer  midpoint
dl-find/turbomole/=============================== Tstep:   79.3 Ttot:33442.1 ==
eandg
Spin: 
 Energy calculation finished, energy: -2.138689502E+03
Testing convergence of dimer midpoint in cycle  116
    Energy  8.0410E-06 Target: 1.0000E-06 converged?   no
  Max step  8.5594E-03 Target: 1.8000E-03 converged?   no component   188
  RMS step  2.1252E-03 Target: 1.2000E-03 converged?   no
  Max grad  2.8015E-04 Target: 4.5000E-04 converged?  yes component    64
  RMS grad  5.5299E-05 Target: 3.0000E-04 converged?  yes
Next calculation will be the dimer endpoint before rotation
dl-find/turbomole/=============================== Tstep:  103.6 Ttot:33545.7 ==
eandg
Spin: 
 Energy calculation finished, energy: -2.138689503E+03
Curvature at dimer midpoint                   -0.00317
Predicted dimer rotation angle:      1.847 deg
Dimer rotation converged after    0 steps
Writing TS-mode
Curvature after dimer rotation:               -0.00317
Frequency of transition mode  -289.430 cm^-1 (negative value denotes imaginary frequency)
Crossover temperature for tunnelling       66.27611 K
Restarting L-BFGS optimiser, instance: dimer rotation
Next calculation will be the dimer  midpoint
dl-find/turbomole/=============================== Tstep:  102.3 Ttot:33648.0 ==
eandg
Spin: 
 Energy calculation finished, energy: -2.138689477E+03
Testing convergence of dimer midpoint in cycle  117
    Energy  2.5122E-05 Target: 1.0000E-06 converged?   no
  Max step  2.5875E-02 Target: 1.8000E-03 converged?   no component   208
  RMS step  6.1354E-03 Target: 1.2000E-03 converged?   no
  Max grad  3.5394E-04 Target: 4.5000E-04 converged?  yes component    88
  RMS grad  6.4118E-05 Target: 3.0000E-04 converged?  yes
Next calculation will be the dimer endpoint before rotation
dl-find/turbomole/=============================== Tstep:  122.4 Ttot:33770.3 ==
eandg
Spin: 
 Energy calculation finished, energy: -2.138689477E+03
Curvature at dimer midpoint                   -0.00318
Predicted dimer rotation angle:      2.241 deg
Next calculation will be the dimer endpoint after rotation
dl-find/turbomole/=============================== Tstep:   99.9 Ttot:33870.2 ==
eandg
Spin: 
 Energy calculation finished, energy: -2.138689477E+03
Curvature at dimer midpoint after rotation    -0.00299
Curvature at dimer minimum                    -0.00318
Actual dimer rotation angle:         0.102 deg
Dimer rotation converged after    1 steps
Writing TS-mode
Curvature after dimer rotation:               -0.00318
Frequency of transition mode  -289.981 cm^-1 (negative value denotes imaginary frequency)
Crossover temperature for tunnelling       66.40220 K
Restarting L-BFGS optimiser, instance: dimer rotation
Next calculation will be the dimer  midpoint
dl-find/turbomole/=============================== Tstep:   70.7 Ttot:33940.9 ==
eandg
Spin: 
 Energy calculation finished, energy: -2.138689484E+03
Testing convergence of dimer midpoint in cycle  118
    Energy  6.2950E-06 Target: 1.0000E-06 converged?   no
  Max step  4.3088E-02 Target: 1.8000E-03 converged?   no component   208
  RMS step  9.7077E-03 Target: 1.2000E-03 converged?   no
  Max grad  7.1969E-04 Target: 4.5000E-04 converged?   no component    58
  RMS grad  1.0915E-04 Target: 3.0000E-04 converged?  yes
Next calculation will be the dimer endpoint before rotation
dl-find/turbomole/=============================== Tstep:  122.5 Ttot:34063.5 ==
eandg
Spin: 
 Energy calculation finished, energy: -2.138689485E+03
Curvature at dimer midpoint                   -0.00315
Predicted dimer rotation angle:      2.743 deg
Next calculation will be the dimer endpoint after rotation
dl-find/turbomole/=============================== Tstep:  104.6 Ttot:34168.1 ==
eandg
Spin: 
 Energy calculation finished, energy: -2.138689485E+03
Curvature at dimer midpoint after rotation    -0.00291
Curvature at dimer minimum                    -0.00315
Actual dimer rotation angle:         0.152 deg
Dimer rotation converged after    1 steps
Writing TS-mode
Curvature after dimer rotation:               -0.00315
Frequency of transition mode  -288.378 cm^-1 (negative value denotes imaginary frequency)
Crossover temperature for tunnelling       66.03530 K
Restarting L-BFGS optimiser, instance: dimer rotation
Next calculation will be the dimer  midpoint
dl-find/turbomole/=============================== Tstep:   65.6 Ttot:34233.7 ==
eandg
Spin: 
 Energy calculation finished, energy: -2.138689493E+03
Testing convergence of dimer midpoint in cycle  119
    Energy  9.2940E-06 Target: 1.0000E-06 converged?   no
  Max step  1.4271E-02 Target: 1.8000E-03 converged?   no component   208
  RMS step  3.2914E-03 Target: 1.2000E-03 converged?   no
  Max grad  2.0491E-04 Target: 4.5000E-04 converged?  yes component   215
  RMS grad  6.0733E-05 Target: 3.0000E-04 converged?  yes
Next calculation will be the dimer endpoint before rotation
dl-find/turbomole/=============================== Tstep:  112.5 Ttot:34346.2 ==
eandg
Spin: 
 Energy calculation finished, energy: -2.138689492E+03
Curvature at dimer midpoint                   -0.00316
Predicted dimer rotation angle:      4.958 deg
Next calculation will be the dimer endpoint after rotation
dl-find/turbomole/=============================== Tstep:  101.7 Ttot:34447.9 ==
eandg
Spin: 
 Energy calculation finished, energy: -2.138689493E+03
Curvature at dimer midpoint after rotation    -0.00126
Curvature at dimer minimum                    -0.00316
Actual dimer rotation angle:         0.118 deg
Dimer rotation converged after    1 steps
Writing TS-mode
Curvature after dimer rotation:               -0.00316
Frequency of transition mode  -289.102 cm^-1 (negative value denotes imaginary frequency)
Crossover temperature for tunnelling       66.20100 K
Restarting L-BFGS optimiser, instance: dimer rotation
Next calculation will be the dimer  midpoint
dl-find/turbomole/=============================== Tstep:   87.8 Ttot:34535.7 ==
eandg
Spin: 
 Energy calculation finished, energy: -2.138689480E+03
Testing convergence of dimer midpoint in cycle  120
    Energy  1.3060E-05 Target: 1.0000E-06 converged?   no
  Max step  2.9293E-02 Target: 1.8000E-03 converged?   no component   208
  RMS step  6.6524E-03 Target: 1.2000E-03 converged?   no
  Max grad  2.9204E-04 Target: 4.5000E-04 converged?  yes component    64
  RMS grad  6.0765E-05 Target: 3.0000E-04 converged?  yes
Next calculation will be the dimer endpoint before rotation
dl-find/turbomole/=============================== Tstep:  111.8 Ttot:34647.5 ==
eandg
Spin: 
 Energy calculation finished, energy: -2.138689485E+03
Curvature at dimer midpoint                   -0.00312
Predicted dimer rotation angle:     11.767 deg
Next calculation will be the dimer endpoint after rotation
dl-find/turbomole/=============================== Tstep:  109.5 Ttot:34757.0 ==
eandg
Spin: 
 Energy calculation finished, energy: -2.138689480E+03
Curvature at dimer midpoint after rotation     0.00140
Curvature at dimer minimum                    -0.00314
Actual dimer rotation angle:         0.639 deg
Dimer rotation converged after    1 steps
Writing TS-mode
Curvature after dimer rotation:               -0.00314
Frequency of transition mode  -287.910 cm^-1 (negative value denotes imaginary frequency)
Crossover temperature for tunnelling       65.92815 K
Restarting L-BFGS optimiser, instance: dimer rotation
Next calculation will be the dimer  midpoint
dl-find/turbomole/=============================== Tstep:   98.4 Ttot:34855.3 ==
eandg
Spin: 
 Energy calculation finished, energy: -2.138689479E+03
Testing convergence of dimer midpoint in cycle  121
    Energy  9.7700E-07 Target: 1.0000E-06 converged?  yes
  Max step  2.1425E-02 Target: 1.8000E-03 converged?   no component   208
  RMS step  4.9405E-03 Target: 1.2000E-03 converged?   no
  Max grad  4.2313E-04 Target: 4.5000E-04 converged?  yes component    58
  RMS grad  7.6551E-05 Target: 3.0000E-04 converged?  yes
Next calculation will be the dimer endpoint before rotation
dl-find/turbomole/=============================== Tstep:  117.0 Ttot:34972.3 ==
eandg
Spin: 
 Energy calculation finished, energy: -2.138689482E+03
Curvature at dimer midpoint                   -0.00309
Predicted dimer rotation angle:     15.577 deg
Next calculation will be the dimer endpoint after rotation
dl-find/turbomole/=============================== Tstep:  101.8 Ttot:35074.2 ==
eandg
Spin: 
 Energy calculation finished, energy: -2.138689480E+03
Curvature at dimer midpoint after rotation     0.02172
Curvature at dimer minimum                    -0.00310
Actual dimer rotation angle:         0.299 deg
Dimer rotation converged after    1 steps
Writing TS-mode
Curvature after dimer rotation:               -0.00310
Frequency of transition mode  -286.129 cm^-1 (negative value denotes imaginary frequency)
Crossover temperature for tunnelling       65.52028 K
Restarting L-BFGS optimiser, instance: dimer rotation
Next calculation will be the dimer  midpoint
dl-find/turbomole/=============================== Tstep:   99.9 Ttot:35174.0 ==
eandg
Spin: 
 Energy calculation finished, energy: -2.138689475E+03
Testing convergence of dimer midpoint in cycle  122
    Energy  3.5240E-06 Target: 1.0000E-06 converged?   no
  Max step  8.1039E-02 Target: 1.8000E-03 converged?   no component   208
  RMS step  1.8338E-02 Target: 1.2000E-03 converged?   no
  Max grad  6.4119E-04 Target: 4.5000E-04 converged?   no component    64
  RMS grad  1.4743E-04 Target: 3.0000E-04 converged?  yes
Next calculation will be the dimer endpoint before rotation
dl-find/turbomole/=============================== Tstep:  127.9 Ttot:35301.9 ==
eandg
Spin: 
 Energy calculation finished, energy: -2.138689475E+03
Curvature at dimer midpoint                   -0.00312
Predicted dimer rotation angle:      7.794 deg
Next calculation will be the dimer endpoint after rotation
dl-find/turbomole/=============================== Tstep:  100.5 Ttot:35402.4 ==
eandg
Spin: 
 Energy calculation finished, energy: -2.138689475E+03
Curvature at dimer midpoint after rotation     0.00202
Curvature at dimer minimum                    -0.00313
Actual dimer rotation angle:         0.171 deg
Dimer rotation converged after    1 steps
Writing TS-mode
Curvature after dimer rotation:               -0.00313
Frequency of transition mode  -287.432 cm^-1 (negative value denotes imaginary frequency)
Crossover temperature for tunnelling       65.81863 K
Restarting L-BFGS optimiser, instance: dimer rotation
Next calculation will be the dimer  midpoint
dl-find/turbomole/=============================== Tstep:   95.5 Ttot:35497.9 ==
eandg
Spin: 
 Energy calculation finished, energy: -2.138689486E+03
Testing convergence of dimer midpoint in cycle  123
    Energy  1.0570E-05 Target: 1.0000E-06 converged?   no
  Max step  6.9265E-02 Target: 1.8000E-03 converged?   no component   208
  RMS step  1.5759E-02 Target: 1.2000E-03 converged?   no
  Max grad  8.1208E-04 Target: 4.5000E-04 converged?   no component    58
  RMS grad  1.0446E-04 Target: 3.0000E-04 converged?  yes
Next calculation will be the dimer endpoint before rotation
dl-find/turbomole/=============================== Tstep:  126.3 Ttot:35624.2 ==
eandg
Spin: 
 Energy calculation finished, energy: -2.138689486E+03
Curvature at dimer midpoint                   -0.00311
Predicted dimer rotation angle:      4.448 deg
Next calculation will be the dimer endpoint after rotation
dl-find/turbomole/=============================== Tstep:  100.5 Ttot:35724.7 ==
eandg
Spin: 
 Energy calculation finished, energy: -2.138689485E+03
Curvature at dimer midpoint after rotation    -0.00266
Curvature at dimer minimum                    -0.00311
Actual dimer rotation angle:         0.319 deg
Dimer rotation converged after    1 steps
Writing TS-mode
Curvature after dimer rotation:               -0.00311
Frequency of transition mode  -286.738 cm^-1 (negative value denotes imaginary frequency)
Crossover temperature for tunnelling       65.65969 K
Restarting L-BFGS optimiser, instance: dimer rotation
Next calculation will be the dimer  midpoint
dl-find/turbomole/=============================== Tstep:   88.5 Ttot:35813.3 ==
eandg
Spin: 
 Energy calculation finished, energy: -2.138689498E+03
Testing convergence of dimer midpoint in cycle  124
    Energy  1.2576E-05 Target: 1.0000E-06 converged?   no
  Max step  3.3661E-02 Target: 1.8000E-03 converged?   no component   208
  RMS step  7.8055E-03 Target: 1.2000E-03 converged?   no
  Max grad  3.3228E-04 Target: 4.5000E-04 converged?  yes component    59
  RMS grad  7.6155E-05 Target: 3.0000E-04 converged?  yes
Next calculation will be the dimer endpoint before rotation
dl-find/turbomole/=============================== Tstep:  120.8 Ttot:35934.1 ==
eandg
Spin: 
 Energy calculation finished, energy: -2.138689498E+03
Curvature at dimer midpoint                   -0.00310
Predicted dimer rotation angle:      4.003 deg
Next calculation will be the dimer endpoint after rotation
dl-find/turbomole/=============================== Tstep:  106.0 Ttot:36040.1 ==
eandg
Spin: 
 Energy calculation finished, energy: -2.138689496E+03
Curvature at dimer midpoint after rotation    -0.00189
Curvature at dimer minimum                    -0.00310
Actual dimer rotation angle:         0.096 deg
Dimer rotation converged after    1 steps
Writing TS-mode
Curvature after dimer rotation:               -0.00310
Frequency of transition mode  -286.308 cm^-1 (negative value denotes imaginary frequency)
Crossover temperature for tunnelling       65.56120 K
Restarting L-BFGS optimiser, instance: dimer rotation
Next calculation will be the dimer  midpoint
dl-find/turbomole/=============================== Tstep:   87.7 Ttot:36127.8 ==
eandg
Spin: 
 Energy calculation finished, energy: -2.138689520E+03
Testing convergence of dimer midpoint in cycle  125
    Energy  2.1294E-05 Target: 1.0000E-06 converged?   no
  Max step  1.0499E-01 Target: 1.8000E-03 converged?   no component   208
  RMS step  2.3948E-02 Target: 1.2000E-03 converged?   no
  Max grad  4.7557E-04 Target: 4.5000E-04 converged?   no component    88
  RMS grad  1.1262E-04 Target: 3.0000E-04 converged?  yes
Next calculation will be the dimer endpoint before rotation
dl-find/turbomole/=============================== Tstep:  124.4 Ttot:36252.2 ==
eandg
Spin: 
 Energy calculation finished, energy: -2.138689519E+03
Curvature at dimer midpoint                   -0.00306
Predicted dimer rotation angle:      8.971 deg
Next calculation will be the dimer endpoint after rotation
dl-find/turbomole/=============================== Tstep:  101.8 Ttot:36354.0 ==
eandg
Spin: 
 Energy calculation finished, energy: -2.138689518E+03
Curvature at dimer midpoint after rotation     0.00702
Curvature at dimer minimum                    -0.00307
Actual dimer rotation angle:         0.133 deg
Dimer rotation converged after    1 steps
Writing TS-mode
Curvature after dimer rotation:               -0.00307
Frequency of transition mode  -284.618 cm^-1 (negative value denotes imaginary frequency)
Crossover temperature for tunnelling       65.17417 K
Restarting L-BFGS optimiser, instance: dimer rotation
Next calculation will be the dimer  midpoint
dl-find/turbomole/=============================== Tstep:   75.6 Ttot:36429.6 ==
eandg
Spin: 
 Energy calculation finished, energy: -2.138689519E+03
Testing convergence of dimer midpoint in cycle  126
    Energy  3.0300E-07 Target: 1.0000E-06 converged?  yes
  Max step  8.5244E-02 Target: 1.8000E-03 converged?   no component   208
  RMS step  1.9717E-02 Target: 1.2000E-03 converged?   no
  Max grad  9.8813E-04 Target: 4.5000E-04 converged?   no component    58
  RMS grad  1.2852E-04 Target: 3.0000E-04 converged?  yes
Next calculation will be the dimer endpoint before rotation
dl-find/turbomole/=============================== Tstep:  124.3 Ttot:36553.9 ==
eandg
Spin: 
 Energy calculation finished, energy: -2.138689519E+03
Curvature at dimer midpoint                   -0.00302
Predicted dimer rotation angle:      7.131 deg
Next calculation will be the dimer endpoint after rotation
dl-find/turbomole/=============================== Tstep:  102.3 Ttot:36656.2 ==
eandg
Spin: 
 Energy calculation finished, energy: -2.138689519E+03
Curvature at dimer midpoint after rotation     0.00224
Curvature at dimer minimum                    -0.00302
Actual dimer rotation angle:         0.124 deg
Dimer rotation converged after    1 steps
Writing TS-mode
Curvature after dimer rotation:               -0.00302
Frequency of transition mode  -282.630 cm^-1 (negative value denotes imaginary frequency)
Crossover temperature for tunnelling       64.71890 K
Restarting L-BFGS optimiser, instance: dimer rotation
Next calculation will be the dimer  midpoint
dl-find/turbomole/=============================== Tstep:   89.7 Ttot:36745.9 ==
eandg
Spin: 
 Energy calculation finished, energy: -2.138689650E+03
Testing convergence of dimer midpoint in cycle  127
    Energy  1.3098E-04 Target: 1.0000E-06 converged?   no
  Max step  2.1978E-01 Target: 1.8000E-03 converged?   no component   208
  RMS step  5.0140E-02 Target: 1.2000E-03 converged?   no
  Max grad  8.0379E-04 Target: 4.5000E-04 converged?   no component    59
  RMS grad  1.3931E-04 Target: 3.0000E-04 converged?  yes
Next calculation will be the dimer endpoint before rotation
dl-find/turbomole/=============================== Tstep:  132.7 Ttot:36878.6 ==
eandg
Spin: 
 Energy calculation finished, energy: -2.138689649E+03
Curvature at dimer midpoint                   -0.00286
Predicted dimer rotation angle:     13.574 deg
Next calculation will be the dimer endpoint after rotation
dl-find/turbomole/=============================== Tstep:  103.4 Ttot:36982.0 ==
eandg
Spin: 
 Energy calculation finished, energy: -2.138689647E+03
Curvature at dimer midpoint after rotation     0.01974
Curvature at dimer minimum                    -0.00287
Actual dimer rotation angle:         0.199 deg
Dimer rotation converged after    1 steps
Writing TS-mode
Curvature after dimer rotation:               -0.00287
Frequency of transition mode  -275.209 cm^-1 (negative value denotes imaginary frequency)
Crossover temperature for tunnelling       63.01964 K
Restarting L-BFGS optimiser, instance: dimer rotation
Next calculation will be the dimer  midpoint
dl-find/turbomole/=============================== Tstep:   97.9 Ttot:37079.9 ==
eandg
Spin: 
 Energy calculation finished, energy: -2.138689657E+03
Testing convergence of dimer midpoint in cycle  128
    Energy  6.6310E-06 Target: 1.0000E-06 converged?   no
  Max step  4.0000E-01 Target: 1.8000E-03 converged?   no component   208
  RMS step  9.2252E-02 Target: 1.2000E-03 converged?   no
  Max grad  3.7916E-03 Target: 4.5000E-04 converged?   no component    58
  RMS grad  3.6777E-04 Target: 3.0000E-04 converged?   no
Next calculation will be the dimer endpoint before rotation
dl-find/turbomole/=============================== Tstep:  150.6 Ttot:37230.5 ==
eandg
Spin: 
 Energy calculation finished, energy: -2.138689657E+03
Curvature at dimer midpoint                   -0.00247
Predicted dimer rotation angle:     25.322 deg
Next calculation will be the dimer endpoint after rotation
dl-find/turbomole/=============================== Tstep:  104.4 Ttot:37334.8 ==
eandg
Spin: 
 Energy calculation finished, energy: -2.138689635E+03
Curvature at dimer midpoint after rotation     0.06318
Curvature at dimer minimum                    -0.00250
Actual dimer rotation angle:         0.465 deg
Dimer rotation converged after    1 steps
Writing TS-mode
Curvature after dimer rotation:               -0.00250
Frequency of transition mode  -256.863 cm^-1 (negative value denotes imaginary frequency)
Crossover temperature for tunnelling       58.81864 K
Restarting L-BFGS optimiser, instance: dimer rotation
Next calculation will be the dimer  midpoint
dl-find/turbomole/=============================== Tstep:  100.7 Ttot:37435.5 ==
eandg
Spin: 
 Energy calculation finished, energy: -2.138689708E+03
Testing convergence of dimer midpoint in cycle  129
    Energy  5.1001E-05 Target: 1.0000E-06 converged?   no
  Max step  2.7420E-01 Target: 1.8000E-03 converged?   no component   208
  RMS step  6.2278E-02 Target: 1.2000E-03 converged?   no
  Max grad  8.4478E-04 Target: 4.5000E-04 converged?   no component    58
  RMS grad  1.5814E-04 Target: 3.0000E-04 converged?  yes
Next calculation will be the dimer endpoint before rotation
dl-find/turbomole/=============================== Tstep:  145.7 Ttot:37581.2 ==
eandg
Spin: 
 Energy calculation finished, energy: -2.138689707E+03
Curvature at dimer midpoint                   -0.00268
Predicted dimer rotation angle:     20.878 deg
Next calculation will be the dimer endpoint after rotation
dl-find/turbomole/=============================== Tstep:  102.9 Ttot:37684.1 ==
eandg
Spin: 
 Energy calculation finished, energy: -2.138689701E+03
Curvature at dimer midpoint after rotation     0.05367
Curvature at dimer minimum                    -0.00269
Actual dimer rotation angle:         0.300 deg
Dimer rotation converged after    1 steps
Writing TS-mode
Curvature after dimer rotation:               -0.00269
Frequency of transition mode  -266.547 cm^-1 (negative value denotes imaginary frequency)
Crossover temperature for tunnelling       61.03612 K
Restarting L-BFGS optimiser, instance: dimer rotation
Next calculation will be the dimer  midpoint
dl-find/turbomole/=============================== Tstep:   99.6 Ttot:37783.7 ==
eandg
Spin: 
 Energy calculation finished, energy: -2.138689727E+03
Testing convergence of dimer midpoint in cycle  130
    Energy  1.9396E-05 Target: 1.0000E-06 converged?   no
  Max step  3.4294E-02 Target: 1.8000E-03 converged?   no component   208
  RMS step  8.1766E-03 Target: 1.2000E-03 converged?   no
  Max grad  7.4389E-04 Target: 4.5000E-04 converged?   no component    59
  RMS grad  1.3261E-04 Target: 3.0000E-04 converged?  yes
Next calculation will be the dimer endpoint before rotation
dl-find/turbomole/=============================== Tstep:  120.7 Ttot:37904.4 ==
eandg
Spin: 
 Energy calculation finished, energy: -2.138689727E+03
Curvature at dimer midpoint                   -0.00262
Predicted dimer rotation angle:      7.061 deg
Next calculation will be the dimer endpoint after rotation
dl-find/turbomole/=============================== Tstep:  103.1 Ttot:38007.5 ==
eandg
Spin: 
 Energy calculation finished, energy: -2.138689726E+03
Curvature at dimer midpoint after rotation     0.00025
Curvature at dimer minimum                    -0.00262
Actual dimer rotation angle:         0.188 deg
Dimer rotation converged after    1 steps
Writing TS-mode
Curvature after dimer rotation:               -0.00262
Frequency of transition mode  -263.351 cm^-1 (negative value denotes imaginary frequency)
Crossover temperature for tunnelling       60.30430 K
Restarting L-BFGS optimiser, instance: dimer rotation
Next calculation will be the dimer  midpoint
dl-find/turbomole/=============================== Tstep:   90.4 Ttot:38098.0 ==
eandg
Spin: 
 Energy calculation finished, energy: -2.138689756E+03
Testing convergence of dimer midpoint in cycle  131
    Energy  2.8777E-05 Target: 1.0000E-06 converged?   no
  Max step  3.4476E-01 Target: 1.8000E-03 converged?   no component   208
  RMS step  8.2429E-02 Target: 1.2000E-03 converged?   no
  Max grad  4.8652E-03 Target: 4.5000E-04 converged?   no component    58
  RMS grad  4.5003E-04 Target: 3.0000E-04 converged?   no
Next calculation will be the dimer endpoint before rotation
dl-find/turbomole/=============================== Tstep:  152.3 Ttot:38250.3 ==
eandg
Spin: 
 Energy calculation finished, energy: -2.138689757E+03
Curvature at dimer midpoint                   -0.00214
Predicted dimer rotation angle:     26.223 deg
Next calculation will be the dimer endpoint after rotation
dl-find/turbomole/=============================== Tstep:  107.3 Ttot:38357.6 ==
eandg
Spin: 
 Energy calculation finished, energy: -2.138689733E+03
Curvature at dimer midpoint after rotation     0.05756
Curvature at dimer minimum                    -0.00217
Actual dimer rotation angle:         0.504 deg
Dimer rotation converged after    1 steps
Writing TS-mode
Curvature after dimer rotation:               -0.00217
Frequency of transition mode  -239.329 cm^-1 (negative value denotes imaginary frequency)
Crossover temperature for tunnelling       54.80367 K
Restarting L-BFGS optimiser, instance: dimer rotation
Next calculation will be the dimer  midpoint
dl-find/turbomole/=============================== Tstep:  101.8 Ttot:38459.4 ==
eandg
Spin: 
 Energy calculation finished, energy: -2.138689852E+03
Testing convergence of dimer midpoint in cycle  132
    Energy  9.5495E-05 Target: 1.0000E-06 converged?   no
  Max step  1.9454E-01 Target: 1.8000E-03 converged?   no component   208
  RMS step  4.4706E-02 Target: 1.2000E-03 converged?   no
  Max grad  1.4192E-03 Target: 4.5000E-04 converged?   no component    58
  RMS grad  1.8089E-04 Target: 3.0000E-04 converged?  yes
Next calculation will be the dimer endpoint before rotation
dl-find/turbomole/=============================== Tstep:  145.1 Ttot:38604.5 ==
eandg
Spin: 
 Energy calculation finished, energy: -2.138689852E+03
Curvature at dimer midpoint                   -0.00237
Predicted dimer rotation angle:     21.660 deg
Next calculation will be the dimer endpoint after rotation
dl-find/turbomole/=============================== Tstep:  106.9 Ttot:38711.5 ==
eandg
Spin: 
 Energy calculation finished, energy: -2.138689854E+03
Curvature at dimer midpoint after rotation     0.05151
Curvature at dimer minimum                    -0.00238
Actual dimer rotation angle:         0.315 deg
Dimer rotation converged after    1 steps
Writing TS-mode
Curvature after dimer rotation:               -0.00238
Frequency of transition mode  -250.787 cm^-1 (negative value denotes imaginary frequency)
Crossover temperature for tunnelling       57.42725 K
Restarting L-BFGS optimiser, instance: dimer rotation
Next calculation will be the dimer  midpoint
dl-find/turbomole/=============================== Tstep:   99.9 Ttot:38811.4 ==
eandg
Spin: 
 Energy calculation finished, energy: -2.138689887E+03
Testing convergence of dimer midpoint in cycle  133
    Energy  3.5099E-05 Target: 1.0000E-06 converged?   no
  Max step  4.5326E-02 Target: 1.8000E-03 converged?   no component   196
  RMS step  1.1352E-02 Target: 1.2000E-03 converged?   no
  Max grad  7.8732E-04 Target: 4.5000E-04 converged?   no component    58
  RMS grad  1.3348E-04 Target: 3.0000E-04 converged?  yes
Next calculation will be the dimer endpoint before rotation
dl-find/turbomole/=============================== Tstep:  120.1 Ttot:38931.4 ==
eandg
Spin: 
 Energy calculation finished, energy: -2.138689887E+03
Curvature at dimer midpoint                   -0.00229
Predicted dimer rotation angle:     11.836 deg
Next calculation will be the dimer endpoint after rotation
dl-find/turbomole/=============================== Tstep:  105.1 Ttot:39036.5 ==
eandg
Spin: 
 Energy calculation finished, energy: -2.138689886E+03
Curvature at dimer midpoint after rotation     0.00608
Curvature at dimer minimum                    -0.00230
Actual dimer rotation angle:         0.276 deg
Dimer rotation converged after    1 steps
Writing TS-mode
Curvature after dimer rotation:               -0.00230
Frequency of transition mode  -246.390 cm^-1 (negative value denotes imaginary frequency)
Crossover temperature for tunnelling       56.42042 K
Restarting L-BFGS optimiser, instance: dimer rotation
Next calculation will be the dimer  midpoint
dl-find/turbomole/=============================== Tstep:   97.4 Ttot:39133.9 ==
eandg
Spin: 
 Energy calculation finished, energy: -2.138689937E+03
Testing convergence of dimer midpoint in cycle  134
    Energy  4.9656E-05 Target: 1.0000E-06 converged?   no
  Max step  2.0883E-01 Target: 1.8000E-03 converged?   no component   196
  RMS step  5.4465E-02 Target: 1.2000E-03 converged?   no
  Max grad  1.1303E-03 Target: 4.5000E-04 converged?   no component    58
  RMS grad  2.2381E-04 Target: 3.0000E-04 converged?  yes
Next calculation will be the dimer endpoint before rotation
dl-find/turbomole/=============================== Tstep:  145.6 Ttot:39279.4 ==
eandg
Spin: 
 Energy calculation finished, energy: -2.138689937E+03
Curvature at dimer midpoint                   -0.00191
Predicted dimer rotation angle:     23.848 deg
Next calculation will be the dimer endpoint after rotation
dl-find/turbomole/=============================== Tstep:  108.2 Ttot:39387.7 ==
eandg
Spin: 
 Energy calculation finished, energy: -2.138689930E+03
Curvature at dimer midpoint after rotation     0.03540
Curvature at dimer minimum                    -0.00193
Actual dimer rotation angle:         0.505 deg
Dimer rotation converged after    1 steps
Writing TS-mode
Curvature after dimer rotation:               -0.00193
Frequency of transition mode  -225.677 cm^-1 (negative value denotes imaginary frequency)
Crossover temperature for tunnelling       51.67754 K
Restarting L-BFGS optimiser, instance: dimer rotation
Next calculation will be the dimer  midpoint
dl-find/turbomole/=============================== Tstep:  101.2 Ttot:39488.9 ==
eandg
Spin: 
 Energy calculation finished, energy: -2.138689979E+03
Testing convergence of dimer midpoint in cycle  135
    Energy  4.2443E-05 Target: 1.0000E-06 converged?   no
  Max step  1.6491E-02 Target: 1.8000E-03 converged?   no component   205
  RMS step  4.5046E-03 Target: 1.2000E-03 converged?   no
  Max grad  1.8387E-03 Target: 4.5000E-04 converged?   no component    57
  RMS grad  3.3043E-04 Target: 3.0000E-04 converged?   no
Next calculation will be the dimer endpoint before rotation
dl-find/turbomole/=============================== Tstep:  128.4 Ttot:39617.3 ==
eandg
Spin: 
 Energy calculation finished, energy: -2.138689980E+03
Curvature at dimer midpoint                   -0.00192
Predicted dimer rotation angle:     20.255 deg
Next calculation will be the dimer endpoint after rotation
dl-find/turbomole/=============================== Tstep:  106.7 Ttot:39724.1 ==
eandg
Spin: 
 Energy calculation finished, energy: -2.138689974E+03
Curvature at dimer midpoint after rotation     0.02452
Curvature at dimer minimum                    -0.00193
Actual dimer rotation angle:         0.410 deg
Dimer rotation converged after    1 steps
Writing TS-mode
Curvature after dimer rotation:               -0.00193
Frequency of transition mode  -225.993 cm^-1 (negative value denotes imaginary frequency)
Crossover temperature for tunnelling       51.74985 K
Restarting L-BFGS optimiser, instance: dimer rotation
Next calculation will be the dimer  midpoint
dl-find/turbomole/=============================== Tstep:   99.5 Ttot:39823.6 ==
eandg
Spin: 
 Energy calculation finished, energy: -2.138690019E+03
Testing convergence of dimer midpoint in cycle  136
    Energy  4.0285E-05 Target: 1.0000E-06 converged?   no
  Max step  2.8162E-02 Target: 1.8000E-03 converged?   no component   196
  RMS step  6.9651E-03 Target: 1.2000E-03 converged?   no
  Max grad  1.5710E-03 Target: 4.5000E-04 converged?   no component    58
  RMS grad  1.7461E-04 Target: 3.0000E-04 converged?  yes
Next calculation will be the dimer endpoint before rotation
dl-find/turbomole/=============================== Tstep:  122.9 Ttot:39946.4 ==
eandg
Spin: 
 Energy calculation finished, energy: -2.138690022E+03
Curvature at dimer midpoint                   -0.00196
Predicted dimer rotation angle:     16.437 deg
Next calculation will be the dimer endpoint after rotation
dl-find/turbomole/=============================== Tstep:  103.5 Ttot:40050.0 ==
eandg
Spin: 
 Energy calculation finished, energy: -2.138690023E+03
Curvature at dimer midpoint after rotation     0.01236
Curvature at dimer minimum                    -0.00197
Actual dimer rotation angle:         0.387 deg
Dimer rotation converged after    1 steps
Writing TS-mode
Curvature after dimer rotation:               -0.00197
Frequency of transition mode  -228.019 cm^-1 (negative value denotes imaginary frequency)
Crossover temperature for tunnelling       52.21374 K
Restarting L-BFGS optimiser, instance: dimer rotation
Next calculation will be the dimer  midpoint
dl-find/turbomole/=============================== Tstep:   97.8 Ttot:40147.8 ==
eandg
Spin: 
 Energy calculation finished, energy: -2.138690050E+03
Testing convergence of dimer midpoint in cycle  137
    Energy  3.1010E-05 Target: 1.0000E-06 converged?   no
  Max step  3.7426E-02 Target: 1.8000E-03 converged?   no component   208
  RMS step  9.2392E-03 Target: 1.2000E-03 converged?   no
  Max grad  9.1964E-04 Target: 4.5000E-04 converged?   no component    58
  RMS grad  1.2219E-04 Target: 3.0000E-04 converged?  yes
Next calculation will be the dimer endpoint before rotation
dl-find/turbomole/=============================== Tstep:  113.0 Ttot:40260.8 ==
eandg
Spin: 
 Energy calculation finished, energy: -2.138690052E+03
Curvature at dimer midpoint                   -0.00194
Predicted dimer rotation angle:     16.967 deg
Next calculation will be the dimer endpoint after rotation
dl-find/turbomole/=============================== Tstep:  103.3 Ttot:40364.1 ==
eandg
Spin: 
 Energy calculation finished, energy: -2.138690048E+03
Curvature at dimer midpoint after rotation     0.01379
Curvature at dimer minimum                    -0.00195
Actual dimer rotation angle:         0.388 deg
Dimer rotation converged after    1 steps
Writing TS-mode
Curvature after dimer rotation:               -0.00195
Frequency of transition mode  -227.197 cm^-1 (negative value denotes imaginary frequency)
Crossover temperature for tunnelling       52.02555 K
Restarting L-BFGS optimiser, instance: dimer rotation
Next calculation will be the dimer  midpoint
dl-find/turbomole/=============================== Tstep:   98.5 Ttot:40462.6 ==
eandg
Spin: 
 Energy calculation finished, energy: -2.138690093E+03
Testing convergence of dimer midpoint in cycle  138
    Energy  4.3221E-05 Target: 1.0000E-06 converged?   no
  Max step  2.8785E-02 Target: 1.8000E-03 converged?   no component   188
  RMS step  6.2513E-03 Target: 1.2000E-03 converged?   no
  Max grad  7.8453E-04 Target: 4.5000E-04 converged?   no component    57
  RMS grad  1.6503E-04 Target: 3.0000E-04 converged?  yes
Next calculation will be the dimer endpoint before rotation
dl-find/turbomole/=============================== Tstep:  117.7 Ttot:40580.4 ==
eandg
Spin: 
 Energy calculation finished, energy: -2.138690095E+03
Curvature at dimer midpoint                   -0.00195
Predicted dimer rotation angle:     18.830 deg
Next calculation will be the dimer endpoint after rotation
dl-find/turbomole/=============================== Tstep:  102.9 Ttot:40683.3 ==
eandg
Spin: 
 Energy calculation finished, energy: -2.138690095E+03
Curvature at dimer midpoint after rotation     0.02337
Curvature at dimer minimum                    -0.00196
Actual dimer rotation angle:         0.342 deg
Dimer rotation converged after    1 steps
Writing TS-mode
Curvature after dimer rotation:               -0.00196
Frequency of transition mode  -227.326 cm^-1 (negative value denotes imaginary frequency)
Crossover temperature for tunnelling       52.05503 K
Restarting L-BFGS optimiser, instance: dimer rotation
Next calculation will be the dimer  midpoint
dl-find/turbomole/=============================== Tstep:  100.0 Ttot:40783.3 ==
eandg
Spin: 
 Energy calculation finished, energy: -2.138690147E+03
Testing convergence of dimer midpoint in cycle  139
    Energy  5.3944E-05 Target: 1.0000E-06 converged?   no
  Max step  5.8122E-02 Target: 1.8000E-03 converged?   no component   188
  RMS step  1.5785E-02 Target: 1.2000E-03 converged?   no
  Max grad  1.3219E-03 Target: 4.5000E-04 converged?   no component   219
  RMS grad  2.3193E-04 Target: 3.0000E-04 converged?  yes
Next calculation will be the dimer endpoint before rotation
dl-find/turbomole/=============================== Tstep:  120.1 Ttot:40903.4 ==
eandg
Spin: 
 Energy calculation finished, energy: -2.138690146E+03
Curvature at dimer midpoint                   -0.00191
Predicted dimer rotation angle:     18.895 deg
Next calculation will be the dimer endpoint after rotation
dl-find/turbomole/=============================== Tstep:  100.3 Ttot:41003.7 ==
eandg
Spin: 
 Energy calculation finished, energy: -2.138690145E+03
Curvature at dimer midpoint after rotation     0.00607
Curvature at dimer minimum                    -0.00194
Actual dimer rotation angle:         1.001 deg
Dimer rotation converged after    1 steps
Writing TS-mode
Curvature after dimer rotation:               -0.00194
Frequency of transition mode  -226.185 cm^-1 (negative value denotes imaginary frequency)
Crossover temperature for tunnelling       51.79375 K
Restarting L-BFGS optimiser, instance: dimer rotation
Next calculation will be the dimer  midpoint
dl-find/turbomole/=============================== Tstep:   97.9 Ttot:41101.6 ==
eandg
Spin: 
 Energy calculation finished, energy: -2.138690192E+03
Testing convergence of dimer midpoint in cycle  140
    Energy  4.4420E-05 Target: 1.0000E-06 converged?   no
  Max step  6.2934E-02 Target: 1.8000E-03 converged?   no component   189
  RMS step  1.5353E-02 Target: 1.2000E-03 converged?   no
  Max grad  1.7139E-03 Target: 4.5000E-04 converged?   no component    83
  RMS grad  2.9158E-04 Target: 3.0000E-04 converged?  yes
Next calculation will be the dimer endpoint before rotation
dl-find/turbomole/=============================== Tstep:  135.2 Ttot:41236.8 ==
eandg
Spin: 
 Energy calculation finished, energy: -2.138690194E+03
Curvature at dimer midpoint                   -0.00183
Predicted dimer rotation angle:     25.817 deg
Next calculation will be the dimer endpoint after rotation
dl-find/turbomole/=============================== Tstep:  104.8 Ttot:41341.6 ==
eandg
Spin: 
 Energy calculation finished, energy: -2.138690188E+03
Curvature at dimer midpoint after rotation     0.05175
Curvature at dimer minimum                    -0.00185
Actual dimer rotation angle:         0.453 deg
Dimer rotation converged after    1 steps
Writing TS-mode
Curvature after dimer rotation:               -0.00185
Frequency of transition mode  -220.952 cm^-1 (negative value denotes imaginary frequency)
Crossover temperature for tunnelling       50.59552 K
Restarting L-BFGS optimiser, instance: dimer rotation
Next calculation will be the dimer  midpoint
dl-find/turbomole/=============================== Tstep:   80.2 Ttot:41421.8 ==
eandg
Spin: 
 Energy calculation finished, energy: -2.138690257E+03
Testing convergence of dimer midpoint in cycle  141
    Energy  6.5670E-05 Target: 1.0000E-06 converged?   no
  Max step  2.6783E-02 Target: 1.8000E-03 converged?   no component   205
  RMS step  5.8385E-03 Target: 1.2000E-03 converged?   no
  Max grad  4.5657E-04 Target: 4.5000E-04 converged?   no component   188
  RMS grad  1.4900E-04 Target: 3.0000E-04 converged?  yes
Next calculation will be the dimer endpoint before rotation
dl-find/turbomole/=============================== Tstep:  121.9 Ttot:41543.7 ==
eandg
Spin: 
 Energy calculation finished, energy: -2.138690258E+03
Curvature at dimer midpoint                   -0.00185
Predicted dimer rotation angle:     17.257 deg
Next calculation will be the dimer endpoint after rotation
dl-find/turbomole/=============================== Tstep:  102.9 Ttot:41646.6 ==
eandg
Spin: 
 Energy calculation finished, energy: -2.138690255E+03
Curvature at dimer midpoint after rotation     0.01202
Curvature at dimer minimum                    -0.00186
Actual dimer rotation angle:         0.439 deg
Dimer rotation converged after    1 steps
Writing TS-mode
Curvature after dimer rotation:               -0.00186
Frequency of transition mode  -221.646 cm^-1 (negative value denotes imaginary frequency)
Crossover temperature for tunnelling       50.75433 K
Restarting L-BFGS optimiser, instance: dimer rotation
Next calculation will be the dimer  midpoint
dl-find/turbomole/=============================== Tstep:   94.6 Ttot:41741.2 ==
eandg
Spin: 
 Energy calculation finished, energy: -2.138690316E+03
Testing convergence of dimer midpoint in cycle  142
    Energy  5.8626E-05 Target: 1.0000E-06 converged?   no
  Max step  4.4247E-02 Target: 1.8000E-03 converged?   no component    19
  RMS step  1.1649E-02 Target: 1.2000E-03 converged?   no
  Max grad  9.3080E-04 Target: 4.5000E-04 converged?   no component    57
  RMS grad  1.8037E-04 Target: 3.0000E-04 converged?  yes
Next calculation will be the dimer endpoint before rotation
dl-find/turbomole/=============================== Tstep:  121.0 Ttot:41862.2 ==
eandg
Spin: 
 Energy calculation finished, energy: -2.138690318E+03
Curvature at dimer midpoint                   -0.00179
Predicted dimer rotation angle:     19.197 deg
Next calculation will be the dimer endpoint after rotation
dl-find/turbomole/=============================== Tstep:  103.0 Ttot:41965.2 ==
eandg
Spin: 
 Energy calculation finished, energy: -2.138690316E+03
Curvature at dimer midpoint after rotation     0.02431
Curvature at dimer minimum                    -0.00180
Actual dimer rotation angle:         0.326 deg
Dimer rotation converged after    1 steps
Writing TS-mode
Curvature after dimer rotation:               -0.00180
Frequency of transition mode  -218.278 cm^-1 (negative value denotes imaginary frequency)
Crossover temperature for tunnelling       49.98319 K
Restarting L-BFGS optimiser, instance: dimer rotation
Next calculation will be the dimer  midpoint
dl-find/turbomole/=============================== Tstep:   73.5 Ttot:42038.6 ==
eandg
Spin: 
 Energy calculation finished, energy: -2.138690376E+03
Testing convergence of dimer midpoint in cycle  143
    Energy  6.0318E-05 Target: 1.0000E-06 converged?   no
  Max step  3.9293E-02 Target: 1.8000E-03 converged?   no component   205
  RMS step  8.3622E-03 Target: 1.2000E-03 converged?   no
  Max grad  1.2197E-03 Target: 4.5000E-04 converged?   no component    83
  RMS grad  2.2051E-04 Target: 3.0000E-04 converged?  yes
Next calculation will be the dimer endpoint before rotation
dl-find/turbomole/=============================== Tstep:  122.0 Ttot:42160.6 ==
eandg
Spin: 
 Energy calculation finished, energy: -2.138690379E+03
Curvature at dimer midpoint                   -0.00178
Predicted dimer rotation angle:     15.633 deg
Next calculation will be the dimer endpoint after rotation
dl-find/turbomole/=============================== Tstep:  103.4 Ttot:42264.0 ==
eandg
Spin: 
 Energy calculation finished, energy: -2.138690377E+03
Curvature at dimer midpoint after rotation     0.01172
Curvature at dimer minimum                    -0.00179
Actual dimer rotation angle:         0.320 deg
Dimer rotation converged after    1 steps
Writing TS-mode
Curvature after dimer rotation:               -0.00179
Frequency of transition mode  -217.248 cm^-1 (negative value denotes imaginary frequency)
Crossover temperature for tunnelling       49.74732 K
Restarting L-BFGS optimiser, instance: dimer rotation
Next calculation will be the dimer  midpoint
dl-find/turbomole/=============================== Tstep:   95.1 Ttot:42359.1 ==
eandg
Spin: 
 Energy calculation finished, energy: -2.138690476E+03
Testing convergence of dimer midpoint in cycle  144
    Energy  9.9453E-05 Target: 1.0000E-06 converged?   no
  Max step  1.0575E-01 Target: 1.8000E-03 converged?   no component   188
  RMS step  2.1690E-02 Target: 1.2000E-03 converged?   no
  Max grad  1.5475E-03 Target: 4.5000E-04 converged?   no component    67
  RMS grad  3.3492E-04 Target: 3.0000E-04 converged?   no
Next calculation will be the dimer endpoint before rotation
dl-find/turbomole/=============================== Tstep:  133.1 Ttot:42492.2 ==
eandg
Spin: 
 Energy calculation finished, energy: -2.138690478E+03
Curvature at dimer midpoint                   -0.00169
Predicted dimer rotation angle:     17.102 deg
Next calculation will be the dimer endpoint after rotation
dl-find/turbomole/=============================== Tstep:  107.5 Ttot:42599.7 ==
eandg
Spin: 
 Energy calculation finished, energy: -2.138690477E+03
Curvature at dimer midpoint after rotation     0.01521
Curvature at dimer minimum                    -0.00170
Actual dimer rotation angle:         0.324 deg
Dimer rotation converged after    1 steps
Writing TS-mode
Curvature after dimer rotation:               -0.00170
Frequency of transition mode  -211.647 cm^-1 (negative value denotes imaginary frequency)
Crossover temperature for tunnelling       48.46462 K
Restarting L-BFGS optimiser, instance: dimer rotation
Next calculation will be the dimer  midpoint
dl-find/turbomole/=============================== Tstep:   99.6 Ttot:42699.3 ==
eandg
Spin: 
 Energy calculation finished, energy: -2.138690545E+03
Testing convergence of dimer midpoint in cycle  145
    Energy  6.9041E-05 Target: 1.0000E-06 converged?   no
  Max step  8.8560E-02 Target: 1.8000E-03 converged?   no component   188
  RMS step  1.5698E-02 Target: 1.2000E-03 converged?   no
  Max grad  5.8792E-04 Target: 4.5000E-04 converged?   no component    57
  RMS grad  1.9340E-04 Target: 3.0000E-04 converged?  yes
Next calculation will be the dimer endpoint before rotation
dl-find/turbomole/=============================== Tstep:  130.6 Ttot:42829.9 ==
eandg
Spin: 
 Energy calculation finished, energy: -2.138690547E+03
Curvature at dimer midpoint                   -0.00164
Predicted dimer rotation angle:     16.507 deg
Next calculation will be the dimer endpoint after rotation
dl-find/turbomole/=============================== Tstep:  102.2 Ttot:42932.1 ==
eandg
Spin: 
 Energy calculation finished, energy: -2.138690546E+03
Curvature at dimer midpoint after rotation     0.00909
Curvature at dimer minimum                    -0.00165
Actual dimer rotation angle:         0.437 deg
Dimer rotation converged after    1 steps
Writing TS-mode
Curvature after dimer rotation:               -0.00165
Frequency of transition mode  -208.982 cm^-1 (negative value denotes imaginary frequency)
Crossover temperature for tunnelling       47.85452 K
Restarting L-BFGS optimiser, instance: dimer rotation
Next calculation will be the dimer  midpoint
dl-find/turbomole/=============================== Tstep:   83.5 Ttot:43015.6 ==
eandg
Spin: 
 Energy calculation finished, energy: -2.138690589E+03
Testing convergence of dimer midpoint in cycle  146
    Energy  4.3599E-05 Target: 1.0000E-06 converged?   no
  Max step  2.3848E-02 Target: 1.8000E-03 converged?   no component   196
  RMS step  5.4455E-03 Target: 1.2000E-03 converged?   no
  Max grad  5.9838E-04 Target: 4.5000E-04 converged?   no component    99
  RMS grad  1.6682E-04 Target: 3.0000E-04 converged?  yes
Next calculation will be the dimer endpoint before rotation
dl-find/turbomole/=============================== Tstep:  127.4 Ttot:43143.0 ==
eandg
Spin: 
 Energy calculation finished, energy: -2.138690591E+03
Curvature at dimer midpoint                   -0.00172
Predicted dimer rotation angle:     16.903 deg
Next calculation will be the dimer endpoint after rotation
dl-find/turbomole/=============================== Tstep:  102.1 Ttot:43245.1 ==
eandg
Spin: 
 Energy calculation finished, energy: -2.138690594E+03
Curvature at dimer midpoint after rotation     0.01909
Curvature at dimer minimum                    -0.00172
Actual dimer rotation angle:         0.260 deg
Dimer rotation converged after    1 steps
Writing TS-mode
Curvature after dimer rotation:               -0.00172
Frequency of transition mode  -213.377 cm^-1 (negative value denotes imaginary frequency)
Crossover temperature for tunnelling       48.86093 K
Restarting L-BFGS optimiser, instance: dimer rotation
Next calculation will be the dimer  midpoint
dl-find/turbomole/=============================== Tstep:   89.3 Ttot:43334.4 ==
eandg
Spin: 
 Energy calculation finished, energy: -2.138690648E+03
Testing convergence of dimer midpoint in cycle  147
    Energy  5.9460E-05 Target: 1.0000E-06 converged?   no
  Max step  5.4476E-02 Target: 1.8000E-03 converged?   no component   188
  RMS step  8.8795E-03 Target: 1.2000E-03 converged?   no
  Max grad  1.1580E-03 Target: 4.5000E-04 converged?   no component    57
  RMS grad  1.8944E-04 Target: 3.0000E-04 converged?  yes
Next calculation will be the dimer endpoint before rotation
dl-find/turbomole/=============================== Tstep:  126.6 Ttot:43461.0 ==
eandg
Spin: 
 Energy calculation finished, energy: -2.138690650E+03
Curvature at dimer midpoint                   -0.00172
Predicted dimer rotation angle:     12.996 deg
Next calculation will be the dimer endpoint after rotation
dl-find/turbomole/=============================== Tstep:  102.9 Ttot:43563.9 ==
eandg
Spin: 
 Energy calculation finished, energy: -2.138690649E+03
Curvature at dimer midpoint after rotation     0.00505
Curvature at dimer minimum                    -0.00173
Actual dimer rotation angle:         0.341 deg
Dimer rotation converged after    1 steps
Writing TS-mode
Curvature after dimer rotation:               -0.00173
Frequency of transition mode  -213.602 cm^-1 (negative value denotes imaginary frequency)
Crossover temperature for tunnelling       48.91245 K
Restarting L-BFGS optimiser, instance: dimer rotation
Next calculation will be the dimer  midpoint
dl-find/turbomole/=============================== Tstep:   76.9 Ttot:43640.8 ==
eandg
Spin: 
 Energy calculation finished, energy: -2.138690728E+03
Testing convergence of dimer midpoint in cycle  148
    Energy  7.9889E-05 Target: 1.0000E-06 converged?   no
  Max step  8.2581E-02 Target: 1.8000E-03 converged?   no component   188
  RMS step  1.5538E-02 Target: 1.2000E-03 converged?   no
  Max grad  1.7917E-03 Target: 4.5000E-04 converged?   no component    83
  RMS grad  3.2202E-04 Target: 3.0000E-04 converged?   no
Next calculation will be the dimer endpoint before rotation
dl-find/turbomole/=============================== Tstep:  132.0 Ttot:43772.8 ==
eandg
Spin: 
 Energy calculation finished, energy: -2.138690729E+03
Curvature at dimer midpoint                   -0.00176
Predicted dimer rotation angle:     14.856 deg
Next calculation will be the dimer endpoint after rotation
dl-find/turbomole/=============================== Tstep:  106.9 Ttot:43879.7 ==
eandg
Spin: 
 Energy calculation finished, energy: -2.138690727E+03
Curvature at dimer midpoint after rotation     0.01396
Curvature at dimer minimum                    -0.00176
Actual dimer rotation angle:         0.233 deg
Dimer rotation converged after    1 steps
Writing TS-mode
Curvature after dimer rotation:               -0.00176
Frequency of transition mode  -215.618 cm^-1 (negative value denotes imaginary frequency)
Crossover temperature for tunnelling       49.37406 K
Restarting L-BFGS optimiser, instance: dimer rotation
Next calculation will be the dimer  midpoint
dl-find/turbomole/=============================== Tstep:   89.1 Ttot:43968.8 ==
eandg
Spin: 
 Energy calculation finished, energy: -2.138690783E+03
Testing convergence of dimer midpoint in cycle  149
    Energy  5.5571E-05 Target: 1.0000E-06 converged?   no
  Max step  9.3330E-02 Target: 1.8000E-03 converged?   no component   188
  RMS step  2.2011E-02 Target: 1.2000E-03 converged?   no
  Max grad  1.0225E-03 Target: 4.5000E-04 converged?   no component    57
  RMS grad  2.2514E-04 Target: 3.0000E-04 converged?  yes
Next calculation will be the dimer endpoint before rotation
dl-find/turbomole/=============================== Tstep:  125.0 Ttot:44093.7 ==
eandg
Spin: 
 Energy calculation finished, energy: -2.138690785E+03
Curvature at dimer midpoint                   -0.00172
Predicted dimer rotation angle:     12.354 deg
Next calculation will be the dimer endpoint after rotation
dl-find/turbomole/=============================== Tstep:  108.1 Ttot:44201.8 ==
eandg
Spin: 
 Energy calculation finished, energy: -2.138690785E+03
Curvature at dimer midpoint after rotation     0.00321
Curvature at dimer minimum                    -0.00172
Actual dimer rotation angle:         0.394 deg
Dimer rotation converged after    1 steps
Writing TS-mode
Curvature after dimer rotation:               -0.00172
Frequency of transition mode  -213.320 cm^-1 (negative value denotes imaginary frequency)
Crossover temperature for tunnelling       48.84784 K
Restarting L-BFGS optimiser, instance: dimer rotation
Next calculation will be the dimer  midpoint
dl-find/turbomole/=============================== Tstep:   85.5 Ttot:44287.3 ==
eandg
Spin: 
 Energy calculation finished, energy: -2.138690855E+03
Testing convergence of dimer midpoint in cycle  150
    Energy  7.2028E-05 Target: 1.0000E-06 converged?   no
  Max step  2.8250E-02 Target: 1.8000E-03 converged?   no component   205
  RMS step  7.0001E-03 Target: 1.2000E-03 converged?   no
  Max grad  5.9833E-04 Target: 4.5000E-04 converged?   no component    61
  RMS grad  1.7301E-04 Target: 3.0000E-04 converged?  yes
Next calculation will be the dimer endpoint before rotation
dl-find/turbomole/=============================== Tstep:  124.7 Ttot:44412.0 ==
eandg
Spin: 
 Energy calculation finished, energy: -2.138690857E+03
Curvature at dimer midpoint                   -0.00169
Predicted dimer rotation angle:     16.371 deg
Next calculation will be the dimer endpoint after rotation
dl-find/turbomole/=============================== Tstep:  107.5 Ttot:44519.5 ==
eandg
Spin: 
 Energy calculation finished, energy: -2.138690856E+03
Curvature at dimer midpoint after rotation     0.02126
Curvature at dimer minimum                    -0.00170
Actual dimer rotation angle:         0.210 deg
Dimer rotation converged after    1 steps
Writing TS-mode
Curvature after dimer rotation:               -0.00170
Frequency of transition mode  -211.637 cm^-1 (negative value denotes imaginary frequency)
Crossover temperature for tunnelling       48.46250 K
Restarting L-BFGS optimiser, instance: dimer rotation
Next calculation will be the dimer  midpoint
dl-find/turbomole/=============================== Tstep:   92.9 Ttot:44612.4 ==
eandg
Spin: 
 Energy calculation finished, energy: -2.138690917E+03
Testing convergence of dimer midpoint in cycle  151
    Energy  6.1507E-05 Target: 1.0000E-06 converged?   no
  Max step  3.7437E-02 Target: 1.8000E-03 converged?   no component    22
  RMS step  9.9059E-03 Target: 1.2000E-03 converged?   no
  Max grad  9.4335E-04 Target: 4.5000E-04 converged?   no component    64
  RMS grad  1.9545E-04 Target: 3.0000E-04 converged?  yes
Next calculation will be the dimer endpoint before rotation
dl-find/turbomole/=============================== Tstep:  127.5 Ttot:44740.0 ==
eandg
Spin: 
 Energy calculation finished, energy: -2.138690917E+03
Curvature at dimer midpoint                   -0.00168
Predicted dimer rotation angle:     10.593 deg
Next calculation will be the dimer endpoint after rotation
dl-find/turbomole/=============================== Tstep:  103.9 Ttot:44843.9 ==
eandg
Spin: 
 Energy calculation finished, energy: -2.138690917E+03
Curvature at dimer midpoint after rotation     0.00131
Curvature at dimer minimum                    -0.00168
Actual dimer rotation angle:         0.391 deg
Dimer rotation converged after    1 steps
Writing TS-mode
Curvature after dimer rotation:               -0.00168
Frequency of transition mode  -210.900 cm^-1 (negative value denotes imaginary frequency)
Crossover temperature for tunnelling       48.29367 K
Restarting L-BFGS optimiser, instance: dimer rotation
Next calculation will be the dimer  midpoint
dl-find/turbomole/=============================== Tstep:   90.5 Ttot:44934.4 ==
eandg
Spin: 
 Energy calculation finished, energy: -2.138690968E+03
Testing convergence of dimer midpoint in cycle  152
    Energy  5.0629E-05 Target: 1.0000E-06 converged?   no
  Max step  3.2300E-02 Target: 1.8000E-03 converged?   no component    13
  RMS step  8.8459E-03 Target: 1.2000E-03 converged?   no
  Max grad  1.2675E-03 Target: 4.5000E-04 converged?   no component    57
  RMS grad  2.3186E-04 Target: 3.0000E-04 converged?  yes
Next calculation will be the dimer endpoint before rotation
dl-find/turbomole/=============================== Tstep:  128.0 Ttot:45062.4 ==
eandg
Spin: 
 Energy calculation finished, energy: -2.138690969E+03
Curvature at dimer midpoint                   -0.00168
Predicted dimer rotation angle:     15.513 deg
Next calculation will be the dimer endpoint after rotation
dl-find/turbomole/=============================== Tstep:  105.4 Ttot:45167.8 ==
eandg
Spin: 
 Energy calculation finished, energy: -2.138690967E+03
Curvature at dimer midpoint after rotation     0.01982
Curvature at dimer minimum                    -0.00169
Actual dimer rotation angle:         0.189 deg
Dimer rotation converged after    1 steps
Writing TS-mode
Curvature after dimer rotation:               -0.00169
Frequency of transition mode  -211.172 cm^-1 (negative value denotes imaginary frequency)
Crossover temperature for tunnelling       48.35602 K
Restarting L-BFGS optimiser, instance: dimer rotation
Next calculation will be the dimer  midpoint
dl-find/turbomole/=============================== Tstep:   89.4 Ttot:45257.2 ==
eandg
Spin: 
 Energy calculation finished, energy: -2.138691067E+03
Testing convergence of dimer midpoint in cycle  153
    Energy  9.9765E-05 Target: 1.0000E-06 converged?   no
  Max step  5.5206E-02 Target: 1.8000E-03 converged?   no component    13
  RMS step  1.4558E-02 Target: 1.2000E-03 converged?   no
  Max grad  8.6949E-04 Target: 4.5000E-04 converged?   no component    61
  RMS grad  2.2636E-04 Target: 3.0000E-04 converged?  yes
Next calculation will be the dimer endpoint before rotation
dl-find/turbomole/=============================== Tstep:  116.5 Ttot:45373.7 ==
eandg
Spin: 
 Energy calculation finished, energy: -2.138691068E+03
Curvature at dimer midpoint                   -0.00172
Predicted dimer rotation angle:      9.424 deg
Next calculation will be the dimer endpoint after rotation
dl-find/turbomole/=============================== Tstep:  107.2 Ttot:45480.9 ==
eandg
Spin: 
 Energy calculation finished, energy: -2.138691068E+03
Curvature at dimer midpoint after rotation     0.00159
Curvature at dimer minimum                    -0.00172
Actual dimer rotation angle:         0.258 deg
Dimer rotation converged after    1 steps
Writing TS-mode
Curvature after dimer rotation:               -0.00172
Frequency of transition mode  -213.148 cm^-1 (negative value denotes imaginary frequency)
Crossover temperature for tunnelling       48.80849 K
Restarting L-BFGS optimiser, instance: dimer rotation
Next calculation will be the dimer  midpoint
dl-find/turbomole/=============================== Tstep:   90.7 Ttot:45571.6 ==
eandg
Spin: 
 Energy calculation finished, energy: -2.138691142E+03
Testing convergence of dimer midpoint in cycle  154
    Energy  7.4696E-05 Target: 1.0000E-06 converged?   no
  Max step  6.8749E-02 Target: 1.8000E-03 converged?   no component    13
  RMS step  1.7338E-02 Target: 1.2000E-03 converged?   no
  Max grad  1.4463E-03 Target: 4.5000E-04 converged?   no component    67
  RMS grad  3.2095E-04 Target: 3.0000E-04 converged?   no
Next calculation will be the dimer endpoint before rotation
dl-find/turbomole/=============================== Tstep:  131.5 Ttot:45703.1 ==
eandg
Spin: 
 Energy calculation finished, energy: -2.138691143E+03
Curvature at dimer midpoint                   -0.00183
Predicted dimer rotation angle:     11.463 deg
Next calculation will be the dimer endpoint after rotation
dl-find/turbomole/=============================== Tstep:  103.8 Ttot:45806.8 ==
eandg
Spin: 
 Energy calculation finished, energy: -2.138691141E+03
Curvature at dimer midpoint after rotation     0.00701
Curvature at dimer minimum                    -0.00183
Actual dimer rotation angle:         0.192 deg
Dimer rotation converged after    1 steps
Writing TS-mode
Curvature after dimer rotation:               -0.00183
Frequency of transition mode  -220.101 cm^-1 (negative value denotes imaginary frequency)
Crossover temperature for tunnelling       50.40062 K
Restarting L-BFGS optimiser, instance: dimer rotation
Next calculation will be the dimer  midpoint
dl-find/turbomole/=============================== Tstep:   91.4 Ttot:45898.2 ==
eandg
Spin: 
 Energy calculation finished, energy: -2.138691199E+03
Testing convergence of dimer midpoint in cycle  155
    Energy  5.7281E-05 Target: 1.0000E-06 converged?   no
  Max step  1.1598E-02 Target: 1.8000E-03 converged?   no component    11
  RMS step  2.9718E-03 Target: 1.2000E-03 converged?   no
  Max grad  5.9414E-04 Target: 4.5000E-04 converged?   no component    58
  RMS grad  1.7371E-04 Target: 3.0000E-04 converged?  yes
Next calculation will be the dimer endpoint before rotation
dl-find/turbomole/=============================== Tstep:  124.7 Ttot:46022.9 ==
eandg
Spin: 
 Energy calculation finished, energy: -2.138691200E+03
Curvature at dimer midpoint                   -0.00185
Predicted dimer rotation angle:      9.037 deg
Next calculation will be the dimer endpoint after rotation
dl-find/turbomole/=============================== Tstep:  107.0 Ttot:46129.9 ==
eandg
Spin: 
 Energy calculation finished, energy: -2.138691200E+03
Curvature at dimer midpoint after rotation     0.00311
Curvature at dimer minimum                    -0.00185
Actual dimer rotation angle:         0.166 deg
Dimer rotation converged after    1 steps
Writing TS-mode
Curvature after dimer rotation:               -0.00185
Frequency of transition mode  -221.223 cm^-1 (negative value denotes imaginary frequency)
Crossover temperature for tunnelling       50.65756 K
Restarting L-BFGS optimiser, instance: dimer rotation
Next calculation will be the dimer  midpoint
dl-find/turbomole/=============================== Tstep:   76.1 Ttot:46205.9 ==
eandg
Spin: 
 Energy calculation finished, energy: -2.138691261E+03
Testing convergence of dimer midpoint in cycle  156
    Energy  6.1205E-05 Target: 1.0000E-06 converged?   no
  Max step  3.4485E-02 Target: 1.8000E-03 converged?   no component   208
  RMS step  6.6530E-03 Target: 1.2000E-03 converged?   no
  Max grad  7.3198E-04 Target: 4.5000E-04 converged?   no component    57
  RMS grad  1.5299E-04 Target: 3.0000E-04 converged?  yes
Next calculation will be the dimer endpoint before rotation
dl-find/turbomole/=============================== Tstep:  126.4 Ttot:46332.4 ==
eandg
Spin: 
 Energy calculation finished, energy: -2.138691261E+03
Curvature at dimer midpoint                   -0.00188
Predicted dimer rotation angle:      7.899 deg
Next calculation will be the dimer endpoint after rotation
dl-find/turbomole/=============================== Tstep:  104.7 Ttot:46437.1 ==
eandg
Spin: 
 Energy calculation finished, energy: -2.138691261E+03
Curvature at dimer midpoint after rotation     0.00201
Curvature at dimer minimum                    -0.00188
Actual dimer rotation angle:         0.143 deg
Dimer rotation converged after    1 steps
Writing TS-mode
Curvature after dimer rotation:               -0.00188
Frequency of transition mode  -223.039 cm^-1 (negative value denotes imaginary frequency)
Crossover temperature for tunnelling       51.07329 K
Restarting L-BFGS optimiser, instance: dimer rotation
Next calculation will be the dimer  midpoint
dl-find/turbomole/=============================== Tstep:   89.6 Ttot:46526.6 ==
eandg
Spin: 
 Energy calculation finished, energy: -2.138691312E+03
Testing convergence of dimer midpoint in cycle  157
    Energy  5.1104E-05 Target: 1.0000E-06 converged?   no
  Max step  2.9505E-02 Target: 1.8000E-03 converged?   no component    19
  RMS step  9.4771E-03 Target: 1.2000E-03 converged?   no
  Max grad  9.9226E-04 Target: 4.5000E-04 converged?   no component    57
  RMS grad  2.1199E-04 Target: 3.0000E-04 converged?  yes
Next calculation will be the dimer endpoint before rotation
dl-find/turbomole/=============================== Tstep:  129.1 Ttot:46655.8 ==
eandg
Spin: 
 Energy calculation finished, energy: -2.138691312E+03
Curvature at dimer midpoint                   -0.00189
Predicted dimer rotation angle:      7.620 deg
Next calculation will be the dimer endpoint after rotation
dl-find/turbomole/=============================== Tstep:  103.1 Ttot:46758.9 ==
eandg
Spin: 
 Energy calculation finished, energy: -2.138691312E+03
Curvature at dimer midpoint after rotation     0.00121
Curvature at dimer minimum                    -0.00190
Actual dimer rotation angle:         0.161 deg
Dimer rotation converged after    1 steps
Writing TS-mode
Curvature after dimer rotation:               -0.00190
Frequency of transition mode  -223.834 cm^-1 (negative value denotes imaginary frequency)
Crossover temperature for tunnelling       51.25531 K
Restarting L-BFGS optimiser, instance: dimer rotation
Next calculation will be the dimer  midpoint
dl-find/turbomole/=============================== Tstep:   77.0 Ttot:46835.9 ==
eandg
Spin: 
 Energy calculation finished, energy: -2.138691402E+03
Testing convergence of dimer midpoint in cycle  158
    Energy  8.9922E-05 Target: 1.0000E-06 converged?   no
  Max step  1.1681E-01 Target: 1.8000E-03 converged?   no component   208
  RMS step  2.2033E-02 Target: 1.2000E-03 converged?   no
  Max grad  8.7804E-04 Target: 4.5000E-04 converged?   no component    99
  RMS grad  2.4423E-04 Target: 3.0000E-04 converged?  yes
Next calculation will be the dimer endpoint before rotation
dl-find/turbomole/=============================== Tstep:  136.3 Ttot:46972.2 ==
eandg
Spin: 
 Energy calculation finished, energy: -2.138691401E+03
Curvature at dimer midpoint                   -0.00202
Predicted dimer rotation angle:      8.016 deg
Next calculation will be the dimer endpoint after rotation
dl-find/turbomole/=============================== Tstep:  107.2 Ttot:47079.4 ==
eandg
Spin: 
 Energy calculation finished, energy: -2.138691402E+03
Curvature at dimer midpoint after rotation     0.00199
Curvature at dimer minimum                    -0.00202
Actual dimer rotation angle:         0.155 deg
Dimer rotation converged after    1 steps
Writing TS-mode
Curvature after dimer rotation:               -0.00202
Frequency of transition mode  -230.864 cm^-1 (negative value denotes imaginary frequency)
Crossover temperature for tunnelling       52.86527 K
Restarting L-BFGS optimiser, instance: dimer rotation
Next calculation will be the dimer  midpoint
dl-find/turbomole/=============================== Tstep:   90.7 Ttot:47170.1 ==
eandg
Spin: 
 Energy calculation finished, energy: -2.138691465E+03
Testing convergence of dimer midpoint in cycle  159
    Energy  6.3276E-05 Target: 1.0000E-06 converged?   no
  Max step  2.2799E-02 Target: 1.8000E-03 converged?   no component   176
  RMS step  7.4634E-03 Target: 1.2000E-03 converged?   no
  Max grad  5.4394E-04 Target: 4.5000E-04 converged?   no component    55
  RMS grad  1.6944E-04 Target: 3.0000E-04 converged?  yes
Next calculation will be the dimer endpoint before rotation
dl-find/turbomole/=============================== Tstep:  108.5 Ttot:47278.6 ==
eandg
Spin: 
 Energy calculation finished, energy: -2.138691466E+03
Curvature at dimer midpoint                   -0.00198
Predicted dimer rotation angle:      7.327 deg
Next calculation will be the dimer endpoint after rotation
dl-find/turbomole/=============================== Tstep:  107.7 Ttot:47386.3 ==
eandg
Spin: 
 Energy calculation finished, energy: -2.138691465E+03
Curvature at dimer midpoint after rotation     0.00121
Curvature at dimer minimum                    -0.00198
Actual dimer rotation angle:         0.145 deg
Dimer rotation converged after    1 steps
Writing TS-mode
Curvature after dimer rotation:               -0.00198
Frequency of transition mode  -228.553 cm^-1 (negative value denotes imaginary frequency)
Crossover temperature for tunnelling       52.33598 K
Restarting L-BFGS optimiser, instance: dimer rotation
Next calculation will be the dimer  midpoint
dl-find/turbomole/=============================== Tstep:   89.7 Ttot:47476.0 ==
eandg
Spin: 
 Energy calculation finished, energy: -2.138691542E+03
Testing convergence of dimer midpoint in cycle  160
    Energy  7.6841E-05 Target: 1.0000E-06 converged?   no
  Max step  3.5457E-02 Target: 1.8000E-03 converged?   no component   243
  RMS step  1.1350E-02 Target: 1.2000E-03 converged?   no
  Max grad  7.3728E-04 Target: 4.5000E-04 converged?   no component    67
  RMS grad  1.6830E-04 Target: 3.0000E-04 converged?  yes
Next calculation will be the dimer endpoint before rotation
dl-find/turbomole/=============================== Tstep:  129.0 Ttot:47605.0 ==
eandg
Spin: 
 Energy calculation finished, energy: -2.138691541E+03
Curvature at dimer midpoint                   -0.00211
Predicted dimer rotation angle:      8.520 deg
Next calculation will be the dimer endpoint after rotation
dl-find/turbomole/=============================== Tstep:  107.5 Ttot:47712.5 ==
eandg
Spin: 
 Energy calculation finished, energy: -2.138691541E+03
Curvature at dimer midpoint after rotation     0.00225
Curvature at dimer minimum                    -0.00211
Actual dimer rotation angle:         0.179 deg
Dimer rotation converged after    1 steps
Writing TS-mode
Curvature after dimer rotation:               -0.00211
Frequency of transition mode  -236.007 cm^-1 (negative value denotes imaginary frequency)
Crossover temperature for tunnelling       54.04283 K
Restarting L-BFGS optimiser, instance: dimer rotation
Next calculation will be the dimer  midpoint
dl-find/turbomole/=============================== Tstep:   94.9 Ttot:47807.4 ==
eandg
Spin: 
 Energy calculation finished, energy: -2.138691570E+03
Testing convergence of dimer midpoint in cycle  161
    Energy  2.8264E-05 Target: 1.0000E-06 converged?   no
  Max step  3.7944E-02 Target: 1.8000E-03 converged?   no component   208
  RMS step  8.1347E-03 Target: 1.2000E-03 converged?   no
  Max grad  7.1517E-04 Target: 4.5000E-04 converged?   no component   244
  RMS grad  1.9170E-04 Target: 3.0000E-04 converged?  yes
Next calculation will be the dimer endpoint before rotation
dl-find/turbomole/=============================== Tstep:  123.8 Ttot:47931.2 ==
eandg
Spin: 
 Energy calculation finished, energy: -2.138691571E+03
Curvature at dimer midpoint                   -0.00214
Predicted dimer rotation angle:      6.875 deg
Next calculation will be the dimer endpoint after rotation
dl-find/turbomole/=============================== Tstep:  102.7 Ttot:48033.9 ==
eandg
Spin: 
 Energy calculation finished, energy: -2.138691571E+03
Curvature at dimer midpoint after rotation     0.00022
Curvature at dimer minimum                    -0.00214
Actual dimer rotation angle:         0.173 deg
Dimer rotation converged after    1 steps
Writing TS-mode
Curvature after dimer rotation:               -0.00214
Frequency of transition mode  -238.073 cm^-1 (negative value denotes imaginary frequency)
Crossover temperature for tunnelling       54.51605 K
Restarting L-BFGS optimiser, instance: dimer rotation
Next calculation will be the dimer  midpoint
dl-find/turbomole/=============================== Tstep:   85.6 Ttot:48119.5 ==
eandg
Spin: 
 Energy calculation finished, energy: -2.138691624E+03
Testing convergence of dimer midpoint in cycle  162
    Energy  5.3950E-05 Target: 1.0000E-06 converged?   no
  Max step  3.9197E-02 Target: 1.8000E-03 converged?   no component   208
  RMS step  8.8679E-03 Target: 1.2000E-03 converged?   no
  Max grad  5.7991E-04 Target: 4.5000E-04 converged?   no component   154
  RMS grad  1.5757E-04 Target: 3.0000E-04 converged?  yes
Next calculation will be the dimer endpoint before rotation
dl-find/turbomole/=============================== Tstep:  119.4 Ttot:48239.0 ==
eandg
Spin: 
 Energy calculation finished, energy: -2.138691623E+03
Curvature at dimer midpoint                   -0.00221
Predicted dimer rotation angle:      8.483 deg
Next calculation will be the dimer endpoint after rotation
dl-find/turbomole/=============================== Tstep:  103.2 Ttot:48342.2 ==
eandg
Spin: 
 Energy calculation finished, energy: -2.138691623E+03
Curvature at dimer midpoint after rotation     0.00338
Curvature at dimer minimum                    -0.00221
Actual dimer rotation angle:         0.145 deg
Dimer rotation converged after    1 steps
Writing TS-mode
Curvature after dimer rotation:               -0.00221
Frequency of transition mode  -241.638 cm^-1 (negative value denotes imaginary frequency)
Crossover temperature for tunnelling       55.33230 K
Restarting L-BFGS optimiser, instance: dimer rotation
Next calculation will be the dimer  midpoint
dl-find/turbomole/=============================== Tstep:   90.0 Ttot:48432.2 ==
eandg
Spin: 
 Energy calculation finished, energy: -2.138691639E+03
Testing convergence of dimer midpoint in cycle  163
    Energy  1.4982E-05 Target: 1.0000E-06 converged?   no
  Max step  7.0172E-02 Target: 1.8000E-03 converged?   no component   208
  RMS step  1.6287E-02 Target: 1.2000E-03 converged?   no
  Max grad  1.6641E-03 Target: 4.5000E-04 converged?   no component   244
  RMS grad  3.3181E-04 Target: 3.0000E-04 converged?   no
Next calculation will be the dimer endpoint before rotation
dl-find/turbomole/=============================== Tstep:  135.6 Ttot:48567.8 ==
eandg
Spin: 
 Energy calculation finished, energy: -2.138691637E+03
Curvature at dimer midpoint                   -0.00229
Predicted dimer rotation angle:      7.128 deg
Next calculation will be the dimer endpoint after rotation
dl-find/turbomole/=============================== Tstep:  103.1 Ttot:48670.9 ==
eandg
Spin: 
 Energy calculation finished, energy: -2.138691638E+03
Curvature at dimer midpoint after rotation     0.00010
Curvature at dimer minimum                    -0.00229
Actual dimer rotation angle:         0.203 deg
Dimer rotation converged after    1 steps
Writing TS-mode
Curvature after dimer rotation:               -0.00229
Frequency of transition mode  -246.246 cm^-1 (negative value denotes imaginary frequency)
Crossover temperature for tunnelling       56.38744 K
Restarting L-BFGS optimiser, instance: dimer rotation
Next calculation will be the dimer  midpoint
dl-find/turbomole/=============================== Tstep:   88.0 Ttot:48758.9 ==
eandg
Spin: 
 Energy calculation finished, energy: -2.138691678E+03
Testing convergence of dimer midpoint in cycle  164
    Energy  3.8598E-05 Target: 1.0000E-06 converged?   no
  Max step  1.2610E-02 Target: 1.8000E-03 converged?   no component   176
  RMS step  3.9719E-03 Target: 1.2000E-03 converged?   no
  Max grad  6.0656E-04 Target: 4.5000E-04 converged?   no component    53
  RMS grad  1.4487E-04 Target: 3.0000E-04 converged?  yes
Next calculation will be the dimer endpoint before rotation
dl-find/turbomole/=============================== Tstep:  124.4 Ttot:48883.3 ==
eandg
Spin: 
 Energy calculation finished, energy: -2.138691676E+03
Curvature at dimer midpoint                   -0.00230
Predicted dimer rotation angle:      7.230 deg
Next calculation will be the dimer endpoint after rotation
dl-find/turbomole/=============================== Tstep:  102.5 Ttot:48985.8 ==
eandg
Spin: 
 Energy calculation finished, energy: -2.138691677E+03
Curvature at dimer midpoint after rotation     0.00143
Curvature at dimer minimum                    -0.00230
Actual dimer rotation angle:         0.139 deg
Dimer rotation converged after    1 steps
Writing TS-mode
Curvature after dimer rotation:               -0.00230
Frequency of transition mode  -246.660 cm^-1 (negative value denotes imaginary frequency)
Crossover temperature for tunnelling       56.48220 K
Restarting L-BFGS optimiser, instance: dimer rotation
Next calculation will be the dimer  midpoint
dl-find/turbomole/=============================== Tstep:   81.2 Ttot:49067.0 ==
eandg
Spin: 
 Energy calculation finished, energy: -2.138691705E+03
Testing convergence of dimer midpoint in cycle  165
    Energy  2.7674E-05 Target: 1.0000E-06 converged?   no
  Max step  6.9499E-03 Target: 1.8000E-03 converged?   no component   208
  RMS step  1.9834E-03 Target: 1.2000E-03 converged?   no
  Max grad  4.0800E-04 Target: 4.5000E-04 converged?  yes component   244
  RMS grad  1.2912E-04 Target: 3.0000E-04 converged?  yes
Next calculation will be the dimer endpoint before rotation
dl-find/turbomole/=============================== Tstep:  121.2 Ttot:49188.2 ==
eandg
Spin: 
 Energy calculation finished, energy: -2.138691704E+03
Curvature at dimer midpoint                   -0.00229
Predicted dimer rotation angle:      5.224 deg
Next calculation will be the dimer endpoint after rotation
dl-find/turbomole/=============================== Tstep:  107.0 Ttot:49295.2 ==
eandg
Spin: 
 Energy calculation finished, energy: -2.138691704E+03
Curvature at dimer midpoint after rotation    -0.00109
Curvature at dimer minimum                    -0.00229
Actual dimer rotation angle:         0.157 deg
Dimer rotation converged after    1 steps
Writing TS-mode
Curvature after dimer rotation:               -0.00229
Frequency of transition mode  -245.918 cm^-1 (negative value denotes imaginary frequency)
Crossover temperature for tunnelling       56.31241 K
Restarting L-BFGS optimiser, instance: dimer rotation
Next calculation will be the dimer  midpoint
dl-find/turbomole/=============================== Tstep:   80.6 Ttot:49375.8 ==
eandg
Spin: 
 Energy calculation finished, energy: -2.138691782E+03
Testing convergence of dimer midpoint in cycle  166
    Energy  7.6507E-05 Target: 1.0000E-06 converged?   no
  Max step  2.8928E-02 Target: 1.8000E-03 converged?   no component   208
  RMS step  8.6960E-03 Target: 1.2000E-03 converged?   no
  Max grad  5.9917E-04 Target: 4.5000E-04 converged?   no component    76
  RMS grad  1.5209E-04 Target: 3.0000E-04 converged?  yes
Next calculation will be the dimer endpoint before rotation
dl-find/turbomole/=============================== Tstep:  127.8 Ttot:49503.6 ==
eandg
Spin: 
 Energy calculation finished, energy: -2.138691780E+03
Curvature at dimer midpoint                   -0.00225
Predicted dimer rotation angle:      6.522 deg
Next calculation will be the dimer endpoint after rotation
dl-find/turbomole/=============================== Tstep:  102.7 Ttot:49606.3 ==
eandg
Spin: 
 Energy calculation finished, energy: -2.138691780E+03
Curvature at dimer midpoint after rotation     0.00066
Curvature at dimer minimum                    -0.00226
Actual dimer rotation angle:         0.127 deg
Dimer rotation converged after    1 steps
Writing TS-mode
Curvature after dimer rotation:               -0.00226
Frequency of transition mode  -244.161 cm^-1 (negative value denotes imaginary frequency)
Crossover temperature for tunnelling       55.90997 K
Restarting L-BFGS optimiser, instance: dimer rotation
Next calculation will be the dimer  midpoint
dl-find/turbomole/=============================== Tstep:   79.4 Ttot:49685.8 ==
eandg
Spin: 
 Energy calculation finished, energy: -2.138691800E+03
Testing convergence of dimer midpoint in cycle  167
    Energy  1.8537E-05 Target: 1.0000E-06 converged?   no
  Max step  7.9856E-02 Target: 1.8000E-03 converged?   no component   208
  RMS step  1.5241E-02 Target: 1.2000E-03 converged?   no
  Max grad  2.7052E-03 Target: 4.5000E-04 converged?   no component    88
  RMS grad  4.0768E-04 Target: 3.0000E-04 converged?   no
Next calculation will be the dimer endpoint before rotation
dl-find/turbomole/=============================== Tstep:  132.7 Ttot:49818.5 ==
eandg
Spin: 
 Energy calculation finished, energy: -2.138691798E+03
Curvature at dimer midpoint                   -0.00226
Predicted dimer rotation angle:      6.073 deg
Next calculation will be the dimer endpoint after rotation
dl-find/turbomole/=============================== Tstep:  107.7 Ttot:49926.2 ==
eandg
Spin: 
 Energy calculation finished, energy: -2.138691799E+03
Curvature at dimer midpoint after rotation    -0.00047
Curvature at dimer minimum                    -0.00226
Actual dimer rotation angle:         0.165 deg
Dimer rotation converged after    1 steps
Writing TS-mode
Curvature after dimer rotation:               -0.00226
Frequency of transition mode  -244.393 cm^-1 (negative value denotes imaginary frequency)
Crossover temperature for tunnelling       55.96323 K
Restarting L-BFGS optimiser, instance: dimer rotation
Next calculation will be the dimer  midpoint
dl-find/turbomole/=============================== Tstep:   84.3 Ttot:50010.5 ==
eandg
Spin: 
 Energy calculation finished, energy: -2.138691851E+03
Testing convergence of dimer midpoint in cycle  168
    Energy  5.0404E-05 Target: 1.0000E-06 converged?   no
  Max step  1.7912E-02 Target: 1.8000E-03 converged?   no component    19
  RMS step  4.5581E-03 Target: 1.2000E-03 converged?   no
  Max grad  7.1288E-04 Target: 4.5000E-04 converged?   no component    88
  RMS grad  1.6011E-04 Target: 3.0000E-04 converged?  yes
Next calculation will be the dimer endpoint before rotation
dl-find/turbomole/=============================== Tstep:  115.3 Ttot:50125.9 ==
eandg
Spin: 
 Energy calculation finished, energy: -2.138691849E+03
Curvature at dimer midpoint                   -0.00227
Predicted dimer rotation angle:      6.402 deg
Next calculation will be the dimer endpoint after rotation
dl-find/turbomole/=============================== Tstep:  107.7 Ttot:50233.5 ==
eandg
Spin: 
 Energy calculation finished, energy: -2.138691849E+03
Curvature at dimer midpoint after rotation     0.00019
Curvature at dimer minimum                    -0.00227
Actual dimer rotation angle:         0.143 deg
Dimer rotation converged after    1 steps
Writing TS-mode
Curvature after dimer rotation:               -0.00227
Frequency of transition mode  -245.131 cm^-1 (negative value denotes imaginary frequency)
Crossover temperature for tunnelling       56.13212 K
Restarting L-BFGS optimiser, instance: dimer rotation
Next calculation will be the dimer  midpoint
dl-find/turbomole/=============================== Tstep:   84.1 Ttot:50317.6 ==
eandg
Spin: 
 Energy calculation finished, energy: -2.138691878E+03
Testing convergence of dimer midpoint in cycle  169
    Energy  2.7810E-05 Target: 1.0000E-06 converged?   no
  Max step  1.9947E-02 Target: 1.8000E-03 converged?   no component   208
  RMS step  4.6509E-03 Target: 1.2000E-03 converged?   no
  Max grad  2.9711E-04 Target: 4.5000E-04 converged?  yes component   196
  RMS grad  1.0632E-04 Target: 3.0000E-04 converged?  yes
Next calculation will be the dimer endpoint before rotation
dl-find/turbomole/=============================== Tstep:  116.1 Ttot:50433.8 ==
eandg
Spin: 
 Energy calculation finished, energy: -2.138691877E+03
Curvature at dimer midpoint                   -0.00228
Predicted dimer rotation angle:      6.239 deg
Next calculation will be the dimer endpoint after rotation
dl-find/turbomole/=============================== Tstep:  106.5 Ttot:50540.3 ==
eandg
Spin: 
 Energy calculation finished, energy: -2.138691877E+03
Curvature at dimer midpoint after rotation     0.00024
Curvature at dimer minimum                    -0.00228
Actual dimer rotation angle:         0.130 deg
Dimer rotation converged after    1 steps
Writing TS-mode
Curvature after dimer rotation:               -0.00228
Frequency of transition mode  -245.292 cm^-1 (negative value denotes imaginary frequency)
Crossover temperature for tunnelling       56.16893 K
Restarting L-BFGS optimiser, instance: dimer rotation
Next calculation will be the dimer  midpoint
dl-find/turbomole/=============================== Tstep:   79.7 Ttot:50620.0 ==
eandg
Spin: 
 Energy calculation finished, energy: -2.138691912E+03
Testing convergence of dimer midpoint in cycle  170
    Energy  3.3176E-05 Target: 1.0000E-06 converged?   no
  Max step  3.5901E-02 Target: 1.8000E-03 converged?   no component   208
  RMS step  8.0879E-03 Target: 1.2000E-03 converged?   no
  Max grad  5.9598E-04 Target: 4.5000E-04 converged?   no component    88
  RMS grad  1.4228E-04 Target: 3.0000E-04 converged?  yes
Next calculation will be the dimer endpoint before rotation
dl-find/turbomole/=============================== Tstep:  118.2 Ttot:50738.2 ==
eandg
Spin: 
 Energy calculation finished, energy: -2.138691910E+03
Curvature at dimer midpoint                   -0.00227
Predicted dimer rotation angle:      5.370 deg
Next calculation will be the dimer endpoint after rotation
dl-find/turbomole/=============================== Tstep:  108.6 Ttot:50846.8 ==
eandg
Spin: 
 Energy calculation finished, energy: -2.138691910E+03
Curvature at dimer midpoint after rotation    -0.00098
Curvature at dimer minimum                    -0.00227
Actual dimer rotation angle:         0.158 deg
Dimer rotation converged after    1 steps
Writing TS-mode
Curvature after dimer rotation:               -0.00227
Frequency of transition mode  -245.126 cm^-1 (negative value denotes imaginary frequency)
Crossover temperature for tunnelling       56.13113 K
Restarting L-BFGS optimiser, instance: dimer rotation
Next calculation will be the dimer  midpoint
dl-find/turbomole/=============================== Tstep:   74.2 Ttot:50921.0 ==
eandg
Spin: 
 Energy calculation finished, energy: -2.138691950E+03
Testing convergence of dimer midpoint in cycle  171
    Energy  3.8849E-05 Target: 1.0000E-06 converged?   no
  Max step  5.2690E-02 Target: 1.8000E-03 converged?   no component   196
  RMS step  1.0286E-02 Target: 1.2000E-03 converged?   no
  Max grad  7.8016E-04 Target: 4.5000E-04 converged?   no component    88
  RMS grad  1.6504E-04 Target: 3.0000E-04 converged?  yes
Next calculation will be the dimer endpoint before rotation
dl-find/turbomole/=============================== Tstep:  118.3 Ttot:51039.3 ==
eandg
Spin: 
 Energy calculation finished, energy: -2.138691944E+03
Curvature at dimer midpoint                   -0.00223
Predicted dimer rotation angle:     12.933 deg
Next calculation will be the dimer endpoint after rotation
dl-find/turbomole/=============================== Tstep:  107.8 Ttot:51147.1 ==
eandg
Spin: 
 Energy calculation finished, energy: -2.138691949E+03
Curvature at dimer midpoint after rotation     0.00382
Curvature at dimer minimum                    -0.00224
Actual dimer rotation angle:         0.476 deg
Dimer rotation converged after    1 steps
Writing TS-mode
Curvature after dimer rotation:               -0.00224
Frequency of transition mode  -243.320 cm^-1 (negative value denotes imaginary frequency)
Crossover temperature for tunnelling       55.71738 K
Restarting L-BFGS optimiser, instance: dimer rotation
Next calculation will be the dimer  midpoint
dl-find/turbomole/=============================== Tstep:   90.5 Ttot:51237.7 ==
eandg
Spin: 
 Energy calculation finished, energy: -2.138691883E+03
Testing convergence of dimer midpoint in cycle  172
    Energy  6.7324E-05 Target: 1.0000E-06 converged?   no
  Max step  1.1192E-01 Target: 1.8000E-03 converged?   no component   161
  RMS step  2.7838E-02 Target: 1.2000E-03 converged?   no
  Max grad  2.5757E-03 Target: 4.5000E-04 converged?   no component    76
  RMS grad  5.5005E-04 Target: 3.0000E-04 converged?   no
Next calculation will be the dimer endpoint before rotation
dl-find/turbomole/=============================== Tstep:  129.7 Ttot:51367.4 ==
eandg
Spin: 
 Energy calculation finished, energy: -2.138691883E+03
Curvature at dimer midpoint                   -0.00204
Predicted dimer rotation angle:     15.931 deg
Next calculation will be the dimer endpoint after rotation
dl-find/turbomole/=============================== Tstep:  103.8 Ttot:51471.1 ==
eandg
Spin: 
 Energy calculation finished, energy: -2.138691881E+03
Curvature at dimer midpoint after rotation     0.02036
Curvature at dimer minimum                    -0.00204
Actual dimer rotation angle:         0.237 deg
Dimer rotation converged after    1 steps
Writing TS-mode
Curvature after dimer rotation:               -0.00204
Frequency of transition mode  -232.288 cm^-1 (negative value denotes imaginary frequency)
Crossover temperature for tunnelling       53.19127 K
Restarting L-BFGS optimiser, instance: dimer rotation
Next calculation will be the dimer  midpoint
dl-find/turbomole/=============================== Tstep:   98.4 Ttot:51569.5 ==
eandg
Spin: 
 Energy calculation finished, energy: -2.138692013E+03
Testing convergence of dimer midpoint in cycle  173
    Energy  1.2984E-04 Target: 1.0000E-06 converged?   no
  Max step  4.6092E-02 Target: 1.8000E-03 converged?   no component    19
  RMS step  1.2347E-02 Target: 1.2000E-03 converged?   no
  Max grad  4.7687E-04 Target: 4.5000E-04 converged?   no component   245
  RMS grad  1.2193E-04 Target: 3.0000E-04 converged?  yes
Next calculation will be the dimer endpoint before rotation
dl-find/turbomole/=============================== Tstep:  121.6 Ttot:51691.2 ==
eandg
Spin: 
 Energy calculation finished, energy: -2.138692012E+03
Curvature at dimer midpoint                   -0.00206
Predicted dimer rotation angle:      8.651 deg
Next calculation will be the dimer endpoint after rotation
dl-find/turbomole/=============================== Tstep:  103.6 Ttot:51794.7 ==
eandg
Spin: 
 Energy calculation finished, energy: -2.138692013E+03
Curvature at dimer midpoint after rotation     0.00155
Curvature at dimer minimum                    -0.00206
Actual dimer rotation angle:         0.219 deg
Dimer rotation converged after    1 steps
Writing TS-mode
Curvature after dimer rotation:               -0.00206
Frequency of transition mode  -233.523 cm^-1 (negative value denotes imaginary frequency)
Crossover temperature for tunnelling       53.47404 K
Restarting L-BFGS optimiser, instance: dimer rotation
Next calculation will be the dimer  midpoint
dl-find/turbomole/=============================== Tstep:   90.3 Ttot:51885.0 ==
eandg
Spin: 
 Energy calculation finished, energy: -2.138692033E+03
Testing convergence of dimer midpoint in cycle  174
    Energy  2.0373E-05 Target: 1.0000E-06 converged?   no
  Max step  5.6102E-03 Target: 1.8000E-03 converged?   no component     3
  RMS step  1.3199E-03 Target: 1.2000E-03 converged?   no
  Max grad  2.8106E-04 Target: 4.5000E-04 converged?  yes component   202
  RMS grad  9.2487E-05 Target: 3.0000E-04 converged?  yes
Next calculation will be the dimer endpoint before rotation
dl-find/turbomole/=============================== Tstep:  110.4 Ttot:51995.4 ==
eandg
Spin: 
 Energy calculation finished, energy: -2.138692033E+03
Curvature at dimer midpoint                   -0.00206
Predicted dimer rotation angle:      8.733 deg
Next calculation will be the dimer endpoint after rotation
dl-find/turbomole/=============================== Tstep:  104.7 Ttot:52100.2 ==
eandg
Spin: 
 Energy calculation finished, energy: -2.138692033E+03
Curvature at dimer midpoint after rotation     0.00435
Curvature at dimer minimum                    -0.00206
Actual dimer rotation angle:         0.130 deg
Dimer rotation converged after    1 steps
Writing TS-mode
Curvature after dimer rotation:               -0.00206
Frequency of transition mode  -233.502 cm^-1 (negative value denotes imaginary frequency)
Crossover temperature for tunnelling       53.46933 K
Restarting L-BFGS optimiser, instance: dimer rotation
Next calculation will be the dimer  midpoint
dl-find/turbomole/=============================== Tstep:   92.1 Ttot:52192.2 ==
eandg
Spin: 
 Energy calculation finished, energy: -2.138692078E+03
Testing convergence of dimer midpoint in cycle  175
    Energy  4.4296E-05 Target: 1.0000E-06 converged?   no
  Max step  1.9619E-02 Target: 1.8000E-03 converged?   no component    16
  RMS step  4.8569E-03 Target: 1.2000E-03 converged?   no
  Max grad  5.2854E-04 Target: 4.5000E-04 converged?   no component   122
  RMS grad  1.1314E-04 Target: 3.0000E-04 converged?  yes
Next calculation will be the dimer endpoint before rotation
dl-find/turbomole/=============================== Tstep:  121.3 Ttot:52313.5 ==
eandg
Spin: 
 Energy calculation finished, energy: -2.138692077E+03
Curvature at dimer midpoint                   -0.00203
Predicted dimer rotation angle:      5.703 deg
Next calculation will be the dimer endpoint after rotation
dl-find/turbomole/=============================== Tstep:  107.2 Ttot:52420.7 ==
eandg
Spin: 
 Energy calculation finished, energy: -2.138692077E+03
Curvature at dimer midpoint after rotation    -0.00085
Curvature at dimer minimum                    -0.00203
Actual dimer rotation angle:         0.183 deg
Dimer rotation converged after    1 steps
Writing TS-mode
Curvature after dimer rotation:               -0.00203
Frequency of transition mode  -231.578 cm^-1 (negative value denotes imaginary frequency)
Crossover temperature for tunnelling       53.02871 K
Restarting L-BFGS optimiser, instance: dimer rotation
Next calculation will be the dimer  midpoint
dl-find/turbomole/=============================== Tstep:   84.0 Ttot:52504.7 ==
eandg
Spin: 
 Energy calculation finished, energy: -2.138692090E+03
Testing convergence of dimer midpoint in cycle  176
    Energy  1.2836E-05 Target: 1.0000E-06 converged?   no
  Max step  3.7968E-02 Target: 1.8000E-03 converged?   no component    16
  RMS step  9.2718E-03 Target: 1.2000E-03 converged?   no
  Max grad  1.1716E-03 Target: 4.5000E-04 converged?   no component    76
  RMS grad  2.0911E-04 Target: 3.0000E-04 converged?  yes
Next calculation will be the dimer endpoint before rotation
dl-find/turbomole/=============================== Tstep:  127.0 Ttot:52631.7 ==
eandg
Spin: 
 Energy calculation finished, energy: -2.138692091E+03
Curvature at dimer midpoint                   -0.00190
Predicted dimer rotation angle:      8.904 deg
Next calculation will be the dimer endpoint after rotation
dl-find/turbomole/=============================== Tstep:  104.4 Ttot:52736.2 ==
eandg
Spin: 
 Energy calculation finished, energy: -2.138692090E+03
Curvature at dimer midpoint after rotation     0.00421
Curvature at dimer minimum                    -0.00191
Actual dimer rotation angle:         0.133 deg
Dimer rotation converged after    1 steps
Writing TS-mode
Curvature after dimer rotation:               -0.00191
Frequency of transition mode  -224.400 cm^-1 (negative value denotes imaginary frequency)
Crossover temperature for tunnelling       51.38512 K
Restarting L-BFGS optimiser, instance: dimer rotation
Next calculation will be the dimer  midpoint
dl-find/turbomole/=============================== Tstep:   86.6 Ttot:52822.7 ==
eandg
Spin: 
 Energy calculation finished, energy: -2.138692136E+03
Testing convergence of dimer midpoint in cycle  177
    Energy  4.5238E-05 Target: 1.0000E-06 converged?   no
  Max step  3.6176E-02 Target: 1.8000E-03 converged?   no component   196
  RMS step  8.7593E-03 Target: 1.2000E-03 converged?   no
  Max grad  3.6996E-04 Target: 4.5000E-04 converged?  yes component   245
  RMS grad  1.0108E-04 Target: 3.0000E-04 converged?  yes
Next calculation will be the dimer endpoint before rotation
dl-find/turbomole/=============================== Tstep:  108.8 Ttot:52931.6 ==
eandg
Spin: 
 Energy calculation finished, energy: -2.138692137E+03
Curvature at dimer midpoint                   -0.00184
Predicted dimer rotation angle:      6.956 deg
Next calculation will be the dimer endpoint after rotation
dl-find/turbomole/=============================== Tstep:  104.5 Ttot:53036.1 ==
eandg
Spin: 
 Energy calculation finished, energy: -2.138692136E+03
Curvature at dimer midpoint after rotation    -0.00012
Curvature at dimer minimum                    -0.00185
Actual dimer rotation angle:         0.210 deg
Dimer rotation converged after    1 steps
Writing TS-mode
Curvature after dimer rotation:               -0.00185
Frequency of transition mode  -220.874 cm^-1 (negative value denotes imaginary frequency)
Crossover temperature for tunnelling       50.57762 K
Restarting L-BFGS optimiser, instance: dimer rotation
Next calculation will be the dimer  midpoint
dl-find/turbomole/=============================== Tstep:   88.4 Ttot:53124.5 ==
eandg
Spin: 
 Energy calculation finished, energy: -2.138692151E+03
Testing convergence of dimer midpoint in cycle  178
    Energy  1.4927E-05 Target: 1.0000E-06 converged?   no
  Max step  2.2731E-02 Target: 1.8000E-03 converged?   no component   196
  RMS step  4.4846E-03 Target: 1.2000E-03 converged?   no
  Max grad  2.3092E-04 Target: 4.5000E-04 converged?  yes component   245
  RMS grad  7.8162E-05 Target: 3.0000E-04 converged?  yes
Next calculation will be the dimer endpoint before rotation
dl-find/turbomole/=============================== Tstep:  118.8 Ttot:53243.3 ==
eandg
Spin: 
 Energy calculation finished, energy: -2.138692152E+03
Curvature at dimer midpoint                   -0.00180
Predicted dimer rotation angle:      9.655 deg
Next calculation will be the dimer endpoint after rotation
dl-find/turbomole/=============================== Tstep:  103.8 Ttot:53347.1 ==
eandg
Spin: 
 Energy calculation finished, energy: -2.138692153E+03
Curvature at dimer midpoint after rotation     0.00596
Curvature at dimer minimum                    -0.00180
Actual dimer rotation angle:         0.128 deg
Dimer rotation converged after    1 steps
Writing TS-mode
Curvature after dimer rotation:               -0.00180
Frequency of transition mode  -218.135 cm^-1 (negative value denotes imaginary frequency)
Crossover temperature for tunnelling       49.95038 K
Restarting L-BFGS optimiser, instance: dimer rotation
Next calculation will be the dimer  midpoint
dl-find/turbomole/=============================== Tstep:   89.2 Ttot:53436.3 ==
eandg
Spin: 
 Energy calculation finished, energy: -2.138692141E+03
Testing convergence of dimer midpoint in cycle  179
    Energy  9.3150E-06 Target: 1.0000E-06 converged?   no
  Max step  2.3642E-02 Target: 1.8000E-03 converged?   no component   161
  RMS step  6.7010E-03 Target: 1.2000E-03 converged?   no
  Max grad  6.5089E-04 Target: 4.5000E-04 converged?   no component    88
  RMS grad  1.0587E-04 Target: 3.0000E-04 converged?  yes
Next calculation will be the dimer endpoint before rotation
dl-find/turbomole/=============================== Tstep:  121.1 Ttot:53557.4 ==
eandg
Spin: 
 Energy calculation finished, energy: -2.138692142E+03
Curvature at dimer midpoint                   -0.00175
Predicted dimer rotation angle:      6.988 deg
Next calculation will be the dimer endpoint after rotation
dl-find/turbomole/=============================== Tstep:  107.2 Ttot:53664.6 ==
eandg
Spin: 
 Energy calculation finished, energy: -2.138692143E+03
Curvature at dimer midpoint after rotation    -0.00001
Curvature at dimer minimum                    -0.00176
Actual dimer rotation angle:         0.200 deg
Dimer rotation converged after    1 steps
Writing TS-mode
Curvature after dimer rotation:               -0.00176
Frequency of transition mode  -215.413 cm^-1 (negative value denotes imaginary frequency)
Crossover temperature for tunnelling       49.32713 K
Restarting L-BFGS optimiser, instance: dimer rotation
Next calculation will be the dimer  midpoint
dl-find/turbomole/=============================== Tstep:   87.1 Ttot:53751.7 ==
eandg
Spin: 
 Energy calculation finished, energy: -2.138692152E+03
Testing convergence of dimer midpoint in cycle  180
    Energy  1.1073E-05 Target: 1.0000E-06 converged?   no
  Max step  1.7918E-02 Target: 1.8000E-03 converged?   no component   196
  RMS step  5.2279E-03 Target: 1.2000E-03 converged?   no
  Max grad  7.6576E-04 Target: 4.5000E-04 converged?   no component    43
  RMS grad  1.6491E-04 Target: 3.0000E-04 converged?  yes
Next calculation will be the dimer endpoint before rotation
dl-find/turbomole/=============================== Tstep:  120.6 Ttot:53872.4 ==
eandg
Spin: 
 Energy calculation finished, energy: -2.138692153E+03
Curvature at dimer midpoint                   -0.00171
Predicted dimer rotation angle:      9.411 deg
Next calculation will be the dimer endpoint after rotation
dl-find/turbomole/=============================== Tstep:  104.0 Ttot:53976.3 ==
eandg
Spin: 
 Energy calculation finished, energy: -2.138692152E+03
Curvature at dimer midpoint after rotation     0.00541
Curvature at dimer minimum                    -0.00172
Actual dimer rotation angle:         0.122 deg
Dimer rotation converged after    1 steps
Writing TS-mode
Curvature after dimer rotation:               -0.00172
Frequency of transition mode  -212.891 cm^-1 (negative value denotes imaginary frequency)
Crossover temperature for tunnelling       48.74947 K
Restarting L-BFGS optimiser, instance: dimer rotation
Next calculation will be the dimer  midpoint
dl-find/turbomole/=============================== Tstep:   82.3 Ttot:54058.7 ==
eandg
Spin: 
 Energy calculation finished, energy: -2.138692169E+03
Testing convergence of dimer midpoint in cycle  181
    Energy  1.6724E-05 Target: 1.0000E-06 converged?   no
  Max step  7.7332E-03 Target: 1.8000E-03 converged?   no component   102
  RMS step  1.7626E-03 Target: 1.2000E-03 converged?   no
  Max grad  2.7694E-04 Target: 4.5000E-04 converged?  yes component   247
  RMS grad  8.8526E-05 Target: 3.0000E-04 converged?  yes
Next calculation will be the dimer endpoint before rotation
dl-find/turbomole/=============================== Tstep:  114.0 Ttot:54172.7 ==
eandg
Spin: 
 Energy calculation finished, energy: -2.138692170E+03
Curvature at dimer midpoint                   -0.00169
Predicted dimer rotation angle:      6.892 deg
Next calculation will be the dimer endpoint after rotation
dl-find/turbomole/=============================== Tstep:  104.5 Ttot:54277.2 ==
eandg
Spin: 
 Energy calculation finished, energy: -2.138692170E+03
Curvature at dimer midpoint after rotation     0.00027
Curvature at dimer minimum                    -0.00169
Actual dimer rotation angle:         0.166 deg
Dimer rotation converged after    1 steps
Writing TS-mode
Curvature after dimer rotation:               -0.00169
Frequency of transition mode  -211.310 cm^-1 (negative value denotes imaginary frequency)
Crossover temperature for tunnelling       48.38759 K
Restarting L-BFGS optimiser, instance: dimer rotation
Next calculation will be the dimer  midpoint
dl-find/turbomole/=============================== Tstep:   83.4 Ttot:54360.5 ==
eandg
Spin: 
 Energy calculation finished, energy: -2.138692185E+03
Testing convergence of dimer midpoint in cycle  182
    Energy  1.5717E-05 Target: 1.0000E-06 converged?   no
  Max step  1.3003E-02 Target: 1.8000E-03 converged?   no component    16
  RMS step  3.5436E-03 Target: 1.2000E-03 converged?   no
  Max grad  2.7711E-04 Target: 4.5000E-04 converged?  yes component   135
  RMS grad  8.3063E-05 Target: 3.0000E-04 converged?  yes
Next calculation will be the dimer endpoint before rotation
dl-find/turbomole/=============================== Tstep:  114.8 Ttot:54475.3 ==
eandg
Spin: 
 Energy calculation finished, energy: -2.138692186E+03
Curvature at dimer midpoint                   -0.00166
Predicted dimer rotation angle:      9.268 deg
Next calculation will be the dimer endpoint after rotation
dl-find/turbomole/=============================== Tstep:  104.6 Ttot:54579.9 ==
eandg
Spin: 
 Energy calculation finished, energy: -2.138692185E+03
Curvature at dimer midpoint after rotation     0.00486
Curvature at dimer minimum                    -0.00166
Actual dimer rotation angle:         0.123 deg
Dimer rotation converged after    1 steps
Writing TS-mode
Curvature after dimer rotation:               -0.00166
Frequency of transition mode  -209.231 cm^-1 (negative value denotes imaginary frequency)
Crossover temperature for tunnelling       47.91150 K
Restarting L-BFGS optimiser, instance: dimer rotation
Next calculation will be the dimer  midpoint
dl-find/turbomole/=============================== Tstep:   87.6 Ttot:54667.4 ==
eandg
Spin: 
 Energy calculation finished, energy: -2.138691895E+03
Testing convergence of dimer midpoint in cycle  183
    Energy  2.8992E-04 Target: 1.0000E-06 converged?   no
  Max step  1.0449E-02 Target: 1.8000E-03 converged?   no component   196
  RMS step  2.7048E-03 Target: 1.2000E-03 converged?   no
  Max grad  3.7474E-04 Target: 4.5000E-04 converged?  yes component   135
  RMS grad  9.9506E-05 Target: 3.0000E-04 converged?  yes
Next calculation will be the dimer endpoint before rotation
dl-find/turbomole/=============================== Tstep:  119.8 Ttot:54787.2 ==
eandg
Spin: 
 Energy calculation finished, energy: -2.138691896E+03
Curvature at dimer midpoint                   -0.00163
Predicted dimer rotation angle:      8.121 deg
Next calculation will be the dimer endpoint after rotation
dl-find/turbomole/=============================== Tstep:  107.4 Ttot:54894.6 ==
eandg
Spin: 
 Energy calculation finished, energy: -2.138691896E+03
Curvature at dimer midpoint after rotation     0.00197
Curvature at dimer minimum                    -0.00164
Actual dimer rotation angle:         0.146 deg
Dimer rotation converged after    1 steps
Writing TS-mode
Curvature after dimer rotation:               -0.00164
Frequency of transition mode  -207.870 cm^-1 (negative value denotes imaginary frequency)
Crossover temperature for tunnelling       47.59973 K
Restarting L-BFGS optimiser, instance: dimer rotation
Next calculation will be the dimer  midpoint
dl-find/turbomole/=============================== Tstep:   86.4 Ttot:54981.0 ==
eandg
Spin: 
 Energy calculation finished, energy: -2.138691914E+03
Testing convergence of dimer midpoint in cycle  184
    Energy  1.9180E-05 Target: 1.0000E-06 converged?   no
  Max step  7.2507E-02 Target: 1.8000E-03 converged?   no component    13
  RMS step  1.7913E-02 Target: 1.2000E-03 converged?   no
  Max grad  6.2924E-04 Target: 4.5000E-04 converged?   no component    88
  RMS grad  1.6545E-04 Target: 3.0000E-04 converged?  yes
Next calculation will be the dimer endpoint before rotation
dl-find/turbomole/=============================== Tstep:  121.9 Ttot:55102.9 ==
eandg
Spin: 
 Energy calculation finished, energy: -2.138691915E+03
Curvature at dimer midpoint                   -0.00162
Predicted dimer rotation angle:      9.219 deg
Next calculation will be the dimer endpoint after rotation
dl-find/turbomole/=============================== Tstep:  107.4 Ttot:55210.3 ==
eandg
Spin: 
 Energy calculation finished, energy: -2.138691916E+03
Curvature at dimer midpoint after rotation     0.00476
Curvature at dimer minimum                    -0.00162
Actual dimer rotation angle:         0.121 deg
Dimer rotation converged after    1 steps
Writing TS-mode
Curvature after dimer rotation:               -0.00162
Frequency of transition mode  -207.121 cm^-1 (negative value denotes imaginary frequency)
Crossover temperature for tunnelling       47.42825 K
Restarting L-BFGS optimiser, instance: dimer rotation
Next calculation will be the dimer  midpoint
dl-find/turbomole/=============================== Tstep:   96.2 Ttot:55306.5 ==
eandg
Spin: 
 Energy calculation finished, energy: -2.138691927E+03
Testing convergence of dimer midpoint in cycle  185
    Energy  1.2540E-05 Target: 1.0000E-06 converged?   no
  Max step  3.3236E-02 Target: 1.8000E-03 converged?   no component   188
  RMS step  8.3700E-03 Target: 1.2000E-03 converged?   no
  Max grad  1.0962E-03 Target: 4.5000E-04 converged?   no component    80
  RMS grad  1.9284E-04 Target: 3.0000E-04 converged?  yes
Next calculation will be the dimer endpoint before rotation
dl-find/turbomole/=============================== Tstep:  116.3 Ttot:55422.8 ==
eandg
Spin: 
 Energy calculation finished, energy: -2.138691927E+03
Curvature at dimer midpoint                   -0.00166
Predicted dimer rotation angle:      8.130 deg
Next calculation will be the dimer endpoint after rotation
dl-find/turbomole/=============================== Tstep:  107.8 Ttot:55530.7 ==
eandg
Spin: 
 Energy calculation finished, energy: -2.138691927E+03
Curvature at dimer midpoint after rotation     0.00350
Curvature at dimer minimum                    -0.00166
Actual dimer rotation angle:         0.105 deg
Dimer rotation converged after    1 steps
Writing TS-mode
Curvature after dimer rotation:               -0.00166
Frequency of transition mode  -209.377 cm^-1 (negative value denotes imaginary frequency)
Crossover temperature for tunnelling       47.94491 K
Restarting L-BFGS optimiser, instance: dimer rotation
Next calculation will be the dimer  midpoint
dl-find/turbomole/=============================== Tstep:   81.3 Ttot:55611.9 ==
eandg
Spin: 
 Energy calculation finished, energy: -2.138691934E+03
Testing convergence of dimer midpoint in cycle  186
    Energy  7.0600E-06 Target: 1.0000E-06 converged?   no
  Max step  3.2724E-02 Target: 1.8000E-03 converged?   no component    13
  RMS step  9.3489E-03 Target: 1.2000E-03 converged?   no
  Max grad  1.7491E-04 Target: 4.5000E-04 converged?  yes component   254
  RMS grad  4.9574E-05 Target: 3.0000E-04 converged?  yes
Next calculation will be the dimer endpoint before rotation
dl-find/turbomole/=============================== Tstep:  126.0 Ttot:55737.9 ==
eandg
Spin: 
 Energy calculation finished, energy: -2.138691934E+03
Curvature at dimer midpoint                   -0.00166
Predicted dimer rotation angle:      5.959 deg
Next calculation will be the dimer endpoint after rotation
dl-find/turbomole/=============================== Tstep:  107.7 Ttot:55845.6 ==
eandg
Spin: 
 Energy calculation finished, energy: -2.138691934E+03
Curvature at dimer midpoint after rotation    -0.00026
Curvature at dimer minimum                    -0.00166
Actual dimer rotation angle:         0.147 deg
Dimer rotation converged after    1 steps
Writing TS-mode
Curvature after dimer rotation:               -0.00166
Frequency of transition mode  -209.408 cm^-1 (negative value denotes imaginary frequency)
Crossover temperature for tunnelling       47.95200 K
Restarting L-BFGS optimiser, instance: dimer rotation
Next calculation will be the dimer  midpoint
dl-find/turbomole/=============================== Tstep:   87.0 Ttot:55932.7 ==
eandg
Spin: 
 Energy calculation finished, energy: -2.138691942E+03
Testing convergence of dimer midpoint in cycle  187
    Energy  8.0960E-06 Target: 1.0000E-06 converged?   no
  Max step  1.1231E-02 Target: 1.8000E-03 converged?   no component   188
  RMS step  2.5143E-03 Target: 1.2000E-03 converged?   no
  Max grad  1.2808E-04 Target: 4.5000E-04 converged?  yes component   135
  RMS grad  4.7227E-05 Target: 3.0000E-04 converged?  yes
Next calculation will be the dimer endpoint before rotation
dl-find/turbomole/=============================== Tstep:  105.2 Ttot:56037.8 ==
eandg
Spin: 
 Energy calculation finished, energy: -2.138691942E+03
Curvature at dimer midpoint                   -0.00164
Predicted dimer rotation angle:      8.037 deg
Next calculation will be the dimer endpoint after rotation
dl-find/turbomole/=============================== Tstep:  107.3 Ttot:56145.2 ==
eandg
Spin: 
 Energy calculation finished, energy: -2.138691942E+03
Curvature at dimer midpoint after rotation     0.00368
Curvature at dimer minimum                    -0.00165
Actual dimer rotation angle:         0.097 deg
Dimer rotation converged after    1 steps
Writing TS-mode
Curvature after dimer rotation:               -0.00165
Frequency of transition mode  -208.492 cm^-1 (negative value denotes imaginary frequency)
Crossover temperature for tunnelling       47.74220 K
Restarting L-BFGS optimiser, instance: dimer rotation
Next calculation will be the dimer  midpoint
dl-find/turbomole/=============================== Tstep:   85.2 Ttot:56230.4 ==
eandg
Spin: 
 Energy calculation finished, energy: -2.138691954E+03
Testing convergence of dimer midpoint in cycle  188
    Energy  1.2612E-05 Target: 1.0000E-06 converged?   no
  Max step  2.4096E-02 Target: 1.8000E-03 converged?   no component   196
  RMS step  6.0995E-03 Target: 1.2000E-03 converged?   no
  Max grad  3.7156E-04 Target: 4.5000E-04 converged?  yes component    64
  RMS grad  9.1064E-05 Target: 3.0000E-04 converged?  yes
Next calculation will be the dimer endpoint before rotation
dl-find/turbomole/=============================== Tstep:  116.3 Ttot:56346.7 ==
eandg
Spin: 
 Energy calculation finished, energy: -2.138691955E+03
Curvature at dimer midpoint                   -0.00163
Predicted dimer rotation angle:      6.648 deg
Next calculation will be the dimer endpoint after rotation
dl-find/turbomole/=============================== Tstep:  107.0 Ttot:56453.8 ==
eandg
Spin: 
 Energy calculation finished, energy: -2.138691955E+03
Curvature at dimer midpoint after rotation     0.00102
Curvature at dimer minimum                    -0.00163
Actual dimer rotation angle:         0.108 deg
Dimer rotation converged after    1 steps
Writing TS-mode
Curvature after dimer rotation:               -0.00163
Frequency of transition mode  -207.452 cm^-1 (negative value denotes imaginary frequency)
Crossover temperature for tunnelling       47.50402 K
Restarting L-BFGS optimiser, instance: dimer rotation
Next calculation will be the dimer  midpoint
dl-find/turbomole/=============================== Tstep:   79.2 Ttot:56533.0 ==
eandg
Spin: 
 Energy calculation finished, energy: -2.138691959E+03
Testing convergence of dimer midpoint in cycle  189
    Energy  4.5390E-06 Target: 1.0000E-06 converged?   no
  Max step  2.3409E-02 Target: 1.8000E-03 converged?   no component   161
  RMS step  6.1510E-03 Target: 1.2000E-03 converged?   no
  Max grad  5.7616E-04 Target: 4.5000E-04 converged?   no component    99
  RMS grad  1.3133E-04 Target: 3.0000E-04 converged?  yes
Next calculation will be the dimer endpoint before rotation
dl-find/turbomole/=============================== Tstep:  117.5 Ttot:56650.5 ==
eandg
Spin: 
 Energy calculation finished, energy: -2.138691960E+03
Curvature at dimer midpoint                   -0.00159
Predicted dimer rotation angle:      7.329 deg
Next calculation will be the dimer endpoint after rotation
dl-find/turbomole/=============================== Tstep:  107.5 Ttot:56758.0 ==
eandg
Spin: 
 Energy calculation finished, energy: -2.138691960E+03
Curvature at dimer midpoint after rotation     0.00155
Curvature at dimer minimum                    -0.00159
Actual dimer rotation angle:         0.120 deg
Dimer rotation converged after    1 steps
Writing TS-mode
Curvature after dimer rotation:               -0.00159
Frequency of transition mode  -204.963 cm^-1 (negative value denotes imaginary frequency)
Crossover temperature for tunnelling       46.93415 K
Restarting L-BFGS optimiser, instance: dimer rotation
Next calculation will be the dimer  midpoint
dl-find/turbomole/=============================== Tstep:   88.2 Ttot:56846.2 ==
eandg
Spin: 
 Energy calculation finished, energy: -2.138691967E+03
Testing convergence of dimer midpoint in cycle  190
    Energy  8.3460E-06 Target: 1.0000E-06 converged?   no
  Max step  1.0050E-02 Target: 1.8000E-03 converged?   no component   208
  RMS step  2.7067E-03 Target: 1.2000E-03 converged?   no
  Max grad  2.6394E-04 Target: 4.5000E-04 converged?  yes component    99
  RMS grad  7.4786E-05 Target: 3.0000E-04 converged?  yes
Next calculation will be the dimer endpoint before rotation
dl-find/turbomole/=============================== Tstep:  108.9 Ttot:56955.1 ==
eandg
Spin: 
 Energy calculation finished, energy: -2.138691968E+03
Curvature at dimer midpoint                   -0.00161
Predicted dimer rotation angle:      6.687 deg
Next calculation will be the dimer endpoint after rotation
dl-find/turbomole/=============================== Tstep:  108.5 Ttot:57063.5 ==
eandg
Spin: 
 Energy calculation finished, energy: -2.138691968E+03
Curvature at dimer midpoint after rotation     0.00143
Curvature at dimer minimum                    -0.00161
Actual dimer rotation angle:         0.095 deg
Dimer rotation converged after    1 steps
Writing TS-mode
Curvature after dimer rotation:               -0.00161
Frequency of transition mode  -206.408 cm^-1 (negative value denotes imaginary frequency)
Crossover temperature for tunnelling       47.26514 K
Restarting L-BFGS optimiser, instance: dimer rotation
Next calculation will be the dimer  midpoint
dl-find/turbomole/=============================== Tstep:   80.3 Ttot:57143.9 ==
eandg
Spin: 
 Energy calculation finished, energy: -2.138691988E+03
Testing convergence of dimer midpoint in cycle  191
    Energy  2.1089E-05 Target: 1.0000E-06 converged?   no
  Max step  2.2307E-02 Target: 1.8000E-03 converged?   no component   161
  RMS step  5.9417E-03 Target: 1.2000E-03 converged?   no
  Max grad  2.4617E-04 Target: 4.5000E-04 converged?  yes component    48
  RMS grad  6.7784E-05 Target: 3.0000E-04 converged?  yes
Next calculation will be the dimer endpoint before rotation
dl-find/turbomole/=============================== Tstep:  118.0 Ttot:57261.9 ==
eandg
Spin: 
 Energy calculation finished, energy: -2.138691984E+03
Curvature at dimer midpoint                   -0.00167
Predicted dimer rotation angle:     18.144 deg
Next calculation will be the dimer endpoint after rotation
dl-find/turbomole/=============================== Tstep:   99.8 Ttot:57361.7 ==
eandg
Spin: 
 Energy calculation finished, energy: -2.138691987E+03
Curvature at dimer midpoint after rotation     0.01163
Curvature at dimer minimum                    -0.00169
Actual dimer rotation angle:         0.487 deg
Dimer rotation converged after    1 steps
Writing TS-mode
Curvature after dimer rotation:               -0.00169
Frequency of transition mode  -211.028 cm^-1 (negative value denotes imaginary frequency)
Crossover temperature for tunnelling       48.32299 K
Restarting L-BFGS optimiser, instance: dimer rotation
Next calculation will be the dimer  midpoint
dl-find/turbomole/=============================== Tstep:   98.5 Ttot:57460.2 ==
eandg
Spin: 
 Energy calculation finished, energy: -2.138691993E+03
Testing convergence of dimer midpoint in cycle  192
    Energy  4.4190E-06 Target: 1.0000E-06 converged?   no
  Max step  1.6894E-02 Target: 1.8000E-03 converged?   no component   161
  RMS step  3.8412E-03 Target: 1.2000E-03 converged?   no
  Max grad  2.8163E-04 Target: 4.5000E-04 converged?  yes component   215
  RMS grad  7.5419E-05 Target: 3.0000E-04 converged?  yes
Next calculation will be the dimer endpoint before rotation
dl-find/turbomole/=============================== Tstep:  106.2 Ttot:57566.4 ==
eandg
Spin: 
 Energy calculation finished, energy: -2.138691994E+03
Curvature at dimer midpoint                   -0.00158
Predicted dimer rotation angle:     21.472 deg
Next calculation will be the dimer endpoint after rotation
dl-find/turbomole/=============================== Tstep:  106.5 Ttot:57672.9 ==
eandg
Spin: 
 Energy calculation finished, energy: -2.138691991E+03
Curvature at dimer midpoint after rotation     0.03768
Curvature at dimer minimum                    -0.00159
Actual dimer rotation angle:         0.281 deg
Dimer rotation converged after    1 steps
Writing TS-mode
Curvature after dimer rotation:               -0.00159
Frequency of transition mode  -204.882 cm^-1 (negative value denotes imaginary frequency)
Crossover temperature for tunnelling       46.91559 K
Restarting L-BFGS optimiser, instance: dimer rotation
Next calculation will be the dimer  midpoint
dl-find/turbomole/=============================== Tstep:   97.5 Ttot:57770.4 ==
eandg
Spin: 
 Energy calculation finished, energy: -2.138691976E+03
Testing convergence of dimer midpoint in cycle  193
    Energy  1.6319E-05 Target: 1.0000E-06 converged?   no
  Max step  5.6410E-02 Target: 1.8000E-03 converged?   no component   161
  RMS step  1.2675E-02 Target: 1.2000E-03 converged?   no
  Max grad  1.3740E-03 Target: 4.5000E-04 converged?   no component    64
  RMS grad  2.4873E-04 Target: 3.0000E-04 converged?  yes
Next calculation will be the dimer endpoint before rotation
dl-find/turbomole/=============================== Tstep:  124.1 Ttot:57894.5 ==
eandg
Spin: 
 Energy calculation finished, energy: -2.138691977E+03
Curvature at dimer midpoint                   -0.00160
Predicted dimer rotation angle:      9.829 deg
Next calculation will be the dimer endpoint after rotation
dl-find/turbomole/=============================== Tstep:  108.1 Ttot:58002.6 ==
eandg
Spin: 
 Energy calculation finished, energy: -2.138691976E+03
Curvature at dimer midpoint after rotation     0.00311
Curvature at dimer minimum                    -0.00160
Actual dimer rotation angle:         0.195 deg
Dimer rotation converged after    1 steps
Writing TS-mode
Curvature after dimer rotation:               -0.00160
Frequency of transition mode  -205.787 cm^-1 (negative value denotes imaginary frequency)
Crossover temperature for tunnelling       47.12289 K
Restarting L-BFGS optimiser, instance: dimer rotation
Next calculation will be the dimer  midpoint
dl-find/turbomole/=============================== Tstep:   89.8 Ttot:58092.4 ==
eandg
Spin: 
 Energy calculation finished, energy: -2.138692011E+03
Testing convergence of dimer midpoint in cycle  194
    Energy  3.4112E-05 Target: 1.0000E-06 converged?   no
  Max step  1.6823E-02 Target: 1.8000E-03 converged?   no component   208
  RMS step  3.6163E-03 Target: 1.2000E-03 converged?   no
  Max grad  1.9843E-04 Target: 4.5000E-04 converged?  yes component   156
  RMS grad  5.4439E-05 Target: 3.0000E-04 converged?  yes
Next calculation will be the dimer endpoint before rotation
dl-find/turbomole/=============================== Tstep:  116.6 Ttot:58208.9 ==
eandg
Spin: 
 Energy calculation finished, energy: -2.138692011E+03
Curvature at dimer midpoint                   -0.00159
Predicted dimer rotation angle:      9.319 deg
Next calculation will be the dimer endpoint after rotation
dl-find/turbomole/=============================== Tstep:  106.9 Ttot:58315.8 ==
eandg
Spin: 
 Energy calculation finished, energy: -2.138692011E+03
Curvature at dimer midpoint after rotation     0.00549
Curvature at dimer minimum                    -0.00160
Actual dimer rotation angle:         0.111 deg
Dimer rotation converged after    1 steps
Writing TS-mode
Curvature after dimer rotation:               -0.00160
Frequency of transition mode  -205.299 cm^-1 (negative value denotes imaginary frequency)
Crossover temperature for tunnelling       47.01105 K
Restarting L-BFGS optimiser, instance: dimer rotation
Next calculation will be the dimer  midpoint
dl-find/turbomole/=============================== Tstep:   86.7 Ttot:58402.5 ==
eandg
Spin: 
 Energy calculation finished, energy: -2.138692014E+03
Testing convergence of dimer midpoint in cycle  195
    Energy  3.1680E-06 Target: 1.0000E-06 converged?   no
  Max step  7.0948E-03 Target: 1.8000E-03 converged?   no component   208
  RMS step  1.6173E-03 Target: 1.2000E-03 converged?   no
  Max grad  1.5354E-04 Target: 4.5000E-04 converged?  yes component   156
  RMS grad  4.7346E-05 Target: 3.0000E-04 converged?  yes
Next calculation will be the dimer endpoint before rotation
dl-find/turbomole/=============================== Tstep:  108.7 Ttot:58511.2 ==
eandg
Spin: 
 Energy calculation finished, energy: -2.138692014E+03
Curvature at dimer midpoint                   -0.00161
Predicted dimer rotation angle:      5.473 deg
Next calculation will be the dimer endpoint after rotation
dl-find/turbomole/=============================== Tstep:  107.9 Ttot:58619.1 ==
eandg
Spin: 
 Energy calculation finished, energy: -2.138692014E+03
Curvature at dimer midpoint after rotation    -0.00042
Curvature at dimer minimum                    -0.00161
Actual dimer rotation angle:         0.130 deg
Dimer rotation converged after    1 steps
Writing TS-mode
Curvature after dimer rotation:               -0.00161
Frequency of transition mode  -206.125 cm^-1 (negative value denotes imaginary frequency)
Crossover temperature for tunnelling       47.20033 K
Restarting L-BFGS optimiser, instance: dimer rotation
Next calculation will be the dimer  midpoint
dl-find/turbomole/=============================== Tstep:   84.2 Ttot:58703.4 ==
eandg
Spin: 
 Energy calculation finished, energy: -2.138692019E+03
Testing convergence of dimer midpoint in cycle  196
    Energy  5.0020E-06 Target: 1.0000E-06 converged?   no
  Max step  1.7655E-02 Target: 1.8000E-03 converged?   no component    13
  RMS step  2.9771E-03 Target: 1.2000E-03 converged?   no
  Max grad  2.2657E-04 Target: 4.5000E-04 converged?  yes component    48
  RMS grad  6.1498E-05 Target: 3.0000E-04 converged?  yes
Next calculation will be the dimer endpoint before rotation
dl-find/turbomole/=============================== Tstep:  118.6 Ttot:58822.0 ==
eandg
Spin: 
 Energy calculation finished, energy: -2.138692020E+03
Curvature at dimer midpoint                   -0.00163
Predicted dimer rotation angle:      7.003 deg
Next calculation will be the dimer endpoint after rotation
dl-find/turbomole/=============================== Tstep:  108.0 Ttot:58930.0 ==
eandg
Spin: 
 Energy calculation finished, energy: -2.138692019E+03
Curvature at dimer midpoint after rotation     0.00260
Curvature at dimer minimum                    -0.00163
Actual dimer rotation angle:         0.080 deg
Dimer rotation converged after    1 steps
Writing TS-mode
Curvature after dimer rotation:               -0.00163
Frequency of transition mode  -207.415 cm^-1 (negative value denotes imaginary frequency)
Crossover temperature for tunnelling       47.49564 K
Restarting L-BFGS optimiser, instance: dimer rotation
Next calculation will be the dimer  midpoint
dl-find/turbomole/=============================== Tstep:   85.2 Ttot:59015.1 ==
eandg
Spin: 
 Energy calculation finished, energy: -2.138692015E+03
Testing convergence of dimer midpoint in cycle  197
    Energy  3.6240E-06 Target: 1.0000E-06 converged?   no
  Max step  2.4431E-02 Target: 1.8000E-03 converged?   no component    13
  RMS step  4.9846E-03 Target: 1.2000E-03 converged?   no
  Max grad  1.0407E-03 Target: 4.5000E-04 converged?   no component    64
  RMS grad  1.5744E-04 Target: 3.0000E-04 converged?  yes
Next calculation will be the dimer endpoint before rotation
dl-find/turbomole/=============================== Tstep:  128.4 Ttot:59143.6 ==
eandg
Spin: 
 Energy calculation finished, energy: -2.138692016E+03
Curvature at dimer midpoint                   -0.00164
Predicted dimer rotation angle:      4.105 deg
Next calculation will be the dimer endpoint after rotation
dl-find/turbomole/=============================== Tstep:  107.5 Ttot:59251.1 ==
eandg
Spin: 
 Energy calculation finished, energy: -2.138692016E+03
Curvature at dimer midpoint after rotation    -0.00121
Curvature at dimer minimum                    -0.00164
Actual dimer rotation angle:         0.150 deg
Dimer rotation converged after    1 steps
Writing TS-mode
Curvature after dimer rotation:               -0.00164
Frequency of transition mode  -208.434 cm^-1 (negative value denotes imaginary frequency)
Crossover temperature for tunnelling       47.72887 K
Restarting L-BFGS optimiser, instance: dimer rotation
Next calculation will be the dimer  midpoint
dl-find/turbomole/=============================== Tstep:   72.1 Ttot:59323.2 ==
eandg
Spin: 
 Energy calculation finished, energy: -2.138692025E+03
Testing convergence of dimer midpoint in cycle  198
    Energy  1.0167E-05 Target: 1.0000E-06 converged?   no
  Max step  1.0949E-02 Target: 1.8000E-03 converged?   no component   161
  RMS step  2.8017E-03 Target: 1.2000E-03 converged?   no
  Max grad  3.2245E-04 Target: 4.5000E-04 converged?  yes component    64
  RMS grad  7.3836E-05 Target: 3.0000E-04 converged?  yes
Next calculation will be the dimer endpoint before rotation
dl-find/turbomole/=============================== Tstep:  114.8 Ttot:59438.0 ==
eandg
Spin: 
 Energy calculation finished, energy: -2.138692026E+03
Curvature at dimer midpoint                   -0.00165
Predicted dimer rotation angle:      6.895 deg
Next calculation will be the dimer endpoint after rotation
dl-find/turbomole/=============================== Tstep:  104.1 Ttot:59542.1 ==
eandg
Spin: 
 Energy calculation finished, energy: -2.138692025E+03
Curvature at dimer midpoint after rotation     0.00290
Curvature at dimer minimum                    -0.00165
Actual dimer rotation angle:         0.072 deg
Dimer rotation converged after    1 steps
Writing TS-mode
Curvature after dimer rotation:               -0.00165
Frequency of transition mode  -208.576 cm^-1 (negative value denotes imaginary frequency)
Crossover temperature for tunnelling       47.76146 K
Restarting L-BFGS optimiser, instance: dimer rotation
Next calculation will be the dimer  midpoint
dl-find/turbomole/=============================== Tstep:   87.9 Ttot:59630.0 ==
eandg
Spin: 
 Energy calculation finished, energy: -2.138692030E+03
Testing convergence of dimer midpoint in cycle  199
    Energy  4.2750E-06 Target: 1.0000E-06 converged?   no
  Max step  1.9598E-02 Target: 1.8000E-03 converged?   no component   161
  RMS step  4.6142E-03 Target: 1.2000E-03 converged?   no
  Max grad  1.6513E-04 Target: 4.5000E-04 converged?  yes component   133
  RMS grad  5.8395E-05 Target: 3.0000E-04 converged?  yes
Next calculation will be the dimer endpoint before rotation
dl-find/turbomole/=============================== Tstep:  115.8 Ttot:59745.8 ==
eandg
Spin: 
 Energy calculation finished, energy: -2.138692030E+03
Curvature at dimer midpoint                   -0.00165
Predicted dimer rotation angle:      3.746 deg
Next calculation will be the dimer endpoint after rotation
dl-find/turbomole/=============================== Tstep:  107.8 Ttot:59853.6 ==
eandg
Spin: 
 Energy calculation finished, energy: -2.138692030E+03
Curvature at dimer midpoint after rotation    -0.00123
Curvature at dimer minimum                    -0.00165
Actual dimer rotation angle:         0.119 deg
Dimer rotation converged after    1 steps
Writing TS-mode
Curvature after dimer rotation:               -0.00165
Frequency of transition mode  -208.750 cm^-1 (negative value denotes imaginary frequency)
Crossover temperature for tunnelling       47.80126 K
Restarting L-BFGS optimiser, instance: dimer rotation
Next calculation will be the dimer  midpoint
dl-find/turbomole/=============================== Tstep:   78.2 Ttot:59931.7 ==
eandg
Spin: 
 Energy calculation finished, energy: -2.138692034E+03
Testing convergence of dimer midpoint in cycle  200
    Energy  4.0730E-06 Target: 1.0000E-06 converged?   no
  Max step  2.2853E-02 Target: 1.8000E-03 converged?   no component   161
  RMS step  5.4059E-03 Target: 1.2000E-03 converged?   no
  Max grad  3.5585E-04 Target: 4.5000E-04 converged?  yes component    64
  RMS grad  7.3611E-05 Target: 3.0000E-04 converged?  yes
Next calculation will be the dimer endpoint before rotation
dl-find/turbomole/=============================== Tstep:  118.8 Ttot:60050.5 ==
eandg
Spin: 
 Energy calculation finished, energy: -2.138692034E+03
Curvature at dimer midpoint                   -0.00165
Predicted dimer rotation angle:      5.820 deg
Next calculation will be the dimer endpoint after rotation
dl-find/turbomole/=============================== Tstep:  108.3 Ttot:60158.8 ==
eandg
Spin: 
 Energy calculation finished, energy: -2.138692034E+03
Curvature at dimer midpoint after rotation     0.00131
Curvature at dimer minimum                    -0.00165
Actual dimer rotation angle:         0.066 deg
Dimer rotation converged after    1 steps
Writing TS-mode
Curvature after dimer rotation:               -0.00165
Frequency of transition mode  -209.089 cm^-1 (negative value denotes imaginary frequency)
Crossover temperature for tunnelling       47.87903 K
Restarting L-BFGS optimiser, instance: dimer rotation
Next calculation will be the dimer  midpoint
dl-find/turbomole/=============================== Tstep:   89.2 Ttot:60248.1 ==
eandg
Spin: 
 Energy calculation finished, energy: -2.138692041E+03
Testing convergence of dimer midpoint in cycle  201
    Energy  7.5630E-06 Target: 1.0000E-06 converged?   no
  Max step  3.0322E-02 Target: 1.8000E-03 converged?   no component   161
  RMS step  7.3811E-03 Target: 1.2000E-03 converged?   no
  Max grad  4.6405E-04 Target: 4.5000E-04 converged?   no component    64
  RMS grad  8.6363E-05 Target: 3.0000E-04 converged?  yes
Next calculation will be the dimer endpoint before rotation
dl-find/turbomole/=============================== Tstep:  121.3 Ttot:60369.3 ==
eandg
Spin: 
 Energy calculation finished, energy: -2.138692041E+03
Curvature at dimer midpoint                   -0.00169
Predicted dimer rotation angle:      4.719 deg
Next calculation will be the dimer endpoint after rotation
dl-find/turbomole/=============================== Tstep:  107.4 Ttot:60476.7 ==
eandg
Spin: 
 Energy calculation finished, energy: -2.138692042E+03
Curvature at dimer midpoint after rotation    -0.00074
Curvature at dimer minimum                    -0.00169
Actual dimer rotation angle:         0.110 deg
Dimer rotation converged after    1 steps
Writing TS-mode
Curvature after dimer rotation:               -0.00169
Frequency of transition mode  -211.262 cm^-1 (negative value denotes imaginary frequency)
Crossover temperature for tunnelling       48.37663 K
Restarting L-BFGS optimiser, instance: dimer rotation
Next calculation will be the dimer  midpoint
dl-find/turbomole/=============================== Tstep:   78.4 Ttot:60555.1 ==
eandg
Spin: 
 Energy calculation finished, energy: -2.138692003E+03
Testing convergence of dimer midpoint in cycle  202
    Energy  3.8223E-05 Target: 1.0000E-06 converged?   no
  Max step  6.2211E-02 Target: 1.8000E-03 converged?   no component   161
  RMS step  1.5676E-02 Target: 1.2000E-03 converged?   no
  Max grad  2.3228E-03 Target: 4.5000E-04 converged?   no component    83
  RMS grad  3.4649E-04 Target: 3.0000E-04 converged?   no
Next calculation will be the dimer endpoint before rotation
dl-find/turbomole/=============================== Tstep:  136.9 Ttot:60692.0 ==
eandg
Spin: 
 Energy calculation finished, energy: -2.138692006E+03
Curvature at dimer midpoint                   -0.00166
Predicted dimer rotation angle:      7.128 deg
Next calculation will be the dimer endpoint after rotation
dl-find/turbomole/=============================== Tstep:  102.9 Ttot:60794.9 ==
eandg
Spin: 
 Energy calculation finished, energy: -2.138692006E+03
Curvature at dimer midpoint after rotation     0.00114
Curvature at dimer minimum                    -0.00167
Actual dimer rotation angle:         0.128 deg
Dimer rotation converged after    1 steps
Writing TS-mode
Curvature after dimer rotation:               -0.00167
Frequency of transition mode  -209.804 cm^-1 (negative value denotes imaginary frequency)
Crossover temperature for tunnelling       48.04276 K
Restarting L-BFGS optimiser, instance: dimer rotation
Next calculation will be the dimer  midpoint
dl-find/turbomole/=============================== Tstep:   92.0 Ttot:60886.8 ==
eandg
Spin: 
 Energy calculation finished, energy: -2.138692055E+03
Testing convergence of dimer midpoint in cycle  203
    Energy  5.2172E-05 Target: 1.0000E-06 converged?   no
  Max step  1.8125E-02 Target: 1.8000E-03 converged?   no component   161
  RMS step  4.3993E-03 Target: 1.2000E-03 converged?   no
  Max grad  2.7391E-04 Target: 4.5000E-04 converged?  yes component    83
  RMS grad  7.0730E-05 Target: 3.0000E-04 converged?  yes
Next calculation will be the dimer endpoint before rotation
dl-find/turbomole/=============================== Tstep:  124.8 Ttot:61011.6 ==
eandg
Spin: 
 Energy calculation finished, energy: -2.138692056E+03
Curvature at dimer midpoint                   -0.00170
Predicted dimer rotation angle:      5.878 deg
Next calculation will be the dimer endpoint after rotation
dl-find/turbomole/=============================== Tstep:  107.9 Ttot:61119.6 ==
eandg
Spin: 
 Energy calculation finished, energy: -2.138692056E+03
Curvature at dimer midpoint after rotation     0.00109
Curvature at dimer minimum                    -0.00170
Actual dimer rotation angle:         0.074 deg
Dimer rotation converged after    1 steps
Writing TS-mode
Curvature after dimer rotation:               -0.00170
Frequency of transition mode  -211.997 cm^-1 (negative value denotes imaginary frequency)
Crossover temperature for tunnelling       48.54492 K
Restarting L-BFGS optimiser, instance: dimer rotation
Next calculation will be the dimer  midpoint
dl-find/turbomole/=============================== Tstep:   87.8 Ttot:61207.4 ==
eandg
Spin: 
 Energy calculation finished, energy: -2.138692058E+03
Testing convergence of dimer midpoint in cycle  204
    Energy  2.8020E-06 Target: 1.0000E-06 converged?   no
  Max step  4.9718E-03 Target: 1.8000E-03 converged?   no component   196
  RMS step  1.3057E-03 Target: 1.2000E-03 converged?   no
  Max grad  1.7777E-04 Target: 4.5000E-04 converged?  yes component    21
  RMS grad  5.0688E-05 Target: 3.0000E-04 converged?  yes
Next calculation will be the dimer endpoint before rotation
dl-find/turbomole/=============================== Tstep:  112.2 Ttot:61319.6 ==
eandg
Spin: 
 Energy calculation finished, energy: -2.138692058E+03
Curvature at dimer midpoint                   -0.00171
Predicted dimer rotation angle:      3.822 deg
Next calculation will be the dimer endpoint after rotation
dl-find/turbomole/=============================== Tstep:  107.8 Ttot:61427.4 ==
eandg
Spin: 
 Energy calculation finished, energy: -2.138692058E+03
Curvature at dimer midpoint after rotation    -0.00097
Curvature at dimer minimum                    -0.00171
Actual dimer rotation angle:         0.076 deg
Dimer rotation converged after    1 steps
Writing TS-mode
Curvature after dimer rotation:               -0.00171
Frequency of transition mode  -212.863 cm^-1 (negative value denotes imaginary frequency)
Crossover temperature for tunnelling       48.74322 K
Restarting L-BFGS optimiser, instance: dimer rotation
Next calculation will be the dimer  midpoint
dl-find/turbomole/=============================== Tstep:   78.9 Ttot:61506.2 ==
eandg
Spin: 
 Energy calculation finished, energy: -2.138692068E+03
Testing convergence of dimer midpoint in cycle  205
    Energy  1.0419E-05 Target: 1.0000E-06 converged?   no
  Max step  1.5704E-02 Target: 1.8000E-03 converged?   no component    13
  RMS step  2.9592E-03 Target: 1.2000E-03 converged?   no
  Max grad  2.3786E-04 Target: 4.5000E-04 converged?  yes component    43
  RMS grad  6.1847E-05 Target: 3.0000E-04 converged?  yes
Next calculation will be the dimer endpoint before rotation
dl-find/turbomole/=============================== Tstep:  120.6 Ttot:61626.9 ==
eandg
Spin: 
 Energy calculation finished, energy: -2.138692069E+03
Curvature at dimer midpoint                   -0.00174
Predicted dimer rotation angle:      4.118 deg
Next calculation will be the dimer endpoint after rotation
dl-find/turbomole/=============================== Tstep:  106.8 Ttot:61733.7 ==
eandg
Spin: 
 Energy calculation finished, energy: -2.138692069E+03
Curvature at dimer midpoint after rotation    -0.00056
Curvature at dimer minimum                    -0.00174
Actual dimer rotation angle:         0.061 deg
Dimer rotation converged after    1 steps
Writing TS-mode
Curvature after dimer rotation:               -0.00174
Frequency of transition mode  -214.619 cm^-1 (negative value denotes imaginary frequency)
Crossover temperature for tunnelling       49.14522 K
Restarting L-BFGS optimiser, instance: dimer rotation
Next calculation will be the dimer  midpoint
dl-find/turbomole/=============================== Tstep:   78.9 Ttot:61812.5 ==
eandg
Spin: 
 Energy calculation finished, energy: -2.138692044E+03
Testing convergence of dimer midpoint in cycle  206
    Energy  2.4630E-05 Target: 1.0000E-06 converged?   no
  Max step  1.7652E-02 Target: 1.8000E-03 converged?   no component   161
  RMS step  4.7043E-03 Target: 1.2000E-03 converged?   no
  Max grad  3.5339E-04 Target: 4.5000E-04 converged?  yes component    43
  RMS grad  7.1954E-05 Target: 3.0000E-04 converged?  yes
Next calculation will be the dimer endpoint before rotation
dl-find/turbomole/=============================== Tstep:  116.7 Ttot:61929.3 ==
eandg
Spin: 
 Energy calculation finished, energy: -2.138692043E+03
Curvature at dimer midpoint                   -0.00174
Predicted dimer rotation angle:      4.117 deg
Next calculation will be the dimer endpoint after rotation
dl-find/turbomole/=============================== Tstep:  106.7 Ttot:62036.0 ==
eandg
Spin: 
 Energy calculation finished, energy: -2.138692044E+03
Curvature at dimer midpoint after rotation    -0.00130
Curvature at dimer minimum                    -0.00174
Actual dimer rotation angle:         0.156 deg
Dimer rotation converged after    1 steps
Writing TS-mode
Curvature after dimer rotation:               -0.00174
Frequency of transition mode  -214.535 cm^-1 (negative value denotes imaginary frequency)
Crossover temperature for tunnelling       49.12608 K
Restarting L-BFGS optimiser, instance: dimer rotation
Next calculation will be the dimer  midpoint
dl-find/turbomole/=============================== Tstep:   82.9 Ttot:62118.9 ==
eandg
Spin: 
 Energy calculation finished, energy: -2.138692037E+03
Testing convergence of dimer midpoint in cycle  207
    Energy  6.8870E-06 Target: 1.0000E-06 converged?   no
  Max step  4.9684E-02 Target: 1.8000E-03 converged?   no component   161
  RMS step  1.2937E-02 Target: 1.2000E-03 converged?   no
  Max grad  1.1777E-03 Target: 4.5000E-04 converged?   no component    83
  RMS grad  2.0683E-04 Target: 3.0000E-04 converged?  yes
Next calculation will be the dimer endpoint before rotation
dl-find/turbomole/=============================== Tstep:  124.0 Ttot:62242.9 ==
eandg
Spin: 
 Energy calculation finished, energy: -2.138692037E+03
Curvature at dimer midpoint                   -0.00176
Predicted dimer rotation angle:      6.605 deg
Next calculation will be the dimer endpoint after rotation
dl-find/turbomole/=============================== Tstep:  107.1 Ttot:62350.0 ==
eandg
Spin: 
 Energy calculation finished, energy: -2.138692038E+03
Curvature at dimer midpoint after rotation     0.00245
Curvature at dimer minimum                    -0.00176
Actual dimer rotation angle:         0.073 deg
Dimer rotation converged after    1 steps
Writing TS-mode
Curvature after dimer rotation:               -0.00176
Frequency of transition mode  -215.907 cm^-1 (negative value denotes imaginary frequency)
Crossover temperature for tunnelling       49.44031 K
Restarting L-BFGS optimiser, instance: dimer rotation
Next calculation will be the dimer  midpoint
dl-find/turbomole/=============================== Tstep:   89.0 Ttot:62438.9 ==
eandg
Spin: 
 Energy calculation finished, energy: -2.138692060E+03
Testing convergence of dimer midpoint in cycle  208
    Energy  2.3146E-05 Target: 1.0000E-06 converged?   no
  Max step  1.0027E-02 Target: 1.8000E-03 converged?   no component    13
  RMS step  2.0191E-03 Target: 1.2000E-03 converged?   no
  Max grad  1.5644E-04 Target: 4.5000E-04 converged?  yes component    51
  RMS grad  5.3014E-05 Target: 3.0000E-04 converged?  yes
Next calculation will be the dimer endpoint before rotation
dl-find/turbomole/=============================== Tstep:  114.3 Ttot:62553.3 ==
eandg
Spin: 
 Energy calculation finished, energy: -2.138692059E+03
Curvature at dimer midpoint                   -0.00177
Predicted dimer rotation angle:      4.028 deg
Next calculation will be the dimer endpoint after rotation
dl-find/turbomole/=============================== Tstep:  107.5 Ttot:62660.7 ==
eandg
Spin: 
 Energy calculation finished, energy: -2.138692059E+03
Curvature at dimer midpoint after rotation    -0.00110
Curvature at dimer minimum                    -0.00177
Actual dimer rotation angle:         0.100 deg
Dimer rotation converged after    1 steps
Writing TS-mode
Curvature after dimer rotation:               -0.00177
Frequency of transition mode  -216.552 cm^-1 (negative value denotes imaginary frequency)
Crossover temperature for tunnelling       49.58790 K
Restarting L-BFGS optimiser, instance: dimer rotation
Next calculation will be the dimer  midpoint
dl-find/turbomole/=============================== Tstep:   84.1 Ttot:62744.8 ==
eandg
Spin: 
 Energy calculation finished, energy: -2.138692065E+03
Testing convergence of dimer midpoint in cycle  209
    Energy  4.6690E-06 Target: 1.0000E-06 converged?   no
  Max step  4.2410E-03 Target: 1.8000E-03 converged?   no component   176
  RMS step  1.0851E-03 Target: 1.2000E-03 converged?  yes
  Max grad  1.4294E-04 Target: 4.5000E-04 converged?  yes component    51
  RMS grad  5.0437E-05 Target: 3.0000E-04 converged?  yes
Next calculation will be the dimer endpoint before rotation
dl-find/turbomole/=============================== Tstep:  107.2 Ttot:62852.0 ==
eandg
Spin: 
 Energy calculation finished, energy: -2.138692065E+03
Curvature at dimer midpoint                   -0.00174
Predicted dimer rotation angle:      5.542 deg
Next calculation will be the dimer endpoint after rotation
dl-find/turbomole/=============================== Tstep:  108.8 Ttot:62960.8 ==
eandg
Spin: 
 Energy calculation finished, energy: -2.138692065E+03
Curvature at dimer midpoint after rotation     0.00110
Curvature at dimer minimum                    -0.00174
Actual dimer rotation angle:         0.063 deg
Dimer rotation converged after    1 steps
Writing TS-mode
Curvature after dimer rotation:               -0.00174
Frequency of transition mode  -214.316 cm^-1 (negative value denotes imaginary frequency)
Crossover temperature for tunnelling       49.07580 K
Restarting L-BFGS optimiser, instance: dimer rotation
Next calculation will be the dimer  midpoint
dl-find/turbomole/=============================== Tstep:   85.0 Ttot:63045.8 ==
eandg
Spin: 
 Energy calculation finished, energy: -2.138692069E+03
Testing convergence of dimer midpoint in cycle  210
    Energy  4.1550E-06 Target: 1.0000E-06 converged?   no
  Max step  1.5750E-02 Target: 1.8000E-03 converged?   no component   176
  RMS step  3.9275E-03 Target: 1.2000E-03 converged?   no
  Max grad  3.4123E-04 Target: 4.5000E-04 converged?  yes component    83
  RMS grad  7.5355E-05 Target: 3.0000E-04 converged?  yes
Next calculation will be the dimer endpoint before rotation
dl-find/turbomole/=============================== Tstep:  114.8 Ttot:63160.6 ==
eandg
Spin: 
 Energy calculation finished, energy: -2.138692069E+03
Curvature at dimer midpoint                   -0.00170
Predicted dimer rotation angle:      3.350 deg
Next calculation will be the dimer endpoint after rotation
dl-find/turbomole/=============================== Tstep:  107.2 Ttot:63267.7 ==
eandg
Spin: 
 Energy calculation finished, energy: -2.138692070E+03
Curvature at dimer midpoint after rotation    -0.00124
Curvature at dimer minimum                    -0.00170
Actual dimer rotation angle:         0.080 deg
Dimer rotation converged after    1 steps
Writing TS-mode
Curvature after dimer rotation:               -0.00170
Frequency of transition mode  -211.955 cm^-1 (negative value denotes imaginary frequency)
Crossover temperature for tunnelling       48.53527 K
Restarting L-BFGS optimiser, instance: dimer rotation
Next calculation will be the dimer  midpoint
dl-find/turbomole/=============================== Tstep:   78.5 Ttot:63346.2 ==
eandg
Spin: 
 Energy calculation finished, energy: -2.138692079E+03
Testing convergence of dimer midpoint in cycle  211
    Energy  1.0332E-05 Target: 1.0000E-06 converged?   no
  Max step  2.4575E-02 Target: 1.8000E-03 converged?   no component   176
  RMS step  6.8337E-03 Target: 1.2000E-03 converged?   no
  Max grad  6.3491E-04 Target: 4.5000E-04 converged?   no component   254
  RMS grad  1.1929E-04 Target: 3.0000E-04 converged?  yes
Next calculation will be the dimer endpoint before rotation
dl-find/turbomole/=============================== Tstep:  119.4 Ttot:63465.6 ==
eandg
Spin: 
 Energy calculation finished, energy: -2.138692079E+03
Curvature at dimer midpoint                   -0.00170
Predicted dimer rotation angle:      4.800 deg
Next calculation will be the dimer endpoint after rotation
dl-find/turbomole/=============================== Tstep:  108.1 Ttot:63573.8 ==
eandg
Spin: 
 Energy calculation finished, energy: -2.138692079E+03
Curvature at dimer midpoint after rotation     0.00020
Curvature at dimer minimum                    -0.00170
Actual dimer rotation angle:         0.059 deg
Dimer rotation converged after    1 steps
Writing TS-mode
Curvature after dimer rotation:               -0.00170
Frequency of transition mode  -211.929 cm^-1 (negative value denotes imaginary frequency)
Crossover temperature for tunnelling       48.52935 K
Restarting L-BFGS optimiser, instance: dimer rotation
Next calculation will be the dimer  midpoint
dl-find/turbomole/=============================== Tstep:   83.9 Ttot:63657.7 ==
eandg
Spin: 
 Energy calculation finished, energy: -2.138692088E+03
Testing convergence of dimer midpoint in cycle  212
    Energy  8.8430E-06 Target: 1.0000E-06 converged?   no
  Max step  3.7953E-02 Target: 1.8000E-03 converged?   no component   130
  RMS step  1.0770E-02 Target: 1.2000E-03 converged?   no
  Max grad  5.3220E-04 Target: 4.5000E-04 converged?   no component   201
  RMS grad  1.0231E-04 Target: 3.0000E-04 converged?  yes
Next calculation will be the dimer endpoint before rotation
dl-find/turbomole/=============================== Tstep:  113.2 Ttot:63770.9 ==
eandg
Spin: 
 Energy calculation finished, energy: -2.138692088E+03
Curvature at dimer midpoint                   -0.00167
Predicted dimer rotation angle:      3.448 deg
Next calculation will be the dimer endpoint after rotation
dl-find/turbomole/=============================== Tstep:  107.7 Ttot:63878.6 ==
eandg
Spin: 
 Energy calculation finished, energy: -2.138692088E+03
Curvature at dimer midpoint after rotation    -0.00137
Curvature at dimer minimum                    -0.00167
Actual dimer rotation angle:         0.126 deg
Dimer rotation converged after    1 steps
Writing TS-mode
Curvature after dimer rotation:               -0.00167
Frequency of transition mode  -210.306 cm^-1 (negative value denotes imaginary frequency)
Crossover temperature for tunnelling       48.15754 K
Restarting L-BFGS optimiser, instance: dimer rotation
Next calculation will be the dimer  midpoint
dl-find/turbomole/=============================== Tstep:   77.1 Ttot:63955.7 ==
eandg
Spin: 
 Energy calculation finished, energy: -2.138692101E+03
Testing convergence of dimer midpoint in cycle  213
    Energy  1.3357E-05 Target: 1.0000E-06 converged?   no
  Max step  1.5999E-02 Target: 1.8000E-03 converged?   no component    13
  RMS step  3.6340E-03 Target: 1.2000E-03 converged?   no
  Max grad  1.9922E-04 Target: 4.5000E-04 converged?  yes component   135
  RMS grad  6.4528E-05 Target: 3.0000E-04 converged?  yes
Next calculation will be the dimer endpoint before rotation
dl-find/turbomole/=============================== Tstep:  119.8 Ttot:64075.5 ==
eandg
Spin: 
 Energy calculation finished, energy: -2.138692102E+03
Curvature at dimer midpoint                   -0.00168
Predicted dimer rotation angle:      5.966 deg
Next calculation will be the dimer endpoint after rotation
dl-find/turbomole/=============================== Tstep:  108.0 Ttot:64183.4 ==
eandg
Spin: 
 Energy calculation finished, energy: -2.138692101E+03
Curvature at dimer midpoint after rotation     0.00178
Curvature at dimer minimum                    -0.00168
Actual dimer rotation angle:         0.062 deg
Dimer rotation converged after    1 steps
Writing TS-mode
Curvature after dimer rotation:               -0.00168
Frequency of transition mode  -210.619 cm^-1 (negative value denotes imaginary frequency)
Crossover temperature for tunnelling       48.22931 K
Restarting L-BFGS optimiser, instance: dimer rotation
Next calculation will be the dimer  midpoint
dl-find/turbomole/=============================== Tstep:   84.5 Ttot:64268.0 ==
eandg
Spin: 
 Energy calculation finished, energy: -2.138692120E+03
Testing convergence of dimer midpoint in cycle  214
    Energy  1.8512E-05 Target: 1.0000E-06 converged?   no
  Max step  2.4957E-02 Target: 1.8000E-03 converged?   no component    13
  RMS step  5.9325E-03 Target: 1.2000E-03 converged?   no
  Max grad  3.3329E-04 Target: 4.5000E-04 converged?  yes component    83
  RMS grad  7.9631E-05 Target: 3.0000E-04 converged?  yes
Next calculation will be the dimer endpoint before rotation
dl-find/turbomole/=============================== Tstep:  121.3 Ttot:64389.3 ==
eandg
Spin: 
 Energy calculation finished, energy: -2.138692120E+03
Curvature at dimer midpoint                   -0.00170
Predicted dimer rotation angle:      3.188 deg
Next calculation will be the dimer endpoint after rotation
dl-find/turbomole/=============================== Tstep:  107.8 Ttot:64497.1 ==
eandg
Spin: 
 Energy calculation finished, energy: -2.138692120E+03
Curvature at dimer midpoint after rotation    -0.00129
Curvature at dimer minimum                    -0.00170
Actual dimer rotation angle:         0.078 deg
Dimer rotation converged after    1 steps
Writing TS-mode
Curvature after dimer rotation:               -0.00170
Frequency of transition mode  -211.809 cm^-1 (negative value denotes imaginary frequency)
Crossover temperature for tunnelling       48.50172 K
Restarting L-BFGS optimiser, instance: dimer rotation
Next calculation will be the dimer  midpoint
dl-find/turbomole/=============================== Tstep:   82.7 Ttot:64579.7 ==
eandg
Spin: 
 Energy calculation finished, energy: -2.138692127E+03
Testing convergence of dimer midpoint in cycle  215
    Energy  7.0600E-06 Target: 1.0000E-06 converged?   no
  Max step  1.6794E-02 Target: 1.8000E-03 converged?   no component   176
  RMS step  5.0919E-03 Target: 1.2000E-03 converged?   no
  Max grad  4.9658E-04 Target: 4.5000E-04 converged?   no component    76
  RMS grad  1.1161E-04 Target: 3.0000E-04 converged?  yes
Next calculation will be the dimer endpoint before rotation
dl-find/turbomole/=============================== Tstep:  116.4 Ttot:64696.1 ==
eandg
Spin: 
 Energy calculation finished, energy: -2.138692127E+03
Curvature at dimer midpoint                   -0.00169
Predicted dimer rotation angle:      4.311 deg
Next calculation will be the dimer endpoint after rotation
dl-find/turbomole/=============================== Tstep:  107.5 Ttot:64803.6 ==
eandg
Spin: 
 Energy calculation finished, energy: -2.138692127E+03
Curvature at dimer midpoint after rotation    -0.00045
Curvature at dimer minimum                    -0.00169
Actual dimer rotation angle:         0.065 deg
Dimer rotation converged after    1 steps
Writing TS-mode
Curvature after dimer rotation:               -0.00169
Frequency of transition mode  -211.147 cm^-1 (negative value denotes imaginary frequency)
Crossover temperature for tunnelling       48.35022 K
Restarting L-BFGS optimiser, instance: dimer rotation
Next calculation will be the dimer  midpoint
dl-find/turbomole/=============================== Tstep:   83.9 Ttot:64887.5 ==
eandg
Spin: 
 Energy calculation finished, energy: -2.138692135E+03
Testing convergence of dimer midpoint in cycle  216
    Energy  8.5290E-06 Target: 1.0000E-06 converged?   no
  Max step  1.4538E-02 Target: 1.8000E-03 converged?   no component   161
  RMS step  4.0952E-03 Target: 1.2000E-03 converged?   no
  Max grad  3.7457E-04 Target: 4.5000E-04 converged?  yes component    76
  RMS grad  8.1869E-05 Target: 3.0000E-04 converged?  yes
Next calculation will be the dimer endpoint before rotation
dl-find/turbomole/=============================== Tstep:  110.0 Ttot:64997.5 ==
eandg
Spin: 
 Energy calculation finished, energy: -2.138692136E+03
Curvature at dimer midpoint                   -0.00167
Predicted dimer rotation angle:      4.185 deg
Next calculation will be the dimer endpoint after rotation
dl-find/turbomole/=============================== Tstep:  108.6 Ttot:65106.1 ==
eandg
Spin: 
 Energy calculation finished, energy: -2.138692135E+03
Curvature at dimer midpoint after rotation    -0.00034
Curvature at dimer minimum                    -0.00167
Actual dimer rotation angle:         0.055 deg
Dimer rotation converged after    1 steps
Writing TS-mode
Curvature after dimer rotation:               -0.00167
Frequency of transition mode  -210.294 cm^-1 (negative value denotes imaginary frequency)
Crossover temperature for tunnelling       48.15501 K
Restarting L-BFGS optimiser, instance: dimer rotation
Next calculation will be the dimer  midpoint
dl-find/turbomole/=============================== Tstep:   82.9 Ttot:65189.0 ==
eandg
Spin: 
 Energy calculation finished, energy: -2.138692154E+03
Testing convergence of dimer midpoint in cycle  217
    Energy  1.8370E-05 Target: 1.0000E-06 converged?   no
  Max step  3.8134E-02 Target: 1.8000E-03 converged?   no component   161
  RMS step  1.0712E-02 Target: 1.2000E-03 converged?   no
  Max grad  2.9958E-04 Target: 4.5000E-04 converged?  yes component    78
  RMS grad  8.1136E-05 Target: 3.0000E-04 converged?  yes
Next calculation will be the dimer endpoint before rotation
dl-find/turbomole/=============================== Tstep:  118.8 Ttot:65307.8 ==
eandg
Spin: 
 Energy calculation finished, energy: -2.138692154E+03
Curvature at dimer midpoint                   -0.00165
Predicted dimer rotation angle:      3.190 deg
Next calculation will be the dimer endpoint after rotation
dl-find/turbomole/=============================== Tstep:  107.8 Ttot:65415.6 ==
eandg
Spin: 
 Energy calculation finished, energy: -2.138692154E+03
Curvature at dimer midpoint after rotation    -0.00126
Curvature at dimer minimum                    -0.00165
Actual dimer rotation angle:         0.080 deg
Dimer rotation converged after    1 steps
Writing TS-mode
Curvature after dimer rotation:               -0.00165
Frequency of transition mode  -209.028 cm^-1 (negative value denotes imaginary frequency)
Crossover temperature for tunnelling       47.86493 K
Restarting L-BFGS optimiser, instance: dimer rotation
Next calculation will be the dimer  midpoint
dl-find/turbomole/=============================== Tstep:   83.0 Ttot:65498.6 ==
eandg
Spin: 
 Energy calculation finished, energy: -2.138692163E+03
Testing convergence of dimer midpoint in cycle  218
    Energy  9.5380E-06 Target: 1.0000E-06 converged?   no
  Max step  2.2033E-02 Target: 1.8000E-03 converged?   no component   161
  RMS step  6.3202E-03 Target: 1.2000E-03 converged?   no
  Max grad  6.1243E-04 Target: 4.5000E-04 converged?   no component   244
  RMS grad  1.1806E-04 Target: 3.0000E-04 converged?  yes
Next calculation will be the dimer endpoint before rotation
dl-find/turbomole/=============================== Tstep:  112.3 Ttot:65610.9 ==
eandg
Spin: 
 Energy calculation finished, energy: -2.138692163E+03
Curvature at dimer midpoint                   -0.00159
Predicted dimer rotation angle:      5.472 deg
Next calculation will be the dimer endpoint after rotation
dl-find/turbomole/=============================== Tstep:  106.0 Ttot:65716.9 ==
eandg
Spin: 
 Energy calculation finished, energy: -2.138692164E+03
Curvature at dimer midpoint after rotation     0.00049
Curvature at dimer minimum                    -0.00159
Actual dimer rotation angle:         0.075 deg
Dimer rotation converged after    1 steps
Writing TS-mode
Curvature after dimer rotation:               -0.00159
Frequency of transition mode  -205.052 cm^-1 (negative value denotes imaginary frequency)
Crossover temperature for tunnelling       46.95464 K
Restarting L-BFGS optimiser, instance: dimer rotation
Next calculation will be the dimer  midpoint
dl-find/turbomole/=============================== Tstep:   88.4 Ttot:65805.3 ==
eandg
Spin: 
 Energy calculation finished, energy: -2.138692175E+03
Testing convergence of dimer midpoint in cycle  219
    Energy  1.1860E-05 Target: 1.0000E-06 converged?   no
  Max step  7.6105E-03 Target: 1.8000E-03 converged?   no component   161
  RMS step  2.3704E-03 Target: 1.2000E-03 converged?   no
  Max grad  3.5401E-04 Target: 4.5000E-04 converged?  yes component   244
  RMS grad  8.9816E-05 Target: 3.0000E-04 converged?  yes
Next calculation will be the dimer endpoint before rotation
dl-find/turbomole/=============================== Tstep:  115.6 Ttot:65920.9 ==
eandg
Spin: 
 Energy calculation finished, energy: -2.138692175E+03
Curvature at dimer midpoint                   -0.00161
Predicted dimer rotation angle:      4.572 deg
Next calculation will be the dimer endpoint after rotation
dl-find/turbomole/=============================== Tstep:  107.4 Ttot:66028.3 ==
eandg
Spin: 
 Energy calculation finished, energy: -2.138692174E+03
Curvature at dimer midpoint after rotation    -0.00028
Curvature at dimer minimum                    -0.00161
Actual dimer rotation angle:         0.069 deg
Dimer rotation converged after    1 steps
Writing TS-mode
Curvature after dimer rotation:               -0.00161
Frequency of transition mode  -206.489 cm^-1 (negative value denotes imaginary frequency)
Crossover temperature for tunnelling       47.28363 K
Restarting L-BFGS optimiser, instance: dimer rotation
Next calculation will be the dimer  midpoint
dl-find/turbomole/=============================== Tstep:   79.2 Ttot:66107.5 ==
eandg
Spin: 
 Energy calculation finished, energy: -2.138692200E+03
Testing convergence of dimer midpoint in cycle  220
    Energy  2.4998E-05 Target: 1.0000E-06 converged?   no
  Max step  3.5198E-02 Target: 1.8000E-03 converged?   no component   205
  RMS step  1.0983E-02 Target: 1.2000E-03 converged?   no
  Max grad  2.6276E-04 Target: 4.5000E-04 converged?  yes component    67
  RMS grad  7.6372E-05 Target: 3.0000E-04 converged?  yes
Next calculation will be the dimer endpoint before rotation
dl-find/turbomole/=============================== Tstep:  116.5 Ttot:66224.1 ==
eandg
Spin: 
 Energy calculation finished, energy: -2.138692200E+03
Curvature at dimer midpoint                   -0.00161
Predicted dimer rotation angle:      4.179 deg
Next calculation will be the dimer endpoint after rotation
dl-find/turbomole/=============================== Tstep:   96.5 Ttot:66320.6 ==
eandg
Spin: 
 Energy calculation finished, energy: -2.138692200E+03
Curvature at dimer midpoint after rotation    -0.00034
Curvature at dimer minimum                    -0.00161
Actual dimer rotation angle:         0.055 deg
Dimer rotation converged after    1 steps
Writing TS-mode
Curvature after dimer rotation:               -0.00161
Frequency of transition mode  -206.449 cm^-1 (negative value denotes imaginary frequency)
Crossover temperature for tunnelling       47.27449 K
Restarting L-BFGS optimiser, instance: dimer rotation
Next calculation will be the dimer  midpoint
dl-find/turbomole/=============================== Tstep:   77.9 Ttot:66398.5 ==
eandg
Spin: 
 Energy calculation finished, energy: -2.138692232E+03
Testing convergence of dimer midpoint in cycle  221
    Energy  3.1315E-05 Target: 1.0000E-06 converged?   no
  Max step  2.5080E-02 Target: 1.8000E-03 converged?   no component   161
  RMS step  7.6566E-03 Target: 1.2000E-03 converged?   no
  Max grad  6.6291E-04 Target: 4.5000E-04 converged?   no component   244
  RMS grad  9.4459E-05 Target: 3.0000E-04 converged?  yes
Next calculation will be the dimer endpoint before rotation
dl-find/turbomole/=============================== Tstep:  120.5 Ttot:66519.0 ==
eandg
Spin: 
 Energy calculation finished, energy: -2.138692232E+03
Curvature at dimer midpoint                   -0.00160
Predicted dimer rotation angle:      3.399 deg
Next calculation will be the dimer endpoint after rotation
dl-find/turbomole/=============================== Tstep:   99.4 Ttot:66618.4 ==
eandg
Spin: 
 Energy calculation finished, energy: -2.138692232E+03
Curvature at dimer midpoint after rotation    -0.00106
Curvature at dimer minimum                    -0.00160
Actual dimer rotation angle:         0.068 deg
Dimer rotation converged after    1 steps
Writing TS-mode
Curvature after dimer rotation:               -0.00160
Frequency of transition mode  -205.541 cm^-1 (negative value denotes imaginary frequency)
Crossover temperature for tunnelling       47.06652 K
Restarting L-BFGS optimiser, instance: dimer rotation
Next calculation will be the dimer  midpoint
dl-find/turbomole/=============================== Tstep:   76.8 Ttot:66695.2 ==
eandg
Spin: 
 Energy calculation finished, energy: -2.138692243E+03
Testing convergence of dimer midpoint in cycle  222
    Energy  1.1410E-05 Target: 1.0000E-06 converged?   no
  Max step  5.5639E-02 Target: 1.8000E-03 converged?   no component   161
  RMS step  1.6021E-02 Target: 1.2000E-03 converged?   no
  Max grad  4.7764E-04 Target: 4.5000E-04 converged?   no component    83
  RMS grad  8.5147E-05 Target: 3.0000E-04 converged?  yes
Next calculation will be the dimer endpoint before rotation
dl-find/turbomole/=============================== Tstep:  118.4 Ttot:66813.5 ==
eandg
Spin: 
 Energy calculation finished, energy: -2.138692243E+03
Curvature at dimer midpoint                   -0.00160
Predicted dimer rotation angle:      5.273 deg
Next calculation will be the dimer endpoint after rotation
dl-find/turbomole/=============================== Tstep:  107.2 Ttot:66920.7 ==
eandg
Spin: 
 Energy calculation finished, energy: -2.138692243E+03
Curvature at dimer midpoint after rotation     0.00073
Curvature at dimer minimum                    -0.00160
Actual dimer rotation angle:         0.060 deg
Dimer rotation converged after    1 steps
Writing TS-mode
Curvature after dimer rotation:               -0.00160
Frequency of transition mode  -205.414 cm^-1 (negative value denotes imaginary frequency)
Crossover temperature for tunnelling       47.03734 K
Restarting L-BFGS optimiser, instance: dimer rotation
Next calculation will be the dimer  midpoint
dl-find/turbomole/=============================== Tstep:   80.8 Ttot:67001.5 ==
eandg
Spin: 
 Energy calculation finished, energy: -2.138692258E+03
Testing convergence of dimer midpoint in cycle  223
    Energy  1.4691E-05 Target: 1.0000E-06 converged?   no
  Max step  1.3685E-02 Target: 1.8000E-03 converged?   no component   161
  RMS step  3.8064E-03 Target: 1.2000E-03 converged?   no
  Max grad  4.0987E-04 Target: 4.5000E-04 converged?  yes component   244
  RMS grad  8.1302E-05 Target: 3.0000E-04 converged?  yes
Next calculation will be the dimer endpoint before rotation
dl-find/turbomole/=============================== Tstep:  120.2 Ttot:67121.7 ==
eandg
Spin: 
 Energy calculation finished, energy: -2.138692250E+03
Curvature at dimer midpoint                   -0.00162
Predicted dimer rotation angle:     16.066 deg
Next calculation will be the dimer endpoint after rotation
dl-find/turbomole/=============================== Tstep:  108.5 Ttot:67230.3 ==
eandg
Spin: 
 Energy calculation finished, energy: -2.138692258E+03
Curvature at dimer midpoint after rotation     0.00836
Curvature at dimer minimum                    -0.00163
Actual dimer rotation angle:         0.425 deg
Dimer rotation converged after    1 steps
Writing TS-mode
Curvature after dimer rotation:               -0.00163
Frequency of transition mode  -207.637 cm^-1 (negative value denotes imaginary frequency)
Crossover temperature for tunnelling       47.54648 K
Restarting L-BFGS optimiser, instance: dimer rotation
Next calculation will be the dimer  midpoint
dl-find/turbomole/=============================== Tstep:   95.3 Ttot:67325.6 ==
eandg
Spin: 
 Energy calculation finished, energy: -2.138692248E+03
Testing convergence of dimer midpoint in cycle  224
    Energy  9.9280E-06 Target: 1.0000E-06 converged?   no
  Max step  6.4941E-03 Target: 1.8000E-03 converged?   no component    16
  RMS step  1.5802E-03 Target: 1.2000E-03 converged?   no
  Max grad  3.2940E-04 Target: 4.5000E-04 converged?  yes component   219
  RMS grad  6.3338E-05 Target: 3.0000E-04 converged?  yes
Next calculation will be the dimer endpoint before rotation
dl-find/turbomole/=============================== Tstep:  109.0 Ttot:67434.6 ==
eandg
Spin: 
 Energy calculation finished, energy: -2.138692248E+03
Curvature at dimer midpoint                   -0.00157
Predicted dimer rotation angle:     19.791 deg
Next calculation will be the dimer endpoint after rotation
dl-find/turbomole/=============================== Tstep:  107.0 Ttot:67541.5 ==
eandg
Spin: 
 Energy calculation finished, energy: -2.138692246E+03
Curvature at dimer midpoint after rotation     0.03408
Curvature at dimer minimum                    -0.00157
Actual dimer rotation angle:         0.233 deg
Dimer rotation converged after    1 steps
Writing TS-mode
Curvature after dimer rotation:               -0.00157
Frequency of transition mode  -203.889 cm^-1 (negative value denotes imaginary frequency)
Crossover temperature for tunnelling       46.68829 K
Restarting L-BFGS optimiser, instance: dimer rotation
Next calculation will be the dimer  midpoint
dl-find/turbomole/=============================== Tstep:  102.4 Ttot:67644.0 ==
eandg
Spin: 
 Energy calculation finished, energy: -2.138692256E+03
Testing convergence of dimer midpoint in cycle  225
    Energy  8.5780E-06 Target: 1.0000E-06 converged?   no
  Max step  9.4611E-03 Target: 1.8000E-03 converged?   no component   115
  RMS step  2.5337E-03 Target: 1.2000E-03 converged?   no
  Max grad  2.3728E-04 Target: 4.5000E-04 converged?  yes component    83
  RMS grad  6.1102E-05 Target: 3.0000E-04 converged?  yes
Next calculation will be the dimer endpoint before rotation
dl-find/turbomole/=============================== Tstep:  105.5 Ttot:67749.5 ==
eandg
Spin: 
 Energy calculation finished, energy: -2.138692254E+03
Curvature at dimer midpoint                   -0.00157
Predicted dimer rotation angle:     10.130 deg
Next calculation will be the dimer endpoint after rotation
dl-find/turbomole/=============================== Tstep:  107.7 Ttot:67857.1 ==
eandg
Spin: 
 Energy calculation finished, energy: -2.138692254E+03
Curvature at dimer midpoint after rotation     0.00314
Curvature at dimer minimum                    -0.00157
Actual dimer rotation angle:         0.209 deg
Dimer rotation converged after    1 steps
Writing TS-mode
Curvature after dimer rotation:               -0.00157
Frequency of transition mode  -203.499 cm^-1 (negative value denotes imaginary frequency)
Crossover temperature for tunnelling       46.59888 K
Restarting L-BFGS optimiser, instance: dimer rotation
Next calculation will be the dimer  midpoint
dl-find/turbomole/=============================== Tstep:   84.3 Ttot:67941.5 ==
eandg
Spin: 
 Energy calculation finished, energy: -2.138692266E+03
Testing convergence of dimer midpoint in cycle  226
    Energy  9.4940E-06 Target: 1.0000E-06 converged?   no
  Max step  2.3819E-02 Target: 1.8000E-03 converged?   no component   130
  RMS step  6.4333E-03 Target: 1.2000E-03 converged?   no
  Max grad  4.4060E-04 Target: 4.5000E-04 converged?  yes component   244
  RMS grad  8.0250E-05 Target: 3.0000E-04 converged?  yes
Next calculation will be the dimer endpoint before rotation
dl-find/turbomole/=============================== Tstep:  119.3 Ttot:68060.8 ==
eandg
Spin: 
 Energy calculation finished, energy: -2.138692267E+03
Curvature at dimer midpoint                   -0.00153
Predicted dimer rotation angle:      8.920 deg
Next calculation will be the dimer endpoint after rotation
dl-find/turbomole/=============================== Tstep:  108.2 Ttot:68169.0 ==
eandg
Spin: 
 Energy calculation finished, energy: -2.138692266E+03
Curvature at dimer midpoint after rotation     0.00558
Curvature at dimer minimum                    -0.00154
Actual dimer rotation angle:         0.094 deg
Dimer rotation converged after    1 steps
Writing TS-mode
Curvature after dimer rotation:               -0.00154
Frequency of transition mode  -201.452 cm^-1 (negative value denotes imaginary frequency)
Crossover temperature for tunnelling       46.13025 K
Restarting L-BFGS optimiser, instance: dimer rotation
Next calculation will be the dimer  midpoint
dl-find/turbomole/=============================== Tstep:   96.2 Ttot:68265.2 ==
eandg
Spin: 
 Energy calculation finished, energy: -2.138692282E+03
Testing convergence of dimer midpoint in cycle  227
    Energy  1.5978E-05 Target: 1.0000E-06 converged?   no
  Max step  4.2545E-02 Target: 1.8000E-03 converged?   no component   130
  RMS step  1.1510E-02 Target: 1.2000E-03 converged?   no
  Max grad  5.7434E-04 Target: 4.5000E-04 converged?   no component    53
  RMS grad  1.1306E-04 Target: 3.0000E-04 converged?  yes
Next calculation will be the dimer endpoint before rotation
dl-find/turbomole/=============================== Tstep:  124.5 Ttot:68389.7 ==
eandg
Spin: 
 Energy calculation finished, energy: -2.138692282E+03
Curvature at dimer midpoint                   -0.00153
Predicted dimer rotation angle:      5.280 deg
Next calculation will be the dimer endpoint after rotation
dl-find/turbomole/=============================== Tstep:  108.1 Ttot:68497.8 ==
eandg
Spin: 
 Energy calculation finished, energy: -2.138692282E+03
Curvature at dimer midpoint after rotation    -0.00042
Curvature at dimer minimum                    -0.00153
Actual dimer rotation angle:         0.119 deg
Dimer rotation converged after    1 steps
Writing TS-mode
Curvature after dimer rotation:               -0.00153
Frequency of transition mode  -200.889 cm^-1 (negative value denotes imaginary frequency)
Crossover temperature for tunnelling       46.00129 K
Restarting L-BFGS optimiser, instance: dimer rotation
Next calculation will be the dimer  midpoint
dl-find/turbomole/=============================== Tstep:   89.0 Ttot:68586.8 ==
eandg
Spin: 
 Energy calculation finished, energy: -2.138692295E+03
Testing convergence of dimer midpoint in cycle  228
    Energy  1.3598E-05 Target: 1.0000E-06 converged?   no
  Max step  2.6016E-02 Target: 1.8000E-03 converged?   no component   130
  RMS step  7.3156E-03 Target: 1.2000E-03 converged?   no
  Max grad  3.3685E-04 Target: 4.5000E-04 converged?  yes component    58
  RMS grad  7.8245E-05 Target: 3.0000E-04 converged?  yes
Next calculation will be the dimer endpoint before rotation
dl-find/turbomole/=============================== Tstep:  118.2 Ttot:68705.0 ==
eandg
Spin: 
 Energy calculation finished, energy: -2.138692296E+03
Curvature at dimer midpoint                   -0.00153
Predicted dimer rotation angle:      5.877 deg
Next calculation will be the dimer endpoint after rotation
dl-find/turbomole/=============================== Tstep:  107.6 Ttot:68812.6 ==
eandg
Spin: 
 Energy calculation finished, energy: -2.138692296E+03
Curvature at dimer midpoint after rotation     0.00138
Curvature at dimer minimum                    -0.00153
Actual dimer rotation angle:         0.064 deg
Dimer rotation converged after    1 steps
Writing TS-mode
Curvature after dimer rotation:               -0.00153
Frequency of transition mode  -201.135 cm^-1 (negative value denotes imaginary frequency)
Crossover temperature for tunnelling       46.05765 K
Restarting L-BFGS optimiser, instance: dimer rotation
Next calculation will be the dimer  midpoint
dl-find/turbomole/=============================== Tstep:   86.3 Ttot:68898.9 ==
eandg
Spin: 
 Energy calculation finished, energy: -2.138692310E+03
Testing convergence of dimer midpoint in cycle  229
    Energy  1.4588E-05 Target: 1.0000E-06 converged?   no
  Max step  2.2004E-02 Target: 1.8000E-03 converged?   no component    13
  RMS step  6.0294E-03 Target: 1.2000E-03 converged?   no
  Max grad  2.5329E-04 Target: 4.5000E-04 converged?  yes component    22
  RMS grad  7.0131E-05 Target: 3.0000E-04 converged?  yes
Next calculation will be the dimer endpoint before rotation
dl-find/turbomole/=============================== Tstep:  120.3 Ttot:69019.1 ==
eandg
Spin: 
 Energy calculation finished, energy: -2.138692311E+03
Curvature at dimer midpoint                   -0.00152
Predicted dimer rotation angle:      3.753 deg
Next calculation will be the dimer endpoint after rotation
dl-find/turbomole/=============================== Tstep:  109.0 Ttot:69128.1 ==
eandg
Spin: 
 Energy calculation finished, energy: -2.138692311E+03
Curvature at dimer midpoint after rotation    -0.00100
Curvature at dimer minimum                    -0.00152
Actual dimer rotation angle:         0.089 deg
Dimer rotation converged after    1 steps
Writing TS-mode
Curvature after dimer rotation:               -0.00152
Frequency of transition mode  -200.729 cm^-1 (negative value denotes imaginary frequency)
Crossover temperature for tunnelling       45.96468 K
Restarting L-BFGS optimiser, instance: dimer rotation
Next calculation will be the dimer  midpoint
dl-find/turbomole/=============================== Tstep:   83.6 Ttot:69211.7 ==
eandg
Spin: 
 Energy calculation finished, energy: -2.138692325E+03
Testing convergence of dimer midpoint in cycle  230
    Energy  1.5277E-05 Target: 1.0000E-06 converged?   no
  Max step  2.7400E-02 Target: 1.8000E-03 converged?   no component   130
  RMS step  7.7006E-03 Target: 1.2000E-03 converged?   no
  Max grad  7.1629E-04 Target: 4.5000E-04 converged?   no component    88
  RMS grad  1.1352E-04 Target: 3.0000E-04 converged?  yes
Next calculation will be the dimer endpoint before rotation
dl-find/turbomole/=============================== Tstep:  121.8 Ttot:69333.5 ==
eandg
Spin: 
 Energy calculation finished, energy: -2.138692327E+03
Curvature at dimer midpoint                   -0.00153
Predicted dimer rotation angle:      4.942 deg
Next calculation will be the dimer endpoint after rotation
dl-find/turbomole/=============================== Tstep:  108.3 Ttot:69441.8 ==
eandg
Spin: 
 Energy calculation finished, energy: -2.138692326E+03
Curvature at dimer midpoint after rotation     0.00036
Curvature at dimer minimum                    -0.00153
Actual dimer rotation angle:         0.058 deg
Dimer rotation converged after    1 steps
Writing TS-mode
Curvature after dimer rotation:               -0.00153
Frequency of transition mode  -200.794 cm^-1 (negative value denotes imaginary frequency)
Crossover temperature for tunnelling       45.97946 K
Restarting L-BFGS optimiser, instance: dimer rotation
Next calculation will be the dimer  midpoint
dl-find/turbomole/=============================== Tstep:   85.1 Ttot:69526.9 ==
eandg
Spin: 
 Energy calculation finished, energy: -2.138692334E+03
Testing convergence of dimer midpoint in cycle  231
    Energy  8.9160E-06 Target: 1.0000E-06 converged?   no
  Max step  2.2016E-02 Target: 1.8000E-03 converged?   no component   130
  RMS step  5.9947E-03 Target: 1.2000E-03 converged?   no
  Max grad  3.3156E-04 Target: 4.5000E-04 converged?  yes component   244
  RMS grad  7.9478E-05 Target: 3.0000E-04 converged?  yes
Next calculation will be the dimer endpoint before rotation
dl-find/turbomole/=============================== Tstep:  120.2 Ttot:69647.1 ==
eandg
Spin: 
 Energy calculation finished, energy: -2.138692335E+03
Curvature at dimer midpoint                   -0.00155
Predicted dimer rotation angle:      5.028 deg
Next calculation will be the dimer endpoint after rotation
dl-find/turbomole/=============================== Tstep:  107.9 Ttot:69755.0 ==
eandg
Spin: 
 Energy calculation finished, energy: -2.138692334E+03
Curvature at dimer midpoint after rotation    -0.00023
Curvature at dimer minimum                    -0.00155
Actual dimer rotation angle:         0.089 deg
Dimer rotation converged after    1 steps
Writing TS-mode
Curvature after dimer rotation:               -0.00155
Frequency of transition mode  -202.115 cm^-1 (negative value denotes imaginary frequency)
Crossover temperature for tunnelling       46.28202 K
Restarting L-BFGS optimiser, instance: dimer rotation
Next calculation will be the dimer  midpoint
dl-find/turbomole/=============================== Tstep:   80.0 Ttot:69835.0 ==
eandg
Spin: 
 Energy calculation finished, energy: -2.138692342E+03
Testing convergence of dimer midpoint in cycle  232
    Energy  7.5680E-06 Target: 1.0000E-06 converged?   no
  Max step  1.1017E-02 Target: 1.8000E-03 converged?   no component   130
  RMS step  3.0037E-03 Target: 1.2000E-03 converged?   no
  Max grad  2.6408E-04 Target: 4.5000E-04 converged?  yes component    83
  RMS grad  6.2126E-05 Target: 3.0000E-04 converged?  yes
Next calculation will be the dimer endpoint before rotation
dl-find/turbomole/=============================== Tstep:  114.1 Ttot:69949.1 ==
eandg
Spin: 
 Energy calculation finished, energy: -2.138692342E+03
Curvature at dimer midpoint                   -0.00154
Predicted dimer rotation angle:      4.338 deg
Next calculation will be the dimer endpoint after rotation
dl-find/turbomole/=============================== Tstep:  107.8 Ttot:70056.9 ==
eandg
Spin: 
 Energy calculation finished, energy: -2.138692342E+03
Curvature at dimer midpoint after rotation    -0.00028
Curvature at dimer minimum                    -0.00154
Actual dimer rotation angle:         0.059 deg
Dimer rotation converged after    1 steps
Writing TS-mode
Curvature after dimer rotation:               -0.00154
Frequency of transition mode  -201.455 cm^-1 (negative value denotes imaginary frequency)
Crossover temperature for tunnelling       46.13093 K
Restarting L-BFGS optimiser, instance: dimer rotation
Next calculation will be the dimer  midpoint
dl-find/turbomole/=============================== Tstep:   84.6 Ttot:70141.5 ==
eandg
Spin: 
 Energy calculation finished, energy: -2.138692352E+03
Testing convergence of dimer midpoint in cycle  233
    Energy  1.0026E-05 Target: 1.0000E-06 converged?   no
  Max step  2.6350E-02 Target: 1.8000E-03 converged?   no component   161
  RMS step  7.3215E-03 Target: 1.2000E-03 converged?   no
  Max grad  3.3397E-04 Target: 4.5000E-04 converged?  yes component    83
  RMS grad  7.1889E-05 Target: 3.0000E-04 converged?  yes
Next calculation will be the dimer endpoint before rotation
dl-find/turbomole/=============================== Tstep:  125.8 Ttot:70267.3 ==
eandg
Spin: 
 Energy calculation finished, energy: -2.138692352E+03
Curvature at dimer midpoint                   -0.00151
Predicted dimer rotation angle:      4.843 deg
Next calculation will be the dimer endpoint after rotation
dl-find/turbomole/=============================== Tstep:   99.8 Ttot:70367.0 ==
eandg
Spin: 
 Energy calculation finished, energy: -2.138692352E+03
Curvature at dimer midpoint after rotation     0.00013
Curvature at dimer minimum                    -0.00151
Actual dimer rotation angle:         0.062 deg
Dimer rotation converged after    1 steps
Writing TS-mode
Curvature after dimer rotation:               -0.00151
Frequency of transition mode  -199.847 cm^-1 (negative value denotes imaginary frequency)
Crossover temperature for tunnelling       45.76274 K
Restarting L-BFGS optimiser, instance: dimer rotation
Next calculation will be the dimer  midpoint
dl-find/turbomole/=============================== Tstep:   83.9 Ttot:70451.0 ==
eandg
Spin: 
 Energy calculation finished, energy: -2.138692366E+03
Testing convergence of dimer midpoint in cycle  234
    Energy  1.4691E-05 Target: 1.0000E-06 converged?   no
  Max step  3.0366E-02 Target: 1.8000E-03 converged?   no component   161
  RMS step  8.6846E-03 Target: 1.2000E-03 converged?   no
  Max grad  6.2748E-04 Target: 4.5000E-04 converged?   no component    43
  RMS grad  1.4299E-04 Target: 3.0000E-04 converged?  yes
Next calculation will be the dimer endpoint before rotation
dl-find/turbomole/=============================== Tstep:  127.5 Ttot:70578.4 ==
eandg
Spin: 
 Energy calculation finished, energy: -2.138692368E+03
Curvature at dimer midpoint                   -0.00149
Predicted dimer rotation angle:      4.307 deg
Next calculation will be the dimer endpoint after rotation
dl-find/turbomole/=============================== Tstep:  108.0 Ttot:70686.4 ==
eandg
Spin: 
 Energy calculation finished, energy: -2.138692367E+03
Curvature at dimer midpoint after rotation    -0.00098
Curvature at dimer minimum                    -0.00149
Actual dimer rotation angle:         0.135 deg
Dimer rotation converged after    1 steps
Writing TS-mode
Curvature after dimer rotation:               -0.00149
Frequency of transition mode  -198.206 cm^-1 (negative value denotes imaginary frequency)
Crossover temperature for tunnelling       45.38680 K
Restarting L-BFGS optimiser, instance: dimer rotation
Next calculation will be the dimer  midpoint
dl-find/turbomole/=============================== Tstep:   80.4 Ttot:70766.8 ==
eandg
Spin: 
 Energy calculation finished, energy: -2.138692371E+03
Testing convergence of dimer midpoint in cycle  235
    Energy  4.7070E-06 Target: 1.0000E-06 converged?   no
  Max step  4.8968E-03 Target: 1.8000E-03 converged?   no component   188
  RMS step  1.4484E-03 Target: 1.2000E-03 converged?   no
  Max grad  2.2031E-04 Target: 4.5000E-04 converged?  yes component    43
  RMS grad  6.1860E-05 Target: 3.0000E-04 converged?  yes
Next calculation will be the dimer endpoint before rotation
dl-find/turbomole/=============================== Tstep:  110.3 Ttot:70877.2 ==
eandg
Spin: 
 Energy calculation finished, energy: -2.138692369E+03
Curvature at dimer midpoint                   -0.00152
Predicted dimer rotation angle:      7.069 deg
Next calculation will be the dimer endpoint after rotation
dl-find/turbomole/=============================== Tstep:  100.8 Ttot:70978.0 ==
eandg
Spin: 
 Energy calculation finished, energy: -2.138692369E+03
Curvature at dimer midpoint after rotation     0.00206
Curvature at dimer minimum                    -0.00152
Actual dimer rotation angle:         0.090 deg
Dimer rotation converged after    1 steps
Writing TS-mode
Curvature after dimer rotation:               -0.00152
Frequency of transition mode  -200.366 cm^-1 (negative value denotes imaginary frequency)
Crossover temperature for tunnelling       45.88151 K
Restarting L-BFGS optimiser, instance: dimer rotation
Next calculation will be the dimer  midpoint
dl-find/turbomole/=============================== Tstep:   82.0 Ttot:71059.9 ==
eandg
Spin: 
 Energy calculation finished, energy: -2.138692378E+03
Testing convergence of dimer midpoint in cycle  236
    Energy  7.2150E-06 Target: 1.0000E-06 converged?   no
  Max step  1.1964E-02 Target: 1.8000E-03 converged?   no component   161
  RMS step  3.1508E-03 Target: 1.2000E-03 converged?   no
  Max grad  1.2361E-04 Target: 4.5000E-04 converged?  yes component   251
  RMS grad  4.8294E-05 Target: 3.0000E-04 converged?  yes
Next calculation will be the dimer endpoint before rotation
dl-find/turbomole/=============================== Tstep:  119.3 Ttot:71179.2 ==
eandg
Spin: 
 Energy calculation finished, energy: -2.138692376E+03
Curvature at dimer midpoint                   -0.00153
Predicted dimer rotation angle:      5.103 deg
Next calculation will be the dimer endpoint after rotation
dl-find/turbomole/=============================== Tstep:  100.8 Ttot:71280.0 ==
eandg
Spin: 
 Energy calculation finished, energy: -2.138692376E+03
Curvature at dimer midpoint after rotation     0.00018
Curvature at dimer minimum                    -0.00153
Actual dimer rotation angle:         0.071 deg
Dimer rotation converged after    1 steps
Writing TS-mode
Curvature after dimer rotation:               -0.00153
Frequency of transition mode  -200.828 cm^-1 (negative value denotes imaginary frequency)
Crossover temperature for tunnelling       45.98721 K
Restarting L-BFGS optimiser, instance: dimer rotation
Next calculation will be the dimer  midpoint
dl-find/turbomole/=============================== Tstep:   88.9 Ttot:71368.9 ==
eandg
Spin: 
 Energy calculation finished, energy: -2.138692382E+03
Testing convergence of dimer midpoint in cycle  237
    Energy  3.8740E-06 Target: 1.0000E-06 converged?   no
  Max step  1.9314E-02 Target: 1.8000E-03 converged?   no component   161
  RMS step  4.9321E-03 Target: 1.2000E-03 converged?   no
  Max grad  2.4139E-04 Target: 4.5000E-04 converged?  yes component   251
  RMS grad  6.3802E-05 Target: 3.0000E-04 converged?  yes
Next calculation will be the dimer endpoint before rotation
dl-find/turbomole/=============================== Tstep:  109.8 Ttot:71478.6 ==
eandg
Spin: 
 Energy calculation finished, energy: -2.138692380E+03
Curvature at dimer midpoint                   -0.00152
Predicted dimer rotation angle:      4.369 deg
Next calculation will be the dimer endpoint after rotation
dl-find/turbomole/=============================== Tstep:   98.3 Ttot:71577.0 ==
eandg
Spin: 
 Energy calculation finished, energy: -2.138692380E+03
Curvature at dimer midpoint after rotation    -0.00042
Curvature at dimer minimum                    -0.00152
Actual dimer rotation angle:         0.068 deg
Dimer rotation converged after    1 steps
Writing TS-mode
Curvature after dimer rotation:               -0.00152
Frequency of transition mode  -200.316 cm^-1 (negative value denotes imaginary frequency)
Crossover temperature for tunnelling       45.86994 K
Restarting L-BFGS optimiser, instance: dimer rotation
Next calculation will be the dimer  midpoint
dl-find/turbomole/=============================== Tstep:   80.5 Ttot:71657.4 ==
eandg
Spin: 
 Energy calculation finished, energy: -2.138692391E+03
Testing convergence of dimer midpoint in cycle  238
    Energy  8.5140E-06 Target: 1.0000E-06 converged?   no
  Max step  3.2272E-02 Target: 1.8000E-03 converged?   no component   161
  RMS step  7.9950E-03 Target: 1.2000E-03 converged?   no
  Max grad  2.7774E-04 Target: 4.5000E-04 converged?  yes component    43
  RMS grad  7.4351E-05 Target: 3.0000E-04 converged?  yes
Next calculation will be the dimer endpoint before rotation
dl-find/turbomole/=============================== Tstep:  112.2 Ttot:71769.6 ==
eandg
Spin: 
 Energy calculation finished, energy: -2.138692392E+03
Curvature at dimer midpoint                   -0.00150
Predicted dimer rotation angle:      5.210 deg
Next calculation will be the dimer endpoint after rotation
dl-find/turbomole/=============================== Tstep:   99.3 Ttot:71868.9 ==
eandg
Spin: 
 Energy calculation finished, energy: -2.138692392E+03
Curvature at dimer midpoint after rotation     0.00000
Curvature at dimer minimum                    -0.00150
Actual dimer rotation angle:         0.084 deg
Dimer rotation converged after    1 steps
Writing TS-mode
Curvature after dimer rotation:               -0.00150
Frequency of transition mode  -199.119 cm^-1 (negative value denotes imaginary frequency)
Crossover temperature for tunnelling       45.59595 K
Restarting L-BFGS optimiser, instance: dimer rotation
Next calculation will be the dimer  midpoint
dl-find/turbomole/=============================== Tstep:   78.8 Ttot:71947.7 ==
eandg
Spin: 
 Energy calculation finished, energy: -2.138692378E+03
Testing convergence of dimer midpoint in cycle  239
    Energy  1.2777E-05 Target: 1.0000E-06 converged?   no
  Max step  7.4966E-02 Target: 1.8000E-03 converged?   no component   161
  RMS step  1.9125E-02 Target: 1.2000E-03 converged?   no
  Max grad  2.0025E-03 Target: 4.5000E-04 converged?   no component    88
  RMS grad  2.8940E-04 Target: 3.0000E-04 converged?  yes
Next calculation will be the dimer endpoint before rotation
dl-find/turbomole/=============================== Tstep:  132.3 Ttot:72080.0 ==
eandg
Spin: 
 Energy calculation finished, energy: -2.138692379E+03
Curvature at dimer midpoint                   -0.00154
Predicted dimer rotation angle:      5.378 deg
Next calculation will be the dimer endpoint after rotation
dl-find/turbomole/=============================== Tstep:  108.2 Ttot:72188.2 ==
eandg
Spin: 
 Energy calculation finished, energy: -2.138692378E+03
Curvature at dimer midpoint after rotation     0.00034
Curvature at dimer minimum                    -0.00155
Actual dimer rotation angle:         0.076 deg
Dimer rotation converged after    1 steps
Writing TS-mode
Curvature after dimer rotation:               -0.00155
Frequency of transition mode  -202.075 cm^-1 (negative value denotes imaginary frequency)
Crossover temperature for tunnelling       46.27282 K
Restarting L-BFGS optimiser, instance: dimer rotation
Next calculation will be the dimer  midpoint
dl-find/turbomole/=============================== Tstep:   78.4 Ttot:72266.7 ==
eandg
Spin: 
 Energy calculation finished, energy: -2.138692410E+03
Testing convergence of dimer midpoint in cycle  240
    Energy  3.1626E-05 Target: 1.0000E-06 converged?   no
  Max step  2.1834E-02 Target: 1.8000E-03 converged?   no component   161
  RMS step  5.7139E-03 Target: 1.2000E-03 converged?   no
  Max grad  1.7392E-04 Target: 4.5000E-04 converged?  yes component    88
  RMS grad  5.9409E-05 Target: 3.0000E-04 converged?  yes
Next calculation will be the dimer endpoint before rotation
dl-find/turbomole/=============================== Tstep:  124.4 Ttot:72391.1 ==
eandg
Spin: 
 Energy calculation finished, energy: -2.138692410E+03
Curvature at dimer midpoint                   -0.00152
Predicted dimer rotation angle:      4.497 deg
Next calculation will be the dimer endpoint after rotation
dl-find/turbomole/=============================== Tstep:   98.9 Ttot:72489.9 ==
eandg
Spin: 
 Energy calculation finished, energy: -2.138692410E+03
Curvature at dimer midpoint after rotation     0.00006
Curvature at dimer minimum                    -0.00152
Actual dimer rotation angle:         0.052 deg
Dimer rotation converged after    1 steps
Writing TS-mode
Curvature after dimer rotation:               -0.00152
Frequency of transition mode  -200.214 cm^-1 (negative value denotes imaginary frequency)
Crossover temperature for tunnelling       45.84676 K
Restarting L-BFGS optimiser, instance: dimer rotation
Next calculation will be the dimer  midpoint
dl-find/turbomole/=============================== Tstep:   79.3 Ttot:72569.2 ==
eandg
Spin: 
 Energy calculation finished, energy: -2.138692415E+03
Testing convergence of dimer midpoint in cycle  241
    Energy  5.3100E-06 Target: 1.0000E-06 converged?   no
  Max step  1.9055E-03 Target: 1.8000E-03 converged?   no component   205
  RMS step  5.4091E-04 Target: 1.2000E-03 converged?  yes
  Max grad  1.5696E-04 Target: 4.5000E-04 converged?  yes component    39
  RMS grad  4.4956E-05 Target: 3.0000E-04 converged?  yes
Next calculation will be the dimer endpoint before rotation
dl-find/turbomole/=============================== Tstep:  112.5 Ttot:72681.7 ==
eandg
Spin: 
 Energy calculation finished, energy: -2.138692415E+03
Curvature at dimer midpoint                   -0.00152
Predicted dimer rotation angle:      3.315 deg
Next calculation will be the dimer endpoint after rotation
dl-find/turbomole/=============================== Tstep:  108.1 Ttot:72789.8 ==
eandg
Spin: 
 Energy calculation finished, energy: -2.138692416E+03
Curvature at dimer midpoint after rotation    -0.00100
Curvature at dimer minimum                    -0.00152
Actual dimer rotation angle:         0.063 deg
Dimer rotation converged after    1 steps
Writing TS-mode
Curvature after dimer rotation:               -0.00152
Frequency of transition mode  -200.621 cm^-1 (negative value denotes imaginary frequency)
Crossover temperature for tunnelling       45.93979 K
Restarting L-BFGS optimiser, instance: dimer rotation
Next calculation will be the dimer  midpoint
dl-find/turbomole/=============================== Tstep:   77.8 Ttot:72867.5 ==
eandg
Spin: 
 Energy calculation finished, energy: -2.138692423E+03
Testing convergence of dimer midpoint in cycle  242
    Energy  8.5070E-06 Target: 1.0000E-06 converged?   no
  Max step  1.1905E-02 Target: 1.8000E-03 converged?   no component    36
  RMS step  3.7446E-03 Target: 1.2000E-03 converged?   no
  Max grad  2.2848E-04 Target: 4.5000E-04 converged?  yes component   251
  RMS grad  5.9785E-05 Target: 3.0000E-04 converged?  yes
Next calculation will be the dimer endpoint before rotation
dl-find/turbomole/=============================== Tstep:  114.8 Ttot:72982.3 ==
eandg
Spin: 
 Energy calculation finished, energy: -2.138692424E+03
Curvature at dimer midpoint                   -0.00152
Predicted dimer rotation angle:      4.196 deg
Next calculation will be the dimer endpoint after rotation
dl-find/turbomole/=============================== Tstep:  101.0 Ttot:73083.2 ==
eandg
Spin: 
 Energy calculation finished, energy: -2.138692424E+03
Curvature at dimer midpoint after rotation    -0.00011
Curvature at dimer minimum                    -0.00152
Actual dimer rotation angle:         0.048 deg
Dimer rotation converged after    1 steps
Writing TS-mode
Curvature after dimer rotation:               -0.00152
Frequency of transition mode  -200.290 cm^-1 (negative value denotes imaginary frequency)
Crossover temperature for tunnelling       45.86408 K
Restarting L-BFGS optimiser, instance: dimer rotation
Next calculation will be the dimer  midpoint
dl-find/turbomole/=============================== Tstep:   79.9 Ttot:73163.2 ==
eandg
Spin: 
 Energy calculation finished, energy: -2.138692435E+03
Testing convergence of dimer midpoint in cycle  243
    Energy  1.1488E-05 Target: 1.0000E-06 converged?   no
  Max step  2.0840E-02 Target: 1.8000E-03 converged?   no component    13
  RMS step  6.4272E-03 Target: 1.2000E-03 converged?   no
  Max grad  2.4141E-04 Target: 4.5000E-04 converged?  yes component    99
  RMS grad  6.7837E-05 Target: 3.0000E-04 converged?  yes
Next calculation will be the dimer endpoint before rotation
dl-find/turbomole/=============================== Tstep:  119.8 Ttot:73283.0 ==
eandg
Spin: 
 Energy calculation finished, energy: -2.138692436E+03
Curvature at dimer midpoint                   -0.00154
Predicted dimer rotation angle:      2.831 deg
Next calculation will be the dimer endpoint after rotation
dl-find/turbomole/=============================== Tstep:  108.1 Ttot:73391.1 ==
eandg
Spin: 
 Energy calculation finished, energy: -2.138692436E+03
Curvature at dimer midpoint after rotation    -0.00122
Curvature at dimer minimum                    -0.00154
Actual dimer rotation angle:         0.064 deg
Dimer rotation converged after    1 steps
Writing TS-mode
Curvature after dimer rotation:               -0.00154
Frequency of transition mode  -201.584 cm^-1 (negative value denotes imaginary frequency)
Crossover temperature for tunnelling       46.16047 K
Restarting L-BFGS optimiser, instance: dimer rotation
Next calculation will be the dimer  midpoint
dl-find/turbomole/=============================== Tstep:   72.5 Ttot:73463.6 ==
eandg
Spin: 
 Energy calculation finished, energy: -2.138692416E+03
Testing convergence of dimer midpoint in cycle  244
    Energy  1.8446E-05 Target: 1.0000E-06 converged?   no
  Max step  5.9729E-02 Target: 1.8000E-03 converged?   no component    13
  RMS step  1.7212E-02 Target: 1.2000E-03 converged?   no
  Max grad  1.5372E-03 Target: 4.5000E-04 converged?   no component    61
  RMS grad  3.2187E-04 Target: 3.0000E-04 converged?   no
Next calculation will be the dimer endpoint before rotation
dl-find/turbomole/=============================== Tstep:  130.2 Ttot:73593.8 ==
eandg
Spin: 
 Energy calculation finished, energy: -2.138692417E+03
Curvature at dimer midpoint                   -0.00153
Predicted dimer rotation angle:      5.808 deg
Next calculation will be the dimer endpoint after rotation
dl-find/turbomole/=============================== Tstep:  107.9 Ttot:73701.7 ==
eandg
Spin: 
 Energy calculation finished, energy: -2.138692418E+03
Curvature at dimer midpoint after rotation     0.00028
Curvature at dimer minimum                    -0.00153
Actual dimer rotation angle:         0.098 deg
Dimer rotation converged after    1 steps
Writing TS-mode
Curvature after dimer rotation:               -0.00153
Frequency of transition mode  -201.370 cm^-1 (negative value denotes imaginary frequency)
Crossover temperature for tunnelling       46.11137 K
Restarting L-BFGS optimiser, instance: dimer rotation
Next calculation will be the dimer  midpoint
dl-find/turbomole/=============================== Tstep:   78.5 Ttot:73780.2 ==
eandg
Spin: 
 Energy calculation finished, energy: -2.138692456E+03
Testing convergence of dimer midpoint in cycle  245
    Energy  3.9491E-05 Target: 1.0000E-06 converged?   no
  Max step  1.3813E-02 Target: 1.8000E-03 converged?   no component    13
  RMS step  3.8107E-03 Target: 1.2000E-03 converged?   no
  Max grad  1.6075E-04 Target: 4.5000E-04 converged?  yes component    84
  RMS grad  5.3414E-05 Target: 3.0000E-04 converged?  yes
Next calculation will be the dimer endpoint before rotation
dl-find/turbomole/=============================== Tstep:  117.3 Ttot:73897.5 ==
eandg
Spin: 
 Energy calculation finished, energy: -2.138692457E+03
Curvature at dimer midpoint                   -0.00157
Predicted dimer rotation angle:      5.464 deg
Next calculation will be the dimer endpoint after rotation
dl-find/turbomole/=============================== Tstep:  107.6 Ttot:74005.1 ==
eandg
Spin: 
 Energy calculation finished, energy: -2.138692456E+03
Curvature at dimer midpoint after rotation     0.00150
Curvature at dimer minimum                    -0.00157
Actual dimer rotation angle:         0.050 deg
Dimer rotation converged after    1 steps
Writing TS-mode
Curvature after dimer rotation:               -0.00157
Frequency of transition mode  -203.501 cm^-1 (negative value denotes imaginary frequency)
Crossover temperature for tunnelling       46.59936 K
Restarting L-BFGS optimiser, instance: dimer rotation
Next calculation will be the dimer  midpoint
dl-find/turbomole/=============================== Tstep:   64.6 Ttot:74069.6 ==
eandg
Spin: 
 Energy calculation finished, energy: -2.138692462E+03
Testing convergence of dimer midpoint in cycle  246
    Energy  5.8630E-06 Target: 1.0000E-06 converged?   no
  Max step  3.8764E-03 Target: 1.8000E-03 converged?   no component    13
  RMS step  1.0354E-03 Target: 1.2000E-03 converged?  yes
  Max grad  1.3276E-04 Target: 4.5000E-04 converged?  yes component    84
  RMS grad  4.1927E-05 Target: 3.0000E-04 converged?  yes
Next calculation will be the dimer endpoint before rotation
dl-find/turbomole/=============================== Tstep:  108.0 Ttot:74177.7 ==
eandg
Spin: 
 Energy calculation finished, energy: -2.138692462E+03
Curvature at dimer midpoint                   -0.00157
Predicted dimer rotation angle:      2.406 deg
Next calculation will be the dimer endpoint after rotation
dl-find/turbomole/=============================== Tstep:  104.5 Ttot:74282.2 ==
eandg
Spin: 
 Energy calculation finished, energy: -2.138692462E+03
Curvature at dimer midpoint after rotation    -0.00148
Curvature at dimer minimum                    -0.00157
Actual dimer rotation angle:         0.124 deg
Dimer rotation converged after    1 steps
Writing TS-mode
Curvature after dimer rotation:               -0.00157
Frequency of transition mode  -203.929 cm^-1 (negative value denotes imaginary frequency)
Crossover temperature for tunnelling       46.69746 K
Restarting L-BFGS optimiser, instance: dimer rotation
Next calculation will be the dimer  midpoint
dl-find/turbomole/=============================== Tstep:   67.3 Ttot:74349.5 ==
eandg
Spin: 
 Energy calculation finished, energy: -2.138692466E+03
Testing convergence of dimer midpoint in cycle  247
    Energy  4.4960E-06 Target: 1.0000E-06 converged?   no
  Max step  1.7556E-02 Target: 1.8000E-03 converged?   no component    13
  RMS step  4.4391E-03 Target: 1.2000E-03 converged?   no
  Max grad  2.3986E-04 Target: 4.5000E-04 converged?  yes component   251
  RMS grad  5.6622E-05 Target: 3.0000E-04 converged?  yes
Next calculation will be the dimer endpoint before rotation
dl-find/turbomole/=============================== Tstep:  119.6 Ttot:74469.1 ==
eandg
Spin: 
 Energy calculation finished, energy: -2.138692466E+03
Curvature at dimer midpoint                   -0.00159
Predicted dimer rotation angle:      4.289 deg
Next calculation will be the dimer endpoint after rotation
dl-find/turbomole/=============================== Tstep:  100.6 Ttot:74569.7 ==
eandg
Spin: 
 Energy calculation finished, energy: -2.138692466E+03
Curvature at dimer midpoint after rotation     0.00010
Curvature at dimer minimum                    -0.00159
Actual dimer rotation angle:         0.045 deg
Dimer rotation converged after    1 steps
Writing TS-mode
Curvature after dimer rotation:               -0.00159
Frequency of transition mode  -204.935 cm^-1 (negative value denotes imaginary frequency)
Crossover temperature for tunnelling       46.92775 K
Restarting L-BFGS optimiser, instance: dimer rotation
Next calculation will be the dimer  midpoint
dl-find/turbomole/=============================== Tstep:   69.5 Ttot:74639.2 ==
eandg
Spin: 
 Energy calculation finished, energy: -2.138692474E+03
Testing convergence of dimer midpoint in cycle  248
    Energy  8.0720E-06 Target: 1.0000E-06 converged?   no
  Max step  2.0424E-02 Target: 1.8000E-03 converged?   no component    13
  RMS step  5.1425E-03 Target: 1.2000E-03 converged?   no
  Max grad  3.9244E-04 Target: 4.5000E-04 converged?  yes component    43
  RMS grad  6.8526E-05 Target: 3.0000E-04 converged?  yes
Next calculation will be the dimer endpoint before rotation
dl-find/turbomole/=============================== Tstep:  120.0 Ttot:74759.2 ==
eandg
Spin: 
 Energy calculation finished, energy: -2.138692476E+03
Curvature at dimer midpoint                   -0.00163
Predicted dimer rotation angle:      3.306 deg
Next calculation will be the dimer endpoint after rotation
dl-find/turbomole/=============================== Tstep:  109.7 Ttot:74869.0 ==
eandg
Spin: 
 Energy calculation finished, energy: -2.138692476E+03
Curvature at dimer midpoint after rotation    -0.00126
Curvature at dimer minimum                    -0.00163
Actual dimer rotation angle:         0.092 deg
Dimer rotation converged after    1 steps
Writing TS-mode
Curvature after dimer rotation:               -0.00163
Frequency of transition mode  -207.435 cm^-1 (negative value denotes imaginary frequency)
Crossover temperature for tunnelling       47.50026 K
Restarting L-BFGS optimiser, instance: dimer rotation
Next calculation will be the dimer  midpoint
dl-find/turbomole/=============================== Tstep:   87.7 Ttot:74956.7 ==
eandg
Spin: 
 Energy calculation finished, energy: -2.138692507E+03
Testing convergence of dimer midpoint in cycle  249
    Energy  3.2394E-05 Target: 1.0000E-06 converged?   no
  Max step  5.8938E-02 Target: 1.8000E-03 converged?   no component    13
  RMS step  1.4610E-02 Target: 1.2000E-03 converged?   no
  Max grad  9.6134E-04 Target: 4.5000E-04 converged?   no component   141
  RMS grad  1.9749E-04 Target: 3.0000E-04 converged?  yes
Next calculation will be the dimer endpoint before rotation
dl-find/turbomole/=============================== Tstep:  129.4 Ttot:75086.1 ==
eandg
Spin: 
 Energy calculation finished, energy: -2.138692507E+03
Curvature at dimer midpoint                   -0.00167
Predicted dimer rotation angle:      4.468 deg
Next calculation will be the dimer endpoint after rotation
dl-find/turbomole/=============================== Tstep:  108.7 Ttot:75194.8 ==
eandg
Spin: 
 Energy calculation finished, energy: -2.138692507E+03
Curvature at dimer midpoint after rotation    -0.00037
Curvature at dimer minimum                    -0.00167
Actual dimer rotation angle:         0.068 deg
Dimer rotation converged after    1 steps
Writing TS-mode
Curvature after dimer rotation:               -0.00167
Frequency of transition mode  -210.262 cm^-1 (negative value denotes imaginary frequency)
Crossover temperature for tunnelling       48.14765 K
Restarting L-BFGS optimiser, instance: dimer rotation
Next calculation will be the dimer  midpoint
dl-find/turbomole/=============================== Tstep:   80.4 Ttot:75275.2 ==
eandg
Spin: 
 Energy calculation finished, energy: -2.138692521E+03
Testing convergence of dimer midpoint in cycle  250
    Energy  1.4093E-05 Target: 1.0000E-06 converged?   no
  Max step  6.8686E-03 Target: 1.8000E-03 converged?   no component    13
  RMS step  1.8484E-03 Target: 1.2000E-03 converged?   no
  Max grad  1.2433E-04 Target: 4.5000E-04 converged?  yes component   212
  RMS grad  4.7823E-05 Target: 3.0000E-04 converged?  yes
Next calculation will be the dimer endpoint before rotation
dl-find/turbomole/=============================== Tstep:  101.6 Ttot:75376.8 ==
eandg
Spin: 
 Energy calculation finished, energy: -2.138692522E+03
Curvature at dimer midpoint                   -0.00162
Predicted dimer rotation angle:      3.593 deg
Next calculation will be the dimer endpoint after rotation
dl-find/turbomole/=============================== Tstep:  107.9 Ttot:75484.7 ==
eandg
Spin: 
 Energy calculation finished, energy: -2.138692522E+03
Curvature at dimer midpoint after rotation    -0.00064
Curvature at dimer minimum                    -0.00162
Actual dimer rotation angle:         0.045 deg
Dimer rotation converged after    1 steps
Writing TS-mode
Curvature after dimer rotation:               -0.00162
Frequency of transition mode  -206.974 cm^-1 (negative value denotes imaginary frequency)
Crossover temperature for tunnelling       47.39461 K
Restarting L-BFGS optimiser, instance: dimer rotation
Next calculation will be the dimer  midpoint
dl-find/turbomole/=============================== Tstep:   78.9 Ttot:75563.5 ==
eandg
Spin: 
 Energy calculation finished, energy: -2.138692524E+03
Testing convergence of dimer midpoint in cycle  251
    Energy  3.3630E-06 Target: 1.0000E-06 converged?   no
  Max step  1.5453E-03 Target: 1.8000E-03 converged?  yes component   205
  RMS step  4.8325E-04 Target: 1.2000E-03 converged?  yes
  Max grad  1.0771E-04 Target: 4.5000E-04 converged?  yes component   105
  RMS grad  4.0736E-05 Target: 3.0000E-04 converged?  yes
Next calculation will be the dimer endpoint before rotation
dl-find/turbomole/=============================== Tstep:  110.6 Ttot:75674.1 ==
eandg
Spin: 
 Energy calculation finished, energy: -2.138692525E+03
Curvature at dimer midpoint                   -0.00165
Predicted dimer rotation angle:      2.794 deg
Next calculation will be the dimer endpoint after rotation
dl-find/turbomole/=============================== Tstep:  108.1 Ttot:75782.2 ==
eandg
Spin: 
 Energy calculation finished, energy: -2.138692525E+03
Curvature at dimer midpoint after rotation    -0.00126
Curvature at dimer minimum                    -0.00165
Actual dimer rotation angle:         0.053 deg
Dimer rotation converged after    1 steps
Writing TS-mode
Curvature after dimer rotation:               -0.00165
Frequency of transition mode  -209.032 cm^-1 (negative value denotes imaginary frequency)
Crossover temperature for tunnelling       47.86601 K
Restarting L-BFGS optimiser, instance: dimer rotation
Next calculation will be the dimer  midpoint
dl-find/turbomole/=============================== Tstep:   83.1 Ttot:75865.3 ==
eandg
Spin: 
 Energy calculation finished, energy: -2.138692523E+03
Testing convergence of dimer midpoint in cycle  252
    Energy  1.0160E-06 Target: 1.0000E-06 converged?   no
  Max step  1.1016E-02 Target: 1.8000E-03 converged?   no component    13
  RMS step  3.1192E-03 Target: 1.2000E-03 converged?   no
  Max grad  2.5935E-04 Target: 4.5000E-04 converged?  yes component    88
  RMS grad  5.2334E-05 Target: 3.0000E-04 converged?  yes
Next calculation will be the dimer endpoint before rotation
dl-find/turbomole/=============================== Tstep:  111.8 Ttot:75977.1 ==
eandg
Spin: 
 Energy calculation finished, energy: -2.138692523E+03
Curvature at dimer midpoint                   -0.00168
Predicted dimer rotation angle:      3.204 deg
Next calculation will be the dimer endpoint after rotation
dl-find/turbomole/=============================== Tstep:  107.5 Ttot:76084.6 ==
eandg
Spin: 
 Energy calculation finished, energy: -2.138692524E+03
Curvature at dimer midpoint after rotation    -0.00097
Curvature at dimer minimum                    -0.00168
Actual dimer rotation angle:         0.046 deg
Dimer rotation converged after    1 steps
Writing TS-mode
Curvature after dimer rotation:               -0.00168
Frequency of transition mode  -210.819 cm^-1 (negative value denotes imaginary frequency)
Crossover temperature for tunnelling       48.27516 K
Restarting L-BFGS optimiser, instance: dimer rotation
Next calculation will be the dimer  midpoint
dl-find/turbomole/=============================== Tstep:   83.4 Ttot:76168.0 ==
eandg
Spin: 
 Energy calculation finished, energy: -2.138692535E+03
Testing convergence of dimer midpoint in cycle  253
    Energy  1.1347E-05 Target: 1.0000E-06 converged?   no
  Max step  2.1586E-02 Target: 1.8000E-03 converged?   no component    13
  RMS step  5.8901E-03 Target: 1.2000E-03 converged?   no
  Max grad  3.9743E-04 Target: 4.5000E-04 converged?  yes component   138
  RMS grad  9.4497E-05 Target: 3.0000E-04 converged?  yes
Next calculation will be the dimer endpoint before rotation
dl-find/turbomole/=============================== Tstep:  113.1 Ttot:76281.1 ==
eandg
Spin: 
 Energy calculation finished, energy: -2.138692535E+03
Curvature at dimer midpoint                   -0.00171
Predicted dimer rotation angle:      3.022 deg
Next calculation will be the dimer endpoint after rotation
dl-find/turbomole/=============================== Tstep:  107.7 Ttot:76388.8 ==
eandg
Spin: 
 Energy calculation finished, energy: -2.138692535E+03
Curvature at dimer midpoint after rotation    -0.00127
Curvature at dimer minimum                    -0.00171
Actual dimer rotation angle:         0.063 deg
Dimer rotation converged after    1 steps
Writing TS-mode
Curvature after dimer rotation:               -0.00171
Frequency of transition mode  -212.521 cm^-1 (negative value denotes imaginary frequency)
Crossover temperature for tunnelling       48.66487 K
Restarting L-BFGS optimiser, instance: dimer rotation
Next calculation will be the dimer  midpoint
dl-find/turbomole/=============================== Tstep:   78.7 Ttot:76467.5 ==
eandg
Spin: 
 Energy calculation finished, energy: -2.138692544E+03
Testing convergence of dimer midpoint in cycle  254
    Energy  9.1380E-06 Target: 1.0000E-06 converged?   no
  Max step  3.1684E-02 Target: 1.8000E-03 converged?   no component    13
  RMS step  8.5669E-03 Target: 1.2000E-03 converged?   no
  Max grad  2.6055E-04 Target: 4.5000E-04 converged?  yes component    88
  RMS grad  6.1475E-05 Target: 3.0000E-04 converged?  yes
Next calculation will be the dimer endpoint before rotation
dl-find/turbomole/=============================== Tstep:  113.9 Ttot:76581.4 ==
eandg
Spin: 
 Energy calculation finished, energy: -2.138692544E+03
Curvature at dimer midpoint                   -0.00174
Predicted dimer rotation angle:      3.647 deg
Next calculation will be the dimer endpoint after rotation
dl-find/turbomole/=============================== Tstep:  108.1 Ttot:76689.5 ==
eandg
Spin: 
 Energy calculation finished, energy: -2.138692544E+03
Curvature at dimer midpoint after rotation    -0.00090
Curvature at dimer minimum                    -0.00174
Actual dimer rotation angle:         0.060 deg
Dimer rotation converged after    1 steps
Writing TS-mode
Curvature after dimer rotation:               -0.00174
Frequency of transition mode  -214.406 cm^-1 (negative value denotes imaginary frequency)
Crossover temperature for tunnelling       49.09644 K
Restarting L-BFGS optimiser, instance: dimer rotation
Next calculation will be the dimer  midpoint
dl-find/turbomole/=============================== Tstep:   79.4 Ttot:76768.9 ==
eandg
Spin: 
 Energy calculation finished, energy: -2.138692555E+03
Testing convergence of dimer midpoint in cycle  255
    Energy  1.1080E-05 Target: 1.0000E-06 converged?   no
  Max step  1.7058E-02 Target: 1.8000E-03 converged?   no component    13
  RMS step  4.4082E-03 Target: 1.2000E-03 converged?   no
  Max grad  1.5011E-04 Target: 4.5000E-04 converged?  yes component    10
  RMS grad  4.8077E-05 Target: 3.0000E-04 converged?  yes
Next calculation will be the dimer endpoint before rotation
dl-find/turbomole/=============================== Tstep:  115.9 Ttot:76884.8 ==
eandg
Spin: 
 Energy calculation finished, energy: -2.138692555E+03
Curvature at dimer midpoint                   -0.00178
Predicted dimer rotation angle:      3.732 deg
Next calculation will be the dimer endpoint after rotation
dl-find/turbomole/=============================== Tstep:  107.4 Ttot:76992.2 ==
eandg
Spin: 
 Energy calculation finished, energy: -2.138692553E+03
Curvature at dimer midpoint after rotation    -0.00096
Curvature at dimer minimum                    -0.00178
Actual dimer rotation angle:         0.067 deg
Dimer rotation converged after    1 steps
Writing TS-mode
Curvature after dimer rotation:               -0.00178
Frequency of transition mode  -216.669 cm^-1 (negative value denotes imaginary frequency)
Crossover temperature for tunnelling       49.61470 K
Restarting L-BFGS optimiser, instance: dimer rotation
Next calculation will be the dimer  midpoint
dl-find/turbomole/=============================== Tstep:   79.3 Ttot:77071.5 ==
eandg
Spin: 
 Energy calculation finished, energy: -2.138692566E+03
Testing convergence of dimer midpoint in cycle  256
    Energy  1.1222E-05 Target: 1.0000E-06 converged?   no
  Max step  2.9878E-02 Target: 1.8000E-03 converged?   no component    13
  RMS step  7.8160E-03 Target: 1.2000E-03 converged?   no
  Max grad  4.4608E-04 Target: 4.5000E-04 converged?  yes component    43
  RMS grad  8.5859E-05 Target: 3.0000E-04 converged?  yes
Next calculation will be the dimer endpoint before rotation
dl-find/turbomole/=============================== Tstep:   98.6 Ttot:77170.1 ==
eandg
Spin: 
 Energy calculation finished, energy: -2.138692566E+03
Curvature at dimer midpoint                   -0.00163
Predicted dimer rotation angle:      5.474 deg
Next calculation will be the dimer endpoint after rotation
dl-find/turbomole/=============================== Tstep:  100.3 Ttot:77270.4 ==
eandg
Spin: 
 Energy calculation finished, energy: -2.138692566E+03
Curvature at dimer midpoint after rotation     0.00008
Curvature at dimer minimum                    -0.00163
Actual dimer rotation angle:         0.093 deg
Dimer rotation converged after    1 steps
Writing TS-mode
Curvature after dimer rotation:               -0.00163
Frequency of transition mode  -207.631 cm^-1 (negative value denotes imaginary frequency)
Crossover temperature for tunnelling       47.54499 K
Restarting L-BFGS optimiser, instance: dimer rotation
Next calculation will be the dimer  midpoint
dl-find/turbomole/=============================== Tstep:   65.0 Ttot:77335.4 ==
eandg
Spin: 
 Energy calculation finished, energy: -2.138692566E+03
Testing convergence of dimer midpoint in cycle  257
    Energy  1.4300E-07 Target: 1.0000E-06 converged?  yes
  Max step  3.5518E-02 Target: 1.8000E-03 converged?   no component    13
  RMS step  8.2244E-03 Target: 1.2000E-03 converged?   no
  Max grad  4.6628E-04 Target: 4.5000E-04 converged?   no component    88
  RMS grad  1.0244E-04 Target: 3.0000E-04 converged?  yes
Next calculation will be the dimer endpoint before rotation
dl-find/turbomole/=============================== Tstep:  118.6 Ttot:77454.0 ==
eandg
Spin: 
 Energy calculation finished, energy: -2.138692566E+03
Curvature at dimer midpoint                   -0.00181
Predicted dimer rotation angle:      5.800 deg
Next calculation will be the dimer endpoint after rotation
dl-find/turbomole/=============================== Tstep:  108.6 Ttot:77562.5 ==
eandg
Spin: 
 Energy calculation finished, energy: -2.138692565E+03
Curvature at dimer midpoint after rotation     0.00069
Curvature at dimer minimum                    -0.00181
Actual dimer rotation angle:         0.085 deg
Dimer rotation converged after    1 steps
Writing TS-mode
Curvature after dimer rotation:               -0.00181
Frequency of transition mode  -218.704 cm^-1 (negative value denotes imaginary frequency)
Crossover temperature for tunnelling       50.08069 K
Restarting L-BFGS optimiser, instance: dimer rotation
Next calculation will be the dimer  midpoint
dl-find/turbomole/=============================== Tstep:   86.7 Ttot:77649.3 ==
eandg
Spin: 
 Energy calculation finished, energy: -2.138692572E+03
Testing convergence of dimer midpoint in cycle  258
    Energy  6.2050E-06 Target: 1.0000E-06 converged?   no
  Max step  4.1867E-03 Target: 1.8000E-03 converged?   no component   161
  RMS step  1.2690E-03 Target: 1.2000E-03 converged?   no
  Max grad  2.1760E-04 Target: 4.5000E-04 converged?  yes component    88
  RMS grad  5.5171E-05 Target: 3.0000E-04 converged?  yes
Next calculation will be the dimer endpoint before rotation
dl-find/turbomole/=============================== Tstep:  112.6 Ttot:77761.8 ==
eandg
Spin: 
 Energy calculation finished, energy: -2.138692572E+03
Curvature at dimer midpoint                   -0.00181
Predicted dimer rotation angle:      4.056 deg
Next calculation will be the dimer endpoint after rotation
dl-find/turbomole/=============================== Tstep:  106.7 Ttot:77868.5 ==
eandg
Spin: 
 Energy calculation finished, energy: -2.138692572E+03
Curvature at dimer midpoint after rotation    -0.00085
Curvature at dimer minimum                    -0.00181
Actual dimer rotation angle:         0.074 deg
Dimer rotation converged after    1 steps
Writing TS-mode
Curvature after dimer rotation:               -0.00181
Frequency of transition mode  -218.694 cm^-1 (negative value denotes imaginary frequency)
Crossover temperature for tunnelling       50.07834 K
Restarting L-BFGS optimiser, instance: dimer rotation
Next calculation will be the dimer  midpoint
dl-find/turbomole/=============================== Tstep:   88.6 Ttot:77957.1 ==
eandg
Spin: 
 Energy calculation finished, energy: -2.138692574E+03
Testing convergence of dimer midpoint in cycle  259
    Energy  1.9280E-06 Target: 1.0000E-06 converged?   no
  Max step  8.8530E-03 Target: 1.8000E-03 converged?   no component    13
  RMS step  2.2138E-03 Target: 1.2000E-03 converged?   no
  Max grad  2.1566E-04 Target: 4.5000E-04 converged?  yes component   122
  RMS grad  5.3484E-05 Target: 3.0000E-04 converged?  yes
Next calculation will be the dimer endpoint before rotation
dl-find/turbomole/=============================== Tstep:  114.8 Ttot:78071.9 ==
eandg
Spin: 
 Energy calculation finished, energy: -2.138692574E+03
Curvature at dimer midpoint                   -0.00180
Predicted dimer rotation angle:      3.722 deg
Next calculation will be the dimer endpoint after rotation
dl-find/turbomole/=============================== Tstep:  107.2 Ttot:78179.1 ==
eandg
Spin: 
 Energy calculation finished, energy: -2.138692574E+03
Curvature at dimer midpoint after rotation    -0.00084
Curvature at dimer minimum                    -0.00180
Actual dimer rotation angle:         0.058 deg
Dimer rotation converged after    1 steps
Writing TS-mode
Curvature after dimer rotation:               -0.00180
Frequency of transition mode  -217.858 cm^-1 (negative value denotes imaginary frequency)
Crossover temperature for tunnelling       49.88693 K
Restarting L-BFGS optimiser, instance: dimer rotation
Next calculation will be the dimer  midpoint
dl-find/turbomole/=============================== Tstep:   84.7 Ttot:78263.8 ==
eandg
Spin: 
 Energy calculation finished, energy: -2.138692579E+03
Testing convergence of dimer midpoint in cycle  260
    Energy  4.7560E-06 Target: 1.0000E-06 converged?   no
  Max step  1.6719E-02 Target: 1.8000E-03 converged?   no component    13
  RMS step  3.7039E-03 Target: 1.2000E-03 converged?   no
  Max grad  2.5571E-04 Target: 4.5000E-04 converged?  yes component   251
  RMS grad  6.4036E-05 Target: 3.0000E-04 converged?  yes
Next calculation will be the dimer endpoint before rotation
dl-find/turbomole/=============================== Tstep:  114.4 Ttot:78378.2 ==
eandg
Spin: 
 Energy calculation finished, energy: -2.138692578E+03
Curvature at dimer midpoint                   -0.00181
Predicted dimer rotation angle:      3.732 deg
Next calculation will be the dimer endpoint after rotation
dl-find/turbomole/=============================== Tstep:  107.4 Ttot:78485.5 ==
eandg
Spin: 
 Energy calculation finished, energy: -2.138692578E+03
Curvature at dimer midpoint after rotation    -0.00113
Curvature at dimer minimum                    -0.00181
Actual dimer rotation angle:         0.081 deg
Dimer rotation converged after    1 steps
Writing TS-mode
Curvature after dimer rotation:               -0.00181
Frequency of transition mode  -218.960 cm^-1 (negative value denotes imaginary frequency)
Crossover temperature for tunnelling       50.13924 K
Restarting L-BFGS optimiser, instance: dimer rotation
Next calculation will be the dimer  midpoint
dl-find/turbomole/=============================== Tstep:   80.8 Ttot:78566.3 ==
eandg
Spin: 
 Energy calculation finished, energy: -2.138692579E+03
Testing convergence of dimer midpoint in cycle  261
    Energy  2.9700E-07 Target: 1.0000E-06 converged?  yes
  Max step  5.2452E-02 Target: 1.8000E-03 converged?   no component    13
  RMS step  1.1064E-02 Target: 1.2000E-03 converged?   no
  Max grad  7.1934E-04 Target: 4.5000E-04 converged?   no component   106
  RMS grad  1.4139E-04 Target: 3.0000E-04 converged?  yes
Next calculation will be the dimer endpoint before rotation
dl-find/turbomole/=============================== Tstep:  122.4 Ttot:78688.7 ==
eandg
Spin: 
 Energy calculation finished, energy: -2.138692580E+03
Curvature at dimer midpoint                   -0.00181
Predicted dimer rotation angle:      4.519 deg
Next calculation will be the dimer endpoint after rotation
dl-find/turbomole/=============================== Tstep:  101.4 Ttot:78790.1 ==
eandg
Spin: 
 Energy calculation finished, energy: -2.138692579E+03
Curvature at dimer midpoint after rotation    -0.00036
Curvature at dimer minimum                    -0.00181
Actual dimer rotation angle:         0.069 deg
Dimer rotation converged after    1 steps
Writing TS-mode
Curvature after dimer rotation:               -0.00181
Frequency of transition mode  -218.754 cm^-1 (negative value denotes imaginary frequency)
Crossover temperature for tunnelling       50.09205 K
Restarting L-BFGS optimiser, instance: dimer rotation
Next calculation will be the dimer  midpoint
dl-find/turbomole/=============================== Tstep:   88.1 Ttot:78878.2 ==
eandg
Spin: 
 Energy calculation finished, energy: -2.138692596E+03
Testing convergence of dimer midpoint in cycle  262
    Energy  1.7272E-05 Target: 1.0000E-06 converged?   no
  Max step  3.3541E-02 Target: 1.8000E-03 converged?   no component    13
  RMS step  7.5524E-03 Target: 1.2000E-03 converged?   no
  Max grad  2.5691E-04 Target: 4.5000E-04 converged?  yes component   251
  RMS grad  5.5389E-05 Target: 3.0000E-04 converged?  yes
Next calculation will be the dimer endpoint before rotation
dl-find/turbomole/=============================== Tstep:  117.0 Ttot:78995.2 ==
eandg
Spin: 
 Energy calculation finished, energy: -2.138692596E+03
Curvature at dimer midpoint                   -0.00184
Predicted dimer rotation angle:      4.693 deg
Next calculation will be the dimer endpoint after rotation
dl-find/turbomole/=============================== Tstep:  108.3 Ttot:79103.5 ==
eandg
Spin: 
 Energy calculation finished, energy: -2.138692596E+03
Curvature at dimer midpoint after rotation    -0.00035
Curvature at dimer minimum                    -0.00184
Actual dimer rotation angle:         0.076 deg
Dimer rotation converged after    1 steps
Writing TS-mode
Curvature after dimer rotation:               -0.00184
Frequency of transition mode  -220.491 cm^-1 (negative value denotes imaginary frequency)
Crossover temperature for tunnelling       50.48991 K
Restarting L-BFGS optimiser, instance: dimer rotation
Next calculation will be the dimer  midpoint
dl-find/turbomole/=============================== Tstep:   80.4 Ttot:79183.9 ==
eandg
Spin: 
 Energy calculation finished, energy: -2.138692600E+03
Testing convergence of dimer midpoint in cycle  263
    Energy  3.9770E-06 Target: 1.0000E-06 converged?   no
  Max step  5.2343E-03 Target: 1.8000E-03 converged?   no component    13
  RMS step  1.1992E-03 Target: 1.2000E-03 converged?  yes
  Max grad  1.3305E-04 Target: 4.5000E-04 converged?  yes component    43
  RMS grad  4.2892E-05 Target: 3.0000E-04 converged?  yes
Next calculation will be the dimer endpoint before rotation
dl-find/turbomole/=============================== Tstep:  119.6 Ttot:79303.5 ==
eandg
Spin: 
 Energy calculation finished, energy: -2.138692600E+03
Curvature at dimer midpoint                   -0.00185
Predicted dimer rotation angle:      3.862 deg
Next calculation will be the dimer endpoint after rotation
dl-find/turbomole/=============================== Tstep:  108.6 Ttot:79412.1 ==
eandg
Spin: 
 Energy calculation finished, energy: -2.138692600E+03
Curvature at dimer midpoint after rotation    -0.00098
Curvature at dimer minimum                    -0.00185
Actual dimer rotation angle:         0.072 deg
Dimer rotation converged after    1 steps
Writing TS-mode
Curvature after dimer rotation:               -0.00185
Frequency of transition mode  -221.017 cm^-1 (negative value denotes imaginary frequency)
Crossover temperature for tunnelling       50.61029 K
Restarting L-BFGS optimiser, instance: dimer rotation
Next calculation will be the dimer  midpoint
dl-find/turbomole/=============================== Tstep:   83.2 Ttot:79495.3 ==
eandg
Spin: 
 Energy calculation finished, energy: -2.138692607E+03
Testing convergence of dimer midpoint in cycle  264
    Energy  6.6360E-06 Target: 1.0000E-06 converged?   no
  Max step  1.8738E-02 Target: 1.8000E-03 converged?   no component    13
  RMS step  3.9264E-03 Target: 1.2000E-03 converged?   no
  Max grad  2.0915E-04 Target: 4.5000E-04 converged?  yes component   244
  RMS grad  5.1807E-05 Target: 3.0000E-04 converged?  yes
Next calculation will be the dimer endpoint before rotation
dl-find/turbomole/=============================== Tstep:  122.9 Ttot:79618.2 ==
eandg
Spin: 
 Energy calculation finished, energy: -2.138692607E+03
Curvature at dimer midpoint                   -0.00183
Predicted dimer rotation angle:      3.075 deg
Next calculation will be the dimer endpoint after rotation
dl-find/turbomole/=============================== Tstep:  107.2 Ttot:79725.4 ==
eandg
Spin: 
 Energy calculation finished, energy: -2.138692607E+03
Curvature at dimer midpoint after rotation    -0.00137
Curvature at dimer minimum                    -0.00183
Actual dimer rotation angle:         0.068 deg
Dimer rotation converged after    1 steps
Writing TS-mode
Curvature after dimer rotation:               -0.00183
Frequency of transition mode  -220.082 cm^-1 (negative value denotes imaginary frequency)
Crossover temperature for tunnelling       50.39624 K
Restarting L-BFGS optimiser, instance: dimer rotation
Next calculation will be the dimer  midpoint
dl-find/turbomole/=============================== Tstep:   79.1 Ttot:79804.6 ==
eandg
Spin: 
 Energy calculation finished, energy: -2.138692612E+03
Testing convergence of dimer midpoint in cycle  265
    Energy  5.2560E-06 Target: 1.0000E-06 converged?   no
  Max step  2.3889E-02 Target: 1.8000E-03 converged?   no component    13
  RMS step  4.8259E-03 Target: 1.2000E-03 converged?   no
  Max grad  4.6443E-04 Target: 4.5000E-04 converged?   no component   251
  RMS grad  8.3518E-05 Target: 3.0000E-04 converged?  yes
Next calculation will be the dimer endpoint before rotation
dl-find/turbomole/=============================== Tstep:  114.9 Ttot:79919.5 ==
eandg
Spin: 
 Energy calculation finished, energy: -2.138692612E+03
Curvature at dimer midpoint                   -0.00184
Predicted dimer rotation angle:      3.586 deg
Next calculation will be the dimer endpoint after rotation
dl-find/turbomole/=============================== Tstep:  106.8 Ttot:80026.2 ==
eandg
Spin: 
 Energy calculation finished, energy: -2.138692612E+03
Curvature at dimer midpoint after rotation    -0.00087
Curvature at dimer minimum                    -0.00184
Actual dimer rotation angle:         0.052 deg
Dimer rotation converged after    1 steps
Writing TS-mode
Curvature after dimer rotation:               -0.00184
Frequency of transition mode  -220.243 cm^-1 (negative value denotes imaginary frequency)
Crossover temperature for tunnelling       50.43310 K
Restarting L-BFGS optimiser, instance: dimer rotation
Next calculation will be the dimer  midpoint
dl-find/turbomole/=============================== Tstep:   83.3 Ttot:80109.5 ==
eandg
Spin: 
 Energy calculation finished, energy: -2.138692619E+03
Testing convergence of dimer midpoint in cycle  266
    Energy  6.4670E-06 Target: 1.0000E-06 converged?   no
  Max step  3.0119E-02 Target: 1.8000E-03 converged?   no component    13
  RMS step  6.0859E-03 Target: 1.2000E-03 converged?   no
  Max grad  2.2920E-04 Target: 4.5000E-04 converged?  yes component   244
  RMS grad  5.2677E-05 Target: 3.0000E-04 converged?  yes
Next calculation will be the dimer endpoint before rotation
dl-find/turbomole/=============================== Tstep:  112.2 Ttot:80221.7 ==
eandg
Spin: 
 Energy calculation finished, energy: -2.138692619E+03
Curvature at dimer midpoint                   -0.00182
Predicted dimer rotation angle:      2.805 deg
Next calculation will be the dimer endpoint after rotation
dl-find/turbomole/=============================== Tstep:  108.5 Ttot:80330.2 ==
eandg
Spin: 
 Energy calculation finished, energy: -2.138692619E+03
Curvature at dimer midpoint after rotation    -0.00140
Curvature at dimer minimum                    -0.00182
Actual dimer rotation angle:         0.056 deg
Dimer rotation converged after    1 steps
Writing TS-mode
Curvature after dimer rotation:               -0.00182
Frequency of transition mode  -219.385 cm^-1 (negative value denotes imaginary frequency)
Crossover temperature for tunnelling       50.23659 K
Restarting L-BFGS optimiser, instance: dimer rotation
Next calculation will be the dimer  midpoint
dl-find/turbomole/=============================== Tstep:   75.1 Ttot:80405.3 ==
eandg
Spin: 
 Energy calculation finished, energy: -2.138692622E+03
Testing convergence of dimer midpoint in cycle  267
    Energy  3.3840E-06 Target: 1.0000E-06 converged?   no
  Max step  1.7549E-02 Target: 1.8000E-03 converged?   no component    13
  RMS step  3.4374E-03 Target: 1.2000E-03 converged?   no
  Max grad  1.2537E-04 Target: 4.5000E-04 converged?  yes component   116
  RMS grad  3.9839E-05 Target: 3.0000E-04 converged?  yes
Next calculation will be the dimer endpoint before rotation
dl-find/turbomole/=============================== Tstep:  118.1 Ttot:80523.4 ==
eandg
Spin: 
 Energy calculation finished, energy: -2.138692622E+03
Curvature at dimer midpoint                   -0.00182
Predicted dimer rotation angle:      3.100 deg
Next calculation will be the dimer endpoint after rotation
dl-find/turbomole/=============================== Tstep:  108.5 Ttot:80631.9 ==
eandg
Spin: 
 Energy calculation finished, energy: -2.138692622E+03
Curvature at dimer midpoint after rotation    -0.00112
Curvature at dimer minimum                    -0.00182
Actual dimer rotation angle:         0.046 deg
Dimer rotation converged after    1 steps
Writing TS-mode
Curvature after dimer rotation:               -0.00182
Frequency of transition mode  -219.471 cm^-1 (negative value denotes imaginary frequency)
Crossover temperature for tunnelling       50.25637 K
Restarting L-BFGS optimiser, instance: dimer rotation
Next calculation will be the dimer  midpoint
dl-find/turbomole/=============================== Tstep:   64.1 Ttot:80695.9 ==
eandg
Spin: 
 Energy calculation finished, energy: -2.138692629E+03
Testing convergence of dimer midpoint in cycle  268
    Energy  7.4190E-06 Target: 1.0000E-06 converged?   no
  Max step  2.1208E-02 Target: 1.8000E-03 converged?   no component    13
  RMS step  4.1750E-03 Target: 1.2000E-03 converged?   no
  Max grad  3.5466E-04 Target: 4.5000E-04 converged?  yes component   251
  RMS grad  6.2170E-05 Target: 3.0000E-04 converged?  yes
Next calculation will be the dimer endpoint before rotation
dl-find/turbomole/=============================== Tstep:  121.6 Ttot:80817.6 ==
eandg
Spin: 
 Energy calculation finished, energy: -2.138692627E+03
Curvature at dimer midpoint                   -0.00182
Predicted dimer rotation angle:      4.219 deg
Next calculation will be the dimer endpoint after rotation
dl-find/turbomole/=============================== Tstep:  108.5 Ttot:80926.1 ==
eandg
Spin: 
 Energy calculation finished, energy: -2.138692629E+03
Curvature at dimer midpoint after rotation    -0.00084
Curvature at dimer minimum                    -0.00182
Actual dimer rotation angle:         0.082 deg
Dimer rotation converged after    1 steps
Writing TS-mode
Curvature after dimer rotation:               -0.00182
Frequency of transition mode  -219.586 cm^-1 (negative value denotes imaginary frequency)
Crossover temperature for tunnelling       50.28269 K
Restarting L-BFGS optimiser, instance: dimer rotation
Next calculation will be the dimer  midpoint
dl-find/turbomole/=============================== Tstep:   88.7 Ttot:81014.8 ==
eandg
Spin: 
 Energy calculation finished, energy: -2.138692641E+03
Testing convergence of dimer midpoint in cycle  269
    Energy  1.1305E-05 Target: 1.0000E-06 converged?   no
  Max step  2.6930E-02 Target: 1.8000E-03 converged?   no component    13
  RMS step  5.4323E-03 Target: 1.2000E-03 converged?   no
  Max grad  3.2346E-04 Target: 4.5000E-04 converged?  yes component   244
  RMS grad  7.6405E-05 Target: 3.0000E-04 converged?  yes
Next calculation will be the dimer endpoint before rotation
dl-find/turbomole/=============================== Tstep:  114.8 Ttot:81129.7 ==
eandg
Spin: 
 Energy calculation finished, energy: -2.138692640E+03
Curvature at dimer midpoint                   -0.00183
Predicted dimer rotation angle:      4.192 deg
Next calculation will be the dimer endpoint after rotation
dl-find/turbomole/=============================== Tstep:  108.1 Ttot:81237.7 ==
eandg
Spin: 
 Energy calculation finished, energy: -2.138692640E+03
Curvature at dimer midpoint after rotation    -0.00044
Curvature at dimer minimum                    -0.00183
Actual dimer rotation angle:         0.058 deg
Dimer rotation converged after    1 steps
Writing TS-mode
Curvature after dimer rotation:               -0.00183
Frequency of transition mode  -220.164 cm^-1 (negative value denotes imaginary frequency)
Crossover temperature for tunnelling       50.41497 K
Restarting L-BFGS optimiser, instance: dimer rotation
Next calculation will be the dimer  midpoint
dl-find/turbomole/=============================== Tstep:   88.4 Ttot:81326.1 ==
eandg
Spin: 
 Energy calculation finished, energy: -2.138692647E+03
Testing convergence of dimer midpoint in cycle  270
    Energy  6.0370E-06 Target: 1.0000E-06 converged?   no
  Max step  1.3364E-02 Target: 1.8000E-03 converged?   no component    13
  RMS step  2.7116E-03 Target: 1.2000E-03 converged?   no
  Max grad  2.2021E-04 Target: 4.5000E-04 converged?  yes component   244
  RMS grad  5.8048E-05 Target: 3.0000E-04 converged?  yes
Next calculation will be the dimer endpoint before rotation
dl-find/turbomole/=============================== Tstep:  114.1 Ttot:81440.2 ==
eandg
Spin: 
 Energy calculation finished, energy: -2.138692647E+03
Curvature at dimer midpoint                   -0.00186
Predicted dimer rotation angle:      3.377 deg
Next calculation will be the dimer endpoint after rotation
dl-find/turbomole/=============================== Tstep:  100.3 Ttot:81540.4 ==
eandg
Spin: 
 Energy calculation finished, energy: -2.138692647E+03
Curvature at dimer midpoint after rotation    -0.00127
Curvature at dimer minimum                    -0.00186
Actual dimer rotation angle:         0.071 deg
Dimer rotation converged after    1 steps
Writing TS-mode
Curvature after dimer rotation:               -0.00186
Frequency of transition mode  -221.631 cm^-1 (negative value denotes imaginary frequency)
Crossover temperature for tunnelling       50.75105 K
Restarting L-BFGS optimiser, instance: dimer rotation
Next calculation will be the dimer  midpoint
dl-find/turbomole/=============================== Tstep:   80.2 Ttot:81620.7 ==
eandg
Spin: 
 Energy calculation finished, energy: -2.138692660E+03
Testing convergence of dimer midpoint in cycle  271
    Energy  1.2936E-05 Target: 1.0000E-06 converged?   no
  Max step  3.6749E-02 Target: 1.8000E-03 converged?   no component    13
  RMS step  7.4239E-03 Target: 1.2000E-03 converged?   no
  Max grad  3.9869E-04 Target: 4.5000E-04 converged?  yes component   254
  RMS grad  7.8436E-05 Target: 3.0000E-04 converged?  yes
Next calculation will be the dimer endpoint before rotation
dl-find/turbomole/=============================== Tstep:  125.7 Ttot:81746.3 ==
eandg
Spin: 
 Energy calculation finished, energy: -2.138692660E+03
Curvature at dimer midpoint                   -0.00183
Predicted dimer rotation angle:      4.807 deg
Next calculation will be the dimer endpoint after rotation
dl-find/turbomole/=============================== Tstep:  107.4 Ttot:81853.7 ==
eandg
Spin: 
 Energy calculation finished, energy: -2.138692660E+03
Curvature at dimer midpoint after rotation     0.00029
Curvature at dimer minimum                    -0.00183
Actual dimer rotation angle:         0.057 deg
Dimer rotation converged after    1 steps
Writing TS-mode
Curvature after dimer rotation:               -0.00183
Frequency of transition mode  -220.091 cm^-1 (negative value denotes imaginary frequency)
Crossover temperature for tunnelling       50.39841 K
Restarting L-BFGS optimiser, instance: dimer rotation
Next calculation will be the dimer  midpoint
dl-find/turbomole/=============================== Tstep:   89.4 Ttot:81943.1 ==
eandg
Spin: 
 Energy calculation finished, energy: -2.138692670E+03
Testing convergence of dimer midpoint in cycle  272
    Energy  1.0656E-05 Target: 1.0000E-06 converged?   no
  Max step  2.7698E-02 Target: 1.8000E-03 converged?   no component    13
  RMS step  5.8489E-03 Target: 1.2000E-03 converged?   no
  Max grad  3.3658E-04 Target: 4.5000E-04 converged?  yes component   254
  RMS grad  7.8534E-05 Target: 3.0000E-04 converged?  yes
Next calculation will be the dimer endpoint before rotation
dl-find/turbomole/=============================== Tstep:  123.4 Ttot:82066.5 ==
eandg
Spin: 
 Energy calculation finished, energy: -2.138692670E+03
Curvature at dimer midpoint                   -0.00182
Predicted dimer rotation angle:      2.954 deg
Next calculation will be the dimer endpoint after rotation
dl-find/turbomole/=============================== Tstep:  109.4 Ttot:82175.9 ==
eandg
Spin: 
 Energy calculation finished, energy: -2.138692670E+03
Curvature at dimer midpoint after rotation    -0.00148
Curvature at dimer minimum                    -0.00182
Actual dimer rotation angle:         0.079 deg
Dimer rotation converged after    1 steps
Writing TS-mode
Curvature after dimer rotation:               -0.00182
Frequency of transition mode  -219.435 cm^-1 (negative value denotes imaginary frequency)
Crossover temperature for tunnelling       50.24797 K
Restarting L-BFGS optimiser, instance: dimer rotation
Next calculation will be the dimer  midpoint
dl-find/turbomole/=============================== Tstep:   82.5 Ttot:82258.4 ==
eandg
Spin: 
 Energy calculation finished, energy: -2.138692671E+03
Testing convergence of dimer midpoint in cycle  273
    Energy  8.7200E-07 Target: 1.0000E-06 converged?  yes
  Max step  5.9556E-03 Target: 1.8000E-03 converged?   no component    13
  RMS step  1.3925E-03 Target: 1.2000E-03 converged?   no
  Max grad  1.5001E-04 Target: 4.5000E-04 converged?  yes component   244
  RMS grad  4.4747E-05 Target: 3.0000E-04 converged?  yes
Next calculation will be the dimer endpoint before rotation
dl-find/turbomole/=============================== Tstep:  111.1 Ttot:82369.5 ==
eandg
Spin: 
 Energy calculation finished, energy: -2.138692672E+03
Curvature at dimer midpoint                   -0.00183
Predicted dimer rotation angle:      3.699 deg
Next calculation will be the dimer endpoint after rotation
dl-find/turbomole/=============================== Tstep:  107.9 Ttot:82477.4 ==
eandg
Spin: 
 Energy calculation finished, energy: -2.138692672E+03
Curvature at dimer midpoint after rotation    -0.00063
Curvature at dimer minimum                    -0.00183
Actual dimer rotation angle:         0.046 deg
Dimer rotation converged after    1 steps
Writing TS-mode
Curvature after dimer rotation:               -0.00183
Frequency of transition mode  -219.649 cm^-1 (negative value denotes imaginary frequency)
Crossover temperature for tunnelling       50.29703 K
Restarting L-BFGS optimiser, instance: dimer rotation
Next calculation will be the dimer  midpoint
dl-find/turbomole/=============================== Tstep:   82.9 Ttot:82560.3 ==
eandg
Spin: 
 Energy calculation finished, energy: -2.138692673E+03
Testing convergence of dimer midpoint in cycle  274
    Energy  1.8400E-06 Target: 1.0000E-06 converged?   no
  Max step  5.0481E-03 Target: 1.8000E-03 converged?   no component    13
  RMS step  1.1791E-03 Target: 1.2000E-03 converged?  yes
  Max grad  1.1278E-04 Target: 4.5000E-04 converged?  yes component    49
  RMS grad  3.4812E-05 Target: 3.0000E-04 converged?  yes
Next calculation will be the dimer endpoint before rotation
dl-find/turbomole/=============================== Tstep:  111.8 Ttot:82672.1 ==
eandg
Spin: 
 Energy calculation finished, energy: -2.138692673E+03
Curvature at dimer midpoint                   -0.00180
Predicted dimer rotation angle:      3.296 deg
Next calculation will be the dimer endpoint after rotation
dl-find/turbomole/=============================== Tstep:  100.5 Ttot:82772.6 ==
eandg
Spin: 
 Energy calculation finished, energy: -2.138692673E+03
Curvature at dimer midpoint after rotation    -0.00133
Curvature at dimer minimum                    -0.00180
Actual dimer rotation angle:         0.080 deg
Dimer rotation converged after    1 steps
Writing TS-mode
Curvature after dimer rotation:               -0.00180
Frequency of transition mode  -218.241 cm^-1 (negative value denotes imaginary frequency)
Crossover temperature for tunnelling       49.97465 K
Restarting L-BFGS optimiser, instance: dimer rotation
Next calculation will be the dimer  midpoint
dl-find/turbomole/=============================== Tstep:   83.6 Ttot:82856.2 ==
eandg
Spin: 
 Energy calculation finished, energy: -2.138692678E+03
Testing convergence of dimer midpoint in cycle  275
    Energy  4.9520E-06 Target: 1.0000E-06 converged?   no
  Max step  1.4214E-02 Target: 1.8000E-03 converged?   no component    13
  RMS step  2.8424E-03 Target: 1.2000E-03 converged?   no
  Max grad  1.7657E-04 Target: 4.5000E-04 converged?  yes component   254
  RMS grad  4.5306E-05 Target: 3.0000E-04 converged?  yes
Next calculation will be the dimer endpoint before rotation
dl-find/turbomole/=============================== Tstep:  114.3 Ttot:82970.4 ==
eandg
Spin: 
 Energy calculation finished, energy: -2.138692679E+03
Curvature at dimer midpoint                   -0.00178
Predicted dimer rotation angle:     12.265 deg
Next calculation will be the dimer endpoint after rotation
dl-find/turbomole/=============================== Tstep:  100.2 Ttot:83070.6 ==
eandg
Spin: 
 Energy calculation finished, energy: -2.138692678E+03
Curvature at dimer midpoint after rotation     0.00097
Curvature at dimer minimum                    -0.00179
Actual dimer rotation angle:         0.679 deg
Dimer rotation converged after    1 steps
Writing TS-mode
Curvature after dimer rotation:               -0.00179
Frequency of transition mode  -217.402 cm^-1 (negative value denotes imaginary frequency)
Crossover temperature for tunnelling       49.78256 K
Restarting L-BFGS optimiser, instance: dimer rotation
Next calculation will be the dimer  midpoint
dl-find/turbomole/=============================== Tstep:   95.9 Ttot:83166.5 ==
eandg
Spin: 
 Energy calculation finished, energy: -2.138692688E+03
Testing convergence of dimer midpoint in cycle  276
    Energy  1.0237E-05 Target: 1.0000E-06 converged?   no
  Max step  2.8884E-02 Target: 1.8000E-03 converged?   no component    13
  RMS step  5.8044E-03 Target: 1.2000E-03 converged?   no
  Max grad  2.2550E-04 Target: 4.5000E-04 converged?  yes component    57
  RMS grad  5.4953E-05 Target: 3.0000E-04 converged?  yes
Next calculation will be the dimer endpoint before rotation
dl-find/turbomole/=============================== Tstep:  115.5 Ttot:83282.0 ==
eandg
Spin: 
 Energy calculation finished, energy: -2.138692687E+03
Curvature at dimer midpoint                   -0.00174
Predicted dimer rotation angle:     17.660 deg
Next calculation will be the dimer endpoint after rotation
dl-find/turbomole/=============================== Tstep:  107.1 Ttot:83389.1 ==
eandg
Spin: 
 Energy calculation finished, energy: -2.138692686E+03
Curvature at dimer midpoint after rotation     0.02719
Curvature at dimer minimum                    -0.00174
Actual dimer rotation angle:         0.219 deg
Dimer rotation converged after    1 steps
Writing TS-mode
Curvature after dimer rotation:               -0.00174
Frequency of transition mode  -214.643 cm^-1 (negative value denotes imaginary frequency)
Crossover temperature for tunnelling       49.15083 K
Restarting L-BFGS optimiser, instance: dimer rotation
Next calculation will be the dimer  midpoint
dl-find/turbomole/=============================== Tstep:   98.6 Ttot:83487.7 ==
eandg
Spin: 
 Energy calculation finished, energy: -2.138692698E+03
Testing convergence of dimer midpoint in cycle  277
    Energy  9.8410E-06 Target: 1.0000E-06 converged?   no
  Max step  6.6853E-02 Target: 1.8000E-03 converged?   no component    13
  RMS step  1.3642E-02 Target: 1.2000E-03 converged?   no
  Max grad  9.1018E-04 Target: 4.5000E-04 converged?   no component    57
  RMS grad  1.8388E-04 Target: 3.0000E-04 converged?  yes
Next calculation will be the dimer endpoint before rotation
dl-find/turbomole/=============================== Tstep:  120.5 Ttot:83608.2 ==
eandg
Spin: 
 Energy calculation finished, energy: -2.138692699E+03
Curvature at dimer midpoint                   -0.00171
Predicted dimer rotation angle:      8.710 deg
Next calculation will be the dimer endpoint after rotation
dl-find/turbomole/=============================== Tstep:  108.5 Ttot:83716.6 ==
eandg
Spin: 
 Energy calculation finished, energy: -2.138692698E+03
Curvature at dimer midpoint after rotation     0.00132
Curvature at dimer minimum                    -0.00171
Actual dimer rotation angle:         0.221 deg
Dimer rotation converged after    1 steps
Writing TS-mode
Curvature after dimer rotation:               -0.00171
Frequency of transition mode  -212.510 cm^-1 (negative value denotes imaginary frequency)
Crossover temperature for tunnelling       48.66231 K
Restarting L-BFGS optimiser, instance: dimer rotation
Next calculation will be the dimer  midpoint
dl-find/turbomole/=============================== Tstep:   85.9 Ttot:83802.5 ==
eandg
Spin: 
 Energy calculation finished, energy: -2.138692711E+03
Testing convergence of dimer midpoint in cycle  278
    Energy  1.2691E-05 Target: 1.0000E-06 converged?   no
  Max step  1.1534E-02 Target: 1.8000E-03 converged?   no component    13
  RMS step  2.5464E-03 Target: 1.2000E-03 converged?   no
  Max grad  1.1648E-04 Target: 4.5000E-04 converged?  yes component    94
  RMS grad  3.8272E-05 Target: 3.0000E-04 converged?  yes
Next calculation will be the dimer endpoint before rotation
dl-find/turbomole/=============================== Tstep:  121.7 Ttot:83924.3 ==
eandg
Spin: 
 Energy calculation finished, energy: -2.138692712E+03
Curvature at dimer midpoint                   -0.00173
Predicted dimer rotation angle:      8.340 deg
Next calculation will be the dimer endpoint after rotation
dl-find/turbomole/=============================== Tstep:  107.1 Ttot:84031.3 ==
eandg
Spin: 
 Energy calculation finished, energy: -2.138692711E+03
Curvature at dimer midpoint after rotation     0.00479
Curvature at dimer minimum                    -0.00173
Actual dimer rotation angle:         0.094 deg
Dimer rotation converged after    1 steps
Writing TS-mode
Curvature after dimer rotation:               -0.00173
Frequency of transition mode  -214.028 cm^-1 (negative value denotes imaginary frequency)
Crossover temperature for tunnelling       49.00999 K
Restarting L-BFGS optimiser, instance: dimer rotation
Next calculation will be the dimer  midpoint
dl-find/turbomole/=============================== Tstep:   64.6 Ttot:84096.0 ==
eandg
Spin: 
 Energy calculation finished, energy: -2.138692713E+03
Testing convergence of dimer midpoint in cycle  279
    Energy  1.8090E-06 Target: 1.0000E-06 converged?   no
  Max step  1.6918E-03 Target: 1.8000E-03 converged?  yes component    13
  RMS step  4.4420E-04 Target: 1.2000E-03 converged?  yes
  Max grad  8.9695E-05 Target: 4.5000E-04 converged?  yes component   166
  RMS grad  3.2918E-05 Target: 3.0000E-04 converged?  yes
Next calculation will be the dimer endpoint before rotation
dl-find/turbomole/=============================== Tstep:  115.8 Ttot:84211.7 ==
eandg
Spin: 
 Energy calculation finished, energy: -2.138692713E+03
Curvature at dimer midpoint                   -0.00173
Predicted dimer rotation angle:      3.830 deg
Next calculation will be the dimer endpoint after rotation
dl-find/turbomole/=============================== Tstep:  100.6 Ttot:84312.3 ==
eandg
Spin: 
 Energy calculation finished, energy: -2.138692713E+03
Curvature at dimer midpoint after rotation    -0.00119
Curvature at dimer minimum                    -0.00173
Actual dimer rotation angle:         0.105 deg
Dimer rotation converged after    1 steps
Writing TS-mode
Curvature after dimer rotation:               -0.00173
Frequency of transition mode  -214.032 cm^-1 (negative value denotes imaginary frequency)
Crossover temperature for tunnelling       49.01084 K
Restarting L-BFGS optimiser, instance: dimer rotation
Next calculation will be the dimer  midpoint
dl-find/turbomole/=============================== Tstep:   80.6 Ttot:84392.9 ==
eandg
Spin: 
 Energy calculation finished, energy: -2.138692718E+03
Testing convergence of dimer midpoint in cycle  280
    Energy  5.1010E-06 Target: 1.0000E-06 converged?   no
  Max step  1.1304E-02 Target: 1.8000E-03 converged?   no component    13
  RMS step  2.7520E-03 Target: 1.2000E-03 converged?   no
  Max grad  1.7261E-04 Target: 4.5000E-04 converged?  yes component    83
  RMS grad  4.5382E-05 Target: 3.0000E-04 converged?  yes
Next calculation will be the dimer endpoint before rotation
dl-find/turbomole/=============================== Tstep:  110.4 Ttot:84503.4 ==
eandg
Spin: 
 Energy calculation finished, energy: -2.138692718E+03
Curvature at dimer midpoint                   -0.00173
Predicted dimer rotation angle:      4.410 deg
Next calculation will be the dimer endpoint after rotation
dl-find/turbomole/=============================== Tstep:  108.2 Ttot:84611.6 ==
eandg
Spin: 
 Energy calculation finished, energy: -2.138692718E+03
Curvature at dimer midpoint after rotation     0.00002
Curvature at dimer minimum                    -0.00173
Actual dimer rotation angle:         0.051 deg
Dimer rotation converged after    1 steps
Writing TS-mode
Curvature after dimer rotation:               -0.00173
Frequency of transition mode  -214.071 cm^-1 (negative value denotes imaginary frequency)
Crossover temperature for tunnelling       49.01974 K
Restarting L-BFGS optimiser, instance: dimer rotation
Next calculation will be the dimer  midpoint
dl-find/turbomole/=============================== Tstep:   72.9 Ttot:84684.4 ==
eandg
Spin: 
 Energy calculation finished, energy: -2.138692728E+03
Testing convergence of dimer midpoint in cycle  281
    Energy  1.0558E-05 Target: 1.0000E-06 converged?   no
  Max step  2.5960E-02 Target: 1.8000E-03 converged?   no component    13
  RMS step  5.8825E-03 Target: 1.2000E-03 converged?   no
  Max grad  4.7105E-04 Target: 4.5000E-04 converged?   no component   244
  RMS grad  7.1036E-05 Target: 3.0000E-04 converged?  yes
Next calculation will be the dimer endpoint before rotation
dl-find/turbomole/=============================== Tstep:  109.2 Ttot:84793.6 ==
eandg
Spin: 
 Energy calculation finished, energy: -2.138692729E+03
Curvature at dimer midpoint                   -0.00171
Predicted dimer rotation angle:      3.152 deg
Next calculation will be the dimer endpoint after rotation
dl-find/turbomole/=============================== Tstep:  108.6 Ttot:84902.2 ==
eandg
Spin: 
 Energy calculation finished, energy: -2.138692729E+03
Curvature at dimer midpoint after rotation    -0.00143
Curvature at dimer minimum                    -0.00171
Actual dimer rotation angle:         0.110 deg
Dimer rotation converged after    1 steps
Writing TS-mode
Curvature after dimer rotation:               -0.00171
Frequency of transition mode  -212.346 cm^-1 (negative value denotes imaginary frequency)
Crossover temperature for tunnelling       48.62475 K
Restarting L-BFGS optimiser, instance: dimer rotation
Next calculation will be the dimer  midpoint
dl-find/turbomole/=============================== Tstep:   78.5 Ttot:84980.7 ==
eandg
Spin: 
 Energy calculation finished, energy: -2.138692745E+03
Testing convergence of dimer midpoint in cycle  282
    Energy  1.6931E-05 Target: 1.0000E-06 converged?   no
  Max step  4.5810E-02 Target: 1.8000E-03 converged?   no component    13
  RMS step  1.0394E-02 Target: 1.2000E-03 converged?   no
  Max grad  4.2716E-04 Target: 4.5000E-04 converged?  yes component    83
  RMS grad  7.0392E-05 Target: 3.0000E-04 converged?  yes
Next calculation will be the dimer endpoint before rotation
dl-find/turbomole/=============================== Tstep:  125.2 Ttot:85105.9 ==
eandg
Spin: 
 Energy calculation finished, energy: -2.138692746E+03
Curvature at dimer midpoint                   -0.00170
Predicted dimer rotation angle:      4.646 deg
Next calculation will be the dimer endpoint after rotation
dl-find/turbomole/=============================== Tstep:  101.3 Ttot:85207.1 ==
eandg
Spin: 
 Energy calculation finished, energy: -2.138692746E+03
Curvature at dimer midpoint after rotation     0.00034
Curvature at dimer minimum                    -0.00170
Actual dimer rotation angle:         0.050 deg
Dimer rotation converged after    1 steps
Writing TS-mode
Curvature after dimer rotation:               -0.00170
Frequency of transition mode  -211.925 cm^-1 (negative value denotes imaginary frequency)
Crossover temperature for tunnelling       48.52832 K
Restarting L-BFGS optimiser, instance: dimer rotation
Next calculation will be the dimer  midpoint
dl-find/turbomole/=============================== Tstep:   79.9 Ttot:85287.0 ==
eandg
Spin: 
 Energy calculation finished, energy: -2.138692742E+03
Testing convergence of dimer midpoint in cycle  283
    Energy  3.0200E-06 Target: 1.0000E-06 converged?   no
  Max step  1.4179E-02 Target: 1.8000E-03 converged?   no component    13
  RMS step  3.2022E-03 Target: 1.2000E-03 converged?   no
  Max grad  1.4619E-04 Target: 4.5000E-04 converged?  yes component   156
  RMS grad  3.9678E-05 Target: 3.0000E-04 converged?  yes
Next calculation will be the dimer endpoint before rotation
dl-find/turbomole/=============================== Tstep:  112.4 Ttot:85399.4 ==
eandg
Spin: 
 Energy calculation finished, energy: -2.138692743E+03
Curvature at dimer midpoint                   -0.00169
Predicted dimer rotation angle:      2.577 deg
Next calculation will be the dimer endpoint after rotation
dl-find/turbomole/=============================== Tstep:  108.5 Ttot:85507.9 ==
eandg
Spin: 
 Energy calculation finished, energy: -2.138692742E+03
Curvature at dimer midpoint after rotation    -0.00147
Curvature at dimer minimum                    -0.00169
Actual dimer rotation angle:         0.074 deg
Dimer rotation converged after    1 steps
Writing TS-mode
Curvature after dimer rotation:               -0.00169
Frequency of transition mode  -211.523 cm^-1 (negative value denotes imaginary frequency)
Crossover temperature for tunnelling       48.43640 K
Restarting L-BFGS optimiser, instance: dimer rotation
Next calculation will be the dimer  midpoint
dl-find/turbomole/=============================== Tstep:   78.3 Ttot:85586.2 ==
eandg
Spin: 
 Energy calculation finished, energy: -2.138692748E+03
Testing convergence of dimer midpoint in cycle  284
    Energy  5.6980E-06 Target: 1.0000E-06 converged?   no
  Max step  1.9759E-02 Target: 1.8000E-03 converged?   no component    13
  RMS step  4.5457E-03 Target: 1.2000E-03 converged?   no
  Max grad  2.0145E-04 Target: 4.5000E-04 converged?  yes component    83
  RMS grad  4.6881E-05 Target: 3.0000E-04 converged?  yes
Next calculation will be the dimer endpoint before rotation
dl-find/turbomole/=============================== Tstep:  119.1 Ttot:85705.3 ==
eandg
Spin: 
 Energy calculation finished, energy: -2.138692748E+03
Curvature at dimer midpoint                   -0.00170
Predicted dimer rotation angle:      3.465 deg
Next calculation will be the dimer endpoint after rotation
dl-find/turbomole/=============================== Tstep:  108.4 Ttot:85813.7 ==
eandg
Spin: 
 Energy calculation finished, energy: -2.138692749E+03
Curvature at dimer midpoint after rotation    -0.00059
Curvature at dimer minimum                    -0.00170
Actual dimer rotation angle:         0.038 deg
Dimer rotation converged after    1 steps
Writing TS-mode
Curvature after dimer rotation:               -0.00170
Frequency of transition mode  -212.163 cm^-1 (negative value denotes imaginary frequency)
Crossover temperature for tunnelling       48.58297 K
Restarting L-BFGS optimiser, instance: dimer rotation
Next calculation will be the dimer  midpoint
dl-find/turbomole/=============================== Tstep:   78.9 Ttot:85892.7 ==
eandg
Spin: 
 Energy calculation finished, energy: -2.138692753E+03
Testing convergence of dimer midpoint in cycle  285
    Energy  5.4250E-06 Target: 1.0000E-06 converged?   no
  Max step  1.9199E-02 Target: 1.8000E-03 converged?   no component    13
  RMS step  4.8593E-03 Target: 1.2000E-03 converged?   no
  Max grad  3.5875E-04 Target: 4.5000E-04 converged?  yes component    83
  RMS grad  6.1108E-05 Target: 3.0000E-04 converged?  yes
Next calculation will be the dimer endpoint before rotation
dl-find/turbomole/=============================== Tstep:  110.5 Ttot:86003.1 ==
eandg
Spin: 
 Energy calculation finished, energy: -2.138692754E+03
Curvature at dimer midpoint                   -0.00170
Predicted dimer rotation angle:      2.373 deg
Next calculation will be the dimer endpoint after rotation
dl-find/turbomole/=============================== Tstep:  108.3 Ttot:86111.5 ==
eandg
Spin: 
 Energy calculation finished, energy: -2.138692754E+03
Curvature at dimer midpoint after rotation    -0.00146
Curvature at dimer minimum                    -0.00170
Actual dimer rotation angle:         0.056 deg
Dimer rotation converged after    1 steps
Writing TS-mode
Curvature after dimer rotation:               -0.00170
Frequency of transition mode  -211.758 cm^-1 (negative value denotes imaginary frequency)
Crossover temperature for tunnelling       48.49006 K
Restarting L-BFGS optimiser, instance: dimer rotation
Next calculation will be the dimer  midpoint
dl-find/turbomole/=============================== Tstep:   78.4 Ttot:86189.9 ==
eandg
Spin: 
 Energy calculation finished, energy: -2.138692731E+03
Testing convergence of dimer midpoint in cycle  286
    Energy  2.2315E-05 Target: 1.0000E-06 converged?   no
  Max step  3.6653E-02 Target: 1.8000E-03 converged?   no component     3
  RMS step  9.6361E-03 Target: 1.2000E-03 converged?   no
  Max grad  3.0201E-04 Target: 4.5000E-04 converged?  yes component    99
  RMS grad  7.3721E-05 Target: 3.0000E-04 converged?  yes
Next calculation will be the dimer endpoint before rotation
dl-find/turbomole/=============================== Tstep:  125.0 Ttot:86314.9 ==
eandg
Spin: 
 Energy calculation finished, energy: -2.138692732E+03
Curvature at dimer midpoint                   -0.00170
Predicted dimer rotation angle:      2.973 deg
Next calculation will be the dimer endpoint after rotation
dl-find/turbomole/=============================== Tstep:  108.0 Ttot:86422.9 ==
eandg
Spin: 
 Energy calculation finished, energy: -2.138692732E+03
Curvature at dimer midpoint after rotation    -0.00113
Curvature at dimer minimum                    -0.00170
Actual dimer rotation angle:         0.047 deg
Dimer rotation converged after    1 steps
Writing TS-mode
Curvature after dimer rotation:               -0.00170
Frequency of transition mode  -211.817 cm^-1 (negative value denotes imaginary frequency)
Crossover temperature for tunnelling       48.50356 K
Restarting L-BFGS optimiser, instance: dimer rotation
Next calculation will be the dimer  midpoint
dl-find/turbomole/=============================== Tstep:   78.8 Ttot:86501.8 ==
eandg
Spin: 
 Energy calculation finished, energy: -2.138692735E+03
Testing convergence of dimer midpoint in cycle  287
    Energy  4.4000E-06 Target: 1.0000E-06 converged?   no
  Max step  2.2014E-02 Target: 1.8000E-03 converged?   no component    33
  RMS step  5.7962E-03 Target: 1.2000E-03 converged?   no
  Max grad  1.9511E-04 Target: 4.5000E-04 converged?  yes component    83
  RMS grad  5.2344E-05 Target: 3.0000E-04 converged?  yes
Next calculation will be the dimer endpoint before rotation
dl-find/turbomole/=============================== Tstep:  111.4 Ttot:86613.2 ==
eandg
Spin: 
 Energy calculation finished, energy: -2.138692736E+03
Curvature at dimer midpoint                   -0.00171
Predicted dimer rotation angle:      3.342 deg
Next calculation will be the dimer endpoint after rotation
dl-find/turbomole/=============================== Tstep:  100.5 Ttot:86713.7 ==
eandg
Spin: 
 Energy calculation finished, energy: -2.138692736E+03
Curvature at dimer midpoint after rotation    -0.00119
Curvature at dimer minimum                    -0.00171
Actual dimer rotation angle:         0.073 deg
Dimer rotation converged after    1 steps
Writing TS-mode
Curvature after dimer rotation:               -0.00171
Frequency of transition mode  -212.358 cm^-1 (negative value denotes imaginary frequency)
Crossover temperature for tunnelling       48.62745 K
Restarting L-BFGS optimiser, instance: dimer rotation
Next calculation will be the dimer  midpoint
dl-find/turbomole/=============================== Tstep:   79.2 Ttot:86792.9 ==
eandg
Spin: 
 Energy calculation finished, energy: -2.138692740E+03
Testing convergence of dimer midpoint in cycle  288
    Energy  4.4140E-06 Target: 1.0000E-06 converged?   no
  Max step  1.0170E-02 Target: 1.8000E-03 converged?   no component     3
  RMS step  2.7145E-03 Target: 1.2000E-03 converged?   no
  Max grad  1.4868E-04 Target: 4.5000E-04 converged?  yes component    99
  RMS grad  4.6731E-05 Target: 3.0000E-04 converged?  yes
Next calculation will be the dimer endpoint before rotation
dl-find/turbomole/=============================== Tstep:  109.1 Ttot:86902.0 ==
eandg
Spin: 
 Energy calculation finished, energy: -2.138692741E+03
Curvature at dimer midpoint                   -0.00170
Predicted dimer rotation angle:      3.536 deg
Next calculation will be the dimer endpoint after rotation
dl-find/turbomole/=============================== Tstep:  108.7 Ttot:87010.7 ==
eandg
Spin: 
 Energy calculation finished, energy: -2.138692741E+03
Curvature at dimer midpoint after rotation    -0.00069
Curvature at dimer minimum                    -0.00170
Actual dimer rotation angle:         0.044 deg
Dimer rotation converged after    1 steps
Writing TS-mode
Curvature after dimer rotation:               -0.00170
Frequency of transition mode  -211.916 cm^-1 (negative value denotes imaginary frequency)
Crossover temperature for tunnelling       48.52642 K
Restarting L-BFGS optimiser, instance: dimer rotation
Next calculation will be the dimer  midpoint
dl-find/turbomole/=============================== Tstep:   87.1 Ttot:87097.9 ==
eandg
Spin: 
 Energy calculation finished, energy: -2.138692747E+03
Testing convergence of dimer midpoint in cycle  289
    Energy  6.7240E-06 Target: 1.0000E-06 converged?   no
  Max step  1.1472E-02 Target: 1.8000E-03 converged?   no component     3
  RMS step  2.6071E-03 Target: 1.2000E-03 converged?   no
  Max grad  1.8930E-04 Target: 4.5000E-04 converged?  yes component    99
  RMS grad  5.5930E-05 Target: 3.0000E-04 converged?  yes
Next calculation will be the dimer endpoint before rotation
dl-find/turbomole/=============================== Tstep:  104.4 Ttot:87202.3 ==
eandg
Spin: 
 Energy calculation finished, energy: -2.138692746E+03
Curvature at dimer midpoint                   -0.00168
Predicted dimer rotation angle:      3.891 deg
Next calculation will be the dimer endpoint after rotation
dl-find/turbomole/=============================== Tstep:  109.5 Ttot:87311.8 ==
eandg
Spin: 
 Energy calculation finished, energy: -2.138692746E+03
Curvature at dimer midpoint after rotation    -0.00110
Curvature at dimer minimum                    -0.00168
Actual dimer rotation angle:         0.099 deg
Dimer rotation converged after    1 steps
Writing TS-mode
Curvature after dimer rotation:               -0.00168
Frequency of transition mode  -210.966 cm^-1 (negative value denotes imaginary frequency)
Crossover temperature for tunnelling       48.30882 K
Restarting L-BFGS optimiser, instance: dimer rotation
Next calculation will be the dimer  midpoint
dl-find/turbomole/=============================== Tstep:   84.0 Ttot:87395.7 ==
eandg
Spin: 
 Energy calculation finished, energy: -2.138692751E+03
Testing convergence of dimer midpoint in cycle  290
    Energy  4.3840E-06 Target: 1.0000E-06 converged?   no
  Max step  2.5301E-02 Target: 1.8000E-03 converged?   no component     3
  RMS step  6.5801E-03 Target: 1.2000E-03 converged?   no
  Max grad  5.0950E-04 Target: 4.5000E-04 converged?   no component    83
  RMS grad  7.0213E-05 Target: 3.0000E-04 converged?  yes
Next calculation will be the dimer endpoint before rotation
dl-find/turbomole/=============================== Tstep:  108.7 Ttot:87504.4 ==
eandg
Spin: 
 Energy calculation finished, energy: -2.138692752E+03
Curvature at dimer midpoint                   -0.00168
Predicted dimer rotation angle:      4.972 deg
Next calculation will be the dimer endpoint after rotation
dl-find/turbomole/=============================== Tstep:  106.0 Ttot:87610.4 ==
eandg
Spin: 
 Energy calculation finished, energy: -2.138692752E+03
Curvature at dimer midpoint after rotation     0.00046
Curvature at dimer minimum                    -0.00168
Actual dimer rotation angle:         0.058 deg
Dimer rotation converged after    1 steps
Writing TS-mode
Curvature after dimer rotation:               -0.00168
Frequency of transition mode  -210.788 cm^-1 (negative value denotes imaginary frequency)
Crossover temperature for tunnelling       48.26805 K
Restarting L-BFGS optimiser, instance: dimer rotation
Next calculation will be the dimer  midpoint
dl-find/turbomole/=============================== Tstep:   87.0 Ttot:87697.4 ==
eandg
Spin: 
 Energy calculation finished, energy: -2.138692756E+03
Testing convergence of dimer midpoint in cycle  291
    Energy  4.7770E-06 Target: 1.0000E-06 converged?   no
  Max step  3.0777E-02 Target: 1.8000E-03 converged?   no component    33
  RMS step  8.3849E-03 Target: 1.2000E-03 converged?   no
  Max grad  2.8438E-04 Target: 4.5000E-04 converged?  yes component    57
  RMS grad  5.9669E-05 Target: 3.0000E-04 converged?  yes
Next calculation will be the dimer endpoint before rotation
dl-find/turbomole/=============================== Tstep:  117.5 Ttot:87814.9 ==
eandg
Spin: 
 Energy calculation finished, energy: -2.138692756E+03
Curvature at dimer midpoint                   -0.00170
Predicted dimer rotation angle:      3.557 deg
Next calculation will be the dimer endpoint after rotation
dl-find/turbomole/=============================== Tstep:  108.1 Ttot:87923.0 ==
eandg
Spin: 
 Energy calculation finished, energy: -2.138692756E+03
Curvature at dimer midpoint after rotation    -0.00118
Curvature at dimer minimum                    -0.00170
Actual dimer rotation angle:         0.086 deg
Dimer rotation converged after    1 steps
Writing TS-mode
Curvature after dimer rotation:               -0.00170
Frequency of transition mode  -211.921 cm^-1 (negative value denotes imaginary frequency)
Crossover temperature for tunnelling       48.52756 K
Restarting L-BFGS optimiser, instance: dimer rotation
Next calculation will be the dimer  midpoint
dl-find/turbomole/=============================== Tstep:   69.8 Ttot:87992.8 ==
eandg
Spin: 
 Energy calculation finished, energy: -2.138692789E+03
Testing convergence of dimer midpoint in cycle  292
    Energy  3.3397E-05 Target: 1.0000E-06 converged?   no
  Max step  1.1759E-02 Target: 1.8000E-03 converged?   no component     3
  RMS step  2.7642E-03 Target: 1.2000E-03 converged?   no
  Max grad  1.2771E-04 Target: 4.5000E-04 converged?  yes component   187
  RMS grad  4.0650E-05 Target: 3.0000E-04 converged?  yes
Next calculation will be the dimer endpoint before rotation
dl-find/turbomole/=============================== Tstep:  114.7 Ttot:88107.5 ==
eandg
Spin: 
 Energy calculation finished, energy: -2.138692790E+03
Curvature at dimer midpoint                   -0.00170
Predicted dimer rotation angle:      4.280 deg
Next calculation will be the dimer endpoint after rotation
dl-find/turbomole/=============================== Tstep:  108.3 Ttot:88215.8 ==
eandg
Spin: 
 Energy calculation finished, energy: -2.138692790E+03
Curvature at dimer midpoint after rotation    -0.00009
Curvature at dimer minimum                    -0.00170
Actual dimer rotation angle:         0.049 deg
Dimer rotation converged after    1 steps
Writing TS-mode
Curvature after dimer rotation:               -0.00170
Frequency of transition mode  -211.833 cm^-1 (negative value denotes imaginary frequency)
Crossover temperature for tunnelling       48.50737 K
Restarting L-BFGS optimiser, instance: dimer rotation
Next calculation will be the dimer  midpoint
dl-find/turbomole/=============================== Tstep:   80.0 Ttot:88295.9 ==
eandg
Spin: 
 Energy calculation finished, energy: -2.138692793E+03
Testing convergence of dimer midpoint in cycle  293
    Energy  3.5390E-06 Target: 1.0000E-06 converged?   no
  Max step  1.8970E-02 Target: 1.8000E-03 converged?   no component    13
  RMS step  4.4702E-03 Target: 1.2000E-03 converged?   no
  Max grad  1.3942E-04 Target: 4.5000E-04 converged?  yes component    83
  RMS grad  4.2543E-05 Target: 3.0000E-04 converged?  yes
Next calculation will be the dimer endpoint before rotation
dl-find/turbomole/=============================== Tstep:  110.7 Ttot:88406.5 ==
eandg
Spin: 
 Energy calculation finished, energy: -2.138692791E+03
Curvature at dimer midpoint                   -0.00172
Predicted dimer rotation angle:      6.131 deg
Next calculation will be the dimer endpoint after rotation
dl-find/turbomole/=============================== Tstep:   99.8 Ttot:88506.3 ==
eandg
Spin: 
 Energy calculation finished, energy: -2.138692793E+03
Curvature at dimer midpoint after rotation     0.00116
Curvature at dimer minimum                    -0.00172
Actual dimer rotation angle:         0.083 deg
Dimer rotation converged after    1 steps
Writing TS-mode
Curvature after dimer rotation:               -0.00172
Frequency of transition mode  -212.981 cm^-1 (negative value denotes imaginary frequency)
Crossover temperature for tunnelling       48.77021 K
Restarting L-BFGS optimiser, instance: dimer rotation
Next calculation will be the dimer  midpoint
dl-find/turbomole/=============================== Tstep:   79.0 Ttot:88585.3 ==
eandg
Spin: 
 Energy calculation finished, energy: -2.138692794E+03
Testing convergence of dimer midpoint in cycle  294
    Energy  9.8700E-07 Target: 1.0000E-06 converged?  yes
  Max step  3.0650E-02 Target: 1.8000E-03 converged?   no component    13
  RMS step  7.6884E-03 Target: 1.2000E-03 converged?   no
  Max grad  3.7080E-04 Target: 4.5000E-04 converged?  yes component   215
  RMS grad  7.1181E-05 Target: 3.0000E-04 converged?  yes
Next calculation will be the dimer endpoint before rotation
dl-find/turbomole/=============================== Tstep:  116.8 Ttot:88702.0 ==
eandg
Spin: 
 Energy calculation finished, energy: -2.138692795E+03
Curvature at dimer midpoint                   -0.00170
Predicted dimer rotation angle:      7.321 deg
Next calculation will be the dimer endpoint after rotation
dl-find/turbomole/=============================== Tstep:  108.0 Ttot:88810.1 ==
eandg
Spin: 
 Energy calculation finished, energy: -2.138692795E+03
Curvature at dimer midpoint after rotation     0.00388
Curvature at dimer minimum                    -0.00170
Actual dimer rotation angle:         0.073 deg
Dimer rotation converged after    1 steps
Writing TS-mode
Curvature after dimer rotation:               -0.00170
Frequency of transition mode  -212.086 cm^-1 (negative value denotes imaginary frequency)
Crossover temperature for tunnelling       48.56516 K
Restarting L-BFGS optimiser, instance: dimer rotation
Next calculation will be the dimer  midpoint
dl-find/turbomole/=============================== Tstep:   87.3 Ttot:88897.4 ==
eandg
Spin: 
 Energy calculation finished, energy: -2.138692804E+03
Testing convergence of dimer midpoint in cycle  295
    Energy  1.0021E-05 Target: 1.0000E-06 converged?   no
  Max step  2.4297E-02 Target: 1.8000E-03 converged?   no component    13
  RMS step  6.9911E-03 Target: 1.2000E-03 converged?   no
  Max grad  2.0264E-04 Target: 4.5000E-04 converged?  yes component    82
  RMS grad  5.5013E-05 Target: 3.0000E-04 converged?  yes
Next calculation will be the dimer endpoint before rotation
dl-find/turbomole/=============================== Tstep:  119.2 Ttot:89016.5 ==
eandg
Spin: 
 Energy calculation finished, energy: -2.138692805E+03
Curvature at dimer midpoint                   -0.00172
Predicted dimer rotation angle:      3.365 deg
Next calculation will be the dimer endpoint after rotation
dl-find/turbomole/=============================== Tstep:  108.7 Ttot:89125.3 ==
eandg
Spin: 
 Energy calculation finished, energy: -2.138692804E+03
Curvature at dimer midpoint after rotation    -0.00118
Curvature at dimer minimum                    -0.00172
Actual dimer rotation angle:         0.071 deg
Dimer rotation converged after    1 steps
Writing TS-mode
Curvature after dimer rotation:               -0.00172
Frequency of transition mode  -213.169 cm^-1 (negative value denotes imaginary frequency)
Crossover temperature for tunnelling       48.81313 K
Restarting L-BFGS optimiser, instance: dimer rotation
Next calculation will be the dimer  midpoint
dl-find/turbomole/=============================== Tstep:   82.0 Ttot:89207.2 ==
eandg
Spin: 
 Energy calculation finished, energy: -2.138692807E+03
Testing convergence of dimer midpoint in cycle  296
    Energy  3.1930E-06 Target: 1.0000E-06 converged?   no
  Max step  1.1689E-02 Target: 1.8000E-03 converged?   no component     3
  RMS step  3.1090E-03 Target: 1.2000E-03 converged?   no
  Max grad  1.3509E-04 Target: 4.5000E-04 converged?  yes component    82
  RMS grad  4.2725E-05 Target: 3.0000E-04 converged?  yes
Next calculation will be the dimer endpoint before rotation
dl-find/turbomole/=============================== Tstep:  114.7 Ttot:89322.0 ==
eandg
Spin: 
 Energy calculation finished, energy: -2.138692808E+03
Curvature at dimer midpoint                   -0.00172
Predicted dimer rotation angle:      3.085 deg
Next calculation will be the dimer endpoint after rotation
dl-find/turbomole/=============================== Tstep:  101.5 Ttot:89423.4 ==
eandg
Spin: 
 Energy calculation finished, energy: -2.138692808E+03
Curvature at dimer midpoint after rotation    -0.00126
Curvature at dimer minimum                    -0.00172
Actual dimer rotation angle:         0.064 deg
Dimer rotation converged after    1 steps
Writing TS-mode
Curvature after dimer rotation:               -0.00172
Frequency of transition mode  -213.462 cm^-1 (negative value denotes imaginary frequency)
Crossover temperature for tunnelling       48.88043 K
Restarting L-BFGS optimiser, instance: dimer rotation
Next calculation will be the dimer  midpoint
dl-find/turbomole/=============================== Tstep:   76.8 Ttot:89500.3 ==
eandg
Spin: 
 Energy calculation finished, energy: -2.138692813E+03
Testing convergence of dimer midpoint in cycle  297
    Energy  5.7750E-06 Target: 1.0000E-06 converged?   no
  Max step  2.5108E-02 Target: 1.8000E-03 converged?   no component     3
  RMS step  7.2011E-03 Target: 1.2000E-03 converged?   no
  Max grad  2.6631E-04 Target: 4.5000E-04 converged?  yes component    48
  RMS grad  5.6781E-05 Target: 3.0000E-04 converged?  yes
Next calculation will be the dimer endpoint before rotation
dl-find/turbomole/=============================== Tstep:  116.2 Ttot:89616.5 ==
eandg
Spin: 
 Energy calculation finished, energy: -2.138692813E+03
Curvature at dimer midpoint                   -0.00176
Predicted dimer rotation angle:      4.784 deg
Next calculation will be the dimer endpoint after rotation
dl-find/turbomole/=============================== Tstep:  109.0 Ttot:89725.5 ==
eandg
Spin: 
 Energy calculation finished, energy: -2.138692814E+03
Curvature at dimer midpoint after rotation     0.00009
Curvature at dimer minimum                    -0.00176
Actual dimer rotation angle:         0.062 deg
Dimer rotation converged after    1 steps
Writing TS-mode
Curvature after dimer rotation:               -0.00176
Frequency of transition mode  -215.370 cm^-1 (negative value denotes imaginary frequency)
Crossover temperature for tunnelling       49.31731 K
Restarting L-BFGS optimiser, instance: dimer rotation
Next calculation will be the dimer  midpoint
dl-find/turbomole/=============================== Tstep:   84.5 Ttot:89810.0 ==
eandg
Spin: 
 Energy calculation finished, energy: -2.138692818E+03
Testing convergence of dimer midpoint in cycle  298
    Energy  5.3170E-06 Target: 1.0000E-06 converged?   no
  Max step  1.4654E-02 Target: 1.8000E-03 converged?   no component     3
  RMS step  3.6624E-03 Target: 1.2000E-03 converged?   no
  Max grad  3.0144E-04 Target: 4.5000E-04 converged?  yes component    83
  RMS grad  7.5063E-05 Target: 3.0000E-04 converged?  yes
Next calculation will be the dimer endpoint before rotation
dl-find/turbomole/=============================== Tstep:  111.2 Ttot:89921.2 ==
eandg
Spin: 
 Energy calculation finished, energy: -2.138692819E+03
Curvature at dimer midpoint                   -0.00177
Predicted dimer rotation angle:      2.874 deg
Next calculation will be the dimer endpoint after rotation
dl-find/turbomole/=============================== Tstep:  108.7 Ttot:90029.9 ==
eandg
Spin: 
 Energy calculation finished, energy: -2.138692818E+03
Curvature at dimer midpoint after rotation    -0.00158
Curvature at dimer minimum                    -0.00177
Actual dimer rotation angle:         0.127 deg
Dimer rotation converged after    1 steps
Writing TS-mode
Curvature after dimer rotation:               -0.00177
Frequency of transition mode  -216.046 cm^-1 (negative value denotes imaginary frequency)
Crossover temperature for tunnelling       49.47214 K
Restarting L-BFGS optimiser, instance: dimer rotation
Next calculation will be the dimer  midpoint
dl-find/turbomole/=============================== Tstep:   62.7 Ttot:90092.6 ==
eandg
Spin: 
 Energy calculation finished, energy: -2.138692824E+03
Testing convergence of dimer midpoint in cycle  299
    Energy  5.9550E-06 Target: 1.0000E-06 converged?   no
  Max step  1.1392E-02 Target: 1.8000E-03 converged?   no component    13
  RMS step  2.6808E-03 Target: 1.2000E-03 converged?   no
  Max grad  1.4699E-04 Target: 4.5000E-04 converged?  yes component    99
  RMS grad  4.6447E-05 Target: 3.0000E-04 converged?  yes
Next calculation will be the dimer endpoint before rotation
dl-find/turbomole/=============================== Tstep:  110.8 Ttot:90203.4 ==
eandg
Spin: 
 Energy calculation finished, energy: -2.138692824E+03
Curvature at dimer midpoint                   -0.00177
Predicted dimer rotation angle:      3.479 deg
Next calculation will be the dimer endpoint after rotation
dl-find/turbomole/=============================== Tstep:  100.9 Ttot:90304.3 ==
eandg
Spin: 
 Energy calculation finished, energy: -2.138692824E+03
Curvature at dimer midpoint after rotation    -0.00075
Curvature at dimer minimum                    -0.00177
Actual dimer rotation angle:         0.044 deg
Dimer rotation converged after    1 steps
Writing TS-mode
Curvature after dimer rotation:               -0.00177
Frequency of transition mode  -216.362 cm^-1 (negative value denotes imaginary frequency)
Crossover temperature for tunnelling       49.54436 K
Restarting L-BFGS optimiser, instance: dimer rotation
Next calculation will be the dimer  midpoint
dl-find/turbomole/=============================== Tstep:   82.3 Ttot:90386.6 ==
eandg
Spin: 
 Energy calculation finished, energy: -2.138692830E+03
Testing convergence of dimer midpoint in cycle  300
    Energy  5.9150E-06 Target: 1.0000E-06 converged?   no
  Max step  2.1004E-02 Target: 1.8000E-03 converged?   no component    13
  RMS step  5.4368E-03 Target: 1.2000E-03 converged?   no
  Max grad  1.4562E-04 Target: 4.5000E-04 converged?  yes component    83
  RMS grad  4.0087E-05 Target: 3.0000E-04 converged?  yes
Next calculation will be the dimer endpoint before rotation
dl-find/turbomole/=============================== Tstep:  122.3 Ttot:90508.8 ==
eandg
Spin: 
 Energy calculation finished, energy: -2.138692830E+03
Curvature at dimer midpoint                   -0.00178
Predicted dimer rotation angle:      2.215 deg
Next calculation will be the dimer endpoint after rotation
dl-find/turbomole/=============================== Tstep:  100.1 Ttot:90609.0 ==
eandg
Spin: 
 Energy calculation finished, energy: -2.138692831E+03
Curvature at dimer midpoint after rotation    -0.00159
Curvature at dimer minimum                    -0.00178
Actual dimer rotation angle:         0.057 deg
Dimer rotation converged after    1 steps
Writing TS-mode
Curvature after dimer rotation:               -0.00178
Frequency of transition mode  -216.928 cm^-1 (negative value denotes imaginary frequency)
Crossover temperature for tunnelling       49.67392 K
Restarting L-BFGS optimiser, instance: dimer rotation
Next calculation will be the dimer  midpoint
dl-find/turbomole/=============================== Tstep:   82.5 Ttot:90691.5 ==
eandg
Spin: 
 Energy calculation finished, energy: -2.138692831E+03
Testing convergence of dimer midpoint in cycle  301
    Energy  1.0110E-06 Target: 1.0000E-06 converged?   no
  Max step  1.2118E-02 Target: 1.8000E-03 converged?   no component    13
  RMS step  3.3367E-03 Target: 1.2000E-03 converged?   no
  Max grad  2.3075E-04 Target: 4.5000E-04 converged?  yes component    83
  RMS grad  4.6590E-05 Target: 3.0000E-04 converged?  yes
Next calculation will be the dimer endpoint before rotation
dl-find/turbomole/=============================== Tstep:  121.7 Ttot:90813.2 ==
eandg
Spin: 
 Energy calculation finished, energy: -2.138692832E+03
Curvature at dimer midpoint                   -0.00180
Predicted dimer rotation angle:      2.778 deg
Next calculation will be the dimer endpoint after rotation
dl-find/turbomole/=============================== Tstep:  108.6 Ttot:90921.8 ==
eandg
Spin: 
 Energy calculation finished, energy: -2.138692832E+03
Curvature at dimer midpoint after rotation    -0.00125
Curvature at dimer minimum                    -0.00180
Actual dimer rotation angle:         0.042 deg
Dimer rotation converged after    1 steps
Writing TS-mode
Curvature after dimer rotation:               -0.00180
Frequency of transition mode  -217.933 cm^-1 (negative value denotes imaginary frequency)
Crossover temperature for tunnelling       49.90420 K
Restarting L-BFGS optimiser, instance: dimer rotation
Next calculation will be the dimer  midpoint
dl-find/turbomole/=============================== Tstep:   69.8 Ttot:90991.6 ==
eandg
Spin: 
 Energy calculation finished, energy: -2.138692837E+03
Testing convergence of dimer midpoint in cycle  302
    Energy  6.2380E-06 Target: 1.0000E-06 converged?   no
  Max step  2.8629E-02 Target: 1.8000E-03 converged?   no component     3
  RMS step  8.1566E-03 Target: 1.2000E-03 converged?   no
  Max grad  2.0550E-04 Target: 4.5000E-04 converged?  yes component    53
  RMS grad  5.5169E-05 Target: 3.0000E-04 converged?  yes
Next calculation will be the dimer endpoint before rotation
dl-find/turbomole/=============================== Tstep:  126.4 Ttot:91118.0 ==
eandg
Spin: 
 Energy calculation finished, energy: -2.138692837E+03
Curvature at dimer midpoint                   -0.00185
Predicted dimer rotation angle:      4.038 deg
Next calculation will be the dimer endpoint after rotation
dl-find/turbomole/=============================== Tstep:  101.3 Ttot:91219.3 ==
eandg
Spin: 
 Energy calculation finished, energy: -2.138692837E+03
Curvature at dimer midpoint after rotation    -0.00098
Curvature at dimer minimum                    -0.00185
Actual dimer rotation angle:         0.082 deg
Dimer rotation converged after    1 steps
Writing TS-mode
Curvature after dimer rotation:               -0.00185
Frequency of transition mode  -221.102 cm^-1 (negative value denotes imaginary frequency)
Crossover temperature for tunnelling       50.62969 K
Restarting L-BFGS optimiser, instance: dimer rotation
Next calculation will be the dimer  midpoint
dl-find/turbomole/=============================== Tstep:   79.2 Ttot:91298.5 ==
eandg
Spin: 
 Energy calculation finished, energy: -2.138692841E+03
Testing convergence of dimer midpoint in cycle  303
    Energy  3.9230E-06 Target: 1.0000E-06 converged?   no
  Max step  1.5228E-02 Target: 1.8000E-03 converged?   no component    33
  RMS step  4.3284E-03 Target: 1.2000E-03 converged?   no
  Max grad  3.2575E-04 Target: 4.5000E-04 converged?  yes component    88
  RMS grad  6.0609E-05 Target: 3.0000E-04 converged?  yes
Next calculation will be the dimer endpoint before rotation
dl-find/turbomole/=============================== Tstep:  114.3 Ttot:91412.8 ==
eandg
Spin: 
 Energy calculation finished, energy: -2.138692841E+03
Curvature at dimer midpoint                   -0.00187
Predicted dimer rotation angle:      3.453 deg
Next calculation will be the dimer endpoint after rotation
dl-find/turbomole/=============================== Tstep:  100.1 Ttot:91512.9 ==
eandg
Spin: 
 Energy calculation finished, energy: -2.138692841E+03
Curvature at dimer midpoint after rotation    -0.00129
Curvature at dimer minimum                    -0.00187
Actual dimer rotation angle:         0.078 deg
Dimer rotation converged after    1 steps
Writing TS-mode
Curvature after dimer rotation:               -0.00187
Frequency of transition mode  -222.040 cm^-1 (negative value denotes imaginary frequency)
Crossover temperature for tunnelling       50.84449 K
Restarting L-BFGS optimiser, instance: dimer rotation
Next calculation will be the dimer  midpoint
dl-find/turbomole/=============================== Tstep:   80.1 Ttot:91593.0 ==
eandg
Spin: 
 Energy calculation finished, energy: -2.138692844E+03
Testing convergence of dimer midpoint in cycle  304
    Energy  3.3680E-06 Target: 1.0000E-06 converged?   no
  Max step  5.0858E-03 Target: 1.8000E-03 converged?   no component     9
  RMS step  1.2968E-03 Target: 1.2000E-03 converged?   no
  Max grad  1.7658E-04 Target: 4.5000E-04 converged?  yes component    49
  RMS grad  4.7476E-05 Target: 3.0000E-04 converged?  yes
Next calculation will be the dimer endpoint before rotation
dl-find/turbomole/=============================== Tstep:  104.8 Ttot:91697.9 ==
eandg
Spin: 
 Energy calculation finished, energy: -2.138692845E+03
Curvature at dimer midpoint                   -0.00186
Predicted dimer rotation angle:      3.913 deg
Next calculation will be the dimer endpoint after rotation
dl-find/turbomole/=============================== Tstep:  108.6 Ttot:91806.5 ==
eandg
Spin: 
 Energy calculation finished, energy: -2.138692845E+03
Curvature at dimer midpoint after rotation    -0.00073
Curvature at dimer minimum                    -0.00186
Actual dimer rotation angle:         0.059 deg
Dimer rotation converged after    1 steps
Writing TS-mode
Curvature after dimer rotation:               -0.00186
Frequency of transition mode  -221.647 cm^-1 (negative value denotes imaginary frequency)
Crossover temperature for tunnelling       50.75462 K
Restarting L-BFGS optimiser, instance: dimer rotation
Next calculation will be the dimer  midpoint
dl-find/turbomole/=============================== Tstep:   86.3 Ttot:91892.8 ==
eandg
Spin: 
 Energy calculation finished, energy: -2.138692849E+03
Testing convergence of dimer midpoint in cycle  305
    Energy  5.0850E-06 Target: 1.0000E-06 converged?   no
  Max step  1.2322E-02 Target: 1.8000E-03 converged?   no component    33
  RMS step  3.7384E-03 Target: 1.2000E-03 converged?   no
  Max grad  2.4694E-04 Target: 4.5000E-04 converged?  yes component    88
  RMS grad  5.5878E-05 Target: 3.0000E-04 converged?  yes
Next calculation will be the dimer endpoint before rotation
dl-find/turbomole/=============================== Tstep:  119.2 Ttot:92012.0 ==
eandg
Spin: 
 Energy calculation finished, energy: -2.138692850E+03
Curvature at dimer midpoint                   -0.00188
Predicted dimer rotation angle:      3.000 deg
Next calculation will be the dimer endpoint after rotation
dl-find/turbomole/=============================== Tstep:  108.5 Ttot:92120.5 ==
eandg
Spin: 
 Energy calculation finished, energy: -2.138692850E+03
Curvature at dimer midpoint after rotation    -0.00149
Curvature at dimer minimum                    -0.00188
Actual dimer rotation angle:         0.076 deg
Dimer rotation converged after    1 steps
Writing TS-mode
Curvature after dimer rotation:               -0.00188
Frequency of transition mode  -222.859 cm^-1 (negative value denotes imaginary frequency)
Crossover temperature for tunnelling       51.03215 K
Restarting L-BFGS optimiser, instance: dimer rotation
Next calculation will be the dimer  midpoint
dl-find/turbomole/=============================== Tstep:   83.4 Ttot:92203.9 ==
eandg
Spin: 
 Energy calculation finished, energy: -2.138692852E+03
Testing convergence of dimer midpoint in cycle  306
    Energy  3.0500E-06 Target: 1.0000E-06 converged?   no
  Max step  1.1549E-02 Target: 1.8000E-03 converged?   no component    33
  RMS step  3.4967E-03 Target: 1.2000E-03 converged?   no
  Max grad  3.4028E-04 Target: 4.5000E-04 converged?  yes component    83
  RMS grad  5.4529E-05 Target: 3.0000E-04 converged?  yes
Next calculation will be the dimer endpoint before rotation
dl-find/turbomole/=============================== Tstep:  105.6 Ttot:92309.5 ==
eandg
Spin: 
 Energy calculation finished, energy: -2.138692853E+03
Curvature at dimer midpoint                   -0.00186
Predicted dimer rotation angle:      4.030 deg
Next calculation will be the dimer endpoint after rotation
dl-find/turbomole/=============================== Tstep:  100.6 Ttot:92410.1 ==
eandg
Spin: 
 Energy calculation finished, energy: -2.138692852E+03
Curvature at dimer midpoint after rotation    -0.00048
Curvature at dimer minimum                    -0.00186
Actual dimer rotation angle:         0.053 deg
Dimer rotation converged after    1 steps
Writing TS-mode
Curvature after dimer rotation:               -0.00186
Frequency of transition mode  -221.907 cm^-1 (negative value denotes imaginary frequency)
Crossover temperature for tunnelling       50.81423 K
Restarting L-BFGS optimiser, instance: dimer rotation
Next calculation will be the dimer  midpoint
dl-find/turbomole/=============================== Tstep:   87.4 Ttot:92497.5 ==
eandg
Spin: 
 Energy calculation finished, energy: -2.138692858E+03
Testing convergence of dimer midpoint in cycle  307
    Energy  5.7530E-06 Target: 1.0000E-06 converged?   no
  Max step  1.2083E-02 Target: 1.8000E-03 converged?   no component    33
  RMS step  3.4393E-03 Target: 1.2000E-03 converged?   no
  Max grad  2.2997E-04 Target: 4.5000E-04 converged?  yes component    88
  RMS grad  4.3592E-05 Target: 3.0000E-04 converged?  yes
Next calculation will be the dimer endpoint before rotation
dl-find/turbomole/=============================== Tstep:  113.8 Ttot:92611.2 ==
eandg
Spin: 
 Energy calculation finished, energy: -2.138692856E+03
Curvature at dimer midpoint                   -0.00190
Predicted dimer rotation angle:      5.986 deg
Next calculation will be the dimer endpoint after rotation
dl-find/turbomole/=============================== Tstep:  100.6 Ttot:92711.8 ==
eandg
Spin: 
 Energy calculation finished, energy: -2.138692858E+03
Curvature at dimer midpoint after rotation     0.00091
Curvature at dimer minimum                    -0.00190
Actual dimer rotation angle:         0.087 deg
Dimer rotation converged after    1 steps
Writing TS-mode
Curvature after dimer rotation:               -0.00190
Frequency of transition mode  -224.347 cm^-1 (negative value denotes imaginary frequency)
Crossover temperature for tunnelling       51.37283 K
Restarting L-BFGS optimiser, instance: dimer rotation
Next calculation will be the dimer  midpoint
dl-find/turbomole/=============================== Tstep:   83.6 Ttot:92795.4 ==
eandg
Spin: 
 Energy calculation finished, energy: -2.138692862E+03
Testing convergence of dimer midpoint in cycle  308
    Energy  3.6150E-06 Target: 1.0000E-06 converged?   no
  Max step  2.8501E-02 Target: 1.8000E-03 converged?   no component    33
  RMS step  8.1256E-03 Target: 1.2000E-03 converged?   no
  Max grad  2.3710E-04 Target: 4.5000E-04 converged?  yes component    88
  RMS grad  5.9847E-05 Target: 3.0000E-04 converged?  yes
Next calculation will be the dimer endpoint before rotation
dl-find/turbomole/=============================== Tstep:  117.4 Ttot:92912.8 ==
eandg
Spin: 
 Energy calculation finished, energy: -2.138692862E+03
Curvature at dimer midpoint                   -0.00190
Predicted dimer rotation angle:      6.896 deg
Next calculation will be the dimer endpoint after rotation
dl-find/turbomole/=============================== Tstep:  101.1 Ttot:93013.9 ==
eandg
Spin: 
 Energy calculation finished, energy: -2.138692862E+03
Curvature at dimer midpoint after rotation     0.00296
Curvature at dimer minimum                    -0.00190
Actual dimer rotation angle:         0.078 deg
Dimer rotation converged after    1 steps
Writing TS-mode
Curvature after dimer rotation:               -0.00190
Frequency of transition mode  -224.313 cm^-1 (negative value denotes imaginary frequency)
Crossover temperature for tunnelling       51.36505 K
Restarting L-BFGS optimiser, instance: dimer rotation
Next calculation will be the dimer  midpoint
dl-find/turbomole/=============================== Tstep:   88.9 Ttot:93102.8 ==
eandg
Spin: 
 Energy calculation finished, energy: -2.138692864E+03
Testing convergence of dimer midpoint in cycle  309
    Energy  2.0850E-06 Target: 1.0000E-06 converged?   no
  Max step  1.1325E-02 Target: 1.8000E-03 converged?   no component    33
  RMS step  3.5403E-03 Target: 1.2000E-03 converged?   no
  Max grad  4.4648E-04 Target: 4.5000E-04 converged?  yes component    83
  RMS grad  5.9095E-05 Target: 3.0000E-04 converged?  yes
Next calculation will be the dimer endpoint before rotation
dl-find/turbomole/=============================== Tstep:  119.2 Ttot:93222.0 ==
eandg
Spin: 
 Energy calculation finished, energy: -2.138692864E+03
Curvature at dimer midpoint                   -0.00192
Predicted dimer rotation angle:      3.029 deg
Next calculation will be the dimer endpoint after rotation
dl-find/turbomole/=============================== Tstep:   99.8 Ttot:93321.8 ==
eandg
Spin: 
 Energy calculation finished, energy: -2.138692864E+03
Curvature at dimer midpoint after rotation    -0.00164
Curvature at dimer minimum                    -0.00193
Actual dimer rotation angle:         0.107 deg
Dimer rotation converged after    1 steps
Writing TS-mode
Curvature after dimer rotation:               -0.00193
Frequency of transition mode  -225.558 cm^-1 (negative value denotes imaginary frequency)
Crossover temperature for tunnelling       51.65022 K
Restarting L-BFGS optimiser, instance: dimer rotation
Next calculation will be the dimer  midpoint
dl-find/turbomole/=============================== Tstep:   62.9 Ttot:93384.7 ==
eandg
Spin: 
 Energy calculation finished, energy: -2.138692866E+03
Testing convergence of dimer midpoint in cycle  310
    Energy  1.9040E-06 Target: 1.0000E-06 converged?   no
  Max step  3.6931E-03 Target: 1.8000E-03 converged?   no component    13
  RMS step  8.2902E-04 Target: 1.2000E-03 converged?  yes
  Max grad  2.3989E-04 Target: 4.5000E-04 converged?  yes component    83
  RMS grad  3.6151E-05 Target: 3.0000E-04 converged?  yes
Next calculation will be the dimer endpoint before rotation
dl-find/turbomole/=============================== Tstep:  109.6 Ttot:93494.3 ==
eandg
Spin: 
 Energy calculation finished, energy: -2.138692866E+03
Curvature at dimer midpoint                   -0.00193
Predicted dimer rotation angle:      3.538 deg
Next calculation will be the dimer endpoint after rotation
dl-find/turbomole/=============================== Tstep:  108.4 Ttot:93602.7 ==
eandg
Spin: 
 Energy calculation finished, energy: -2.138692866E+03
Curvature at dimer midpoint after rotation    -0.00086
Curvature at dimer minimum                    -0.00193
Actual dimer rotation angle:         0.048 deg
Dimer rotation converged after    1 steps
Writing TS-mode
Curvature after dimer rotation:               -0.00193
Frequency of transition mode  -225.831 cm^-1 (negative value denotes imaginary frequency)
Crossover temperature for tunnelling       51.71279 K
Restarting L-BFGS optimiser, instance: dimer rotation
Next calculation will be the dimer  midpoint
dl-find/turbomole/=============================== Tstep:   63.0 Ttot:93665.7 ==
eandg
Spin: 
 Energy calculation finished, energy: -2.138692866E+03
Testing convergence of dimer midpoint in cycle  311
    Energy  5.0500E-07 Target: 1.0000E-06 converged?  yes
  Max step  6.4799E-03 Target: 1.8000E-03 converged?   no component    13
  RMS step  1.4892E-03 Target: 1.2000E-03 converged?   no
  Max grad  1.1136E-04 Target: 4.5000E-04 converged?  yes component    83
  RMS grad  2.8668E-05 Target: 3.0000E-04 converged?  yes
Next calculation will be the dimer endpoint before rotation
dl-find/turbomole/=============================== Tstep:  115.6 Ttot:93781.3 ==
eandg
Spin: 
 Energy calculation finished, energy: -2.138692866E+03
Curvature at dimer midpoint                   -0.00193
Predicted dimer rotation angle:      2.180 deg
Next calculation will be the dimer endpoint after rotation
dl-find/turbomole/=============================== Tstep:  109.5 Ttot:93890.8 ==
eandg
Spin: 
 Energy calculation finished, energy: -2.138692866E+03
Curvature at dimer midpoint after rotation    -0.00174
Curvature at dimer minimum                    -0.00193
Actual dimer rotation angle:         0.060 deg
Dimer rotation converged after    1 steps
Writing TS-mode
Curvature after dimer rotation:               -0.00193
Frequency of transition mode  -225.941 cm^-1 (negative value denotes imaginary frequency)
Crossover temperature for tunnelling       51.73799 K
Restarting L-BFGS optimiser, instance: dimer rotation
Next calculation will be the dimer  midpoint
dl-find/turbomole/=============================== Tstep:   76.6 Ttot:93967.4 ==
eandg
Spin: 
 Energy calculation finished, energy: -2.138692868E+03
Testing convergence of dimer midpoint in cycle  312
    Energy  1.5950E-06 Target: 1.0000E-06 converged?   no
  Max step  5.4732E-03 Target: 1.8000E-03 converged?   no component    33
  RMS step  1.6736E-03 Target: 1.2000E-03 converged?   no
  Max grad  1.8461E-04 Target: 4.5000E-04 converged?  yes component    83
  RMS grad  3.2590E-05 Target: 3.0000E-04 converged?  yes
Next calculation will be the dimer endpoint before rotation
dl-find/turbomole/=============================== Tstep:  107.6 Ttot:94075.0 ==
eandg
Spin: 
 Energy calculation finished, energy: -2.138692868E+03
Curvature at dimer midpoint                   -0.00193
Predicted dimer rotation angle:      2.667 deg
Next calculation will be the dimer endpoint after rotation
dl-find/turbomole/=============================== Tstep:  106.3 Ttot:94181.2 ==
eandg
Spin: 
 Energy calculation finished, energy: -2.138692868E+03
Curvature at dimer midpoint after rotation    -0.00141
Curvature at dimer minimum                    -0.00193
Actual dimer rotation angle:         0.042 deg
Dimer rotation converged after    1 steps
Writing TS-mode
Curvature after dimer rotation:               -0.00193
Frequency of transition mode  -226.035 cm^-1 (negative value denotes imaginary frequency)
Crossover temperature for tunnelling       51.75946 K
Restarting L-BFGS optimiser, instance: dimer rotation
Next calculation will be the dimer  midpoint
dl-find/turbomole/=============================== Tstep:   73.5 Ttot:94254.7 ==
eandg
Spin: 
 Energy calculation finished, energy: -2.138692869E+03
Testing convergence of dimer midpoint in cycle  313
    Energy  1.0910E-06 Target: 1.0000E-06 converged?   no
  Max step  1.9849E-02 Target: 1.8000E-03 converged?   no component    33
  RMS step  5.9526E-03 Target: 1.2000E-03 converged?   no
  Max grad  5.4433E-04 Target: 4.5000E-04 converged?   no component    43
  RMS grad  9.5644E-05 Target: 3.0000E-04 converged?  yes
Next calculation will be the dimer endpoint before rotation
dl-find/turbomole/=============================== Tstep:  119.9 Ttot:94374.6 ==
eandg
Spin: 
 Energy calculation finished, energy: -2.138692869E+03
Curvature at dimer midpoint                   -0.00194
Predicted dimer rotation angle:      2.689 deg
Next calculation will be the dimer endpoint after rotation
dl-find/turbomole/=============================== Tstep:  107.3 Ttot:94481.9 ==
eandg
Spin: 
 Energy calculation finished, energy: -2.138692869E+03
Curvature at dimer midpoint after rotation    -0.00151
Curvature at dimer minimum                    -0.00194
Actual dimer rotation angle:         0.052 deg
Dimer rotation converged after    1 steps
Writing TS-mode
Curvature after dimer rotation:               -0.00194
Frequency of transition mode  -226.237 cm^-1 (negative value denotes imaginary frequency)
Crossover temperature for tunnelling       51.80577 K
Restarting L-BFGS optimiser, instance: dimer rotation
Next calculation will be the dimer  midpoint
dl-find/turbomole/=============================== Tstep:   81.5 Ttot:94563.5 ==
eandg
Spin: 
 Energy calculation finished, energy: -2.138692872E+03
Testing convergence of dimer midpoint in cycle  314
    Energy  2.7340E-06 Target: 1.0000E-06 converged?   no
  Max step  1.2609E-02 Target: 1.8000E-03 converged?   no component    13
  RMS step  3.1412E-03 Target: 1.2000E-03 converged?   no
  Max grad  1.4845E-04 Target: 4.5000E-04 converged?  yes component    19
  RMS grad  2.8448E-05 Target: 3.0000E-04 converged?  yes
Next calculation will be the dimer endpoint before rotation
dl-find/turbomole/=============================== Tstep:  113.9 Ttot:94677.3 ==
eandg
Spin: 
 Energy calculation finished, energy: -2.138692871E+03
Curvature at dimer midpoint                   -0.00193
Predicted dimer rotation angle:      2.551 deg
Next calculation will be the dimer endpoint after rotation
dl-find/turbomole/=============================== Tstep:  100.4 Ttot:94777.7 ==
eandg
Spin: 
 Energy calculation finished, energy: -2.138692871E+03
Curvature at dimer midpoint after rotation    -0.00147
Curvature at dimer minimum                    -0.00193
Actual dimer rotation angle:         0.042 deg
Dimer rotation converged after    1 steps
Writing TS-mode
Curvature after dimer rotation:               -0.00193
Frequency of transition mode  -225.616 cm^-1 (negative value denotes imaginary frequency)
Crossover temperature for tunnelling       51.66346 K
Restarting L-BFGS optimiser, instance: dimer rotation
Next calculation will be the dimer  midpoint
dl-find/turbomole/=============================== Tstep:   56.2 Ttot:94834.0 ==
eandg
Spin: 
 Energy calculation finished, energy: -2.138692874E+03
Testing convergence of dimer midpoint in cycle  315
    Energy  2.1440E-06 Target: 1.0000E-06 converged?   no
  Max step  1.4562E-03 Target: 1.8000E-03 converged?  yes component    33
  RMS step  4.2130E-04 Target: 1.2000E-03 converged?  yes
  Max grad  1.2486E-04 Target: 4.5000E-04 converged?  yes component    19
  RMS grad  2.5608E-05 Target: 3.0000E-04 converged?  yes
Next calculation will be the dimer endpoint before rotation
dl-find/turbomole/=============================== Tstep:  107.5 Ttot:94941.5 ==
eandg
Spin: 
 Energy calculation finished, energy: -2.138692874E+03
Curvature at dimer midpoint                   -0.00193
Predicted dimer rotation angle:      1.943 deg
Dimer rotation converged after    0 steps
Writing TS-mode
Curvature after dimer rotation:               -0.00193
Frequency of transition mode  -225.772 cm^-1 (negative value denotes imaginary frequency)
Crossover temperature for tunnelling       51.69921 K
Restarting L-BFGS optimiser, instance: dimer rotation
Next calculation will be the dimer  midpoint
dl-find/turbomole/=============================== Tstep:  108.6 Ttot:95050.1 ==
eandg
Spin: 
 Energy calculation finished, energy: -2.138692877E+03
Testing convergence of dimer midpoint in cycle  316
    Energy  3.3200E-06 Target: 1.0000E-06 converged?   no
  Max step  9.8497E-03 Target: 1.8000E-03 converged?   no component    33
  RMS step  2.6282E-03 Target: 1.2000E-03 converged?   no
  Max grad  1.2317E-04 Target: 4.5000E-04 converged?  yes component    83
  RMS grad  3.4977E-05 Target: 3.0000E-04 converged?  yes
Next calculation will be the dimer endpoint before rotation
dl-find/turbomole/=============================== Tstep:  116.2 Ttot:95166.3 ==
eandg
Spin: 
 Energy calculation finished, energy: -2.138692877E+03
Curvature at dimer midpoint                   -0.00192
Predicted dimer rotation angle:      1.921 deg
Dimer rotation converged after    0 steps
Writing TS-mode
Curvature after dimer rotation:               -0.00192
Frequency of transition mode  -225.048 cm^-1 (negative value denotes imaginary frequency)
Crossover temperature for tunnelling       51.53331 K
Restarting L-BFGS optimiser, instance: dimer rotation
Next calculation will be the dimer  midpoint
dl-find/turbomole/=============================== Tstep:  100.0 Ttot:95266.3 ==
eandg
Spin: 
 Energy calculation finished, energy: -2.138692884E+03
Testing convergence of dimer midpoint in cycle  317
    Energy  6.3460E-06 Target: 1.0000E-06 converged?   no
  Max step  1.4318E-02 Target: 1.8000E-03 converged?   no component   210
  RMS step  3.9474E-03 Target: 1.2000E-03 converged?   no
  Max grad  2.7805E-04 Target: 4.5000E-04 converged?  yes component   247
  RMS grad  5.5940E-05 Target: 3.0000E-04 converged?  yes
Next calculation will be the dimer endpoint before rotation
dl-find/turbomole/=============================== Tstep:  113.0 Ttot:95379.3 ==
eandg
Spin: 
 Energy calculation finished, energy: -2.138692883E+03
Curvature at dimer midpoint                   -0.00192
Predicted dimer rotation angle:      2.726 deg
Next calculation will be the dimer endpoint after rotation
dl-find/turbomole/=============================== Tstep:  100.4 Ttot:95479.7 ==
eandg
Spin: 
 Energy calculation finished, energy: -2.138692883E+03
Curvature at dimer midpoint after rotation    -0.00155
Curvature at dimer minimum                    -0.00192
Actual dimer rotation angle:         0.062 deg
Dimer rotation converged after    1 steps
Writing TS-mode
Curvature after dimer rotation:               -0.00192
Frequency of transition mode  -225.099 cm^-1 (negative value denotes imaginary frequency)
Crossover temperature for tunnelling       51.54514 K
Restarting L-BFGS optimiser, instance: dimer rotation
Next calculation will be the dimer  midpoint
dl-find/turbomole/=============================== Tstep:   76.9 Ttot:95556.7 ==
eandg
Spin: 
 Energy calculation finished, energy: -2.138692886E+03
Testing convergence of dimer midpoint in cycle  318
    Energy  2.5790E-06 Target: 1.0000E-06 converged?   no
  Max step  2.0674E-02 Target: 1.8000E-03 converged?   no component   210
  RMS step  5.6681E-03 Target: 1.2000E-03 converged?   no
  Max grad  1.7771E-04 Target: 4.5000E-04 converged?  yes component   106
  RMS grad  4.5606E-05 Target: 3.0000E-04 converged?  yes
Next calculation will be the dimer endpoint before rotation
dl-find/turbomole/=============================== Tstep:  118.3 Ttot:95674.9 ==
eandg
Spin: 
 Energy calculation finished, energy: -2.138692886E+03
Curvature at dimer midpoint                   -0.00188
Predicted dimer rotation angle:      2.607 deg
Next calculation will be the dimer endpoint after rotation
dl-find/turbomole/=============================== Tstep:   99.8 Ttot:95774.8 ==
eandg
Spin: 
 Energy calculation finished, energy: -2.138692886E+03
Curvature at dimer midpoint after rotation    -0.00147
Curvature at dimer minimum                    -0.00188
Actual dimer rotation angle:         0.047 deg
Dimer rotation converged after    1 steps
Writing TS-mode
Curvature after dimer rotation:               -0.00188
Frequency of transition mode  -223.112 cm^-1 (negative value denotes imaginary frequency)
Crossover temperature for tunnelling       51.09015 K
Restarting L-BFGS optimiser, instance: dimer rotation
Next calculation will be the dimer  midpoint
dl-find/turbomole/=============================== Tstep:   77.2 Ttot:95851.9 ==
eandg
Spin: 
 Energy calculation finished, energy: -2.138692889E+03
Testing convergence of dimer midpoint in cycle  319
    Energy  2.6460E-06 Target: 1.0000E-06 converged?   no
  Max step  1.0096E-02 Target: 1.8000E-03 converged?   no component    33
  RMS step  2.8432E-03 Target: 1.2000E-03 converged?   no
  Max grad  9.7739E-05 Target: 4.5000E-04 converged?  yes component   112
  RMS grad  3.0219E-05 Target: 3.0000E-04 converged?  yes
Next calculation will be the dimer endpoint before rotation
dl-find/turbomole/=============================== Tstep:  113.2 Ttot:95965.1 ==
eandg
Spin: 
 Energy calculation finished, energy: -2.138692889E+03
Curvature at dimer midpoint                   -0.00188
Predicted dimer rotation angle:      2.386 deg
Next calculation will be the dimer endpoint after rotation
dl-find/turbomole/=============================== Tstep:  108.6 Ttot:96073.7 ==
eandg
Spin: 
 Energy calculation finished, energy: -2.138692889E+03
Curvature at dimer midpoint after rotation    -0.00148
Curvature at dimer minimum                    -0.00188
Actual dimer rotation angle:         0.037 deg
Dimer rotation converged after    1 steps
Writing TS-mode
Curvature after dimer rotation:               -0.00188
Frequency of transition mode  -223.053 cm^-1 (negative value denotes imaginary frequency)
Crossover temperature for tunnelling       51.07667 K
Restarting L-BFGS optimiser, instance: dimer rotation
Next calculation will be the dimer  midpoint
dl-find/turbomole/=============================== Tstep:   80.5 Ttot:96154.2 ==
eandg
Spin: 
 Energy calculation finished, energy: -2.138692891E+03
Testing convergence of dimer midpoint in cycle  320
    Energy  2.6650E-06 Target: 1.0000E-06 converged?   no
  Max step  1.5272E-02 Target: 1.8000E-03 converged?   no component   210
  RMS step  4.3512E-03 Target: 1.2000E-03 converged?   no
  Max grad  1.8008E-04 Target: 4.5000E-04 converged?  yes component    83
  RMS grad  4.0566E-05 Target: 3.0000E-04 converged?  yes
Next calculation will be the dimer endpoint before rotation
dl-find/turbomole/=============================== Tstep:  113.9 Ttot:96268.1 ==
eandg
Spin: 
 Energy calculation finished, energy: -2.138692892E+03
Curvature at dimer midpoint                   -0.00187
Predicted dimer rotation angle:      1.726 deg
Dimer rotation converged after    0 steps
Writing TS-mode
Curvature after dimer rotation:               -0.00187
Frequency of transition mode  -222.087 cm^-1 (negative value denotes imaginary frequency)
Crossover temperature for tunnelling       50.85526 K
Restarting L-BFGS optimiser, instance: dimer rotation
Next calculation will be the dimer  midpoint
dl-find/turbomole/=============================== Tstep:  100.8 Ttot:96368.9 ==
eandg
Spin: 
 Energy calculation finished, energy: -2.138692891E+03
Testing convergence of dimer midpoint in cycle  321
    Energy  2.9400E-07 Target: 1.0000E-06 converged?  yes
  Max step  1.1821E-02 Target: 1.8000E-03 converged?   no component   210
  RMS step  3.1753E-03 Target: 1.2000E-03 converged?   no
  Max grad  2.8356E-04 Target: 4.5000E-04 converged?  yes component   251
  RMS grad  5.8379E-05 Target: 3.0000E-04 converged?  yes
Next calculation will be the dimer endpoint before rotation
dl-find/turbomole/=============================== Tstep:  112.6 Ttot:96481.6 ==
eandg
Spin: 
 Energy calculation finished, energy: -2.138692891E+03
Curvature at dimer midpoint                   -0.00187
Predicted dimer rotation angle:      1.647 deg
Dimer rotation converged after    0 steps
Writing TS-mode
Curvature after dimer rotation:               -0.00187
Frequency of transition mode  -222.119 cm^-1 (negative value denotes imaginary frequency)
Crossover temperature for tunnelling       50.86274 K
Restarting L-BFGS optimiser, instance: dimer rotation
Next calculation will be the dimer  midpoint
dl-find/turbomole/=============================== Tstep:  108.4 Ttot:96590.0 ==
eandg
Spin: 
 Energy calculation finished, energy: -2.138692895E+03
Testing convergence of dimer midpoint in cycle  322
    Energy  3.5780E-06 Target: 1.0000E-06 converged?   no
  Max step  8.6444E-03 Target: 1.8000E-03 converged?   no component   210
  RMS step  2.3378E-03 Target: 1.2000E-03 converged?   no
  Max grad  1.4658E-04 Target: 4.5000E-04 converged?  yes component   190
  RMS grad  3.9315E-05 Target: 3.0000E-04 converged?  yes
Next calculation will be the dimer endpoint before rotation
dl-find/turbomole/=============================== Tstep:  111.7 Ttot:96701.8 ==
eandg
Spin: 
 Energy calculation finished, energy: -2.138692895E+03
Curvature at dimer midpoint                   -0.00185
Predicted dimer rotation angle:      1.692 deg
Dimer rotation converged after    0 steps
Writing TS-mode
Curvature after dimer rotation:               -0.00185
Frequency of transition mode  -221.373 cm^-1 (negative value denotes imaginary frequency)
Crossover temperature for tunnelling       50.69197 K
Restarting L-BFGS optimiser, instance: dimer rotation
Next calculation will be the dimer  midpoint
dl-find/turbomole/=============================== Tstep:  100.1 Ttot:96801.9 ==
eandg
Spin: 
 Energy calculation finished, energy: -2.138692897E+03
Testing convergence of dimer midpoint in cycle  323
    Energy  2.2690E-06 Target: 1.0000E-06 converged?   no
  Max step  1.9237E-02 Target: 1.8000E-03 converged?   no component   210
  RMS step  5.1358E-03 Target: 1.2000E-03 converged?   no
  Max grad  1.3422E-04 Target: 4.5000E-04 converged?  yes component   219
  RMS grad  3.3632E-05 Target: 3.0000E-04 converged?  yes
Next calculation will be the dimer endpoint before rotation
dl-find/turbomole/=============================== Tstep:  114.8 Ttot:96916.7 ==
eandg
Spin: 
 Energy calculation finished, energy: -2.138692897E+03
Curvature at dimer midpoint                   -0.00183
Predicted dimer rotation angle:      8.848 deg
Next calculation will be the dimer endpoint after rotation
dl-find/turbomole/=============================== Tstep:  100.4 Ttot:97017.1 ==
eandg
Spin: 
 Energy calculation finished, energy: -2.138692897E+03
Curvature at dimer midpoint after rotation     0.00283
Curvature at dimer minimum                    -0.00184
Actual dimer rotation angle:         0.164 deg
Dimer rotation converged after    1 steps
Writing TS-mode
Curvature after dimer rotation:               -0.00184
Frequency of transition mode  -220.262 cm^-1 (negative value denotes imaginary frequency)
Crossover temperature for tunnelling       50.43744 K
Restarting L-BFGS optimiser, instance: dimer rotation
Next calculation will be the dimer  midpoint
dl-find/turbomole/=============================== Tstep:   85.8 Ttot:97102.9 ==
eandg
Spin: 
 Energy calculation finished, energy: -2.138692898E+03
Testing convergence of dimer midpoint in cycle  324
    Energy  5.9100E-07 Target: 1.0000E-06 converged?  yes
  Max step  1.1977E-02 Target: 1.8000E-03 converged?   no component   210
  RMS step  3.1342E-03 Target: 1.2000E-03 converged?   no
  Max grad  2.1618E-04 Target: 4.5000E-04 converged?  yes component   190
  RMS grad  4.4119E-05 Target: 3.0000E-04 converged?  yes
Next calculation will be the dimer endpoint before rotation
dl-find/turbomole/=============================== Tstep:  108.5 Ttot:97211.3 ==
eandg
Spin: 
 Energy calculation finished, energy: -2.138692898E+03
Curvature at dimer midpoint                   -0.00182
Predicted dimer rotation angle:     11.378 deg
Next calculation will be the dimer endpoint after rotation
dl-find/turbomole/=============================== Tstep:  108.5 Ttot:97319.9 ==
eandg
Spin: 
 Energy calculation finished, energy: -2.138692897E+03
Curvature at dimer midpoint after rotation     0.01286
Curvature at dimer minimum                    -0.00183
Actual dimer rotation angle:         0.114 deg
Dimer rotation converged after    1 steps
Writing TS-mode
Curvature after dimer rotation:               -0.00183
Frequency of transition mode  -219.617 cm^-1 (negative value denotes imaginary frequency)
Crossover temperature for tunnelling       50.28977 K
Restarting L-BFGS optimiser, instance: dimer rotation
Next calculation will be the dimer  midpoint
dl-find/turbomole/=============================== Tstep:   88.2 Ttot:97408.1 ==
eandg
Spin: 
 Energy calculation finished, energy: -2.138692899E+03
Testing convergence of dimer midpoint in cycle  325
    Energy  1.6020E-06 Target: 1.0000E-06 converged?   no
  Max step  1.6772E-02 Target: 1.8000E-03 converged?   no component   210
  RMS step  4.3705E-03 Target: 1.2000E-03 converged?   no
  Max grad  1.8756E-04 Target: 4.5000E-04 converged?  yes component   190
  RMS grad  4.3840E-05 Target: 3.0000E-04 converged?  yes
Next calculation will be the dimer endpoint before rotation
dl-find/turbomole/=============================== Tstep:  111.3 Ttot:97519.4 ==
eandg
Spin: 
 Energy calculation finished, energy: -2.138692900E+03
Curvature at dimer midpoint                   -0.00181
Predicted dimer rotation angle:      2.061 deg
Next calculation will be the dimer endpoint after rotation
dl-find/turbomole/=============================== Tstep:  101.7 Ttot:97621.1 ==
eandg
Spin: 
 Energy calculation finished, energy: -2.138692900E+03
Curvature at dimer midpoint after rotation    -0.00177
Curvature at dimer minimum                    -0.00181
Actual dimer rotation angle:         0.218 deg
Dimer rotation converged after    1 steps
Writing TS-mode
Curvature after dimer rotation:               -0.00181
Frequency of transition mode  -218.477 cm^-1 (negative value denotes imaginary frequency)
Crossover temperature for tunnelling       50.02872 K
Restarting L-BFGS optimiser, instance: dimer rotation
Next calculation will be the dimer  midpoint
dl-find/turbomole/=============================== Tstep:   71.7 Ttot:97692.8 ==
eandg
Spin: 
 Energy calculation finished, energy: -2.138692829E+03
Testing convergence of dimer midpoint in cycle  326
    Energy  7.0303E-05 Target: 1.0000E-06 converged?   no
  Max step  4.4482E-02 Target: 1.8000E-03 converged?   no component   210
  RMS step  1.1553E-02 Target: 1.2000E-03 converged?   no
  Max grad  8.7317E-04 Target: 4.5000E-04 converged?   no component   190
  RMS grad  1.2262E-04 Target: 3.0000E-04 converged?  yes
Next calculation will be the dimer endpoint before rotation
dl-find/turbomole/=============================== Tstep:  126.2 Ttot:97819.0 ==
eandg
Spin: 
 Energy calculation finished, energy: -2.138692830E+03
Curvature at dimer midpoint                   -0.00179
Predicted dimer rotation angle:      3.926 deg
Next calculation will be the dimer endpoint after rotation
dl-find/turbomole/=============================== Tstep:  100.7 Ttot:97919.7 ==
eandg
Spin: 
 Energy calculation finished, energy: -2.138692829E+03
Curvature at dimer midpoint after rotation    -0.00019
Curvature at dimer minimum                    -0.00179
Actual dimer rotation angle:         0.040 deg
Dimer rotation converged after    1 steps
Writing TS-mode
Curvature after dimer rotation:               -0.00179
Frequency of transition mode  -217.279 cm^-1 (negative value denotes imaginary frequency)
Crossover temperature for tunnelling       49.75428 K
Restarting L-BFGS optimiser, instance: dimer rotation
Next calculation will be the dimer  midpoint
dl-find/turbomole/=============================== Tstep:   83.4 Ttot:98003.1 ==
eandg
Spin: 
 Energy calculation finished, energy: -2.138692835E+03
Testing convergence of dimer midpoint in cycle  327
    Energy  6.4680E-06 Target: 1.0000E-06 converged?   no
  Max step  1.3828E-02 Target: 1.8000E-03 converged?   no component   210
  RMS step  3.6976E-03 Target: 1.2000E-03 converged?   no
  Max grad  1.5631E-04 Target: 4.5000E-04 converged?  yes component   190
  RMS grad  3.5740E-05 Target: 3.0000E-04 converged?  yes
Next calculation will be the dimer endpoint before rotation
dl-find/turbomole/=============================== Tstep:  111.3 Ttot:98114.4 ==
eandg
Spin: 
 Energy calculation finished, energy: -2.138692836E+03
Curvature at dimer midpoint                   -0.00177
Predicted dimer rotation angle:      1.344 deg
Dimer rotation converged after    0 steps
Writing TS-mode
Curvature after dimer rotation:               -0.00177
Frequency of transition mode  -216.565 cm^-1 (negative value denotes imaginary frequency)
Crossover temperature for tunnelling       49.59089 K
Restarting L-BFGS optimiser, instance: dimer rotation
Next calculation will be the dimer  midpoint
dl-find/turbomole/=============================== Tstep:  101.0 Ttot:98215.4 ==
eandg
Spin: 
 Energy calculation finished, energy: -2.138692838E+03
Testing convergence of dimer midpoint in cycle  328
    Energy  2.9990E-06 Target: 1.0000E-06 converged?   no
  Max step  1.6592E-03 Target: 1.8000E-03 converged?  yes component    19
  RMS step  5.3571E-04 Target: 1.2000E-03 converged?  yes
  Max grad  1.1559E-04 Target: 4.5000E-04 converged?  yes component    84
  RMS grad  2.7522E-05 Target: 3.0000E-04 converged?  yes
Next calculation will be the dimer endpoint before rotation
dl-find/turbomole/=============================== Tstep:  111.6 Ttot:98327.0 ==
eandg
Spin: 
 Energy calculation finished, energy: -2.138692839E+03
Curvature at dimer midpoint                   -0.00180
Predicted dimer rotation angle:      2.326 deg
Next calculation will be the dimer endpoint after rotation
dl-find/turbomole/=============================== Tstep:  100.4 Ttot:98427.4 ==
eandg
Spin: 
 Energy calculation finished, energy: -2.138692839E+03
Curvature at dimer midpoint after rotation    -0.00163
Curvature at dimer minimum                    -0.00180
Actual dimer rotation angle:         0.077 deg
Dimer rotation converged after    1 steps
Writing TS-mode
Curvature after dimer rotation:               -0.00180
Frequency of transition mode  -218.107 cm^-1 (negative value denotes imaginary frequency)
Crossover temperature for tunnelling       49.94399 K
Restarting L-BFGS optimiser, instance: dimer rotation
Next calculation will be the dimer  midpoint
dl-find/turbomole/=============================== Tstep:   77.2 Ttot:98504.5 ==
eandg
Spin: 
 Energy calculation finished, energy: -2.138692849E+03
Testing convergence of dimer midpoint in cycle  329
    Energy  1.0690E-05 Target: 1.0000E-06 converged?   no
  Max step  1.0954E-02 Target: 1.8000E-03 converged?   no component   210
  RMS step  2.8978E-03 Target: 1.2000E-03 converged?   no
  Max grad  1.8239E-04 Target: 4.5000E-04 converged?  yes component   190
  RMS grad  3.2815E-05 Target: 3.0000E-04 converged?  yes
Next calculation will be the dimer endpoint before rotation
dl-find/turbomole/=============================== Tstep:  114.3 Ttot:98618.8 ==
eandg
Spin: 
 Energy calculation finished, energy: -2.138692850E+03
Curvature at dimer midpoint                   -0.00178
Predicted dimer rotation angle:      2.760 deg
Next calculation will be the dimer endpoint after rotation
dl-find/turbomole/=============================== Tstep:  101.0 Ttot:98719.9 ==
eandg
Spin: 
 Energy calculation finished, energy: -2.138692850E+03
Curvature at dimer midpoint after rotation    -0.00131
Curvature at dimer minimum                    -0.00178
Actual dimer rotation angle:         0.047 deg
Dimer rotation converged after    1 steps
Writing TS-mode
Curvature after dimer rotation:               -0.00178
Frequency of transition mode  -216.924 cm^-1 (negative value denotes imaginary frequency)
Crossover temperature for tunnelling       49.67306 K
Restarting L-BFGS optimiser, instance: dimer rotation
Next calculation will be the dimer  midpoint
dl-find/turbomole/=============================== Tstep:   78.7 Ttot:98798.6 ==
eandg
Spin: 
 Energy calculation finished, energy: -2.138692853E+03
Testing convergence of dimer midpoint in cycle  330
    Energy  4.2070E-06 Target: 1.0000E-06 converged?   no
  Max step  1.8079E-02 Target: 1.8000E-03 converged?   no component   210
  RMS step  4.6544E-03 Target: 1.2000E-03 converged?   no
  Max grad  3.0996E-04 Target: 4.5000E-04 converged?  yes component   254
  RMS grad  5.3963E-05 Target: 3.0000E-04 converged?  yes
Next calculation will be the dimer endpoint before rotation
dl-find/turbomole/=============================== Tstep:  113.8 Ttot:98912.4 ==
eandg
Spin: 
 Energy calculation finished, energy: -2.138692853E+03
Curvature at dimer midpoint                   -0.00178
Predicted dimer rotation angle:      2.496 deg
Next calculation will be the dimer endpoint after rotation
dl-find/turbomole/=============================== Tstep:  100.3 Ttot:99012.7 ==
eandg
Spin: 
 Energy calculation finished, energy: -2.138692853E+03
Curvature at dimer midpoint after rotation    -0.00143
Curvature at dimer minimum                    -0.00178
Actual dimer rotation angle:         0.046 deg
Dimer rotation converged after    1 steps
Writing TS-mode
Curvature after dimer rotation:               -0.00178
Frequency of transition mode  -216.941 cm^-1 (negative value denotes imaginary frequency)
Crossover temperature for tunnelling       49.67699 K
Restarting L-BFGS optimiser, instance: dimer rotation
Next calculation will be the dimer  midpoint
dl-find/turbomole/=============================== Tstep:   82.8 Ttot:99095.6 ==
eandg
Spin: 
 Energy calculation finished, energy: -2.138692852E+03
Testing convergence of dimer midpoint in cycle  331
    Energy  1.4210E-06 Target: 1.0000E-06 converged?   no
  Max step  2.7659E-02 Target: 1.8000E-03 converged?   no component   210
  RMS step  7.0964E-03 Target: 1.2000E-03 converged?   no
  Max grad  2.6941E-04 Target: 4.5000E-04 converged?  yes component   190
  RMS grad  3.9884E-05 Target: 3.0000E-04 converged?  yes
Next calculation will be the dimer endpoint before rotation
dl-find/turbomole/=============================== Tstep:   96.4 Ttot:99192.0 ==
eandg
Spin: 
 Energy calculation finished, energy: -2.138692853E+03
Curvature at dimer midpoint                   -0.00169
Predicted dimer rotation angle:      3.602 deg
Next calculation will be the dimer endpoint after rotation
dl-find/turbomole/=============================== Tstep:  100.8 Ttot:99292.7 ==
eandg
Spin: 
 Energy calculation finished, energy: -2.138692852E+03
Curvature at dimer midpoint after rotation    -0.00111
Curvature at dimer minimum                    -0.00169
Actual dimer rotation angle:         0.080 deg
Dimer rotation converged after    1 steps
Writing TS-mode
Curvature after dimer rotation:               -0.00169
Frequency of transition mode  -211.335 cm^-1 (negative value denotes imaginary frequency)
Crossover temperature for tunnelling       48.39329 K
Restarting L-BFGS optimiser, instance: dimer rotation
Next calculation will be the dimer  midpoint
dl-find/turbomole/=============================== Tstep:   89.4 Ttot:99382.1 ==
eandg
Spin: 
 Energy calculation finished, energy: -2.138692855E+03
Testing convergence of dimer midpoint in cycle  332
    Energy  2.8840E-06 Target: 1.0000E-06 converged?   no
  Max step  1.9010E-03 Target: 1.8000E-03 converged?   no component   207
  RMS step  4.8416E-04 Target: 1.2000E-03 converged?  yes
  Max grad  8.0255E-05 Target: 4.5000E-04 converged?  yes component     2
  RMS grad  2.0490E-05 Target: 3.0000E-04 converged?  yes
Next calculation will be the dimer endpoint before rotation
dl-find/turbomole/=============================== Tstep:  108.2 Ttot:99490.3 ==
eandg
Spin: 
 Energy calculation finished, energy: -2.138692855E+03
Curvature at dimer midpoint                   -0.00177
Predicted dimer rotation angle:      4.001 deg
Next calculation will be the dimer endpoint after rotation
dl-find/turbomole/=============================== Tstep:  101.7 Ttot:99592.0 ==
eandg
Spin: 
 Energy calculation finished, energy: -2.138692855E+03
Curvature at dimer midpoint after rotation    -0.00038
Curvature at dimer minimum                    -0.00177
Actual dimer rotation angle:         0.049 deg
Dimer rotation converged after    1 steps
Writing TS-mode
Curvature after dimer rotation:               -0.00177
Frequency of transition mode  -216.029 cm^-1 (negative value denotes imaginary frequency)
Crossover temperature for tunnelling       49.46819 K
Restarting L-BFGS optimiser, instance: dimer rotation
Next calculation will be the dimer  midpoint
dl-find/turbomole/=============================== Tstep:   92.8 Ttot:99684.8 ==
eandg
Spin: 
 Energy calculation finished, energy: -2.138692856E+03
Testing convergence of dimer midpoint in cycle  333
    Energy  1.6160E-06 Target: 1.0000E-06 converged?   no
  Max step  3.1662E-03 Target: 1.8000E-03 converged?   no component   207
  RMS step  7.6634E-04 Target: 1.2000E-03 converged?  yes
  Max grad  1.3542E-04 Target: 4.5000E-04 converged?  yes component   190
  RMS grad  2.3280E-05 Target: 3.0000E-04 converged?  yes
Next calculation will be the dimer endpoint before rotation
dl-find/turbomole/=============================== Tstep:  112.4 Ttot:99797.2 ==
eandg
Spin: 
 Energy calculation finished, energy: -2.138692857E+03
Curvature at dimer midpoint                   -0.00177
Predicted dimer rotation angle:      2.025 deg
Next calculation will be the dimer endpoint after rotation
dl-find/turbomole/=============================== Tstep:  100.8 Ttot:99897.9 ==
eandg
Spin: 
 Energy calculation finished, energy: -2.138692857E+03
Curvature at dimer midpoint after rotation    -0.00156
Curvature at dimer minimum                    -0.00177
Actual dimer rotation angle:         0.042 deg
Dimer rotation converged after    1 steps
Writing TS-mode
Curvature after dimer rotation:               -0.00177
Frequency of transition mode  -216.136 cm^-1 (negative value denotes imaginary frequency)
Crossover temperature for tunnelling       49.49264 K
Restarting L-BFGS optimiser, instance: dimer rotation
Next calculation will be the dimer  midpoint
dl-find/turbomole/=============================== Tstep:   76.6 Ttot:99974.6 ==
eandg
Spin: 
 Energy calculation finished, energy: -2.138692859E+03
Testing convergence of dimer midpoint in cycle  334
    Energy  2.6160E-06 Target: 1.0000E-06 converged?   no
  Max step  5.3667E-03 Target: 1.8000E-03 converged?   no component   210
  RMS step  1.3107E-03 Target: 1.2000E-03 converged?   no
  Max grad  3.2520E-04 Target: 4.5000E-04 converged?  yes component   190
  RMS grad  3.5760E-05 Target: 3.0000E-04 converged?  yes
Next calculation will be the dimer endpoint before rotation
dl-find/turbomole/=============================== Tstep:  115.7 Ttot:100090.2 ==
eandg
Spin: 
 Energy calculation finished, energy: -2.138692859E+03
Curvature at dimer midpoint                   -0.00177
Predicted dimer rotation angle:      1.963 deg
Dimer rotation converged after    0 steps
Writing TS-mode
Curvature after dimer rotation:               -0.00177
Frequency of transition mode  -216.452 cm^-1 (negative value denotes imaginary frequency)
Crossover temperature for tunnelling       49.56490 K
Restarting L-BFGS optimiser, instance: dimer rotation
Next calculation will be the dimer  midpoint
dl-find/turbomole/=============================== Tstep:  100.8 Ttot:100191.0 ==
eandg
Spin: 
 Energy calculation finished, energy: -2.138692853E+03
Testing convergence of dimer midpoint in cycle  335
    Energy  6.2390E-06 Target: 1.0000E-06 converged?   no
  Max step  1.2538E-02 Target: 1.8000E-03 converged?   no component   210
  RMS step  2.9644E-03 Target: 1.2000E-03 converged?   no
  Max grad  1.3352E-04 Target: 4.5000E-04 converged?  yes component   190
  RMS grad  3.1319E-05 Target: 3.0000E-04 converged?  yes
Next calculation will be the dimer endpoint before rotation
dl-find/turbomole/=============================== Tstep:  114.7 Ttot:100305.8 ==
eandg
Spin: 
 Energy calculation finished, energy: -2.138692853E+03
Curvature at dimer midpoint                   -0.00177
Predicted dimer rotation angle:      2.267 deg
Next calculation will be the dimer endpoint after rotation
dl-find/turbomole/=============================== Tstep:  100.5 Ttot:100406.3 ==
eandg
Spin: 
 Energy calculation finished, energy: -2.138692853E+03
Curvature at dimer midpoint after rotation    -0.00133
Curvature at dimer minimum                    -0.00177
Actual dimer rotation angle:         0.028 deg
Dimer rotation converged after    1 steps
Writing TS-mode
Curvature after dimer rotation:               -0.00177
Frequency of transition mode  -216.529 cm^-1 (negative value denotes imaginary frequency)
Crossover temperature for tunnelling       49.58264 K
Restarting L-BFGS optimiser, instance: dimer rotation
Next calculation will be the dimer  midpoint
dl-find/turbomole/=============================== Tstep:   78.5 Ttot:100484.8 ==
eandg
Spin: 
 Energy calculation finished, energy: -2.138692859E+03
Testing convergence of dimer midpoint in cycle  336
    Energy  6.0250E-06 Target: 1.0000E-06 converged?   no
  Max step  1.3037E-02 Target: 1.8000E-03 converged?   no component   210
  RMS step  3.0214E-03 Target: 1.2000E-03 converged?   no
  Max grad  1.5139E-04 Target: 4.5000E-04 converged?  yes component    83
  RMS grad  2.9198E-05 Target: 3.0000E-04 converged?  yes
Next calculation will be the dimer endpoint before rotation
dl-find/turbomole/=============================== Tstep:  110.0 Ttot:100594.8 ==
eandg
Spin: 
 Energy calculation finished, energy: -2.138692859E+03
Curvature at dimer midpoint                   -0.00179
Predicted dimer rotation angle:      2.567 deg
Next calculation will be the dimer endpoint after rotation
dl-find/turbomole/=============================== Tstep:  101.1 Ttot:100696.0 ==
eandg
Spin: 
 Energy calculation finished, energy: -2.138692859E+03
Curvature at dimer midpoint after rotation    -0.00157
Curvature at dimer minimum                    -0.00179
Actual dimer rotation angle:         0.080 deg
Dimer rotation converged after    1 steps
Writing TS-mode
Curvature after dimer rotation:               -0.00179
Frequency of transition mode  -217.261 cm^-1 (negative value denotes imaginary frequency)
Crossover temperature for tunnelling       49.75016 K
Restarting L-BFGS optimiser, instance: dimer rotation
Next calculation will be the dimer  midpoint
dl-find/turbomole/=============================== Tstep:   78.1 Ttot:100774.0 ==
eandg
Spin: 
 Energy calculation finished, energy: -2.138692868E+03
Testing convergence of dimer midpoint in cycle  337
    Energy  9.0160E-06 Target: 1.0000E-06 converged?   no
  Max step  2.2457E-02 Target: 1.8000E-03 converged?   no component   210
  RMS step  5.2116E-03 Target: 1.2000E-03 converged?   no
  Max grad  1.9548E-04 Target: 4.5000E-04 converged?  yes component   190
  RMS grad  3.6874E-05 Target: 3.0000E-04 converged?  yes
Next calculation will be the dimer endpoint before rotation
dl-find/turbomole/=============================== Tstep:  111.6 Ttot:100885.7 ==
eandg
Spin: 
 Energy calculation finished, energy: -2.138692869E+03
Curvature at dimer midpoint                   -0.00177
Predicted dimer rotation angle:      4.677 deg
Next calculation will be the dimer endpoint after rotation
dl-find/turbomole/=============================== Tstep:  100.8 Ttot:100986.4 ==
eandg
Spin: 
 Energy calculation finished, energy: -2.138692868E+03
Curvature at dimer midpoint after rotation     0.00060
Curvature at dimer minimum                    -0.00177
Actual dimer rotation angle:         0.046 deg
Dimer rotation converged after    1 steps
Writing TS-mode
Curvature after dimer rotation:               -0.00177
Frequency of transition mode  -216.425 cm^-1 (negative value denotes imaginary frequency)
Crossover temperature for tunnelling       49.55884 K
Restarting L-BFGS optimiser, instance: dimer rotation
Next calculation will be the dimer  midpoint
dl-find/turbomole/=============================== Tstep:   79.7 Ttot:101066.2 ==
eandg
Spin: 
 Energy calculation finished, energy: -2.138692869E+03
Testing convergence of dimer midpoint in cycle  338
    Energy  1.3320E-06 Target: 1.0000E-06 converged?   no
  Max step  9.0545E-03 Target: 1.8000E-03 converged?   no component   210
  RMS step  2.0395E-03 Target: 1.2000E-03 converged?   no
  Max grad  2.0479E-04 Target: 4.5000E-04 converged?  yes component    83
  RMS grad  3.9758E-05 Target: 3.0000E-04 converged?  yes
Next calculation will be the dimer endpoint before rotation
dl-find/turbomole/=============================== Tstep:  117.4 Ttot:101183.6 ==
eandg
Spin: 
 Energy calculation finished, energy: -2.138692870E+03
Curvature at dimer midpoint                   -0.00178
Predicted dimer rotation angle:      1.452 deg
Dimer rotation converged after    0 steps
Writing TS-mode
Curvature after dimer rotation:               -0.00178
Frequency of transition mode  -217.104 cm^-1 (negative value denotes imaginary frequency)
Crossover temperature for tunnelling       49.71427 K
Restarting L-BFGS optimiser, instance: dimer rotation
Next calculation will be the dimer  midpoint
dl-find/turbomole/=============================== Tstep:  100.9 Ttot:101284.5 ==
eandg
Spin: 
 Energy calculation finished, energy: -2.138692867E+03
Testing convergence of dimer midpoint in cycle  339
    Energy  2.0430E-06 Target: 1.0000E-06 converged?   no
  Max step  8.2032E-03 Target: 1.8000E-03 converged?   no component   210
  RMS step  1.8512E-03 Target: 1.2000E-03 converged?   no
  Max grad  1.6981E-04 Target: 4.5000E-04 converged?  yes component    83
  RMS grad  3.6046E-05 Target: 3.0000E-04 converged?  yes
Next calculation will be the dimer endpoint before rotation
dl-find/turbomole/=============================== Tstep:  115.9 Ttot:101400.3 ==
eandg
Spin: 
 Energy calculation finished, energy: -2.138692868E+03
Curvature at dimer midpoint                   -0.00179
Predicted dimer rotation angle:      1.445 deg
Dimer rotation converged after    0 steps
Writing TS-mode
Curvature after dimer rotation:               -0.00179
Frequency of transition mode  -217.443 cm^-1 (negative value denotes imaginary frequency)
Crossover temperature for tunnelling       49.79187 K
Restarting L-BFGS optimiser, instance: dimer rotation
Next calculation will be the dimer  midpoint
dl-find/turbomole/=============================== Tstep:  101.0 Ttot:101501.4 ==
eandg
Spin: 
 Energy calculation finished, energy: -2.138692861E+03
Testing convergence of dimer midpoint in cycle  340
    Energy  6.1690E-06 Target: 1.0000E-06 converged?   no
  Max step  1.9507E-02 Target: 1.8000E-03 converged?   no component   210
  RMS step  4.4159E-03 Target: 1.2000E-03 converged?   no
  Max grad  2.2252E-04 Target: 4.5000E-04 converged?  yes component   219
  RMS grad  6.3107E-05 Target: 3.0000E-04 converged?  yes
Next calculation will be the dimer endpoint before rotation
dl-find/turbomole/=============================== Tstep:  123.8 Ttot:101625.2 ==
eandg
Spin: 
 Energy calculation finished, energy: -2.138692861E+03
Curvature at dimer midpoint                   -0.00181
Predicted dimer rotation angle:      1.750 deg
Dimer rotation converged after    0 steps
Writing TS-mode
Curvature after dimer rotation:               -0.00181
Frequency of transition mode  -218.437 cm^-1 (negative value denotes imaginary frequency)
Crossover temperature for tunnelling       50.01957 K
Restarting L-BFGS optimiser, instance: dimer rotation
Next calculation will be the dimer  midpoint
dl-find/turbomole/=============================== Tstep:  101.4 Ttot:101726.6 ==
eandg
Spin: 
 Energy calculation finished, energy: -2.138692865E+03
Testing convergence of dimer midpoint in cycle  341
    Energy  4.3150E-06 Target: 1.0000E-06 converged?   no
  Max step  1.0326E-02 Target: 1.8000E-03 converged?   no component   210
  RMS step  2.3006E-03 Target: 1.2000E-03 converged?   no
  Max grad  1.7852E-04 Target: 4.5000E-04 converged?  yes component    83
  RMS grad  3.7159E-05 Target: 3.0000E-04 converged?  yes
Next calculation will be the dimer endpoint before rotation
dl-find/turbomole/=============================== Tstep:  112.0 Ttot:101838.6 ==
eandg
Spin: 
 Energy calculation finished, energy: -2.138692863E+03
Curvature at dimer midpoint                   -0.00176
Predicted dimer rotation angle:      4.032 deg
Next calculation will be the dimer endpoint after rotation
dl-find/turbomole/=============================== Tstep:   91.0 Ttot:101929.6 ==
eandg
Spin: 
 Energy calculation finished, energy: -2.138692863E+03
Curvature at dimer midpoint after rotation    -0.00115
Curvature at dimer minimum                    -0.00176
Actual dimer rotation angle:         0.109 deg
Dimer rotation converged after    1 steps
Writing TS-mode
Curvature after dimer rotation:               -0.00176
Frequency of transition mode  -215.843 cm^-1 (negative value denotes imaginary frequency)
Crossover temperature for tunnelling       49.42556 K
Restarting L-BFGS optimiser, instance: dimer rotation
Next calculation will be the dimer  midpoint
dl-find/turbomole/=============================== Tstep:   57.0 Ttot:101986.6 ==
eandg
Spin: 
 Energy calculation finished, energy: -2.138692864E+03
Testing convergence of dimer midpoint in cycle  342
    Energy  1.4520E-06 Target: 1.0000E-06 converged?   no
  Max step  1.1630E-02 Target: 1.8000E-03 converged?   no component   210
  RMS step  2.6690E-03 Target: 1.2000E-03 converged?   no
  Max grad  1.7281E-04 Target: 4.5000E-04 converged?  yes component    83
  RMS grad  3.9679E-05 Target: 3.0000E-04 converged?  yes
Next calculation will be the dimer endpoint before rotation
dl-find/turbomole/=============================== Tstep:  110.8 Ttot:102097.4 ==
eandg
Spin: 
 Energy calculation finished, energy: -2.138692864E+03
Curvature at dimer midpoint                   -0.00181
Predicted dimer rotation angle:      4.412 deg
Next calculation will be the dimer endpoint after rotation
dl-find/turbomole/=============================== Tstep:   99.1 Ttot:102196.4 ==
eandg
Spin: 
 Energy calculation finished, energy: -2.138692864E+03
Curvature at dimer midpoint after rotation    -0.00031
Curvature at dimer minimum                    -0.00181
Actual dimer rotation angle:         0.062 deg
Dimer rotation converged after    1 steps
Writing TS-mode
Curvature after dimer rotation:               -0.00181
Frequency of transition mode  -218.704 cm^-1 (negative value denotes imaginary frequency)
Crossover temperature for tunnelling       50.08070 K
Restarting L-BFGS optimiser, instance: dimer rotation
Next calculation will be the dimer  midpoint
dl-find/turbomole/=============================== Tstep:   78.2 Ttot:102274.6 ==
eandg
Spin: 
 Energy calculation finished, energy: -2.138692866E+03
Testing convergence of dimer midpoint in cycle  343
    Energy  2.6570E-06 Target: 1.0000E-06 converged?   no
  Max step  2.5154E-02 Target: 1.8000E-03 converged?   no component   210
  RMS step  5.7310E-03 Target: 1.2000E-03 converged?   no
  Max grad  2.8822E-04 Target: 4.5000E-04 converged?  yes component    83
  RMS grad  5.0751E-05 Target: 3.0000E-04 converged?  yes
Next calculation will be the dimer endpoint before rotation
dl-find/turbomole/=============================== Tstep:  110.9 Ttot:102385.6 ==
eandg
Spin: 
 Energy calculation finished, energy: -2.138692867E+03
Curvature at dimer midpoint                   -0.00184
Predicted dimer rotation angle:      3.389 deg
Next calculation will be the dimer endpoint after rotation
dl-find/turbomole/=============================== Tstep:  100.2 Ttot:102485.8 ==
eandg
Spin: 
 Energy calculation finished, energy: -2.138692867E+03
Curvature at dimer midpoint after rotation    -0.00101
Curvature at dimer minimum                    -0.00184
Actual dimer rotation angle:         0.051 deg
Dimer rotation converged after    1 steps
Writing TS-mode
Curvature after dimer rotation:               -0.00184
Frequency of transition mode  -220.738 cm^-1 (negative value denotes imaginary frequency)
Crossover temperature for tunnelling       50.54654 K
Restarting L-BFGS optimiser, instance: dimer rotation
Next calculation will be the dimer  midpoint
dl-find/turbomole/=============================== Tstep:   74.8 Ttot:102560.6 ==
eandg
Spin: 
 Energy calculation finished, energy: -2.138692868E+03
Testing convergence of dimer midpoint in cycle  344
    Energy  1.8420E-06 Target: 1.0000E-06 converged?   no
  Max step  3.6741E-02 Target: 1.8000E-03 converged?   no component   210
  RMS step  8.2767E-03 Target: 1.2000E-03 converged?   no
  Max grad  7.6031E-04 Target: 4.5000E-04 converged?   no component    83
  RMS grad  1.1642E-04 Target: 3.0000E-04 converged?  yes
Next calculation will be the dimer endpoint before rotation
dl-find/turbomole/=============================== Tstep:  109.3 Ttot:102669.9 ==
eandg
Spin: 
 Energy calculation finished, energy: -2.138692869E+03
Curvature at dimer midpoint                   -0.00184
Predicted dimer rotation angle:      3.902 deg
Next calculation will be the dimer endpoint after rotation
dl-find/turbomole/=============================== Tstep:  101.4 Ttot:102771.3 ==
eandg
Spin: 
 Energy calculation finished, energy: -2.138692869E+03
Curvature at dimer midpoint after rotation    -0.00127
Curvature at dimer minimum                    -0.00184
Actual dimer rotation angle:         0.110 deg
Dimer rotation converged after    1 steps
Writing TS-mode
Curvature after dimer rotation:               -0.00184
Frequency of transition mode  -220.613 cm^-1 (negative value denotes imaginary frequency)
Crossover temperature for tunnelling       50.51773 K
Restarting L-BFGS optimiser, instance: dimer rotation
Next calculation will be the dimer  midpoint
dl-find/turbomole/=============================== Tstep:   79.8 Ttot:102851.1 ==
eandg
Spin: 
 Energy calculation finished, energy: -2.138692870E+03
Testing convergence of dimer midpoint in cycle  345
    Energy  2.1590E-06 Target: 1.0000E-06 converged?   no
  Max step  3.3933E-03 Target: 1.8000E-03 converged?   no component   210
  RMS step  8.9798E-04 Target: 1.2000E-03 converged?  yes
  Max grad  1.7582E-04 Target: 4.5000E-04 converged?  yes component    43
  RMS grad  4.2474E-05 Target: 3.0000E-04 converged?  yes
Next calculation will be the dimer endpoint before rotation
dl-find/turbomole/=============================== Tstep:  112.8 Ttot:102963.9 ==
eandg
Spin: 
 Energy calculation finished, energy: -2.138692871E+03
Curvature at dimer midpoint                   -0.00187
Predicted dimer rotation angle:      5.608 deg
Next calculation will be the dimer endpoint after rotation
dl-find/turbomole/=============================== Tstep:  101.0 Ttot:103065.0 ==
eandg
Spin: 
 Energy calculation finished, energy: -2.138692871E+03
Curvature at dimer midpoint after rotation     0.00146
Curvature at dimer minimum                    -0.00187
Actual dimer rotation angle:         0.060 deg
Dimer rotation converged after    1 steps
Writing TS-mode
Curvature after dimer rotation:               -0.00187
Frequency of transition mode  -222.210 cm^-1 (negative value denotes imaginary frequency)
Crossover temperature for tunnelling       50.88355 K
Restarting L-BFGS optimiser, instance: dimer rotation
Next calculation will be the dimer  midpoint
dl-find/turbomole/=============================== Tstep:   85.2 Ttot:103150.1 ==
eandg
Spin: 
 Energy calculation finished, energy: -2.138692872E+03
Testing convergence of dimer midpoint in cycle  346
    Energy  1.5450E-06 Target: 1.0000E-06 converged?   no
  Max step  5.4834E-03 Target: 1.8000E-03 converged?   no component   210
  RMS step  1.2320E-03 Target: 1.2000E-03 converged?   no
  Max grad  8.6792E-05 Target: 4.5000E-04 converged?  yes component    24
  RMS grad  2.7420E-05 Target: 3.0000E-04 converged?  yes
Next calculation will be the dimer endpoint before rotation
dl-find/turbomole/=============================== Tstep:  112.6 Ttot:103262.7 ==
eandg
Spin: 
 Energy calculation finished, energy: -2.138692872E+03
Curvature at dimer midpoint                   -0.00187
Predicted dimer rotation angle:      3.122 deg
Next calculation will be the dimer endpoint after rotation
dl-find/turbomole/=============================== Tstep:  101.8 Ttot:103364.5 ==
eandg
Spin: 
 Energy calculation finished, energy: -2.138692872E+03
Curvature at dimer midpoint after rotation    -0.00143
Curvature at dimer minimum                    -0.00187
Actual dimer rotation angle:         0.074 deg
Dimer rotation converged after    1 steps
Writing TS-mode
Curvature after dimer rotation:               -0.00187
Frequency of transition mode  -222.407 cm^-1 (negative value denotes imaginary frequency)
Crossover temperature for tunnelling       50.92870 K
Restarting L-BFGS optimiser, instance: dimer rotation
Next calculation will be the dimer  midpoint
dl-find/turbomole/=============================== Tstep:   79.0 Ttot:103443.5 ==
eandg
Spin: 
 Energy calculation finished, energy: -2.138692871E+03
Testing convergence of dimer midpoint in cycle  347
    Energy  8.9200E-07 Target: 1.0000E-06 converged?  yes
  Max step  1.4076E-02 Target: 1.8000E-03 converged?   no component   210
  RMS step  3.0816E-03 Target: 1.2000E-03 converged?   no
  Max grad  1.2904E-04 Target: 4.5000E-04 converged?  yes component   123
  RMS grad  3.4734E-05 Target: 3.0000E-04 converged?  yes
Next calculation will be the dimer endpoint before rotation
dl-find/turbomole/=============================== Tstep:  110.5 Ttot:103554.0 ==
eandg
Spin: 
 Energy calculation finished, energy: -2.138692871E+03
Curvature at dimer midpoint                   -0.00185
Predicted dimer rotation angle:      4.450 deg
Next calculation will be the dimer endpoint after rotation
dl-find/turbomole/=============================== Tstep:  101.4 Ttot:103655.4 ==
eandg
Spin: 
 Energy calculation finished, energy: -2.138692871E+03
Curvature at dimer midpoint after rotation     0.00025
Curvature at dimer minimum                    -0.00185
Actual dimer rotation angle:         0.047 deg
Dimer rotation converged after    1 steps
Writing TS-mode
Curvature after dimer rotation:               -0.00185
Frequency of transition mode  -221.303 cm^-1 (negative value denotes imaginary frequency)
Crossover temperature for tunnelling       50.67584 K
Restarting L-BFGS optimiser, instance: dimer rotation
Next calculation will be the dimer  midpoint
dl-find/turbomole/=============================== Tstep:   79.1 Ttot:103734.5 ==
eandg
Spin: 
 Energy calculation finished, energy: -2.138692876E+03
Testing convergence of dimer midpoint in cycle  348
    Energy  4.5050E-06 Target: 1.0000E-06 converged?   no
  Max step  2.0458E-02 Target: 1.8000E-03 converged?   no component   210
  RMS step  4.5044E-03 Target: 1.2000E-03 converged?   no
  Max grad  1.6830E-04 Target: 4.5000E-04 converged?  yes component   123
  RMS grad  3.8097E-05 Target: 3.0000E-04 converged?  yes
Next calculation will be the dimer endpoint before rotation
dl-find/turbomole/=============================== Tstep:  111.3 Ttot:103845.8 ==
eandg
Spin: 
 Energy calculation finished, energy: -2.138692876E+03
Curvature at dimer midpoint                   -0.00186
Predicted dimer rotation angle:      1.804 deg
Dimer rotation converged after    0 steps
Writing TS-mode
Curvature after dimer rotation:               -0.00186
Frequency of transition mode  -221.505 cm^-1 (negative value denotes imaginary frequency)
Crossover temperature for tunnelling       50.72215 K
Restarting L-BFGS optimiser, instance: dimer rotation
Next calculation will be the dimer  midpoint
dl-find/turbomole/=============================== Tstep:  101.1 Ttot:103946.9 ==
eandg
Spin: 
 Energy calculation finished, energy: -2.138692879E+03
Testing convergence of dimer midpoint in cycle  349
    Energy  3.4390E-06 Target: 1.0000E-06 converged?   no
  Max step  5.5491E-02 Target: 1.8000E-03 converged?   no component   210
  RMS step  1.2445E-02 Target: 1.2000E-03 converged?   no
  Max grad  7.1540E-04 Target: 4.5000E-04 converged?   no component    71
  RMS grad  1.3152E-04 Target: 3.0000E-04 converged?  yes
Next calculation will be the dimer endpoint before rotation
dl-find/turbomole/=============================== Tstep:  122.7 Ttot:104069.6 ==
eandg
Spin: 
 Energy calculation finished, energy: -2.138692879E+03
Curvature at dimer midpoint                   -0.00189
Predicted dimer rotation angle:      3.271 deg
Next calculation will be the dimer endpoint after rotation
dl-find/turbomole/=============================== Tstep:  100.6 Ttot:104170.2 ==
eandg
Spin: 
 Energy calculation finished, energy: -2.138692879E+03
Curvature at dimer midpoint after rotation    -0.00101
Curvature at dimer minimum                    -0.00189
Actual dimer rotation angle:         0.045 deg
Dimer rotation converged after    1 steps
Writing TS-mode
Curvature after dimer rotation:               -0.00189
Frequency of transition mode  -223.203 cm^-1 (negative value denotes imaginary frequency)
Crossover temperature for tunnelling       51.11097 K
Restarting L-BFGS optimiser, instance: dimer rotation
Next calculation will be the dimer  midpoint
dl-find/turbomole/=============================== Tstep:   68.8 Ttot:104239.0 ==
eandg
Spin: 
 Energy calculation finished, energy: -2.138692888E+03
Testing convergence of dimer midpoint in cycle  350
    Energy  8.6760E-06 Target: 1.0000E-06 converged?   no
  Max step  2.4933E-03 Target: 1.8000E-03 converged?   no component    36
  RMS step  6.6769E-04 Target: 1.2000E-03 converged?  yes
  Max grad  1.0493E-04 Target: 4.5000E-04 converged?  yes component   174
  RMS grad  3.5026E-05 Target: 3.0000E-04 converged?  yes
Next calculation will be the dimer endpoint before rotation
dl-find/turbomole/=============================== Tstep:  117.1 Ttot:104356.1 ==
eandg
Spin: 
 Energy calculation finished, energy: -2.138692888E+03
Curvature at dimer midpoint                   -0.00188
Predicted dimer rotation angle:      2.351 deg
Next calculation will be the dimer endpoint after rotation
dl-find/turbomole/=============================== Tstep:  100.7 Ttot:104456.8 ==
eandg
Spin: 
 Energy calculation finished, energy: -2.138692888E+03
Curvature at dimer midpoint after rotation    -0.00153
Curvature at dimer minimum                    -0.00188
Actual dimer rotation angle:         0.042 deg
Dimer rotation converged after    1 steps
Writing TS-mode
Curvature after dimer rotation:               -0.00188
Frequency of transition mode  -222.739 cm^-1 (negative value denotes imaginary frequency)
Crossover temperature for tunnelling       51.00465 K
Restarting L-BFGS optimiser, instance: dimer rotation
Next calculation will be the dimer  midpoint
dl-find/turbomole/=============================== Tstep:   76.6 Ttot:104533.5 ==
eandg
Spin: 
 Energy calculation finished, energy: -2.138692892E+03
Testing convergence of dimer midpoint in cycle  351
    Energy  4.5730E-06 Target: 1.0000E-06 converged?   no
  Max step  4.3957E-03 Target: 1.8000E-03 converged?   no component    33
  RMS step  1.1210E-03 Target: 1.2000E-03 converged?  yes
  Max grad  1.0025E-04 Target: 4.5000E-04 converged?  yes component   244
  RMS grad  2.8654E-05 Target: 3.0000E-04 converged?  yes
Next calculation will be the dimer endpoint before rotation
dl-find/turbomole/=============================== Tstep:  110.8 Ttot:104644.3 ==
eandg
Spin: 
 Energy calculation finished, energy: -2.138692892E+03
Curvature at dimer midpoint                   -0.00188
Predicted dimer rotation angle:      2.583 deg
Next calculation will be the dimer endpoint after rotation
dl-find/turbomole/=============================== Tstep:  108.6 Ttot:104752.9 ==
eandg
Spin: 
 Energy calculation finished, energy: -2.138692892E+03
Curvature at dimer midpoint after rotation    -0.00132
Curvature at dimer minimum                    -0.00188
Actual dimer rotation angle:         0.034 deg
Dimer rotation converged after    1 steps
Writing TS-mode
Curvature after dimer rotation:               -0.00188
Frequency of transition mode  -222.981 cm^-1 (negative value denotes imaginary frequency)
Crossover temperature for tunnelling       51.06012 K
Restarting L-BFGS optimiser, instance: dimer rotation
Next calculation will be the dimer  midpoint
dl-find/turbomole/=============================== Tstep:   66.4 Ttot:104819.3 ==
eandg
Spin: 
 Energy calculation finished, energy: -2.138692903E+03
Testing convergence of dimer midpoint in cycle  352
    Energy  1.0706E-05 Target: 1.0000E-06 converged?   no
  Max step  2.2652E-02 Target: 1.8000E-03 converged?   no component   210
  RMS step  5.4701E-03 Target: 1.2000E-03 converged?   no
  Max grad  1.8702E-04 Target: 4.5000E-04 converged?  yes component   244
  RMS grad  3.9401E-05 Target: 3.0000E-04 converged?  yes
Next calculation will be the dimer endpoint before rotation
dl-find/turbomole/=============================== Tstep:  117.0 Ttot:104936.3 ==
eandg
Spin: 
 Energy calculation finished, energy: -2.138692903E+03
Curvature at dimer midpoint                   -0.00189
Predicted dimer rotation angle:      2.214 deg
Next calculation will be the dimer endpoint after rotation
dl-find/turbomole/=============================== Tstep:  101.0 Ttot:105037.3 ==
eandg
Spin: 
 Energy calculation finished, energy: -2.138692903E+03
Curvature at dimer midpoint after rotation    -0.00174
Curvature at dimer minimum                    -0.00189
Actual dimer rotation angle:         0.081 deg
Dimer rotation converged after    1 steps
Writing TS-mode
Curvature after dimer rotation:               -0.00189
Frequency of transition mode  -223.324 cm^-1 (negative value denotes imaginary frequency)
Crossover temperature for tunnelling       51.13851 K
Restarting L-BFGS optimiser, instance: dimer rotation
Next calculation will be the dimer  midpoint
dl-find/turbomole/=============================== Tstep:   78.0 Ttot:105115.3 ==
eandg
Spin: 
 Energy calculation finished, energy: -2.138692912E+03
Testing convergence of dimer midpoint in cycle  353
    Energy  8.6950E-06 Target: 1.0000E-06 converged?   no
  Max step  3.2888E-02 Target: 1.8000E-03 converged?   no component   210
  RMS step  7.8520E-03 Target: 1.2000E-03 converged?   no
  Max grad  2.4555E-04 Target: 4.5000E-04 converged?  yes component    71
  RMS grad  4.3377E-05 Target: 3.0000E-04 converged?  yes
Next calculation will be the dimer endpoint before rotation
dl-find/turbomole/=============================== Tstep:  121.2 Ttot:105236.5 ==
eandg
Spin: 
 Energy calculation finished, energy: -2.138692911E+03
Curvature at dimer midpoint                   -0.00189
Predicted dimer rotation angle:      2.083 deg
Next calculation will be the dimer endpoint after rotation
dl-find/turbomole/=============================== Tstep:  102.3 Ttot:105338.8 ==
eandg
Spin: 
 Energy calculation finished, energy: -2.138692911E+03
Curvature at dimer midpoint after rotation    -0.00158
Curvature at dimer minimum                    -0.00189
Actual dimer rotation angle:         0.033 deg
Dimer rotation converged after    1 steps
Writing TS-mode
Curvature after dimer rotation:               -0.00189
Frequency of transition mode  -223.652 cm^-1 (negative value denotes imaginary frequency)
Crossover temperature for tunnelling       51.21370 K
Restarting L-BFGS optimiser, instance: dimer rotation
Next calculation will be the dimer  midpoint
dl-find/turbomole/=============================== Tstep:   72.1 Ttot:105410.9 ==
eandg
Spin: 
 Energy calculation finished, energy: -2.138692911E+03
Testing convergence of dimer midpoint in cycle  354
    Energy  1.1480E-06 Target: 1.0000E-06 converged?   no
  Max step  9.3887E-02 Target: 1.8000E-03 converged?   no component   210
  RMS step  2.2307E-02 Target: 1.2000E-03 converged?   no
  Max grad  1.2181E-03 Target: 4.5000E-04 converged?   no component   215
  RMS grad  2.0626E-04 Target: 3.0000E-04 converged?  yes
Next calculation will be the dimer endpoint before rotation
dl-find/turbomole/=============================== Tstep:  124.0 Ttot:105534.9 ==
eandg
Spin: 
 Energy calculation finished, energy: -2.138692910E+03
Curvature at dimer midpoint                   -0.00189
Predicted dimer rotation angle:      3.242 deg
Next calculation will be the dimer endpoint after rotation
dl-find/turbomole/=============================== Tstep:  108.7 Ttot:105643.5 ==
eandg
Spin: 
 Energy calculation finished, energy: -2.138692910E+03
Curvature at dimer midpoint after rotation    -0.00118
Curvature at dimer minimum                    -0.00189
Actual dimer rotation angle:         0.053 deg
Dimer rotation converged after    1 steps
Writing TS-mode
Curvature after dimer rotation:               -0.00189
Frequency of transition mode  -223.519 cm^-1 (negative value denotes imaginary frequency)
Crossover temperature for tunnelling       51.18327 K
Restarting L-BFGS optimiser, instance: dimer rotation
Next calculation will be the dimer  midpoint
dl-find/turbomole/=============================== Tstep:   87.8 Ttot:105731.3 ==
eandg
Spin: 
 Energy calculation finished, energy: -2.138692925E+03
Testing convergence of dimer midpoint in cycle  355
    Energy  1.4565E-05 Target: 1.0000E-06 converged?   no
  Max step  2.8740E-02 Target: 1.8000E-03 converged?   no component   210
  RMS step  6.9089E-03 Target: 1.2000E-03 converged?   no
  Max grad  1.0587E-04 Target: 4.5000E-04 converged?  yes component   132
  RMS grad  3.2471E-05 Target: 3.0000E-04 converged?  yes
Next calculation will be the dimer endpoint before rotation
dl-find/turbomole/=============================== Tstep:  116.3 Ttot:105847.6 ==
eandg
Spin: 
 Energy calculation finished, energy: -2.138692925E+03
Curvature at dimer midpoint                   -0.00188
Predicted dimer rotation angle:      2.813 deg
Next calculation will be the dimer endpoint after rotation
dl-find/turbomole/=============================== Tstep:  100.6 Ttot:105948.2 ==
eandg
Spin: 
 Energy calculation finished, energy: -2.138692925E+03
Curvature at dimer midpoint after rotation    -0.00120
Curvature at dimer minimum                    -0.00188
Actual dimer rotation angle:         0.037 deg
Dimer rotation converged after    1 steps
Writing TS-mode
Curvature after dimer rotation:               -0.00188
Frequency of transition mode  -222.653 cm^-1 (negative value denotes imaginary frequency)
Crossover temperature for tunnelling       50.98505 K
Restarting L-BFGS optimiser, instance: dimer rotation
Next calculation will be the dimer  midpoint
dl-find/turbomole/=============================== Tstep:   78.8 Ttot:106027.0 ==
eandg
Spin: 
 Energy calculation finished, energy: -2.138692926E+03
Testing convergence of dimer midpoint in cycle  356
    Energy  4.6800E-07 Target: 1.0000E-06 converged?  yes
  Max step  2.7883E-03 Target: 1.8000E-03 converged?   no component   210
  RMS step  6.3308E-04 Target: 1.2000E-03 converged?  yes
  Max grad  8.4517E-05 Target: 4.5000E-04 converged?  yes component   132
  RMS grad  2.6150E-05 Target: 3.0000E-04 converged?  yes
Next calculation will be the dimer endpoint before rotation
dl-find/turbomole/=============================== Tstep:  111.7 Ttot:106138.8 ==
eandg
Spin: 
 Energy calculation finished, energy: -2.138692925E+03
Curvature at dimer midpoint                   -0.00188
Predicted dimer rotation angle:      1.589 deg
Dimer rotation converged after    0 steps
Writing TS-mode
Curvature after dimer rotation:               -0.00188
Frequency of transition mode  -222.990 cm^-1 (negative value denotes imaginary frequency)
Crossover temperature for tunnelling       51.06216 K
Restarting L-BFGS optimiser, instance: dimer rotation
Next calculation will be the dimer  midpoint
dl-find/turbomole/=============================== Tstep:  100.4 Ttot:106239.2 ==
eandg
Spin: 
 Energy calculation finished, energy: -2.138692928E+03
Testing convergence of dimer midpoint in cycle  357
    Energy  1.9690E-06 Target: 1.0000E-06 converged?   no
  Max step  1.7198E-02 Target: 1.8000E-03 converged?   no component   210
  RMS step  4.0082E-03 Target: 1.2000E-03 converged?   no
  Max grad  1.4594E-04 Target: 4.5000E-04 converged?  yes component   109
  RMS grad  3.2038E-05 Target: 3.0000E-04 converged?  yes
Next calculation will be the dimer endpoint before rotation
dl-find/turbomole/=============================== Tstep:  114.5 Ttot:106353.7 ==
eandg
Spin: 
 Energy calculation finished, energy: -2.138692925E+03
Curvature at dimer midpoint                   -0.00188
Predicted dimer rotation angle:      4.800 deg
Next calculation will be the dimer endpoint after rotation
dl-find/turbomole/=============================== Tstep:  101.4 Ttot:106455.1 ==
eandg
Spin: 
 Energy calculation finished, energy: -2.138692927E+03
Curvature at dimer midpoint after rotation    -0.00005
Curvature at dimer minimum                    -0.00188
Actual dimer rotation angle:         0.068 deg
Dimer rotation converged after    1 steps
Writing TS-mode
Curvature after dimer rotation:               -0.00188
Frequency of transition mode  -223.106 cm^-1 (negative value denotes imaginary frequency)
Crossover temperature for tunnelling       51.08875 K
Restarting L-BFGS optimiser, instance: dimer rotation
Next calculation will be the dimer  midpoint
dl-find/turbomole/=============================== Tstep:   79.6 Ttot:106534.8 ==
eandg
Spin: 
 Energy calculation finished, energy: -2.138692927E+03
Testing convergence of dimer midpoint in cycle  358
    Energy  5.3300E-07 Target: 1.0000E-06 converged?  yes
  Max step  2.5297E-02 Target: 1.8000E-03 converged?   no component   210
  RMS step  5.8805E-03 Target: 1.2000E-03 converged?   no
  Max grad  3.5369E-04 Target: 4.5000E-04 converged?  yes component    57
  RMS grad  6.1569E-05 Target: 3.0000E-04 converged?  yes
Next calculation will be the dimer endpoint before rotation
dl-find/turbomole/=============================== Tstep:  106.9 Ttot:106641.7 ==
eandg
Spin: 
 Energy calculation finished, energy: -2.138692927E+03
Curvature at dimer midpoint                   -0.00186
Predicted dimer rotation angle:      5.678 deg
Next calculation will be the dimer endpoint after rotation
dl-find/turbomole/=============================== Tstep:  101.0 Ttot:106742.7 ==
eandg
Spin: 
 Energy calculation finished, energy: -2.138692927E+03
Curvature at dimer midpoint after rotation     0.00159
Curvature at dimer minimum                    -0.00186
Actual dimer rotation angle:         0.059 deg
Dimer rotation converged after    1 steps
Writing TS-mode
Curvature after dimer rotation:               -0.00186
Frequency of transition mode  -221.671 cm^-1 (negative value denotes imaginary frequency)
Crossover temperature for tunnelling       50.76018 K
Restarting L-BFGS optimiser, instance: dimer rotation
Next calculation will be the dimer  midpoint
dl-find/turbomole/=============================== Tstep:   84.5 Ttot:106827.2 ==
eandg
Spin: 
 Energy calculation finished, energy: -2.138692926E+03
Testing convergence of dimer midpoint in cycle  359
    Energy  1.0000E-06 Target: 1.0000E-06 converged?  yes
  Max step  2.0788E-02 Target: 1.8000E-03 converged?   no component   210
  RMS step  4.8146E-03 Target: 1.2000E-03 converged?   no
  Max grad  8.7586E-05 Target: 4.5000E-04 converged?  yes component    57
  RMS grad  2.6920E-05 Target: 3.0000E-04 converged?  yes
Next calculation will be the dimer endpoint before rotation
dl-find/turbomole/=============================== Tstep:  114.5 Ttot:106941.6 ==
eandg
Spin: 
 Energy calculation finished, energy: -2.138692926E+03
Curvature at dimer midpoint                   -0.00187
Predicted dimer rotation angle:      1.859 deg
Dimer rotation converged after    0 steps
Writing TS-mode
Curvature after dimer rotation:               -0.00187
Frequency of transition mode  -222.119 cm^-1 (negative value denotes imaginary frequency)
Crossover temperature for tunnelling       50.86260 K
Restarting L-BFGS optimiser, instance: dimer rotation
Next calculation will be the dimer  midpoint
dl-find/turbomole/=============================== Tstep:  101.1 Ttot:107042.7 ==
eandg
Spin: 
 Energy calculation finished, energy: -2.138692931E+03
Testing convergence of dimer midpoint in cycle  360
    Energy  4.8820E-06 Target: 1.0000E-06 converged?   no
  Max step  1.1267E-02 Target: 1.8000E-03 converged?   no component   210
  RMS step  2.5954E-03 Target: 1.2000E-03 converged?   no
  Max grad  6.9336E-05 Target: 4.5000E-04 converged?  yes component   180
  RMS grad  2.1198E-05 Target: 3.0000E-04 converged?  yes
Next calculation will be the dimer endpoint before rotation
dl-find/turbomole/=============================== Tstep:  115.8 Ttot:107158.5 ==
eandg
Spin: 
 Energy calculation finished, energy: -2.138692931E+03
Curvature at dimer midpoint                   -0.00189
Predicted dimer rotation angle:      2.113 deg
Next calculation will be the dimer endpoint after rotation
dl-find/turbomole/=============================== Tstep:  100.1 Ttot:107258.6 ==
eandg
Spin: 
 Energy calculation finished, energy: -2.138692931E+03
Curvature at dimer midpoint after rotation    -0.00171
Curvature at dimer minimum                    -0.00189
Actual dimer rotation angle:         0.056 deg
Dimer rotation converged after    1 steps
Writing TS-mode
Curvature after dimer rotation:               -0.00189
Frequency of transition mode  -223.536 cm^-1 (negative value denotes imaginary frequency)
Crossover temperature for tunnelling       51.18727 K
Restarting L-BFGS optimiser, instance: dimer rotation
Next calculation will be the dimer  midpoint
dl-find/turbomole/=============================== Tstep:   67.9 Ttot:107326.6 ==
eandg
Spin: 
 Energy calculation finished, energy: -2.138692934E+03
Testing convergence of dimer midpoint in cycle  361
    Energy  3.5080E-06 Target: 1.0000E-06 converged?   no
  Max step  1.0415E-02 Target: 1.8000E-03 converged?   no component   210
  RMS step  2.4523E-03 Target: 1.2000E-03 converged?   no
  Max grad  1.2494E-04 Target: 4.5000E-04 converged?  yes component    53
  RMS grad  2.8118E-05 Target: 3.0000E-04 converged?  yes
Next calculation will be the dimer endpoint before rotation
dl-find/turbomole/=============================== Tstep:   99.9 Ttot:107426.4 ==
eandg
Spin: 
 Energy calculation finished, energy: -2.138692934E+03
Curvature at dimer midpoint                   -0.00187
Predicted dimer rotation angle:      3.321 deg
Next calculation will be the dimer endpoint after rotation
dl-find/turbomole/=============================== Tstep:  109.9 Ttot:107536.3 ==
eandg
Spin: 
 Energy calculation finished, energy: -2.138692935E+03
Curvature at dimer midpoint after rotation    -0.00117
Curvature at dimer minimum                    -0.00187
Actual dimer rotation angle:         0.058 deg
Dimer rotation converged after    1 steps
Writing TS-mode
Curvature after dimer rotation:               -0.00187
Frequency of transition mode  -222.112 cm^-1 (negative value denotes imaginary frequency)
Crossover temperature for tunnelling       50.86114 K
Restarting L-BFGS optimiser, instance: dimer rotation
Next calculation will be the dimer  midpoint
dl-find/turbomole/=============================== Tstep:   81.0 Ttot:107617.3 ==
eandg
Spin: 
 Energy calculation finished, energy: -2.138692933E+03
Testing convergence of dimer midpoint in cycle  362
    Energy  1.5870E-06 Target: 1.0000E-06 converged?   no
  Max step  1.7696E-02 Target: 1.8000E-03 converged?   no component   210
  RMS step  4.2215E-03 Target: 1.2000E-03 converged?   no
  Max grad  3.1816E-04 Target: 4.5000E-04 converged?  yes component    57
  RMS grad  5.3506E-05 Target: 3.0000E-04 converged?  yes
Next calculation will be the dimer endpoint before rotation
dl-find/turbomole/=============================== Tstep:  113.9 Ttot:107731.2 ==
eandg
Spin: 
 Energy calculation finished, energy: -2.138692933E+03
Curvature at dimer midpoint                   -0.00187
Predicted dimer rotation angle:      3.438 deg
Next calculation will be the dimer endpoint after rotation
dl-find/turbomole/=============================== Tstep:  100.9 Ttot:107832.1 ==
eandg
Spin: 
 Energy calculation finished, energy: -2.138692933E+03
Curvature at dimer midpoint after rotation    -0.00068
Curvature at dimer minimum                    -0.00187
Actual dimer rotation angle:         0.038 deg
Dimer rotation converged after    1 steps
Writing TS-mode
Curvature after dimer rotation:               -0.00187
Frequency of transition mode  -222.573 cm^-1 (negative value denotes imaginary frequency)
Crossover temperature for tunnelling       50.96673 K
Restarting L-BFGS optimiser, instance: dimer rotation
Next calculation will be the dimer  midpoint
dl-find/turbomole/=============================== Tstep:   79.9 Ttot:107912.0 ==
eandg
Spin: 
 Energy calculation finished, energy: -2.138692937E+03
Testing convergence of dimer midpoint in cycle  363
    Energy  4.0250E-06 Target: 1.0000E-06 converged?   no
  Max step  5.7591E-03 Target: 1.8000E-03 converged?   no component    13
  RMS step  1.1493E-03 Target: 1.2000E-03 converged?  yes
  Max grad  9.9113E-05 Target: 4.5000E-04 converged?  yes component   244
  RMS grad  3.1479E-05 Target: 3.0000E-04 converged?  yes
Next calculation will be the dimer endpoint before rotation
dl-find/turbomole/=============================== Tstep:  113.0 Ttot:108025.0 ==
eandg
Spin: 
 Energy calculation finished, energy: -2.138692937E+03
Curvature at dimer midpoint                   -0.00187
Predicted dimer rotation angle:      2.445 deg
Next calculation will be the dimer endpoint after rotation
dl-find/turbomole/=============================== Tstep:  101.4 Ttot:108126.5 ==
eandg
Spin: 
 Energy calculation finished, energy: -2.138692936E+03
Curvature at dimer midpoint after rotation    -0.00149
Curvature at dimer minimum                    -0.00187
Actual dimer rotation angle:         0.042 deg
Dimer rotation converged after    1 steps
Writing TS-mode
Curvature after dimer rotation:               -0.00187
Frequency of transition mode  -222.402 cm^-1 (negative value denotes imaginary frequency)
Crossover temperature for tunnelling       50.92739 K
Restarting L-BFGS optimiser, instance: dimer rotation
Next calculation will be the dimer  midpoint
dl-find/turbomole/=============================== Tstep:   73.0 Ttot:108199.5 ==
eandg
Spin: 
 Energy calculation finished, energy: -2.138692935E+03
Testing convergence of dimer midpoint in cycle  364
    Energy  1.5090E-06 Target: 1.0000E-06 converged?   no
  Max step  8.4652E-03 Target: 1.8000E-03 converged?   no component    13
  RMS step  1.8348E-03 Target: 1.2000E-03 converged?   no
  Max grad  1.1774E-04 Target: 4.5000E-04 converged?  yes component    57
  RMS grad  2.6865E-05 Target: 3.0000E-04 converged?  yes
Next calculation will be the dimer endpoint before rotation
dl-find/turbomole/=============================== Tstep:  113.5 Ttot:108313.0 ==
eandg
Spin: 
 Energy calculation finished, energy: -2.138692935E+03
Curvature at dimer midpoint                   -0.00186
Predicted dimer rotation angle:      3.317 deg
Next calculation will be the dimer endpoint after rotation
dl-find/turbomole/=============================== Tstep:  101.7 Ttot:108414.6 ==
eandg
Spin: 
 Energy calculation finished, energy: -2.138692935E+03
Curvature at dimer midpoint after rotation    -0.00076
Curvature at dimer minimum                    -0.00186
Actual dimer rotation angle:         0.037 deg
Dimer rotation converged after    1 steps
Writing TS-mode
Curvature after dimer rotation:               -0.00186
Frequency of transition mode  -221.973 cm^-1 (negative value denotes imaginary frequency)
Crossover temperature for tunnelling       50.82919 K
Restarting L-BFGS optimiser, instance: dimer rotation
Next calculation will be the dimer  midpoint
dl-find/turbomole/=============================== Tstep:   82.3 Ttot:108496.9 ==
eandg
Spin: 
 Energy calculation finished, energy: -2.138692937E+03
Testing convergence of dimer midpoint in cycle  365
    Energy  1.3390E-06 Target: 1.0000E-06 converged?   no
  Max step  1.0032E-02 Target: 1.8000E-03 converged?   no component    13
  RMS step  1.7657E-03 Target: 1.2000E-03 converged?   no
  Max grad  1.6172E-04 Target: 4.5000E-04 converged?  yes component    57
  RMS grad  3.2161E-05 Target: 3.0000E-04 converged?  yes
Next calculation will be the dimer endpoint before rotation
dl-find/turbomole/=============================== Tstep:   88.6 Ttot:108585.5 ==
eandg
Spin: 
 Energy calculation finished, energy: -2.138692937E+03
Curvature at dimer midpoint                   -0.00168
Predicted dimer rotation angle:      5.022 deg
Next calculation will be the dimer endpoint after rotation
dl-find/turbomole/=============================== Tstep:   91.4 Ttot:108677.0 ==
eandg
Spin: 
 Energy calculation finished, energy: -2.138692937E+03
Curvature at dimer midpoint after rotation    -0.00115
Curvature at dimer minimum                    -0.00169
Actual dimer rotation angle:         0.221 deg
Dimer rotation converged after    1 steps
Writing TS-mode
Curvature after dimer rotation:               -0.00169
Frequency of transition mode  -211.074 cm^-1 (negative value denotes imaginary frequency)
Crossover temperature for tunnelling       48.33354 K
Restarting L-BFGS optimiser, instance: dimer rotation
Next calculation will be the dimer  midpoint
dl-find/turbomole/=============================== Tstep:   92.4 Ttot:108769.4 ==
eandg
Spin: 
 Energy calculation finished, energy: -2.138692937E+03
Testing convergence of dimer midpoint in cycle  366
    Energy  1.9700E-07 Target: 1.0000E-06 converged?  yes
  Max step  2.0582E-02 Target: 1.8000E-03 converged?   no component    13
  RMS step  4.0211E-03 Target: 1.2000E-03 converged?   no
  Max grad  4.5681E-04 Target: 4.5000E-04 converged?   no component    88
  RMS grad  6.5614E-05 Target: 3.0000E-04 converged?  yes
Next calculation will be the dimer endpoint before rotation
dl-find/turbomole/=============================== Tstep:  114.2 Ttot:108883.6 ==
eandg
Spin: 
 Energy calculation finished, energy: -2.138692937E+03
Curvature at dimer midpoint                   -0.00182
Predicted dimer rotation angle:      6.029 deg
Next calculation will be the dimer endpoint after rotation
dl-find/turbomole/=============================== Tstep:  101.3 Ttot:108984.9 ==
eandg
Spin: 
 Energy calculation finished, energy: -2.138692936E+03
Curvature at dimer midpoint after rotation     0.00141
Curvature at dimer minimum                    -0.00182
Actual dimer rotation angle:         0.074 deg
Dimer rotation converged after    1 steps
Writing TS-mode
Curvature after dimer rotation:               -0.00182
Frequency of transition mode  -219.400 cm^-1 (negative value denotes imaginary frequency)
Crossover temperature for tunnelling       50.24008 K
Restarting L-BFGS optimiser, instance: dimer rotation
Next calculation will be the dimer  midpoint
dl-find/turbomole/=============================== Tstep:   83.0 Ttot:109067.9 ==
eandg
Spin: 
 Energy calculation finished, energy: -2.138692938E+03
Testing convergence of dimer midpoint in cycle  367
    Energy  1.1400E-06 Target: 1.0000E-06 converged?   no
  Max step  4.1958E-03 Target: 1.8000E-03 converged?   no component    13
  RMS step  9.1815E-04 Target: 1.2000E-03 converged?  yes
  Max grad  8.8228E-05 Target: 4.5000E-04 converged?  yes component    55
  RMS grad  2.7232E-05 Target: 3.0000E-04 converged?  yes
Next calculation will be the dimer endpoint before rotation
dl-find/turbomole/=============================== Tstep:  107.5 Ttot:109175.4 ==
eandg
Spin: 
 Energy calculation finished, energy: -2.138692938E+03
Curvature at dimer midpoint                   -0.00181
Predicted dimer rotation angle:      2.810 deg
Next calculation will be the dimer endpoint after rotation
dl-find/turbomole/=============================== Tstep:  101.0 Ttot:109276.4 ==
eandg
Spin: 
 Energy calculation finished, energy: -2.138692938E+03
Curvature at dimer midpoint after rotation    -0.00138
Curvature at dimer minimum                    -0.00181
Actual dimer rotation angle:         0.055 deg
Dimer rotation converged after    1 steps
Writing TS-mode
Curvature after dimer rotation:               -0.00181
Frequency of transition mode  -218.847 cm^-1 (negative value denotes imaginary frequency)
Crossover temperature for tunnelling       50.11341 K
Restarting L-BFGS optimiser, instance: dimer rotation
Next calculation will be the dimer  midpoint
dl-find/turbomole/=============================== Tstep:   79.8 Ttot:109356.2 ==
eandg
Spin: 
 Energy calculation finished, energy: -2.138692940E+03
Testing convergence of dimer midpoint in cycle  368
    Energy  2.0610E-06 Target: 1.0000E-06 converged?   no
  Max step  6.4228E-03 Target: 1.8000E-03 converged?   no component   210
  RMS step  1.5547E-03 Target: 1.2000E-03 converged?   no
  Max grad  1.1108E-04 Target: 4.5000E-04 converged?  yes component    88
  RMS grad  2.3025E-05 Target: 3.0000E-04 converged?  yes
Next calculation will be the dimer endpoint before rotation
dl-find/turbomole/=============================== Tstep:  108.2 Ttot:109464.4 ==
eandg
Spin: 
 Energy calculation finished, energy: -2.138692940E+03
Curvature at dimer midpoint                   -0.00181
Predicted dimer rotation angle:      2.288 deg
Next calculation will be the dimer endpoint after rotation
dl-find/turbomole/=============================== Tstep:  101.7 Ttot:109566.2 ==
eandg
Spin: 
 Energy calculation finished, energy: -2.138692940E+03
Curvature at dimer midpoint after rotation    -0.00140
Curvature at dimer minimum                    -0.00181
Actual dimer rotation angle:         0.032 deg
Dimer rotation converged after    1 steps
Writing TS-mode
Curvature after dimer rotation:               -0.00181
Frequency of transition mode  -218.580 cm^-1 (negative value denotes imaginary frequency)
Crossover temperature for tunnelling       50.05236 K
Restarting L-BFGS optimiser, instance: dimer rotation
Next calculation will be the dimer  midpoint
dl-find/turbomole/=============================== Tstep:   74.2 Ttot:109640.4 ==
eandg
Spin: 
 Energy calculation finished, energy: -2.138692942E+03
Testing convergence of dimer midpoint in cycle  369
    Energy  2.3970E-06 Target: 1.0000E-06 converged?   no
  Max step  7.3005E-03 Target: 1.8000E-03 converged?   no component    96
  RMS step  1.6643E-03 Target: 1.2000E-03 converged?   no
  Max grad  1.2694E-04 Target: 4.5000E-04 converged?  yes component    57
  RMS grad  2.7199E-05 Target: 3.0000E-04 converged?  yes
Next calculation will be the dimer endpoint before rotation
dl-find/turbomole/=============================== Tstep:  108.7 Ttot:109749.0 ==
eandg
Spin: 
 Energy calculation finished, energy: -2.138692943E+03
Curvature at dimer midpoint                   -0.00180
Predicted dimer rotation angle:      1.619 deg
Dimer rotation converged after    0 steps
Writing TS-mode
Curvature after dimer rotation:               -0.00180
Frequency of transition mode  -218.259 cm^-1 (negative value denotes imaginary frequency)
Crossover temperature for tunnelling       49.97874 K
Restarting L-BFGS optimiser, instance: dimer rotation
Next calculation will be the dimer  midpoint
dl-find/turbomole/=============================== Tstep:  100.5 Ttot:109849.6 ==
eandg
Spin: 
 Energy calculation finished, energy: -2.138692920E+03
Testing convergence of dimer midpoint in cycle  370
    Energy  2.2871E-05 Target: 1.0000E-06 converged?   no
  Max step  1.3147E-02 Target: 1.8000E-03 converged?   no component    96
  RMS step  2.9631E-03 Target: 1.2000E-03 converged?   no
  Max grad  1.8431E-04 Target: 4.5000E-04 converged?  yes component    49
  RMS grad  3.6435E-05 Target: 3.0000E-04 converged?  yes
Next calculation will be the dimer endpoint before rotation
dl-find/turbomole/=============================== Tstep:  114.2 Ttot:109963.7 ==
eandg
Spin: 
 Energy calculation finished, energy: -2.138692920E+03
Curvature at dimer midpoint                   -0.00179
Predicted dimer rotation angle:      2.581 deg
Next calculation will be the dimer endpoint after rotation
dl-find/turbomole/=============================== Tstep:  101.6 Ttot:110065.3 ==
eandg
Spin: 
 Energy calculation finished, energy: -2.138692920E+03
Curvature at dimer midpoint after rotation    -0.00141
Curvature at dimer minimum                    -0.00179
Actual dimer rotation angle:         0.048 deg
Dimer rotation converged after    1 steps
Writing TS-mode
Curvature after dimer rotation:               -0.00179
Frequency of transition mode  -217.360 cm^-1 (negative value denotes imaginary frequency)
Crossover temperature for tunnelling       49.77288 K
Restarting L-BFGS optimiser, instance: dimer rotation
Next calculation will be the dimer  midpoint
dl-find/turbomole/=============================== Tstep:   84.0 Ttot:110149.3 ==
eandg
Spin: 
 Energy calculation finished, energy: -2.138692918E+03
Testing convergence of dimer midpoint in cycle  371
    Energy  1.8350E-06 Target: 1.0000E-06 converged?   no
  Max step  2.3939E-02 Target: 1.8000E-03 converged?   no component    13
  RMS step  5.2150E-03 Target: 1.2000E-03 converged?   no
  Max grad  2.5157E-04 Target: 4.5000E-04 converged?  yes component    88
  RMS grad  5.3702E-05 Target: 3.0000E-04 converged?  yes
Next calculation will be the dimer endpoint before rotation
dl-find/turbomole/=============================== Tstep:  115.2 Ttot:110264.5 ==
eandg
Spin: 
 Energy calculation finished, energy: -2.138692918E+03
Curvature at dimer midpoint                   -0.00177
Predicted dimer rotation angle:      2.183 deg
Next calculation will be the dimer endpoint after rotation
dl-find/turbomole/=============================== Tstep:  100.9 Ttot:110365.5 ==
eandg
Spin: 
 Energy calculation finished, energy: -2.138692917E+03
Curvature at dimer midpoint after rotation    -0.00155
Curvature at dimer minimum                    -0.00177
Actual dimer rotation angle:         0.049 deg
Dimer rotation converged after    1 steps
Writing TS-mode
Curvature after dimer rotation:               -0.00177
Frequency of transition mode  -216.367 cm^-1 (negative value denotes imaginary frequency)
Crossover temperature for tunnelling       49.54549 K
Restarting L-BFGS optimiser, instance: dimer rotation
Next calculation will be the dimer  midpoint
dl-find/turbomole/=============================== Tstep:   69.2 Ttot:110434.7 ==
eandg
Spin: 
 Energy calculation finished, energy: -2.138692917E+03
Testing convergence of dimer midpoint in cycle  372
    Energy  2.7100E-07 Target: 1.0000E-06 converged?  yes
  Max step  2.4310E-03 Target: 1.8000E-03 converged?   no component   210
  RMS step  6.1625E-04 Target: 1.2000E-03 converged?  yes
  Max grad  6.4831E-05 Target: 4.5000E-04 converged?  yes component   246
  RMS grad  2.3855E-05 Target: 3.0000E-04 converged?  yes
Next calculation will be the dimer endpoint before rotation
dl-find/turbomole/=============================== Tstep:  115.4 Ttot:110550.1 ==
eandg
Spin: 
 Energy calculation finished, energy: -2.138692917E+03
Curvature at dimer midpoint                   -0.00179
Predicted dimer rotation angle:      2.846 deg
Next calculation will be the dimer endpoint after rotation
dl-find/turbomole/=============================== Tstep:  102.4 Ttot:110652.4 ==
eandg
Spin: 
 Energy calculation finished, energy: -2.138692917E+03
Curvature at dimer midpoint after rotation    -0.00126
Curvature at dimer minimum                    -0.00179
Actual dimer rotation angle:         0.046 deg
Dimer rotation converged after    1 steps
Writing TS-mode
Curvature after dimer rotation:               -0.00179
Frequency of transition mode  -217.639 cm^-1 (negative value denotes imaginary frequency)
Crossover temperature for tunnelling       49.83678 K
Restarting L-BFGS optimiser, instance: dimer rotation
Next calculation will be the dimer  midpoint
dl-find/turbomole/=============================== Tstep:   80.1 Ttot:110732.6 ==
eandg
Spin: 
 Energy calculation finished, energy: -2.138692915E+03
Testing convergence of dimer midpoint in cycle  373
    Energy  2.1070E-06 Target: 1.0000E-06 converged?   no
  Max step  4.0113E-03 Target: 1.8000E-03 converged?   no component   210
  RMS step  1.0304E-03 Target: 1.2000E-03 converged?  yes
  Max grad  1.0887E-04 Target: 4.5000E-04 converged?  yes component    88
  RMS grad  2.5008E-05 Target: 3.0000E-04 converged?  yes
Next calculation will be the dimer endpoint before rotation
dl-find/turbomole/=============================== Tstep:  112.7 Ttot:110845.3 ==
eandg
Spin: 
 Energy calculation finished, energy: -2.138692915E+03
Curvature at dimer midpoint                   -0.00179
Predicted dimer rotation angle:      1.966 deg
Dimer rotation converged after    0 steps
Writing TS-mode
Curvature after dimer rotation:               -0.00179
Frequency of transition mode  -217.510 cm^-1 (negative value denotes imaginary frequency)
Crossover temperature for tunnelling       49.80734 K
Restarting L-BFGS optimiser, instance: dimer rotation
Next calculation will be the dimer  midpoint
dl-find/turbomole/=============================== Tstep:  101.1 Ttot:110946.3 ==
eandg
Spin: 
 Energy calculation finished, energy: -2.138692914E+03
Testing convergence of dimer midpoint in cycle  374
    Energy  1.0550E-06 Target: 1.0000E-06 converged?   no
  Max step  7.2819E-03 Target: 1.8000E-03 converged?   no component    13
  RMS step  1.2177E-03 Target: 1.2000E-03 converged?   no
  Max grad  1.2306E-04 Target: 4.5000E-04 converged?  yes component    57
  RMS grad  3.0153E-05 Target: 3.0000E-04 converged?  yes
Next calculation will be the dimer endpoint before rotation
dl-find/turbomole/=============================== Tstep:  115.1 Ttot:111061.4 ==
eandg
Spin: 
 Energy calculation finished, energy: -2.138692915E+03
Curvature at dimer midpoint                   -0.00177
Predicted dimer rotation angle:      2.226 deg
Next calculation will be the dimer endpoint after rotation
dl-find/turbomole/=============================== Tstep:   99.9 Ttot:111161.3 ==
eandg
Spin: 
 Energy calculation finished, energy: -2.138692915E+03
Curvature at dimer midpoint after rotation    -0.00145
Curvature at dimer minimum                    -0.00177
Actual dimer rotation angle:         0.037 deg
Dimer rotation converged after    1 steps
Writing TS-mode
Curvature after dimer rotation:               -0.00177
Frequency of transition mode  -216.210 cm^-1 (negative value denotes imaginary frequency)
Crossover temperature for tunnelling       49.50953 K
Restarting L-BFGS optimiser, instance: dimer rotation
Next calculation will be the dimer  midpoint
dl-find/turbomole/=============================== Tstep:   78.6 Ttot:111240.0 ==
eandg
Spin: 
 Energy calculation finished, energy: -2.138692915E+03
Testing convergence of dimer midpoint in cycle  375
    Energy  8.0300E-07 Target: 1.0000E-06 converged?  yes
  Max step  2.1561E-02 Target: 1.8000E-03 converged?   no component    13
  RMS step  4.4551E-03 Target: 1.2000E-03 converged?   no
  Max grad  3.4686E-04 Target: 4.5000E-04 converged?  yes component    49
  RMS grad  5.1659E-05 Target: 3.0000E-04 converged?  yes
Next calculation will be the dimer endpoint before rotation
dl-find/turbomole/=============================== Tstep:  114.9 Ttot:111354.8 ==
eandg
Spin: 
 Energy calculation finished, energy: -2.138692916E+03
Curvature at dimer midpoint                   -0.00175
Predicted dimer rotation angle:      2.225 deg
Next calculation will be the dimer endpoint after rotation
dl-find/turbomole/=============================== Tstep:  100.7 Ttot:111455.6 ==
eandg
Spin: 
 Energy calculation finished, energy: -2.138692916E+03
Curvature at dimer midpoint after rotation    -0.00144
Curvature at dimer minimum                    -0.00175
Actual dimer rotation angle:         0.037 deg
Dimer rotation converged after    1 steps
Writing TS-mode
Curvature after dimer rotation:               -0.00175
Frequency of transition mode  -215.066 cm^-1 (negative value denotes imaginary frequency)
Crossover temperature for tunnelling       49.24754 K
Restarting L-BFGS optimiser, instance: dimer rotation
Next calculation will be the dimer  midpoint
dl-find/turbomole/=============================== Tstep:   74.9 Ttot:111530.5 ==
eandg
Spin: 
 Energy calculation finished, energy: -2.138692915E+03
Testing convergence of dimer midpoint in cycle  376
    Energy  5.4000E-08 Target: 1.0000E-06 converged?  yes
  Max step  2.7706E-02 Target: 1.8000E-03 converged?   no component    13
  RMS step  5.6504E-03 Target: 1.2000E-03 converged?   no
  Max grad  1.6541E-04 Target: 4.5000E-04 converged?  yes component   174
  RMS grad  4.3105E-05 Target: 3.0000E-04 converged?  yes
Next calculation will be the dimer endpoint before rotation
dl-find/turbomole/=============================== Tstep:  107.9 Ttot:111638.4 ==
eandg
Spin: 
 Energy calculation finished, energy: -2.138692916E+03
Curvature at dimer midpoint                   -0.00173
Predicted dimer rotation angle:      2.376 deg
Next calculation will be the dimer endpoint after rotation
dl-find/turbomole/=============================== Tstep:  100.7 Ttot:111739.1 ==
eandg
Spin: 
 Energy calculation finished, energy: -2.138692916E+03
Curvature at dimer midpoint after rotation    -0.00149
Curvature at dimer minimum                    -0.00173
Actual dimer rotation angle:         0.056 deg
Dimer rotation converged after    1 steps
Writing TS-mode
Curvature after dimer rotation:               -0.00173
Frequency of transition mode  -213.620 cm^-1 (negative value denotes imaginary frequency)
Crossover temperature for tunnelling       48.91660 K
Restarting L-BFGS optimiser, instance: dimer rotation
Next calculation will be the dimer  midpoint
dl-find/turbomole/=============================== Tstep:   80.5 Ttot:111819.6 ==
eandg
Spin: 
 Energy calculation finished, energy: -2.138692918E+03
Testing convergence of dimer midpoint in cycle  377
    Energy  2.9890E-06 Target: 1.0000E-06 converged?   no
  Max step  1.0196E-03 Target: 1.8000E-03 converged?  yes component    30
  RMS step  2.8811E-04 Target: 1.2000E-03 converged?  yes
  Max grad  6.3264E-05 Target: 4.5000E-04 converged?  yes component    66
  RMS grad  2.2637E-05 Target: 3.0000E-04 converged?  yes
Next calculation will be the dimer endpoint before rotation
dl-find/turbomole/=============================== Tstep:  108.3 Ttot:111927.9 ==
eandg
Spin: 
 Energy calculation finished, energy: -2.138692918E+03
Curvature at dimer midpoint                   -0.00174
Predicted dimer rotation angle:      2.714 deg
Next calculation will be the dimer endpoint after rotation
dl-find/turbomole/=============================== Tstep:  101.4 Ttot:112029.3 ==
eandg
Spin: 
 Energy calculation finished, energy: -2.138692918E+03
Curvature at dimer midpoint after rotation    -0.00112
Curvature at dimer minimum                    -0.00174
Actual dimer rotation angle:         0.033 deg
Dimer rotation converged after    1 steps
Writing TS-mode
Curvature after dimer rotation:               -0.00174
Frequency of transition mode  -214.492 cm^-1 (negative value denotes imaginary frequency)
Crossover temperature for tunnelling       49.11618 K
Restarting L-BFGS optimiser, instance: dimer rotation
Next calculation will be the dimer  midpoint
dl-find/turbomole/=============================== Tstep:   80.0 Ttot:112109.3 ==
eandg
Spin: 
 Energy calculation finished, energy: -2.138692921E+03
Testing convergence of dimer midpoint in cycle  378
    Energy  3.0450E-06 Target: 1.0000E-06 converged?   no
  Max step  5.9243E-03 Target: 1.8000E-03 converged?   no component    96
  RMS step  1.4260E-03 Target: 1.2000E-03 converged?   no
  Max grad  1.0065E-04 Target: 4.5000E-04 converged?  yes component    88
  RMS grad  2.5190E-05 Target: 3.0000E-04 converged?  yes
Next calculation will be the dimer endpoint before rotation
dl-find/turbomole/=============================== Tstep:  108.9 Ttot:112218.2 ==
eandg
Spin: 
 Energy calculation finished, energy: -2.138692922E+03
Curvature at dimer midpoint                   -0.00174
Predicted dimer rotation angle:      1.882 deg
Dimer rotation converged after    0 steps
Writing TS-mode
Curvature after dimer rotation:               -0.00174
Frequency of transition mode  -214.686 cm^-1 (negative value denotes imaginary frequency)
Crossover temperature for tunnelling       49.16055 K
Restarting L-BFGS optimiser, instance: dimer rotation
Next calculation will be the dimer  midpoint
dl-find/turbomole/=============================== Tstep:  100.1 Ttot:112318.3 ==
eandg
Spin: 
 Energy calculation finished, energy: -2.138692922E+03
Testing convergence of dimer midpoint in cycle  379
    Energy  6.5100E-07 Target: 1.0000E-06 converged?  yes
  Max step  8.1276E-03 Target: 1.8000E-03 converged?   no component    96
  RMS step  1.8844E-03 Target: 1.2000E-03 converged?   no
  Max grad  1.4742E-04 Target: 4.5000E-04 converged?  yes component   215
  RMS grad  3.0351E-05 Target: 3.0000E-04 converged?  yes
Next calculation will be the dimer endpoint before rotation
dl-find/turbomole/=============================== Tstep:  108.4 Ttot:112426.8 ==
eandg
Spin: 
 Energy calculation finished, energy: -2.138692921E+03
Curvature at dimer midpoint                   -0.00172
Predicted dimer rotation angle:      2.865 deg
Next calculation will be the dimer endpoint after rotation
dl-find/turbomole/=============================== Tstep:  100.3 Ttot:112527.1 ==
eandg
Spin: 
 Energy calculation finished, energy: -2.138692921E+03
Curvature at dimer midpoint after rotation    -0.00137
Curvature at dimer minimum                    -0.00172
Actual dimer rotation angle:         0.067 deg
Dimer rotation converged after    1 steps
Writing TS-mode
Curvature after dimer rotation:               -0.00172
Frequency of transition mode  -213.423 cm^-1 (negative value denotes imaginary frequency)
Crossover temperature for tunnelling       48.87138 K
Restarting L-BFGS optimiser, instance: dimer rotation
Next calculation will be the dimer  midpoint
dl-find/turbomole/=============================== Tstep:   79.4 Ttot:112606.5 ==
eandg
Spin: 
 Energy calculation finished, energy: -2.138692918E+03
Testing convergence of dimer midpoint in cycle  380
    Energy  3.6260E-06 Target: 1.0000E-06 converged?   no
  Max step  2.8839E-02 Target: 1.8000E-03 converged?   no component    96
  RMS step  6.7318E-03 Target: 1.2000E-03 converged?   no
  Max grad  3.6047E-04 Target: 4.5000E-04 converged?  yes component   201
  RMS grad  6.2711E-05 Target: 3.0000E-04 converged?  yes
Next calculation will be the dimer endpoint before rotation
dl-find/turbomole/=============================== Tstep:  120.4 Ttot:112726.9 ==
eandg
Spin: 
 Energy calculation finished, energy: -2.138692919E+03
Curvature at dimer midpoint                   -0.00168
Predicted dimer rotation angle:      2.974 deg
Next calculation will be the dimer endpoint after rotation
dl-find/turbomole/=============================== Tstep:  100.1 Ttot:112827.0 ==
eandg
Spin: 
 Energy calculation finished, energy: -2.138692919E+03
Curvature at dimer midpoint after rotation    -0.00112
Curvature at dimer minimum                    -0.00168
Actual dimer rotation angle:         0.046 deg
Dimer rotation converged after    1 steps
Writing TS-mode
Curvature after dimer rotation:               -0.00168
Frequency of transition mode  -210.959 cm^-1 (negative value denotes imaginary frequency)
Crossover temperature for tunnelling       48.30727 K
Restarting L-BFGS optimiser, instance: dimer rotation
Next calculation will be the dimer  midpoint
dl-find/turbomole/=============================== Tstep:   79.6 Ttot:112906.6 ==
eandg
Spin: 
 Energy calculation finished, energy: -2.138692996E+03
Testing convergence of dimer midpoint in cycle  381
    Energy  7.7473E-05 Target: 1.0000E-06 converged?   no
  Max step  7.3313E-03 Target: 1.8000E-03 converged?   no component    13
  RMS step  1.4532E-03 Target: 1.2000E-03 converged?   no
  Max grad  8.8954E-05 Target: 4.5000E-04 converged?  yes component    35
  RMS grad  2.6751E-05 Target: 3.0000E-04 converged?  yes
Next calculation will be the dimer endpoint before rotation
dl-find/turbomole/=============================== Tstep:  120.0 Ttot:113026.5 ==
eandg
Spin: 
 Energy calculation finished, energy: -2.138692996E+03
Curvature at dimer midpoint                   -0.00167
Predicted dimer rotation angle:      2.659 deg
Next calculation will be the dimer endpoint after rotation
dl-find/turbomole/=============================== Tstep:   99.8 Ttot:113126.3 ==
eandg
Spin: 
 Energy calculation finished, energy: -2.138692996E+03
Curvature at dimer midpoint after rotation    -0.00125
Curvature at dimer minimum                    -0.00167
Actual dimer rotation angle:         0.044 deg
Dimer rotation converged after    1 steps
Writing TS-mode
Curvature after dimer rotation:               -0.00167
Frequency of transition mode  -210.372 cm^-1 (negative value denotes imaginary frequency)
Crossover temperature for tunnelling       48.17281 K
Restarting L-BFGS optimiser, instance: dimer rotation
Next calculation will be the dimer  midpoint
dl-find/turbomole/=============================== Tstep:   87.6 Ttot:113213.9 ==
eandg
Spin: 
 Energy calculation finished, energy: -2.138693020E+03
Testing convergence of dimer midpoint in cycle  382
    Energy  2.4500E-05 Target: 1.0000E-06 converged?   no
  Max step  1.0998E-02 Target: 1.8000E-03 converged?   no component   210
  RMS step  2.5318E-03 Target: 1.2000E-03 converged?   no
  Max grad  1.4024E-04 Target: 4.5000E-04 converged?  yes component   201
  RMS grad  2.8949E-05 Target: 3.0000E-04 converged?  yes
Next calculation will be the dimer endpoint before rotation
dl-find/turbomole/=============================== Tstep:  105.1 Ttot:113319.1 ==
eandg
Spin: 
 Energy calculation finished, energy: -2.138693021E+03
Curvature at dimer midpoint                   -0.00167
Predicted dimer rotation angle:      2.424 deg
Next calculation will be the dimer endpoint after rotation
dl-find/turbomole/=============================== Tstep:  111.4 Ttot:113430.5 ==
eandg
Spin: 
 Energy calculation finished, energy: -2.138693021E+03
Curvature at dimer midpoint after rotation    -0.00134
Curvature at dimer minimum                    -0.00167
Actual dimer rotation angle:         0.042 deg
Dimer rotation converged after    1 steps
Writing TS-mode
Curvature after dimer rotation:               -0.00167
Frequency of transition mode  -210.210 cm^-1 (negative value denotes imaginary frequency)
Crossover temperature for tunnelling       48.13575 K
Restarting L-BFGS optimiser, instance: dimer rotation
Next calculation will be the dimer  midpoint
dl-find/turbomole/=============================== Tstep:   74.1 Ttot:113504.6 ==
eandg
Spin: 
 Energy calculation finished, energy: -2.138693022E+03
Testing convergence of dimer midpoint in cycle  383
    Energy  1.5020E-06 Target: 1.0000E-06 converged?   no
  Max step  9.9271E-03 Target: 1.8000E-03 converged?   no component    87
  RMS step  2.2558E-03 Target: 1.2000E-03 converged?   no
  Max grad  1.5501E-04 Target: 4.5000E-04 converged?  yes component   201
  RMS grad  3.3854E-05 Target: 3.0000E-04 converged?  yes
Next calculation will be the dimer endpoint before rotation
dl-find/turbomole/=============================== Tstep:  112.8 Ttot:113617.4 ==
eandg
Spin: 
 Energy calculation finished, energy: -2.138693022E+03
Curvature at dimer midpoint                   -0.00167
Predicted dimer rotation angle:      2.390 deg
Next calculation will be the dimer endpoint after rotation
dl-find/turbomole/=============================== Tstep:  107.5 Ttot:113724.8 ==
eandg
Spin: 
 Energy calculation finished, energy: -2.138693023E+03
Curvature at dimer midpoint after rotation    -0.00125
Curvature at dimer minimum                    -0.00167
Actual dimer rotation angle:         0.032 deg
Dimer rotation converged after    1 steps
Writing TS-mode
Curvature after dimer rotation:               -0.00167
Frequency of transition mode  -210.371 cm^-1 (negative value denotes imaginary frequency)
Crossover temperature for tunnelling       48.17245 K
Restarting L-BFGS optimiser, instance: dimer rotation
Next calculation will be the dimer  midpoint
dl-find/turbomole/=============================== Tstep:   84.1 Ttot:113808.9 ==
eandg
Spin: 
 Energy calculation finished, energy: -2.138693027E+03
Testing convergence of dimer midpoint in cycle  384
    Energy  5.0210E-06 Target: 1.0000E-06 converged?   no
  Max step  2.8613E-02 Target: 1.8000E-03 converged?   no component    87
  RMS step  6.8887E-03 Target: 1.2000E-03 converged?   no
  Max grad  2.7219E-04 Target: 4.5000E-04 converged?  yes component    80
  RMS grad  6.6207E-05 Target: 3.0000E-04 converged?  yes
Next calculation will be the dimer endpoint before rotation
dl-find/turbomole/=============================== Tstep:  115.9 Ttot:113924.8 ==
eandg
Spin: 
 Energy calculation finished, energy: -2.138693028E+03
Curvature at dimer midpoint                   -0.00164
Predicted dimer rotation angle:      3.131 deg
Next calculation will be the dimer endpoint after rotation
dl-find/turbomole/=============================== Tstep:  109.2 Ttot:114034.0 ==
eandg
Spin: 
 Energy calculation finished, energy: -2.138693028E+03
Curvature at dimer midpoint after rotation    -0.00120
Curvature at dimer minimum                    -0.00164
Actual dimer rotation angle:         0.067 deg
Dimer rotation converged after    1 steps
Writing TS-mode
Curvature after dimer rotation:               -0.00164
Frequency of transition mode  -208.460 cm^-1 (negative value denotes imaginary frequency)
Crossover temperature for tunnelling       47.73482 K
Restarting L-BFGS optimiser, instance: dimer rotation
Next calculation will be the dimer  midpoint
dl-find/turbomole/=============================== Tstep:   73.9 Ttot:114107.9 ==
eandg
Spin: 
 Energy calculation finished, energy: -2.138693030E+03
Testing convergence of dimer midpoint in cycle  385
    Energy  3.3350E-06 Target: 1.0000E-06 converged?   no
  Max step  1.6085E-02 Target: 1.8000E-03 converged?   no component    87
  RMS step  3.7563E-03 Target: 1.2000E-03 converged?   no
  Max grad  1.1876E-04 Target: 4.5000E-04 converged?  yes component   203
  RMS grad  3.1990E-05 Target: 3.0000E-04 converged?  yes
Next calculation will be the dimer endpoint before rotation
dl-find/turbomole/=============================== Tstep:  115.3 Ttot:114223.2 ==
eandg
Spin: 
 Energy calculation finished, energy: -2.138693031E+03
Curvature at dimer midpoint                   -0.00164
Predicted dimer rotation angle:      3.203 deg
Next calculation will be the dimer endpoint after rotation
dl-find/turbomole/=============================== Tstep:  108.5 Ttot:114331.7 ==
eandg
Spin: 
 Energy calculation finished, energy: -2.138693031E+03
Curvature at dimer midpoint after rotation    -0.00093
Curvature at dimer minimum                    -0.00164
Actual dimer rotation angle:         0.045 deg
Dimer rotation converged after    1 steps
Writing TS-mode
Curvature after dimer rotation:               -0.00164
Frequency of transition mode  -208.109 cm^-1 (negative value denotes imaginary frequency)
Crossover temperature for tunnelling       47.65447 K
Restarting L-BFGS optimiser, instance: dimer rotation
Next calculation will be the dimer  midpoint
dl-find/turbomole/=============================== Tstep:   83.7 Ttot:114415.4 ==
eandg
Spin: 
 Energy calculation finished, energy: -2.138693033E+03
Testing convergence of dimer midpoint in cycle  386
    Energy  3.2350E-06 Target: 1.0000E-06 converged?   no
  Max step  8.4096E-03 Target: 1.8000E-03 converged?   no component    87
  RMS step  2.0968E-03 Target: 1.2000E-03 converged?   no
  Max grad  8.6545E-05 Target: 4.5000E-04 converged?  yes component   154
  RMS grad  2.6142E-05 Target: 3.0000E-04 converged?  yes
Next calculation will be the dimer endpoint before rotation
dl-find/turbomole/=============================== Tstep:  108.0 Ttot:114523.4 ==
eandg
Spin: 
 Energy calculation finished, energy: -2.138693034E+03
Curvature at dimer midpoint                   -0.00163
Predicted dimer rotation angle:      2.802 deg
Next calculation will be the dimer endpoint after rotation
dl-find/turbomole/=============================== Tstep:  100.4 Ttot:114623.8 ==
eandg
Spin: 
 Energy calculation finished, energy: -2.138693034E+03
Curvature at dimer midpoint after rotation    -0.00119
Curvature at dimer minimum                    -0.00163
Actual dimer rotation angle:         0.048 deg
Dimer rotation converged after    1 steps
Writing TS-mode
Curvature after dimer rotation:               -0.00163
Frequency of transition mode  -207.636 cm^-1 (negative value denotes imaginary frequency)
Crossover temperature for tunnelling       47.54629 K
Restarting L-BFGS optimiser, instance: dimer rotation
Next calculation will be the dimer  midpoint
dl-find/turbomole/=============================== Tstep:   79.0 Ttot:114702.8 ==
eandg
Spin: 
 Energy calculation finished, energy: -2.138693035E+03
Testing convergence of dimer midpoint in cycle  387
    Energy  1.5960E-06 Target: 1.0000E-06 converged?   no
  Max step  1.3564E-02 Target: 1.8000E-03 converged?   no component    87
  RMS step  3.3846E-03 Target: 1.2000E-03 converged?   no
  Max grad  1.1483E-04 Target: 4.5000E-04 converged?  yes component    71
  RMS grad  3.2331E-05 Target: 3.0000E-04 converged?  yes
Next calculation will be the dimer endpoint before rotation
dl-find/turbomole/=============================== Tstep:  114.4 Ttot:114817.2 ==
eandg
Spin: 
 Energy calculation finished, energy: -2.138693036E+03
Curvature at dimer midpoint                   -0.00163
Predicted dimer rotation angle:      3.086 deg
Next calculation will be the dimer endpoint after rotation
dl-find/turbomole/=============================== Tstep:  107.7 Ttot:114924.9 ==
eandg
Spin: 
 Energy calculation finished, energy: -2.138693036E+03
Curvature at dimer midpoint after rotation    -0.00100
Curvature at dimer minimum                    -0.00163
Actual dimer rotation angle:         0.045 deg
Dimer rotation converged after    1 steps
Writing TS-mode
Curvature after dimer rotation:               -0.00163
Frequency of transition mode  -207.559 cm^-1 (negative value denotes imaginary frequency)
Crossover temperature for tunnelling       47.52867 K
Restarting L-BFGS optimiser, instance: dimer rotation
Next calculation will be the dimer  midpoint
dl-find/turbomole/=============================== Tstep:   83.7 Ttot:115008.5 ==
eandg
Spin: 
 Energy calculation finished, energy: -2.138693038E+03
Testing convergence of dimer midpoint in cycle  388
    Energy  3.2800E-06 Target: 1.0000E-06 converged?   no
  Max step  1.7819E-02 Target: 1.8000E-03 converged?   no component    87
  RMS step  4.6497E-03 Target: 1.2000E-03 converged?   no
  Max grad  3.1374E-04 Target: 4.5000E-04 converged?  yes component    64
  RMS grad  5.0990E-05 Target: 3.0000E-04 converged?  yes
Next calculation will be the dimer endpoint before rotation
dl-find/turbomole/=============================== Tstep:  115.0 Ttot:115123.5 ==
eandg
Spin: 
 Energy calculation finished, energy: -2.138693039E+03
Curvature at dimer midpoint                   -0.00164
Predicted dimer rotation angle:      2.808 deg
Next calculation will be the dimer endpoint after rotation
dl-find/turbomole/=============================== Tstep:   99.7 Ttot:115223.2 ==
eandg
Spin: 
 Energy calculation finished, energy: -2.138693039E+03
Curvature at dimer midpoint after rotation    -0.00115
Curvature at dimer minimum                    -0.00164
Actual dimer rotation angle:         0.044 deg
Dimer rotation converged after    1 steps
Writing TS-mode
Curvature after dimer rotation:               -0.00164
Frequency of transition mode  -208.326 cm^-1 (negative value denotes imaginary frequency)
Crossover temperature for tunnelling       47.70422 K
Restarting L-BFGS optimiser, instance: dimer rotation
Next calculation will be the dimer  midpoint
dl-find/turbomole/=============================== Tstep:   78.2 Ttot:115301.4 ==
eandg
Spin: 
 Energy calculation finished, energy: -2.138693041E+03
Testing convergence of dimer midpoint in cycle  389
    Energy  2.7930E-06 Target: 1.0000E-06 converged?   no
  Max step  1.2553E-02 Target: 1.8000E-03 converged?   no component    87
  RMS step  3.2152E-03 Target: 1.2000E-03 converged?   no
  Max grad  1.1331E-04 Target: 4.5000E-04 converged?  yes component    58
  RMS grad  2.8477E-05 Target: 3.0000E-04 converged?  yes
Next calculation will be the dimer endpoint before rotation
dl-find/turbomole/=============================== Tstep:  114.7 Ttot:115416.0 ==
eandg
Spin: 
 Energy calculation finished, energy: -2.138693042E+03
Curvature at dimer midpoint                   -0.00165
Predicted dimer rotation angle:      2.035 deg
Next calculation will be the dimer endpoint after rotation
dl-find/turbomole/=============================== Tstep:  108.5 Ttot:115524.6 ==
eandg
Spin: 
 Energy calculation finished, energy: -2.138693042E+03
Curvature at dimer midpoint after rotation    -0.00146
Curvature at dimer minimum                    -0.00165
Actual dimer rotation angle:         0.042 deg
Dimer rotation converged after    1 steps
Writing TS-mode
Curvature after dimer rotation:               -0.00165
Frequency of transition mode  -208.963 cm^-1 (negative value denotes imaginary frequency)
Crossover temperature for tunnelling       47.85020 K
Restarting L-BFGS optimiser, instance: dimer rotation
Next calculation will be the dimer  midpoint
dl-find/turbomole/=============================== Tstep:   69.2 Ttot:115593.7 ==
eandg
Spin: 
 Energy calculation finished, energy: -2.138693042E+03
Testing convergence of dimer midpoint in cycle  390
    Energy  9.0200E-07 Target: 1.0000E-06 converged?  yes
  Max step  6.2818E-03 Target: 1.8000E-03 converged?   no component    87
  RMS step  1.7002E-03 Target: 1.2000E-03 converged?   no
  Max grad  7.7881E-05 Target: 4.5000E-04 converged?  yes component    24
  RMS grad  2.1323E-05 Target: 3.0000E-04 converged?  yes
Next calculation will be the dimer endpoint before rotation
dl-find/turbomole/=============================== Tstep:   94.9 Ttot:115688.6 ==
eandg
Spin: 
 Energy calculation finished, energy: -2.138693042E+03
Curvature at dimer midpoint                   -0.00157
Predicted dimer rotation angle:      4.064 deg
Next calculation will be the dimer endpoint after rotation
dl-find/turbomole/=============================== Tstep:  101.0 Ttot:115789.7 ==
eandg
Spin: 
 Energy calculation finished, energy: -2.138693040E+03
Curvature at dimer midpoint after rotation    -0.00069
Curvature at dimer minimum                    -0.00157
Actual dimer rotation angle:         0.070 deg
Dimer rotation converged after    1 steps
Writing TS-mode
Curvature after dimer rotation:               -0.00157
Frequency of transition mode  -203.942 cm^-1 (negative value denotes imaginary frequency)
Crossover temperature for tunnelling       46.70034 K
Restarting L-BFGS optimiser, instance: dimer rotation
Next calculation will be the dimer  midpoint
dl-find/turbomole/=============================== Tstep:   76.7 Ttot:115866.3 ==
eandg
Spin: 
 Energy calculation finished, energy: -2.138693041E+03
Testing convergence of dimer midpoint in cycle  391
    Energy  3.2000E-07 Target: 1.0000E-06 converged?  yes
  Max step  5.5897E-03 Target: 1.8000E-03 converged?   no component   116
  RMS step  1.6080E-03 Target: 1.2000E-03 converged?   no
  Max grad  1.1711E-04 Target: 4.5000E-04 converged?  yes component    57
  RMS grad  2.8717E-05 Target: 3.0000E-04 converged?  yes
Next calculation will be the dimer endpoint before rotation
dl-find/turbomole/=============================== Tstep:  112.6 Ttot:115978.9 ==
eandg
Spin: 
 Energy calculation finished, energy: -2.138693042E+03
Curvature at dimer midpoint                   -0.00167
Predicted dimer rotation angle:      3.568 deg
Next calculation will be the dimer endpoint after rotation
dl-find/turbomole/=============================== Tstep:  100.8 Ttot:116079.8 ==
eandg
Spin: 
 Energy calculation finished, energy: -2.138693042E+03
Curvature at dimer midpoint after rotation    -0.00046
Curvature at dimer minimum                    -0.00167
Actual dimer rotation angle:         0.037 deg
Dimer rotation converged after    1 steps
Writing TS-mode
Curvature after dimer rotation:               -0.00167
Frequency of transition mode  -210.301 cm^-1 (negative value denotes imaginary frequency)
Crossover temperature for tunnelling       48.15642 K
Restarting L-BFGS optimiser, instance: dimer rotation
Next calculation will be the dimer  midpoint
dl-find/turbomole/=============================== Tstep:   64.0 Ttot:116143.8 ==
eandg
Spin: 
 Energy calculation finished, energy: -2.138693046E+03
Testing convergence of dimer midpoint in cycle  392
    Energy  4.3940E-06 Target: 1.0000E-06 converged?   no
  Max step  1.0439E-02 Target: 1.8000E-03 converged?   no component    87
  RMS step  3.0061E-03 Target: 1.2000E-03 converged?   no
  Max grad  1.9391E-04 Target: 4.5000E-04 converged?  yes component   219
  RMS grad  3.9852E-05 Target: 3.0000E-04 converged?  yes
Next calculation will be the dimer endpoint before rotation
dl-find/turbomole/=============================== Tstep:  101.6 Ttot:116245.4 ==
eandg
Spin: 
 Energy calculation finished, energy: -2.138693047E+03
Curvature at dimer midpoint                   -0.00165
Predicted dimer rotation angle:      1.935 deg
Dimer rotation converged after    0 steps
Writing TS-mode
Curvature after dimer rotation:               -0.00165
Frequency of transition mode  -208.682 cm^-1 (negative value denotes imaginary frequency)
Crossover temperature for tunnelling       47.78573 K
Restarting L-BFGS optimiser, instance: dimer rotation
Next calculation will be the dimer  midpoint
dl-find/turbomole/=============================== Tstep:  101.7 Ttot:116347.1 ==
eandg
Spin: 
 Energy calculation finished, energy: -2.138693045E+03
Testing convergence of dimer midpoint in cycle  393
    Energy  5.1200E-07 Target: 1.0000E-06 converged?  yes
  Max step  4.1428E-03 Target: 1.8000E-03 converged?   no component   113
  RMS step  1.2409E-03 Target: 1.2000E-03 converged?   no
  Max grad  1.1954E-04 Target: 4.5000E-04 converged?  yes component    58
  RMS grad  2.5792E-05 Target: 3.0000E-04 converged?  yes
Next calculation will be the dimer endpoint before rotation
dl-find/turbomole/=============================== Tstep:   94.7 Ttot:116441.7 ==
eandg
Spin: 
 Energy calculation finished, energy: -2.138693046E+03
Curvature at dimer midpoint                   -0.00162
Predicted dimer rotation angle:      2.462 deg
Next calculation will be the dimer endpoint after rotation
dl-find/turbomole/=============================== Tstep:  101.6 Ttot:116543.3 ==
eandg
Spin: 
 Energy calculation finished, energy: -2.138693046E+03
Curvature at dimer midpoint after rotation    -0.00139
Curvature at dimer minimum                    -0.00162
Actual dimer rotation angle:         0.061 deg
Dimer rotation converged after    1 steps
Writing TS-mode
Curvature after dimer rotation:               -0.00162
Frequency of transition mode  -206.821 cm^-1 (negative value denotes imaginary frequency)
Crossover temperature for tunnelling       47.35968 K
Restarting L-BFGS optimiser, instance: dimer rotation
Next calculation will be the dimer  midpoint
dl-find/turbomole/=============================== Tstep:   81.0 Ttot:116624.3 ==
eandg
Spin: 
 Energy calculation finished, energy: -2.138693048E+03
Testing convergence of dimer midpoint in cycle  394
    Energy  3.0090E-06 Target: 1.0000E-06 converged?   no
  Max step  9.0631E-03 Target: 1.8000E-03 converged?   no component    36
  RMS step  2.5968E-03 Target: 1.2000E-03 converged?   no
  Max grad  1.0951E-04 Target: 4.5000E-04 converged?  yes component   219
  RMS grad  2.3249E-05 Target: 3.0000E-04 converged?  yes
Next calculation will be the dimer endpoint before rotation
dl-find/turbomole/=============================== Tstep:  118.1 Ttot:116742.4 ==
eandg
Spin: 
 Energy calculation finished, energy: -2.138693049E+03
Curvature at dimer midpoint                   -0.00169
Predicted dimer rotation angle:      3.126 deg
Next calculation will be the dimer endpoint after rotation
dl-find/turbomole/=============================== Tstep:   99.9 Ttot:116842.4 ==
eandg
Spin: 
 Energy calculation finished, energy: -2.138693049E+03
Curvature at dimer midpoint after rotation    -0.00085
Curvature at dimer minimum                    -0.00169
Actual dimer rotation angle:         0.037 deg
Dimer rotation converged after    1 steps
Writing TS-mode
Curvature after dimer rotation:               -0.00169
Frequency of transition mode  -211.176 cm^-1 (negative value denotes imaginary frequency)
Crossover temperature for tunnelling       48.35681 K
Restarting L-BFGS optimiser, instance: dimer rotation
Next calculation will be the dimer  midpoint
dl-find/turbomole/=============================== Tstep:   80.5 Ttot:116922.9 ==
eandg
Spin: 
 Energy calculation finished, energy: -2.138693052E+03
Testing convergence of dimer midpoint in cycle  395
    Energy  4.0570E-06 Target: 1.0000E-06 converged?   no
  Max step  8.9649E-03 Target: 1.8000E-03 converged?   no component    87
  RMS step  2.5141E-03 Target: 1.2000E-03 converged?   no
  Max grad  1.7738E-04 Target: 4.5000E-04 converged?  yes component    83
  RMS grad  3.0477E-05 Target: 3.0000E-04 converged?  yes
Next calculation will be the dimer endpoint before rotation
dl-find/turbomole/=============================== Tstep:  113.5 Ttot:117036.4 ==
eandg
Spin: 
 Energy calculation finished, energy: -2.138693053E+03
Curvature at dimer midpoint                   -0.00169
Predicted dimer rotation angle:      1.976 deg
Dimer rotation converged after    0 steps
Writing TS-mode
Curvature after dimer rotation:               -0.00169
Frequency of transition mode  -211.575 cm^-1 (negative value denotes imaginary frequency)
Crossover temperature for tunnelling       48.44820 K
Restarting L-BFGS optimiser, instance: dimer rotation
Next calculation will be the dimer  midpoint
dl-find/turbomole/=============================== Tstep:  101.4 Ttot:117137.8 ==
eandg
Spin: 
 Energy calculation finished, energy: -2.138693052E+03
Testing convergence of dimer midpoint in cycle  396
    Energy  5.7300E-07 Target: 1.0000E-06 converged?  yes
  Max step  2.0571E-02 Target: 1.8000E-03 converged?   no component    36
  RMS step  5.5869E-03 Target: 1.2000E-03 converged?   no
  Max grad  2.4868E-04 Target: 4.5000E-04 converged?  yes component   219
  RMS grad  4.0191E-05 Target: 3.0000E-04 converged?  yes
Next calculation will be the dimer endpoint before rotation
dl-find/turbomole/=============================== Tstep:  112.7 Ttot:117250.5 ==
eandg
Spin: 
 Energy calculation finished, energy: -2.138693051E+03
Curvature at dimer midpoint                   -0.00173
Predicted dimer rotation angle:     12.342 deg
Next calculation will be the dimer endpoint after rotation
dl-find/turbomole/=============================== Tstep:  105.1 Ttot:117355.7 ==
eandg
Spin: 
 Energy calculation finished, energy: -2.138693052E+03
Curvature at dimer midpoint after rotation     0.00359
Curvature at dimer minimum                    -0.00173
Actual dimer rotation angle:         0.368 deg
Dimer rotation converged after    1 steps
Writing TS-mode
Curvature after dimer rotation:               -0.00173
Frequency of transition mode  -214.086 cm^-1 (negative value denotes imaginary frequency)
Crossover temperature for tunnelling       49.02312 K
Restarting L-BFGS optimiser, instance: dimer rotation
Next calculation will be the dimer  midpoint
dl-find/turbomole/=============================== Tstep:   93.0 Ttot:117448.7 ==
eandg
Spin: 
 Energy calculation finished, energy: -2.138693054E+03
Testing convergence of dimer midpoint in cycle  397
    Energy  2.2540E-06 Target: 1.0000E-06 converged?   no
  Max step  1.4835E-02 Target: 1.8000E-03 converged?   no component    36
  RMS step  3.8923E-03 Target: 1.2000E-03 converged?   no
  Max grad  1.7819E-04 Target: 4.5000E-04 converged?  yes component    83
  RMS grad  3.0307E-05 Target: 3.0000E-04 converged?  yes
Next calculation will be the dimer endpoint before rotation
dl-find/turbomole/=============================== Tstep:  110.6 Ttot:117559.3 ==
eandg
Spin: 
 Energy calculation finished, energy: -2.138693055E+03
Curvature at dimer midpoint                   -0.00170
Predicted dimer rotation angle:     14.635 deg
Next calculation will be the dimer endpoint after rotation
dl-find/turbomole/=============================== Tstep:  109.1 Ttot:117668.4 ==
eandg
Spin: 
 Energy calculation finished, energy: -2.138693054E+03
Curvature at dimer midpoint after rotation     0.01767
Curvature at dimer minimum                    -0.00170
Actual dimer rotation angle:         0.176 deg
Dimer rotation converged after    1 steps
Writing TS-mode
Curvature after dimer rotation:               -0.00170
Frequency of transition mode  -212.207 cm^-1 (negative value denotes imaginary frequency)
Crossover temperature for tunnelling       48.59299 K
Restarting L-BFGS optimiser, instance: dimer rotation
Next calculation will be the dimer  midpoint
dl-find/turbomole/=============================== Tstep:   94.0 Ttot:117762.4 ==
eandg
Spin: 
 Energy calculation finished, energy: -2.138693029E+03
Testing convergence of dimer midpoint in cycle  398
    Energy  2.4932E-05 Target: 1.0000E-06 converged?   no
  Max step  4.9930E-03 Target: 1.8000E-03 converged?   no component    36
  RMS step  1.4729E-03 Target: 1.2000E-03 converged?   no
  Max grad  1.2774E-04 Target: 4.5000E-04 converged?  yes component   219
  RMS grad  2.4907E-05 Target: 3.0000E-04 converged?  yes
Next calculation will be the dimer endpoint before rotation
dl-find/turbomole/=============================== Tstep:  118.8 Ttot:117881.2 ==
eandg
Spin: 
 Energy calculation finished, energy: -2.138693030E+03
Curvature at dimer midpoint                   -0.00172
Predicted dimer rotation angle:      6.925 deg
Next calculation will be the dimer endpoint after rotation
dl-find/turbomole/=============================== Tstep:  109.1 Ttot:117990.3 ==
eandg
Spin: 
 Energy calculation finished, energy: -2.138693029E+03
Curvature at dimer midpoint after rotation     0.00074
Curvature at dimer minimum                    -0.00172
Actual dimer rotation angle:         0.138 deg
Dimer rotation converged after    1 steps
Writing TS-mode
Curvature after dimer rotation:               -0.00172
Frequency of transition mode  -213.417 cm^-1 (negative value denotes imaginary frequency)
Crossover temperature for tunnelling       48.86994 K
Restarting L-BFGS optimiser, instance: dimer rotation
Next calculation will be the dimer  midpoint
dl-find/turbomole/=============================== Tstep:   91.0 Ttot:118081.4 ==
eandg
Spin: 
 Energy calculation finished, energy: -2.138693031E+03
Testing convergence of dimer midpoint in cycle  399
    Energy  2.1510E-06 Target: 1.0000E-06 converged?   no
  Max step  7.5416E-03 Target: 1.8000E-03 converged?   no component    36
  RMS step  1.9733E-03 Target: 1.2000E-03 converged?   no
  Max grad  1.2804E-04 Target: 4.5000E-04 converged?  yes component    88
  RMS grad  3.2264E-05 Target: 3.0000E-04 converged?  yes
Next calculation will be the dimer endpoint before rotation
dl-find/turbomole/=============================== Tstep:  111.0 Ttot:118192.4 ==
eandg
Spin: 
 Energy calculation finished, energy: -2.138693032E+03
Curvature at dimer midpoint                   -0.00174
Predicted dimer rotation angle:      5.431 deg
Next calculation will be the dimer endpoint after rotation
dl-find/turbomole/=============================== Tstep:  102.3 Ttot:118294.7 ==
eandg
Spin: 
 Energy calculation finished, energy: -2.138693032E+03
Curvature at dimer midpoint after rotation     0.00076
Curvature at dimer minimum                    -0.00174
Actual dimer rotation angle:         0.067 deg
Dimer rotation converged after    1 steps
Writing TS-mode
Curvature after dimer rotation:               -0.00174
Frequency of transition mode  -214.391 cm^-1 (negative value denotes imaginary frequency)
Crossover temperature for tunnelling       49.09309 K
Restarting L-BFGS optimiser, instance: dimer rotation
Next calculation will be the dimer  midpoint
dl-find/turbomole/=============================== Tstep:   80.8 Ttot:118375.6 ==
eandg
Spin: 
 Energy calculation finished, energy: -2.138693042E+03
Testing convergence of dimer midpoint in cycle  400
    Energy  1.0440E-05 Target: 1.0000E-06 converged?   no
  Max step  1.0684E-02 Target: 1.8000E-03 converged?   no component    36
  RMS step  2.7244E-03 Target: 1.2000E-03 converged?   no
  Max grad  2.7224E-04 Target: 4.5000E-04 converged?  yes component    83
  RMS grad  3.5851E-05 Target: 3.0000E-04 converged?  yes
Next calculation will be the dimer endpoint before rotation
dl-find/turbomole/=============================== Tstep:  115.2 Ttot:118490.7 ==
eandg
Spin: 
 Energy calculation finished, energy: -2.138693042E+03
Curvature at dimer midpoint                   -0.00176
Predicted dimer rotation angle:      3.225 deg
Next calculation will be the dimer endpoint after rotation
dl-find/turbomole/=============================== Tstep:  109.2 Ttot:118599.9 ==
eandg
Spin: 
 Energy calculation finished, energy: -2.138693042E+03
Curvature at dimer midpoint after rotation    -0.00114
Curvature at dimer minimum                    -0.00176
Actual dimer rotation angle:         0.056 deg
Dimer rotation converged after    1 steps
Writing TS-mode
Curvature after dimer rotation:               -0.00176
Frequency of transition mode  -215.621 cm^-1 (negative value denotes imaginary frequency)
Crossover temperature for tunnelling       49.37470 K
Restarting L-BFGS optimiser, instance: dimer rotation
Next calculation will be the dimer  midpoint
dl-find/turbomole/=============================== Tstep:   79.6 Ttot:118679.5 ==
eandg
Spin: 
 Energy calculation finished, energy: -2.138693044E+03
Testing convergence of dimer midpoint in cycle  401
    Energy  2.6970E-06 Target: 1.0000E-06 converged?   no
  Max step  6.5221E-03 Target: 1.8000E-03 converged?   no component    36
  RMS step  1.8050E-03 Target: 1.2000E-03 converged?   no
  Max grad  1.5621E-04 Target: 4.5000E-04 converged?  yes component    83
  RMS grad  2.7200E-05 Target: 3.0000E-04 converged?  yes
Next calculation will be the dimer endpoint before rotation
dl-find/turbomole/=============================== Tstep:  120.7 Ttot:118800.2 ==
eandg
Spin: 
 Energy calculation finished, energy: -2.138693045E+03
Curvature at dimer midpoint                   -0.00179
Predicted dimer rotation angle:      2.838 deg
Next calculation will be the dimer endpoint after rotation
dl-find/turbomole/=============================== Tstep:  100.1 Ttot:118900.3 ==
eandg
Spin: 
 Energy calculation finished, energy: -2.138693045E+03
Curvature at dimer midpoint after rotation    -0.00130
Curvature at dimer minimum                    -0.00179
Actual dimer rotation angle:         0.049 deg
Dimer rotation converged after    1 steps
Writing TS-mode
Curvature after dimer rotation:               -0.00179
Frequency of transition mode  -217.631 cm^-1 (negative value denotes imaginary frequency)
Crossover temperature for tunnelling       49.83509 K
Restarting L-BFGS optimiser, instance: dimer rotation
Next calculation will be the dimer  midpoint
dl-find/turbomole/=============================== Tstep:   65.1 Ttot:118965.4 ==
eandg
Spin: 
 Energy calculation finished, energy: -2.138693046E+03
Testing convergence of dimer midpoint in cycle  402
    Energy  1.3450E-06 Target: 1.0000E-06 converged?   no
  Max step  1.9050E-02 Target: 1.8000E-03 converged?   no component    36
  RMS step  4.9484E-03 Target: 1.2000E-03 converged?   no
  Max grad  1.8469E-04 Target: 4.5000E-04 converged?  yes component   254
  RMS grad  4.3411E-05 Target: 3.0000E-04 converged?  yes
Next calculation will be the dimer endpoint before rotation
dl-find/turbomole/=============================== Tstep:  115.8 Ttot:119081.3 ==
eandg
Spin: 
 Energy calculation finished, energy: -2.138693045E+03
Curvature at dimer midpoint                   -0.00181
Predicted dimer rotation angle:      3.793 deg
Next calculation will be the dimer endpoint after rotation
dl-find/turbomole/=============================== Tstep:  109.0 Ttot:119190.3 ==
eandg
Spin: 
 Energy calculation finished, energy: -2.138693045E+03
Curvature at dimer midpoint after rotation    -0.00083
Curvature at dimer minimum                    -0.00181
Actual dimer rotation angle:         0.060 deg
Dimer rotation converged after    1 steps
Writing TS-mode
Curvature after dimer rotation:               -0.00181
Frequency of transition mode  -218.773 cm^-1 (negative value denotes imaginary frequency)
Crossover temperature for tunnelling       50.09638 K
Restarting L-BFGS optimiser, instance: dimer rotation
Next calculation will be the dimer  midpoint
dl-find/turbomole/=============================== Tstep:   85.0 Ttot:119275.3 ==
eandg
Spin: 
 Energy calculation finished, energy: -2.138693051E+03
Testing convergence of dimer midpoint in cycle  403
    Energy  5.0300E-06 Target: 1.0000E-06 converged?   no
  Max step  1.9396E-02 Target: 1.8000E-03 converged?   no component    36
  RMS step  4.9323E-03 Target: 1.2000E-03 converged?   no
  Max grad  1.7932E-04 Target: 4.5000E-04 converged?  yes component    83
  RMS grad  3.0404E-05 Target: 3.0000E-04 converged?  yes
Next calculation will be the dimer endpoint before rotation
dl-find/turbomole/=============================== Tstep:  114.7 Ttot:119390.0 ==
eandg
Spin: 
 Energy calculation finished, energy: -2.138693049E+03
Curvature at dimer midpoint                   -0.00183
Predicted dimer rotation angle:      2.992 deg
Next calculation will be the dimer endpoint after rotation
dl-find/turbomole/=============================== Tstep:  109.1 Ttot:119499.1 ==
eandg
Spin: 
 Energy calculation finished, energy: -2.138693049E+03
Curvature at dimer midpoint after rotation    -0.00145
Curvature at dimer minimum                    -0.00183
Actual dimer rotation angle:         0.075 deg
Dimer rotation converged after    1 steps
Writing TS-mode
Curvature after dimer rotation:               -0.00183
Frequency of transition mode  -219.869 cm^-1 (negative value denotes imaginary frequency)
Crossover temperature for tunnelling       50.34757 K
Restarting L-BFGS optimiser, instance: dimer rotation
Next calculation will be the dimer  midpoint
dl-find/turbomole/=============================== Tstep:   81.2 Ttot:119580.3 ==
eandg
Spin: 
 Energy calculation finished, energy: -2.138693051E+03
Testing convergence of dimer midpoint in cycle  404
    Energy  6.7000E-08 Target: 1.0000E-06 converged?  yes
  Max step  2.8179E-03 Target: 1.8000E-03 converged?   no component   102
  RMS step  5.1554E-04 Target: 1.2000E-03 converged?  yes
  Max grad  1.5101E-04 Target: 4.5000E-04 converged?  yes component    83
  RMS grad  2.5466E-05 Target: 3.0000E-04 converged?  yes
Next calculation will be the dimer endpoint before rotation
dl-find/turbomole/=============================== Tstep:   94.0 Ttot:119674.3 ==
eandg
Spin: 
 Energy calculation finished, energy: -2.138693051E+03
Curvature at dimer midpoint                   -0.00176
Predicted dimer rotation angle:      3.676 deg
Next calculation will be the dimer endpoint after rotation
dl-find/turbomole/=============================== Tstep:  101.2 Ttot:119775.5 ==
eandg
Spin: 
 Energy calculation finished, energy: -2.138693050E+03
Curvature at dimer midpoint after rotation    -0.00073
Curvature at dimer minimum                    -0.00176
Actual dimer rotation angle:         0.051 deg
Dimer rotation converged after    1 steps
Writing TS-mode
Curvature after dimer rotation:               -0.00176
Frequency of transition mode  -215.586 cm^-1 (negative value denotes imaginary frequency)
Crossover temperature for tunnelling       49.36671 K
Restarting L-BFGS optimiser, instance: dimer rotation
Next calculation will be the dimer  midpoint
dl-find/turbomole/=============================== Tstep:   84.9 Ttot:119860.3 ==
eandg
Spin: 
 Energy calculation finished, energy: -2.138693049E+03
Testing convergence of dimer midpoint in cycle  405
    Energy  1.7530E-06 Target: 1.0000E-06 converged?   no
  Max step  2.5042E-02 Target: 1.8000E-03 converged?   no component    13
  RMS step  6.6160E-03 Target: 1.2000E-03 converged?   no
  Max grad  2.0965E-04 Target: 4.5000E-04 converged?  yes component   244
  RMS grad  4.5485E-05 Target: 3.0000E-04 converged?  yes
Next calculation will be the dimer endpoint before rotation
dl-find/turbomole/=============================== Tstep:  116.1 Ttot:119976.5 ==
eandg
Spin: 
 Energy calculation finished, energy: -2.138693049E+03
Curvature at dimer midpoint                   -0.00180
Predicted dimer rotation angle:      2.750 deg
Next calculation will be the dimer endpoint after rotation
dl-find/turbomole/=============================== Tstep:  108.3 Ttot:120084.8 ==
eandg
Spin: 
 Energy calculation finished, energy: -2.138693049E+03
Curvature at dimer midpoint after rotation    -0.00137
Curvature at dimer minimum                    -0.00180
Actual dimer rotation angle:         0.051 deg
Dimer rotation converged after    1 steps
Writing TS-mode
Curvature after dimer rotation:               -0.00180
Frequency of transition mode  -217.819 cm^-1 (negative value denotes imaginary frequency)
Crossover temperature for tunnelling       49.87814 K
Restarting L-BFGS optimiser, instance: dimer rotation
Next calculation will be the dimer  midpoint
dl-find/turbomole/=============================== Tstep:   78.7 Ttot:120163.5 ==
eandg
Spin: 
 Energy calculation finished, energy: -2.138693049E+03
Testing convergence of dimer midpoint in cycle  406
    Energy  2.7000E-07 Target: 1.0000E-06 converged?  yes
  Max step  1.2660E-02 Target: 1.8000E-03 converged?   no component    36
  RMS step  3.1946E-03 Target: 1.2000E-03 converged?   no
  Max grad  2.6866E-04 Target: 4.5000E-04 converged?  yes component   244
  RMS grad  5.4161E-05 Target: 3.0000E-04 converged?  yes
Next calculation will be the dimer endpoint before rotation
dl-find/turbomole/=============================== Tstep:  115.4 Ttot:120278.8 ==
eandg
Spin: 
 Energy calculation finished, energy: -2.138693049E+03
Curvature at dimer midpoint                   -0.00182
Predicted dimer rotation angle:      2.795 deg
Next calculation will be the dimer endpoint after rotation
dl-find/turbomole/=============================== Tstep:  108.9 Ttot:120387.7 ==
eandg
Spin: 
 Energy calculation finished, energy: -2.138693049E+03
Curvature at dimer midpoint after rotation    -0.00128
Curvature at dimer minimum                    -0.00182
Actual dimer rotation angle:         0.043 deg
Dimer rotation converged after    1 steps
Writing TS-mode
Curvature after dimer rotation:               -0.00182
Frequency of transition mode  -219.273 cm^-1 (negative value denotes imaginary frequency)
Crossover temperature for tunnelling       50.21107 K
Restarting L-BFGS optimiser, instance: dimer rotation
Next calculation will be the dimer  midpoint
dl-find/turbomole/=============================== Tstep:   80.5 Ttot:120468.2 ==
eandg
Spin: 
 Energy calculation finished, energy: -2.138693050E+03
Testing convergence of dimer midpoint in cycle  407
    Energy  1.1610E-06 Target: 1.0000E-06 converged?   no
  Max step  1.2609E-02 Target: 1.8000E-03 converged?   no component    96
  RMS step  3.2555E-03 Target: 1.2000E-03 converged?   no
  Max grad  6.3630E-05 Target: 4.5000E-04 converged?  yes component    71
  RMS grad  1.9693E-05 Target: 3.0000E-04 converged?  yes
Next calculation will be the dimer endpoint before rotation
dl-find/turbomole/=============================== Tstep:  116.8 Ttot:120585.0 ==
eandg
Spin: 
 Energy calculation finished, energy: -2.138693050E+03
Curvature at dimer midpoint                   -0.00182
Predicted dimer rotation angle:      2.118 deg
Next calculation will be the dimer endpoint after rotation
dl-find/turbomole/=============================== Tstep:  109.9 Ttot:120694.9 ==
eandg
Spin: 
 Energy calculation finished, energy: -2.138693050E+03
Curvature at dimer midpoint after rotation    -0.00150
Curvature at dimer minimum                    -0.00182
Actual dimer rotation angle:         0.032 deg
Dimer rotation converged after    1 steps
Writing TS-mode
Curvature after dimer rotation:               -0.00182
Frequency of transition mode  -219.578 cm^-1 (negative value denotes imaginary frequency)
Crossover temperature for tunnelling       50.28086 K
Restarting L-BFGS optimiser, instance: dimer rotation
Next calculation will be the dimer  midpoint
dl-find/turbomole/=============================== Tstep:   78.8 Ttot:120773.7 ==
eandg
Spin: 
 Energy calculation finished, energy: -2.138693050E+03
Testing convergence of dimer midpoint in cycle  408
    Energy  1.2100E-07 Target: 1.0000E-06 converged?  yes
  Max step  1.5196E-03 Target: 1.8000E-03 converged?  yes component    96
  RMS step  3.6980E-04 Target: 1.2000E-03 converged?  yes
  Max grad  5.7126E-05 Target: 4.5000E-04 converged?  yes component    84
  RMS grad  1.4582E-05 Target: 3.0000E-04 converged?  yes
Convergence reached
Writing TS-mode
Testing convergence of dimer midpoint in cycle  408
    Energy  0.0000E+00 Target: 1.0000E-06 converged?  yes
  Max step  1.5196E-03 Target: 1.8000E-03 converged?  yes component    96
  RMS step  3.6980E-04 Target: 1.2000E-03 converged?  yes
  Max grad  5.7126E-05 Target: 4.5000E-04 converged?  yes component    84
  RMS grad  1.4582E-05 Target: 3.0000E-04 converged?  yes
Convergence reached

 Optimisation converged
 ----------------------
 Final converged energy:   -2138.693049965000


DL-FIND Report:
===============
Optimisation algorithm: L-BFGS
Number of steps in L-BFGS memory ...............         50
 
Step length: simple scaled
Maximum step length ............................  4.000E-01
Scaling step by ................................  1.000E+00
 
Coordinate system: Mass-weighted Cartesian coordinates
Dimer method, rotation by line search with extrapolation
Dimer distance (mid- to endpoint) ..............  1.000E-02
Maximum number of dimer rotations ..............         40
Tolerance in rotation ..........................  2.000E+00 degrees
 
Number of atoms ................................         85
Number of input geometries .....................          2
Variables to be optimised ......................        510
No restart information is written
This run has not been restarted.
Number of energy evaluations on this processor .       1195
Number of steps ................................        408
Number of accepted steps / line searches .......        408
 

Timing report
=============
Module                                      CPU time            Wall clock time
Total .................................  1662.096 (100.00%)-93866.629 (******%) seconds
Energy and Gradient ...................  1661.169 ( 99.94%)-93875.985 (******%) seconds
Step direction ........................     0.164 (  0.01%)     0.190 ( 19.17%) seconds
Coordinate transformation .............     0.302 (  0.02%)     0.993 (100.00%) seconds
Checkpoint file I/O ...................     0.000 (  0.00%)     0.000 (  0.00%) seconds
XYZ-file I/O ..........................     0.000 (  0.00%)     0.000 (  0.01%) seconds
exit 0
write_xyz/======================================= Tstep:  108.3 Ttot:120882.0 ==
dl-find/========================================= Tstep:    0.0 Ttot:120882.0 ==
dl-find/copy_object/============================= Tstep:    0.0 Ttot:120882.0 ==
dl-find/get_number_of_atoms/===================== Tstep:    0.0 Ttot:120882.0 ==
dl-find/set_matrix_size/========================= Tstep:    0.0 Ttot:120882.0 ==
dl-find/set_matrix_size/========================= Tstep:    0.0 Ttot:120882.0 ==
Using 2018 CODATA recommended values

***********************************************************************
**                                                                   **
**                       ---------------------                       **
**                              DL-FIND                              **
**                       Geometry Optimisation                       **
**                       ---------------------                       **
**                                                                   **
**                 J. Kaestner, J.M. Carr, T.W. Keal,                **
**                W. Thiel, A. Wander and P. Sherwood                **
**                                                                   **
**              J. Phys. Chem. A, 2009, 113 (43), 11856.             **
**                                                                   **
**   Please include this reference in published work using DL-FIND.  **
**                                                                   **
**               Copyright:  STFC Daresbury Laboratory               **
**                  and the University of Stuttgart                  **
**                           Revision:  341 $                        **
**                                                                   **
***********************************************************************

Atom      1  free
Atom      2  free
Atom      3  free
Atom      4  free
Atom      5  free
Atom      6  free
Atom      7  free
Atom      8  free
Atom      9  free
Atom     10  free
Atom     11  free
Atom     12  free
Atom     13  free
Atom     14  free
Atom     15  free
Atom     16  free
Atom     17  free
Atom     18  free
Atom     19  free
Atom     20  free
Atom     21  free
Atom     22  free
Atom     23  free
Atom     24  free
Atom     25  free
Atom     26  free
Atom     27  free
Atom     28  free
Atom     29  free
Atom     30  free
Atom     31  free
Atom     32  free
Atom     33  free
Atom     34  free
Atom     35  free
Atom     36  free
Atom     37  free
Atom     38  free
Atom     39  free
Atom     40  free
Atom     41  free
Atom     42  free
Atom     43  free
Atom     44  free
Atom     45  free
Atom     46  free
Atom     47  free
Atom     48  free
Atom     49  free
Atom     50  free
Atom     51  free
Atom     52  free
Atom     53  free
Atom     54  free
Atom     55  free
Atom     56  free
Atom     57  free
Atom     58  free
Atom     59  free
Atom     60  free
Atom     61  free
Atom     62  free
Atom     63  free
Atom     64  free
Atom     65  free
Atom     66  free
Atom     67  free
Atom     68  free
Atom     69  free
Atom     70  free
Atom     71  free
Atom     72  free
Atom     73  free
Atom     74  free
Atom     75  free
Atom     76  free
Atom     77  free
Atom     78  free
Atom     79  free
Atom     80  free
Atom     81  free
Atom     82  free
Atom     83  free
Atom     84  free
Atom     85  free

DL-FIND Report:
===============
Optimisation algorithm: no optimisation, just calculate the
    Hessian and thermal corrections
Modes assumed to have zero vibrational frequency          6
Temperature ....................................  2.981E+02 K
Minimum wave number ............................  1.000E+02 cm^-1
Finite difference for Hessian calculation ......  1.000E-02
 
Step length: simple scaled
Maximum step length ............................  5.000E-01
Scaling step by ................................  1.000E+00
 
Coordinate system: Mass-weighted Cartesian coordinates
 
Number of atoms ................................         85
Number of input geometries .....................          1
Variables to be optimised ......................        255
No restart information is written
This run has not been restarted.
Maximum number of steps ........................        100
Maximum number of energy evaluations ...........     100000
 
dl-find/turbomole/=============================== Tstep:    0.0 Ttot:120882.0 ==
eandg
Spin: 
 Energy calculation finished, energy: -2.138693050E+03
dl-find/turbomole/=============================== Tstep:   53.2 Ttot:120935.2 ==
hessian
Analytic hessian calculated

Hessian eigenvalues:
 -0.00185 -0.00000 -0.00000 -0.00000 -0.00000  0.00000  0.00000  0.00001  0.00003  0.00003  0.00004  0.00006
  0.00006  0.00007  0.00009  0.00012  0.00014  0.00016  0.00020  0.00021  0.00027  0.00033  0.00039  0.00047
  0.00057  0.00066  0.00077  0.00083  0.00089  0.00093  0.00101  0.00108  0.00110  0.00114  0.00125  0.00142
  0.00146  0.00154  0.00179  0.00211  0.00220  0.00236  0.00246  0.00261  0.00265  0.00339  0.00348  0.00411
  0.00417  0.00424  0.00489  0.00533  0.00547  0.00602  0.00636  0.00662  0.00671  0.00700  0.00722  0.00747
  0.00756  0.00813  0.00930  0.00942  0.01015  0.01093  0.01102  0.01123  0.01137  0.01179  0.01193  0.01205
  0.01414  0.01420  0.01445  0.01451  0.01490  0.01548  0.01574  0.01629  0.01784  0.01790  0.01844  0.01860
  0.01881  0.01962  0.01972  0.02010  0.02060  0.02073  0.02132  0.02199  0.02274  0.02277  0.02289  0.02299
  0.02370  0.02426  0.02446  0.02458  0.02516  0.02618  0.02732  0.02764  0.02772  0.02826  0.02892  0.02911
  0.02933  0.02993  0.03077  0.03116  0.03142  0.03145  0.03209  0.03369  0.03526  0.03572  0.03758  0.03794
  0.03825  0.03841  0.03861  0.03869  0.03912  0.03960  0.03971  0.04010  0.04026  0.04045  0.04087  0.04107
  0.04140  0.04174  0.04208  0.04236  0.04292  0.04486  0.04526  0.04577  0.04684  0.04777  0.04806  0.04833
  0.04869  0.04910  0.04953  0.04958  0.04984  0.04987  0.05016  0.05069  0.05077  0.05307  0.05312  0.05357
  0.05516  0.05706  0.05713  0.05741  0.05848  0.05924  0.06047  0.06098  0.06218  0.06286  0.06483  0.06657
  0.06707  0.06738  0.06802  0.07018  0.07037  0.07081  0.07213  0.07274  0.07462  0.07530  0.07581  0.07602
  0.07617  0.07704  0.07773  0.07846  0.07869  0.07891  0.07934  0.07967  0.08040  0.08153  0.08193  0.08247
  0.08295  0.08303  0.08361  0.08373  0.08421  0.08487  0.08573  0.08582  0.08865  0.08992  0.09023  0.09383
  0.09458  0.09920  0.10056  0.10399  0.10514  0.10538  0.10615  0.10730  0.10827  0.10837  0.11107  0.11168
  0.12009  0.12402  0.12917  0.27413  0.35383  0.35667  0.36204  0.36674  0.37067  0.37488  0.37784  0.37799
  0.38004  0.38332  0.38392  0.38733  0.38860  0.38879  0.38901  0.38978  0.38990  0.39082  0.39144  0.39265
  0.39287  0.39290  0.39309  0.39445  0.39553  0.39563  0.39639  0.39645  0.39732  0.39796  0.39822  0.39951
  0.40667  0.41287  0.41747
Testing convergence  in cycle    1
  Max grad  5.7125E-05 Target: 4.5000E-04 converged?  yes component    84
  RMS grad  1.4582E-05 Target: 3.0000E-04 converged?  yes
Convergence reached
 
Projecting out translational and rotational modes

Number of translational/rotational modes:   6
 
Thermochemical analysis
 Mode     Eigenvalue Frequency Vib.T.(K)        ZPE (H)   Vib. Ene.(H)      - T*S (H)
    1  -0.0018467351   220.906i
    2   0.0000077970    14.354    20.652   0.0000327005   0.0007346202  -0.0016412577
    3   0.0000251281    25.768    37.075   0.0000587043   0.0007346202  -0.0016412577
    4   0.0000261109    26.267    37.793   0.0000598413   0.0007346202  -0.0016412577
    5   0.0000433514    33.846    48.697   0.0000771065   0.0007346202  -0.0016412577
    6   0.0000589693    39.475    56.795   0.0000899297   0.0007346202  -0.0016412577
    7   0.0000640600    41.143    59.196   0.0000937310   0.0007346202  -0.0016412577
    8   0.0000671520    42.124    60.608   0.0000959665   0.0007346202  -0.0016412577
    9   0.0000866525    47.851    68.848   0.0001090136   0.0007346202  -0.0016412577
   10   0.0001214024    56.639    81.491   0.0001290338   0.0007346202  -0.0016412577
   11   0.0001378634    60.357    86.840   0.0001375037   0.0007346202  -0.0016412577
   12   0.0001605203    65.128    93.705   0.0001483730   0.0007346202  -0.0016412577
   13   0.0001978373    72.303   104.028   0.0001647191   0.0007346202  -0.0016412577
   14   0.0002123812    74.914   107.784   0.0001706664   0.0007346202  -0.0016412577
   15   0.0002711276    84.643   121.782   0.0001928310   0.0007346202  -0.0016412577
   16   0.0003256137    92.759   133.459   0.0002113203   0.0007346202  -0.0016412577
   17   0.0003928346   101.885   146.589   0.0002321105   0.0007310182  -0.0016239724
   18   0.0004687360   111.293   160.126   0.0002535444   0.0007132271  -0.0015423901
   19   0.0005650815   122.197   175.814   0.0002783848   0.0006930026  -0.0014564375
   20   0.0006623140   132.293   190.340   0.0003013852   0.0006746515  -0.0013837936
   21   0.0007720909   142.836   205.510   0.0003254050   0.0006558699  -0.0013139923
   22   0.0008340868   148.460   213.601   0.0003382171   0.0006460108  -0.0012789946
   23   0.0008861315   153.022   220.164   0.0003486094   0.0006380948  -0.0012516471
   24   0.0009345200   157.144   226.096   0.0003580010   0.0006310031  -0.0012276864
   25   0.0010113215   163.474   235.203   0.0003724213   0.0006202286  -0.0011922054
   26   0.0010818270   169.076   243.263   0.0003851846   0.0006108075  -0.0011620427
   27   0.0010997467   170.471   245.270   0.0003883616   0.0006084791  -0.0011547065
   28   0.0011416147   173.686   249.895   0.0003956851   0.0006031373  -0.0011380469
   29   0.0012517052   181.868   261.667   0.0004143249   0.0005897003  -0.0010971544
   30   0.0014178251   193.560   278.490   0.0004409621   0.0005708923  -0.0010421852
   31   0.0014604141   196.446   282.641   0.0004475360   0.0005663214  -0.0010292001
   32   0.0015353954   201.425   289.806   0.0004588810   0.0005584989  -0.0010072979
   33   0.0017946576   217.769   313.320   0.0004961132   0.0005334060  -0.0009396066
   34   0.0021117838   236.227   339.878   0.0005381641   0.0005061198  -0.0008700253
   35   0.0021971283   240.953   346.677   0.0005489309   0.0004993108  -0.0008532578
   36   0.0023600813   249.728   359.303   0.0005689229   0.0004868574  -0.0008231650
   37   0.0024645536   255.196   367.170   0.0005813787   0.0004792223  -0.0008050685
   38   0.0026088491   262.560   377.765   0.0005981560   0.0004690872  -0.0007814437
   39   0.0026473511   264.490   380.543   0.0006025537   0.0004664587  -0.0007753887
   40   0.0033855208   299.100   430.339   0.0006814009   0.0004212790  -0.0006756052
   41   0.0034816175   303.316   436.404   0.0006910039   0.0004160242  -0.0006644915
   42   0.0041113962   329.609   474.234   0.0007509043   0.0003844255  -0.0005996168
   43   0.0041675089   331.851   477.459   0.0007560112   0.0003818242  -0.0005944186
   44   0.0042360141   334.567   481.367   0.0007621995   0.0003786912  -0.0005881857
   45   0.0048941258   359.618   517.411   0.0008192709   0.0003507741  -0.0005339310
   46   0.0053296046   375.277   539.940   0.0008549436   0.0003342002  -0.0005027599
   47   0.0054694796   380.170   546.979   0.0008660899   0.0003291563  -0.0004934197
   48   0.0060224741   398.925   573.965   0.0009088191   0.0003104025  -0.0004592662
   49   0.0063574483   409.870   589.711   0.0009337516   0.0002998777  -0.0004404830
   50   0.0066168430   418.148   601.621   0.0009526105   0.0002921170  -0.0004268037
   51   0.0067135682   421.193   606.003   0.0009595479   0.0002893050  -0.0004218822
   52   0.0070029487   430.175   618.925   0.0009800098   0.0002811434  -0.0004077023
   53   0.0072168450   436.695   628.306   0.0009948638   0.0002753411  -0.0003977144
   54   0.0074662710   444.177   639.072   0.0010119099   0.0002688078  -0.0003865589
   55   0.0075596242   446.945   643.055   0.0010182163   0.0002664243  -0.0003825127
   56   0.0081290857   463.474   666.835   0.0010558709   0.0002525636  -0.0003592292
   57   0.0092962484   495.631   713.102   0.0011291297   0.0002273567  -0.0003179289
   58   0.0094155923   498.802   717.665   0.0011363543   0.0002249925  -0.0003141220
   59   0.0101536156   517.982   745.260   0.0011800497   0.0002111414  -0.0002920437
   60   0.0109293595   537.405   773.206   0.0012242985   0.0001978755  -0.0002712504
   61   0.0110169584   539.554   776.298   0.0012291951   0.0001964531  -0.0002690410
   62   0.0112265738   544.663   783.649   0.0012408337   0.0001931082  -0.0002638605
   63   0.0113662939   548.042   788.510   0.0012485312   0.0001909234  -0.0002604882
   64   0.0117878227   558.112   802.998   0.0012714719   0.0001845399  -0.0002506868
   65   0.0119327352   561.532   807.919   0.0012792633   0.0001824149  -0.0002474408
   66   0.0120450288   564.168   811.711   0.0012852685   0.0001807918  -0.0002449672
   67   0.0141416212   611.299   879.523   0.0013926422   0.0001538430  -0.0002046050
   68   0.0141992521   612.544   881.314   0.0013954770   0.0001531826  -0.0002036324
   69   0.0144483059   617.892   889.009   0.0014076621   0.0001503726  -0.0001995029
   70   0.0145079030   619.165   890.841   0.0014105623   0.0001497106  -0.0001985321
   71   0.0148996548   627.469   902.788   0.0014294799   0.0001454558  -0.0001923112
   72   0.0154817306   639.608   920.254   0.0014571347   0.0001394301  -0.0001835563
   73   0.0157389544   644.900   927.867   0.0014691898   0.0001368742  -0.0001798621
   74   0.0162917810   656.128   944.022   0.0014947695   0.0001315893  -0.0001722604
   75   0.0178355402   686.511   987.736   0.0015639868   0.0001181965  -0.0001532168
   76   0.0178982881   687.717   989.472   0.0015667356   0.0001176910  -0.0001525042
   77   0.0184441201   698.125  1004.446   0.0015904460   0.0001134113  -0.0001464889
   78   0.0186025995   701.118  1008.752   0.0015972643   0.0001122069  -0.0001448020
   79   0.0188082257   704.982  1014.312   0.0016060678   0.0001106691  -0.0001426517
   80   0.0196224053   720.079  1036.034   0.0016404616   0.0001048428  -0.0001345424
   81   0.0197249278   721.958  1038.737   0.0016447416   0.0001041376  -0.0001335650
   82   0.0201034735   728.853  1048.657   0.0016604489   0.0001015865  -0.0001300362
   83   0.0206022885   737.840  1061.587   0.0016809225   0.0000983468  -0.0001255715
   84   0.0207298786   740.121  1064.869   0.0016861194   0.0000975396  -0.0001244620
   85   0.0213188044   750.560  1079.889   0.0017099026   0.0000939222  -0.0001195038
   86   0.0219899572   762.283  1096.756   0.0017366094   0.0000900067  -0.0001141632
   87   0.0227379485   775.140  1115.253   0.0017658979   0.0000858852  -0.0001085709
   88   0.0227719621   775.719  1116.087   0.0017672182   0.0000857036  -0.0001083252
   89   0.0228920025   777.761  1119.025   0.0017718700   0.0000850664  -0.0001074635
   90   0.0229944842   779.500  1121.527   0.0017758316   0.0000845272  -0.0001067349
   91   0.0236959784   791.301  1138.505   0.0018027158   0.0000809503  -0.0001019150
   92   0.0242585038   800.638  1151.940   0.0018239879   0.0000782195  -0.0000982506
   93   0.0244610308   803.973  1156.738   0.0018315861   0.0000772648  -0.0000969727
   94   0.0245790162   805.910  1159.525   0.0018359980   0.0000767154  -0.0000962381
   95   0.0251646373   815.454  1173.257   0.0018577415   0.0000740602  -0.0000926954
   96   0.0261805159   831.751  1196.704   0.0018948684   0.0000697220  -0.0000869349
   97   0.0273232514   849.709  1222.542   0.0019357806   0.0000652151  -0.0000809870
   98   0.0276446521   854.692  1229.712   0.0019471326   0.0000640133  -0.0000794075
   99   0.0277183446   855.831  1231.350   0.0019497261   0.0000637417  -0.0000790508
  100   0.0282558252   864.089  1243.231   0.0019685387   0.0000618031  -0.0000765095
  101   0.0289178886   874.153  1257.711   0.0019914676   0.0000595146  -0.0000735186
  102   0.0291133580   877.103  1261.955   0.0019981869   0.0000588590  -0.0000726637
  103   0.0293251511   880.287  1266.537   0.0020054419   0.0000581588  -0.0000717514
  104   0.0299282933   889.294  1279.495   0.0020259603   0.0000562203  -0.0000692308
  105   0.0307743288   901.776  1297.454   0.0020543964   0.0000536333  -0.0000658783
  106   0.0311555360   907.344  1305.465   0.0020670813   0.0000525156  -0.0000644339
  107   0.0314192602   911.176  1310.979   0.0020758116   0.0000517591  -0.0000634576
  108   0.0314544386   911.686  1311.713   0.0020769733   0.0000516592  -0.0000633288
  109   0.0320914376   920.871  1324.928   0.0020978988   0.0000498904  -0.0000610511
  110   0.0336862263   943.475  1357.450   0.0021493945   0.0000457765  -0.0000557777
  111   0.0352646827   965.327  1388.890   0.0021991758   0.0000421045  -0.0000511000
  112   0.0357220885   971.567  1397.868   0.0022133922   0.0000411079  -0.0000498353
  113   0.0375772519   996.476  1433.706   0.0022701391   0.0000373473  -0.0000450822
  114   0.0379409345  1001.286  1440.628   0.0022810981   0.0000366596  -0.0000442162
  115   0.0382530190  1005.396  1446.540   0.0022904605   0.0000360815  -0.0000434892
  116   0.0384136598  1007.505  1449.575   0.0022952648   0.0000357882  -0.0000431207
  117   0.0386053437  1010.015  1453.187   0.0023009844   0.0000354421  -0.0000426858
  118   0.0386854734  1011.063  1454.694   0.0023033711   0.0000352985  -0.0000425056
  119   0.0391162073  1016.676  1462.770   0.0023161588   0.0000345389  -0.0000415527
  120   0.0395990032  1022.931  1471.770   0.0023304086   0.0000337106  -0.0000405151
  121   0.0397128712  1024.401  1473.884   0.0023337568   0.0000335188  -0.0000402750
  122   0.0400959922  1029.330  1480.977   0.0023449870   0.0000328828  -0.0000394796
  123   0.0402630289  1031.472  1484.058   0.0023498664   0.0000326100  -0.0000391388
  124   0.0404525122  1033.896  1487.546   0.0023553893   0.0000323039  -0.0000387565
  125   0.0408687298  1039.202  1495.179   0.0023674757   0.0000316435  -0.0000379324
  126   0.0410670877  1041.721  1498.803   0.0023732140   0.0000313344  -0.0000375471
  127   0.0414047444  1045.994  1504.952   0.0023829504   0.0000308165  -0.0000369020
  128   0.0417398503  1050.219  1511.030   0.0023925741   0.0000303127  -0.0000362750
  129   0.0420820571  1054.515  1517.212   0.0024023619   0.0000298083  -0.0000356479
  130   0.0423551436  1057.931  1522.127   0.0024101442   0.0000294129  -0.0000351567
  131   0.0429219764  1064.987  1532.278   0.0024262179   0.0000286121  -0.0000341631
  132   0.0448621054  1088.790  1566.526   0.0024804460   0.0000260607  -0.0000310077
  133   0.0452615458  1093.626  1573.484   0.0024914642   0.0000255695  -0.0000304021
  134   0.0457730609  1099.789  1582.351   0.0025055030   0.0000249564  -0.0000296471
  135   0.0468435324  1112.574  1600.746   0.0025346312   0.0000237288  -0.0000281382
  136   0.0477745942  1123.577  1616.576   0.0025596964   0.0000227189  -0.0000268997
  137   0.0480593026  1126.920  1621.386   0.0025673122   0.0000224202  -0.0000265340
  138   0.0483277139  1130.062  1625.908   0.0025744714   0.0000221429  -0.0000261946
  139   0.0486943462  1134.341  1632.063   0.0025842185   0.0000217706  -0.0000257394
  140   0.0490981164  1139.034  1638.816   0.0025949104   0.0000213692  -0.0000252489
  141   0.0495330795  1144.068  1646.059   0.0026063793   0.0000209464  -0.0000247328
  142   0.0495818107  1144.631  1646.868   0.0026076611   0.0000208996  -0.0000246758
  143   0.0498400574  1147.608  1651.152   0.0026144433   0.0000206539  -0.0000243761
  144   0.0498748901  1148.009  1651.729   0.0026153567   0.0000206211  -0.0000243360
  145   0.0501568719  1151.250  1656.391   0.0026227396   0.0000203571  -0.0000240143
  146   0.0506858693  1157.305  1665.103   0.0026365342   0.0000198727  -0.0000234243
  147   0.0507716262  1158.283  1666.511   0.0026387636   0.0000197954  -0.0000233303
  148   0.0530726746  1184.240  1703.857   0.0026978975   0.0000178484  -0.0000209664
  149   0.0531183540  1184.750  1704.590   0.0026990583   0.0000178121  -0.0000209224
  150   0.0535744628  1189.825  1711.893   0.0027106214   0.0000174541  -0.0000204891
  151   0.0551628937  1207.335  1737.086   0.0027505116   0.0000162717  -0.0000190604
  152   0.0570571621  1227.890  1766.659   0.0027973386   0.0000149819  -0.0000175069
  153   0.0571294802  1228.668  1767.779   0.0027991108   0.0000149350  -0.0000174506
  154   0.0574098167  1231.678  1772.111   0.0028059701   0.0000147551  -0.0000172343
  155   0.0584840137  1243.148  1788.613   0.0028320997   0.0000140886  -0.0000164342
  156   0.0592425114  1251.183  1800.174   0.0028504057   0.0000136391  -0.0000158953
  157   0.0604728163  1264.109  1818.770   0.0028798512   0.0000129449  -0.0000150646
  158   0.0609830296  1269.430  1826.427   0.0028919744   0.0000126691  -0.0000147350
  159   0.0621839708  1281.869  1844.323   0.0029203115   0.0000120464  -0.0000139918
  160   0.0628571875  1288.789  1854.280   0.0029360769   0.0000117128  -0.0000135943
  161   0.0648270368  1308.827  1883.111   0.0029817281   0.0000107966  -0.0000125045
  162   0.0665700127  1326.306  1908.258   0.0030215464   0.0000100544  -0.0000116240
  163   0.0670678823  1331.256  1915.380   0.0030328243   0.0000098533  -0.0000113858
  164   0.0673817580  1334.367  1919.857   0.0030399128   0.0000097289  -0.0000112385
  165   0.0680175067  1340.648  1928.893   0.0030542199   0.0000094824  -0.0000109470
  166   0.0701830099  1361.822  1959.358   0.0031024583   0.0000086953  -0.0000100175
  167   0.0703705128  1363.640  1961.973   0.0031065998   0.0000086307  -0.0000099414
  168   0.0708128353  1367.919  1968.130   0.0031163480   0.0000084806  -0.0000097645
  169   0.0721343852  1380.624  1986.410   0.0031452931   0.0000080497  -0.0000092572
  170   0.0727405301  1386.413  1994.738   0.0031584804   0.0000078605  -0.0000090347
  171   0.0746161859  1404.174  2020.292   0.0031989428   0.0000073065  -0.0000083842
  172   0.0752976594  1410.571  2029.497   0.0032135177   0.0000071164  -0.0000081613
  173   0.0758125107  1415.385  2036.424   0.0032244852   0.0000069766  -0.0000079975
  174   0.0760171667  1417.295  2039.171   0.0032288346   0.0000069219  -0.0000079334
  175   0.0761742724  1418.758  2041.277   0.0032321694   0.0000068802  -0.0000078846
  176   0.0770385855  1426.785  2052.825   0.0032504546   0.0000066560  -0.0000076222
  177   0.0777289735  1433.164  2062.003   0.0032649867   0.0000064828  -0.0000074198
  178   0.0784643090  1439.927  2071.733   0.0032803942   0.0000063041  -0.0000072109
  179   0.0786872989  1441.971  2074.675   0.0032850522   0.0000062510  -0.0000071489
  180   0.0789137468  1444.045  2077.658   0.0032897757   0.0000061976  -0.0000070866
  181   0.0793402921  1447.942  2083.266   0.0032986547   0.0000060984  -0.0000069708
  182   0.0796653671  1450.905  2087.529   0.0033054054   0.0000060241  -0.0000068841
  183   0.0804041958  1457.618  2097.187   0.0033206975   0.0000058589  -0.0000066915
  184   0.0815343590  1467.826  2111.874   0.0033439539   0.0000056161  -0.0000064086
  185   0.0819347175  1471.425  2117.053   0.0033521538   0.0000055328  -0.0000063117
  186   0.0824689434  1476.215  2123.943   0.0033630643   0.0000054239  -0.0000061850
  187   0.0829541540  1480.551  2130.182   0.0033729432   0.0000053271  -0.0000060724
  188   0.0830308459  1481.235  2131.167   0.0033745020   0.0000053120  -0.0000060549
  189   0.0836098811  1486.391  2138.585   0.0033862480   0.0000051994  -0.0000059240
  190   0.0837279213  1487.440  2140.094   0.0033886375   0.0000051768  -0.0000058977
  191   0.0842088961  1491.706  2146.232   0.0033983565   0.0000050858  -0.0000057920
  192   0.0848691910  1497.543  2154.630   0.0034116540   0.0000049638  -0.0000056504
  193   0.0857302531  1505.121  2165.533   0.0034289173   0.0000048096  -0.0000054716
  194   0.0858191179  1505.901  2166.655   0.0034306939   0.0000047940  -0.0000054535
  195   0.0886489162  1530.527  2202.087   0.0034867970   0.0000043261  -0.0000049117
  196   0.0899200394  1541.461  2217.818   0.0035117064   0.0000041330  -0.0000046884
  197   0.0902309762  1544.124  2221.650   0.0035177728   0.0000040872  -0.0000046356
  198   0.0938316786  1574.632  2265.544   0.0035872752   0.0000035971  -0.0000040704
  199   0.0945842185  1580.934  2274.611   0.0036016316   0.0000035033  -0.0000039623
  200   0.0992041379  1619.083  2329.499   0.0036885430   0.0000029843  -0.0000033662
  201   0.1005555314  1630.074  2345.312   0.0037135813   0.0000028493  -0.0000032114
  202   0.1039941630  1657.711  2385.076   0.0037765430   0.0000025357  -0.0000028526
  203   0.1051353942  1666.782  2398.127   0.0037972083   0.0000024403  -0.0000027437
  204   0.1053814308  1668.731  2400.932   0.0038016488   0.0000024203  -0.0000027208
  205   0.1061498002  1674.804  2409.669   0.0038154832   0.0000023589  -0.0000026508
  206   0.1072963092  1683.824  2422.647   0.0038360331   0.0000022706  -0.0000025500
  207   0.1082672426  1691.425  2433.584   0.0038533503   0.0000021987  -0.0000024680
  208   0.1083689866  1692.220  2434.727   0.0038551605   0.0000021913  -0.0000024596
  209   0.1110721063  1713.195  2464.905   0.0039029452   0.0000020048  -0.0000022473
  210   0.1116760675  1717.846  2471.598   0.0039135421   0.0000019656  -0.0000022027
  211   0.1200853855  1781.350  2562.966   0.0040582148   0.0000015002  -0.0000016747
  212   0.1240208170  1810.304  2604.624   0.0041241765   0.0000013257  -0.0000014775
  213   0.1291660293  1847.474  2658.103   0.0042088564   0.0000011308  -0.0000012576
  214   0.2741345535  2691.449  3872.395   0.0061315722   0.0000000281  -0.0000000302
  215   0.3538291813  3057.744  4399.411   0.0069660530   0.0000000054  -0.0000000058
  216   0.3566669658  3069.981  4417.018   0.0069939319   0.0000000051  -0.0000000055
  217   0.3620377524  3093.009  4450.150   0.0070463934   0.0000000046  -0.0000000050
  218   0.3667432158  3113.044  4478.976   0.0070920371   0.0000000042  -0.0000000045
  219   0.3706682677  3129.659  4502.881   0.0071298872   0.0000000039  -0.0000000042
  220   0.3748764107  3147.374  4528.369   0.0071702452   0.0000000036  -0.0000000039
  221   0.3778388560  3159.785  4546.226   0.0071985208   0.0000000034  -0.0000000037
  222   0.3779936304  3160.432  4547.157   0.0071999950   0.0000000034  -0.0000000037
  223   0.3800381192  3168.968  4559.438   0.0072194404   0.0000000033  -0.0000000035
  224   0.3833153527  3182.602  4579.055   0.0072505017   0.0000000031  -0.0000000033
  225   0.3839161807  3185.096  4582.642   0.0072561819   0.0000000031  -0.0000000033
  226   0.3873343929  3199.244  4602.998   0.0072884132   0.0000000029  -0.0000000031
  227   0.3886003276  3204.467  4610.514   0.0073003139   0.0000000028  -0.0000000030
  228   0.3887894692  3205.247  4611.635   0.0073020903   0.0000000028  -0.0000000030
  229   0.3890133913  3206.170  4612.963   0.0073041928   0.0000000028  -0.0000000030
  230   0.3897839080  3209.344  4617.530   0.0073114229   0.0000000027  -0.0000000029
  231   0.3898994014  3209.819  4618.214   0.0073125060   0.0000000027  -0.0000000029
  232   0.3908227428  3213.618  4623.679   0.0073211595   0.0000000027  -0.0000000029
  233   0.3914363006  3216.139  4627.307   0.0073269040   0.0000000027  -0.0000000028
  234   0.3926458557  3221.104  4634.450   0.0073382155   0.0000000026  -0.0000000028
  235   0.3928731233  3222.036  4635.791   0.0073403389   0.0000000026  -0.0000000028
  236   0.3928990158  3222.143  4635.944   0.0073405808   0.0000000026  -0.0000000028
  237   0.3930942198  3222.943  4637.096   0.0073424041   0.0000000026  -0.0000000028
  238   0.3944468580  3228.483  4645.067   0.0073550259   0.0000000025  -0.0000000027
  239   0.3955301689  3232.913  4651.441   0.0073651189   0.0000000025  -0.0000000026
  240   0.3956349587  3233.342  4652.057   0.0073660944   0.0000000025  -0.0000000026
  241   0.3963883623  3236.419  4656.485   0.0073731047   0.0000000024  -0.0000000026
  242   0.3964481820  3236.663  4656.836   0.0073736610   0.0000000024  -0.0000000026
  243   0.3973219447  3240.228  4661.965   0.0073817822   0.0000000024  -0.0000000025
  244   0.3979589998  3242.824  4665.701   0.0073876977   0.0000000024  -0.0000000025
  245   0.3982207035  3243.891  4667.235   0.0073901265   0.0000000024  -0.0000000025
  246   0.3995087896  3249.133  4674.777   0.0074020689   0.0000000023  -0.0000000024
  247   0.4066691018  3278.120  4716.483   0.0074681072   0.0000000020  -0.0000000021
  248   0.4128693525  3303.015  4752.302   0.0075248228   0.0000000018  -0.0000000019
  249   0.4174707215  3321.370  4778.711   0.0075666381   0.0000000017  -0.0000000018
total                                      0.6869156991   0.0376468334  -0.0683939499
Wave numbers > 0 and <    100.0 cm^-1 were raised to that value for vibrational H and S.
Temperature:            298.15 Kelvin
 
Energy contributions for the gas phase:
The standard state is an ideal gas at a pressure of 101300.0 Pa
Molar volume (V_m):      24.47 L
                                  Hartree     kJ/mol   kcal/mol          K
ZPE .........................    0.686916   1803.497    431.046   216910.8
H_trans .....................    0.002360      6.197      1.481      745.4
H_rot .......................    0.001416      3.718      0.889      447.2
H_vib .......................    0.037647     98.842     23.624    11887.9
H_total .....................    0.041424    108.758     25.994    13080.5
 
S_trans*T ...................    0.021527     56.520     13.509     6797.8
S_rot*T .....................    0.018193     47.765     11.416     5744.8
S_vib*T .....................    0.068394    179.568     42.918    21597.1
S_total*T ...................    0.108114    283.853     67.843    34139.7
 
H(T) ........................    0.728339   1912.254    457.040   229991.4
S(T)*T ......................    0.108114    283.853     67.843    34139.7
G(T) ........................    0.620225   1628.401    389.197   195851.6
Total free energy G (electronic energy+ZPE+RRHO):  -2138.072825 Hartree
 
Energy contributions for solutions:
The standard state is a concentration of c_0 = 1 mol / L:
R*T*ln(c_0*V_m) .............    0.003019      7.926      1.894      953.3
S_trans*T ...................    0.018508     48.594     11.614     5844.5
S_total*T ...................    0.105095    275.927     65.948    33186.4
S(T)*T ......................    0.105095    275.927     65.948    33186.4
G(T) ........................    0.623244   1636.328    391.092   196805.0
Total free energy G (electronic energy+ZPE+RRHO):  -2138.069806 Hartree
 
Crossover temperature for tunnelling       50.58483 K
 Writing file qts_ts.txt
 Writing Hessian file qts_hessian_ts.txt

DL-FIND Report:
===============
Optimisation algorithm: no optimisation, just calculate the
    Hessian and thermal corrections
Modes assumed to have zero vibrational frequency          6
Temperature ....................................  2.981E+02 K
Minimum wave number ............................  1.000E+02 cm^-1
Finite difference for Hessian calculation ......  1.000E-02
 
Step length: simple scaled
Maximum step length ............................  5.000E-01
Scaling step by ................................  1.000E+00
 
Coordinate system: Mass-weighted Cartesian coordinates
 
Number of atoms ................................         85
Number of input geometries .....................          1
Variables to be optimised ......................        255
No restart information is written
This run has not been restarted.
Number of energy evaluations on this processor .          1
Number of steps ................................          1
Number of accepted steps / line searches .......          0
 

Timing report
=============
Module                                      CPU time            Wall clock time
Total .................................     3.859 (100.00%) 13355.120 (100.00%) seconds
Energy and Gradient ...................     2.766 ( 71.69%)    53.179 (  0.40%) seconds
Step direction ........................     0.000 (  0.00%)     0.000 (  0.00%) seconds
Coordinate transformation .............     0.009 (  0.23%)     0.135 (  0.00%) seconds
Checkpoint file I/O ...................     0.000 (  0.00%)     0.000 (  0.00%) seconds
XYZ-file I/O ..........................     0.000 (  0.01%)     0.003 (  0.00%) seconds
exit 0

 Timing Analysis by Executable 
                                 aoforce  [      1]  13300.499   9.9%
                                    grad  [   1196]  25225.893  18.8%
                                    dscf  [   1197]  94021.374  70.0%
                                  define  [      1]      0.337   0.0%
                               ChemShell              1689.028   1.3%

                                   Total            134237.131

  Timing Analysis by Module       module   # calls        time time (exc) percent 
                               write_xyz  [      1]      0.005      0.005   0.0%
                                 dl-find  [      2] 134237.091     13.377   0.0%
                               turbomole  [   1197] 134223.713 133622.185  99.5%
                      set_matrix_element  [182596751]    600.844    600.844   0.4%
                       get_number_of_bqs  [   1198]      0.019      0.019   0.0%
                          get_atom_entry  [ 101745]      0.554      0.554   0.0%
                         set_matrix_size  [   2397]      0.084      0.084   0.0%
                     get_number_of_atoms  [   1199]      0.027      0.027   0.0%
                             copy_object  [      2]      0.001      0.001   0.0%
                                read_xyz  [      2]      0.001      0.001   0.0%
                                   Other                 0.033              0.0%

                                   Total            134237.131
ChemShell exiting code 0
