Initialising ChemShell DEVELOPMENT VERSION 3.7_2023_DLF_GPR.dev on linux
read_xyz/======================================== Tstep:    0.0 Ttot:    0.0 ==
read_xyz/======================================== Tstep:    0.0 Ttot:    0.0 ==
dl-find/========================================= Tstep:    0.0 Ttot:    0.0 ==
dl-find/copy_object/============================= Tstep:    0.0 Ttot:    0.0 ==
dl-find/get_number_of_atoms/===================== Tstep:    0.0 Ttot:    0.0 ==
dl-find/set_matrix_size/========================= Tstep:    0.0 Ttot:    0.0 ==
dl-find/set_matrix_size/========================= Tstep:    0.0 Ttot:    0.0 ==
Using 2018 CODATA recommended values

***********************************************************************
**                                                                   **
**                       ---------------------                       **
**                              DL-FIND                              **
**                       Geometry Optimisation                       **
**                       ---------------------                       **
**                                                                   **
**                 J. Kaestner, J.M. Carr, T.W. Keal,                **
**                W. Thiel, A. Wander and P. Sherwood                **
**                                                                   **
**              J. Phys. Chem. A, 2009, 113 (43), 11856.             **
**                                                                   **
**   Please include this reference in published work using DL-FIND.  **
**                                                                   **
**               Copyright:  STFC Daresbury Laboratory               **
**                  and the University of Stuttgart                  **
**                           Revision:  341 $                        **
**                                                                   **
***********************************************************************


DL-FIND Report:
===============
Optimisation algorithm: L-BFGS
Number of steps in L-BFGS memory ...............         50
 
Step length: simple scaled
Maximum step length ............................  4.000E-01
Scaling step by ................................  1.000E+00
 
Coordinate system: Mass-weighted Cartesian coordinates
Dimer method, rotation by line search with extrapolation
Dimer distance (mid- to endpoint) ..............  1.000E-02
Maximum number of dimer rotations ..............         40
Tolerance in rotation ..........................  2.000E+00 degrees
 
Number of atoms ................................         85
Number of input geometries .....................          2
Variables to be optimised ......................        510
No restart information is written
This run has not been restarted.
Maximum number of steps ........................      10000
Maximum number of energy evaluations ...........  100000000
 
dl-find/turbomole/=============================== Tstep:    0.3 Ttot:    0.4 ==
eandg
Size of integral file returned by statistics run:  12201
Spin: 
 Energy calculation finished, energy: -2.138693746E+03
Testing convergence of dimer midpoint in cycle    1
  Max grad  1.2130E-03 Target: 4.5000E-04 converged?   no component   232
  RMS grad  1.5905E-04 Target: 3.0000E-04 converged?  yes
Next calculation will be the dimer endpoint before rotation
dl-find/turbomole/=============================== Tstep:  225.2 Ttot:  225.6 ==
eandg
Spin: 
 Energy calculation finished, energy: -2.138693748E+03
Curvature at dimer midpoint                   -0.00307
Predicted dimer rotation angle:      1.102 deg
Dimer rotation converged after    0 steps
Writing TS-mode
Curvature after dimer rotation:               -0.00307
Frequency of transition mode  -284.840 cm^-1 (negative value denotes imaginary frequency)
Crossover temperature for tunnelling       65.22510 K
Restarting L-BFGS optimiser, instance: dimer rotation
Next calculation will be the dimer  midpoint
dl-find/turbomole/=============================== Tstep:  102.3 Ttot:  327.9 ==
eandg
Spin: 
 Energy calculation finished, energy: -2.138693773E+03
Testing convergence of dimer midpoint in cycle    2
    Energy  2.6794E-05 Target: 1.0000E-06 converged?   no
  Max step  8.2013E-03 Target: 1.8000E-03 converged?   no component   232
  RMS step  1.2524E-03 Target: 1.2000E-03 converged?   no
  Max grad  8.2742E-04 Target: 4.5000E-04 converged?   no component    61
  RMS grad  1.7458E-04 Target: 3.0000E-04 converged?  yes
Next calculation will be the dimer endpoint before rotation
dl-find/turbomole/=============================== Tstep:  118.7 Ttot:  446.6 ==
eandg
Spin: 
 Energy calculation finished, energy: -2.138693774E+03
Curvature at dimer midpoint                   -0.00307
Predicted dimer rotation angle:      1.708 deg
Dimer rotation converged after    0 steps
Writing TS-mode
Curvature after dimer rotation:               -0.00307
Frequency of transition mode  -284.786 cm^-1 (negative value denotes imaginary frequency)
Crossover temperature for tunnelling       65.21266 K
Restarting L-BFGS optimiser, instance: dimer rotation
Next calculation will be the dimer  midpoint
dl-find/turbomole/=============================== Tstep:  105.1 Ttot:  551.6 ==
eandg
Spin: 
 Energy calculation finished, energy: -2.138693799E+03
Testing convergence of dimer midpoint in cycle    3
    Energy  2.5985E-05 Target: 1.0000E-06 converged?   no
  Max step  1.0283E-02 Target: 1.8000E-03 converged?   no component   232
  RMS step  1.5764E-03 Target: 1.2000E-03 converged?   no
  Max grad  5.9303E-04 Target: 4.5000E-04 converged?   no component    61
  RMS grad  1.3087E-04 Target: 3.0000E-04 converged?  yes
Next calculation will be the dimer endpoint before rotation
dl-find/turbomole/=============================== Tstep:  111.5 Ttot:  663.1 ==
eandg
Spin: 
 Energy calculation finished, energy: -2.138693812E+03
Curvature at dimer midpoint                   -0.00296
Predicted dimer rotation angle:     12.869 deg
Next calculation will be the dimer endpoint after rotation
dl-find/turbomole/=============================== Tstep:  102.8 Ttot:  765.9 ==
eandg
Spin: 
 Energy calculation finished, energy: -2.138693814E+03
Curvature at dimer midpoint after rotation     0.00168
Curvature at dimer minimum                    -0.00298
Actual dimer rotation angle:         0.770 deg
Dimer rotation converged after    1 steps
Writing TS-mode
Curvature after dimer rotation:               -0.00298
Frequency of transition mode  -280.585 cm^-1 (negative value denotes imaginary frequency)
Crossover temperature for tunnelling       64.25072 K
Restarting L-BFGS optimiser, instance: dimer rotation
Next calculation will be the dimer  midpoint
dl-find/turbomole/=============================== Tstep:   89.4 Ttot:  855.3 ==
eandg
Spin: 
 Energy calculation finished, energy: -2.138693841E+03
Testing convergence of dimer midpoint in cycle    4
    Energy  4.2448E-05 Target: 1.0000E-06 converged?   no
  Max step  2.2444E-02 Target: 1.8000E-03 converged?   no component    18
  RMS step  3.2412E-03 Target: 1.2000E-03 converged?   no
  Max grad  7.1056E-04 Target: 4.5000E-04 converged?   no component    83
  RMS grad  1.2235E-04 Target: 3.0000E-04 converged?  yes
Next calculation will be the dimer endpoint before rotation
dl-find/turbomole/=============================== Tstep:  112.2 Ttot:  967.4 ==
eandg
Spin: 
 Energy calculation finished, energy: -2.138693843E+03
Curvature at dimer midpoint                   -0.00303
Predicted dimer rotation angle:     13.423 deg
Next calculation will be the dimer endpoint after rotation
dl-find/turbomole/=============================== Tstep:   95.7 Ttot: 1063.1 ==
eandg
Spin: 
 Energy calculation finished, energy: -2.138693843E+03
Curvature at dimer midpoint after rotation     0.00612
Curvature at dimer minimum                    -0.00305
Actual dimer rotation angle:         0.482 deg
Dimer rotation converged after    1 steps
Writing TS-mode
Curvature after dimer rotation:               -0.00305
Frequency of transition mode  -283.772 cm^-1 (negative value denotes imaginary frequency)
Crossover temperature for tunnelling       64.98042 K
Restarting L-BFGS optimiser, instance: dimer rotation
Next calculation will be the dimer  midpoint
dl-find/turbomole/=============================== Tstep:   93.4 Ttot: 1156.6 ==
eandg
Spin: 
 Energy calculation finished, energy: -2.138693842E+03
Testing convergence of dimer midpoint in cycle    5
    Energy  7.2900E-07 Target: 1.0000E-06 converged?  yes
  Max step  2.9595E-02 Target: 1.8000E-03 converged?   no component    18
  RMS step  4.1652E-03 Target: 1.2000E-03 converged?   no
  Max grad  2.5258E-03 Target: 4.5000E-04 converged?   no component    83
  RMS grad  3.1799E-04 Target: 3.0000E-04 converged?   no
Next calculation will be the dimer endpoint before rotation
dl-find/turbomole/=============================== Tstep:  123.3 Ttot: 1279.9 ==
eandg
Spin: 
 Energy calculation finished, energy: -2.138693843E+03
Curvature at dimer midpoint                   -0.00308
Predicted dimer rotation angle:      9.900 deg
Next calculation will be the dimer endpoint after rotation
dl-find/turbomole/=============================== Tstep:  104.2 Ttot: 1384.1 ==
eandg
Spin: 
 Energy calculation finished, energy: -2.138693842E+03
Curvature at dimer midpoint after rotation     0.00591
Curvature at dimer minimum                    -0.00308
Actual dimer rotation angle:         0.201 deg
Dimer rotation converged after    1 steps
Writing TS-mode
Curvature after dimer rotation:               -0.00308
Frequency of transition mode  -285.471 cm^-1 (negative value denotes imaginary frequency)
Crossover temperature for tunnelling       65.36951 K
Restarting L-BFGS optimiser, instance: dimer rotation
Next calculation will be the dimer  midpoint
dl-find/turbomole/=============================== Tstep:   87.5 Ttot: 1471.6 ==
eandg
Spin: 
 Energy calculation finished, energy: -2.138693873E+03
Testing convergence of dimer midpoint in cycle    6
    Energy  3.1538E-05 Target: 1.0000E-06 converged?   no
  Max step  5.0915E-03 Target: 1.8000E-03 converged?   no component    16
  RMS step  9.4419E-04 Target: 1.2000E-03 converged?  yes
  Max grad  4.0229E-04 Target: 4.5000E-04 converged?  yes component    80
  RMS grad  1.0085E-04 Target: 3.0000E-04 converged?  yes
Next calculation will be the dimer endpoint before rotation
dl-find/turbomole/=============================== Tstep:  105.7 Ttot: 1577.3 ==
eandg
Spin: 
 Energy calculation finished, energy: -2.138693875E+03
Curvature at dimer midpoint                   -0.00305
Predicted dimer rotation angle:      4.586 deg
Next calculation will be the dimer endpoint after rotation
dl-find/turbomole/=============================== Tstep:  103.4 Ttot: 1680.7 ==
eandg
Spin: 
 Energy calculation finished, energy: -2.138693875E+03
Curvature at dimer midpoint after rotation    -0.00201
Curvature at dimer minimum                    -0.00305
Actual dimer rotation angle:         0.162 deg
Dimer rotation converged after    1 steps
Writing TS-mode
Curvature after dimer rotation:               -0.00305
Frequency of transition mode  -283.974 cm^-1 (negative value denotes imaginary frequency)
Crossover temperature for tunnelling       65.02682 K
Restarting L-BFGS optimiser, instance: dimer rotation
Next calculation will be the dimer  midpoint
dl-find/turbomole/=============================== Tstep:   84.6 Ttot: 1765.3 ==
eandg
Spin: 
 Energy calculation finished, energy: -2.138693833E+03
Testing convergence of dimer midpoint in cycle    7
    Energy  4.0348E-05 Target: 1.0000E-06 converged?   no
  Max step  4.3025E-03 Target: 1.8000E-03 converged?   no component    19
  RMS step  7.6235E-04 Target: 1.2000E-03 converged?  yes
  Max grad  3.1678E-04 Target: 4.5000E-04 converged?  yes component     4
  RMS grad  8.1584E-05 Target: 3.0000E-04 converged?  yes
Next calculation will be the dimer endpoint before rotation
dl-find/turbomole/=============================== Tstep:  115.3 Ttot: 1880.6 ==
eandg
Spin: 
 Energy calculation finished, energy: -2.138693834E+03
Curvature at dimer midpoint                   -0.00303
Predicted dimer rotation angle:      4.064 deg
Next calculation will be the dimer endpoint after rotation
dl-find/turbomole/=============================== Tstep:  104.3 Ttot: 1985.0 ==
eandg
Spin: 
 Energy calculation finished, energy: -2.138693834E+03
Curvature at dimer midpoint after rotation    -0.00178
Curvature at dimer minimum                    -0.00303
Actual dimer rotation angle:         0.095 deg
Dimer rotation converged after    1 steps
Writing TS-mode
Curvature after dimer rotation:               -0.00303
Frequency of transition mode  -282.887 cm^-1 (negative value denotes imaginary frequency)
Crossover temperature for tunnelling       64.77781 K
Restarting L-BFGS optimiser, instance: dimer rotation
Next calculation will be the dimer  midpoint
dl-find/turbomole/=============================== Tstep:   75.7 Ttot: 2060.7 ==
eandg
Spin: 
 Energy calculation finished, energy: -2.138693856E+03
Testing convergence of dimer midpoint in cycle    8
    Energy  2.3388E-05 Target: 1.0000E-06 converged?   no
  Max step  1.4975E-02 Target: 1.8000E-03 converged?   no component    18
  RMS step  2.6525E-03 Target: 1.2000E-03 converged?   no
  Max grad  6.4389E-04 Target: 4.5000E-04 converged?   no component    83
  RMS grad  1.1034E-04 Target: 3.0000E-04 converged?  yes
Next calculation will be the dimer endpoint before rotation
dl-find/turbomole/=============================== Tstep:  111.8 Ttot: 2172.5 ==
eandg
Spin: 
 Energy calculation finished, energy: -2.138693857E+03
Curvature at dimer midpoint                   -0.00297
Predicted dimer rotation angle:      3.417 deg
Next calculation will be the dimer endpoint after rotation
dl-find/turbomole/=============================== Tstep:  105.2 Ttot: 2277.7 ==
eandg
Spin: 
 Energy calculation finished, energy: -2.138693857E+03
Curvature at dimer midpoint after rotation    -0.00246
Curvature at dimer minimum                    -0.00297
Actual dimer rotation angle:         0.130 deg
Dimer rotation converged after    1 steps
Writing TS-mode
Curvature after dimer rotation:               -0.00297
Frequency of transition mode  -280.280 cm^-1 (negative value denotes imaginary frequency)
Crossover temperature for tunnelling       64.18083 K
Restarting L-BFGS optimiser, instance: dimer rotation
Next calculation will be the dimer  midpoint
dl-find/turbomole/=============================== Tstep:   75.1 Ttot: 2352.7 ==
eandg
Spin: 
 Energy calculation finished, energy: -2.138693881E+03
Testing convergence of dimer midpoint in cycle    9
    Energy  2.4752E-05 Target: 1.0000E-06 converged?   no
  Max step  2.4041E-02 Target: 1.8000E-03 converged?   no component    18
  RMS step  3.9919E-03 Target: 1.2000E-03 converged?   no
  Max grad  6.4386E-04 Target: 4.5000E-04 converged?   no component   249
  RMS grad  1.4198E-04 Target: 3.0000E-04 converged?  yes
Next calculation will be the dimer endpoint before rotation
dl-find/turbomole/=============================== Tstep:  109.1 Ttot: 2461.8 ==
eandg
Spin: 
 Energy calculation finished, energy: -2.138693882E+03
Curvature at dimer midpoint                   -0.00289
Predicted dimer rotation angle:      4.251 deg
Next calculation will be the dimer endpoint after rotation
dl-find/turbomole/=============================== Tstep:  104.8 Ttot: 2566.6 ==
eandg
Spin: 
 Energy calculation finished, energy: -2.138693882E+03
Curvature at dimer midpoint after rotation    -0.00210
Curvature at dimer minimum                    -0.00289
Actual dimer rotation angle:         0.159 deg
Dimer rotation converged after    1 steps
Writing TS-mode
Curvature after dimer rotation:               -0.00289
Frequency of transition mode  -276.204 cm^-1 (negative value denotes imaginary frequency)
Crossover temperature for tunnelling       63.24753 K
Restarting L-BFGS optimiser, instance: dimer rotation
Next calculation will be the dimer  midpoint
dl-find/turbomole/=============================== Tstep:   66.9 Ttot: 2633.5 ==
eandg
Spin: 
 Energy calculation finished, energy: -2.138693896E+03
Testing convergence of dimer midpoint in cycle   10
    Energy  1.5247E-05 Target: 1.0000E-06 converged?   no
  Max step  5.3897E-02 Target: 1.8000E-03 converged?   no component    18
  RMS step  8.9169E-03 Target: 1.2000E-03 converged?   no
  Max grad  1.6750E-03 Target: 4.5000E-04 converged?   no component   254
  RMS grad  2.5691E-04 Target: 3.0000E-04 converged?  yes
Next calculation will be the dimer endpoint before rotation
dl-find/turbomole/=============================== Tstep:  123.2 Ttot: 2756.6 ==
eandg
Spin: 
 Energy calculation finished, energy: -2.138693898E+03
Curvature at dimer midpoint                   -0.00278
Predicted dimer rotation angle:      7.497 deg
Next calculation will be the dimer endpoint after rotation
dl-find/turbomole/=============================== Tstep:  104.4 Ttot: 2861.0 ==
eandg
Spin: 
 Energy calculation finished, energy: -2.138693900E+03
Curvature at dimer midpoint after rotation     0.00090
Curvature at dimer minimum                    -0.00278
Actual dimer rotation angle:         0.188 deg
Dimer rotation converged after    1 steps
Writing TS-mode
Curvature after dimer rotation:               -0.00278
Frequency of transition mode  -271.270 cm^-1 (negative value denotes imaginary frequency)
Crossover temperature for tunnelling       62.11765 K
Restarting L-BFGS optimiser, instance: dimer rotation
Next calculation will be the dimer  midpoint
dl-find/turbomole/=============================== Tstep:   86.2 Ttot: 2947.2 ==
eandg
Spin: 
 Energy calculation finished, energy: -2.138693931E+03
Testing convergence of dimer midpoint in cycle   11
    Energy  3.4230E-05 Target: 1.0000E-06 converged?   no
  Max step  4.8861E-03 Target: 1.8000E-03 converged?   no component    19
  RMS step  9.5492E-04 Target: 1.2000E-03 converged?  yes
  Max grad  3.7295E-04 Target: 4.5000E-04 converged?  yes component    19
  RMS grad  9.0244E-05 Target: 3.0000E-04 converged?  yes
Next calculation will be the dimer endpoint before rotation
dl-find/turbomole/=============================== Tstep:  106.9 Ttot: 3054.1 ==
eandg
Spin: 
 Energy calculation finished, energy: -2.138693930E+03
Curvature at dimer midpoint                   -0.00275
Predicted dimer rotation angle:      5.622 deg
Next calculation will be the dimer endpoint after rotation
dl-find/turbomole/=============================== Tstep:  103.9 Ttot: 3158.0 ==
eandg
Spin: 
 Energy calculation finished, energy: -2.138693930E+03
Curvature at dimer midpoint after rotation    -0.00089
Curvature at dimer minimum                    -0.00275
Actual dimer rotation angle:         0.153 deg
Dimer rotation converged after    1 steps
Writing TS-mode
Curvature after dimer rotation:               -0.00275
Frequency of transition mode  -269.619 cm^-1 (negative value denotes imaginary frequency)
Crossover temperature for tunnelling       61.73974 K
Restarting L-BFGS optimiser, instance: dimer rotation
Next calculation will be the dimer  midpoint
dl-find/turbomole/=============================== Tstep:   85.7 Ttot: 3243.7 ==
eandg
Spin: 
 Energy calculation finished, energy: -2.138693950E+03
Testing convergence of dimer midpoint in cycle   12
    Energy  1.9473E-05 Target: 1.0000E-06 converged?   no
  Max step  3.7873E-03 Target: 1.8000E-03 converged?   no component   238
  RMS step  9.8934E-04 Target: 1.2000E-03 converged?  yes
  Max grad  3.4098E-04 Target: 4.5000E-04 converged?  yes component    17
  RMS grad  8.5823E-05 Target: 3.0000E-04 converged?  yes
Next calculation will be the dimer endpoint before rotation
dl-find/turbomole/=============================== Tstep:  110.9 Ttot: 3354.6 ==
eandg
Spin: 
 Energy calculation finished, energy: -2.138693950E+03
Curvature at dimer midpoint                   -0.00276
Predicted dimer rotation angle:      5.114 deg
Next calculation will be the dimer endpoint after rotation
dl-find/turbomole/=============================== Tstep:  103.2 Ttot: 3457.8 ==
eandg
Spin: 
 Energy calculation finished, energy: -2.138693950E+03
Curvature at dimer midpoint after rotation    -0.00089
Curvature at dimer minimum                    -0.00276
Actual dimer rotation angle:         0.116 deg
Dimer rotation converged after    1 steps
Writing TS-mode
Curvature after dimer rotation:               -0.00276
Frequency of transition mode  -269.924 cm^-1 (negative value denotes imaginary frequency)
Crossover temperature for tunnelling       61.80937 K
Restarting L-BFGS optimiser, instance: dimer rotation
Next calculation will be the dimer  midpoint
dl-find/turbomole/=============================== Tstep:   84.7 Ttot: 3542.5 ==
eandg
Spin: 
 Energy calculation finished, energy: -2.138693969E+03
Testing convergence of dimer midpoint in cycle   13
    Energy  1.9193E-05 Target: 1.0000E-06 converged?   no
  Max step  1.1988E-02 Target: 1.8000E-03 converged?   no component    18
  RMS step  2.5219E-03 Target: 1.2000E-03 converged?   no
  Max grad  4.5734E-04 Target: 4.5000E-04 converged?   no component    76
  RMS grad  9.6191E-05 Target: 3.0000E-04 converged?  yes
Next calculation will be the dimer endpoint before rotation
dl-find/turbomole/=============================== Tstep:  115.5 Ttot: 3658.1 ==
eandg
Spin: 
 Energy calculation finished, energy: -2.138693969E+03
Curvature at dimer midpoint                   -0.00272
Predicted dimer rotation angle:      3.944 deg
Next calculation will be the dimer endpoint after rotation
dl-find/turbomole/=============================== Tstep:  104.5 Ttot: 3762.6 ==
eandg
Spin: 
 Energy calculation finished, energy: -2.138693966E+03
Curvature at dimer midpoint after rotation    -0.00213
Curvature at dimer minimum                    -0.00272
Actual dimer rotation angle:         0.160 deg
Dimer rotation converged after    1 steps
Writing TS-mode
Curvature after dimer rotation:               -0.00272
Frequency of transition mode  -268.120 cm^-1 (negative value denotes imaginary frequency)
Crossover temperature for tunnelling       61.39636 K
Restarting L-BFGS optimiser, instance: dimer rotation
Next calculation will be the dimer  midpoint
dl-find/turbomole/=============================== Tstep:   75.6 Ttot: 3838.2 ==
eandg
Spin: 
 Energy calculation finished, energy: -2.138693976E+03
Testing convergence of dimer midpoint in cycle   14
    Energy  6.4060E-06 Target: 1.0000E-06 converged?   no
  Max step  2.5558E-02 Target: 1.8000E-03 converged?   no component    18
  RMS step  5.2974E-03 Target: 1.2000E-03 converged?   no
  Max grad  1.7649E-03 Target: 4.5000E-04 converged?   no component   247
  RMS grad  2.1746E-04 Target: 3.0000E-04 converged?  yes
Next calculation will be the dimer endpoint before rotation
dl-find/turbomole/=============================== Tstep:  118.2 Ttot: 3956.3 ==
eandg
Spin: 
 Energy calculation finished, energy: -2.138693975E+03
Curvature at dimer midpoint                   -0.00268
Predicted dimer rotation angle:      5.385 deg
Next calculation will be the dimer endpoint after rotation
dl-find/turbomole/=============================== Tstep:  105.6 Ttot: 4061.9 ==
eandg
Spin: 
 Energy calculation finished, energy: -2.138693977E+03
Curvature at dimer midpoint after rotation    -0.00050
Curvature at dimer minimum                    -0.00268
Actual dimer rotation angle:         0.113 deg
Dimer rotation converged after    1 steps
Writing TS-mode
Curvature after dimer rotation:               -0.00268
Frequency of transition mode  -266.012 cm^-1 (negative value denotes imaginary frequency)
Crossover temperature for tunnelling       60.91363 K
Restarting L-BFGS optimiser, instance: dimer rotation
Next calculation will be the dimer  midpoint
dl-find/turbomole/=============================== Tstep:   85.3 Ttot: 4147.2 ==
eandg
Spin: 
 Energy calculation finished, energy: -2.138693997E+03
Testing convergence of dimer midpoint in cycle   15
    Energy  2.1736E-05 Target: 1.0000E-06 converged?   no
  Max step  1.2918E-02 Target: 1.8000E-03 converged?   no component    18
  RMS step  2.6124E-03 Target: 1.2000E-03 converged?   no
  Max grad  2.9579E-04 Target: 4.5000E-04 converged?  yes component   247
  RMS grad  6.6921E-05 Target: 3.0000E-04 converged?  yes
Next calculation will be the dimer endpoint before rotation
dl-find/turbomole/=============================== Tstep:  116.0 Ttot: 4263.2 ==
eandg
Spin: 
 Energy calculation finished, energy: -2.138693996E+03
Curvature at dimer midpoint                   -0.00260
Predicted dimer rotation angle:      4.499 deg
Next calculation will be the dimer endpoint after rotation
dl-find/turbomole/=============================== Tstep:  104.3 Ttot: 4367.5 ==
eandg
Spin: 
 Energy calculation finished, energy: -2.138693996E+03
Curvature at dimer midpoint after rotation    -0.00190
Curvature at dimer minimum                    -0.00260
Actual dimer rotation angle:         0.189 deg
Dimer rotation converged after    1 steps
Writing TS-mode
Curvature after dimer rotation:               -0.00260
Frequency of transition mode  -262.257 cm^-1 (negative value denotes imaginary frequency)
Crossover temperature for tunnelling       60.05373 K
Restarting L-BFGS optimiser, instance: dimer rotation
Next calculation will be the dimer  midpoint
dl-find/turbomole/=============================== Tstep:   84.6 Ttot: 4452.1 ==
eandg
Spin: 
 Energy calculation finished, energy: -2.138693999E+03
Testing convergence of dimer midpoint in cycle   16
    Energy  1.2960E-06 Target: 1.0000E-06 converged?   no
  Max step  3.0147E-03 Target: 1.8000E-03 converged?   no component    21
  RMS step  6.4406E-04 Target: 1.2000E-03 converged?  yes
  Max grad  1.8591E-04 Target: 4.5000E-04 converged?  yes component   235
  RMS grad  5.0309E-05 Target: 3.0000E-04 converged?  yes
Next calculation will be the dimer endpoint before rotation
dl-find/turbomole/=============================== Tstep:  107.0 Ttot: 4559.0 ==
eandg
Spin: 
 Energy calculation finished, energy: -2.138693998E+03
Curvature at dimer midpoint                   -0.00259
Predicted dimer rotation angle:      5.744 deg
Next calculation will be the dimer endpoint after rotation
dl-find/turbomole/=============================== Tstep:   95.9 Ttot: 4654.9 ==
eandg
Spin: 
 Energy calculation finished, energy: -2.138693997E+03
Curvature at dimer midpoint after rotation     0.00004
Curvature at dimer minimum                    -0.00259
Actual dimer rotation angle:         0.111 deg
Dimer rotation converged after    1 steps
Writing TS-mode
Curvature after dimer rotation:               -0.00259
Frequency of transition mode  -261.579 cm^-1 (negative value denotes imaginary frequency)
Crossover temperature for tunnelling       59.89860 K
Restarting L-BFGS optimiser, instance: dimer rotation
Next calculation will be the dimer  midpoint
dl-find/turbomole/=============================== Tstep:   84.9 Ttot: 4739.8 ==
eandg
Spin: 
 Energy calculation finished, energy: -2.138694007E+03
Testing convergence of dimer midpoint in cycle   17
    Energy  7.9440E-06 Target: 1.0000E-06 converged?   no
  Max step  7.8732E-03 Target: 1.8000E-03 converged?   no component   238
  RMS step  1.5528E-03 Target: 1.2000E-03 converged?   no
  Max grad  3.6902E-04 Target: 4.5000E-04 converged?  yes component    83
  RMS grad  6.3113E-05 Target: 3.0000E-04 converged?  yes
Next calculation will be the dimer endpoint before rotation
dl-find/turbomole/=============================== Tstep:   85.7 Ttot: 4825.4 ==
eandg
Spin: 
 Energy calculation finished, energy: -2.138694006E+03
Curvature at dimer midpoint                   -0.00236
Predicted dimer rotation angle:      6.831 deg
Next calculation will be the dimer endpoint after rotation
dl-find/turbomole/=============================== Tstep:   97.1 Ttot: 4922.6 ==
eandg
Spin: 
 Energy calculation finished, energy: -2.138694005E+03
Curvature at dimer midpoint after rotation    -0.00079
Curvature at dimer minimum                    -0.00236
Actual dimer rotation angle:         0.272 deg
Dimer rotation converged after    1 steps
Writing TS-mode
Curvature after dimer rotation:               -0.00236
Frequency of transition mode  -249.836 cm^-1 (negative value denotes imaginary frequency)
Crossover temperature for tunnelling       57.20961 K
Restarting L-BFGS optimiser, instance: dimer rotation
Next calculation will be the dimer  midpoint
dl-find/turbomole/=============================== Tstep:   87.1 Ttot: 5009.7 ==
eandg
Spin: 
 Energy calculation finished, energy: -2.138694013E+03
Testing convergence of dimer midpoint in cycle   18
    Energy  6.3890E-06 Target: 1.0000E-06 converged?   no
  Max step  1.4686E-02 Target: 1.8000E-03 converged?   no component   238
  RMS step  2.6500E-03 Target: 1.2000E-03 converged?   no
  Max grad  1.0959E-03 Target: 4.5000E-04 converged?   no component    88
  RMS grad  1.2281E-04 Target: 3.0000E-04 converged?  yes
Next calculation will be the dimer endpoint before rotation
dl-find/turbomole/=============================== Tstep:   92.7 Ttot: 5102.3 ==
eandg
Spin: 
 Energy calculation finished, energy: -2.138694012E+03
Curvature at dimer midpoint                   -0.00247
Predicted dimer rotation angle:      7.272 deg
Next calculation will be the dimer endpoint after rotation
dl-find/turbomole/=============================== Tstep:   97.1 Ttot: 5199.4 ==
eandg
Spin: 
 Energy calculation finished, energy: -2.138694012E+03
Curvature at dimer midpoint after rotation     0.00199
Curvature at dimer minimum                    -0.00248
Actual dimer rotation angle:         0.127 deg
Dimer rotation converged after    1 steps
Writing TS-mode
Curvature after dimer rotation:               -0.00248
Frequency of transition mode  -255.800 cm^-1 (negative value denotes imaginary frequency)
Crossover temperature for tunnelling       58.57531 K
Restarting L-BFGS optimiser, instance: dimer rotation
Next calculation will be the dimer  midpoint
dl-find/turbomole/=============================== Tstep:   61.0 Ttot: 5260.4 ==
eandg
Spin: 
 Energy calculation finished, energy: -2.138694019E+03
Testing convergence of dimer midpoint in cycle   19
    Energy  6.3810E-06 Target: 1.0000E-06 converged?   no
  Max step  1.1431E-02 Target: 1.8000E-03 converged?   no component   238
  RMS step  2.0010E-03 Target: 1.2000E-03 converged?   no
  Max grad  3.6052E-04 Target: 4.5000E-04 converged?  yes component   247
  RMS grad  7.4071E-05 Target: 3.0000E-04 converged?  yes
Next calculation will be the dimer endpoint before rotation
dl-find/turbomole/=============================== Tstep:  109.8 Ttot: 5370.2 ==
eandg
Spin: 
 Energy calculation finished, energy: -2.138694018E+03
Curvature at dimer midpoint                   -0.00256
Predicted dimer rotation angle:      4.268 deg
Next calculation will be the dimer endpoint after rotation
dl-find/turbomole/=============================== Tstep:   98.3 Ttot: 5468.5 ==
eandg
Spin: 
 Energy calculation finished, energy: -2.138694018E+03
Curvature at dimer midpoint after rotation    -0.00151
Curvature at dimer minimum                    -0.00256
Actual dimer rotation angle:         0.110 deg
Dimer rotation converged after    1 steps
Writing TS-mode
Curvature after dimer rotation:               -0.00256
Frequency of transition mode  -260.286 cm^-1 (negative value denotes imaginary frequency)
Crossover temperature for tunnelling       59.60258 K
Restarting L-BFGS optimiser, instance: dimer rotation
Next calculation will be the dimer  midpoint
dl-find/turbomole/=============================== Tstep:   81.1 Ttot: 5549.6 ==
eandg
Spin: 
 Energy calculation finished, energy: -2.138694028E+03
Testing convergence of dimer midpoint in cycle   20
    Energy  8.2650E-06 Target: 1.0000E-06 converged?   no
  Max step  1.4774E-02 Target: 1.8000E-03 converged?   no component   238
  RMS step  2.5237E-03 Target: 1.2000E-03 converged?   no
  Max grad  2.0082E-04 Target: 4.5000E-04 converged?  yes component   229
  RMS grad  5.8825E-05 Target: 3.0000E-04 converged?  yes
Next calculation will be the dimer endpoint before rotation
dl-find/turbomole/=============================== Tstep:   96.3 Ttot: 5645.9 ==
eandg
Spin: 
 Energy calculation finished, energy: -2.138694027E+03
Curvature at dimer midpoint                   -0.00252
Predicted dimer rotation angle:      3.936 deg
Next calculation will be the dimer endpoint after rotation
dl-find/turbomole/=============================== Tstep:   95.8 Ttot: 5741.7 ==
eandg
Spin: 
 Energy calculation finished, energy: -2.138694026E+03
Curvature at dimer midpoint after rotation    -0.00173
Curvature at dimer minimum                    -0.00252
Actual dimer rotation angle:         0.113 deg
Dimer rotation converged after    1 steps
Writing TS-mode
Curvature after dimer rotation:               -0.00252
Frequency of transition mode  -258.002 cm^-1 (negative value denotes imaginary frequency)
Crossover temperature for tunnelling       59.07947 K
Restarting L-BFGS optimiser, instance: dimer rotation
Next calculation will be the dimer  midpoint
dl-find/turbomole/=============================== Tstep:   76.1 Ttot: 5817.8 ==
eandg
Spin: 
 Energy calculation finished, energy: -2.138694039E+03
Testing convergence of dimer midpoint in cycle   21
    Energy  1.1646E-05 Target: 1.0000E-06 converged?   no
  Max step  1.5009E-02 Target: 1.8000E-03 converged?   no component   238
  RMS step  2.5671E-03 Target: 1.2000E-03 converged?   no
  Max grad  5.9000E-04 Target: 4.5000E-04 converged?   no component    88
  RMS grad  8.1288E-05 Target: 3.0000E-04 converged?  yes
Next calculation will be the dimer endpoint before rotation
dl-find/turbomole/=============================== Tstep:  112.8 Ttot: 5930.6 ==
eandg
Spin: 
 Energy calculation finished, energy: -2.138694038E+03
Curvature at dimer midpoint                   -0.00259
Predicted dimer rotation angle:      4.111 deg
Next calculation will be the dimer endpoint after rotation
dl-find/turbomole/=============================== Tstep:  104.8 Ttot: 6035.4 ==
eandg
Spin: 
 Energy calculation finished, energy: -2.138694038E+03
Curvature at dimer midpoint after rotation    -0.00137
Curvature at dimer minimum                    -0.00259
Actual dimer rotation angle:         0.087 deg
Dimer rotation converged after    1 steps
Writing TS-mode
Curvature after dimer rotation:               -0.00259
Frequency of transition mode  -261.562 cm^-1 (negative value denotes imaginary frequency)
Crossover temperature for tunnelling       59.89468 K
Restarting L-BFGS optimiser, instance: dimer rotation
Next calculation will be the dimer  midpoint
dl-find/turbomole/=============================== Tstep:   75.1 Ttot: 6110.5 ==
eandg
Spin: 
 Energy calculation finished, energy: -2.138694046E+03
Testing convergence of dimer midpoint in cycle   22
    Energy  6.5960E-06 Target: 1.0000E-06 converged?   no
  Max step  2.6572E-02 Target: 1.8000E-03 converged?   no component   238
  RMS step  4.5858E-03 Target: 1.2000E-03 converged?   no
  Max grad  4.9641E-04 Target: 4.5000E-04 converged?   no component    83
  RMS grad  1.1433E-04 Target: 3.0000E-04 converged?  yes
Next calculation will be the dimer endpoint before rotation
dl-find/turbomole/=============================== Tstep:  115.1 Ttot: 6225.6 ==
eandg
Spin: 
 Energy calculation finished, energy: -2.138694045E+03
Curvature at dimer midpoint                   -0.00260
Predicted dimer rotation angle:      3.457 deg
Next calculation will be the dimer endpoint after rotation
dl-find/turbomole/=============================== Tstep:  102.0 Ttot: 6327.6 ==
eandg
Spin: 
 Energy calculation finished, energy: -2.138694044E+03
Curvature at dimer midpoint after rotation    -0.00202
Curvature at dimer minimum                    -0.00260
Actual dimer rotation angle:         0.107 deg
Dimer rotation converged after    1 steps
Writing TS-mode
Curvature after dimer rotation:               -0.00260
Frequency of transition mode  -262.148 cm^-1 (negative value denotes imaginary frequency)
Crossover temperature for tunnelling       60.02885 K
Restarting L-BFGS optimiser, instance: dimer rotation
Next calculation will be the dimer  midpoint
dl-find/turbomole/=============================== Tstep:   57.9 Ttot: 6385.5 ==
eandg
Spin: 
 Energy calculation finished, energy: -2.138694045E+03
Testing convergence of dimer midpoint in cycle   23
    Energy  8.7500E-07 Target: 1.0000E-06 converged?  yes
  Max step  1.6641E-02 Target: 1.8000E-03 converged?   no component   238
  RMS step  2.9517E-03 Target: 1.2000E-03 converged?   no
  Max grad  3.7727E-04 Target: 4.5000E-04 converged?  yes component   245
  RMS grad  8.2946E-05 Target: 3.0000E-04 converged?  yes
Next calculation will be the dimer endpoint before rotation
dl-find/turbomole/=============================== Tstep:  112.6 Ttot: 6498.1 ==
eandg
Spin: 
 Energy calculation finished, energy: -2.138694044E+03
Curvature at dimer midpoint                   -0.00262
Predicted dimer rotation angle:      3.901 deg
Next calculation will be the dimer endpoint after rotation
dl-find/turbomole/=============================== Tstep:  104.3 Ttot: 6602.4 ==
eandg
Spin: 
 Energy calculation finished, energy: -2.138694044E+03
Curvature at dimer midpoint after rotation    -0.00163
Curvature at dimer minimum                    -0.00262
Actual dimer rotation angle:         0.092 deg
Dimer rotation converged after    1 steps
Writing TS-mode
Curvature after dimer rotation:               -0.00262
Frequency of transition mode  -263.099 cm^-1 (negative value denotes imaginary frequency)
Crossover temperature for tunnelling       60.24656 K
Restarting L-BFGS optimiser, instance: dimer rotation
Next calculation will be the dimer  midpoint
dl-find/turbomole/=============================== Tstep:   76.1 Ttot: 6678.5 ==
eandg
Spin: 
 Energy calculation finished, energy: -2.138694060E+03
Testing convergence of dimer midpoint in cycle   24
    Energy  1.5001E-05 Target: 1.0000E-06 converged?   no
  Max step  2.9597E-02 Target: 1.8000E-03 converged?   no component   238
  RMS step  5.3661E-03 Target: 1.2000E-03 converged?   no
  Max grad  4.1215E-04 Target: 4.5000E-04 converged?  yes component   219
  RMS grad  8.6169E-05 Target: 3.0000E-04 converged?  yes
Next calculation will be the dimer endpoint before rotation
dl-find/turbomole/=============================== Tstep:  111.8 Ttot: 6790.2 ==
eandg
Spin: 
 Energy calculation finished, energy: -2.138694059E+03
Curvature at dimer midpoint                   -0.00262
Predicted dimer rotation angle:      3.814 deg
Next calculation will be the dimer endpoint after rotation
dl-find/turbomole/=============================== Tstep:  104.8 Ttot: 6895.0 ==
eandg
Spin: 
 Energy calculation finished, energy: -2.138694059E+03
Curvature at dimer midpoint after rotation    -0.00197
Curvature at dimer minimum                    -0.00263
Actual dimer rotation angle:         0.127 deg
Dimer rotation converged after    1 steps
Writing TS-mode
Curvature after dimer rotation:               -0.00263
Frequency of transition mode  -263.400 cm^-1 (negative value denotes imaginary frequency)
Crossover temperature for tunnelling       60.31550 K
Restarting L-BFGS optimiser, instance: dimer rotation
Next calculation will be the dimer  midpoint
dl-find/turbomole/=============================== Tstep:   74.7 Ttot: 6969.7 ==
eandg
Spin: 
 Energy calculation finished, energy: -2.138694077E+03
Testing convergence of dimer midpoint in cycle   25
    Energy  1.6568E-05 Target: 1.0000E-06 converged?   no
  Max step  2.9668E-02 Target: 1.8000E-03 converged?   no component   238
  RMS step  5.4026E-03 Target: 1.2000E-03 converged?   no
  Max grad  7.4671E-04 Target: 4.5000E-04 converged?   no component   247
  RMS grad  1.5076E-04 Target: 3.0000E-04 converged?  yes
Next calculation will be the dimer endpoint before rotation
dl-find/turbomole/=============================== Tstep:  112.8 Ttot: 7082.5 ==
eandg
Spin: 
 Energy calculation finished, energy: -2.138694076E+03
Curvature at dimer midpoint                   -0.00265
Predicted dimer rotation angle:      5.395 deg
Next calculation will be the dimer endpoint after rotation
dl-find/turbomole/=============================== Tstep:   96.1 Ttot: 7178.6 ==
eandg
Spin: 
 Energy calculation finished, energy: -2.138694067E+03
Curvature at dimer midpoint after rotation    -0.00045
Curvature at dimer minimum                    -0.00265
Actual dimer rotation angle:         0.112 deg
Dimer rotation converged after    1 steps
Writing TS-mode
Curvature after dimer rotation:               -0.00265
Frequency of transition mode  -264.603 cm^-1 (negative value denotes imaginary frequency)
Crossover temperature for tunnelling       60.59114 K
Restarting L-BFGS optimiser, instance: dimer rotation
Next calculation will be the dimer  midpoint
dl-find/turbomole/=============================== Tstep:   84.6 Ttot: 7263.2 ==
eandg
Spin: 
 Energy calculation finished, energy: -2.138694079E+03
Testing convergence of dimer midpoint in cycle   26
    Energy  2.8030E-06 Target: 1.0000E-06 converged?   no
  Max step  1.3949E-02 Target: 1.8000E-03 converged?   no component   238
  RMS step  2.5536E-03 Target: 1.2000E-03 converged?   no
  Max grad  4.3609E-04 Target: 4.5000E-04 converged?  yes component   247
  RMS grad  8.9863E-05 Target: 3.0000E-04 converged?  yes
Next calculation will be the dimer endpoint before rotation
dl-find/turbomole/=============================== Tstep:  110.5 Ttot: 7373.7 ==
eandg
Spin: 
 Energy calculation finished, energy: -2.138694079E+03
Curvature at dimer midpoint                   -0.00267
Predicted dimer rotation angle:      3.455 deg
Next calculation will be the dimer endpoint after rotation
dl-find/turbomole/=============================== Tstep:  104.4 Ttot: 7478.1 ==
eandg
Spin: 
 Energy calculation finished, energy: -2.138694078E+03
Curvature at dimer midpoint after rotation    -0.00223
Curvature at dimer minimum                    -0.00267
Actual dimer rotation angle:         0.141 deg
Dimer rotation converged after    1 steps
Writing TS-mode
Curvature after dimer rotation:               -0.00267
Frequency of transition mode  -265.419 cm^-1 (negative value denotes imaginary frequency)
Crossover temperature for tunnelling       60.77800 K
Restarting L-BFGS optimiser, instance: dimer rotation
Next calculation will be the dimer  midpoint
dl-find/turbomole/=============================== Tstep:   70.2 Ttot: 7548.3 ==
eandg
Spin: 
 Energy calculation finished, energy: -2.138694098E+03
Testing convergence of dimer midpoint in cycle   27
    Energy  1.8760E-05 Target: 1.0000E-06 converged?   no
  Max step  2.1823E-02 Target: 1.8000E-03 converged?   no component   238
  RMS step  4.0257E-03 Target: 1.2000E-03 converged?   no
  Max grad  3.0600E-04 Target: 4.5000E-04 converged?  yes component   251
  RMS grad  7.2364E-05 Target: 3.0000E-04 converged?  yes
Next calculation will be the dimer endpoint before rotation
dl-find/turbomole/=============================== Tstep:  101.7 Ttot: 7650.0 ==
eandg
Spin: 
 Energy calculation finished, energy: -2.138694097E+03
Curvature at dimer midpoint                   -0.00267
Predicted dimer rotation angle:      5.562 deg
Next calculation will be the dimer endpoint after rotation
dl-find/turbomole/=============================== Tstep:  104.5 Ttot: 7754.5 ==
eandg
Spin: 
 Energy calculation finished, energy: -2.138694097E+03
Curvature at dimer midpoint after rotation     0.00024
Curvature at dimer minimum                    -0.00267
Actual dimer rotation angle:         0.094 deg
Dimer rotation converged after    1 steps
Writing TS-mode
Curvature after dimer rotation:               -0.00267
Frequency of transition mode  -265.789 cm^-1 (negative value denotes imaginary frequency)
Crossover temperature for tunnelling       60.86263 K
Restarting L-BFGS optimiser, instance: dimer rotation
Next calculation will be the dimer  midpoint
dl-find/turbomole/=============================== Tstep:   77.2 Ttot: 7831.7 ==
eandg
Spin: 
 Energy calculation finished, energy: -2.138694103E+03
Testing convergence of dimer midpoint in cycle   28
    Energy  4.9900E-06 Target: 1.0000E-06 converged?   no
  Max step  2.0259E-02 Target: 1.8000E-03 converged?   no component   238
  RMS step  3.7715E-03 Target: 1.2000E-03 converged?   no
  Max grad  3.6475E-04 Target: 4.5000E-04 converged?  yes component    80
  RMS grad  7.9743E-05 Target: 3.0000E-04 converged?  yes
Next calculation will be the dimer endpoint before rotation
dl-find/turbomole/=============================== Tstep:  105.8 Ttot: 7937.5 ==
eandg
Spin: 
 Energy calculation finished, energy: -2.138694105E+03
Curvature at dimer midpoint                   -0.00276
Predicted dimer rotation angle:      3.928 deg
Next calculation will be the dimer endpoint after rotation
dl-find/turbomole/=============================== Tstep:   97.3 Ttot: 8034.9 ==
eandg
Spin: 
 Energy calculation finished, energy: -2.138694105E+03
Curvature at dimer midpoint after rotation    -0.00223
Curvature at dimer minimum                    -0.00276
Actual dimer rotation angle:         0.176 deg
Dimer rotation converged after    1 steps
Writing TS-mode
Curvature after dimer rotation:               -0.00276
Frequency of transition mode  -270.077 cm^-1 (negative value denotes imaginary frequency)
Crossover temperature for tunnelling       61.84446 K
Restarting L-BFGS optimiser, instance: dimer rotation
Next calculation will be the dimer  midpoint
dl-find/turbomole/=============================== Tstep:   75.7 Ttot: 8110.6 ==
eandg
Spin: 
 Energy calculation finished, energy: -2.138694112E+03
Testing convergence of dimer midpoint in cycle   29
    Energy  8.8230E-06 Target: 1.0000E-06 converged?   no
  Max step  4.0687E-02 Target: 1.8000E-03 converged?   no component   238
  RMS step  7.7508E-03 Target: 1.2000E-03 converged?   no
  Max grad  7.9797E-04 Target: 4.5000E-04 converged?   no component   219
  RMS grad  1.7241E-04 Target: 3.0000E-04 converged?  yes
Next calculation will be the dimer endpoint before rotation
dl-find/turbomole/=============================== Tstep:  103.8 Ttot: 8214.4 ==
eandg
Spin: 
 Energy calculation finished, energy: -2.138694112E+03
Curvature at dimer midpoint                   -0.00277
Predicted dimer rotation angle:      4.286 deg
Next calculation will be the dimer endpoint after rotation
dl-find/turbomole/=============================== Tstep:  104.6 Ttot: 8319.1 ==
eandg
Spin: 
 Energy calculation finished, energy: -2.138694112E+03
Curvature at dimer midpoint after rotation    -0.00185
Curvature at dimer minimum                    -0.00277
Actual dimer rotation angle:         0.135 deg
Dimer rotation converged after    1 steps
Writing TS-mode
Curvature after dimer rotation:               -0.00277
Frequency of transition mode  -270.617 cm^-1 (negative value denotes imaginary frequency)
Crossover temperature for tunnelling       61.96822 K
Restarting L-BFGS optimiser, instance: dimer rotation
Next calculation will be the dimer  midpoint
dl-find/turbomole/=============================== Tstep:   81.2 Ttot: 8400.3 ==
eandg
Spin: 
 Energy calculation finished, energy: -2.138694125E+03
Testing convergence of dimer midpoint in cycle   30
    Energy  1.3064E-05 Target: 1.0000E-06 converged?   no
  Max step  1.7175E-02 Target: 1.8000E-03 converged?   no component   238
  RMS step  3.4247E-03 Target: 1.2000E-03 converged?   no
  Max grad  2.7197E-04 Target: 4.5000E-04 converged?  yes component   223
  RMS grad  7.8073E-05 Target: 3.0000E-04 converged?  yes
Next calculation will be the dimer endpoint before rotation
dl-find/turbomole/=============================== Tstep:  105.1 Ttot: 8505.4 ==
eandg
Spin: 
 Energy calculation finished, energy: -2.138694125E+03
Curvature at dimer midpoint                   -0.00279
Predicted dimer rotation angle:      4.502 deg
Next calculation will be the dimer endpoint after rotation
dl-find/turbomole/=============================== Tstep:  103.3 Ttot: 8608.8 ==
eandg
Spin: 
 Energy calculation finished, energy: -2.138694125E+03
Curvature at dimer midpoint after rotation    -0.00126
Curvature at dimer minimum                    -0.00279
Actual dimer rotation angle:         0.098 deg
Dimer rotation converged after    1 steps
Writing TS-mode
Curvature after dimer rotation:               -0.00279
Frequency of transition mode  -271.564 cm^-1 (negative value denotes imaginary frequency)
Crossover temperature for tunnelling       62.18512 K
Restarting L-BFGS optimiser, instance: dimer rotation
Next calculation will be the dimer  midpoint
dl-find/turbomole/=============================== Tstep:   81.0 Ttot: 8689.7 ==
eandg
Spin: 
 Energy calculation finished, energy: -2.138694133E+03
Testing convergence of dimer midpoint in cycle   31
    Energy  8.3580E-06 Target: 1.0000E-06 converged?   no
  Max step  6.3153E-03 Target: 1.8000E-03 converged?   no component   235
  RMS step  1.5955E-03 Target: 1.2000E-03 converged?   no
  Max grad  2.8013E-04 Target: 4.5000E-04 converged?  yes component   223
  RMS grad  7.0647E-05 Target: 3.0000E-04 converged?  yes
Next calculation will be the dimer endpoint before rotation
dl-find/turbomole/=============================== Tstep:  108.4 Ttot: 8798.1 ==
eandg
Spin: 
 Energy calculation finished, energy: -2.138694133E+03
Curvature at dimer midpoint                   -0.00281
Predicted dimer rotation angle:      3.467 deg
Next calculation will be the dimer endpoint after rotation
dl-find/turbomole/=============================== Tstep:  103.4 Ttot: 8901.5 ==
eandg
Spin: 
 Energy calculation finished, energy: -2.138694133E+03
Curvature at dimer midpoint after rotation    -0.00224
Curvature at dimer minimum                    -0.00281
Actual dimer rotation angle:         0.117 deg
Dimer rotation converged after    1 steps
Writing TS-mode
Curvature after dimer rotation:               -0.00281
Frequency of transition mode  -272.306 cm^-1 (negative value denotes imaginary frequency)
Crossover temperature for tunnelling       62.35501 K
Restarting L-BFGS optimiser, instance: dimer rotation
Next calculation will be the dimer  midpoint
dl-find/turbomole/=============================== Tstep:   73.6 Ttot: 8975.1 ==
eandg
Spin: 
 Energy calculation finished, energy: -2.138694141E+03
Testing convergence of dimer midpoint in cycle   32
    Energy  7.5580E-06 Target: 1.0000E-06 converged?   no
  Max step  1.7333E-02 Target: 1.8000E-03 converged?   no component   238
  RMS step  3.8543E-03 Target: 1.2000E-03 converged?   no
  Max grad  3.3581E-04 Target: 4.5000E-04 converged?  yes component   247
  RMS grad  8.7097E-05 Target: 3.0000E-04 converged?  yes
Next calculation will be the dimer endpoint before rotation
dl-find/turbomole/=============================== Tstep:  109.7 Ttot: 9084.8 ==
eandg
Spin: 
 Energy calculation finished, energy: -2.138694141E+03
Curvature at dimer midpoint                   -0.00282
Predicted dimer rotation angle:      4.042 deg
Next calculation will be the dimer endpoint after rotation
dl-find/turbomole/=============================== Tstep:   95.6 Ttot: 9180.4 ==
eandg
Spin: 
 Energy calculation finished, energy: -2.138694141E+03
Curvature at dimer midpoint after rotation    -0.00177
Curvature at dimer minimum                    -0.00282
Actual dimer rotation angle:         0.103 deg
Dimer rotation converged after    1 steps
Writing TS-mode
Curvature after dimer rotation:               -0.00282
Frequency of transition mode  -272.834 cm^-1 (negative value denotes imaginary frequency)
Crossover temperature for tunnelling       62.47586 K
Restarting L-BFGS optimiser, instance: dimer rotation
Next calculation will be the dimer  midpoint
dl-find/turbomole/=============================== Tstep:   79.8 Ttot: 9260.2 ==
eandg
Spin: 
 Energy calculation finished, energy: -2.138694154E+03
Testing convergence of dimer midpoint in cycle   33
    Energy  1.2671E-05 Target: 1.0000E-06 converged?   no
  Max step  3.3352E-02 Target: 1.8000E-03 converged?   no component   238
  RMS step  6.7711E-03 Target: 1.2000E-03 converged?   no
  Max grad  8.2690E-04 Target: 4.5000E-04 converged?   no component    80
  RMS grad  1.5302E-04 Target: 3.0000E-04 converged?  yes
Next calculation will be the dimer endpoint before rotation
dl-find/turbomole/=============================== Tstep:  118.9 Ttot: 9379.1 ==
eandg
Spin: 
 Energy calculation finished, energy: -2.138694154E+03
Curvature at dimer midpoint                   -0.00285
Predicted dimer rotation angle:      3.811 deg
Next calculation will be the dimer endpoint after rotation
dl-find/turbomole/=============================== Tstep:  104.5 Ttot: 9483.7 ==
eandg
Spin: 
 Energy calculation finished, energy: -2.138694154E+03
Curvature at dimer midpoint after rotation    -0.00218
Curvature at dimer minimum                    -0.00285
Actual dimer rotation angle:         0.134 deg
Dimer rotation converged after    1 steps
Writing TS-mode
Curvature after dimer rotation:               -0.00285
Frequency of transition mode  -274.460 cm^-1 (negative value denotes imaginary frequency)
Crossover temperature for tunnelling       62.84828 K
Restarting L-BFGS optimiser, instance: dimer rotation
Next calculation will be the dimer  midpoint
dl-find/turbomole/=============================== Tstep:   73.7 Ttot: 9557.4 ==
eandg
Spin: 
 Energy calculation finished, energy: -2.138694162E+03
Testing convergence of dimer midpoint in cycle   34
    Energy  8.2690E-06 Target: 1.0000E-06 converged?   no
  Max step  2.6947E-02 Target: 1.8000E-03 converged?   no component   238
  RMS step  5.4219E-03 Target: 1.2000E-03 converged?   no
  Max grad  2.4939E-04 Target: 4.5000E-04 converged?  yes component    66
  RMS grad  7.3607E-05 Target: 3.0000E-04 converged?  yes
Next calculation will be the dimer endpoint before rotation
dl-find/turbomole/=============================== Tstep:  102.5 Ttot: 9659.8 ==
eandg
Spin: 
 Energy calculation finished, energy: -2.138694162E+03
Curvature at dimer midpoint                   -0.00286
Predicted dimer rotation angle:      4.867 deg
Next calculation will be the dimer endpoint after rotation
dl-find/turbomole/=============================== Tstep:  105.1 Ttot: 9764.9 ==
eandg
Spin: 
 Energy calculation finished, energy: -2.138694162E+03
Curvature at dimer midpoint after rotation    -0.00116
Curvature at dimer minimum                    -0.00286
Actual dimer rotation angle:         0.114 deg
Dimer rotation converged after    1 steps
Writing TS-mode
Curvature after dimer rotation:               -0.00286
Frequency of transition mode  -274.878 cm^-1 (negative value denotes imaginary frequency)
Crossover temperature for tunnelling       62.94394 K
Restarting L-BFGS optimiser, instance: dimer rotation
Next calculation will be the dimer  midpoint
dl-find/turbomole/=============================== Tstep:   80.7 Ttot: 9845.6 ==
eandg
Spin: 
 Energy calculation finished, energy: -2.138694173E+03
Testing convergence of dimer midpoint in cycle   35
    Energy  1.1524E-05 Target: 1.0000E-06 converged?   no
  Max step  1.3480E-02 Target: 1.8000E-03 converged?   no component   238
  RMS step  2.5502E-03 Target: 1.2000E-03 converged?   no
  Max grad  1.9150E-04 Target: 4.5000E-04 converged?  yes component    19
  RMS grad  5.7829E-05 Target: 3.0000E-04 converged?  yes
Next calculation will be the dimer endpoint before rotation
dl-find/turbomole/=============================== Tstep:  112.3 Ttot: 9957.9 ==
eandg
Spin: 
 Energy calculation finished, energy: -2.138694174E+03
Curvature at dimer midpoint                   -0.00291
Predicted dimer rotation angle:      3.704 deg
Next calculation will be the dimer endpoint after rotation
dl-find/turbomole/=============================== Tstep:  104.5 Ttot:10062.4 ==
eandg
Spin: 
 Energy calculation finished, energy: -2.138694174E+03
Curvature at dimer midpoint after rotation    -0.00227
Curvature at dimer minimum                    -0.00291
Actual dimer rotation angle:         0.131 deg
Dimer rotation converged after    1 steps
Writing TS-mode
Curvature after dimer rotation:               -0.00291
Frequency of transition mode  -277.375 cm^-1 (negative value denotes imaginary frequency)
Crossover temperature for tunnelling       63.51559 K
Restarting L-BFGS optimiser, instance: dimer rotation
Next calculation will be the dimer  midpoint
dl-find/turbomole/=============================== Tstep:   73.9 Ttot:10136.2 ==
eandg
Spin: 
 Energy calculation finished, energy: -2.138694185E+03
Testing convergence of dimer midpoint in cycle   36
    Energy  1.1869E-05 Target: 1.0000E-06 converged?   no
  Max step  2.0445E-02 Target: 1.8000E-03 converged?   no component   238
  RMS step  3.9072E-03 Target: 1.2000E-03 converged?   no
  Max grad  3.4443E-04 Target: 4.5000E-04 converged?  yes component   254
  RMS grad  8.0402E-05 Target: 3.0000E-04 converged?  yes
Next calculation will be the dimer endpoint before rotation
dl-find/turbomole/=============================== Tstep:  107.3 Ttot:10243.6 ==
eandg
Spin: 
 Energy calculation finished, energy: -2.138694186E+03
Curvature at dimer midpoint                   -0.00290
Predicted dimer rotation angle:      4.504 deg
Next calculation will be the dimer endpoint after rotation
dl-find/turbomole/=============================== Tstep:  104.0 Ttot:10347.5 ==
eandg
Spin: 
 Energy calculation finished, energy: -2.138694186E+03
Curvature at dimer midpoint after rotation    -0.00127
Curvature at dimer minimum                    -0.00290
Actual dimer rotation angle:         0.095 deg
Dimer rotation converged after    1 steps
Writing TS-mode
Curvature after dimer rotation:               -0.00290
Frequency of transition mode  -276.828 cm^-1 (negative value denotes imaginary frequency)
Crossover temperature for tunnelling       63.39033 K
Restarting L-BFGS optimiser, instance: dimer rotation
Next calculation will be the dimer  midpoint
dl-find/turbomole/=============================== Tstep:   81.2 Ttot:10428.7 ==
eandg
Spin: 
 Energy calculation finished, energy: -2.138694194E+03
Testing convergence of dimer midpoint in cycle   37
    Energy  8.8370E-06 Target: 1.0000E-06 converged?   no
  Max step  2.9442E-02 Target: 1.8000E-03 converged?   no component   238
  RMS step  5.8067E-03 Target: 1.2000E-03 converged?   no
  Max grad  5.9638E-04 Target: 4.5000E-04 converged?   no component    92
  RMS grad  1.3885E-04 Target: 3.0000E-04 converged?  yes
Next calculation will be the dimer endpoint before rotation
dl-find/turbomole/=============================== Tstep:  112.8 Ttot:10541.5 ==
eandg
Spin: 
 Energy calculation finished, energy: -2.138694194E+03
Curvature at dimer midpoint                   -0.00291
Predicted dimer rotation angle:      3.486 deg
Next calculation will be the dimer endpoint after rotation
dl-find/turbomole/=============================== Tstep:  104.0 Ttot:10645.5 ==
eandg
Spin: 
 Energy calculation finished, energy: -2.138694194E+03
Curvature at dimer midpoint after rotation    -0.00230
Curvature at dimer minimum                    -0.00291
Actual dimer rotation angle:         0.115 deg
Dimer rotation converged after    1 steps
Writing TS-mode
Curvature after dimer rotation:               -0.00291
Frequency of transition mode  -277.425 cm^-1 (negative value denotes imaginary frequency)
Crossover temperature for tunnelling       63.52706 K
Restarting L-BFGS optimiser, instance: dimer rotation
Next calculation will be the dimer  midpoint
dl-find/turbomole/=============================== Tstep:   75.2 Ttot:10720.7 ==
eandg
Spin: 
 Energy calculation finished, energy: -2.138694207E+03
Testing convergence of dimer midpoint in cycle   38
    Energy  1.2695E-05 Target: 1.0000E-06 converged?   no
  Max step  1.4659E-02 Target: 1.8000E-03 converged?   no component   238
  RMS step  3.0668E-03 Target: 1.2000E-03 converged?   no
  Max grad  3.1730E-04 Target: 4.5000E-04 converged?  yes component    52
  RMS grad  8.7159E-05 Target: 3.0000E-04 converged?  yes
Next calculation will be the dimer endpoint before rotation
dl-find/turbomole/=============================== Tstep:  117.1 Ttot:10837.7 ==
eandg
Spin: 
 Energy calculation finished, energy: -2.138694208E+03
Curvature at dimer midpoint                   -0.00293
Predicted dimer rotation angle:      3.592 deg
Next calculation will be the dimer endpoint after rotation
dl-find/turbomole/=============================== Tstep:  104.6 Ttot:10942.3 ==
eandg
Spin: 
 Energy calculation finished, energy: -2.138694208E+03
Curvature at dimer midpoint after rotation    -0.00220
Curvature at dimer minimum                    -0.00293
Actual dimer rotation angle:         0.107 deg
Dimer rotation converged after    1 steps
Writing TS-mode
Curvature after dimer rotation:               -0.00293
Frequency of transition mode  -278.390 cm^-1 (negative value denotes imaginary frequency)
Crossover temperature for tunnelling       63.74814 K
Restarting L-BFGS optimiser, instance: dimer rotation
Next calculation will be the dimer  midpoint
dl-find/turbomole/=============================== Tstep:   79.2 Ttot:11021.6 ==
eandg
Spin: 
 Energy calculation finished, energy: -2.138694220E+03
Testing convergence of dimer midpoint in cycle   39
    Energy  1.2872E-05 Target: 1.0000E-06 converged?   no
  Max step  2.5156E-02 Target: 1.8000E-03 converged?   no component   229
  RMS step  5.2045E-03 Target: 1.2000E-03 converged?   no
  Max grad  2.6303E-04 Target: 4.5000E-04 converged?  yes component    92
  RMS grad  7.3044E-05 Target: 3.0000E-04 converged?  yes
Next calculation will be the dimer endpoint before rotation
dl-find/turbomole/=============================== Tstep:  119.2 Ttot:11140.8 ==
eandg
Spin: 
 Energy calculation finished, energy: -2.138694220E+03
Curvature at dimer midpoint                   -0.00291
Predicted dimer rotation angle:      4.080 deg
Next calculation will be the dimer endpoint after rotation
dl-find/turbomole/=============================== Tstep:  104.2 Ttot:11245.1 ==
eandg
Spin: 
 Energy calculation finished, energy: -2.138694219E+03
Curvature at dimer midpoint after rotation    -0.00165
Curvature at dimer minimum                    -0.00292
Actual dimer rotation angle:         0.092 deg
Dimer rotation converged after    1 steps
Writing TS-mode
Curvature after dimer rotation:               -0.00292
Frequency of transition mode  -277.562 cm^-1 (negative value denotes imaginary frequency)
Crossover temperature for tunnelling       63.55859 K
Restarting L-BFGS optimiser, instance: dimer rotation
Next calculation will be the dimer  midpoint
dl-find/turbomole/=============================== Tstep:   80.0 Ttot:11325.0 ==
eandg
Spin: 
 Energy calculation finished, energy: -2.138694232E+03
Testing convergence of dimer midpoint in cycle   40
    Energy  1.2565E-05 Target: 1.0000E-06 converged?   no
  Max step  2.1511E-02 Target: 1.8000E-03 converged?   no component   229
  RMS step  4.3196E-03 Target: 1.2000E-03 converged?   no
  Max grad  3.1078E-04 Target: 4.5000E-04 converged?  yes component    83
  RMS grad  8.5122E-05 Target: 3.0000E-04 converged?  yes
Next calculation will be the dimer endpoint before rotation
dl-find/turbomole/=============================== Tstep:  114.8 Ttot:11439.8 ==
eandg
Spin: 
 Energy calculation finished, energy: -2.138694233E+03
Curvature at dimer midpoint                   -0.00292
Predicted dimer rotation angle:      2.943 deg
Next calculation will be the dimer endpoint after rotation
dl-find/turbomole/=============================== Tstep:  104.7 Ttot:11544.5 ==
eandg
Spin: 
 Energy calculation finished, energy: -2.138694233E+03
Curvature at dimer midpoint after rotation    -0.00259
Curvature at dimer minimum                    -0.00292
Actual dimer rotation angle:         0.126 deg
Dimer rotation converged after    1 steps
Writing TS-mode
Curvature after dimer rotation:               -0.00292
Frequency of transition mode  -277.719 cm^-1 (negative value denotes imaginary frequency)
Crossover temperature for tunnelling       63.59434 K
Restarting L-BFGS optimiser, instance: dimer rotation
Next calculation will be the dimer  midpoint
dl-find/turbomole/=============================== Tstep:   70.0 Ttot:11614.5 ==
eandg
Spin: 
 Energy calculation finished, energy: -2.138694251E+03
Testing convergence of dimer midpoint in cycle   41
    Energy  1.9087E-05 Target: 1.0000E-06 converged?   no
  Max step  5.8296E-02 Target: 1.8000E-03 converged?   no component   229
  RMS step  1.1821E-02 Target: 1.2000E-03 converged?   no
  Max grad  9.1259E-04 Target: 4.5000E-04 converged?   no component   244
  RMS grad  1.8956E-04 Target: 3.0000E-04 converged?  yes
Next calculation will be the dimer endpoint before rotation
dl-find/turbomole/=============================== Tstep:  115.7 Ttot:11730.3 ==
eandg
Spin: 
 Energy calculation finished, energy: -2.138694253E+03
Curvature at dimer midpoint                   -0.00292
Predicted dimer rotation angle:      4.786 deg
Next calculation will be the dimer endpoint after rotation
dl-find/turbomole/=============================== Tstep:  103.9 Ttot:11834.2 ==
eandg
Spin: 
 Energy calculation finished, energy: -2.138694253E+03
Curvature at dimer midpoint after rotation    -0.00112
Curvature at dimer minimum                    -0.00292
Actual dimer rotation angle:         0.104 deg
Dimer rotation converged after    1 steps
Writing TS-mode
Curvature after dimer rotation:               -0.00292
Frequency of transition mode  -277.711 cm^-1 (negative value denotes imaginary frequency)
Crossover temperature for tunnelling       63.59255 K
Restarting L-BFGS optimiser, instance: dimer rotation
Next calculation will be the dimer  midpoint
dl-find/turbomole/=============================== Tstep:   69.9 Ttot:11904.1 ==
eandg
Spin: 
 Energy calculation finished, energy: -2.138694268E+03
Testing convergence of dimer midpoint in cycle   42
    Energy  1.6369E-05 Target: 1.0000E-06 converged?   no
  Max step  2.9389E-02 Target: 1.8000E-03 converged?   no component   229
  RMS step  5.9846E-03 Target: 1.2000E-03 converged?   no
  Max grad  3.0376E-04 Target: 4.5000E-04 converged?  yes component    53
  RMS grad  8.7826E-05 Target: 3.0000E-04 converged?  yes
Next calculation will be the dimer endpoint before rotation
dl-find/turbomole/=============================== Tstep:  112.7 Ttot:12016.8 ==
eandg
Spin: 
 Energy calculation finished, energy: -2.138694268E+03
Curvature at dimer midpoint                   -0.00293
Predicted dimer rotation angle:      3.095 deg
Next calculation will be the dimer endpoint after rotation
dl-find/turbomole/=============================== Tstep:  103.9 Ttot:12120.7 ==
eandg
Spin: 
 Energy calculation finished, energy: -2.138694268E+03
Curvature at dimer midpoint after rotation    -0.00252
Curvature at dimer minimum                    -0.00293
Actual dimer rotation angle:         0.120 deg
Dimer rotation converged after    1 steps
Writing TS-mode
Curvature after dimer rotation:               -0.00293
Frequency of transition mode  -278.445 cm^-1 (negative value denotes imaginary frequency)
Crossover temperature for tunnelling       63.76063 K
Restarting L-BFGS optimiser, instance: dimer rotation
Next calculation will be the dimer  midpoint
dl-find/turbomole/=============================== Tstep:   74.0 Ttot:12194.6 ==
eandg
Spin: 
 Energy calculation finished, energy: -2.138694277E+03
Testing convergence of dimer midpoint in cycle   43
    Energy  9.6740E-06 Target: 1.0000E-06 converged?   no
  Max step  5.9513E-03 Target: 1.8000E-03 converged?   no component   241
  RMS step  1.2555E-03 Target: 1.2000E-03 converged?   no
  Max grad  2.3226E-04 Target: 4.5000E-04 converged?  yes component   190
  RMS grad  6.9252E-05 Target: 3.0000E-04 converged?  yes
Next calculation will be the dimer endpoint before rotation
dl-find/turbomole/=============================== Tstep:  107.9 Ttot:12302.5 ==
eandg
Spin: 
 Energy calculation finished, energy: -2.138694278E+03
Curvature at dimer midpoint                   -0.00294
Predicted dimer rotation angle:      3.581 deg
Next calculation will be the dimer endpoint after rotation
dl-find/turbomole/=============================== Tstep:  104.9 Ttot:12407.4 ==
eandg
Spin: 
 Energy calculation finished, energy: -2.138694278E+03
Curvature at dimer midpoint after rotation    -0.00189
Curvature at dimer minimum                    -0.00294
Actual dimer rotation angle:         0.075 deg
Dimer rotation converged after    1 steps
Writing TS-mode
Curvature after dimer rotation:               -0.00294
Frequency of transition mode  -278.556 cm^-1 (negative value denotes imaginary frequency)
Crossover temperature for tunnelling       63.78607 K
Restarting L-BFGS optimiser, instance: dimer rotation
Next calculation will be the dimer  midpoint
dl-find/turbomole/=============================== Tstep:   77.6 Ttot:12485.0 ==
eandg
Spin: 
 Energy calculation finished, energy: -2.138694285E+03
Testing convergence of dimer midpoint in cycle   44
    Energy  7.1830E-06 Target: 1.0000E-06 converged?   no
  Max step  2.0836E-02 Target: 1.8000E-03 converged?   no component   238
  RMS step  4.4187E-03 Target: 1.2000E-03 converged?   no
  Max grad  3.0396E-04 Target: 4.5000E-04 converged?  yes component   251
  RMS grad  7.8659E-05 Target: 3.0000E-04 converged?  yes
Next calculation will be the dimer endpoint before rotation
dl-find/turbomole/=============================== Tstep:  110.4 Ttot:12595.3 ==
eandg
Spin: 
 Energy calculation finished, energy: -2.138694285E+03
Curvature at dimer midpoint                   -0.00293
Predicted dimer rotation angle:      3.498 deg
Next calculation will be the dimer endpoint after rotation
dl-find/turbomole/=============================== Tstep:  104.1 Ttot:12699.5 ==
eandg
Spin: 
 Energy calculation finished, energy: -2.138694285E+03
Curvature at dimer midpoint after rotation    -0.00250
Curvature at dimer minimum                    -0.00293
Actual dimer rotation angle:         0.161 deg
Dimer rotation converged after    1 steps
Writing TS-mode
Curvature after dimer rotation:               -0.00293
Frequency of transition mode  -278.296 cm^-1 (negative value denotes imaginary frequency)
Crossover temperature for tunnelling       63.72659 K
Restarting L-BFGS optimiser, instance: dimer rotation
Next calculation will be the dimer  midpoint
dl-find/turbomole/=============================== Tstep:   78.6 Ttot:12778.1 ==
eandg
Spin: 
 Energy calculation finished, energy: -2.138694297E+03
Testing convergence of dimer midpoint in cycle   45
    Energy  1.2399E-05 Target: 1.0000E-06 converged?   no
  Max step  3.3215E-02 Target: 1.8000E-03 converged?   no component   238
  RMS step  7.2053E-03 Target: 1.2000E-03 converged?   no
  Max grad  1.0084E-03 Target: 4.5000E-04 converged?   no component   244
  RMS grad  1.4894E-04 Target: 3.0000E-04 converged?  yes
Next calculation will be the dimer endpoint before rotation
dl-find/turbomole/=============================== Tstep:  113.5 Ttot:12891.6 ==
eandg
Spin: 
 Energy calculation finished, energy: -2.138694297E+03
Curvature at dimer midpoint                   -0.00293
Predicted dimer rotation angle:      4.483 deg
Next calculation will be the dimer endpoint after rotation
dl-find/turbomole/=============================== Tstep:  104.7 Ttot:12996.3 ==
eandg
Spin: 
 Energy calculation finished, energy: -2.138694297E+03
Curvature at dimer midpoint after rotation    -0.00119
Curvature at dimer minimum                    -0.00293
Actual dimer rotation angle:         0.089 deg
Dimer rotation converged after    1 steps
Writing TS-mode
Curvature after dimer rotation:               -0.00293
Frequency of transition mode  -278.098 cm^-1 (negative value denotes imaginary frequency)
Crossover temperature for tunnelling       63.68112 K
Restarting L-BFGS optimiser, instance: dimer rotation
Next calculation will be the dimer  midpoint
dl-find/turbomole/=============================== Tstep:   79.5 Ttot:13075.8 ==
eandg
Spin: 
 Energy calculation finished, energy: -2.138694309E+03
Testing convergence of dimer midpoint in cycle   46
    Energy  1.2431E-05 Target: 1.0000E-06 converged?   no
  Max step  2.5003E-02 Target: 1.8000E-03 converged?   no component   238
  RMS step  5.4743E-03 Target: 1.2000E-03 converged?   no
  Max grad  3.5472E-04 Target: 4.5000E-04 converged?  yes component   247
  RMS grad  8.7638E-05 Target: 3.0000E-04 converged?  yes
Next calculation will be the dimer endpoint before rotation
dl-find/turbomole/=============================== Tstep:  118.7 Ttot:13194.5 ==
eandg
Spin: 
 Energy calculation finished, energy: -2.138694310E+03
Curvature at dimer midpoint                   -0.00294
Predicted dimer rotation angle:      3.156 deg
Next calculation will be the dimer endpoint after rotation
dl-find/turbomole/=============================== Tstep:  104.5 Ttot:13298.9 ==
eandg
Spin: 
 Energy calculation finished, energy: -2.138694311E+03
Curvature at dimer midpoint after rotation    -0.00256
Curvature at dimer minimum                    -0.00294
Actual dimer rotation angle:         0.134 deg
Dimer rotation converged after    1 steps
Writing TS-mode
Curvature after dimer rotation:               -0.00294
Frequency of transition mode  -278.862 cm^-1 (negative value denotes imaginary frequency)
Crossover temperature for tunnelling       63.85625 K
Restarting L-BFGS optimiser, instance: dimer rotation
Next calculation will be the dimer  midpoint
dl-find/turbomole/=============================== Tstep:   75.4 Ttot:13374.3 ==
eandg
Spin: 
 Energy calculation finished, energy: -2.138694324E+03
Testing convergence of dimer midpoint in cycle   47
    Energy  1.4548E-05 Target: 1.0000E-06 converged?   no
  Max step  2.8777E-02 Target: 1.8000E-03 converged?   no component   229
  RMS step  6.4100E-03 Target: 1.2000E-03 converged?   no
  Max grad  2.6341E-04 Target: 4.5000E-04 converged?  yes component    65
  RMS grad  6.4594E-05 Target: 3.0000E-04 converged?  yes
Next calculation will be the dimer endpoint before rotation
dl-find/turbomole/=============================== Tstep:  116.4 Ttot:13490.7 ==
eandg
Spin: 
 Energy calculation finished, energy: -2.138694324E+03
Curvature at dimer midpoint                   -0.00289
Predicted dimer rotation angle:      4.426 deg
Next calculation will be the dimer endpoint after rotation
dl-find/turbomole/=============================== Tstep:   97.4 Ttot:13588.1 ==
eandg
Spin: 
 Energy calculation finished, energy: -2.138694324E+03
Curvature at dimer midpoint after rotation    -0.00121
Curvature at dimer minimum                    -0.00289
Actual dimer rotation angle:         0.088 deg
Dimer rotation converged after    1 steps
Writing TS-mode
Curvature after dimer rotation:               -0.00289
Frequency of transition mode  -276.559 cm^-1 (negative value denotes imaginary frequency)
Crossover temperature for tunnelling       63.32881 K
Restarting L-BFGS optimiser, instance: dimer rotation
Next calculation will be the dimer  midpoint
dl-find/turbomole/=============================== Tstep:   76.7 Ttot:13664.8 ==
eandg
Spin: 
 Energy calculation finished, energy: -2.138694327E+03
Testing convergence of dimer midpoint in cycle   48
    Energy  2.7810E-06 Target: 1.0000E-06 converged?   no
  Max step  2.3562E-02 Target: 1.8000E-03 converged?   no component   229
  RMS step  5.2626E-03 Target: 1.2000E-03 converged?   no
  Max grad  4.8733E-04 Target: 4.5000E-04 converged?   no component   244
  RMS grad  7.6857E-05 Target: 3.0000E-04 converged?  yes
Next calculation will be the dimer endpoint before rotation
dl-find/turbomole/=============================== Tstep:   92.6 Ttot:13757.4 ==
eandg
Spin: 
 Energy calculation finished, energy: -2.138694339E+03
Curvature at dimer midpoint                   -0.00264
Predicted dimer rotation angle:     11.649 deg
Next calculation will be the dimer endpoint after rotation
dl-find/turbomole/=============================== Tstep:  101.4 Ttot:13858.8 ==
eandg
Spin: 
 Energy calculation finished, energy: -2.138694339E+03
Curvature at dimer midpoint after rotation     0.00146
Curvature at dimer minimum                    -0.00265
Actual dimer rotation angle:         0.583 deg
Dimer rotation converged after    1 steps
Writing TS-mode
Curvature after dimer rotation:               -0.00265
Frequency of transition mode  -264.545 cm^-1 (negative value denotes imaginary frequency)
Crossover temperature for tunnelling       60.57784 K
Restarting L-BFGS optimiser, instance: dimer rotation
Next calculation will be the dimer  midpoint
dl-find/turbomole/=============================== Tstep:   89.5 Ttot:13948.3 ==
eandg
Spin: 
 Energy calculation finished, energy: -2.138694348E+03
Testing convergence of dimer midpoint in cycle   49
    Energy  2.1498E-05 Target: 1.0000E-06 converged?   no
  Max step  3.5223E-02 Target: 1.8000E-03 converged?   no component   229
  RMS step  7.7302E-03 Target: 1.2000E-03 converged?   no
  Max grad  7.6698E-04 Target: 4.5000E-04 converged?   no component   190
  RMS grad  1.3077E-04 Target: 3.0000E-04 converged?  yes
Next calculation will be the dimer endpoint before rotation
dl-find/turbomole/=============================== Tstep:  121.7 Ttot:14070.0 ==
eandg
Spin: 
 Energy calculation finished, energy: -2.138694348E+03
Curvature at dimer midpoint                   -0.00284
Predicted dimer rotation angle:     11.383 deg
Next calculation will be the dimer endpoint after rotation
dl-find/turbomole/=============================== Tstep:  105.9 Ttot:14175.9 ==
eandg
Spin: 
 Energy calculation finished, energy: -2.138694346E+03
Curvature at dimer midpoint after rotation     0.00384
Curvature at dimer minimum                    -0.00285
Actual dimer rotation angle:         0.373 deg
Dimer rotation converged after    1 steps
Writing TS-mode
Curvature after dimer rotation:               -0.00285
Frequency of transition mode  -274.438 cm^-1 (negative value denotes imaginary frequency)
Crossover temperature for tunnelling       62.84304 K
Restarting L-BFGS optimiser, instance: dimer rotation
Next calculation will be the dimer  midpoint
dl-find/turbomole/=============================== Tstep:   93.0 Ttot:14268.8 ==
eandg
Spin: 
 Energy calculation finished, energy: -2.138694357E+03
Testing convergence of dimer midpoint in cycle   50
    Energy  9.2150E-06 Target: 1.0000E-06 converged?   no
  Max step  3.6059E-03 Target: 1.8000E-03 converged?   no component   241
  RMS step  8.2133E-04 Target: 1.2000E-03 converged?  yes
  Max grad  2.2765E-04 Target: 4.5000E-04 converged?  yes component   247
  RMS grad  5.6286E-05 Target: 3.0000E-04 converged?  yes
Next calculation will be the dimer endpoint before rotation
dl-find/turbomole/=============================== Tstep:  102.4 Ttot:14371.3 ==
eandg
Spin: 
 Energy calculation finished, energy: -2.138694358E+03
Curvature at dimer midpoint                   -0.00283
Predicted dimer rotation angle:      7.806 deg
Next calculation will be the dimer endpoint after rotation
dl-find/turbomole/=============================== Tstep:  105.6 Ttot:14476.8 ==
eandg
Spin: 
 Energy calculation finished, energy: -2.138694356E+03
Curvature at dimer midpoint after rotation     0.00293
Curvature at dimer minimum                    -0.00283
Actual dimer rotation angle:         0.140 deg
Dimer rotation converged after    1 steps
Writing TS-mode
Curvature after dimer rotation:               -0.00283
Frequency of transition mode  -273.677 cm^-1 (negative value denotes imaginary frequency)
Crossover temperature for tunnelling       62.66898 K
Restarting L-BFGS optimiser, instance: dimer rotation
Next calculation will be the dimer  midpoint
dl-find/turbomole/=============================== Tstep:   87.7 Ttot:14564.6 ==
eandg
Spin: 
 Energy calculation finished, energy: -2.138694362E+03
Testing convergence of dimer midpoint in cycle   51
    Energy  4.6110E-06 Target: 1.0000E-06 converged?   no
  Max step  4.2195E-03 Target: 1.8000E-03 converged?   no component   241
  RMS step  9.6679E-04 Target: 1.2000E-03 converged?  yes
  Max grad  1.7314E-04 Target: 4.5000E-04 converged?  yes component    65
  RMS grad  4.9241E-05 Target: 3.0000E-04 converged?  yes
Next calculation will be the dimer endpoint before rotation
dl-find/turbomole/=============================== Tstep:  116.4 Ttot:14681.0 ==
eandg
Spin: 
 Energy calculation finished, energy: -2.138694362E+03
Curvature at dimer midpoint                   -0.00284
Predicted dimer rotation angle:      3.570 deg
Next calculation will be the dimer endpoint after rotation
dl-find/turbomole/=============================== Tstep:  105.6 Ttot:14786.6 ==
eandg
Spin: 
 Energy calculation finished, energy: -2.138694362E+03
Curvature at dimer midpoint after rotation    -0.00224
Curvature at dimer minimum                    -0.00284
Actual dimer rotation angle:         0.123 deg
Dimer rotation converged after    1 steps
Writing TS-mode
Curvature after dimer rotation:               -0.00284
Frequency of transition mode  -273.900 cm^-1 (negative value denotes imaginary frequency)
Crossover temperature for tunnelling       62.71984 K
Restarting L-BFGS optimiser, instance: dimer rotation
Next calculation will be the dimer  midpoint
dl-find/turbomole/=============================== Tstep:   85.0 Ttot:14871.7 ==
eandg
Spin: 
 Energy calculation finished, energy: -2.138694370E+03
Testing convergence of dimer midpoint in cycle   52
    Energy  8.0750E-06 Target: 1.0000E-06 converged?   no
  Max step  1.0305E-02 Target: 1.8000E-03 converged?   no component   229
  RMS step  2.0077E-03 Target: 1.2000E-03 converged?   no
  Max grad  2.2068E-04 Target: 4.5000E-04 converged?  yes component   190
  RMS grad  5.3247E-05 Target: 3.0000E-04 converged?  yes
Next calculation will be the dimer endpoint before rotation
dl-find/turbomole/=============================== Tstep:  109.9 Ttot:14981.5 ==
eandg
Spin: 
 Energy calculation finished, energy: -2.138694370E+03
Curvature at dimer midpoint                   -0.00282
Predicted dimer rotation angle:      3.379 deg
Next calculation will be the dimer endpoint after rotation
dl-find/turbomole/=============================== Tstep:  104.9 Ttot:15086.4 ==
eandg
Spin: 
 Energy calculation finished, energy: -2.138694370E+03
Curvature at dimer midpoint after rotation    -0.00191
Curvature at dimer minimum                    -0.00282
Actual dimer rotation angle:         0.070 deg
Dimer rotation converged after    1 steps
Writing TS-mode
Curvature after dimer rotation:               -0.00282
Frequency of transition mode  -273.127 cm^-1 (negative value denotes imaginary frequency)
Crossover temperature for tunnelling       62.54304 K
Restarting L-BFGS optimiser, instance: dimer rotation
Next calculation will be the dimer  midpoint
dl-find/turbomole/=============================== Tstep:   70.5 Ttot:15157.0 ==
eandg
Spin: 
 Energy calculation finished, energy: -2.138694373E+03
Testing convergence of dimer midpoint in cycle   53
    Energy  2.6680E-06 Target: 1.0000E-06 converged?   no
  Max step  2.5632E-02 Target: 1.8000E-03 converged?   no component   229
  RMS step  4.8091E-03 Target: 1.2000E-03 converged?   no
  Max grad  5.1738E-04 Target: 4.5000E-04 converged?   no component    43
  RMS grad  8.1869E-05 Target: 3.0000E-04 converged?  yes
Next calculation will be the dimer endpoint before rotation
dl-find/turbomole/=============================== Tstep:  116.0 Ttot:15273.0 ==
eandg
Spin: 
 Energy calculation finished, energy: -2.138694371E+03
Curvature at dimer midpoint                   -0.00279
Predicted dimer rotation angle:      3.283 deg
Next calculation will be the dimer endpoint after rotation
dl-find/turbomole/=============================== Tstep:  105.2 Ttot:15378.1 ==
eandg
Spin: 
 Energy calculation finished, energy: -2.138694371E+03
Curvature at dimer midpoint after rotation    -0.00234
Curvature at dimer minimum                    -0.00279
Actual dimer rotation angle:         0.123 deg
Dimer rotation converged after    1 steps
Writing TS-mode
Curvature after dimer rotation:               -0.00279
Frequency of transition mode  -271.601 cm^-1 (negative value denotes imaginary frequency)
Crossover temperature for tunnelling       62.19347 K
Restarting L-BFGS optimiser, instance: dimer rotation
Next calculation will be the dimer  midpoint
dl-find/turbomole/=============================== Tstep:   80.5 Ttot:15458.7 ==
eandg
Spin: 
 Energy calculation finished, energy: -2.138694388E+03
Testing convergence of dimer midpoint in cycle   54
    Energy  1.4865E-05 Target: 1.0000E-06 converged?   no
  Max step  3.3746E-02 Target: 1.8000E-03 converged?   no component   229
  RMS step  6.2955E-03 Target: 1.2000E-03 converged?   no
  Max grad  5.3645E-04 Target: 4.5000E-04 converged?   no component   190
  RMS grad  8.7565E-05 Target: 3.0000E-04 converged?  yes
Next calculation will be the dimer endpoint before rotation
dl-find/turbomole/=============================== Tstep:  120.5 Ttot:15579.2 ==
eandg
Spin: 
 Energy calculation finished, energy: -2.138694388E+03
Curvature at dimer midpoint                   -0.00278
Predicted dimer rotation angle:      3.787 deg
Next calculation will be the dimer endpoint after rotation
dl-find/turbomole/=============================== Tstep:  105.1 Ttot:15684.3 ==
eandg
Spin: 
 Energy calculation finished, energy: -2.138694389E+03
Curvature at dimer midpoint after rotation    -0.00176
Curvature at dimer minimum                    -0.00279
Actual dimer rotation angle:         0.086 deg
Dimer rotation converged after    1 steps
Writing TS-mode
Curvature after dimer rotation:               -0.00279
Frequency of transition mode  -271.290 cm^-1 (negative value denotes imaginary frequency)
Crossover temperature for tunnelling       62.12220 K
Restarting L-BFGS optimiser, instance: dimer rotation
Next calculation will be the dimer  midpoint
dl-find/turbomole/=============================== Tstep:   77.2 Ttot:15761.5 ==
eandg
Spin: 
 Energy calculation finished, energy: -2.138694392E+03
Testing convergence of dimer midpoint in cycle   55
    Energy  4.5080E-06 Target: 1.0000E-06 converged?   no
  Max step  2.5216E-03 Target: 1.8000E-03 converged?   no component   241
  RMS step  6.0235E-04 Target: 1.2000E-03 converged?  yes
  Max grad  1.4282E-04 Target: 4.5000E-04 converged?  yes component   228
  RMS grad  4.1020E-05 Target: 3.0000E-04 converged?  yes
Next calculation will be the dimer endpoint before rotation
dl-find/turbomole/=============================== Tstep:  104.7 Ttot:15866.2 ==
eandg
Spin: 
 Energy calculation finished, energy: -2.138694392E+03
Curvature at dimer midpoint                   -0.00280
Predicted dimer rotation angle:      3.281 deg
Next calculation will be the dimer endpoint after rotation
dl-find/turbomole/=============================== Tstep:  105.4 Ttot:15971.6 ==
eandg
Spin: 
 Energy calculation finished, energy: -2.138694392E+03
Curvature at dimer midpoint after rotation    -0.00210
Curvature at dimer minimum                    -0.00280
Actual dimer rotation angle:         0.082 deg
Dimer rotation converged after    1 steps
Writing TS-mode
Curvature after dimer rotation:               -0.00280
Frequency of transition mode  -272.156 cm^-1 (negative value denotes imaginary frequency)
Crossover temperature for tunnelling       62.32064 K
Restarting L-BFGS optimiser, instance: dimer rotation
Next calculation will be the dimer  midpoint
dl-find/turbomole/=============================== Tstep:   76.0 Ttot:16047.6 ==
eandg
Spin: 
 Energy calculation finished, energy: -2.138694392E+03
Testing convergence of dimer midpoint in cycle   56
    Energy  3.9000E-08 Target: 1.0000E-06 converged?  yes
  Max step  3.2535E-03 Target: 1.8000E-03 converged?   no component   220
  RMS step  8.3389E-04 Target: 1.2000E-03 converged?  yes
  Max grad  2.1713E-04 Target: 4.5000E-04 converged?  yes component   190
  RMS grad  4.5936E-05 Target: 3.0000E-04 converged?  yes
Next calculation will be the dimer endpoint before rotation
dl-find/turbomole/=============================== Tstep:  104.3 Ttot:16152.0 ==
eandg
Spin: 
 Energy calculation finished, energy: -2.138694392E+03
Curvature at dimer midpoint                   -0.00278
Predicted dimer rotation angle:      3.321 deg
Next calculation will be the dimer endpoint after rotation
dl-find/turbomole/=============================== Tstep:  104.5 Ttot:16256.5 ==
eandg
Spin: 
 Energy calculation finished, energy: -2.138694391E+03
Curvature at dimer midpoint after rotation    -0.00193
Curvature at dimer minimum                    -0.00278
Actual dimer rotation angle:         0.070 deg
Dimer rotation converged after    1 steps
Writing TS-mode
Curvature after dimer rotation:               -0.00278
Frequency of transition mode  -270.851 cm^-1 (negative value denotes imaginary frequency)
Crossover temperature for tunnelling       62.02173 K
Restarting L-BFGS optimiser, instance: dimer rotation
Next calculation will be the dimer  midpoint
dl-find/turbomole/=============================== Tstep:   79.7 Ttot:16336.2 ==
eandg
Spin: 
 Energy calculation finished, energy: -2.138694396E+03
Testing convergence of dimer midpoint in cycle   57
    Energy  3.9760E-06 Target: 1.0000E-06 converged?   no
  Max step  9.4081E-03 Target: 1.8000E-03 converged?   no component   229
  RMS step  1.9571E-03 Target: 1.2000E-03 converged?   no
  Max grad  3.6739E-04 Target: 4.5000E-04 converged?  yes component   190
  RMS grad  6.0290E-05 Target: 3.0000E-04 converged?  yes
Next calculation will be the dimer endpoint before rotation
dl-find/turbomole/=============================== Tstep:  120.5 Ttot:16456.6 ==
eandg
Spin: 
 Energy calculation finished, energy: -2.138694394E+03
Curvature at dimer midpoint                   -0.00278
Predicted dimer rotation angle:      3.087 deg
Next calculation will be the dimer endpoint after rotation
dl-find/turbomole/=============================== Tstep:  105.4 Ttot:16562.0 ==
eandg
Spin: 
 Energy calculation finished, energy: -2.138694394E+03
Curvature at dimer midpoint after rotation    -0.00232
Curvature at dimer minimum                    -0.00278
Actual dimer rotation angle:         0.103 deg
Dimer rotation converged after    1 steps
Writing TS-mode
Curvature after dimer rotation:               -0.00278
Frequency of transition mode  -270.840 cm^-1 (negative value denotes imaginary frequency)
Crossover temperature for tunnelling       62.01912 K
Restarting L-BFGS optimiser, instance: dimer rotation
Next calculation will be the dimer  midpoint
dl-find/turbomole/=============================== Tstep:   80.3 Ttot:16642.3 ==
eandg
Spin: 
 Energy calculation finished, energy: -2.138694406E+03
Testing convergence of dimer midpoint in cycle   58
    Energy  9.9540E-06 Target: 1.0000E-06 converged?   no
  Max step  2.9780E-02 Target: 1.8000E-03 converged?   no component   229
  RMS step  6.1848E-03 Target: 1.2000E-03 converged?   no
  Max grad  8.2715E-04 Target: 4.5000E-04 converged?   no component    43
  RMS grad  1.3323E-04 Target: 3.0000E-04 converged?  yes
Next calculation will be the dimer endpoint before rotation
dl-find/turbomole/=============================== Tstep:  117.7 Ttot:16760.0 ==
eandg
Spin: 
 Energy calculation finished, energy: -2.138694406E+03
Curvature at dimer midpoint                   -0.00277
Predicted dimer rotation angle:      3.761 deg
Next calculation will be the dimer endpoint after rotation
dl-find/turbomole/=============================== Tstep:  105.8 Ttot:16865.8 ==
eandg
Spin: 
 Energy calculation finished, energy: -2.138694406E+03
Curvature at dimer midpoint after rotation    -0.00181
Curvature at dimer minimum                    -0.00277
Actual dimer rotation angle:         0.090 deg
Dimer rotation converged after    1 steps
Writing TS-mode
Curvature after dimer rotation:               -0.00277
Frequency of transition mode  -270.371 cm^-1 (negative value denotes imaginary frequency)
Crossover temperature for tunnelling       61.91192 K
Restarting L-BFGS optimiser, instance: dimer rotation
Next calculation will be the dimer  midpoint
dl-find/turbomole/=============================== Tstep:   81.0 Ttot:16946.8 ==
eandg
Spin: 
 Energy calculation finished, energy: -2.138694404E+03
Testing convergence of dimer midpoint in cycle   59
    Energy  1.8530E-06 Target: 1.0000E-06 converged?   no
  Max step  2.3653E-02 Target: 1.8000E-03 converged?   no component   229
  RMS step  4.8989E-03 Target: 1.2000E-03 converged?   no
  Max grad  2.4475E-04 Target: 4.5000E-04 converged?  yes component   190
  RMS grad  6.8682E-05 Target: 3.0000E-04 converged?  yes
Next calculation will be the dimer endpoint before rotation
dl-find/turbomole/=============================== Tstep:  113.8 Ttot:17060.6 ==
eandg
Spin: 
 Energy calculation finished, energy: -2.138694403E+03
Curvature at dimer midpoint                   -0.00275
Predicted dimer rotation angle:      2.990 deg
Next calculation will be the dimer endpoint after rotation
dl-find/turbomole/=============================== Tstep:  104.9 Ttot:17165.6 ==
eandg
Spin: 
 Energy calculation finished, energy: -2.138694404E+03
Curvature at dimer midpoint after rotation    -0.00224
Curvature at dimer minimum                    -0.00275
Actual dimer rotation angle:         0.084 deg
Dimer rotation converged after    1 steps
Writing TS-mode
Curvature after dimer rotation:               -0.00275
Frequency of transition mode  -269.551 cm^-1 (negative value denotes imaginary frequency)
Crossover temperature for tunnelling       61.72403 K
Restarting L-BFGS optimiser, instance: dimer rotation
Next calculation will be the dimer  midpoint
dl-find/turbomole/=============================== Tstep:   70.2 Ttot:17235.7 ==
eandg
Spin: 
 Energy calculation finished, energy: -2.138694416E+03
Testing convergence of dimer midpoint in cycle   60
    Energy  1.1305E-05 Target: 1.0000E-06 converged?   no
  Max step  1.5410E-02 Target: 1.8000E-03 converged?   no component   229
  RMS step  3.2707E-03 Target: 1.2000E-03 converged?   no
  Max grad  2.0863E-04 Target: 4.5000E-04 converged?  yes component    16
  RMS grad  5.6650E-05 Target: 3.0000E-04 converged?  yes
Next calculation will be the dimer endpoint before rotation
dl-find/turbomole/=============================== Tstep:  114.9 Ttot:17350.6 ==
eandg
Spin: 
 Energy calculation finished, energy: -2.138694415E+03
Curvature at dimer midpoint                   -0.00274
Predicted dimer rotation angle:      3.173 deg
Next calculation will be the dimer endpoint after rotation
dl-find/turbomole/=============================== Tstep:  105.0 Ttot:17455.6 ==
eandg
Spin: 
 Energy calculation finished, energy: -2.138694414E+03
Curvature at dimer midpoint after rotation    -0.00205
Curvature at dimer minimum                    -0.00274
Actual dimer rotation angle:         0.074 deg
Dimer rotation converged after    1 steps
Writing TS-mode
Curvature after dimer rotation:               -0.00274
Frequency of transition mode  -268.957 cm^-1 (negative value denotes imaginary frequency)
Crossover temperature for tunnelling       61.58806 K
Restarting L-BFGS optimiser, instance: dimer rotation
Next calculation will be the dimer  midpoint
dl-find/turbomole/=============================== Tstep:   74.8 Ttot:17530.4 ==
eandg
Spin: 
 Energy calculation finished, energy: -2.138694428E+03
Testing convergence of dimer midpoint in cycle   61
    Energy  1.2210E-05 Target: 1.0000E-06 converged?   no
  Max step  2.5226E-02 Target: 1.8000E-03 converged?   no component   229
  RMS step  5.5235E-03 Target: 1.2000E-03 converged?   no
  Max grad  2.2956E-04 Target: 4.5000E-04 converged?  yes component   190
  RMS grad  6.6969E-05 Target: 3.0000E-04 converged?  yes
Next calculation will be the dimer endpoint before rotation
dl-find/turbomole/=============================== Tstep:  120.6 Ttot:17651.0 ==
eandg
Spin: 
 Energy calculation finished, energy: -2.138694427E+03
Curvature at dimer midpoint                   -0.00272
Predicted dimer rotation angle:      2.771 deg
Next calculation will be the dimer endpoint after rotation
dl-find/turbomole/=============================== Tstep:  105.0 Ttot:17756.0 ==
eandg
Spin: 
 Energy calculation finished, energy: -2.138694427E+03
Curvature at dimer midpoint after rotation    -0.00241
Curvature at dimer minimum                    -0.00272
Actual dimer rotation angle:         0.105 deg
Dimer rotation converged after    1 steps
Writing TS-mode
Curvature after dimer rotation:               -0.00272
Frequency of transition mode  -268.016 cm^-1 (negative value denotes imaginary frequency)
Crossover temperature for tunnelling       61.37265 K
Restarting L-BFGS optimiser, instance: dimer rotation
Next calculation will be the dimer  midpoint
dl-find/turbomole/=============================== Tstep:   74.3 Ttot:17830.3 ==
eandg
Spin: 
 Energy calculation finished, energy: -2.138694435E+03
Testing convergence of dimer midpoint in cycle   62
    Energy  7.3640E-06 Target: 1.0000E-06 converged?   no
  Max step  2.5480E-02 Target: 1.8000E-03 converged?   no component   229
  RMS step  5.8793E-03 Target: 1.2000E-03 converged?   no
  Max grad  8.4261E-04 Target: 4.5000E-04 converged?   no component    50
  RMS grad  1.1330E-04 Target: 3.0000E-04 converged?  yes
Next calculation will be the dimer endpoint before rotation
dl-find/turbomole/=============================== Tstep:  119.8 Ttot:17950.0 ==
eandg
Spin: 
 Energy calculation finished, energy: -2.138694434E+03
Curvature at dimer midpoint                   -0.00273
Predicted dimer rotation angle:      4.802 deg
Next calculation will be the dimer endpoint after rotation
dl-find/turbomole/=============================== Tstep:  105.2 Ttot:18055.3 ==
eandg
Spin: 
 Energy calculation finished, energy: -2.138694434E+03
Curvature at dimer midpoint after rotation    -0.00098
Curvature at dimer minimum                    -0.00273
Actual dimer rotation angle:         0.101 deg
Dimer rotation converged after    1 steps
Writing TS-mode
Curvature after dimer rotation:               -0.00273
Frequency of transition mode  -268.645 cm^-1 (negative value denotes imaginary frequency)
Crossover temperature for tunnelling       61.51653 K
Restarting L-BFGS optimiser, instance: dimer rotation
Next calculation will be the dimer  midpoint
dl-find/turbomole/=============================== Tstep:   75.1 Ttot:18130.4 ==
eandg
Spin: 
 Energy calculation finished, energy: -2.138694472E+03
Testing convergence of dimer midpoint in cycle   63
    Energy  3.7021E-05 Target: 1.0000E-06 converged?   no
  Max step  2.5819E-02 Target: 1.8000E-03 converged?   no component   229
  RMS step  5.7057E-03 Target: 1.2000E-03 converged?   no
  Max grad  2.5976E-04 Target: 4.5000E-04 converged?  yes component   190
  RMS grad  6.0583E-05 Target: 3.0000E-04 converged?  yes
Next calculation will be the dimer endpoint before rotation
dl-find/turbomole/=============================== Tstep:  116.6 Ttot:18247.0 ==
eandg
Spin: 
 Energy calculation finished, energy: -2.138694471E+03
Curvature at dimer midpoint                   -0.00267
Predicted dimer rotation angle:      4.300 deg
Next calculation will be the dimer endpoint after rotation
dl-find/turbomole/=============================== Tstep:  104.4 Ttot:18351.4 ==
eandg
Spin: 
 Energy calculation finished, energy: -2.138694471E+03
Curvature at dimer midpoint after rotation    -0.00124
Curvature at dimer minimum                    -0.00267
Actual dimer rotation angle:         0.087 deg
Dimer rotation converged after    1 steps
Writing TS-mode
Curvature after dimer rotation:               -0.00267
Frequency of transition mode  -265.709 cm^-1 (negative value denotes imaginary frequency)
Crossover temperature for tunnelling       60.84433 K
Restarting L-BFGS optimiser, instance: dimer rotation
Next calculation will be the dimer  midpoint
dl-find/turbomole/=============================== Tstep:   76.2 Ttot:18427.7 ==
eandg
Spin: 
 Energy calculation finished, energy: -2.138694483E+03
Testing convergence of dimer midpoint in cycle   64
    Energy  1.0435E-05 Target: 1.0000E-06 converged?   no
  Max step  7.4160E-03 Target: 1.8000E-03 converged?   no component    96
  RMS step  2.1816E-03 Target: 1.2000E-03 converged?   no
  Max grad  2.0290E-04 Target: 4.5000E-04 converged?  yes component    24
  RMS grad  4.4325E-05 Target: 3.0000E-04 converged?  yes
Next calculation will be the dimer endpoint before rotation
dl-find/turbomole/=============================== Tstep:  109.2 Ttot:18536.9 ==
eandg
Spin: 
 Energy calculation finished, energy: -2.138694481E+03
Curvature at dimer midpoint                   -0.00267
Predicted dimer rotation angle:      3.071 deg
Next calculation will be the dimer endpoint after rotation
dl-find/turbomole/=============================== Tstep:  103.6 Ttot:18640.5 ==
eandg
Spin: 
 Energy calculation finished, energy: -2.138694481E+03
Curvature at dimer midpoint after rotation    -0.00225
Curvature at dimer minimum                    -0.00267
Actual dimer rotation angle:         0.106 deg
Dimer rotation converged after    1 steps
Writing TS-mode
Curvature after dimer rotation:               -0.00267
Frequency of transition mode  -265.469 cm^-1 (negative value denotes imaginary frequency)
Crossover temperature for tunnelling       60.78924 K
Restarting L-BFGS optimiser, instance: dimer rotation
Next calculation will be the dimer  midpoint
dl-find/turbomole/=============================== Tstep:   72.6 Ttot:18713.1 ==
eandg
Spin: 
 Energy calculation finished, energy: -2.138694485E+03
Testing convergence of dimer midpoint in cycle   65
    Energy  2.8260E-06 Target: 1.0000E-06 converged?   no
  Max step  1.0398E-02 Target: 1.8000E-03 converged?   no component   229
  RMS step  2.8699E-03 Target: 1.2000E-03 converged?   no
  Max grad  1.8084E-04 Target: 4.5000E-04 converged?  yes component    50
  RMS grad  5.2342E-05 Target: 3.0000E-04 converged?  yes
Next calculation will be the dimer endpoint before rotation
dl-find/turbomole/=============================== Tstep:  113.2 Ttot:18826.3 ==
eandg
Spin: 
 Energy calculation finished, energy: -2.138694485E+03
Curvature at dimer midpoint                   -0.00266
Predicted dimer rotation angle:      3.813 deg
Next calculation will be the dimer endpoint after rotation
dl-find/turbomole/=============================== Tstep:   96.0 Ttot:18922.3 ==
eandg
Spin: 
 Energy calculation finished, energy: -2.138694485E+03
Curvature at dimer midpoint after rotation    -0.00156
Curvature at dimer minimum                    -0.00266
Actual dimer rotation angle:         0.079 deg
Dimer rotation converged after    1 steps
Writing TS-mode
Curvature after dimer rotation:               -0.00266
Frequency of transition mode  -264.946 cm^-1 (negative value denotes imaginary frequency)
Crossover temperature for tunnelling       60.66948 K
Restarting L-BFGS optimiser, instance: dimer rotation
Next calculation will be the dimer  midpoint
dl-find/turbomole/=============================== Tstep:   74.6 Ttot:18997.0 ==
eandg
Spin: 
 Energy calculation finished, energy: -2.138694487E+03
Testing convergence of dimer midpoint in cycle   66
    Energy  2.0250E-06 Target: 1.0000E-06 converged?   no
  Max step  1.5721E-02 Target: 1.8000E-03 converged?   no component   229
  RMS step  4.3293E-03 Target: 1.2000E-03 converged?   no
  Max grad  5.2250E-04 Target: 4.5000E-04 converged?   no component    50
  RMS grad  1.1091E-04 Target: 3.0000E-04 converged?  yes
Next calculation will be the dimer endpoint before rotation
dl-find/turbomole/=============================== Tstep:  104.3 Ttot:19101.2 ==
eandg
Spin: 
 Energy calculation finished, energy: -2.138694486E+03
Curvature at dimer midpoint                   -0.00264
Predicted dimer rotation angle:      3.021 deg
Next calculation will be the dimer endpoint after rotation
dl-find/turbomole/=============================== Tstep:  104.9 Ttot:19206.1 ==
eandg
Spin: 
 Energy calculation finished, energy: -2.138694486E+03
Curvature at dimer midpoint after rotation    -0.00217
Curvature at dimer minimum                    -0.00264
Actual dimer rotation angle:         0.089 deg
Dimer rotation converged after    1 steps
Writing TS-mode
Curvature after dimer rotation:               -0.00264
Frequency of transition mode  -264.334 cm^-1 (negative value denotes imaginary frequency)
Crossover temperature for tunnelling       60.52950 K
Restarting L-BFGS optimiser, instance: dimer rotation
Next calculation will be the dimer  midpoint
dl-find/turbomole/=============================== Tstep:   75.6 Ttot:19281.7 ==
eandg
Spin: 
 Energy calculation finished, energy: -2.138694492E+03
Testing convergence of dimer midpoint in cycle   67
    Energy  4.2770E-06 Target: 1.0000E-06 converged?   no
  Max step  3.1176E-03 Target: 1.8000E-03 converged?   no component    24
  RMS step  8.0432E-04 Target: 1.2000E-03 converged?  yes
  Max grad  1.8100E-04 Target: 4.5000E-04 converged?  yes component   190
  RMS grad  4.6180E-05 Target: 3.0000E-04 converged?  yes
Next calculation will be the dimer endpoint before rotation
dl-find/turbomole/=============================== Tstep:  104.6 Ttot:19386.3 ==
eandg
Spin: 
 Energy calculation finished, energy: -2.138694491E+03
Curvature at dimer midpoint                   -0.00266
Predicted dimer rotation angle:      2.990 deg
Next calculation will be the dimer endpoint after rotation
dl-find/turbomole/=============================== Tstep:  105.5 Ttot:19491.8 ==
eandg
Spin: 
 Energy calculation finished, energy: -2.138694491E+03
Curvature at dimer midpoint after rotation    -0.00201
Curvature at dimer minimum                    -0.00266
Actual dimer rotation angle:         0.064 deg
Dimer rotation converged after    1 steps
Writing TS-mode
Curvature after dimer rotation:               -0.00266
Frequency of transition mode  -265.057 cm^-1 (negative value denotes imaginary frequency)
Crossover temperature for tunnelling       60.69504 K
Restarting L-BFGS optimiser, instance: dimer rotation
Next calculation will be the dimer  midpoint
dl-find/turbomole/=============================== Tstep:   71.0 Ttot:19562.8 ==
eandg
Spin: 
 Energy calculation finished, energy: -2.138694496E+03
Testing convergence of dimer midpoint in cycle   68
    Energy  3.8760E-06 Target: 1.0000E-06 converged?   no
  Max step  4.8321E-03 Target: 1.8000E-03 converged?   no component   241
  RMS step  1.3328E-03 Target: 1.2000E-03 converged?   no
  Max grad  1.3246E-04 Target: 4.5000E-04 converged?  yes component   231
  RMS grad  3.6882E-05 Target: 3.0000E-04 converged?  yes
Next calculation will be the dimer endpoint before rotation
dl-find/turbomole/=============================== Tstep:   78.7 Ttot:19641.5 ==
eandg
Spin: 
 Energy calculation finished, energy: -2.138694495E+03
Curvature at dimer midpoint                   -0.00227
Predicted dimer rotation angle:      7.151 deg
Next calculation will be the dimer endpoint after rotation
dl-find/turbomole/=============================== Tstep:  103.5 Ttot:19745.1 ==
eandg
Spin: 
 Energy calculation finished, energy: -2.138694495E+03
Curvature at dimer midpoint after rotation    -0.00121
Curvature at dimer minimum                    -0.00228
Actual dimer rotation angle:         0.426 deg
Dimer rotation converged after    1 steps
Writing TS-mode
Curvature after dimer rotation:               -0.00228
Frequency of transition mode  -245.379 cm^-1 (negative value denotes imaginary frequency)
Crossover temperature for tunnelling       56.18901 K
Restarting L-BFGS optimiser, instance: dimer rotation
Next calculation will be the dimer  midpoint
dl-find/turbomole/=============================== Tstep:   88.6 Ttot:19833.7 ==
eandg
Spin: 
 Energy calculation finished, energy: -2.138694499E+03
Testing convergence of dimer midpoint in cycle   69
    Energy  3.8670E-06 Target: 1.0000E-06 converged?   no
  Max step  4.8876E-03 Target: 1.8000E-03 converged?   no component    24
  RMS step  1.4900E-03 Target: 1.2000E-03 converged?   no
  Max grad  2.4293E-04 Target: 4.5000E-04 converged?  yes component    50
  RMS grad  4.5987E-05 Target: 3.0000E-04 converged?  yes
Next calculation will be the dimer endpoint before rotation
dl-find/turbomole/=============================== Tstep:  109.2 Ttot:19942.9 ==
eandg
Spin: 
 Energy calculation finished, energy: -2.138694499E+03
Curvature at dimer midpoint                   -0.00266
Predicted dimer rotation angle:      8.347 deg
Next calculation will be the dimer endpoint after rotation
dl-find/turbomole/=============================== Tstep:  105.1 Ttot:20048.0 ==
eandg
Spin: 
 Energy calculation finished, energy: -2.138694498E+03
Curvature at dimer midpoint after rotation     0.00320
Curvature at dimer minimum                    -0.00266
Actual dimer rotation angle:         0.158 deg
Dimer rotation converged after    1 steps
Writing TS-mode
Curvature after dimer rotation:               -0.00266
Frequency of transition mode  -265.004 cm^-1 (negative value denotes imaginary frequency)
Crossover temperature for tunnelling       60.68295 K
Restarting L-BFGS optimiser, instance: dimer rotation
Next calculation will be the dimer  midpoint
dl-find/turbomole/=============================== Tstep:   91.9 Ttot:20140.0 ==
eandg
Spin: 
 Energy calculation finished, energy: -2.138694508E+03
Testing convergence of dimer midpoint in cycle   70
    Energy  8.7220E-06 Target: 1.0000E-06 converged?   no
  Max step  1.4689E-02 Target: 1.8000E-03 converged?   no component   229
  RMS step  3.8357E-03 Target: 1.2000E-03 converged?   no
  Max grad  2.9684E-04 Target: 4.5000E-04 converged?  yes component    43
  RMS grad  5.9008E-05 Target: 3.0000E-04 converged?  yes
Next calculation will be the dimer endpoint before rotation
dl-find/turbomole/=============================== Tstep:  110.9 Ttot:20250.9 ==
eandg
Spin: 
 Energy calculation finished, energy: -2.138694507E+03
Curvature at dimer midpoint                   -0.00267
Predicted dimer rotation angle:      4.610 deg
Next calculation will be the dimer endpoint after rotation
dl-find/turbomole/=============================== Tstep:  104.3 Ttot:20355.2 ==
eandg
Spin: 
 Energy calculation finished, energy: -2.138694507E+03
Curvature at dimer midpoint after rotation    -0.00126
Curvature at dimer minimum                    -0.00267
Actual dimer rotation angle:         0.109 deg
Dimer rotation converged after    1 steps
Writing TS-mode
Curvature after dimer rotation:               -0.00267
Frequency of transition mode  -265.575 cm^-1 (negative value denotes imaginary frequency)
Crossover temperature for tunnelling       60.81370 K
Restarting L-BFGS optimiser, instance: dimer rotation
Next calculation will be the dimer  midpoint
dl-find/turbomole/=============================== Tstep:   86.7 Ttot:20442.0 ==
eandg
Spin: 
 Energy calculation finished, energy: -2.138694507E+03
Testing convergence of dimer midpoint in cycle   71
    Energy  1.4640E-06 Target: 1.0000E-06 converged?   no
  Max step  2.3645E-02 Target: 1.8000E-03 converged?   no component    96
  RMS step  6.3250E-03 Target: 1.2000E-03 converged?   no
  Max grad  6.9174E-04 Target: 4.5000E-04 converged?   no component    61
  RMS grad  1.3741E-04 Target: 3.0000E-04 converged?  yes
Next calculation will be the dimer endpoint before rotation
dl-find/turbomole/=============================== Tstep:  116.4 Ttot:20558.3 ==
eandg
Spin: 
 Energy calculation finished, energy: -2.138694506E+03
Curvature at dimer midpoint                   -0.00271
Predicted dimer rotation angle:      3.194 deg
Next calculation will be the dimer endpoint after rotation
dl-find/turbomole/=============================== Tstep:  102.9 Ttot:20661.2 ==
eandg
Spin: 
 Energy calculation finished, energy: -2.138694506E+03
Curvature at dimer midpoint after rotation    -0.00229
Curvature at dimer minimum                    -0.00271
Actual dimer rotation angle:         0.120 deg
Dimer rotation converged after    1 steps
Writing TS-mode
Curvature after dimer rotation:               -0.00271
Frequency of transition mode  -267.686 cm^-1 (negative value denotes imaginary frequency)
Crossover temperature for tunnelling       61.29691 K
Restarting L-BFGS optimiser, instance: dimer rotation
Next calculation will be the dimer  midpoint
dl-find/turbomole/=============================== Tstep:   81.3 Ttot:20742.5 ==
eandg
Spin: 
 Energy calculation finished, energy: -2.138694519E+03
Testing convergence of dimer midpoint in cycle   72
    Energy  1.2202E-05 Target: 1.0000E-06 converged?   no
  Max step  4.7212E-03 Target: 1.8000E-03 converged?   no component   229
  RMS step  1.0355E-03 Target: 1.2000E-03 converged?  yes
  Max grad  1.2666E-04 Target: 4.5000E-04 converged?  yes component    71
  RMS grad  4.1847E-05 Target: 3.0000E-04 converged?  yes
Next calculation will be the dimer endpoint before rotation
dl-find/turbomole/=============================== Tstep:  114.3 Ttot:20856.8 ==
eandg
Spin: 
 Energy calculation finished, energy: -2.138694518E+03
Curvature at dimer midpoint                   -0.00270
Predicted dimer rotation angle:      3.475 deg
Next calculation will be the dimer endpoint after rotation
dl-find/turbomole/=============================== Tstep:  105.7 Ttot:20962.5 ==
eandg
Spin: 
 Energy calculation finished, energy: -2.138694518E+03
Curvature at dimer midpoint after rotation    -0.00159
Curvature at dimer minimum                    -0.00270
Actual dimer rotation angle:         0.060 deg
Dimer rotation converged after    1 steps
Writing TS-mode
Curvature after dimer rotation:               -0.00270
Frequency of transition mode  -267.021 cm^-1 (negative value denotes imaginary frequency)
Crossover temperature for tunnelling       61.14472 K
Restarting L-BFGS optimiser, instance: dimer rotation
Next calculation will be the dimer  midpoint
dl-find/turbomole/=============================== Tstep:   76.7 Ttot:21039.2 ==
eandg
Spin: 
 Energy calculation finished, energy: -2.138694521E+03
Testing convergence of dimer midpoint in cycle   73
    Energy  2.5860E-06 Target: 1.0000E-06 converged?   no
  Max step  2.6250E-03 Target: 1.8000E-03 converged?   no component   235
  RMS step  6.3911E-04 Target: 1.2000E-03 converged?  yes
  Max grad  1.2373E-04 Target: 4.5000E-04 converged?  yes component   253
  RMS grad  3.5766E-05 Target: 3.0000E-04 converged?  yes
Next calculation will be the dimer endpoint before rotation
dl-find/turbomole/=============================== Tstep:   96.7 Ttot:21135.8 ==
eandg
Spin: 
 Energy calculation finished, energy: -2.138694521E+03
Curvature at dimer midpoint                   -0.00269
Predicted dimer rotation angle:      1.811 deg
Dimer rotation converged after    0 steps
Writing TS-mode
Curvature after dimer rotation:               -0.00269
Frequency of transition mode  -266.531 cm^-1 (negative value denotes imaginary frequency)
Crossover temperature for tunnelling       61.03243 K
Restarting L-BFGS optimiser, instance: dimer rotation
Next calculation will be the dimer  midpoint
dl-find/turbomole/=============================== Tstep:  106.6 Ttot:21242.5 ==
eandg
Spin: 
 Energy calculation finished, energy: -2.138694536E+03
Testing convergence of dimer midpoint in cycle   74
    Energy  1.4827E-05 Target: 1.0000E-06 converged?   no
  Max step  8.1257E-03 Target: 1.8000E-03 converged?   no component    96
  RMS step  2.0380E-03 Target: 1.2000E-03 converged?   no
  Max grad  2.0060E-04 Target: 4.5000E-04 converged?  yes component   190
  RMS grad  4.6443E-05 Target: 3.0000E-04 converged?  yes
Next calculation will be the dimer endpoint before rotation
dl-find/turbomole/=============================== Tstep:  109.3 Ttot:21351.8 ==
eandg
Spin: 
 Energy calculation finished, energy: -2.138694536E+03
Curvature at dimer midpoint                   -0.00272
Predicted dimer rotation angle:      2.137 deg
Next calculation will be the dimer endpoint after rotation
dl-find/turbomole/=============================== Tstep:  105.8 Ttot:21457.6 ==
eandg
Spin: 
 Energy calculation finished, energy: -2.138694536E+03
Curvature at dimer midpoint after rotation    -0.00251
Curvature at dimer minimum                    -0.00272
Actual dimer rotation angle:         0.071 deg
Dimer rotation converged after    1 steps
Writing TS-mode
Curvature after dimer rotation:               -0.00272
Frequency of transition mode  -268.083 cm^-1 (negative value denotes imaginary frequency)
Crossover temperature for tunnelling       61.38782 K
Restarting L-BFGS optimiser, instance: dimer rotation
Next calculation will be the dimer  midpoint
dl-find/turbomole/=============================== Tstep:   74.8 Ttot:21532.4 ==
eandg
Spin: 
 Energy calculation finished, energy: -2.138694540E+03
Testing convergence of dimer midpoint in cycle   75
    Energy  3.2810E-06 Target: 1.0000E-06 converged?   no
  Max step  1.2762E-02 Target: 1.8000E-03 converged?   no component    96
  RMS step  3.3110E-03 Target: 1.2000E-03 converged?   no
  Max grad  3.3546E-04 Target: 4.5000E-04 converged?  yes component    61
  RMS grad  5.7630E-05 Target: 3.0000E-04 converged?  yes
Next calculation will be the dimer endpoint before rotation
dl-find/turbomole/=============================== Tstep:  106.6 Ttot:21638.9 ==
eandg
Spin: 
 Energy calculation finished, energy: -2.138694539E+03
Curvature at dimer midpoint                   -0.00273
Predicted dimer rotation angle:      2.171 deg
Next calculation will be the dimer endpoint after rotation
dl-find/turbomole/=============================== Tstep:  106.9 Ttot:21745.9 ==
eandg
Spin: 
 Energy calculation finished, energy: -2.138694539E+03
Curvature at dimer midpoint after rotation    -0.00243
Curvature at dimer minimum                    -0.00273
Actual dimer rotation angle:         0.054 deg
Dimer rotation converged after    1 steps
Writing TS-mode
Curvature after dimer rotation:               -0.00273
Frequency of transition mode  -268.706 cm^-1 (negative value denotes imaginary frequency)
Crossover temperature for tunnelling       61.53047 K
Restarting L-BFGS optimiser, instance: dimer rotation
Next calculation will be the dimer  midpoint
dl-find/turbomole/=============================== Tstep:   66.0 Ttot:21811.9 ==
eandg
Spin: 
 Energy calculation finished, energy: -2.138694541E+03
Testing convergence of dimer midpoint in cycle   76
    Energy  1.9010E-06 Target: 1.0000E-06 converged?   no
  Max step  2.7786E-02 Target: 1.8000E-03 converged?   no component    96
  RMS step  7.1571E-03 Target: 1.2000E-03 converged?   no
  Max grad  6.0019E-04 Target: 4.5000E-04 converged?   no component    83
  RMS grad  1.1693E-04 Target: 3.0000E-04 converged?  yes
Next calculation will be the dimer endpoint before rotation
dl-find/turbomole/=============================== Tstep:  113.8 Ttot:21925.7 ==
eandg
Spin: 
 Energy calculation finished, energy: -2.138694542E+03
Curvature at dimer midpoint                   -0.00280
Predicted dimer rotation angle:      3.103 deg
Next calculation will be the dimer endpoint after rotation
dl-find/turbomole/=============================== Tstep:  105.6 Ttot:22031.4 ==
eandg
Spin: 
 Energy calculation finished, energy: -2.138694542E+03
Curvature at dimer midpoint after rotation    -0.00227
Curvature at dimer minimum                    -0.00280
Actual dimer rotation angle:         0.090 deg
Dimer rotation converged after    1 steps
Writing TS-mode
Curvature after dimer rotation:               -0.00280
Frequency of transition mode  -272.124 cm^-1 (negative value denotes imaginary frequency)
Crossover temperature for tunnelling       62.31333 K
Restarting L-BFGS optimiser, instance: dimer rotation
Next calculation will be the dimer  midpoint
dl-find/turbomole/=============================== Tstep:   75.7 Ttot:22107.1 ==
eandg
Spin: 
 Energy calculation finished, energy: -2.138694549E+03
Testing convergence of dimer midpoint in cycle   77
    Energy  7.3360E-06 Target: 1.0000E-06 converged?   no
  Max step  5.3241E-03 Target: 1.8000E-03 converged?   no component   235
  RMS step  1.3138E-03 Target: 1.2000E-03 converged?   no
  Max grad  1.5901E-04 Target: 4.5000E-04 converged?  yes component    66
  RMS grad  3.4937E-05 Target: 3.0000E-04 converged?  yes
Next calculation will be the dimer endpoint before rotation
dl-find/turbomole/=============================== Tstep:  113.9 Ttot:22221.0 ==
eandg
Spin: 
 Energy calculation finished, energy: -2.138694550E+03
Curvature at dimer midpoint                   -0.00280
Predicted dimer rotation angle:      3.021 deg
Next calculation will be the dimer endpoint after rotation
dl-find/turbomole/=============================== Tstep:  105.4 Ttot:22326.4 ==
eandg
Spin: 
 Energy calculation finished, energy: -2.138694549E+03
Curvature at dimer midpoint after rotation    -0.00209
Curvature at dimer minimum                    -0.00280
Actual dimer rotation angle:         0.064 deg
Dimer rotation converged after    1 steps
Writing TS-mode
Curvature after dimer rotation:               -0.00280
Frequency of transition mode  -271.821 cm^-1 (negative value denotes imaginary frequency)
Crossover temperature for tunnelling       62.24380 K
Restarting L-BFGS optimiser, instance: dimer rotation
Next calculation will be the dimer  midpoint
dl-find/turbomole/=============================== Tstep:   76.1 Ttot:22402.5 ==
eandg
Spin: 
 Energy calculation finished, energy: -2.138694552E+03
Testing convergence of dimer midpoint in cycle   78
    Energy  3.1690E-06 Target: 1.0000E-06 converged?   no
  Max step  1.3173E-03 Target: 1.8000E-03 converged?  yes component    66
  RMS step  3.9332E-04 Target: 1.2000E-03 converged?  yes
  Max grad  1.1557E-04 Target: 4.5000E-04 converged?  yes component    66
  RMS grad  3.4309E-05 Target: 3.0000E-04 converged?  yes
Next calculation will be the dimer endpoint before rotation
dl-find/turbomole/=============================== Tstep:  111.5 Ttot:22514.0 ==
eandg
Spin: 
 Energy calculation finished, energy: -2.138694553E+03
Curvature at dimer midpoint                   -0.00279
Predicted dimer rotation angle:      1.867 deg
Dimer rotation converged after    0 steps
Writing TS-mode
Curvature after dimer rotation:               -0.00279
Frequency of transition mode  -271.586 cm^-1 (negative value denotes imaginary frequency)
Crossover temperature for tunnelling       62.19003 K
Restarting L-BFGS optimiser, instance: dimer rotation
Next calculation will be the dimer  midpoint
dl-find/turbomole/=============================== Tstep:  104.1 Ttot:22618.1 ==
eandg
Spin: 
 Energy calculation finished, energy: -2.138694553E+03
Testing convergence of dimer midpoint in cycle   79
    Energy  7.7600E-07 Target: 1.0000E-06 converged?  yes
  Max step  8.0098E-03 Target: 1.8000E-03 converged?   no component   241
  RMS step  1.8855E-03 Target: 1.2000E-03 converged?   no
  Max grad  2.1068E-04 Target: 4.5000E-04 converged?  yes component   190
  RMS grad  4.8464E-05 Target: 3.0000E-04 converged?  yes
Next calculation will be the dimer endpoint before rotation
dl-find/turbomole/=============================== Tstep:   91.4 Ttot:22709.5 ==
eandg
Spin: 
 Energy calculation finished, energy: -2.138694553E+03
Curvature at dimer midpoint                   -0.00271
Predicted dimer rotation angle:      2.220 deg
Next calculation will be the dimer endpoint after rotation
dl-find/turbomole/=============================== Tstep:  105.4 Ttot:22814.9 ==
eandg
Spin: 
 Energy calculation finished, energy: -2.138694553E+03
Curvature at dimer midpoint after rotation    -0.00252
Curvature at dimer minimum                    -0.00271
Actual dimer rotation angle:         0.089 deg
Dimer rotation converged after    1 steps
Writing TS-mode
Curvature after dimer rotation:               -0.00271
Frequency of transition mode  -267.548 cm^-1 (negative value denotes imaginary frequency)
Crossover temperature for tunnelling       61.26546 K
Restarting L-BFGS optimiser, instance: dimer rotation
Next calculation will be the dimer  midpoint
dl-find/turbomole/=============================== Tstep:   74.7 Ttot:22889.6 ==
eandg
Spin: 
 Energy calculation finished, energy: -2.138694560E+03
Testing convergence of dimer midpoint in cycle   80
    Energy  7.3720E-06 Target: 1.0000E-06 converged?   no
  Max step  1.5581E-02 Target: 1.8000E-03 converged?   no component   241
  RMS step  3.7404E-03 Target: 1.2000E-03 converged?   no
  Max grad  3.2501E-04 Target: 4.5000E-04 converged?  yes component   254
  RMS grad  6.7768E-05 Target: 3.0000E-04 converged?  yes
Next calculation will be the dimer endpoint before rotation
dl-find/turbomole/=============================== Tstep:  111.5 Ttot:23001.1 ==
eandg
Spin: 
 Energy calculation finished, energy: -2.138694561E+03
Curvature at dimer midpoint                   -0.00279
Predicted dimer rotation angle:      2.609 deg
Next calculation will be the dimer endpoint after rotation
dl-find/turbomole/=============================== Tstep:  104.8 Ttot:23105.9 ==
eandg
Spin: 
 Energy calculation finished, energy: -2.138694561E+03
Curvature at dimer midpoint after rotation    -0.00226
Curvature at dimer minimum                    -0.00279
Actual dimer rotation angle:         0.055 deg
Dimer rotation converged after    1 steps
Writing TS-mode
Curvature after dimer rotation:               -0.00279
Frequency of transition mode  -271.452 cm^-1 (negative value denotes imaginary frequency)
Crossover temperature for tunnelling       62.15935 K
Restarting L-BFGS optimiser, instance: dimer rotation
Next calculation will be the dimer  midpoint
dl-find/turbomole/=============================== Tstep:   71.1 Ttot:23177.0 ==
eandg
Spin: 
 Energy calculation finished, energy: -2.138694531E+03
Testing convergence of dimer midpoint in cycle   81
    Energy  2.9098E-05 Target: 1.0000E-06 converged?   no
  Max step  4.1489E-02 Target: 1.8000E-03 converged?   no component   241
  RMS step  9.3923E-03 Target: 1.2000E-03 converged?   no
  Max grad  8.8670E-04 Target: 4.5000E-04 converged?   no component    88
  RMS grad  9.6861E-05 Target: 3.0000E-04 converged?  yes
Next calculation will be the dimer endpoint before rotation
dl-find/turbomole/=============================== Tstep:  118.6 Ttot:23295.6 ==
eandg
Spin: 
 Energy calculation finished, energy: -2.138694532E+03
Curvature at dimer midpoint                   -0.00281
Predicted dimer rotation angle:      2.563 deg
Next calculation will be the dimer endpoint after rotation
dl-find/turbomole/=============================== Tstep:  105.5 Ttot:23401.1 ==
eandg
Spin: 
 Energy calculation finished, energy: -2.138694531E+03
Curvature at dimer midpoint after rotation    -0.00233
Curvature at dimer minimum                    -0.00281
Actual dimer rotation angle:         0.058 deg
Dimer rotation converged after    1 steps
Writing TS-mode
Curvature after dimer rotation:               -0.00281
Frequency of transition mode  -272.298 cm^-1 (negative value denotes imaginary frequency)
Crossover temperature for tunnelling       62.35306 K
Restarting L-BFGS optimiser, instance: dimer rotation
Next calculation will be the dimer  midpoint
dl-find/turbomole/=============================== Tstep:   75.5 Ttot:23476.6 ==
eandg
Spin: 
 Energy calculation finished, energy: -2.138694540E+03
Testing convergence of dimer midpoint in cycle   82
    Energy  8.6520E-06 Target: 1.0000E-06 converged?   no
  Max step  5.4404E-03 Target: 1.8000E-03 converged?   no component   229
  RMS step  1.1246E-03 Target: 1.2000E-03 converged?  yes
  Max grad  1.6368E-04 Target: 4.5000E-04 converged?  yes component    26
  RMS grad  3.9929E-05 Target: 3.0000E-04 converged?  yes
Next calculation will be the dimer endpoint before rotation
dl-find/turbomole/=============================== Tstep:   78.2 Ttot:23554.8 ==
eandg
Spin: 
 Energy calculation finished, energy: -2.138694540E+03
Curvature at dimer midpoint                   -0.00250
Predicted dimer rotation angle:      5.423 deg
Next calculation will be the dimer endpoint after rotation
dl-find/turbomole/=============================== Tstep:  101.0 Ttot:23655.9 ==
eandg
Spin: 
 Energy calculation finished, energy: -2.138694540E+03
Curvature at dimer midpoint after rotation    -0.00147
Curvature at dimer minimum                    -0.00251
Actual dimer rotation angle:         0.218 deg
Dimer rotation converged after    1 steps
Writing TS-mode
Curvature after dimer rotation:               -0.00251
Frequency of transition mode  -257.352 cm^-1 (negative value denotes imaginary frequency)
Crossover temperature for tunnelling       58.93069 K
Restarting L-BFGS optimiser, instance: dimer rotation
Next calculation will be the dimer  midpoint
dl-find/turbomole/=============================== Tstep:   87.9 Ttot:23743.7 ==
eandg
Spin: 
 Energy calculation finished, energy: -2.138694541E+03
Testing convergence of dimer midpoint in cycle   83
    Energy  8.3000E-07 Target: 1.0000E-06 converged?  yes
  Max step  7.8009E-03 Target: 1.8000E-03 converged?   no component   241
  RMS step  1.6600E-03 Target: 1.2000E-03 converged?   no
  Max grad  2.9883E-04 Target: 4.5000E-04 converged?  yes component    88
  RMS grad  4.3605E-05 Target: 3.0000E-04 converged?  yes
Next calculation will be the dimer endpoint before rotation
dl-find/turbomole/=============================== Tstep:  109.0 Ttot:23852.7 ==
eandg
Spin: 
 Energy calculation finished, energy: -2.138694541E+03
Curvature at dimer midpoint                   -0.00283
Predicted dimer rotation angle:      6.480 deg
Next calculation will be the dimer endpoint after rotation
dl-find/turbomole/=============================== Tstep:  104.6 Ttot:23957.3 ==
eandg
Spin: 
 Energy calculation finished, energy: -2.138694541E+03
Curvature at dimer midpoint after rotation     0.00068
Curvature at dimer minimum                    -0.00283
Actual dimer rotation angle:         0.130 deg
Dimer rotation converged after    1 steps
Writing TS-mode
Curvature after dimer rotation:               -0.00283
Frequency of transition mode  -273.587 cm^-1 (negative value denotes imaginary frequency)
Crossover temperature for tunnelling       62.64832 K
Restarting L-BFGS optimiser, instance: dimer rotation
Next calculation will be the dimer  midpoint
dl-find/turbomole/=============================== Tstep:   92.7 Ttot:24050.0 ==
eandg
Spin: 
 Energy calculation finished, energy: -2.138694544E+03
Testing convergence of dimer midpoint in cycle   84
    Energy  3.8450E-06 Target: 1.0000E-06 converged?   no
  Max step  6.8904E-03 Target: 1.8000E-03 converged?   no component   241
  RMS step  1.7928E-03 Target: 1.2000E-03 converged?   no
  Max grad  3.5018E-04 Target: 4.5000E-04 converged?  yes component    88
  RMS grad  5.2874E-05 Target: 3.0000E-04 converged?  yes
Next calculation will be the dimer endpoint before rotation
dl-find/turbomole/=============================== Tstep:  111.3 Ttot:24161.2 ==
eandg
Spin: 
 Energy calculation finished, energy: -2.138694545E+03
Curvature at dimer midpoint                   -0.00282
Predicted dimer rotation angle:      3.092 deg
Next calculation will be the dimer endpoint after rotation
dl-find/turbomole/=============================== Tstep:  104.2 Ttot:24265.5 ==
eandg
Spin: 
 Energy calculation finished, energy: -2.138694545E+03
Curvature at dimer midpoint after rotation    -0.00229
Curvature at dimer minimum                    -0.00282
Actual dimer rotation angle:         0.090 deg
Dimer rotation converged after    1 steps
Writing TS-mode
Curvature after dimer rotation:               -0.00282
Frequency of transition mode  -273.125 cm^-1 (negative value denotes imaginary frequency)
Crossover temperature for tunnelling       62.54257 K
Restarting L-BFGS optimiser, instance: dimer rotation
Next calculation will be the dimer  midpoint
dl-find/turbomole/=============================== Tstep:   77.3 Ttot:24342.8 ==
eandg
Spin: 
 Energy calculation finished, energy: -2.138694523E+03
Testing convergence of dimer midpoint in cycle   85
    Energy  2.1227E-05 Target: 1.0000E-06 converged?   no
  Max step  3.4519E-02 Target: 1.8000E-03 converged?   no component   241
  RMS step  7.1453E-03 Target: 1.2000E-03 converged?   no
  Max grad  5.7965E-04 Target: 4.5000E-04 converged?   no component    74
  RMS grad  1.0849E-04 Target: 3.0000E-04 converged?  yes
Next calculation will be the dimer endpoint before rotation
dl-find/turbomole/=============================== Tstep:  122.4 Ttot:24465.2 ==
eandg
Spin: 
 Energy calculation finished, energy: -2.138694524E+03
Curvature at dimer midpoint                   -0.00285
Predicted dimer rotation angle:      3.447 deg
Next calculation will be the dimer endpoint after rotation
dl-find/turbomole/=============================== Tstep:  105.0 Ttot:24570.2 ==
eandg
Spin: 
 Energy calculation finished, energy: -2.138694524E+03
Curvature at dimer midpoint after rotation    -0.00191
Curvature at dimer minimum                    -0.00285
Actual dimer rotation angle:         0.073 deg
Dimer rotation converged after    1 steps
Writing TS-mode
Curvature after dimer rotation:               -0.00285
Frequency of transition mode  -274.496 cm^-1 (negative value denotes imaginary frequency)
Crossover temperature for tunnelling       62.85651 K
Restarting L-BFGS optimiser, instance: dimer rotation
Next calculation will be the dimer  midpoint
dl-find/turbomole/=============================== Tstep:   85.0 Ttot:24655.2 ==
eandg
Spin: 
 Energy calculation finished, energy: -2.138694532E+03
Testing convergence of dimer midpoint in cycle   86
    Energy  9.3480E-06 Target: 1.0000E-06 converged?   no
  Max step  9.7156E-03 Target: 1.8000E-03 converged?   no component   241
  RMS step  2.3817E-03 Target: 1.2000E-03 converged?   no
  Max grad  1.6895E-04 Target: 4.5000E-04 converged?  yes component    50
  RMS grad  5.0550E-05 Target: 3.0000E-04 converged?  yes
Next calculation will be the dimer endpoint before rotation
dl-find/turbomole/=============================== Tstep:  113.7 Ttot:24768.9 ==
eandg
Spin: 
 Energy calculation finished, energy: -2.138694533E+03
Curvature at dimer midpoint                   -0.00285
Predicted dimer rotation angle:      2.109 deg
Next calculation will be the dimer endpoint after rotation
dl-find/turbomole/=============================== Tstep:  104.3 Ttot:24873.2 ==
eandg
Spin: 
 Energy calculation finished, energy: -2.138694533E+03
Curvature at dimer midpoint after rotation    -0.00263
Curvature at dimer minimum                    -0.00285
Actual dimer rotation angle:         0.070 deg
Dimer rotation converged after    1 steps
Writing TS-mode
Curvature after dimer rotation:               -0.00285
Frequency of transition mode  -274.448 cm^-1 (negative value denotes imaginary frequency)
Crossover temperature for tunnelling       62.84533 K
Restarting L-BFGS optimiser, instance: dimer rotation
Next calculation will be the dimer  midpoint
dl-find/turbomole/=============================== Tstep:   71.1 Ttot:24944.3 ==
eandg
Spin: 
 Energy calculation finished, energy: -2.138694538E+03
Testing convergence of dimer midpoint in cycle   87
    Energy  5.5470E-06 Target: 1.0000E-06 converged?   no
  Max step  1.2529E-02 Target: 1.8000E-03 converged?   no component   241
  RMS step  2.7581E-03 Target: 1.2000E-03 converged?   no
  Max grad  1.6163E-04 Target: 4.5000E-04 converged?  yes component    20
  RMS grad  4.7369E-05 Target: 3.0000E-04 converged?  yes
Next calculation will be the dimer endpoint before rotation
dl-find/turbomole/=============================== Tstep:  111.3 Ttot:25055.6 ==
eandg
Spin: 
 Energy calculation finished, energy: -2.138694539E+03
Curvature at dimer midpoint                   -0.00284
Predicted dimer rotation angle:      2.153 deg
Next calculation will be the dimer endpoint after rotation
dl-find/turbomole/=============================== Tstep:  104.7 Ttot:25160.3 ==
eandg
Spin: 
 Energy calculation finished, energy: -2.138694538E+03
Curvature at dimer midpoint after rotation    -0.00251
Curvature at dimer minimum                    -0.00284
Actual dimer rotation angle:         0.049 deg
Dimer rotation converged after    1 steps
Writing TS-mode
Curvature after dimer rotation:               -0.00284
Frequency of transition mode  -274.082 cm^-1 (negative value denotes imaginary frequency)
Crossover temperature for tunnelling       62.76151 K
Restarting L-BFGS optimiser, instance: dimer rotation
Next calculation will be the dimer  midpoint
dl-find/turbomole/=============================== Tstep:   79.8 Ttot:25240.0 ==
eandg
Spin: 
 Energy calculation finished, energy: -2.138694548E+03
Testing convergence of dimer midpoint in cycle   88
    Energy  9.9620E-06 Target: 1.0000E-06 converged?   no
  Max step  1.9794E-02 Target: 1.8000E-03 converged?   no component   241
  RMS step  4.1534E-03 Target: 1.2000E-03 converged?   no
  Max grad  3.7251E-04 Target: 4.5000E-04 converged?  yes component    88
  RMS grad  6.2483E-05 Target: 3.0000E-04 converged?  yes
Next calculation will be the dimer endpoint before rotation
dl-find/turbomole/=============================== Tstep:  111.7 Ttot:25351.7 ==
eandg
Spin: 
 Energy calculation finished, energy: -2.138694549E+03
Curvature at dimer midpoint                   -0.00284
Predicted dimer rotation angle:      1.695 deg
Dimer rotation converged after    0 steps
Writing TS-mode
Curvature after dimer rotation:               -0.00284
Frequency of transition mode  -273.901 cm^-1 (negative value denotes imaginary frequency)
Crossover temperature for tunnelling       62.72023 K
Restarting L-BFGS optimiser, instance: dimer rotation
Next calculation will be the dimer  midpoint
dl-find/turbomole/=============================== Tstep:  104.7 Ttot:25456.5 ==
eandg
Spin: 
 Energy calculation finished, energy: -2.138694542E+03
Testing convergence of dimer midpoint in cycle   89
    Energy  5.7470E-06 Target: 1.0000E-06 converged?   no
  Max step  3.6223E-02 Target: 1.8000E-03 converged?   no component   241
  RMS step  7.7582E-03 Target: 1.2000E-03 converged?   no
  Max grad  4.5139E-04 Target: 4.5000E-04 converged?   no component    50
  RMS grad  9.0669E-05 Target: 3.0000E-04 converged?  yes
Next calculation will be the dimer endpoint before rotation
dl-find/turbomole/=============================== Tstep:  120.8 Ttot:25577.3 ==
eandg
Spin: 
 Energy calculation finished, energy: -2.138694543E+03
Curvature at dimer midpoint                   -0.00284
Predicted dimer rotation angle:      2.152 deg
Next calculation will be the dimer endpoint after rotation
dl-find/turbomole/=============================== Tstep:  105.5 Ttot:25682.8 ==
eandg
Spin: 
 Energy calculation finished, energy: -2.138694543E+03
Curvature at dimer midpoint after rotation    -0.00255
Curvature at dimer minimum                    -0.00284
Actual dimer rotation angle:         0.057 deg
Dimer rotation converged after    1 steps
Writing TS-mode
Curvature after dimer rotation:               -0.00284
Frequency of transition mode  -273.803 cm^-1 (negative value denotes imaginary frequency)
Crossover temperature for tunnelling       62.69764 K
Restarting L-BFGS optimiser, instance: dimer rotation
Next calculation will be the dimer  midpoint
dl-find/turbomole/=============================== Tstep:   69.9 Ttot:25752.7 ==
eandg
Spin: 
 Energy calculation finished, energy: -2.138694549E+03
Testing convergence of dimer midpoint in cycle   90
    Energy  6.4780E-06 Target: 1.0000E-06 converged?   no
  Max step  3.0627E-02 Target: 1.8000E-03 converged?   no component   241
  RMS step  6.7375E-03 Target: 1.2000E-03 converged?   no
  Max grad  2.6177E-04 Target: 4.5000E-04 converged?  yes component    88
  RMS grad  5.6514E-05 Target: 3.0000E-04 converged?  yes
Next calculation will be the dimer endpoint before rotation
dl-find/turbomole/=============================== Tstep:  120.8 Ttot:25873.4 ==
eandg
Spin: 
 Energy calculation finished, energy: -2.138694549E+03
Curvature at dimer midpoint                   -0.00284
Predicted dimer rotation angle:      1.891 deg
Dimer rotation converged after    0 steps
Writing TS-mode
Curvature after dimer rotation:               -0.00284
Frequency of transition mode  -274.175 cm^-1 (negative value denotes imaginary frequency)
Crossover temperature for tunnelling       62.78289 K
Restarting L-BFGS optimiser, instance: dimer rotation
Next calculation will be the dimer  midpoint
dl-find/turbomole/=============================== Tstep:  104.8 Ttot:25978.3 ==
eandg
Spin: 
 Energy calculation finished, energy: -2.138694555E+03
Testing convergence of dimer midpoint in cycle   91
    Energy  6.6080E-06 Target: 1.0000E-06 converged?   no
  Max step  9.7416E-03 Target: 1.8000E-03 converged?   no component   241
  RMS step  2.3320E-03 Target: 1.2000E-03 converged?   no
  Max grad  1.4678E-04 Target: 4.5000E-04 converged?  yes component   237
  RMS grad  4.1807E-05 Target: 3.0000E-04 converged?  yes
Next calculation will be the dimer endpoint before rotation
dl-find/turbomole/=============================== Tstep:  110.2 Ttot:26088.4 ==
eandg
Spin: 
 Energy calculation finished, energy: -2.138694556E+03
Curvature at dimer midpoint                   -0.00285
Predicted dimer rotation angle:      2.047 deg
Next calculation will be the dimer endpoint after rotation
dl-find/turbomole/=============================== Tstep:  103.8 Ttot:26192.3 ==
eandg
Spin: 
 Energy calculation finished, energy: -2.138694556E+03
Curvature at dimer midpoint after rotation    -0.00271
Curvature at dimer minimum                    -0.00285
Actual dimer rotation angle:         0.101 deg
Dimer rotation converged after    1 steps
Writing TS-mode
Curvature after dimer rotation:               -0.00285
Frequency of transition mode  -274.245 cm^-1 (negative value denotes imaginary frequency)
Crossover temperature for tunnelling       62.79896 K
Restarting L-BFGS optimiser, instance: dimer rotation
Next calculation will be the dimer  midpoint
dl-find/turbomole/=============================== Tstep:   73.5 Ttot:26265.8 ==
eandg
Spin: 
 Energy calculation finished, energy: -2.138694557E+03
Testing convergence of dimer midpoint in cycle   92
    Energy  1.3550E-06 Target: 1.0000E-06 converged?   no
  Max step  9.8309E-03 Target: 1.8000E-03 converged?   no component   241
  RMS step  2.9590E-03 Target: 1.2000E-03 converged?   no
  Max grad  2.9654E-04 Target: 4.5000E-04 converged?  yes component   190
  RMS grad  6.6943E-05 Target: 3.0000E-04 converged?  yes
Next calculation will be the dimer endpoint before rotation
dl-find/turbomole/=============================== Tstep:  103.4 Ttot:26369.2 ==
eandg
Spin: 
 Energy calculation finished, energy: -2.138694558E+03
Curvature at dimer midpoint                   -0.00280
Predicted dimer rotation angle:      3.080 deg
Next calculation will be the dimer endpoint after rotation
dl-find/turbomole/=============================== Tstep:  100.8 Ttot:26470.0 ==
eandg
Spin: 
 Energy calculation finished, energy: -2.138694558E+03
Curvature at dimer midpoint after rotation    -0.00209
Curvature at dimer minimum                    -0.00280
Actual dimer rotation angle:         0.067 deg
Dimer rotation converged after    1 steps
Writing TS-mode
Curvature after dimer rotation:               -0.00280
Frequency of transition mode  -272.004 cm^-1 (negative value denotes imaginary frequency)
Crossover temperature for tunnelling       62.28582 K
Restarting L-BFGS optimiser, instance: dimer rotation
Next calculation will be the dimer  midpoint
dl-find/turbomole/=============================== Tstep:   81.1 Ttot:26551.1 ==
eandg
Spin: 
 Energy calculation finished, energy: -2.138694561E+03
Testing convergence of dimer midpoint in cycle   93
    Energy  4.5410E-06 Target: 1.0000E-06 converged?   no
  Max step  1.4765E-02 Target: 1.8000E-03 converged?   no component   241
  RMS step  3.5353E-03 Target: 1.2000E-03 converged?   no
  Max grad  3.7460E-04 Target: 4.5000E-04 converged?  yes component    50
  RMS grad  6.8854E-05 Target: 3.0000E-04 converged?  yes
Next calculation will be the dimer endpoint before rotation
dl-find/turbomole/=============================== Tstep:  118.7 Ttot:26669.8 ==
eandg
Spin: 
 Energy calculation finished, energy: -2.138694562E+03
Curvature at dimer midpoint                   -0.00282
Predicted dimer rotation angle:      2.209 deg
Next calculation will be the dimer endpoint after rotation
dl-find/turbomole/=============================== Tstep:  105.9 Ttot:26775.7 ==
eandg
Spin: 
 Energy calculation finished, energy: -2.138694562E+03
Curvature at dimer midpoint after rotation    -0.00252
Curvature at dimer minimum                    -0.00282
Actual dimer rotation angle:         0.059 deg
Dimer rotation converged after    1 steps
Writing TS-mode
Curvature after dimer rotation:               -0.00282
Frequency of transition mode  -273.114 cm^-1 (negative value denotes imaginary frequency)
Crossover temperature for tunnelling       62.53994 K
Restarting L-BFGS optimiser, instance: dimer rotation
Next calculation will be the dimer  midpoint
dl-find/turbomole/=============================== Tstep:   79.8 Ttot:26855.5 ==
eandg
Spin: 
 Energy calculation finished, energy: -2.138694564E+03
Testing convergence of dimer midpoint in cycle   94
    Energy  2.5510E-06 Target: 1.0000E-06 converged?   no
  Max step  1.1673E-02 Target: 1.8000E-03 converged?   no component   241
  RMS step  2.8985E-03 Target: 1.2000E-03 converged?   no
  Max grad  2.4260E-04 Target: 4.5000E-04 converged?  yes component    50
  RMS grad  5.0637E-05 Target: 3.0000E-04 converged?  yes
Next calculation will be the dimer endpoint before rotation
dl-find/turbomole/=============================== Tstep:  114.1 Ttot:26969.6 ==
eandg
Spin: 
 Energy calculation finished, energy: -2.138694564E+03
Curvature at dimer midpoint                   -0.00281
Predicted dimer rotation angle:      1.835 deg
Dimer rotation converged after    0 steps
Writing TS-mode
Curvature after dimer rotation:               -0.00281
Frequency of transition mode  -272.482 cm^-1 (negative value denotes imaginary frequency)
Crossover temperature for tunnelling       62.39530 K
Restarting L-BFGS optimiser, instance: dimer rotation
Next calculation will be the dimer  midpoint
dl-find/turbomole/=============================== Tstep:  105.5 Ttot:27075.1 ==
eandg
Spin: 
 Energy calculation finished, energy: -2.138694539E+03
Testing convergence of dimer midpoint in cycle   95
    Energy  2.4843E-05 Target: 1.0000E-06 converged?   no
  Max step  2.1949E-02 Target: 1.8000E-03 converged?   no component   241
  RMS step  5.6236E-03 Target: 1.2000E-03 converged?   no
  Max grad  2.3276E-04 Target: 4.5000E-04 converged?  yes component    76
  RMS grad  5.2642E-05 Target: 3.0000E-04 converged?  yes
Next calculation will be the dimer endpoint before rotation
dl-find/turbomole/=============================== Tstep:  120.4 Ttot:27195.6 ==
eandg
Spin: 
 Energy calculation finished, energy: -2.138694539E+03
Curvature at dimer midpoint                   -0.00279
Predicted dimer rotation angle:      2.290 deg
Next calculation will be the dimer endpoint after rotation
dl-find/turbomole/=============================== Tstep:  104.7 Ttot:27300.3 ==
eandg
Spin: 
 Energy calculation finished, energy: -2.138694539E+03
Curvature at dimer midpoint after rotation    -0.00247
Curvature at dimer minimum                    -0.00279
Actual dimer rotation angle:         0.061 deg
Dimer rotation converged after    1 steps
Writing TS-mode
Curvature after dimer rotation:               -0.00279
Frequency of transition mode  -271.523 cm^-1 (negative value denotes imaginary frequency)
Crossover temperature for tunnelling       62.17569 K
Restarting L-BFGS optimiser, instance: dimer rotation
Next calculation will be the dimer  midpoint
dl-find/turbomole/=============================== Tstep:   66.3 Ttot:27366.5 ==
eandg
Spin: 
 Energy calculation finished, energy: -2.138694541E+03
Testing convergence of dimer midpoint in cycle   96
    Energy  1.7390E-06 Target: 1.0000E-06 converged?   no
  Max step  2.3937E-02 Target: 1.8000E-03 converged?   no component   241
  RMS step  5.3446E-03 Target: 1.2000E-03 converged?   no
  Max grad  3.4311E-04 Target: 4.5000E-04 converged?  yes component    88
  RMS grad  7.4556E-05 Target: 3.0000E-04 converged?  yes
Next calculation will be the dimer endpoint before rotation
dl-find/turbomole/=============================== Tstep:  121.3 Ttot:27487.8 ==
eandg
Spin: 
 Energy calculation finished, energy: -2.138694540E+03
Curvature at dimer midpoint                   -0.00277
Predicted dimer rotation angle:      2.241 deg
Next calculation will be the dimer endpoint after rotation
dl-find/turbomole/=============================== Tstep:  103.7 Ttot:27591.5 ==
eandg
Spin: 
 Energy calculation finished, energy: -2.138694538E+03
Curvature at dimer midpoint after rotation    -0.00251
Curvature at dimer minimum                    -0.00277
Actual dimer rotation angle:         0.068 deg
Dimer rotation converged after    1 steps
Writing TS-mode
Curvature after dimer rotation:               -0.00277
Frequency of transition mode  -270.537 cm^-1 (negative value denotes imaginary frequency)
Crossover temperature for tunnelling       61.94981 K
Restarting L-BFGS optimiser, instance: dimer rotation
Next calculation will be the dimer  midpoint
dl-find/turbomole/=============================== Tstep:   70.9 Ttot:27662.4 ==
eandg
Spin: 
 Energy calculation finished, energy: -2.138694542E+03
Testing convergence of dimer midpoint in cycle   97
    Energy  1.7140E-06 Target: 1.0000E-06 converged?   no
  Max step  1.8599E-03 Target: 1.8000E-03 converged?   no component   237
  RMS step  3.7174E-04 Target: 1.2000E-03 converged?  yes
  Max grad  2.4789E-04 Target: 4.5000E-04 converged?  yes component    88
  RMS grad  5.0955E-05 Target: 3.0000E-04 converged?  yes
Next calculation will be the dimer endpoint before rotation
dl-find/turbomole/=============================== Tstep:  104.0 Ttot:27766.5 ==
eandg
Spin: 
 Energy calculation finished, energy: -2.138694543E+03
Curvature at dimer midpoint                   -0.00276
Predicted dimer rotation angle:      2.303 deg
Next calculation will be the dimer endpoint after rotation
dl-find/turbomole/=============================== Tstep:  105.8 Ttot:27872.3 ==
eandg
Spin: 
 Energy calculation finished, energy: -2.138694542E+03
Curvature at dimer midpoint after rotation    -0.00234
Curvature at dimer minimum                    -0.00276
Actual dimer rotation angle:         0.047 deg
Dimer rotation converged after    1 steps
Writing TS-mode
Curvature after dimer rotation:               -0.00276
Frequency of transition mode  -270.016 cm^-1 (negative value denotes imaginary frequency)
Crossover temperature for tunnelling       61.83053 K
Restarting L-BFGS optimiser, instance: dimer rotation
Next calculation will be the dimer  midpoint
dl-find/turbomole/=============================== Tstep:   78.8 Ttot:27951.1 ==
eandg
Spin: 
 Energy calculation finished, energy: -2.138694541E+03
Testing convergence of dimer midpoint in cycle   98
    Energy  1.6540E-06 Target: 1.0000E-06 converged?   no
  Max step  1.4612E-02 Target: 1.8000E-03 converged?   no component   229
  RMS step  3.6911E-03 Target: 1.2000E-03 converged?   no
  Max grad  2.2458E-04 Target: 4.5000E-04 converged?  yes component    76
  RMS grad  4.2375E-05 Target: 3.0000E-04 converged?  yes
Next calculation will be the dimer endpoint before rotation
dl-find/turbomole/=============================== Tstep:  107.5 Ttot:28058.5 ==
eandg
Spin: 
 Energy calculation finished, energy: -2.138694541E+03
Curvature at dimer midpoint                   -0.00274
Predicted dimer rotation angle:      1.885 deg
Dimer rotation converged after    0 steps
Writing TS-mode
Curvature after dimer rotation:               -0.00274
Frequency of transition mode  -268.854 cm^-1 (negative value denotes imaginary frequency)
Crossover temperature for tunnelling       61.56435 K
Restarting L-BFGS optimiser, instance: dimer rotation
Next calculation will be the dimer  midpoint
dl-find/turbomole/=============================== Tstep:  104.8 Ttot:28163.4 ==
eandg
Spin: 
 Energy calculation finished, energy: -2.138694544E+03
Testing convergence of dimer midpoint in cycle   99
    Energy  3.4090E-06 Target: 1.0000E-06 converged?   no
  Max step  1.0548E-02 Target: 1.8000E-03 converged?   no component   241
  RMS step  2.6723E-03 Target: 1.2000E-03 converged?   no
  Max grad  1.7024E-04 Target: 4.5000E-04 converged?  yes component    76
  RMS grad  4.6638E-05 Target: 3.0000E-04 converged?  yes
Next calculation will be the dimer endpoint before rotation
dl-find/turbomole/=============================== Tstep:   86.4 Ttot:28249.7 ==
eandg
Spin: 
 Energy calculation finished, energy: -2.138694544E+03
Curvature at dimer midpoint                   -0.00252
Predicted dimer rotation angle:      5.392 deg
Next calculation will be the dimer endpoint after rotation
dl-find/turbomole/=============================== Tstep:  105.6 Ttot:28355.4 ==
eandg
Spin: 
 Energy calculation finished, energy: -2.138694544E+03
Curvature at dimer midpoint after rotation    -0.00152
Curvature at dimer minimum                    -0.00252
Actual dimer rotation angle:         0.224 deg
Dimer rotation converged after    1 steps
Writing TS-mode
Curvature after dimer rotation:               -0.00252
Frequency of transition mode  -257.939 cm^-1 (negative value denotes imaginary frequency)
Crossover temperature for tunnelling       59.06508 K
Restarting L-BFGS optimiser, instance: dimer rotation
Next calculation will be the dimer  midpoint
dl-find/turbomole/=============================== Tstep:   88.5 Ttot:28443.9 ==
eandg
Spin: 
 Energy calculation finished, energy: -2.138694545E+03
Testing convergence of dimer midpoint in cycle  100
    Energy  5.7100E-07 Target: 1.0000E-06 converged?  yes
  Max step  4.3680E-02 Target: 1.8000E-03 converged?   no component   241
  RMS step  1.0087E-02 Target: 1.2000E-03 converged?   no
  Max grad  6.0887E-04 Target: 4.5000E-04 converged?   no component   247
  RMS grad  9.8385E-05 Target: 3.0000E-04 converged?  yes
Next calculation will be the dimer endpoint before rotation
dl-find/turbomole/=============================== Tstep:  110.5 Ttot:28554.5 ==
eandg
Spin: 
 Energy calculation finished, energy: -2.138694544E+03
Curvature at dimer midpoint                   -0.00265
Predicted dimer rotation angle:      5.978 deg
Next calculation will be the dimer endpoint after rotation
dl-find/turbomole/=============================== Tstep:  104.9 Ttot:28659.4 ==
eandg
Spin: 
 Energy calculation finished, energy: -2.138694545E+03
Curvature at dimer midpoint after rotation     0.00055
Curvature at dimer minimum                    -0.00265
Actual dimer rotation angle:         0.105 deg
Dimer rotation converged after    1 steps
Writing TS-mode
Curvature after dimer rotation:               -0.00265
Frequency of transition mode  -264.642 cm^-1 (negative value denotes imaginary frequency)
Crossover temperature for tunnelling       60.59991 K
Restarting L-BFGS optimiser, instance: dimer rotation
Next calculation will be the dimer  midpoint
dl-find/turbomole/=============================== Tstep:   89.8 Ttot:28749.2 ==
eandg
Spin: 
 Energy calculation finished, energy: -2.138694542E+03
Testing convergence of dimer midpoint in cycle  101
    Energy  2.9490E-06 Target: 1.0000E-06 converged?   no
  Max step  1.0991E-02 Target: 1.8000E-03 converged?   no component   237
  RMS step  2.7113E-03 Target: 1.2000E-03 converged?   no
  Max grad  1.6602E-04 Target: 4.5000E-04 converged?  yes component    88
  RMS grad  4.2897E-05 Target: 3.0000E-04 converged?  yes
Next calculation will be the dimer endpoint before rotation
dl-find/turbomole/=============================== Tstep:  108.4 Ttot:28857.5 ==
eandg
Spin: 
 Energy calculation finished, energy: -2.138694541E+03
Curvature at dimer midpoint                   -0.00266
Predicted dimer rotation angle:      2.613 deg
Next calculation will be the dimer endpoint after rotation
dl-find/turbomole/=============================== Tstep:  105.6 Ttot:28963.1 ==
eandg
Spin: 
 Energy calculation finished, energy: -2.138694541E+03
Curvature at dimer midpoint after rotation    -0.00236
Curvature at dimer minimum                    -0.00266
Actual dimer rotation angle:         0.089 deg
Dimer rotation converged after    1 steps
Writing TS-mode
Curvature after dimer rotation:               -0.00266
Frequency of transition mode  -264.958 cm^-1 (negative value denotes imaginary frequency)
Crossover temperature for tunnelling       60.67229 K
Restarting L-BFGS optimiser, instance: dimer rotation
Next calculation will be the dimer  midpoint
dl-find/turbomole/=============================== Tstep:   79.6 Ttot:29042.7 ==
eandg
Spin: 
 Energy calculation finished, energy: -2.138694544E+03
Testing convergence of dimer midpoint in cycle  102
    Energy  2.0700E-06 Target: 1.0000E-06 converged?   no
  Max step  1.6075E-03 Target: 1.8000E-03 converged?  yes component    35
  RMS step  4.7611E-04 Target: 1.2000E-03 converged?  yes
  Max grad  1.3036E-04 Target: 4.5000E-04 converged?  yes component    76
  RMS grad  3.4765E-05 Target: 3.0000E-04 converged?  yes
Next calculation will be the dimer endpoint before rotation
dl-find/turbomole/=============================== Tstep:  103.5 Ttot:29146.2 ==
eandg
Spin: 
 Energy calculation finished, energy: -2.138694543E+03
Curvature at dimer midpoint                   -0.00267
Predicted dimer rotation angle:      2.733 deg
Next calculation will be the dimer endpoint after rotation
dl-find/turbomole/=============================== Tstep:  104.5 Ttot:29250.6 ==
eandg
Spin: 
 Energy calculation finished, energy: -2.138694543E+03
Curvature at dimer midpoint after rotation    -0.00203
Curvature at dimer minimum                    -0.00267
Actual dimer rotation angle:         0.050 deg
Dimer rotation converged after    1 steps
Writing TS-mode
Curvature after dimer rotation:               -0.00267
Frequency of transition mode  -265.495 cm^-1 (negative value denotes imaginary frequency)
Crossover temperature for tunnelling       60.79535 K
Restarting L-BFGS optimiser, instance: dimer rotation
Next calculation will be the dimer  midpoint
dl-find/turbomole/=============================== Tstep:   76.1 Ttot:29326.7 ==
eandg
Spin: 
 Energy calculation finished, energy: -2.138694548E+03
Testing convergence of dimer midpoint in cycle  103
    Energy  4.1380E-06 Target: 1.0000E-06 converged?   no
  Max step  9.3280E-03 Target: 1.8000E-03 converged?   no component   241
  RMS step  2.2279E-03 Target: 1.2000E-03 converged?   no
  Max grad  1.9016E-04 Target: 4.5000E-04 converged?  yes component   244
  RMS grad  3.8151E-05 Target: 3.0000E-04 converged?  yes
Next calculation will be the dimer endpoint before rotation
dl-find/turbomole/=============================== Tstep:  115.2 Ttot:29442.0 ==
eandg
Spin: 
 Energy calculation finished, energy: -2.138694547E+03
Curvature at dimer midpoint                   -0.00266
Predicted dimer rotation angle:      1.939 deg
Dimer rotation converged after    0 steps
Writing TS-mode
Curvature after dimer rotation:               -0.00266
Frequency of transition mode  -264.882 cm^-1 (negative value denotes imaginary frequency)
Crossover temperature for tunnelling       60.65487 K
Restarting L-BFGS optimiser, instance: dimer rotation
Next calculation will be the dimer  midpoint
dl-find/turbomole/=============================== Tstep:  104.9 Ttot:29546.8 ==
eandg
Spin: 
 Energy calculation finished, energy: -2.138694548E+03
Testing convergence of dimer midpoint in cycle  104
    Energy  4.4700E-07 Target: 1.0000E-06 converged?  yes
  Max step  2.3551E-02 Target: 1.8000E-03 converged?   no component   241
  RMS step  5.2847E-03 Target: 1.2000E-03 converged?   no
  Max grad  6.4503E-04 Target: 4.5000E-04 converged?   no component    55
  RMS grad  9.7916E-05 Target: 3.0000E-04 converged?  yes
Next calculation will be the dimer endpoint before rotation
dl-find/turbomole/=============================== Tstep:  118.2 Ttot:29665.0 ==
eandg
Spin: 
 Energy calculation finished, energy: -2.138694548E+03
Curvature at dimer midpoint                   -0.00263
Predicted dimer rotation angle:      2.989 deg
Next calculation will be the dimer endpoint after rotation
dl-find/turbomole/=============================== Tstep:  105.0 Ttot:29770.0 ==
eandg
Spin: 
 Energy calculation finished, energy: -2.138694548E+03
Curvature at dimer midpoint after rotation    -0.00194
Curvature at dimer minimum                    -0.00263
Actual dimer rotation angle:         0.059 deg
Dimer rotation converged after    1 steps
Writing TS-mode
Curvature after dimer rotation:               -0.00263
Frequency of transition mode  -263.758 cm^-1 (negative value denotes imaginary frequency)
Crossover temperature for tunnelling       60.39757 K
Restarting L-BFGS optimiser, instance: dimer rotation
Next calculation will be the dimer  midpoint
dl-find/turbomole/=============================== Tstep:   65.9 Ttot:29835.9 ==
eandg
Spin: 
 Energy calculation finished, energy: -2.138694551E+03
Testing convergence of dimer midpoint in cycle  105
    Energy  2.8890E-06 Target: 1.0000E-06 converged?   no
  Max step  2.9418E-03 Target: 1.8000E-03 converged?   no component   241
  RMS step  6.7123E-04 Target: 1.2000E-03 converged?  yes
  Max grad  1.4699E-04 Target: 4.5000E-04 converged?  yes component    88
  RMS grad  3.2026E-05 Target: 3.0000E-04 converged?  yes
Next calculation will be the dimer endpoint before rotation
dl-find/turbomole/=============================== Tstep:  107.7 Ttot:29943.6 ==
eandg
Spin: 
 Energy calculation finished, energy: -2.138694553E+03
Curvature at dimer midpoint                   -0.00265
Predicted dimer rotation angle:      2.858 deg
Next calculation will be the dimer endpoint after rotation
dl-find/turbomole/=============================== Tstep:  104.9 Ttot:30048.5 ==
eandg
Spin: 
 Energy calculation finished, energy: -2.138694553E+03
Curvature at dimer midpoint after rotation    -0.00228
Curvature at dimer minimum                    -0.00265
Actual dimer rotation angle:         0.096 deg
Dimer rotation converged after    1 steps
Writing TS-mode
Curvature after dimer rotation:               -0.00265
Frequency of transition mode  -264.606 cm^-1 (negative value denotes imaginary frequency)
Crossover temperature for tunnelling       60.59172 K
Restarting L-BFGS optimiser, instance: dimer rotation
Next calculation will be the dimer  midpoint
dl-find/turbomole/=============================== Tstep:   76.5 Ttot:30125.0 ==
eandg
Spin: 
 Energy calculation finished, energy: -2.138694555E+03
Testing convergence of dimer midpoint in cycle  106
    Energy  3.2870E-06 Target: 1.0000E-06 converged?   no
  Max step  2.7183E-03 Target: 1.8000E-03 converged?   no component   241
  RMS step  7.3628E-04 Target: 1.2000E-03 converged?  yes
  Max grad  7.3524E-05 Target: 4.5000E-04 converged?  yes component    50
  RMS grad  2.3141E-05 Target: 3.0000E-04 converged?  yes
Next calculation will be the dimer endpoint before rotation
dl-find/turbomole/=============================== Tstep:  108.6 Ttot:30233.6 ==
eandg
Spin: 
 Energy calculation finished, energy: -2.138694554E+03
Curvature at dimer midpoint                   -0.00264
Predicted dimer rotation angle:      2.926 deg
Next calculation will be the dimer endpoint after rotation
dl-find/turbomole/=============================== Tstep:  105.2 Ttot:30338.8 ==
eandg
Spin: 
 Energy calculation finished, energy: -2.138694554E+03
Curvature at dimer midpoint after rotation    -0.00197
Curvature at dimer minimum                    -0.00264
Actual dimer rotation angle:         0.058 deg
Dimer rotation converged after    1 steps
Writing TS-mode
Curvature after dimer rotation:               -0.00264
Frequency of transition mode  -263.913 cm^-1 (negative value denotes imaginary frequency)
Crossover temperature for tunnelling       60.43300 K
Restarting L-BFGS optimiser, instance: dimer rotation
Next calculation will be the dimer  midpoint
dl-find/turbomole/=============================== Tstep:   76.2 Ttot:30415.0 ==
eandg
Spin: 
 Energy calculation finished, energy: -2.138694555E+03
Testing convergence of dimer midpoint in cycle  107
    Energy  5.8100E-07 Target: 1.0000E-06 converged?  yes
  Max step  9.1400E-03 Target: 1.8000E-03 converged?   no component   241
  RMS step  2.1593E-03 Target: 1.2000E-03 converged?   no
  Max grad  1.3143E-04 Target: 4.5000E-04 converged?  yes component    55
  RMS grad  2.9680E-05 Target: 3.0000E-04 converged?  yes
Next calculation will be the dimer endpoint before rotation
dl-find/turbomole/=============================== Tstep:  100.1 Ttot:30515.1 ==
eandg
Spin: 
 Energy calculation finished, energy: -2.138694554E+03
Curvature at dimer midpoint                   -0.00262
Predicted dimer rotation angle:      1.817 deg
Dimer rotation converged after    0 steps
Writing TS-mode
Curvature after dimer rotation:               -0.00262
Frequency of transition mode  -262.894 cm^-1 (negative value denotes imaginary frequency)
Crossover temperature for tunnelling       60.19968 K
Restarting L-BFGS optimiser, instance: dimer rotation
Next calculation will be the dimer  midpoint
dl-find/turbomole/=============================== Tstep:  104.3 Ttot:30619.3 ==
eandg
Spin: 
 Energy calculation finished, energy: -2.138694558E+03
Testing convergence of dimer midpoint in cycle  108
    Energy  2.5770E-06 Target: 1.0000E-06 converged?   no
  Max step  9.7661E-03 Target: 1.8000E-03 converged?   no component   241
  RMS step  2.2875E-03 Target: 1.2000E-03 converged?   no
  Max grad  1.4902E-04 Target: 4.5000E-04 converged?  yes component    55
  RMS grad  3.3931E-05 Target: 3.0000E-04 converged?  yes
Next calculation will be the dimer endpoint before rotation
dl-find/turbomole/=============================== Tstep:  115.1 Ttot:30734.4 ==
eandg
Spin: 
 Energy calculation finished, energy: -2.138694557E+03
Curvature at dimer midpoint                   -0.00262
Predicted dimer rotation angle:      1.852 deg
Dimer rotation converged after    0 steps
Writing TS-mode
Curvature after dimer rotation:               -0.00262
Frequency of transition mode  -263.288 cm^-1 (negative value denotes imaginary frequency)
Crossover temperature for tunnelling       60.28994 K
Restarting L-BFGS optimiser, instance: dimer rotation
Next calculation will be the dimer  midpoint
dl-find/turbomole/=============================== Tstep:  105.6 Ttot:30840.1 ==
eandg
Spin: 
 Energy calculation finished, energy: -2.138694556E+03
Testing convergence of dimer midpoint in cycle  109
    Energy  1.9010E-06 Target: 1.0000E-06 converged?   no
  Max step  3.4364E-02 Target: 1.8000E-03 converged?   no component   241
  RMS step  7.7127E-03 Target: 1.2000E-03 converged?   no
  Max grad  8.9680E-04 Target: 4.5000E-04 converged?   no component   244
  RMS grad  1.3737E-04 Target: 3.0000E-04 converged?  yes
Next calculation will be the dimer endpoint before rotation
dl-find/turbomole/=============================== Tstep:  121.8 Ttot:30961.9 ==
eandg
Spin: 
 Energy calculation finished, energy: -2.138694557E+03
Curvature at dimer midpoint                   -0.00261
Predicted dimer rotation angle:      2.718 deg
Next calculation will be the dimer endpoint after rotation
dl-find/turbomole/=============================== Tstep:  105.6 Ttot:31067.5 ==
eandg
Spin: 
 Energy calculation finished, energy: -2.138694557E+03
Curvature at dimer midpoint after rotation    -0.00221
Curvature at dimer minimum                    -0.00261
Actual dimer rotation angle:         0.076 deg
Dimer rotation converged after    1 steps
Writing TS-mode
Curvature after dimer rotation:               -0.00261
Frequency of transition mode  -262.675 cm^-1 (negative value denotes imaginary frequency)
Crossover temperature for tunnelling       60.14965 K
Restarting L-BFGS optimiser, instance: dimer rotation
Next calculation will be the dimer  midpoint
dl-find/turbomole/=============================== Tstep:   75.5 Ttot:31143.0 ==
eandg
Spin: 
 Energy calculation finished, energy: -2.138694572E+03
Testing convergence of dimer midpoint in cycle  110
    Energy  1.6193E-05 Target: 1.0000E-06 converged?   no
  Max step  4.5538E-03 Target: 1.8000E-03 converged?   no component   241
  RMS step  1.1410E-03 Target: 1.2000E-03 converged?  yes
  Max grad  1.0676E-04 Target: 4.5000E-04 converged?  yes component    88
  RMS grad  3.6141E-05 Target: 3.0000E-04 converged?  yes
Next calculation will be the dimer endpoint before rotation
dl-find/turbomole/=============================== Tstep:  101.7 Ttot:31244.7 ==
eandg
Spin: 
 Energy calculation finished, energy: -2.138694570E+03
Curvature at dimer midpoint                   -0.00258
Predicted dimer rotation angle:      3.193 deg
Next calculation will be the dimer endpoint after rotation
dl-find/turbomole/=============================== Tstep:  105.3 Ttot:31350.0 ==
eandg
Spin: 
 Energy calculation finished, energy: -2.138694570E+03
Curvature at dimer midpoint after rotation    -0.00202
Curvature at dimer minimum                    -0.00258
Actual dimer rotation angle:         0.086 deg
Dimer rotation converged after    1 steps
Writing TS-mode
Curvature after dimer rotation:               -0.00258
Frequency of transition mode  -261.256 cm^-1 (negative value denotes imaginary frequency)
Crossover temperature for tunnelling       59.82461 K
Restarting L-BFGS optimiser, instance: dimer rotation
Next calculation will be the dimer  midpoint
dl-find/turbomole/=============================== Tstep:   76.8 Ttot:31426.8 ==
eandg
Spin: 
 Energy calculation finished, energy: -2.138694572E+03
Testing convergence of dimer midpoint in cycle  111
    Energy  2.9700E-07 Target: 1.0000E-06 converged?  yes
  Max step  1.4390E-03 Target: 1.8000E-03 converged?  yes component    87
  RMS step  4.6089E-04 Target: 1.2000E-03 converged?  yes
  Max grad  8.9551E-05 Target: 4.5000E-04 converged?  yes component     7
  RMS grad  2.7533E-05 Target: 3.0000E-04 converged?  yes
Convergence reached
Writing TS-mode
Testing convergence of dimer midpoint in cycle  111
    Energy  0.0000E+00 Target: 1.0000E-06 converged?  yes
  Max step  1.4390E-03 Target: 1.8000E-03 converged?  yes component    87
  RMS step  4.6089E-04 Target: 1.2000E-03 converged?  yes
  Max grad  8.9551E-05 Target: 4.5000E-04 converged?  yes component     7
  RMS grad  2.7533E-05 Target: 3.0000E-04 converged?  yes
Convergence reached

 Optimisation converged
 ----------------------
 Final converged energy:   -2138.694572344000


DL-FIND Report:
===============
Optimisation algorithm: L-BFGS
Number of steps in L-BFGS memory ...............         50
 
Step length: simple scaled
Maximum step length ............................  4.000E-01
Scaling step by ................................  1.000E+00
 
Coordinate system: Mass-weighted Cartesian coordinates
Dimer method, rotation by line search with extrapolation
Dimer distance (mid- to endpoint) ..............  1.000E-02
Maximum number of dimer rotations ..............         40
Tolerance in rotation ..........................  2.000E+00 degrees
 
Number of atoms ................................         85
Number of input geometries .....................          2
Variables to be optimised ......................        510
No restart information is written
This run has not been restarted.
Number of energy evaluations on this processor .        320
Number of steps ................................        111
Number of accepted steps / line searches .......        111
 

Timing report
=============
Module                                      CPU time            Wall clock time
Total .................................   129.794 (100.00%) 31535.200 (100.00%) seconds
Energy and Gradient ...................   129.549 ( 99.81%) 31534.078 (100.00%) seconds
Step direction ........................     0.038 (  0.03%)     0.045 (  0.00%) seconds
Coordinate transformation .............     0.081 (  0.06%)     0.790 (  0.00%) seconds
Checkpoint file I/O ...................     0.000 (  0.00%)     0.000 (  0.00%) seconds
XYZ-file I/O ..........................     0.000 (  0.00%)     0.000 (  0.00%) seconds
exit 0
write_xyz/======================================= Tstep:  108.7 Ttot:31535.5 ==
dl-find/========================================= Tstep:    0.0 Ttot:31535.6 ==
dl-find/copy_object/============================= Tstep:    0.0 Ttot:31535.6 ==
dl-find/get_number_of_atoms/===================== Tstep:    0.0 Ttot:31535.6 ==
dl-find/set_matrix_size/========================= Tstep:    0.0 Ttot:31535.6 ==
dl-find/set_matrix_size/========================= Tstep:    0.0 Ttot:31535.6 ==
Using 2018 CODATA recommended values

***********************************************************************
**                                                                   **
**                       ---------------------                       **
**                              DL-FIND                              **
**                       Geometry Optimisation                       **
**                       ---------------------                       **
**                                                                   **
**                 J. Kaestner, J.M. Carr, T.W. Keal,                **
**                W. Thiel, A. Wander and P. Sherwood                **
**                                                                   **
**              J. Phys. Chem. A, 2009, 113 (43), 11856.             **
**                                                                   **
**   Please include this reference in published work using DL-FIND.  **
**                                                                   **
**               Copyright:  STFC Daresbury Laboratory               **
**                  and the University of Stuttgart                  **
**                           Revision:  341 $                        **
**                                                                   **
***********************************************************************

Atom      1  free
Atom      2  free
Atom      3  free
Atom      4  free
Atom      5  free
Atom      6  free
Atom      7  free
Atom      8  free
Atom      9  free
Atom     10  free
Atom     11  free
Atom     12  free
Atom     13  free
Atom     14  free
Atom     15  free
Atom     16  free
Atom     17  free
Atom     18  free
Atom     19  free
Atom     20  free
Atom     21  free
Atom     22  free
Atom     23  free
Atom     24  free
Atom     25  free
Atom     26  free
Atom     27  free
Atom     28  free
Atom     29  free
Atom     30  free
Atom     31  free
Atom     32  free
Atom     33  free
Atom     34  free
Atom     35  free
Atom     36  free
Atom     37  free
Atom     38  free
Atom     39  free
Atom     40  free
Atom     41  free
Atom     42  free
Atom     43  free
Atom     44  free
Atom     45  free
Atom     46  free
Atom     47  free
Atom     48  free
Atom     49  free
Atom     50  free
Atom     51  free
Atom     52  free
Atom     53  free
Atom     54  free
Atom     55  free
Atom     56  free
Atom     57  free
Atom     58  free
Atom     59  free
Atom     60  free
Atom     61  free
Atom     62  free
Atom     63  free
Atom     64  free
Atom     65  free
Atom     66  free
Atom     67  free
Atom     68  free
Atom     69  free
Atom     70  free
Atom     71  free
Atom     72  free
Atom     73  free
Atom     74  free
Atom     75  free
Atom     76  free
Atom     77  free
Atom     78  free
Atom     79  free
Atom     80  free
Atom     81  free
Atom     82  free
Atom     83  free
Atom     84  free
Atom     85  free

DL-FIND Report:
===============
Optimisation algorithm: no optimisation, just calculate the
    Hessian and thermal corrections
Modes assumed to have zero vibrational frequency          6
Temperature ....................................  2.981E+02 K
Minimum wave number ............................  1.000E+02 cm^-1
Finite difference for Hessian calculation ......  1.000E-02
 
Step length: simple scaled
Maximum step length ............................  5.000E-01
Scaling step by ................................  1.000E+00
 
Coordinate system: Mass-weighted Cartesian coordinates
 
Number of atoms ................................         85
Number of input geometries .....................          1
Variables to be optimised ......................        255
No restart information is written
This run has not been restarted.
Maximum number of steps ........................        100
Maximum number of energy evaluations ...........     100000
 
dl-find/turbomole/=============================== Tstep:    0.0 Ttot:31535.6 ==
eandg
Spin: 
 Energy calculation finished, energy: -2.138694572E+03
dl-find/turbomole/=============================== Tstep:   50.6 Ttot:31586.1 ==
hessian
Analytic hessian calculated

Hessian eigenvalues:
 -0.00260 -0.00000 -0.00000 -0.00000 -0.00000  0.00000  0.00000  0.00001  0.00002  0.00002  0.00002  0.00003
  0.00006  0.00008  0.00010  0.00012  0.00014  0.00018  0.00019  0.00022  0.00027  0.00035  0.00036  0.00041
  0.00047  0.00056  0.00057  0.00071  0.00083  0.00083  0.00093  0.00095  0.00101  0.00115  0.00125  0.00143
  0.00150  0.00170  0.00181  0.00218  0.00231  0.00239  0.00255  0.00270  0.00326  0.00335  0.00349  0.00412
  0.00426  0.00468  0.00502  0.00521  0.00572  0.00605  0.00637  0.00654  0.00667  0.00692  0.00737  0.00753
  0.00777  0.00869  0.00929  0.00961  0.01020  0.01095  0.01101  0.01114  0.01149  0.01175  0.01181  0.01217
  0.01411  0.01419  0.01449  0.01465  0.01489  0.01556  0.01601  0.01640  0.01766  0.01813  0.01824  0.01896
  0.01919  0.01944  0.01951  0.02018  0.02062  0.02098  0.02169  0.02206  0.02257  0.02275  0.02288  0.02303
  0.02358  0.02456  0.02458  0.02531  0.02540  0.02607  0.02740  0.02749  0.02768  0.02879  0.02881  0.02911
  0.02932  0.03028  0.03091  0.03150  0.03158  0.03184  0.03362  0.03406  0.03524  0.03578  0.03765  0.03820
  0.03851  0.03863  0.03883  0.03919  0.03927  0.03953  0.03976  0.04018  0.04022  0.04045  0.04111  0.04124
  0.04178  0.04219  0.04225  0.04244  0.04483  0.04523  0.04559  0.04585  0.04755  0.04786  0.04815  0.04830
  0.04921  0.04944  0.04958  0.04984  0.04991  0.05006  0.05020  0.05061  0.05100  0.05306  0.05372  0.05389
  0.05534  0.05730  0.05732  0.05745  0.05852  0.05917  0.06050  0.06089  0.06209  0.06275  0.06452  0.06655
  0.06733  0.06757  0.06797  0.06989  0.07036  0.07106  0.07135  0.07303  0.07444  0.07463  0.07522  0.07582
  0.07611  0.07696  0.07809  0.07819  0.07891  0.07918  0.07994  0.07996  0.08039  0.08055  0.08168  0.08204
  0.08299  0.08330  0.08356  0.08407  0.08444  0.08471  0.08604  0.08646  0.08837  0.08982  0.09013  0.09347
  0.09445  0.09960  0.09996  0.10360  0.10498  0.10557  0.10665  0.10792  0.10847  0.10850  0.11128  0.11152
  0.12010  0.12236  0.12882  0.24820  0.35461  0.35512  0.36177  0.36537  0.37128  0.37625  0.37661  0.37772
  0.37849  0.38128  0.38417  0.38752  0.38791  0.38857  0.38890  0.38992  0.39012  0.39083  0.39164  0.39250
  0.39287  0.39294  0.39370  0.39466  0.39531  0.39543  0.39557  0.39588  0.39699  0.39720  0.39780  0.39970
  0.40706  0.41322  0.41769
Testing convergence  in cycle    1
  Max grad  8.9550E-05 Target: 4.5000E-04 converged?  yes component     7
  RMS grad  2.7533E-05 Target: 3.0000E-04 converged?  yes
Convergence reached
 
Projecting out translational and rotational modes

Number of translational/rotational modes:   6
 
Thermochemical analysis
 Mode     Eigenvalue Frequency Vib.T.(K)        ZPE (H)   Vib. Ene.(H)      - T*S (H)
    1  -0.0026032514   262.278i
    2   0.0000073767    13.962    20.088   0.0000318069   0.0007346202  -0.0016412577
    3   0.0000154347    20.195    29.057   0.0000460087   0.0007346202  -0.0016412577
    4   0.0000206293    23.348    33.592   0.0000531903   0.0007346202  -0.0016412577
    5   0.0000215677    23.873    34.348   0.0000543866   0.0007346202  -0.0016412577
    6   0.0000291750    27.766    39.949   0.0000632550   0.0007346202  -0.0016412577
    7   0.0000620503    40.493    58.260   0.0000922491   0.0007346202  -0.0016412577
    8   0.0000790528    45.705    65.759   0.0001041235   0.0007346202  -0.0016412577
    9   0.0000954211    50.214    72.247   0.0001143964   0.0007346202  -0.0016412577
   10   0.0001187034    56.006    80.580   0.0001275914   0.0007346202  -0.0016412577
   11   0.0001444958    61.792    88.905   0.0001407724   0.0007346202  -0.0016412577
   12   0.0001813178    69.219    99.591   0.0001576922   0.0007346202  -0.0016412577
   13   0.0001932754    71.465   102.822   0.0001628089   0.0007346202  -0.0016412577
   14   0.0002203910    76.313   109.798   0.0001738549   0.0007346202  -0.0016412577
   15   0.0002681481    84.177   121.111   0.0001917685   0.0007346202  -0.0016412577
   16   0.0003515748    96.386   138.678   0.0002195831   0.0007346202  -0.0016412577
   17   0.0003572258    97.157   139.788   0.0002213407   0.0007346202  -0.0016412577
   18   0.0004124281   104.395   150.201   0.0002378286   0.0007262410  -0.0016014627
   19   0.0004704815   111.500   160.424   0.0002540161   0.0007128391  -0.0015406770
   20   0.0005626180   121.930   175.430   0.0002777773   0.0006934922  -0.0014584415
   21   0.0005691129   122.632   176.440   0.0002793761   0.0006922043  -0.0014531774
   22   0.0007118164   137.148   197.325   0.0003124453   0.0006659549  -0.0013509386
   23   0.0008256108   147.704   212.513   0.0003364942   0.0006473301  -0.0012836165
   24   0.0008328247   148.348   213.439   0.0003379611   0.0006462067  -0.0012796797
   25   0.0009266337   156.480   225.140   0.0003564872   0.0006321422  -0.0012315016
   26   0.0009502325   158.460   227.988   0.0003609981   0.0006287524  -0.0012201844
   27   0.0010115581   163.493   235.230   0.0003724649   0.0006201963  -0.0011921005
   28   0.0011468822   174.086   250.471   0.0003965969   0.0006024746  -0.0011359968
   29   0.0012483790   181.626   261.319   0.0004137740   0.0005900942  -0.0010983331
   30   0.0014263841   194.143   279.329   0.0004422911   0.0005699660  -0.0010395423
   31   0.0014985889   198.997   286.312   0.0004533475   0.0005623039  -0.0010179018
   32   0.0017033997   212.160   305.250   0.0004833350   0.0005419183  -0.0009621490
   33   0.0018052316   218.409   314.242   0.0004975726   0.0005324404  -0.0009370756
   34   0.0021764440   239.816   345.042   0.0005463409   0.0005009422  -0.0008572545
   35   0.0023148994   247.326   355.847   0.0005634508   0.0004902417  -0.0008312711
   36   0.0023884834   251.226   361.459   0.0005723360   0.0004847558  -0.0008181577
   37   0.0025516231   259.664   373.599   0.0005915592   0.0004730519  -0.0007906325
   38   0.0027030066   267.256   384.522   0.0006088545   0.0004627129  -0.0007668100
   39   0.0032578630   293.407   422.147   0.0006684307   0.0004284607  -0.0006909522
   40   0.0033538137   297.697   428.319   0.0006782026   0.0004230409  -0.0006793533
   41   0.0034881411   303.600   436.812   0.0006916509   0.0004156720  -0.0006637501
   42   0.0041165400   329.815   474.530   0.0007513739   0.0003841857  -0.0005991367
   43   0.0042567639   335.385   482.545   0.0007640640   0.0003777513  -0.0005863218
   44   0.0046829523   351.774   506.125   0.0008014009   0.0003593277  -0.0005503147
   45   0.0050221750   364.292   524.136   0.0008299193   0.0003457573  -0.0005244168
   46   0.0052063137   370.911   533.658   0.0008449969   0.0003387551  -0.0005112524
   47   0.0057184866   388.727   559.292   0.0008855855   0.0003204860  -0.0004775188
   48   0.0060463662   399.716   575.102   0.0009106200   0.0003096321  -0.0004578820
   49   0.0063671378   410.182   590.160   0.0009344629   0.0002995819  -0.0004399590
   50   0.0065387382   415.672   598.060   0.0009469715   0.0002944196  -0.0004308475
   51   0.0066702268   419.831   604.043   0.0009564456   0.0002905597  -0.0004240758
   52   0.0069232421   427.719   615.393   0.0009744167   0.0002833548  -0.0004115292
   53   0.0073718943   441.361   635.020   0.0010054940   0.0002712513  -0.0003907198
   54   0.0075282758   446.018   641.720   0.0010161030   0.0002672211  -0.0003838638
   55   0.0077716873   453.171   652.012   0.0010323991   0.0002611295  -0.0003735691
   56   0.0086913160   479.233   689.510   0.0010917739   0.0002399258  -0.0003383579
   57   0.0092929711   495.543   712.976   0.0011289306   0.0002274222  -0.0003180344
   58   0.0096053941   503.804   724.862   0.0011477506   0.0002213063  -0.0003082090
   59   0.0102022869   519.222   747.045   0.0011828746   0.0002102719  -0.0002906705
   60   0.0109462021   537.819   773.801   0.0012252415   0.0001976009  -0.0002708235
   61   0.0110140270   539.482   776.195   0.0012290315   0.0001965005  -0.0002691146
   62   0.0111410173   542.584   780.657   0.0012360965   0.0001944636  -0.0002659572
   63   0.0114927096   551.081   792.883   0.0012554551   0.0001889767  -0.0002574910
   64   0.0117510928   557.241   801.746   0.0012694894   0.0001850841  -0.0002515193
   65   0.0118141743   558.735   803.895   0.0012728922   0.0001841509  -0.0002500919
   66   0.0121687514   567.058   815.870   0.0012918526   0.0001790268  -0.0002422830
   67   0.0141060013   610.529   878.415   0.0013908872   0.0001542531  -0.0002052093
   68   0.0141921028   612.389   881.092   0.0013951257   0.0001532643  -0.0002037527
   69   0.0144877334   618.735   890.221   0.0014095815   0.0001499342  -0.0001988599
   70   0.0146505942   622.203   895.211   0.0014174821   0.0001481416  -0.0001962342
   71   0.0148904023   627.274   902.508   0.0014290360   0.0001455544  -0.0001924550
   72   0.0155636986   641.299   922.686   0.0014609870   0.0001386087  -0.0001823679
   73   0.0160146937   650.524   935.959   0.0014820036   0.0001342034  -0.0001760143
   74   0.0163992924   658.289   947.131   0.0014996935   0.0001305932  -0.0001708332
   75   0.0176635739   683.193   982.963   0.0015564287   0.0001195966  -0.0001551928
   76   0.0181279353   692.115   995.799   0.0015767547   0.0001158650  -0.0001499338
   77   0.0182416777   694.283   998.919   0.0015816935   0.0001149744  -0.0001486822
   78   0.0189556540   707.740  1018.280   0.0016123501   0.0001095834  -0.0001411361
   79   0.0191852858   712.014  1024.429   0.0016220868   0.0001079198  -0.0001388177
   80   0.0194387003   716.701  1031.173   0.0016327646   0.0001061219  -0.0001363176
   81   0.0195148366   718.103  1033.190   0.0016359590   0.0001055893  -0.0001355781
   82   0.0201753882   730.155  1050.531   0.0016634161   0.0001011110  -0.0001293798
   83   0.0206216900   738.187  1062.086   0.0016817138   0.0000982235  -0.0001254020
   84   0.0209814864   744.599  1071.312   0.0016963212   0.0000959726  -0.0001223114
   85   0.0216903594   757.073  1089.259   0.0017247388   0.0000917283  -0.0001165079
   86   0.0220639845   763.565  1098.600   0.0017395300   0.0000895878  -0.0001135933
   87   0.0225670695   772.221  1111.054   0.0017592499   0.0000868052  -0.0001098166
   88   0.0227487134   775.323  1115.517   0.0017663159   0.0000858277  -0.0001084931
   89   0.0228797774   777.553  1118.726   0.0017713968   0.0000851310  -0.0001075509
   90   0.0230325099   780.144  1122.454   0.0017772994   0.0000843282  -0.0001064662
   91   0.0235786415   789.339  1135.683   0.0017982470   0.0000815350  -0.0001027013
   92   0.0245598243   805.595  1159.072   0.0018352811   0.0000768045  -0.0000963571
   93   0.0245831086   805.977  1159.621   0.0018361508   0.0000766965  -0.0000962128
   94   0.0253069830   817.757  1176.570   0.0018629884   0.0000734323  -0.0000918595
   95   0.0254028167   819.304  1178.796   0.0018665124   0.0000730134  -0.0000913022
   96   0.0260715290   830.018  1194.211   0.0018909202   0.0000701719  -0.0000875307
   97   0.0273979574   850.870  1224.213   0.0019384252   0.0000649332  -0.0000806164
   98   0.0274944008   852.367  1226.365   0.0019418339   0.0000645717  -0.0000801410
   99   0.0276846604   855.311  1230.601   0.0019485410   0.0000638657  -0.0000792136
  100   0.0287885737   872.197  1254.896   0.0019870099   0.0000599532  -0.0000740911
  101   0.0288136240   872.576  1255.442   0.0019878742   0.0000598679  -0.0000739798
  102   0.0291144706   877.119  1261.979   0.0019982251   0.0000588553  -0.0000726589
  103   0.0293163555   880.155  1266.347   0.0020051411   0.0000581877  -0.0000717890
  104   0.0302769878   894.459  1286.927   0.0020377283   0.0000551359  -0.0000678239
  105   0.0309148810   903.833  1300.414   0.0020590825   0.0000532179  -0.0000653411
  106   0.0314950468   912.274  1312.559   0.0020783136   0.0000515442  -0.0000631805
  107   0.0315754368   913.438  1314.233   0.0020809643   0.0000513174  -0.0000628882
  108   0.0318418940   917.284  1319.767   0.0020897263   0.0000505743  -0.0000619311
  109   0.0336239345   942.602  1356.195   0.0021474063   0.0000459292  -0.0000559728
  110   0.0340602991   948.699  1364.966   0.0021612957   0.0000448722  -0.0000546231
  111   0.0352402849   964.993  1388.409   0.0021984149   0.0000421584  -0.0000511685
  112   0.0357817074   972.377  1399.034   0.0022152385   0.0000409801  -0.0000496733
  113   0.0376518928   997.465  1435.130   0.0022723926   0.0000372049  -0.0000449028
  114   0.0381982862  1004.676  1445.505   0.0022888213   0.0000361821  -0.0000436157
  115   0.0385118089  1008.791  1451.425   0.0022981952   0.0000356105  -0.0000428973
  116   0.0386325800  1010.372  1453.699   0.0023017959   0.0000353932  -0.0000426245
  117   0.0388298281  1012.948  1457.406   0.0023076646   0.0000350417  -0.0000421833
  118   0.0391903639  1017.639  1464.156   0.0023183532   0.0000344101  -0.0000413912
  119   0.0392731766  1018.714  1465.702   0.0023208014   0.0000342669  -0.0000412118
  120   0.0395286700  1022.022  1470.462   0.0023283382   0.0000338298  -0.0000406643
  121   0.0397640934  1025.061  1474.834   0.0023352614   0.0000334329  -0.0000401675
  122   0.0401787660  1030.392  1482.505   0.0023474062   0.0000327473  -0.0000393103
  123   0.0402229582  1030.959  1483.320   0.0023486968   0.0000326752  -0.0000392203
  124   0.0404494326  1033.857  1487.490   0.0023552997   0.0000323088  -0.0000387627
  125   0.0411110611  1042.278  1499.606   0.0023744843   0.0000312664  -0.0000374623
  126   0.0412413634  1043.929  1501.980   0.0023782443   0.0000310658  -0.0000372125
  127   0.0417817366  1050.745  1511.788   0.0023937743   0.0000302504  -0.0000361975
  128   0.0421893065  1055.858  1519.144   0.0024054213   0.0000296523  -0.0000354540
  129   0.0422482058  1056.595  1520.204   0.0024070998   0.0000295670  -0.0000353481
  130   0.0424407597  1059.000  1523.664   0.0024125789   0.0000292903  -0.0000350045
  131   0.0448344336  1088.454  1566.043   0.0024796809   0.0000260951  -0.0000310502
  132   0.0452316327  1093.265  1572.964   0.0024906407   0.0000256059  -0.0000304469
  133   0.0455914601  1097.605  1579.209   0.0025005279   0.0000251720  -0.0000299125
  134   0.0458502172  1100.715  1583.684   0.0025076138   0.0000248654  -0.0000295351
  135   0.0475502395  1120.936  1612.776   0.0025536790   0.0000229575  -0.0000271921
  136   0.0478617269  1124.601  1618.050   0.0025620296   0.0000226270  -0.0000267871
  137   0.0481476658  1127.955  1622.876   0.0025696713   0.0000223285  -0.0000264217
  138   0.0483031092  1129.775  1625.494   0.0025738160   0.0000221682  -0.0000262255
  139   0.0492078452  1140.306  1640.646   0.0025978085   0.0000212616  -0.0000251175
  140   0.0494369635  1142.958  1644.461   0.0026038493   0.0000210389  -0.0000248457
  141   0.0495760270  1144.564  1646.772   0.0026075090   0.0000209052  -0.0000246825
  142   0.0498427749  1147.639  1651.197   0.0026145145   0.0000206514  -0.0000243730
  143   0.0499125797  1148.443  1652.353   0.0026163447   0.0000205855  -0.0000242927
  144   0.0500577906  1150.112  1654.754   0.0026201478   0.0000204494  -0.0000241268
  145   0.0502040389  1151.791  1657.170   0.0026239725   0.0000203134  -0.0000239610
  146   0.0506147805  1156.493  1663.935   0.0026346846   0.0000199370  -0.0000235026
  147   0.0510037018  1160.928  1670.316   0.0026447876   0.0000195881  -0.0000230781
  148   0.0530631616  1184.134  1703.705   0.0026976557   0.0000178559  -0.0000209756
  149   0.0537249432  1191.495  1714.296   0.0027144256   0.0000173379  -0.0000203485
  150   0.0538925146  1193.352  1716.967   0.0027186555   0.0000172095  -0.0000201933
  151   0.0553441327  1209.317  1739.937   0.0027550263   0.0000161429  -0.0000189050
  152   0.0572957603  1230.454  1770.349   0.0028031814   0.0000148280  -0.0000173219
  153   0.0573204426  1230.719  1770.731   0.0028037851   0.0000148122  -0.0000173029
  154   0.0574515732  1232.126  1772.755   0.0028069903   0.0000147285  -0.0000172024
  155   0.0585202856  1243.534  1789.167   0.0028329778   0.0000140668  -0.0000164080
  156   0.0591694395  1250.412  1799.063   0.0028486473   0.0000136817  -0.0000159464
  157   0.0605003237  1264.396  1819.184   0.0028805061   0.0000129298  -0.0000150466
  158   0.0608886271  1268.447  1825.012   0.0028897352   0.0000127196  -0.0000147953
  159   0.0620932898  1280.934  1842.978   0.0029181814   0.0000120921  -0.0000140463
  160   0.0627474546  1287.663  1852.660   0.0029335130   0.0000117665  -0.0000136582
  161   0.0645198780  1305.723  1878.644   0.0029746558   0.0000109339  -0.0000126675
  162   0.0665475280  1326.082  1907.936   0.0030210361   0.0000100635  -0.0000116349
  163   0.0673284879  1333.840  1919.098   0.0030387109   0.0000097499  -0.0000112634
  164   0.0675721869  1336.252  1922.568   0.0030442053   0.0000096543  -0.0000111503
  165   0.0679701468  1340.181  1928.221   0.0030531564   0.0000095005  -0.0000109684
  166   0.0698878110  1358.955  1955.233   0.0030959267   0.0000087980  -0.0000101387
  167   0.0703559975  1363.499  1961.771   0.0031062794   0.0000086357  -0.0000099472
  168   0.0710614578  1370.318  1971.582   0.0031218139   0.0000083976  -0.0000096666
  169   0.0713462611  1373.061  1975.529   0.0031280635   0.0000083036  -0.0000095559
  170   0.0730306883  1389.175  1998.713   0.0031647736   0.0000077717  -0.0000089304
  171   0.0744363687  1402.481  2017.857   0.0031950859   0.0000073577  -0.0000084442
  172   0.0746314088  1404.317  2020.499   0.0031992691   0.0000073022  -0.0000083792
  173   0.0752162167  1409.808  2028.399   0.0032117793   0.0000071389  -0.0000081876
  174   0.0758157861  1415.416  2036.468   0.0032245549   0.0000069757  -0.0000079964
  175   0.0761060758  1418.123  2040.363   0.0032307222   0.0000068982  -0.0000079057
  176   0.0769611092  1426.067  2051.792   0.0032488197   0.0000066757  -0.0000076453
  177   0.0780902636  1436.490  2066.789   0.0032725659   0.0000063943  -0.0000073163
  178   0.0781912245  1437.419  2068.125   0.0032746807   0.0000063698  -0.0000072877
  179   0.0789109891  1444.019  2077.622   0.0032897182   0.0000061983  -0.0000070873
  180   0.0791770811  1446.452  2081.122   0.0032952601   0.0000061362  -0.0000070149
  181   0.0799437212  1453.438  2091.173   0.0033111750   0.0000059612  -0.0000068108
  182   0.0799586871  1453.574  2091.368   0.0033114849   0.0000059579  -0.0000068069
  183   0.0803911636  1457.500  2097.017   0.0033204283   0.0000058618  -0.0000066948
  184   0.0805516635  1458.954  2099.109   0.0033237413   0.0000058265  -0.0000066538
  185   0.0816836507  1469.169  2113.807   0.0033470140   0.0000055849  -0.0000063723
  186   0.0820387549  1472.359  2118.397   0.0033542813   0.0000055114  -0.0000062868
  187   0.0829946422  1480.912  2130.702   0.0033737662   0.0000053191  -0.0000060631
  188   0.0832994617  1483.629  2134.611   0.0033799560   0.0000052594  -0.0000059937
  189   0.0835631323  1485.975  2137.987   0.0033853012   0.0000052084  -0.0000059344
  190   0.0840677420  1490.455  2144.433   0.0033955071   0.0000051123  -0.0000058228
  191   0.0844422735  1493.772  2149.204   0.0034030624   0.0000050423  -0.0000057415
  192   0.0847133480  1496.167  2152.651   0.0034085202   0.0000049922  -0.0000056834
  193   0.0860423178  1507.858  2169.471   0.0034351524   0.0000047551  -0.0000054084
  194   0.0864593035  1511.507  2174.721   0.0034434662   0.0000046833  -0.0000053252
  195   0.0883680323  1528.100  2198.595   0.0034812687   0.0000043702  -0.0000049626
  196   0.0898161445  1540.570  2216.537   0.0035096771   0.0000041484  -0.0000047062
  197   0.0901269485  1543.233  2220.369   0.0035157443   0.0000041025  -0.0000046532
  198   0.0934705721  1571.599  2261.180   0.0035803658   0.0000036431  -0.0000041234
  199   0.0944483797  1579.798  2272.977   0.0035990444   0.0000035200  -0.0000039816
  200   0.0995985968  1622.299  2334.126   0.0036958689   0.0000029441  -0.0000033201
  201   0.0999636141  1625.269  2338.399   0.0037026352   0.0000029075  -0.0000032782
  202   0.1035951756  1654.528  2380.496   0.0037692914   0.0000025700  -0.0000028918
  203   0.1049821719  1665.567  2396.379   0.0037944404   0.0000024529  -0.0000027580
  204   0.1055677204  1670.205  2403.053   0.0038050076   0.0000024053  -0.0000027036
  205   0.1066502039  1678.747  2415.342   0.0038244659   0.0000023199  -0.0000026062
  206   0.1079170372  1688.687  2429.645   0.0038471132   0.0000022243  -0.0000024972
  207   0.1084658001  1692.976  2435.814   0.0038568821   0.0000021843  -0.0000024516
  208   0.1085022234  1693.260  2436.223   0.0038575296   0.0000021816  -0.0000024486
  209   0.1112775989  1714.779  2467.184   0.0039065540   0.0000019914  -0.0000022320
  210   0.1115172714  1716.625  2469.840   0.0039107587   0.0000019759  -0.0000022143
  211   0.1201043037  1781.491  2563.168   0.0040585345   0.0000014993  -0.0000016737
  212   0.1223607468  1798.148  2587.133   0.0040964816   0.0000013964  -0.0000015573
  213   0.1288195255  1844.995  2654.536   0.0042032072   0.0000011429  -0.0000012712
  214   0.2481960067  2560.953  3684.641   0.0058342811   0.0000000501  -0.0000000542
  215   0.3546086025  3061.110  4404.254   0.0069737213   0.0000000054  -0.0000000057
  216   0.3551232288  3063.330  4407.449   0.0069787798   0.0000000053  -0.0000000057
  217   0.3617684773  3091.859  4448.495   0.0070437724   0.0000000047  -0.0000000050
  218   0.3653686086  3107.205  4470.575   0.0070787336   0.0000000044  -0.0000000046
  219   0.3712758853  3132.223  4506.570   0.0071357286   0.0000000039  -0.0000000041
  220   0.3762462373  3153.119  4536.635   0.0071833336   0.0000000035  -0.0000000038
  221   0.3766076121  3154.633  4538.813   0.0071867825   0.0000000035  -0.0000000037
  222   0.3777164022  3159.273  4545.489   0.0071973542   0.0000000034  -0.0000000037
  223   0.3784918432  3162.515  4550.153   0.0072047384   0.0000000034  -0.0000000036
  224   0.3812839684  3174.158  4566.905   0.0072312641   0.0000000032  -0.0000000034
  225   0.3841670282  3186.136  4584.139   0.0072585521   0.0000000031  -0.0000000032
  226   0.3875234546  3200.024  4604.121   0.0072901917   0.0000000029  -0.0000000031
  227   0.3879143294  3201.638  4606.442   0.0072938674   0.0000000028  -0.0000000030
  228   0.3885661549  3204.327  4610.311   0.0072999929   0.0000000028  -0.0000000030
  229   0.3889023379  3205.712  4612.305   0.0073031502   0.0000000028  -0.0000000030
  230   0.3899161309  3209.888  4618.313   0.0073126629   0.0000000027  -0.0000000029
  231   0.3901158422  3210.710  4619.495   0.0073145354   0.0000000027  -0.0000000029
  232   0.3908347389  3213.667  4623.750   0.0073212718   0.0000000027  -0.0000000029
  233   0.3916446064  3216.995  4628.538   0.0073288533   0.0000000027  -0.0000000028
  234   0.3924986660  3220.500  4633.582   0.0073368400   0.0000000026  -0.0000000028
  235   0.3928696843  3222.022  4635.771   0.0073403068   0.0000000026  -0.0000000028
  236   0.3929367028  3222.297  4636.167   0.0073409329   0.0000000026  -0.0000000028
  237   0.3936998125  3225.425  4640.666   0.0073480577   0.0000000026  -0.0000000027
  238   0.3946613818  3229.361  4646.330   0.0073570256   0.0000000025  -0.0000000027
  239   0.3953083340  3232.007  4650.137   0.0073630532   0.0000000025  -0.0000000026
  240   0.3954328135  3232.516  4650.869   0.0073642124   0.0000000025  -0.0000000026
  241   0.3955669710  3233.064  4651.658   0.0073654615   0.0000000025  -0.0000000026
  242   0.3958793957  3234.340  4653.494   0.0073683696   0.0000000025  -0.0000000026
  243   0.3969889595  3238.870  4660.011   0.0073786884   0.0000000024  -0.0000000026
  244   0.3971990530  3239.727  4661.244   0.0073806406   0.0000000024  -0.0000000025
  245   0.3977950525  3242.156  4664.740   0.0073861758   0.0000000024  -0.0000000025
  246   0.3996951717  3249.890  4675.867   0.0074037953   0.0000000023  -0.0000000024
  247   0.4070627402  3279.706  4718.766   0.0074717207   0.0000000020  -0.0000000021
  248   0.4132185586  3304.412  4754.312   0.0075280044   0.0000000018  -0.0000000019
  249   0.4176850350  3322.223  4779.937   0.0075685801   0.0000000016  -0.0000000018
total                                      0.6869936229   0.0376414200  -0.0686936180
Wave numbers > 0 and <    100.0 cm^-1 were raised to that value for vibrational H and S.
Temperature:            298.15 Kelvin
 
Energy contributions for the gas phase:
The standard state is an ideal gas at a pressure of 101300.0 Pa
Molar volume (V_m):      24.47 L
                                  Hartree     kJ/mol   kcal/mol          K
ZPE .........................    0.686994   1803.702    431.095   216935.4
H_trans .....................    0.002360      6.197      1.481      745.4
H_rot .......................    0.001416      3.718      0.889      447.2
H_vib .......................    0.037641     98.828     23.620    11886.2
H_total .....................    0.041418    108.743     25.990    13078.8
 
S_trans*T ...................    0.021527     56.520     13.509     6797.8
S_rot*T .....................    0.018207     47.803     11.425     5749.4
S_vib*T .....................    0.068694    180.355     43.106    21691.7
S_total*T ...................    0.108428    284.678     68.040    34238.9
 
H(T) ........................    0.728412   1912.445    457.085   230014.2
S(T)*T ......................    0.108428    284.678     68.040    34238.9
G(T) ........................    0.619984   1627.767    389.046   195775.3
Total free energy G (electronic energy+ZPE+RRHO):  -2138.074589 Hartree
 
Energy contributions for solutions:
The standard state is a concentration of c_0 = 1 mol / L:
R*T*ln(c_0*V_m) .............    0.003019      7.926      1.894      953.3
S_trans*T ...................    0.018508     48.594     11.614     5844.5
S_total*T ...................    0.105409    276.752     66.145    33285.6
S(T)*T ......................    0.105409    276.752     66.145    33285.6
G(T) ........................    0.623003   1635.693    390.940   196728.7
Total free energy G (electronic energy+ZPE+RRHO):  -2138.071570 Hartree
 
Crossover temperature for tunnelling       60.05870 K
 Writing file qts_ts.txt
 Writing Hessian file qts_hessian_ts.txt

DL-FIND Report:
===============
Optimisation algorithm: no optimisation, just calculate the
    Hessian and thermal corrections
Modes assumed to have zero vibrational frequency          6
Temperature ....................................  2.981E+02 K
Minimum wave number ............................  1.000E+02 cm^-1
Finite difference for Hessian calculation ......  1.000E-02
 
Step length: simple scaled
Maximum step length ............................  5.000E-01
Scaling step by ................................  1.000E+00
 
Coordinate system: Mass-weighted Cartesian coordinates
 
Number of atoms ................................         85
Number of input geometries .....................          1
Variables to be optimised ......................        255
No restart information is written
This run has not been restarted.
Number of energy evaluations on this processor .          1
Number of steps ................................          1
Number of accepted steps / line searches .......          0
 

Timing report
=============
Module                                      CPU time            Wall clock time
Total .................................     1.974 (100.00%) 13145.868 (100.00%) seconds
Energy and Gradient ...................     0.813 ( 41.19%)    50.567 (  0.38%) seconds
Step direction ........................     0.000 (  0.00%)     0.000 (  0.00%) seconds
Coordinate transformation .............     0.008 (  0.39%)     0.036 (  0.00%) seconds
Checkpoint file I/O ...................     0.000 (  0.00%)     0.000 (  0.00%) seconds
XYZ-file I/O ..........................     0.000 (  0.02%)     0.003 (  0.00%) seconds
exit 0

 Timing Analysis by Executable 
                                 aoforce  [      1]  13093.846  29.3%
                                    grad  [    321]   6662.292  14.9%
                                    dscf  [    322]  24786.430  55.5%
                                  define  [      1]      0.368   0.0%
                               ChemShell               138.500   0.3%

                                   Total             44681.436

  Timing Analysis by Module       module   # calls        time time (exc) percent 
                               write_xyz  [      1]      0.005      0.005   0.0%
                                 dl-find  [      2]  44681.378      2.751   0.0%
                               turbomole  [    322]  44678.625  44629.896  99.9%
                      set_matrix_element  [13244001]     48.501     48.501   0.1%
                       get_number_of_bqs  [    323]      0.006      0.006   0.0%
                          get_atom_entry  [  27370]      0.157      0.157   0.0%
                         set_matrix_size  [    647]      0.058      0.058   0.0%
                     get_number_of_atoms  [    324]      0.007      0.007   0.0%
                             copy_object  [      2]      0.001      0.001   0.0%
                                read_xyz  [      2]      0.001      0.001   0.0%
                                   Other                 0.053              0.0%

                                   Total             44681.436
ChemShell exiting code 0
