cat_substrate,ddG,x1,x2,x4,x5,x6,x7,x8,x9,x11,x12,x13,x14,x15,x16,x17,x18,x19,x20,x21,x22,x23,x24,x25,x26,x27,x28,x29,x30,x1_div_x26,x6_add_x26,x11_div_x9,x20_div_x9,x20_sub_x13,x21_mul_x30,x26_mul_x21,x26_div_x22,x27_add_x5,x27_mul_x29,x30_add_x8,x30_mul_x27,inv_x4,inv_x8,inv_x24,cbrt_x27,exp_x27,x27_squared,x27_cubed,sqrt_x30,cbrt_x30,ln_x30,inv_x30,x30_squared,x30_cubed,cbrt_x1divx26,inv_x1divx26,x1divx26_squared,inv_x2divx14,inv_x4divx15,cbrt_x6addx26,inv_x6addx26,exp_x6addx26,x6addx26_squared,x6addx26_cubed,inv_x9mulx18,sqrt_x11divx9,cbrt_x11divx9,ln_x11divx9,inv_x11divx9,exp_x11divx9,x11divx9_squared,x11divx9_cubed,inv_x11subx12,inv_x13divx27,inv_x20divx2,cbrt_x20divx9,inv_x20divx9,exp_x20divx9,x20divx9_squared,x20divx9_cubed,cbrt_x20subx13,inv_x20subx13,x20subx13_squared,cbrt_x21mulx30,inv_x21mulx30,exp_x21mulx30,x21mulx30_squared,x21mulx30_cubed,x24subx11_squared,sqrt_x26mulx5,ln_x26mulx5,inv_x26mulx5,exp_x26mulx5,x26mulx5_squared,ln_x26divx6,sqrt_x26mulx21,cbrt_x26mulx21,ln_x26mulx21,inv_x26mulx21,exp_x26mulx21,x26mulx21_squared,x26mulx21_cubed,cbrt_x26divx22,inv_x26divx22,exp_x26divx22,x26divx22_squared,x26divx22_cubed,cbrt_x27addx5,inv_x27addx5,exp_x27addx5,x27addx5_squared,x27addx5_cubed,cbrt_x27mulx29,exp_x27mulx29,x27mulx29_squared,x27mulx29_cubed,sqrt_x30addx8,cbrt_x30addx8,ln_x30addx8,inv_x30addx8,x30addx8_squared,cbrt_x30mulx27,exp_x30mulx27,x30mulx27_squared,x30mulx27_cubed
KA2_A1,1.719047172,80.57024732,72.97657181,0.32688,-0.398047322,-0.798253411,78.5230058,54.19956794,63.82505215,79.204143,49.88982683,49.80292968,57.371,85.77931302,-0.170193,28.10322128,57.371,1558.7206,-172.9063,-0.371293,65.0011174,65.0011174,61.1358388,52.7126817,-0.17413,0.01471,-0.31225,-0.11231,75.87902071,-462.7017017,-0.972383411,1.240956965,-2.709066333,-222.7092297,-28.17334923,0.06465325,-0.002678877,-0.383337322,-0.00165208,130.0785886,1.116180395,3.059226628,0.018450332,0.016357018,0.245021517,1.014818725,0.000216384,3.18301E-06,8.710856485,4.233574816,4.329140239,0.013178873,5757.625783,436883.006,-7.734525915,-0.00216122,214092.8648,0.786156414,262.4183585,-0.990708404,-1.028400926,0.378180603,0.945529498,-0.919417198,0.000273097,1.11398248,1.074613372,0.215882828,0.805829717,3.458921949,1.539974189,1.911041696,0.034113025,0.000295364,-0.42205849,-1.394033509,-0.369130865,0.066598959,7.339040399,-19.88194727,-6.061490171,-0.00449016,49599.40098,-3.042842636,-0.035494537,5.81393E-13,793.7376071,-22362.24681,326.4636169,0.263271685,-2.669137514,14.42752028,1.071770528,0.004804151,-1.522623958,0.254270034,0.401356333,-2.738716903,15.46712653,1.066789051,0.004180043,0.000270253,-0.138883587,-373.2907449,0.997324708,7.17638E-06,-1.92E-08,-0.726429883,-2.608668508,0.681582948,0.146947502,-0.056330462,-0.11821621,0.998349284,2.72937E-06,-4.51E-09,11.40520007,5.066817619,4.868138796,0.00768766,16920.43922,1.037316923,3.053169998,1.245858673,1.390603026
KA2_A2,1.61887539,80.57024732,72.97657181,0.32688,-0.398047322,-0.798253411,78.5230058,54.19956794,63.82505215,79.204143,49.88982683,49.80292968,57.5516,85.81166502,-0.16988,29.26094258,57.5516,1557.6808,-172.4812,-0.371064,65.05241781,64.97970054,61.17029201,52.68589266,-0.174002242,0.014857794,-0.311965303,-0.111759858,75.97180622,-463.0414322,-0.972255653,1.240956965,-2.702405939,-222.2841297,-28.1904023,0.064565968,-0.002674801,-0.383189528,-0.001660505,130.1713742,1.128773419,3.059226628,0.018450332,0.016347805,0.245839374,1.014968719,0.000220754,3.27992E-06,8.716180713,4.235299731,4.330362301,0.013162778,5771.715341,438487.6395,-7.736418431,-0.002159634,214407.3679,0.788631181,262.5173306,-0.990665013,-1.028536061,0.378228922,0.945281055,-0.919054849,0.00027224,1.11398248,1.074613372,0.215882828,0.805829717,3.458921949,1.539974189,1.911041696,0.034113025,0.000298332,-0.423098702,-1.392890134,-0.370040631,0.067044015,7.302997861,-19.7356648,-6.057631057,-0.004498747,49410.23431,-3.043456447,-0.035473066,5.71563E-13,794.6987821,-22402.87838,325.2197814,0.263175087,-2.669871476,14.43811343,1.071716026,0.004797104,-1.523357921,0.254098343,0.401175641,-2.74006782,15.48803545,1.066695944,0.004168764,0.00026916,-0.138813104,-373.8596531,0.997328774,7.15456E-06,-1.91E-08,-0.726336514,-2.609674654,0.681683689,0.146834215,-0.056265333,-0.118416818,0.998340873,2.75728E-06,-4.58E-09,11.40926703,5.068022059,4.868851845,0.007682181,16944.58665,1.041203433,3.091861754,1.274129431,1.438203434
KA2_A3,0.850944248,80.57024732,72.97657181,0.32688,-0.398047322,-0.798253411,78.5230058,54.19956794,63.82505215,79.204143,49.88982683,49.80292968,57.4329,86.18404032,-0.168771,33.17086342,59.995,1573.2441,-171.9441,-0.370103,65.48321021,65.15941597,61.07903754,52.74063548,-0.172925029,0.01528724,-0.305578074,-0.112396674,77.05104831,-465.9258868,-0.97117844,1.240956965,-2.693990748,-221.7470297,-28.51682413,0.064000072,-0.002640754,-0.382760082,-0.001718235,131.2506163,1.177897901,3.059226628,0.018450332,0.016372229,0.248185478,1.015404688,0.0002337,3.57262E-06,8.777872653,4.255260813,4.344468167,0.012978409,5936.864046,457441.5985,-7.752449517,-0.002146264,217086.932,0.787004631,263.656511,-0.990299008,-1.029676895,0.378636575,0.943187562,-0.916003424,0.000261152,1.11398248,1.074613372,0.215882828,0.805829717,3.458921949,1.539974189,1.911041696,0.034113025,0.000306955,-0.424420331,-1.391442828,-0.371196523,0.067610583,7.257586153,-19.55186995,-6.052748151,-0.004509643,49171.74517,-3.05515831,-0.035067019,4.12383E-13,813.2092587,-23190.14541,328.5194478,0.26235919,-2.67608152,14.52805373,1.071256592,0.004737892,-1.529567965,0.252982355,0.40000015,-2.748871073,15.62498245,1.066092475,0.004096009,0.000262145,-0.138221616,-378.6797708,0.99736273,6.97358E-06,-1.84E-08,-0.726065074,-2.612602641,0.681976498,0.14650528,-0.056076373,-0.119773531,0.99828324,2.95233E-06,-5.07E-09,11.45646613,5.081989738,4.877108597,0.007619012,17226.72427,1.056093937,3.247540373,1.387443466,1.634266747
KA2_A4,1.770179547,80.57024732,72.97657181,0.32688,-0.398047322,-0.798253411,78.5230058,54.19956794,63.82505215,79.204143,49.88982683,49.80292968,54.0981,85.71394808,-0.168667,32.11858661,55.5578,1582.3568,-171.9401,-0.369797,65.02136392,64.96107718,61.24385429,52.71967015,-0.177384712,0.012581121,-0.319768473,-0.097327889,76.03203542,-454.2119004,-0.975638123,1.240956965,-2.693928077,-221.7430297,-28.1164186,0.065596334,-0.002728099,-0.385466201,-0.001224494,130.2316034,0.956568206,3.059226628,0.018450332,0.016328169,0.232580397,1.012660596,0.000158285,1.9914E-06,8.719635051,4.23641866,4.33115477,0.013152351,5780.87041,439531.3438,-7.686928406,-0.002201616,206308.4505,0.741307774,262.2183923,-0.991812523,-1.024970198,0.376951735,0.951869748,-0.928680414,0.00028201,1.11398248,1.074613372,0.215882828,0.805829717,3.458921949,1.539974189,1.911041696,0.034113025,0.000252618,-0.424430205,-1.391432038,-0.371205159,0.067614821,7.257248485,-19.55050546,-6.052711756,-0.004509725,49169.97121,-3.04079167,-0.035566407,6.15453E-13,790.532995,-22226.95661,322.5719706,0.265720736,-2.65061877,14.16279945,1.073159938,0.00498542,-1.504105214,0.256117814,0.403298423,-2.724235461,15.24475427,1.067795598,0.004302879,0.000282253,-0.139729049,-366.5556239,0.997275619,7.44252E-06,-2.03E-08,-0.727772154,-2.594261173,0.680133483,0.148584192,-0.057274184,-0.106984011,0.998776255,1.49939E-06,-1.84E-09,11.41190621,5.068803582,4.86931443,0.007678628,16960.27051,0.985307936,2.602749031,0.915022733,0.875281654
KA2_A5,0.955858927,80.57024732,72.97657181,0.32688,-0.398047322,-0.798253411,78.5230058,54.19956794,63.82505215,79.204143,49.88982683,49.80292968,61.8149,86.56720329,-0.174761,33.23866324,61.8149,1571.9384,-164.8952,-0.372869,68.96634417,68.95206347,74.1544994,57.36756895,-0.169510869,0.018550355,-0.109682387,-0.143138024,77.84542258,-475.3102147,-0.96776428,1.240956965,-2.583549789,-214.6981297,-29.02614487,0.063205348,-0.002457878,-0.379496967,-0.002655261,132.0449905,1.444060213,3.059226628,0.018450332,0.013485358,0.264718366,1.018723482,0.000344116,6.38347E-06,8.823005303,4.269834351,4.354725099,0.01284597,6059.909817,471736.2405,-7.804151936,-0.002103889,225919.8002,0.8470513,264.8286934,-0.989137186,-1.033309475,0.37993151,0.936567701,-0.906376766,0.000253464,1.11398248,1.074613372,0.215882828,0.805829717,3.458921949,1.539974189,1.911041696,0.034113025,0.000372475,-0.442563348,-1.372162707,-0.387064342,0.075505499,6.674729512,-17.24449602,-5.987921346,-0.004657702,46095.28689,-3.073239828,-0.034451699,2.47802E-13,842.5170862,-24455.023,25.49890047,0.259756323,-2.696022614,14.82066683,1.069801746,0.004552653,-1.549509059,0.251406738,0.398337576,-2.761366361,15.82144599,1.065245563,0.003994916,0.0002525,-0.134954317,-406.8549986,0.99754514,6.04116E-06,-1.48E-08,-0.723995894,-2.635067172,0.684205501,0.144017948,-0.054654375,-0.138474268,0.997348261,7.05041E-06,-1.87E-08,11.49108309,5.092221778,4.883142702,0.007573176,17435.87952,1.130303574,4.237867578,2.085309899,3.011313056
KA2_A6,0.712150592,80.57024732,72.97657181,0.32688,-0.398047322,-0.798253411,78.5230058,54.19956794,63.82505215,79.204143,49.88982683,49.80292968,57.5611,87.01097591,-0.166024,43.00499038,61.9059,1580.1983,-156.5538,-0.367149,71.87735464,70.55553486,79.49847288,61.25547428,-0.173359829,0.016653291,-0.115783121,-0.122199101,80.64526631,-464.7573077,-0.97161324,1.240956965,-2.452858161,-206.3567297,-29.60882888,0.063648888,-0.002411884,-0.381394031,-0.002035017,134.8448342,1.343009117,3.059226628,0.018450332,0.012578858,0.255368128,1.01679273,0.000277332,4.61849E-06,8.980270949,4.320423239,4.390060109,0.012399984,6503.658978,524489.3103,-7.745962838,-0.002151661,215999.355,0.78876136,266.1862944,-0.990446773,-1.029216111,0.378471979,0.944032288,-0.91723427,0.000253091,1.11398248,1.074613372,0.215882828,0.805829717,3.458921949,1.539974189,1.911041696,0.034113025,0.000334384,-0.466143727,-1.348623775,-0.407687658,0.086047298,6.016513156,-14.75765339,-5.909347718,-0.004845977,42583.09988,-3.093668272,-0.03377371,1.38372E-13,876.6827477,-25957.54946,0.08663008,0.262688819,-2.67357029,14.49161622,1.071442012,0.004761747,-1.527056735,0.252287312,0.399267174,-2.754373428,15.71119362,1.065718146,0.004051181,0.000257853,-0.13410721,-414.6136686,0.997591022,5.81718E-06,-1.40E-08,-0.725200281,-2.621960282,0.68290875,0.145461407,-0.055478112,-0.126723171,0.997967052,4.1413E-06,-8.43E-09,11.61227085,5.127961681,4.904124741,0.007415931,18183.12932,1.103298396,3.830552761,1.803673488,2.422349938
KA2_A9,1.470770707,80.57024732,72.97657181,0.32688,-0.398047322,-0.798253411,78.5230058,54.19956794,63.82505215,79.204143,49.88982683,49.80292968,57.8299,85.91401898,-0.170949,29.22487465,58.1307,1576.0544,-164.6822,-0.372295,65.07708138,65.01974076,61.12838945,52.62416139,-0.16988734,0.021748187,-0.325655736,-0.09959546,76.1313322,-474.2569229,-0.968140751,1.240956965,-2.580212541,-214.4851297,-28.34331432,0.063248207,-0.002610556,-0.376299135,-0.002166021,130.3309001,1.655718476,3.059226628,0.018450332,0.016359011,0.279130754,1.021986403,0.000472984,1.02865E-05,8.725327054,4.238262093,4.332459904,0.013135196,5795.979743,441255.6593,-7.798382981,-0.002108562,224919.6289,0.792444733,262.8304545,-0.989265432,-1.032907662,0.379788503,0.937296515,-0.907434952,0.000269528,1.11398248,1.074613372,0.215882828,0.805829717,3.458921949,1.539974189,1.911041696,0.034113025,0.000436685,-0.44313576,-1.371571632,-0.387564971,0.075757901,6.657496759,-17.17775663,-5.985940504,-0.004662328,46003.87085,-3.048949359,-0.035281689,4.90518E-13,803.3434668,-22769.41639,326.7328664,0.260044613,-2.693804146,14.7878241,1.069962072,0.004572897,-1.547290591,0.251491963,0.398427592,-2.760688493,15.81072478,1.06529122,0.004000336,0.000253014,-0.137692721,-383.0602163,0.997392849,6.815E-06,-1.78E-08,-0.72195657,-2.65746027,0.686396977,0.141601039,-0.053284348,-0.129386074,0.997836323,4.69165E-06,-1.02E-08,11.41625596,5.070091513,4.870076602,0.007672778,16986.14353,1.183029293,5.236841115,2.741403672,4.538992709
KA2_A11,1.866613257,80.57024732,72.97657181,0.32688,-0.398047322,-0.798253411,78.5230058,54.19956794,63.82505215,79.204143,49.88982683,49.80292968,59.455,85.86678226,-0.161929,29.29129482,59.507,1548.5315,-183.3846,-0.363426,65.13018014,65.11751341,61.16563617,52.77732482,-0.180313292,0.000217547,-0.277836752,-0.134138391,76.12644876,-446.8347646,-0.978566703,1.240956965,-2.873238546,-233.1875297,-27.66633077,0.065530538,-0.002768506,-0.397829775,-2.92E-05,130.3260167,0.01656105,3.059226628,0.018450332,0.016349049,0.060142863,1.00021757,4.73265E-08,1.02957E-11,8.725047207,4.23817147,4.332395757,0.013136039,5795.2362,441170.7516,-7.645084998,-0.002237964,199661.3069,0.814713524,262.6859467,-0.992803908,-1.021902745,0.375849417,0.957592792,-0.937068421,0.000263294,1.11398248,1.074613372,0.215882828,0.805829717,3.458921949,1.539974189,1.911041696,0.034113025,4.36815E-06,-0.397942749,-1.421643034,-0.348039324,0.056515602,8.25549974,-23.72002007,-6.155099916,-0.004288394,54376.424,-3.024478639,-0.036145017,9.65306E-13,765.425858,-21176.52497,325.3877286,0.26790525,-2.634243812,13.93277268,1.074411665,0.005151396,-1.487730256,0.255989333,0.403163536,-2.72523901,15.2600608,1.067725343,0.004294251,0.000281405,-0.140415533,-361.205652,0.997235323,7.66463E-06,-2.12E-08,-0.735471353,-2.513637897,0.671776371,0.15826853,-0.062963934,-0.030787077,0.999970819,8.51551E-10,-2.48E-14,11.41604208,5.070028188,4.870039132,0.007673065,16984.87063,0.254895767,1.016698944,0.000274268,4.54217E-06
KA2_A13,1.719047172,80.57024732,72.97657181,0.32688,-0.398047322,-0.798253411,78.5230058,54.19956794,63.82505215,79.204143,49.88982683,49.80292968,57.4257,86.03242317,-0.165666,29.31415755,58.4561,1535.7576,-177.0278,-0.367723,65.2494597,64.80277861,61.1358388,52.75461237,-0.173614848,-0.003853708,-0.295268269,-0.118831781,76.41782784,-464.0746362,-0.971868259,1.240956965,-2.773641291,-226.8307297,-28.10059291,0.063842173,-0.002660786,-0.40190103,0.000457943,130.6173958,-0.294491994,3.059226628,0.018450332,0.016357018,-0.156780821,0.996153708,1.48511E-05,-5.72E-08,8.741729111,4.24357188,4.336216018,0.013085952,5839.684412,446255.9981,-7.742168356,-0.002154826,215365.268,0.78690597,263.1926798,-0.99053342,-1.028946044,0.378375474,0.944527912,-0.917956698,0.000268027,1.11398248,1.074613372,0.215882828,0.805829717,3.458921949,1.539974189,1.911041696,0.034113025,-7.74E-05,-0.41223227,-1.405022992,-0.360536888,0.062434249,7.693086008,-21.337861,-6.098653556,-0.004408574,51452.17993,-3.040221046,-0.035586438,6.2527E-13,789.6433218,-22189.44553,326.4636169,0.262881961,-2.672100333,14.47032981,1.071550779,0.004775767,-1.525586777,0.252670087,0.399670922,-2.751341293,15.66362732,1.065924154,0.004075823,0.000260209,-0.138570244,-375.8287989,0.997342751,7.07978E-06,-1.88E-08,-0.737971698,-2.488174763,0.669046958,0.161524438,-0.064916838,0.077079189,1.000458048,2.09712E-07,9.6036E-11,11.42879678,5.073803849,4.872272407,0.007655948,17060.90408,-0.665310684,0.74490991,0.086725534,-0.025539976
KA2_A14,1.63987508,80.57024732,72.97657181,0.32688,-0.398047322,-0.798253411,78.5230058,54.19956794,63.82505215,79.204143,49.88982683,49.80292968,62.9273,86.29958886,-0.162489,30.14076346,62.9273,1536.7861,-178.9074,-0.365472,65.49976255,65.4937053,61.26899583,55.99200988,-0.172548263,-0.007085673,-0.285723082,-0.134123405,76.47317359,-466.9432539,-0.970801674,1.240956965,-2.803090542,-228.7103297,-27.9488037,0.063061559,-0.002634334,-0.405132995,0.000950355,130.6727415,-0.541863867,3.059226628,0.018450332,0.016321469,-0.192070364,0.992939372,5.02068E-05,-3.56E-07,8.744894144,4.244596105,4.336940007,0.013076481,5848.146279,447226.3056,-7.758088005,-0.002141588,218036.0024,0.862294548,264.0100002,-0.990170931,-1.03007651,0.378779259,0.94245589,-0.914937755,0.000248983,1.11398248,1.074613372,0.215882828,0.805829717,3.458921949,1.539974189,1.911041696,0.034113025,-0.000142274,-0.40790136,-1.409978126,-0.35674909,0.060622417,7.857316586,-22.02476981,-6.115452444,-0.004372343,52308.4149,-3.034737103,-0.035779707,7.27761E-13,781.1356282,-21831.80633,321.6695041,0.262073222,-2.678262678,14.55977629,1.071095947,0.004717268,-1.531749123,0.251120606,0.398035279,-2.763643907,15.85752113,1.065092403,0.00397676,0.000250781,-0.138109522,-379.6025614,0.997369133,6.93972E-06,-1.83E-08,-0.739944599,-2.46832525,0.666888112,0.164132743,-0.06649559,0.098316985,1.000950806,9.03174E-07,8.58335E-10,11.43121785,5.074520379,4.872696041,0.007652705,17075.36538,-0.815261119,0.581663099,0.293616451,-0.159100145
KA2_A15,1.362801004,80.57024732,72.97657181,0.32688,-0.398047322,-0.798253411,78.5230058,54.19956794,63.82505215,79.204143,49.88982683,49.80292968,57.1607,85.94708964,-0.170276,29.28932389,57.1782,1581.8829,-172.9623,-0.371628,65.09663083,65.08957837,61.12745828,52.72025252,-0.172435049,0.01691,-0.314455541,-0.109219607,76.03854669,-467.2498294,-0.97068846,1.240956965,-2.709943732,-222.7652297,-28.25805303,0.064081692,-0.002648909,-0.381137322,-0.001846904,130.2381146,1.285811824,3.059226628,0.018450332,0.01635926,0.2566736,1.017053783,0.000285948,4.83538E-06,8.720008411,4.23653959,4.331240405,0.013151225,5781.860582,439644.2758,-7.759785513,-0.002140183,218322.4031,0.783274667,262.9316252,-0.990132438,-1.03019665,0.378822144,0.942236087,-0.914617696,0.000274018,1.11398248,1.074613372,0.215882828,0.805829717,3.458921949,1.539974189,1.911041696,0.034113025,0.000339538,-0.42192184,-1.39418399,-0.369011352,0.066540551,7.34379503,-19.90127131,-6.06199818,-0.004489031,49624.34755,-3.045889043,-0.035388142,5.34175E-13,798.5175609,-22564.55158,326.7665304,0.261987232,-2.678919021,14.56933564,1.07104768,0.00471108,-1.532405466,0.25314362,0.40017012,-2.747596565,15.60508098,1.066179494,0.004106463,0.000263149,-0.138363757,-377.5139169,0.997354596,7.01672E-06,-1.86E-08,-0.725037539,-2.623726259,0.683084081,0.145265658,-0.055366164,-0.122691574,0.998154801,3.41105E-06,-6.30E-09,11.41219149,5.068888057,4.869364426,0.007678244,16961.9665,1.08740787,3.617603625,1.653312048,2.125848181
KA2_A16,2.100409132,80.57024732,72.97657181,0.32688,-0.398047322,-0.798253411,78.5230058,54.19956794,63.82505215,79.204143,49.88982683,49.80292968,51.2799,83.13210227,-0.182254,28.16392577,51.2799,1679.9266,-193.3764,-0.380645,61.10324791,61.10324791,61.21591925,48.31287272,-0.1708,-0.0054,-0.2752,-0.13458,72.40363329,-471.7227595,-0.969053411,1.240956965,-3.029788359,-243.1793297,-27.56008099,0.065014166,-0.002795269,-0.403447322,0.000726732,126.6032012,-0.39097962,3.059226628,0.018450332,0.01633562,-0.175441064,0.994614554,0.00002916,-1.57E-07,8.509032453,4.167927156,4.282256482,0.013811462,5242.286113,379560.5613,-7.784468103,-0.002119889,222522.3618,0.702689901,254.3199409,-0.989576192,-1.031934864,0.379442044,0.939064513,-0.91000367,0.000305535,1.11398248,1.074613372,0.215882828,0.805829717,3.458921949,1.539974189,1.911041696,0.034113025,-0.000108427,-0.377380962,-1.44700744,-0.330056057,0.048325865,9.1796175,-27.81229824,-6.241786157,-0.004112192,59136.18638,-3.020601937,-0.036284364,1.07352E-12,759.5580643,-20933.48177,323.5761938,0.260742176,-2.688446379,14.70880625,1.07035084,0.004622162,-1.541932823,0.254978756,0.402101783,-2.733150094,15.38126322,1.067174142,0.004226842,0.000274805,-0.140866543,-357.7473531,0.997208634,7.81353E-06,-2.18E-08,-0.738916922,-2.478638339,0.668013215,0.162769742,-0.065669016,0.08990657,1.000726996,5.28139E-07,3.83816E-10,11.2518088,5.021285275,4.841057796,0.007898694,16028.37056,-0.731225576,0.676393941,0.152865063,-0.059767124
KA2_A18,0.465499441,80.57024732,72.97657181,0.32688,-0.398047322,-0.798253411,78.5230058,54.19956794,63.82505215,79.204143,49.88982683,49.80292968,43.703,85.26458547,-0.179695,29.77791618,45.4504,1663.4318,-153.1137,-0.383096,65.18381511,62.49906883,60.98033373,56.38918654,-0.174084711,0.06968132,-0.381841971,-0.025389351,77.04453705,-462.8220749,-0.972338122,1.240956965,-2.398959262,-202.9166297,-29.51545397,0.066691157,-0.002670674,-0.328366002,-0.001769164,131.244105,5.368565039,3.059226628,0.018450332,0.01639873,0.411502164,1.072166449,0.004855486,0.000338337,8.777501754,4.255140945,4.344383658,0.012979506,5935.860689,457325.6388,-7.735196577,-0.002160658,214204.273,0.598863429,260.8436902,-0.990693023,-1.028448826,0.378197731,0.945441424,-0.919288739,0.000344724,1.11398248,1.074613372,0.215882828,0.805829717,3.458921949,1.539974189,1.911041696,0.034113025,0.001399141,-0.476616866,-1.338672343,-0.416847429,0.090812416,5.755005541,-13.80602385,-5.876325987,-0.004928132,41175.1586,-3.090412766,-0.033880556,1.51915E-13,871.1620228,-25712.74258,332.1072244,0.263237446,-2.669397633,14.43127365,1.071751207,0.004801652,-1.522884077,0.25824631,0.405529778,-2.70768292,14.99449179,1.068965284,0.00444771,0.000296623,-0.138741681,-374.4373334,0.997332889,7.1325E-06,-1.90E-08,-0.689899868,-3.045382268,0.720099414,0.107824231,-0.035405812,-0.120945391,0.998232401,3.12994E-06,-5.54E-09,11.45618196,5.081905698,4.877058986,0.00761939,17225.01509,1.750999705,214.5547689,28.82149057,154.7300467
KA4_A1,2.169340323,75.8250149,63.93027414,0.32178,-0.387564335,-0.802174552,88.2451483,59.9783969,64.18541418,90.80940364,60.52153808,57.2788002,57.371,85.77931302,-0.170193,28.10322128,57.371,1558.7206,-172.9063,-0.371293,65.0011174,65.0011174,61.1358388,52.7126817,-0.17413,0.01471,-0.31225,-0.11231,75.87902071,-435.450611,-0.976304552,1.414798125,-2.693856575,-230.1851002,-28.17334923,0.06465325,-0.002678877,-0.372854335,-0.00165208,135.8574176,1.116180395,3.107713345,0.01667267,0.016357018,0.245021517,1.014818725,0.000216384,3.18301E-06,8.710856485,4.233574816,4.329140239,0.013178873,5757.625783,436883.006,-7.57960025,-0.002296472,189617.2346,0.897399562,266.5775157,-0.992038297,-1.024270549,0.376700607,0.953170579,-0.930584775,0.000271563,1.189452868,1.122616683,0.346986853,0.706814621,4.115655534,2.001653735,2.831935951,0.033016523,0.000256814,-0.369739415,-1.391419728,-0.371215012,0.067619656,7.256863245,-19.54894876,-6.128568851,-0.00434433,52985.18035,-3.042842636,-0.035494537,5.81393E-13,793.7376071,-22362.24681,880.5204505,0.259781788,-2.695826551,14.81776133,1.0698159,0.004554438,-1.527524084,0.254270034,0.401356333,-2.738716903,15.46712653,1.066789051,0.004180043,0.000270253,-0.138883587,-373.2907449,0.997324708,7.17638E-06,-1.92E-08,-0.719746783,-2.682012537,0.688765555,0.139020355,-0.051834342,-0.11821621,0.998349284,2.72937E-06,-4.51E-09,11.65578902,5.140765399,4.911605936,0.007360658,18457.23792,1.037316923,3.053169998,1.245858673,1.390603026
KA4_A2,2.058336063,75.8250149,63.93027414,0.32178,-0.387564335,-0.802174552,88.2451483,59.9783969,64.18541418,90.80940364,60.52153808,57.2788002,57.5516,85.81166502,-0.16988,29.26094258,57.5516,1557.6808,-172.4812,-0.371064,65.05241781,64.97970054,61.17029201,52.68589266,-0.174002242,0.014857794,-0.311965303,-0.111759858,75.97180622,-435.7703329,-0.976176794,1.414798125,-2.687233575,-229.7600002,-28.1904023,0.064565968,-0.002674801,-0.372706541,-0.001660505,135.9502031,1.128773419,3.107713345,0.01667267,0.016347805,0.245839374,1.014968719,0.000220754,3.27992E-06,8.716180713,4.235299731,4.330362301,0.013162778,5771.715341,438487.6395,-7.581454858,-0.002294787,189895.783,0.900224515,266.6780565,-0.991995023,-1.024404601,0.376748737,0.952921134,-0.930219498,0.000270711,1.189452868,1.122616683,0.346986853,0.706814621,4.115655534,2.001653735,2.831935951,0.033016523,0.000259394,-0.37065068,-1.390278497,-0.372129914,0.068068987,7.221224285,-19.40511635,-6.124793831,-0.004352368,52789.65769,-3.043456447,-0.035473066,5.71563E-13,794.6987821,-22402.87838,878.476938,0.259686471,-2.696560514,14.82864101,1.06976293,0.004547757,-1.528258047,0.254098343,0.401175641,-2.74006782,15.48803545,1.066695944,0.004168764,0.00026916,-0.138813104,-373.8596531,0.997328774,7.15456E-06,-1.91E-08,-0.719651671,-2.683076066,0.688867357,0.138910166,-0.051772727,-0.118416818,0.998340873,2.75728E-06,-4.58E-09,11.65976857,5.141935449,4.912288665,0.007355634,18482.45773,1.041203433,3.091861754,1.274129431,1.438203434
KA4_A3,1.522645135,75.8250149,63.93027414,0.32178,-0.387564335,-0.802174552,88.2451483,59.9783969,64.18541418,90.80940364,60.52153808,57.2788002,57.4329,86.18404032,-0.168771,33.17086342,59.995,1573.2441,-171.9441,-0.370103,65.48321021,65.15941597,61.07903754,52.74063548,-0.172925029,0.01528724,-0.305578074,-0.112396674,77.05104831,-438.4849059,-0.975099581,1.414798125,-2.67886563,-229.2229002,-28.51682413,0.064000072,-0.002640754,-0.372277094,-0.001718235,137.0294452,1.177897901,3.107713345,0.01667267,0.016372229,0.248185478,1.015404688,0.0002337,3.57262E-06,8.777872653,4.255260813,4.344468167,0.012978409,5936.864046,457441.5985,-7.597164835,-0.00228058,192269.0127,0.898367804,267.8352922,-0.991629999,-1.025536283,0.377154794,0.950819193,-0.927143397,0.000259686,1.189452868,1.122616683,0.346986853,0.706814621,4.115655534,2.001653735,2.831935951,0.033016523,0.000266892,-0.371808478,-1.388833905,-0.373292333,0.068640974,7.176321063,-19.22439985,-6.120017552,-0.004362566,52543.13798,-3.05515831,-0.035067019,4.12383E-13,813.2092587,-23190.14541,883.8946682,0.258881389,-2.702770558,14.92101405,1.069316408,0.004491623,-1.534468091,0.252982355,0.40000015,-2.748871073,15.62498245,1.066092475,0.004096009,0.000262145,-0.138221616,-378.6797708,0.99736273,6.97358E-06,-1.84E-08,-0.719375161,-2.686171176,0.689163253,0.138590235,-0.05159397,-0.119773531,0.99828324,2.95233E-06,-5.07E-09,11.70595768,5.155506038,4.920195831,0.007297702,18777.06886,1.056093937,3.247540373,1.387443466,1.634266747
KA4_A4,2.194119659,75.8250149,63.93027414,0.32178,-0.387564335,-0.802174552,88.2451483,59.9783969,64.18541418,90.80940364,60.52153808,57.2788002,54.0981,85.71394808,-0.168667,32.11858661,55.5578,1582.3568,-171.9401,-0.369797,65.02136392,64.96107718,61.24385429,52.71967015,-0.177384712,0.012581121,-0.319768473,-0.097327889,76.03203542,-427.4608216,-0.979559265,1.414798125,-2.67880331,-229.2189002,-28.1164186,0.065596334,-0.002728099,-0.374983214,-0.001224494,136.0104323,0.956568206,3.107713345,0.01667267,0.016328169,0.232580397,1.012660596,0.000158285,1.9914E-06,8.719635051,4.23641866,4.33115477,0.013152351,5780.87041,439531.3438,-7.532956139,-0.002339396,182722.754,0.846204724,266.3743802,-0.993139462,-1.020867278,0.375476548,0.959536353,-0.939922725,0.000280426,1.189452868,1.122616683,0.346986853,0.706814621,4.115655534,2.001653735,2.831935951,0.033016523,0.000219647,-0.371817128,-1.388823135,-0.373301017,0.068645252,7.175987176,-19.2230582,-6.119981953,-0.004362642,52541.30421,-3.04079167,-0.035566407,6.15453E-13,790.532995,-22226.95661,874.1217083,0.262198375,-2.677307808,14.54588023,1.071166228,0.004726286,-1.50900534,0.256117814,0.403298423,-2.724235461,15.24475427,1.067795598,0.004302879,0.000282253,-0.139729049,-366.5556239,0.997275619,7.44252E-06,-2.03E-08,-0.721114025,-2.666786039,0.687300816,0.140612411,-0.052727294,-0.106984011,0.998776255,1.49939E-06,-1.84E-09,11.66235106,5.14269467,4.912731591,0.007352377,18498.8377,0.985307936,2.602749031,0.915022733,0.875281654
KA4_A5,0.656865065,75.8250149,63.93027414,0.32178,-0.387564335,-0.802174552,88.2451483,59.9783969,64.18541418,90.80940364,60.52153808,57.2788002,61.8149,86.56720329,-0.174761,33.23866324,61.8149,1571.9384,-164.8952,-0.372869,68.96634417,68.95206347,74.1544994,57.36756895,-0.169510869,0.018550355,-0.109682387,-0.143138024,77.84542258,-447.3165382,-0.971685421,1.414798125,-2.569044729,-222.1740002,-29.02614487,0.063205348,-0.002457878,-0.36901398,-0.002655261,137.8238195,1.444060213,3.107713345,0.01667267,0.013485358,0.264718366,1.018723482,0.000344116,6.38347E-06,8.823005303,4.269834351,4.354725099,0.01284597,6059.909817,471736.2405,-7.647831633,-0.002235553,200092.0854,0.96691123,269.0260529,-0.990471299,-1.029139656,0.378444662,0.944172557,-0.917438709,0.000252041,1.189452868,1.122616683,0.346986853,0.706814621,4.115655534,2.001653735,2.831935951,0.033016523,0.000323861,-0.387702457,-1.369589933,-0.389249743,0.076608693,6.599990821,-16.95567163,-6.056630485,-0.004500977,49361.28636,-3.073239828,-0.034451699,2.47802E-13,842.5170862,-24455.023,277.3858351,0.256313025,-2.722711652,15.22154186,1.067902417,0.004316013,-1.554409185,0.251406738,0.398337576,-2.761366361,15.82144599,1.065245563,0.003994916,0.0002525,-0.134954317,-406.8549986,0.99754514,6.04116E-06,-1.48E-08,-0.717267148,-2.709924433,0.691415745,0.136171317,-0.05024912,-0.138474268,0.997348261,7.05041E-06,-1.87E-08,11.73983899,5.165449188,4.925976199,0.00725564,18995.40522,1.130303574,4.237867578,2.085309899,3.011313056
KA4_A6,0.465499441,75.8250149,63.93027414,0.32178,-0.387564335,-0.802174552,88.2451483,59.9783969,64.18541418,90.80940364,60.52153808,57.2788002,57.5611,87.01097591,-0.166024,43.00499038,61.9059,1580.1983,-156.5538,-0.367149,71.87735464,70.55553486,79.49847288,61.25547428,-0.173359829,0.016653291,-0.115783121,-0.122199101,80.64526631,-437.3851509,-0.975534381,1.414798125,-2.439086855,-213.8326002,-29.60882888,0.063648888,-0.002411884,-0.370911043,-0.002035017,140.6236632,1.343009117,3.107713345,0.01667267,0.012578858,0.255368128,1.01679273,0.000277332,4.61849E-06,8.980270949,4.320423239,4.390060109,0.012399984,6503.658978,524489.3103,-7.590808087,-0.002286314,191305.7702,0.900373114,270.405171,-0.991777367,-1.025079197,0.376990843,0.951667329,-0.928384199,0.00025167,1.189452868,1.122616683,0.346986853,0.706814621,4.115655534,2.001653735,2.831935951,0.033016523,0.000290741,-0.408359772,-1.346095137,-0.4099895,0.087240478,5.949144685,-14.5104806,-5.979863982,-0.004676555,45724.38091,-3.093668272,-0.03377371,1.38372E-13,876.6827477,-25957.54946,127.9371546,0.259206649,-2.700259328,14.88359096,1.069496617,0.004514239,-1.531956861,0.252287312,0.399267174,-2.754373428,15.71119362,1.065718146,0.004051181,0.000257853,-0.13410721,-414.6136686,0.997591022,5.81718E-06,-1.40E-08,-0.71849418,-2.69606424,0.690105328,0.137575002,-0.051028088,-0.126723171,0.997967052,4.1413E-06,-8.43E-09,11.85848486,5.20019308,4.946087267,0.007111179,19775.01466,1.103298396,3.830552761,1.803673488,2.422349938
KA4_A9,2.270147599,75.8250149,63.93027414,0.32178,-0.387564335,-0.802174552,88.2451483,59.9783969,64.18541418,90.80940364,60.52153808,57.2788002,57.8299,85.91401898,-0.170949,29.22487465,58.1307,1576.0544,-164.6822,-0.372295,65.07708138,65.01974076,61.12838945,52.62416139,-0.16988734,0.021748187,-0.325655736,-0.09959546,76.1313322,-446.3252806,-0.972061893,1.414798125,-2.565726218,-221.9610002,-28.34331432,0.063248207,-0.002610556,-0.365816147,-0.002166021,136.1097291,1.655718476,3.107713345,0.01667267,0.016359011,0.279130754,1.021986403,0.000472984,1.02865E-05,8.725327054,4.238262093,4.332459904,0.013135196,5795.979743,441255.6593,-7.642178234,-0.002240518,199206.2561,0.904577695,266.9961433,-0.990599199,-1.028741079,0.378302215,0.944904323,-0.918505485,0.000268014,1.189452868,1.122616683,0.346986853,0.706814621,4.115655534,2.001653735,2.831935951,0.033016523,0.00037969,-0.388203911,-1.368999966,-0.389753198,0.076863342,6.582951027,-16.89005004,-6.054694353,-0.004505296,49266.68561,-3.048949359,-0.035281689,4.90518E-13,803.3434668,-22769.41639,880.9626032,0.256597494,-2.720493184,15.18781078,1.068058243,0.004335205,-1.552190716,0.251491963,0.398427592,-2.760688493,15.81072478,1.06529122,0.004000336,0.000253014,-0.137692721,-383.0602163,0.997392849,6.815E-06,-1.78E-08,-0.715189216,-2.733613613,0.693630315,0.133821454,-0.048954049,-0.129386074,0.997836323,4.69165E-06,-1.02E-08,11.66660744,5.14394587,4.913461392,0.007347013,18525.85836,1.183029293,5.236841115,2.741403672,4.538992709
KA4_A11,2.038309139,75.8250149,63.93027414,0.32178,-0.387564335,-0.802174552,88.2451483,59.9783969,64.18541418,90.80940364,60.52153808,57.2788002,59.455,85.86678226,-0.161929,29.29129482,59.507,1548.5315,-183.3846,-0.363426,65.13018014,65.11751341,61.16563617,52.77732482,-0.180313292,0.000217547,-0.277836752,-0.134138391,76.12644876,-420.5181666,-0.982487844,1.414798125,-2.85710706,-240.6634002,-27.66633077,0.065530538,-0.002768506,-0.387346788,-2.92E-05,136.1048457,0.01656105,3.107713345,0.01667267,0.016349049,0.060142863,1.00021757,4.73265E-08,1.02957E-11,8.725047207,4.23817147,4.332395757,0.013136039,5795.2362,441170.7516,-7.49195087,-0.002378019,176835.5284,0.929997576,266.8493451,-0.994128204,-1.017824298,0.374378544,0.965282364,-0.948378189,0.000261816,1.189452868,1.122616683,0.346986853,0.706814621,4.115655534,2.001653735,2.831935951,0.033016523,3.79803E-06,-0.348613101,-1.418977486,-0.350004385,0.057434675,8.163060751,-23.3227385,-6.220185685,-0.004155181,57918.8722,-3.024478639,-0.036145017,9.65306E-13,765.425858,-21176.52497,878.7529496,0.264353931,-2.66093285,14.30963161,1.072382706,0.004883634,-1.492630382,0.255989333,0.403163536,-2.72523901,15.2600608,1.067725343,0.004294251,0.000281405,-0.140415533,-361.205652,0.997235323,7.66463E-06,-2.12E-08,-0.72895377,-2.581665915,0.678855635,0.150037534,-0.058116557,-0.030787077,0.999970819,8.51551E-10,-2.48E-14,11.66639814,5.14388435,4.913425513,0.007347277,18524.52901,0.254895767,1.016698944,0.000274268,4.54217E-06
KA4_A13,2.275006209,75.8250149,63.93027414,0.32178,-0.387564335,-0.802174552,88.2451483,59.9783969,64.18541418,90.80940364,60.52153808,57.2788002,57.4257,86.03242317,-0.165666,29.31415755,58.4561,1535.7576,-177.0278,-0.367723,65.2494597,64.80277861,61.1358388,52.75461237,-0.173614848,-0.003853708,-0.295268269,-0.118831781,76.41782784,-436.7426857,-0.9757894,1.414798125,-2.758068983,-234.3066002,-28.10059291,0.063842173,-0.002660786,-0.391418043,0.000457943,136.3962247,-0.294491994,3.107713345,0.01667267,0.016357018,-0.156780821,0.996153708,1.48511E-05,-5.72E-08,8.741729111,4.24357188,4.336216018,0.013085952,5839.684412,446255.9981,-7.58708961,-0.002289678,190744.1735,0.898255182,267.3641096,-0.991863782,-1.024811296,0.376894715,0.952164953,-0.929112469,0.000266522,1.189452868,1.122616683,0.346986853,0.706814621,4.115655534,2.001653735,2.831935951,0.033016523,-6.73E-05,-0.361131269,-1.402388606,-0.362572512,0.063414104,7.606944513,-20.98047771,-6.164930346,-0.004267912,54899.5829,-3.040221046,-0.035586438,6.2527E-13,789.6433218,-22189.44553,880.5204505,0.25939723,-2.698789371,14.86172879,1.069602328,0.00452753,-1.530486903,0.252670087,0.399670922,-2.751341293,15.66362732,1.065924154,0.004075823,0.000260209,-0.138570244,-375.8287989,0.997342751,7.07978E-06,-1.88E-08,-0.731498793,-2.554813246,0.676097459,0.153208084,-0.059968408,0.077079189,1.000458048,2.09712E-07,9.6036E-11,11.67887943,5.147552483,4.915564067,0.007331581,18603.93012,-0.665310684,0.74490991,0.086725534,-0.025539976
KA4_A14,1.946702135,75.8250149,63.93027414,0.32178,-0.387564335,-0.802174552,88.2451483,59.9783969,64.18541418,90.80940364,60.52153808,57.2788002,62.9273,86.29958886,-0.162489,30.14076346,62.9273,1536.7861,-178.9074,-0.365472,65.49976255,65.4937053,61.26899583,55.99200988,-0.172548263,-0.007085673,-0.285723082,-0.134123405,76.47317359,-439.4423545,-0.974722815,1.414798125,-2.787352894,-236.1862002,-27.9488037,0.063061559,-0.002634334,-0.394650007,0.000950355,136.4515705,-0.541863867,3.107713345,0.01667267,0.016321469,-0.192070364,0.992939372,5.02068E-05,-3.56E-07,8.744894144,4.244596105,4.336940007,0.013076481,5848.146279,447226.3056,-7.602690382,-0.002275611,193109.5829,0.984311437,268.1943839,-0.991502265,-1.02593269,0.37729692,0.950084567,-0.926069103,0.000247585,1.189452868,1.122616683,0.346986853,0.706814621,4.115655534,2.001653735,2.831935951,0.033016523,-0.000123705,-0.357337227,-1.40733445,-0.358763328,0.061584018,7.769336158,-21.65588163,-6.181371419,-0.004233948,55783.92116,-3.034737103,-0.035779707,7.27761E-13,781.1356282,-21831.80633,872.6356937,0.258599212,-2.704951716,14.95359465,1.069160277,0.004472072,-1.536649248,0.251120606,0.398035279,-2.763643907,15.85752113,1.065092403,0.00397676,0.000250781,-0.138109522,-379.6025614,0.997369133,6.93972E-06,-1.83E-08,-0.733506621,-2.533890743,0.673915864,0.155748628,-0.061466197,0.098316985,1.000950806,9.03174E-07,8.58335E-10,11.68124867,5.148248633,4.915969757,0.007328607,18619.03109,-0.815261119,0.581663099,0.293616451,-0.159100145
KA4_A15,1.68395754,75.8250149,63.93027414,0.32178,-0.387564335,-0.802174552,88.2451483,59.9783969,64.18541418,90.80940364,60.52153808,57.2788002,57.1607,85.94708964,-0.170276,29.28932389,57.1782,1581.8829,-172.9623,-0.371628,65.09663083,65.08957837,61.12745828,52.72025252,-0.172435049,0.01691,-0.314455541,-0.109219607,76.03854669,-439.7308741,-0.974609602,1.414798125,-2.694729047,-230.2411002,-28.25805303,0.064081692,-0.002648909,-0.370654335,-0.001846904,136.0169436,1.285811824,3.107713345,0.01667267,0.01635926,0.2566736,1.017053783,0.000285948,4.83538E-06,8.720008411,4.23653959,4.331240405,0.013151225,5781.860582,439644.2758,-7.604353888,-0.002274118,193363.2416,0.894110041,267.0989174,-0.991463876,-1.026051866,0.377339638,0.949863875,-0.925746453,0.000272479,1.189452868,1.122616683,0.346986853,0.706814621,4.115655534,2.001653735,2.831935951,0.033016523,0.000295223,-0.369619704,-1.391569927,-0.371094823,0.067560685,7.261564637,-19.56794916,-6.129065802,-0.004343273,53010.96422,-3.045889043,-0.035388142,5.34175E-13,798.5175609,-22564.55158,881.0178801,0.258514362,-2.705608059,14.96341256,1.069113366,0.004466205,-1.537305591,0.25314362,0.40017012,-2.747596565,15.60508098,1.066179494,0.004106463,0.000263149,-0.138363757,-377.5139169,0.997354596,7.01672E-06,-1.86E-08,-0.718328385,-2.697931486,0.690282507,0.137384636,-0.050922211,-0.122691574,0.998154801,3.41105E-06,-6.30E-09,11.66263022,5.142776735,4.912779463,0.007352025,18500.60894,1.08740787,3.617603625,1.653312048,2.125848181
KA4_A16,2.219927286,75.8250149,63.93027414,0.32178,-0.387564335,-0.802174552,88.2451483,59.9783969,64.18541418,90.80940364,60.52153808,57.2788002,51.2799,83.13210227,-0.182254,28.16392577,51.2799,1679.9266,-193.3764,-0.380645,61.10324791,61.10324791,61.21591925,48.31287272,-0.1708,-0.0054,-0.2752,-0.13458,72.40363329,-443.9403683,-0.972974552,1.414798125,-3.012777941,-250.6552002,-27.56008099,0.065014166,-0.002795269,-0.392964335,0.000726732,132.3820302,-0.39097962,3.107713345,0.01667267,0.01633562,-0.175441064,0.994614554,0.00002916,-1.57E-07,8.509032453,4.167927156,4.282256482,0.013811462,5242.286113,379560.5613,-7.628542076,-0.002252555,197083.0506,0.802122323,258.3507436,-0.990909124,-1.027776109,0.377957111,0.94667948,-0.921095043,0.00030382,1.189452868,1.122616683,0.346986853,0.706814621,4.115655534,2.001653735,2.831935951,0.033016523,-9.43E-05,-0.330600188,-1.444294334,-0.331919584,0.049154939,9.076830923,-27.34647598,-6.305103786,-0.003989544,62828.02939,-3.020601937,-0.036284364,1.07352E-12,759.5580643,-20933.48177,875.7743184,0.257285811,-2.715135417,15.10665563,1.068436098,0.004381909,-1.546832949,0.254978756,0.402101783,-2.733150094,15.38126322,1.067174142,0.004226842,0.000274805,-0.140866543,-357.7473531,0.997208634,7.81353E-06,-2.18E-08,-0.732460786,-2.544760203,0.675052823,0.154420968,-0.060681933,0.08990657,1.000726996,5.28139E-07,3.83816E-10,11.50573901,5.096550662,4.885691911,0.007553895,17525.00192,-0.731225576,0.676393941,0.152865063,-0.059767124
KA4_A17,0.698896765,75.8250149,63.93027414,0.32178,-0.387564335,-0.802174552,88.2451483,59.9783969,64.18541418,90.80940364,60.52153808,57.2788002,43.9612,85.16461921,-0.160377,29.80570622,50.0241,1644.9816,-154.6786,-0.36914,65.09904709,62.56797527,60.94308701,56.47188315,-0.173405914,0.071762781,-0.381512769,-0.022442304,82.23075921,-437.2689097,-0.975580466,1.414798125,-2.409871494,-211.9574002,-30.35466246,0.064011059,-0.002663724,-0.315801553,-0.001610522,142.2091561,5.901107996,3.107713345,0.01667267,0.016408752,0.415559378,1.074400446,0.005149897,0.000369571,9.068117733,4.348552991,4.409529432,0.0121609,6761.897761,556035.9866,-7.590135573,-0.002286922,191204.0994,0.687642914,264.6672236,-0.991792985,-1.025030774,0.37697347,0.951757246,-0.928515778,0.000311447,1.189452868,1.122616683,0.346986853,0.706814621,4.115655534,2.001653735,2.831935951,0.033016523,0.001252868,-0.413310401,-1.340699029,-0.414959886,0.089826837,5.80748062,-13.995282,-5.962332542,-0.004717929,44925.9395,-3.11942922,-0.032943868,6.56353E-14,921.4055328,-27968.95393,891.9968691,0.259241099,-2.699993529,14.87963544,1.06951572,0.004516639,-1.531691061,0.253004069,0.400023038,-2.748699413,15.6223005,1.066104189,0.004097416,0.00026228,-0.138621233,-375.4142269,0.99733982,7.09543E-06,-1.89E-08,-0.680985849,-3.16654554,0.729204144,0.099730621,-0.031495085,-0.117216541,0.998390774,2.59378E-06,-4.18E-09,11.92514805,5.219663666,4.957298904,0.007031896,20223.44408,1.807081976,365.4421522,34.82307558,205.4947298
KA4_A19,2.038309139,75.8250149,63.93027414,0.32178,-0.387564335,-0.802174552,88.2451483,59.9783969,64.18541418,90.80940364,60.52153808,57.2788002,55.3841,88.57845358,-0.156343,38.24225032,55.3841,1560.2996,-161.0883,-0.355071,71.59886551,71.58447557,66.78989124,70.28454622,-0.173571901,0.012529207,-0.301667804,0.018861744,80.15692147,-436.8507482,-0.975746454,1.414798125,-2.509733746,-218.3671002,-28.46139826,0.061630349,-0.002424227,-0.375035127,0.000236323,140.1353184,1.004302684,3.107713345,0.01667267,0.014972326,0.232260059,1.012608027,0.000156981,1.96685E-06,8.95303979,4.311684849,4.383986232,0.012475529,6425.13206,515018.806,-7.587715312,-0.002289111,190838.5762,0.86632039,275.2764422,-0.99184923,-1.024856402,0.376910902,0.952081142,-0.928989797,0.000281306,1.189452868,1.122616683,0.346986853,0.706814621,4.115655534,2.001653735,2.831935951,0.033016523,0.000218741,-0.396864789,-1.358967957,-0.398448641,0.08128988,6.298763478,-15.80821926,-6.021838015,-0.004579444,47684.19045,-3.053177671,-0.035135308,4.35885E-13,810.0511912,-23055.18957,576.936976,0.259365145,-2.699036768,14.865406,1.069584525,0.00452529,-1.530734301,0.248254604,0.395001012,-2.786600859,16.22577227,1.063569122,0.0037983,0.000234091,-0.134335592,-412.5026287,0.997578709,5.87688E-06,-1.42E-08,-0.721147301,-2.666416895,0.687265137,0.140651347,-0.052749196,0.06182562,1.000236351,5.58484E-08,1.31982E-11,11.83787643,5.194166515,4.942608516,0.00713596,19637.90746,1.001432176,2.730002933,1.00862388,1.012963669
KA4_A20,0.016580995,75.8250149,63.93027414,0.32178,-0.387564335,-0.802174552,88.2451483,59.9783969,64.18541418,90.80940364,60.52153808,57.2788002,57.1356,87.26728015,-0.173206,32.98204882,57.1356,1571.3818,-157.6576,-0.373152,69.52614207,69.5107643,65.10820173,63.93437849,-0.171385438,0.018163106,-0.336113785,0.07085991,78.4737596,-442.4239053,-0.973559991,1.414798125,-2.456283908,-214.9364002,-29.28264034,0.063952819,-0.00246505,-0.369401229,0.001287036,138.4521565,1.425327181,3.107713345,0.01667267,0.015359048,0.262863348,1.018329058,0.000329898,5.99198E-06,8.858541618,4.28129171,4.362764296,0.012743113,6158.130946,483251.6875,-7.619846014,-0.002260276,195738.912,0.893717425,271.2016911,-0.991107827,-1.027158069,0.377735905,0.947819055,-0.922758711,0.000272682,1.189452868,1.122616683,0.346986853,0.706814621,4.115655534,2.001653735,2.831935951,0.033016523,0.0003171,-0.405500744,-1.349251328,-0.407119062,0.085753026,6.033330638,-14.81957296,-5.990135645,-0.004652539,46197.65613,-3.082265731,-0.034149926,1.91739E-13,857.4730255,-25109.07421,660.5517797,0.257726373,-2.711713653,15.05505256,1.068678548,0.004411999,-1.543411186,0.252888946,0.399901682,-2.74960967,15.63652728,1.066042101,0.004089963,0.000261565,-0.135085457,-405.6712331,0.997537985,6.07647E-06,-1.50E-08,-0.717517964,-2.707083576,0.691148046,0.136457268,-0.050407483,0.108775286,1.001287865,1.65646E-06,2.13193E-09,11.76656945,5.173287028,4.930524826,0.007222712,19168.99964,1.125394675,4.159218436,2.031557572,2.895634227
KA4_A21,1.608615947,75.8250149,63.93027414,0.32178,-0.387564335,-0.802174552,88.2451483,59.9783969,64.18541418,90.80940364,60.52153808,57.2788002,52.1693,88.17235511,-0.153328,36.5969222,56.3129,1662.2577,-163.7848,-0.35398,71.92537114,69.54614869,64.62585667,69.28112188,-0.172965266,-0.003284233,-0.26428371,-0.012991521,81.28499805,-438.3829007,-0.975139818,1.414798125,-2.551744849,-221.0636002,-28.77326361,0.061226245,-0.002404788,-0.390848568,4.26672E-05,141.2633949,-0.266958904,3.107713345,0.01667267,0.015473683,-0.148643071,0.996721154,1.07862E-05,-3.54E-08,9.015819322,4.331817318,4.397961474,0.012302393,6607.250907,537070.3771,-7.596575677,-0.002281111,192179.5676,0.816034355,274.0144046,-0.991643638,-1.025493967,0.377139619,0.950897665,-0.927258176,0.000276666,1.189452868,1.122616683,0.346986853,0.706814621,4.115655534,2.001653735,2.831935951,0.033016523,-5.73E-05,-0.390330935,-1.366508746,-0.391888711,0.077945544,6.511401773,-16.61543593,-6.046523515,-0.004523585,48869.11533,-3.064288901,-0.034754486,3.19103E-13,827.9006987,-23821.40505,685.5781317,0.258911506,-2.7025379,14.91754295,1.069333084,0.004493714,-1.534235432,0.247439376,0.394135791,-2.793179345,16.33286516,1.063139417,0.003748653,0.000229516,-0.133975565,-415.8370806,0.997598101,5.78301E-06,-1.39E-08,-0.731143868,-2.558535663,0.676482589,0.152762603,-0.059707045,0.03494336,1.000042668,1.82049E-09,7.76751E-14,11.88542784,5.208066806,4.950626197,0.007078975,19955.34675,-0.643894631,0.765704538,0.071267057,-0.019025375
KA5_A1,1.672661133,82.17930572,77.4806317,0.32273,-0.372656431,-0.795398018,90.62047384,63.24586561,69.38133194,91.55944656,71.09311961,67.43451679,57.371,85.77931302,-0.170193,28.10322128,57.371,1558.7206,-172.9063,-0.371293,65.0011174,65.0011174,61.1358388,52.7126817,-0.17413,0.01471,-0.31225,-0.11231,75.87902071,-471.9422599,-0.969528018,1.31965536,-2.492115605,-240.3408168,-28.17334923,0.06465325,-0.002678877,-0.357946431,-0.00165208,139.1248863,1.116180395,3.098565364,0.01581131,0.016357018,0.245021517,1.014818725,0.000216384,3.18301E-06,8.710856485,4.233574816,4.329140239,0.013178873,5757.625783,436883.006,-7.78567533,-0.002118903,222729.4967,0.740456018,265.7928083,-0.989737718,-1.031429708,0.379262001,0.939984578,-0.911341384,0.000251226,1.148762534,1.096865833,0.277370611,0.757773606,3.742131466,1.741490268,2.298166967,0.048860746,0.000218138,-0.448107627,-1.355780536,-0.401265494,0.082734747,6.210640187,-15.47763332,-6.217405279,-0.004160758,57763.70822,-3.042842636,-0.035494537,5.81393E-13,793.7376071,-22362.24681,925.5959094,0.254736461,-2.735051512,15.41053724,1.067042352,0.004210798,-1.519040494,0.254270034,0.401356333,-2.738716903,15.46712653,1.066789051,0.004180043,0.000270253,-0.138883587,-373.2907449,0.997324708,7.17638E-06,-1.92E-08,-0.710023428,-2.793714123,0.699110525,0.128125648,-0.045862118,-0.11821621,0.998349284,2.72937E-06,-4.51E-09,11.79512129,5.181652379,4.935371992,0.007187787,19355.73399,1.037316923,3.053169998,1.245858673,1.390603026
KA5_A2,1.362801004,82.17930572,77.4806317,0.32273,-0.372656431,-0.795398018,90.62047384,63.24586561,69.38133194,91.55944656,71.09311961,67.43451679,57.5516,85.81166502,-0.16988,29.26094258,57.5516,1557.6808,-172.4812,-0.371064,65.05241781,64.97970054,61.17029201,52.68589266,-0.174002242,0.014857794,-0.311965303,-0.111759858,75.97180622,-472.2887751,-0.96940026,1.31965536,-2.485988596,-239.9157168,-28.1904023,0.064565968,-0.002674801,-0.357798638,-0.001660505,139.2176718,1.128773419,3.098565364,0.01581131,0.016347805,0.245839374,1.014968719,0.000220754,3.27992E-06,8.716180713,4.235299731,4.330362301,0.013162778,5771.715341,438487.6395,-7.787580362,-0.002117349,223056.6871,0.742786923,265.8930531,-0.989694243,-1.031565641,0.379310458,0.939736864,-0.91098116,0.000250438,1.148762534,1.096865833,0.277370611,0.757773606,3.742131466,1.741490268,2.298166967,0.048860746,0.000220329,-0.44921204,-1.354668537,-0.40225446,0.08324322,6.180139301,-15.36375582,-6.213737461,-0.00416813,57559.55116,-3.043456447,-0.035473066,5.71563E-13,794.6987821,-22402.87838,923.5007141,0.254642994,-2.735785475,15.42185216,1.066991552,0.004204622,-1.519774457,0.254098343,0.401175641,-2.74006782,15.48803545,1.066695944,0.004168764,0.00026916,-0.138813104,-373.8596531,0.997328774,7.15456E-06,-1.91E-08,-0.709925693,-2.794868105,0.699213856,0.128019865,-0.045805333,-0.118416818,0.998340873,2.75728E-06,-4.58E-09,11.79905385,5.182804043,4.936038693,0.007182996,19381.56015,1.041203433,3.091861754,1.274129431,1.438203434
KA5_A3,0.601029336,82.17930572,77.4806317,0.32273,-0.372656431,-0.795398018,90.62047384,63.24586561,69.38133194,91.55944656,71.09311961,67.43451679,57.4329,86.18404032,-0.168771,33.17086342,59.995,1573.2441,-171.9441,-0.370103,65.48321021,65.15941597,61.07903754,52.74063548,-0.172925029,0.01528724,-0.305578074,-0.112396674,77.05104831,-475.2308348,-0.968323047,1.31965536,-2.478247321,-239.3786168,-28.51682413,0.064000072,-0.002640754,-0.357369191,-0.001718235,140.2969139,1.177897901,3.098565364,0.01581131,0.016372229,0.248185478,1.015404688,0.0002337,3.57262E-06,8.777872653,4.255260813,4.344468167,0.012978409,5936.864046,457441.5985,-7.803717463,-0.002104241,225844.3464,0.741254927,267.0468823,-0.989327519,-1.032713208,0.379719276,0.937649522,-0.907947642,0.000240238,1.148762534,1.096865833,0.277370611,0.757773606,3.742131466,1.741490268,2.298166967,0.048860746,0.000226698,-0.450615239,-1.353260945,-0.403510978,0.083890129,6.141709783,-15.22067581,-6.209097093,-0.004177483,57302.12218,-3.05515831,-0.035067019,4.12383E-13,813.2092587,-23190.14541,929.0553338,0.253853548,-2.741995519,15.51792052,1.066563315,0.004152723,-1.525984501,0.252982355,0.40000015,-2.748871073,15.62498245,1.066092475,0.004096009,0.000262145,-0.138221616,-378.6797708,0.99736273,6.97358E-06,-1.84E-08,-0.709641551,-2.798226668,0.699514196,0.127712739,-0.045640598,-0.119773531,0.99828324,2.95233E-06,-5.07E-09,11.84469982,5.196162281,4.943760991,0.007127741,19683.22406,1.056093937,3.247540373,1.387443466,1.634266747
KA5_A4,1.809015734,82.17930572,77.4806317,0.32273,-0.372656431,-0.795398018,90.62047384,63.24586561,69.38133194,91.55944656,71.09311961,67.43451679,54.0981,85.71394808,-0.168667,32.11858661,55.5578,1582.3568,-171.9401,-0.369797,65.02136392,64.96107718,61.24385429,52.71967015,-0.177384712,0.012581121,-0.319768473,-0.097327889,76.03203542,-463.2829099,-0.97278273,1.31965536,-2.478189668,-239.3746168,-28.1164186,0.065596334,-0.002728099,-0.360075311,-0.001224494,139.277901,0.956568206,3.098565364,0.01581131,0.016328169,0.232580397,1.012660596,0.000158285,1.9914E-06,8.719635051,4.23641866,4.33115477,0.013152351,5780.87041,439531.3438,-7.737763053,-0.002158508,214631.0546,0.698214493,265.5902707,-0.990844,-1.027978776,0.378029619,0.94630624,-0.920550368,0.000259425,1.148762534,1.096865833,0.277370611,0.757773606,3.742131466,1.741490268,2.298166967,0.048860746,0.000186568,-0.450625722,-1.353250452,-0.403520365,0.083894966,6.141424033,-15.21961359,-6.209062508,-0.004177552,57300.20716,-3.04079167,-0.035566407,6.15453E-13,790.532995,-22226.95661,919.0351347,0.257106114,-2.716532769,15.1277797,1.068337342,0.00436968,-1.500521751,0.256117814,0.403298423,-2.724235461,15.24475427,1.067795598,0.004302879,0.000282253,-0.139729049,-366.5556239,0.997275619,7.44252E-06,-2.03E-08,-0.711428263,-2.777196799,0.697623786,0.129654229,-0.046685287,-0.106984011,0.998776255,1.49939E-06,-1.84E-09,11.80160587,5.183551341,4.936471225,0.00717989,19398.33372,0.985307936,2.602749031,0.915022733,0.875281654
KA5_A5,0.400696239,82.17930572,77.4806317,0.32273,-0.372656431,-0.795398018,90.62047384,63.24586561,69.38133194,91.55944656,71.09311961,67.43451679,61.8149,86.56720329,-0.174761,33.23866324,61.8149,1571.9384,-164.8952,-0.372869,68.96634417,68.95206347,74.1544994,57.36756895,-0.169510869,0.018550355,-0.109682387,-0.143138024,77.84542258,-484.802576,-0.964908886,1.31965536,-2.376650828,-232.3297168,-29.02614487,0.063205348,-0.002457878,-0.354106076,-0.002655261,141.0912882,1.444060213,3.098565364,0.01581131,0.013485358,0.264718366,1.018723482,0.000344116,6.38347E-06,8.823005303,4.269834351,4.354725099,0.01284597,6059.909817,471736.2405,-7.855761797,-0.002062695,235033.5377,0.797810997,268.2341378,-0.98816341,-1.036367282,0.381017914,0.931049159,-0.898377607,0.000233165,1.148762534,1.096865833,0.277370611,0.757773606,3.742131466,1.741490268,2.298166967,0.048860746,0.000275087,-0.46987803,-1.334509881,-0.420760167,0.092861065,5.648469158,-13.4244389,-6.147543177,-0.004304228,53977.0973,-3.073239828,-0.034451699,2.47802E-13,842.5170862,-24455.023,302.9321855,0.251335066,-2.761936613,15.83047078,1.06520718,0.003990362,-1.545925595,0.251406738,0.398337576,-2.761366361,15.82144599,1.065245563,0.003994916,0.0002525,-0.134954317,-406.8549986,0.99754514,6.04116E-06,-1.48E-08,-0.707475047,-2.82401254,0.701800519,0.125391113,-0.044401755,-0.138474268,0.997348261,7.05041E-06,-1.87E-08,11.87818539,5.205950882,4.949407115,0.00708761,19906.7516,1.130303574,4.237867578,2.085309899,3.011313056
KA5_A6,0.09494525,82.17930572,77.4806317,0.32273,-0.372656431,-0.795398018,90.62047384,63.24586561,69.38133194,91.55944656,71.09311961,67.43451679,57.5611,87.01097591,-0.166024,43.00499038,61.9059,1580.1983,-156.5538,-0.367149,71.87735464,70.55553486,79.49847288,61.25547428,-0.173359829,0.016653291,-0.115783121,-0.122199101,80.64526631,-474.0389181,-0.968757847,1.31965536,-2.256425405,-223.9883168,-29.60882888,0.063648888,-0.002411884,-0.35600314,-0.002035017,143.8911319,1.343009117,3.098565364,0.01581131,0.012578858,0.255368128,1.01679273,0.000277332,4.61849E-06,8.980270949,4.320423239,4.390060109,0.012399984,6503.658978,524489.3103,-7.797187887,-0.002109531,224712.8959,0.742909534,269.6091963,-0.989475574,-1.032249703,0.37955421,0.938491766,-0.909171262,0.000232823,1.148762534,1.096865833,0.277370611,0.757773606,3.742131466,1.741490268,2.298166967,0.048860746,0.000246955,-0.494913772,-1.311616869,-0.443178843,0.104724163,5.091455606,-11.48848978,-6.073072355,-0.004464519,50170.76606,-3.093668272,-0.03377371,1.38372E-13,876.6827477,-25957.54946,145.467086,0.254172491,-2.739484289,15.47900034,1.066736145,0.004173632,-1.523473271,0.252287312,0.399267174,-2.754373428,15.71119362,1.065718146,0.004051181,0.000257853,-0.13410721,-414.6136686,0.997591022,5.81718E-06,-1.40E-08,-0.70873619,-2.80896399,0.700470421,0.126738236,-0.04511921,-0.126723171,0.997967052,4.1413E-06,-8.43E-09,11.99546297,5.240161552,4.969056985,0.006949699,20704.65785,1.103298396,3.830552761,1.803673488,2.422349938
KA5_A9,1.30106392,82.17930572,77.4806317,0.32273,-0.372656431,-0.795398018,90.62047384,63.24586561,69.38133194,91.55944656,71.09311961,67.43451679,57.8299,85.91401898,-0.170949,29.22487465,58.1307,1576.0544,-164.6822,-0.372295,65.07708138,65.01974076,61.12838945,52.62416139,-0.16988734,0.021748187,-0.325655736,-0.09959546,76.1313322,-483.728249,-0.965285358,1.31965536,-2.373580838,-232.1167168,-28.34331432,0.063248207,-0.002610556,-0.350908244,-0.002166021,139.3771978,1.655718476,3.098565364,0.01581131,0.016359011,0.279130754,1.021986403,0.000472984,1.02865E-05,8.725327054,4.238262093,4.332459904,0.013135196,5795.979743,441255.6593,-7.849954692,-0.002067276,233993.0189,0.746378788,266.2102035,-0.988291908,-1.035963087,0.380874499,0.931775823,-0.899429559,0.000247943,1.148762534,1.096865833,0.277370611,0.757773606,3.742131466,1.741490268,2.298166967,0.048860746,0.000322508,-0.47048577,-1.333935024,-0.421304379,0.093146586,5.633885994,-13.37248384,-6.145663912,-0.004308177,53878.17021,-3.048949359,-0.035281689,4.90518E-13,803.3434668,-22769.41639,926.0492368,0.25161401,-2.759718145,15.79539031,1.065356633,0.004008107,-1.543707127,0.251491963,0.398427592,-2.760688493,15.81072478,1.06529122,0.004000336,0.000253014,-0.137692721,-383.0602163,0.997392849,6.815E-06,-1.78E-08,-0.705338934,-2.849747812,0.704048352,0.123136596,-0.043209647,-0.129386074,0.997836323,4.69165E-06,-1.02E-08,11.80581204,5.184782902,4.937183911,0.007174775,19426.00327,1.183029293,5.236841115,2.741403672,4.538992709
KA5_A11,2.122552742,82.17930572,77.4806317,0.32273,-0.372656431,-0.795398018,90.62047384,63.24586561,69.38133194,91.55944656,71.09311961,67.43451679,59.455,85.86678226,-0.161929,29.29129482,59.507,1548.5315,-183.3846,-0.363426,65.13018014,65.11751341,61.16563617,52.77732482,-0.180313292,0.000217547,-0.277836752,-0.134138391,76.12644876,-455.7584462,-0.97571131,1.31965536,-2.643140379,-250.8191168,-27.66633077,0.065530538,-0.002768506,-0.372438885,-2.92E-05,139.3723144,0.01656105,3.098565364,0.01581131,0.016349049,0.060142863,1.00021757,4.73265E-08,1.02957E-11,8.725047207,4.23817147,4.332395757,0.013136039,5795.2362,441170.7516,-7.695642929,-0.002194145,207715.7613,0.767353062,266.0638374,-0.991837322,-1.024893316,0.376924148,0.95201256,-0.928889422,0.000242208,1.148762534,1.096865833,0.277370611,0.757773606,3.742131466,1.741490268,2.298166967,0.048860746,3.22604E-06,-0.42250348,-1.382632443,-0.378337832,0.07113752,6.986191063,-18.46548369,-6.306477899,-0.003986937,62910.22935,-3.024478639,-0.036145017,9.65306E-13,765.425858,-21176.52497,923.7837098,0.259219806,-2.700157811,14.88208009,1.069503913,0.004515156,-1.484146793,0.255989333,0.403163536,-2.72523901,15.2600608,1.067725343,0.004294251,0.000281405,-0.140415533,-361.205652,0.997235323,7.66463E-06,-2.12E-08,-0.719479359,-2.685004282,0.689051762,0.138710723,-0.051661267,-0.030787077,0.999970819,8.51551E-10,-2.48E-14,11.80560521,5.184722347,4.937148873,0.007175026,19424.64201,0.254895767,1.016698944,0.000274268,4.54217E-06
KA5_A13,1.731169682,82.17930572,77.4806317,0.32273,-0.372656431,-0.795398018,90.62047384,63.24586561,69.38133194,91.55944656,71.09311961,67.43451679,57.4257,86.03242317,-0.165666,29.31415755,58.4561,1535.7576,-177.0278,-0.367723,65.2494597,64.80277861,61.1358388,52.75461237,-0.173614848,-0.003853708,-0.295268269,-0.118831781,76.41782784,-473.3426131,-0.969012866,1.31965536,-2.551519192,-244.4623168,-28.10059291,0.063842173,-0.002660786,-0.376510139,0.000457943,139.6636935,-0.294491994,3.098565364,0.01581131,0.016357018,-0.156780821,0.996153708,1.48511E-05,-5.72E-08,8.741729111,4.24357188,4.336216018,0.013085952,5839.684412,446255.9981,-7.793368312,-0.002112635,224053.2294,0.741162001,266.5770866,-0.989562391,-1.031978042,0.379457429,0.938985934,-0.909889451,0.000246563,1.148762534,1.096865833,0.277370611,0.757773606,3.742131466,1.741490268,2.298166967,0.048860746,-5.71E-05,-0.43767494,-1.366468463,-0.39192337,0.077963135,6.510250186,-16.61102829,-6.252743898,-0.00409061,59761.82433,-3.040221046,-0.035586438,6.2527E-13,789.6433218,-22189.44553,925.5959094,0.254359371,-2.738014332,15.45626359,1.066837527,0.00418592,-1.522003314,0.252670087,0.399670922,-2.751341293,15.66362732,1.065924154,0.004075823,0.000260209,-0.138570244,-375.8287989,0.997342751,7.07978E-06,-1.88E-08,-0.722091488,-2.655970971,0.68625216,0.141759885,-0.053374034,0.077079189,1.000458048,2.09712E-07,9.6036E-11,11.81793948,5.188332983,4.939237343,0.007160057,19505.94727,-0.665310684,0.74490991,0.086725534,-0.025539976
KA5_A14,1.369995111,82.17930572,77.4806317,0.32273,-0.372656431,-0.795398018,90.62047384,63.24586561,69.38133194,91.55944656,71.09311961,67.43451679,62.9273,86.29958886,-0.162489,30.14076346,62.9273,1536.7861,-178.9074,-0.365472,65.49976255,65.4937053,61.26899583,55.99200988,-0.172548263,-0.007085673,-0.285723082,-0.134123405,76.47317359,-476.2685196,-0.967946281,1.31965536,-2.578610052,-246.3419168,-27.9488037,0.063061559,-0.002634334,-0.379742104,0.000950355,139.7190392,-0.541863867,3.098565364,0.01581131,0.016321469,-0.192070364,0.992939372,5.02068E-05,-3.56E-07,8.744894144,4.244596105,4.336940007,0.013076481,5848.146279,447226.3056,-7.80939324,-0.002099656,226831.7028,0.812168133,267.404917,-0.989199189,-1.033115184,0.379862368,0.936920002,-0.906888232,0.000229044,1.148762534,1.096865833,0.277370611,0.757773606,3.742131466,1.741490268,2.298166967,0.048860746,-0.000105075,-0.43307673,-1.371287626,-0.387805825,0.075879399,6.649229803,-17.14577081,-6.268728181,-0.004059398,60684.33997,-3.034737103,-0.035779707,7.27761E-13,781.1356282,-21831.80633,917.5114056,0.253576852,-2.744176677,15.5518045,1.066413575,0.004134647,-1.528165659,0.251120606,0.398035279,-2.763643907,15.85752113,1.065092403,0.00397676,0.000250781,-0.138109522,-379.6025614,0.997369133,6.93972E-06,-1.83E-08,-0.724151749,-2.633366145,0.684037797,0.144204065,-0.054760355,0.098316985,1.000950806,9.03174E-07,8.58335E-10,11.82028084,5.189018234,4.939633543,0.007157221,19521.40992,-0.815261119,0.581663099,0.293616451,-0.159100145
KA5_A15,0.855,82.17930572,77.4806317,0.32273,-0.372656431,-0.795398018,90.62047384,63.24586561,69.38133194,91.55944656,71.09311961,67.43451679,57.1607,85.94708964,-0.170276,29.28932389,57.1782,1581.8829,-172.9623,-0.371628,65.09663083,65.08957837,61.12745828,52.72025252,-0.172435049,0.01691,-0.314455541,-0.109219607,76.03854669,-476.5812177,-0.967833067,1.31965536,-2.492922738,-240.3968168,-28.25805303,0.064081692,-0.002648909,-0.355746431,-0.001846904,139.2844123,1.285811824,3.098565364,0.01581131,0.01635926,0.2566736,1.017053783,0.000285948,4.83538E-06,8.720008411,4.23653959,4.331240405,0.013151225,5781.860582,439644.2758,-7.811101974,-0.002098278,227129.6571,0.737741791,266.3126751,-0.989160621,-1.033236034,0.379905376,0.936700846,-0.906570052,0.000252073,1.148762534,1.096865833,0.277370611,0.757773606,3.742131466,1.741490268,2.298166967,0.048860746,0.000250762,-0.447962543,-1.355926888,-0.401135577,0.082667996,6.214663778,-15.49267664,-6.217888132,-0.004159789,57790.62952,-3.045889043,-0.035388142,5.34175E-13,798.5175609,-22564.55158,926.1059105,0.253493649,-2.74483302,15.56201516,1.066368584,0.004129223,-1.528822002,0.25314362,0.40017012,-2.747596565,15.60508098,1.066179494,0.004106463,0.000263149,-0.138363757,-377.5139169,0.997354596,7.01672E-06,-1.86E-08,-0.708565796,-2.810990954,0.700650261,0.126555523,-0.045021676,-0.122691574,0.998154801,3.41105E-06,-6.30E-09,11.80188173,5.183632117,4.936517974,0.007179554,19400.14751,1.08740787,3.617603625,1.653312048,2.125848181
KA5_A16,1.795380785,82.17930572,77.4806317,0.32273,-0.372656431,-0.795398018,90.62047384,63.24586561,69.38133194,91.55944656,71.09311961,67.43451679,51.2799,83.13210227,-0.182254,28.16392577,51.2799,1679.9266,-193.3764,-0.380645,61.10324791,61.10324791,61.21591925,48.31287272,-0.1708,-0.0054,-0.2752,-0.13458,72.40363329,-481.1434761,-0.966198018,1.31965536,-2.787153181,-260.8109168,-27.56008099,0.065014166,-0.002795269,-0.378056431,0.000726732,135.6494989,-0.39097962,3.098565364,0.01581131,0.01633562,-0.175441064,0.994614554,0.00002916,-1.57E-07,8.509032453,4.167927156,4.282256482,0.013811462,5242.286113,379560.5613,-7.835947793,-0.002078382,231499.0446,0.661841532,257.5902528,-0.988603281,-1.034984529,0.380527048,0.93353861,-0.901983154,0.000281067,1.148762534,1.096865833,0.277370611,0.757773606,3.742131466,1.741490268,2.298166967,0.048860746,-8.01E-05,-0.400672635,-1.407300837,-0.358789035,0.061596318,7.768222852,-21.65122703,-6.389132899,-0.003834195,68022.33432,-3.020601937,-0.036284364,1.07352E-12,759.5580643,-20933.48177,920.7296497,0.252288958,-2.754360377,15.71098858,1.065719032,0.004051287,-1.538349359,0.254978756,0.402101783,-2.733150094,15.38126322,1.067174142,0.004226842,0.000274805,-0.140866543,-357.7473531,0.997208634,7.81353E-06,-2.18E-08,-0.723078658,-2.64510776,0.685191833,0.142926665,-0.054034345,0.08990657,1.000726996,5.28139E-07,3.83816E-10,11.64686648,5.138141552,4.910074345,0.00737194,18400.78655,-0.731225576,0.676393941,0.152865063,-0.059767124
KA5_A19,1.008749522,82.17930572,77.4806317,0.32273,-0.372656431,-0.795398018,90.62047384,63.24586561,69.38133194,91.55944656,71.09311961,67.43451679,55.3841,88.57845358,-0.156343,38.24225032,55.3841,1560.2996,-161.0883,-0.355071,71.59886551,71.58447557,66.78989124,70.28454622,-0.173571901,0.012529207,-0.301667804,0.018861744,80.15692147,-473.4597314,-0.968969919,1.31965536,-2.321781602,-228.5228168,-28.46139826,0.061630349,-0.002424227,-0.360127224,0.000236323,143.4027871,1.004302684,3.098565364,0.01581131,0.014972326,0.232260059,1.012608027,0.000156981,1.96685E-06,8.95303979,4.311684849,4.383986232,0.012475529,6425.13206,515018.806,-7.794011025,-0.002112112,224164.1173,0.71481219,274.4661283,-0.989547771,-1.032023781,0.379473725,0.938902704,-0.909768477,0.000260239,1.148762534,1.096865833,0.277370611,0.757773606,3.742131466,1.741490268,2.298166967,0.048860746,0.000185798,-0.480982366,-1.324159971,-0.430703732,0.098098657,5.390669806,-12.51595797,-6.113780694,-0.004375931,52222.67779,-3.053177671,-0.035135308,4.35885E-13,810.0511912,-23055.18957,613.5308708,0.254327909,-2.738261729,15.46008791,1.066820453,0.00418385,-1.522250711,0.248254604,0.395001012,-2.786600859,16.22577227,1.063569122,0.0037983,0.000234091,-0.134335592,-412.5026287,0.997578709,5.87688E-06,-1.42E-08,-0.711462451,-2.776796458,0.697587571,0.129691617,-0.046705482,0.06182562,1.000236351,5.58484E-08,1.31982E-11,11.97509027,5.234226727,4.965657364,0.006973365,20564.35934,1.001432176,2.730002933,1.00862388,1.012963669
KA5_A20,0.042652491,82.17930572,77.4806317,0.32273,-0.372656431,-0.795398018,90.62047384,63.24586561,69.38133194,91.55944656,71.09311961,67.43451679,57.1356,87.26728015,-0.173206,32.98204882,57.1356,1571.3818,-157.6576,-0.373152,69.52614207,69.5107643,65.10820173,63.93437849,-0.171385438,0.018163106,-0.336113785,0.07085991,78.4737596,-479.4999305,-0.966783456,1.31965536,-2.272334583,-225.0921168,-29.28264034,0.063952819,-0.00246505,-0.354493326,0.001287036,141.7196252,1.425327181,3.098565364,0.01581131,0.015359048,0.262863348,1.018329058,0.000329898,5.99198E-06,8.858541618,4.28129171,4.362764296,0.012743113,6158.130946,483251.6875,-7.827015301,-0.002085506,229920.1833,0.737417839,270.4033717,-0.988802912,-1.034357791,0.380304338,0.934670251,-0.903623736,0.000252261,1.148762534,1.096865833,0.277370611,0.757773606,3.742131466,1.741490268,2.298166967,0.048860746,0.000269344,-0.491448758,-1.314692219,-0.440076038,0.103071271,5.163504458,-11.73320975,-6.083031916,-0.004442626,50666.46104,-3.082265731,-0.034149926,1.91739E-13,857.4730255,-25109.07421,699.6683532,0.252720964,-2.750938614,15.65732117,1.065951562,0.004079107,-1.534927596,0.252888946,0.399901682,-2.74960967,15.63652728,1.066042101,0.004089963,0.000261565,-0.135085457,-405.6712331,0.997537985,6.07647E-06,-1.50E-08,-0.70773285,-2.820927582,0.7015288,0.125665518,-0.044547587,0.108775286,1.001287865,1.65646E-06,2.13193E-09,11.90460521,5.213667512,4.953850635,0.007056186,20084.45217,1.125394675,4.159218436,2.031557572,2.895634227
KA5_A21,0.682547308,82.17930572,77.4806317,0.32273,-0.372656431,-0.795398018,90.62047384,63.24586561,69.38133194,91.55944656,71.09311961,67.43451679,52.1693,88.17235511,-0.153328,36.5969222,56.3129,1662.2577,-163.7848,-0.35398,71.92537114,69.54614869,64.62585667,69.28112188,-0.172965266,-0.003284233,-0.26428371,-0.012991521,81.28499805,-475.1202814,-0.968363284,1.31965536,-2.360646523,-231.2193168,-28.77326361,0.061226245,-0.002404788,-0.375940665,4.26672E-05,144.5308637,-0.266958904,3.098565364,0.01581131,0.015473683,-0.148643071,0.996721154,1.07862E-05,-3.54E-08,9.015819322,4.331817318,4.397961474,0.012302393,6607.250907,537070.3771,-7.803112288,-0.00210473,225739.2818,0.67332053,273.2078056,-0.989341222,-1.032670297,0.379703998,0.937727449,-0.908060832,0.000255947,1.148762534,1.096865833,0.277370611,0.757773606,3.742131466,1.741490268,2.298166967,0.048860746,-4.87E-05,-0.473063628,-1.331507613,-0.423612765,0.094359198,5.572652006,-13.15506158,-6.137733647,-0.004324898,53462.37246,-3.064288901,-0.034754486,3.19103E-13,827.9006987,-23821.40505,725.4182642,0.253883081,-2.741762861,15.51431057,1.066579308,0.004154656,-1.525751843,0.247439376,0.394135791,-2.793179345,16.33286516,1.063139417,0.003748653,0.000229516,-0.133975565,-415.8370806,0.997598101,5.78301E-06,-1.39E-08,-0.721727248,-2.659994234,0.686643074,0.141331383,-0.053132214,0.03494336,1.000042668,1.82049E-09,7.76751E-14,12.02209897,5.247915891,4.973493074,0.006918937,20889.17055,-0.643894631,0.765704538,0.071267057,-0.019025375
KA6_A1,2.368096697,79.33644964,67.01057807,0.32897,-0.384790944,-0.803889717,90.56911326,59.49884535,63.56246275,90.04716036,54.54115201,67.52568121,57.371,85.77931302,-0.170193,28.10322128,57.371,1558.7206,-172.9063,-0.371293,65.0011174,65.0011174,61.1358388,52.7126817,-0.17413,0.01471,-0.31225,-0.11231,75.87902071,-455.6162042,-0.978019717,1.416671986,-2.720258035,-240.4319812,-28.17334923,0.06465325,-0.002678877,-0.370080944,-0.00165208,135.3778661,1.116180395,3.039790862,0.016807049,0.016357018,0.245021517,1.014818725,0.000216384,3.18301E-06,8.710856485,4.233574816,4.329140239,0.013178873,5757.625783,436883.006,-7.694842243,-0.00219483,207586.1256,0.856148412,260.7511719,-0.992618892,-1.022474274,0.376055057,0.956522567,-0.93549793,0.000274225,1.190240306,1.123112089,0.348310449,0.705879702,4.123374932,2.006959517,2.843203325,0.028164247,0.000217843,-0.387554288,-1.395950549,-0.367612185,0.065857759,7.399803775,-20.12937567,-6.218191294,-0.00415918,57807.53759,-3.042842636,-0.035494537,5.81393E-13,793.7376071,-22362.24681,835.8645148,0.258850627,-2.703008228,14.92456074,1.069299378,0.004489489,-1.529659945,0.254270034,0.401356333,-2.738716903,15.46712653,1.066789051,0.004180043,0.000270253,-0.138883587,-373.2907449,0.997324708,7.17638E-06,-1.92E-08,-0.717957783,-2.70211157,0.690678422,0.136959905,-0.050686251,-0.11821621,0.998349284,2.72937E-06,-4.51E-09,11.63519944,5.134709617,4.908069876,0.007386732,18327.16662,1.037316923,3.053169998,1.245858673,1.390603026
KA6_A2,2.304501335,79.33644964,67.01057807,0.32897,-0.384790944,-0.803889717,90.56911326,59.49884535,63.56246275,90.04716036,54.54115201,67.52568121,57.5516,85.81166502,-0.16988,29.26094258,57.5516,1557.6808,-172.4812,-0.371064,65.05241781,64.97970054,61.17029201,52.68589266,-0.174002242,0.014857794,-0.311965303,-0.111759858,75.97180622,-455.9507323,-0.977891959,1.416671986,-2.713570125,-240.0068812,-28.1904023,0.064565968,-0.002674801,-0.36993315,-0.001660505,135.4706516,1.128773419,3.039790862,0.016807049,0.016347805,0.245839374,1.014968719,0.000220754,3.27992E-06,8.716180713,4.235299731,4.330362301,0.013162778,5771.715341,438487.6395,-7.69672505,-0.002193219,207891.0703,0.858843509,260.8495152,-0.992575669,-1.022607857,0.376103105,0.956272683,-0.935131367,0.000273364,1.190240306,1.123112089,0.348310449,0.705879702,4.123374932,2.006959517,2.843203325,0.028164247,0.000220032,-0.388509461,-1.394805602,-0.368518208,0.066299686,7.363462823,-19.98127273,-6.214524404,-0.004166547,57603.30303,-3.043456447,-0.035473066,5.71563E-13,794.6987821,-22402.87838,833.8735257,0.258755651,-2.70374219,14.93551883,1.069246812,0.004482903,-1.530393908,0.254098343,0.401175641,-2.74006782,15.48803545,1.066695944,0.004168764,0.00026916,-0.138813104,-373.8596531,0.997328774,7.15456E-06,-1.91E-08,-0.717862197,-2.703191102,0.690780508,0.136850536,-0.05062555,-0.118416818,0.998340873,2.75728E-06,-4.58E-09,11.63918604,5.135882428,4.908755023,0.007381673,18352.29744,1.041203433,3.091861754,1.274129431,1.438203434
KA6_A3,1.531681473,79.33644964,67.01057807,0.32897,-0.384790944,-0.803889717,90.56911326,59.49884535,63.56246275,90.04716036,54.54115201,67.52568121,57.4329,86.18404032,-0.168771,33.17086342,59.995,1573.2441,-171.9441,-0.370103,65.48321021,65.15941597,61.07903754,52.74063548,-0.172925029,0.01528724,-0.305578074,-0.112396674,77.05104831,-458.7910164,-0.976814745,1.416671986,-2.705120169,-239.4697812,-28.51682413,0.064000072,-0.002640754,-0.369503703,-0.001718235,136.5498937,1.177897901,3.039790862,0.016807049,0.016372229,0.248185478,1.015404688,0.0002337,3.57262E-06,8.777872653,4.255260813,4.344468167,0.012978409,5936.864046,457441.5985,-7.712673885,-0.002179642,210489.1967,0.857072147,261.9814583,-0.992211072,-1.02373557,0.376508466,0.954167047,-0.932044441,0.000262231,1.190240306,1.123112089,0.348310449,0.705879702,4.123374932,2.006959517,2.843203325,0.028164247,0.000226392,-0.389723044,-1.393356306,-0.369669345,0.066862289,7.31767513,-19.79519059,-6.209885212,-0.004175892,57345.77611,-3.05515831,-0.035067019,4.12383E-13,813.2092587,-23190.14541,839.1521397,0.257953455,-2.709952234,15.02855765,1.068803699,0.00442757,-1.536603952,0.252982355,0.40000015,-2.748871073,15.62498245,1.066092475,0.004096009,0.000262145,-0.138221616,-378.6797708,0.99736273,6.97358E-06,-1.84E-08,-0.717584306,-2.706332821,0.691077225,0.136532987,-0.050449444,-0.119773531,0.99828324,2.95233E-06,-5.07E-09,11.6854565,5.149484897,4.916690069,0.00732333,18645.87346,1.056093937,3.247540373,1.387443466,1.634266747
KA6_A4,2.477862753,79.33644964,67.01057807,0.32897,-0.384790944,-0.803889717,90.56911326,59.49884535,63.56246275,90.04716036,54.54115201,67.52568121,54.0981,85.71394808,-0.168667,32.11858661,55.5578,1582.3568,-171.9401,-0.369797,65.02136392,64.96107718,61.24385429,52.71967015,-0.177384712,0.012581121,-0.319768473,-0.097327889,76.03203542,-447.25641,-0.981274429,1.416671986,-2.705057239,-239.4657812,-28.1164186,0.065596334,-0.002728099,-0.372209823,-0.001224494,135.5308808,0.956568206,3.039790862,0.016807049,0.016328169,0.232580397,1.012660596,0.000158285,1.9914E-06,8.719635051,4.23641866,4.33115477,0.013152351,5780.87041,439531.3438,-7.647488945,-0.002235854,200038.2962,0.807306869,260.5524761,-0.993718772,-1.019082909,0.374833096,0.962899505,-0.944868663,0.000283175,1.190240306,1.123112089,0.348310449,0.705879702,4.123374932,2.006959517,2.843203325,0.028164247,0.000186316,-0.389732111,-1.393345501,-0.369677945,0.066866496,7.317334666,-19.79380911,-6.209850637,-0.004175962,57343.86037,-3.04079167,-0.035566407,6.15453E-13,790.532995,-22226.95661,829.6304408,0.261258552,-2.684489484,14.65072005,1.07063939,0.004658886,-1.511141201,0.256117814,0.403298423,-2.724235461,15.24475427,1.067795598,0.004302879,0.000282253,-0.139729049,-366.5556239,0.997275619,7.44252E-06,-2.03E-08,-0.719331828,-2.686656659,0.689209615,0.138540152,-0.051566006,-0.106984011,0.998776255,1.49939E-06,-1.84E-09,11.64177309,5.13664344,4.909199517,0.007378392,18368.61964,0.985307936,2.602749031,0.915022733,0.875281654
KA6_A5,0.777427219,79.33644964,67.01057807,0.32897,-0.384790944,-0.803889717,90.56911326,59.49884535,63.56246275,90.04716036,54.54115201,67.52568121,61.8149,86.56720329,-0.174761,33.23866324,61.8149,1571.9384,-164.8952,-0.372869,68.96634417,68.95206347,74.1544994,57.36756895,-0.169510869,0.018550355,-0.109682387,-0.143138024,77.84542258,-468.0316391,-0.973400585,1.416671986,-2.594222956,-232.4208812,-29.02614487,0.063205348,-0.002457878,-0.366240589,-0.002655261,137.3442679,1.444060213,3.039790862,0.016807049,0.013485358,0.264718366,1.018723482,0.000344116,6.38347E-06,8.823005303,4.269834351,4.354725099,0.01284597,6059.909817,471736.2405,-7.764111033,-0.002136608,219053.6152,0.922464808,263.1461935,-0.991053731,-1.027326278,0.377796123,0.9475087,-0.922305523,0.000254511,1.190240306,1.123112089,0.348310449,0.705879702,4.123374932,2.006959517,2.843203325,0.028164247,0.000274716,-0.40638283,-1.374049672,-0.38547188,0.074703902,6.729992744,-17.45910167,-6.148347155,-0.004302539,54019.46602,-3.073239828,-0.034451699,2.47802E-13,842.5170862,-24455.023,252.5766724,0.255394297,-2.729893328,15.33125152,1.067400493,0.004254463,-1.556545046,0.251406738,0.398337576,-2.761366361,15.82144599,1.065245563,0.003994916,0.0002525,-0.134954317,-406.8549986,0.99754514,6.04116E-06,-1.48E-08,-0.715465711,-2.730445587,0.693335972,0.134132169,-0.049124645,-0.138474268,0.997348261,7.05041E-06,-1.87E-08,11.71939708,5.159451246,4.922490678,0.007280974,18863.44793,1.130303574,4.237867578,2.085309899,3.011313056
KA6_A6,0.763345425,79.33644964,67.01057807,0.32897,-0.384790944,-0.803889717,90.56911326,59.49884535,63.56246275,90.04716036,54.54115201,67.52568121,57.5611,87.01097591,-0.166024,43.00499038,61.9059,1580.1983,-156.5538,-0.367149,71.87735464,70.55553486,79.49847288,61.25547428,-0.173359829,0.016653291,-0.115783121,-0.122199101,80.64526631,-457.6403321,-0.977249546,1.416671986,-2.462991414,-224.0794812,-29.60882888,0.063648888,-0.002411884,-0.368137652,-0.002035017,140.1441117,1.343009117,3.039790862,0.016807049,0.012578858,0.255368128,1.01679273,0.000277332,4.61849E-06,8.980270949,4.320423239,4.390060109,0.012399984,6503.658978,524489.3103,-7.706220487,-0.002185122,209434.6735,0.858985278,264.4951695,-0.992358268,-1.023280087,0.376344796,0.955016675,-0.933289611,0.000254137,1.190240306,1.123112089,0.348310449,0.705879702,4.123374932,2.006959517,2.843203325,0.028164247,0.000246622,-0.428035462,-1.35047837,-0.406010348,0.085179762,6.066326704,-14.94131059,-6.073896168,-0.004462702,50211.6139,-3.093668272,-0.03377371,1.38372E-13,876.6827477,-25957.54946,111.2748076,0.258277549,-2.707441004,14.99086483,1.068982533,0.004449863,-1.534092722,0.252287312,0.399267174,-2.754373428,15.71119362,1.065718146,0.004051181,0.000257853,-0.13410721,-414.6136686,0.997591022,5.81718E-06,-1.40E-08,-0.716698914,-2.716375229,0.692021917,0.135525331,-0.049891977,-0.126723171,0.997967052,4.1413E-06,-8.43E-09,11.83824783,5.194275155,4.942671262,0.007135512,19640.37203,1.103298396,3.830552761,1.803673488,2.422349938
KA6_A9,2.038309139,79.33644964,67.01057807,0.32897,-0.384790944,-0.803889717,90.56911326,59.49884535,63.56246275,90.04716036,54.54115201,67.52568121,57.8299,85.91401898,-0.170949,29.22487465,58.1307,1576.0544,-164.6822,-0.372295,65.07708138,65.01974076,61.12838945,52.62416139,-0.16988734,0.021748187,-0.325655736,-0.09959546,76.1313322,-466.9944767,-0.973777057,1.416671986,-2.590871921,-232.2078812,-28.34331432,0.063248207,-0.002610556,-0.363042756,-0.002166021,135.6301776,1.655718476,3.039790862,0.016807049,0.016359011,0.279130754,1.021986403,0.000472984,1.02865E-05,8.725327054,4.238262093,4.332459904,0.013135196,5795.979743,441255.6593,-7.758371677,-0.002141353,218083.8412,0.862996585,261.1606499,-0.991181481,-1.026929103,0.37765392,0.948241757,-0.923376068,0.000270641,1.190240306,1.123112089,0.348310449,0.705879702,4.123374932,2.006959517,2.843203325,0.028164247,0.000322073,-0.406908446,-1.373457783,-0.385970449,0.074954657,6.712617313,-17.39153171,-6.146468382,-0.004306486,53920.5001,-3.048949359,-0.035281689,4.90518E-13,803.3434668,-22769.41639,836.2953111,0.255677747,-2.72767486,15.29727733,1.067555131,0.004273382,-1.554326578,0.251491963,0.398427592,-2.760688493,15.81072478,1.06529122,0.004000336,0.000253014,-0.137692721,-383.0602163,0.997392849,6.815E-06,-1.78E-08,-0.713377255,-2.754496495,0.695556693,0.131800043,-0.047849051,-0.129386074,0.997836323,4.69165E-06,-1.02E-08,11.64603699,5.137897589,4.909931899,0.00737299,18395.54506,1.183029293,5.236841115,2.741403672,4.538992709
KA6_A11,2.368096697,79.33644964,67.01057807,0.32897,-0.384790944,-0.803889717,90.56911326,59.49884535,63.56246275,90.04716036,54.54115201,67.52568121,59.455,85.86678226,-0.161929,29.29129482,59.507,1548.5315,-183.3846,-0.363426,65.13018014,65.11751341,61.16563617,52.77732482,-0.180313292,0.000217547,-0.277836752,-0.134138391,76.12644876,-439.9922426,-0.984203009,1.416671986,-2.885108475,-250.9102812,-27.66633077,0.065530538,-0.002768506,-0.384573397,-2.92E-05,135.6252941,0.01656105,3.039790862,0.016807049,0.016349049,0.060142863,1.00021757,4.73265E-08,1.02957E-11,8.725047207,4.23817147,4.332395757,0.013136039,5795.2362,441170.7516,-7.605860223,-0.002272767,193593.1735,0.88724798,261.0170601,-0.994706363,-1.016050542,0.373736973,0.968655562,-0.953353719,0.000264382,1.190240306,1.123112089,0.348310449,0.705879702,4.123374932,2.006959517,2.843203325,0.028164247,3.22169E-06,-0.365410062,-1.423598043,-0.346607418,0.055848731,8.323850914,-24.01521282,-6.307241871,-0.003985488,62955.96922,-3.024478639,-0.036145017,9.65306E-13,765.425858,-21176.52497,834.1424396,0.263406381,-2.668114526,14.41276866,1.071846564,0.00481399,-1.494766244,0.255989333,0.403163536,-2.72523901,15.2600608,1.067725343,0.004294251,0.000281405,-0.140415533,-361.205652,0.997235323,7.66463E-06,-2.12E-08,-0.727209839,-2.600283866,0.68074098,0.147896698,-0.056877136,-0.030787077,0.999970819,8.51551E-10,-2.48E-14,11.64582733,5.137835924,4.909895893,0.007373256,18394.2204,0.254895767,1.016698944,0.000274268,4.54217E-06
KA6_A13,2.611795641,79.33644964,67.01057807,0.32897,-0.384790944,-0.803889717,90.56911326,59.49884535,63.56246275,90.04716036,54.54115201,67.52568121,57.4257,86.03242317,-0.165666,29.31415755,58.4561,1535.7576,-177.0278,-0.367723,65.2494597,64.80277861,61.1358388,52.75461237,-0.173614848,-0.003853708,-0.295268269,-0.118831781,76.41782784,-456.9681145,-0.977504565,1.416671986,-2.785099764,-244.5534812,-28.10059291,0.063842173,-0.002660786,-0.388644652,0.000457943,135.9166732,-0.294491994,3.039790862,0.016807049,0.016357018,-0.156780821,0.996153708,1.48511E-05,-5.72E-08,8.741729111,4.24357188,4.336216018,0.013085952,5839.684412,446255.9981,-7.702445474,-0.002188336,208819.8577,0.856964701,261.5205738,-0.992444581,-1.023013126,0.376248833,0.955515174,-0.934020444,0.000269135,1.190240306,1.123112089,0.348310449,0.705879702,4.123374932,2.006959517,2.843203325,0.028164247,-5.71E-05,-0.378531384,-1.406955146,-0.359053565,0.061722931,7.756780694,-21.60340808,-6.253521056,-0.004089085,59806.40517,-3.040221046,-0.035586438,6.2527E-13,789.6433218,-22189.44553,835.8645148,0.258467447,-2.705971047,14.96884509,1.069087436,0.004462964,-1.532622764,0.252670087,0.399670922,-2.751341293,15.66362732,1.065924154,0.004075823,0.000260209,-0.138570244,-375.8287989,0.997342751,7.07978E-06,-1.88E-08,-0.729767019,-2.573044542,0.677975144,0.151044665,-0.058702701,0.077079189,1.000458048,2.09712E-07,9.6036E-11,11.65833063,5.141512689,4.912042001,0.007357449,18473.34205,-0.665310684,0.74490991,0.086725534,-0.025539976
KA6_A14,2.145508547,79.33644964,67.01057807,0.32897,-0.384790944,-0.803889717,90.56911326,59.49884535,63.56246275,90.04716036,54.54115201,67.52568121,62.9273,86.29958886,-0.162489,30.14076346,62.9273,1536.7861,-178.9074,-0.365472,65.49976255,65.4937053,61.26899583,55.99200988,-0.172548263,-0.007085673,-0.285723082,-0.134123405,76.47317359,-459.7928042,-0.97643798,1.416671986,-2.814670676,-246.4330812,-27.9488037,0.063061559,-0.002634334,-0.391876616,0.000950355,135.9720189,-0.541863867,3.039790862,0.016807049,0.016321469,-0.192070364,0.992939372,5.02068E-05,-3.56E-07,8.744894144,4.244596105,4.336940007,0.013076481,5848.146279,447226.3056,-7.718283444,-0.002174893,211409.4228,0.939065172,262.3327016,-0.992083487,-1.024130586,0.376650348,0.953431128,-0.930966365,0.000250012,1.190240306,1.123112089,0.348310449,0.705879702,4.123374932,2.006959517,2.843203325,0.028164247,-0.000104933,-0.374554535,-1.411917094,-0.355281351,0.05992445,7.922371014,-22.29886538,-6.269501381,-0.004057897,60729.26352,-3.034737103,-0.035779707,7.27761E-13,781.1356282,-21831.80633,828.1827541,0.25767229,-2.712133392,15.06137308,1.06864876,0.004408297,-1.53878511,0.251120606,0.398035279,-2.763643907,15.85752113,1.065092403,0.00397676,0.000250781,-0.138109522,-379.6025614,0.997369133,6.93972E-06,-1.83E-08,-0.731784348,-2.551823605,0.67578749,0.153567282,-0.060179427,0.098316985,1.000950806,9.03174E-07,8.58335E-10,11.66070405,5.142210475,4.912449121,0.007354454,18488.38994,-0.815261119,0.581663099,0.293616451,-0.159100145
KA6_A15,1.75610504,79.33644964,67.01057807,0.32897,-0.384790944,-0.803889717,90.56911326,59.49884535,63.56246275,90.04716036,54.54115201,67.52568121,57.1607,85.94708964,-0.170276,29.28932389,57.1782,1581.8829,-172.9623,-0.371628,65.09663083,65.08957837,61.12745828,52.72025252,-0.172435049,0.01691,-0.314455541,-0.109219607,76.03854669,-460.094685,-0.976324766,1.416671986,-2.721139058,-240.4879812,-28.25805303,0.064081692,-0.002648909,-0.367880944,-0.001846904,135.537392,1.285811824,3.039790862,0.016807049,0.01635926,0.2566736,1.017053783,0.000285948,4.83538E-06,8.720008411,4.23653959,4.331240405,0.013151225,5781.860582,439644.2758,-7.719972242,-0.002173466,211687.1192,0.853010101,261.2611777,-0.992045143,-1.024249343,0.376692993,0.953210049,-0.930642578,0.00027515,1.190240306,1.123112089,0.348310449,0.705879702,4.123374932,2.006959517,2.843203325,0.028164247,0.000250423,-0.38742881,-1.396101237,-0.367493163,0.065799762,7.404597771,-20.1489402,-6.218674025,-0.004158212,57834.46911,-3.045889043,-0.035388142,5.34175E-13,798.5175609,-22564.55158,836.3491685,0.257587743,-2.712789735,15.07126175,1.068602206,0.004402514,-1.539441453,0.25314362,0.40017012,-2.747596565,15.60508098,1.066179494,0.004106463,0.000263149,-0.138363757,-377.5139169,0.997354596,7.01672E-06,-1.86E-08,-0.716532286,-2.718270726,0.692199587,0.135336389,-0.049787678,-0.122691574,0.998154801,3.41105E-06,-6.30E-09,11.64205274,5.136725698,4.909247558,0.007378038,18370.38464,1.08740787,3.617603625,1.653312048,2.125848181
KA6_A16,2.477862753,79.33644964,67.01057807,0.32897,-0.384790944,-0.803889717,90.56911326,59.49884535,63.56246275,90.04716036,54.54115201,67.52568121,51.2799,83.13210227,-0.182254,28.16392577,51.2799,1679.9266,-193.3764,-0.380645,61.10324791,61.10324791,61.21591925,48.31287272,-0.1708,-0.0054,-0.2752,-0.13458,72.40363329,-464.4991197,-0.974689717,1.416671986,-3.042305028,-260.9020812,-27.56008099,0.065014166,-0.002795269,-0.390190944,0.000726732,131.9024786,-0.39097962,3.039790862,0.016807049,0.01633562,-0.175441064,0.994614554,0.00002916,-1.57E-07,8.509032453,4.167927156,4.282256482,0.013811462,5242.286113,379560.5613,-7.744528193,-0.002152857,215759.4322,0.765250823,252.7042049,-0.991491042,-1.025967529,0.377309408,0.950020044,-0.925974768,0.000306798,1.190240306,1.123112089,0.348310449,0.705879702,4.123374932,2.006959517,2.843203325,0.028164247,-8.00E-05,-0.346529246,-1.448997329,-0.328698139,0.047724756,9.255619881,-28.1584189,-6.389877236,-0.003832856,68069.89598,-3.020601937,-0.036284364,1.07352E-12,759.5580643,-20933.48177,831.2404643,0.256363596,-2.722317093,15.21553725,1.067930105,0.00431942,-1.54896881,0.254978756,0.402101783,-2.733150094,15.38126322,1.067174142,0.004226842,0.000274805,-0.140866543,-357.7473531,0.997208634,7.81353E-06,-2.18E-08,-0.730733574,-2.562847795,0.676927607,0.152248973,-0.05940617,0.08990657,1.000726996,5.28139E-07,3.83816E-10,11.48488044,5.090389162,4.882062851,0.007581359,17398.26387,-0.731225576,0.676393941,0.152865063,-0.059767124
KA6_A17,1.243266642,79.33644964,67.01057807,0.32897,-0.384790944,-0.803889717,90.56911326,59.49884535,63.56246275,90.04716036,54.54115201,67.52568121,43.9612,85.16461921,-0.160377,29.80570622,50.0241,1644.9816,-154.6786,-0.36914,65.09904709,62.56797527,60.94308701,56.47188315,-0.173405914,0.071762781,-0.381512769,-0.022442304,82.23075921,-457.5187078,-0.977295631,1.416671986,-2.433489725,-222.2042812,-30.35466246,0.064011059,-0.002663724,-0.313028162,-0.001610522,141.7296046,5.901107996,3.039790862,0.016807049,0.016408752,0.415559378,1.074400446,0.005149897,0.000369571,9.068117733,4.348552991,4.409529432,0.0121609,6761.897761,556035.9866,-7.705537748,-0.002185703,209323.368,0.656033738,258.8826313,-0.992373867,-1.023231833,0.376327452,0.95510675,-0.933421654,0.0003145,1.190240306,1.123112089,0.348310449,0.705879702,4.123374932,2.006959517,2.843203325,0.028164247,0.001062748,-0.433224622,-1.345064691,-0.410932493,0.087730144,5.921872241,-14.41081525,-6.056905633,-0.004500363,49374.74259,-3.11942922,-0.032943868,6.56353E-14,921.4055328,-27968.95393,847.0470859,0.258311876,-2.707175205,14.9868808,1.069001489,0.004452229,-1.533826923,0.253004069,0.400023038,-2.748699413,15.6223005,1.066104189,0.004097416,0.00026228,-0.138621233,-375.4142269,0.99733982,7.09543E-06,-1.89E-08,-0.678986497,-3.194600742,0.731229319,0.09798663,-0.030672575,-0.117216541,0.998390774,2.59378E-06,-4.18E-09,11.90502434,5.213789885,4.953921049,0.007055689,20087.28081,1.807081976,365.4421522,34.82307558,205.4947298
KA6_A18,1.321070543,79.33644964,67.01057807,0.32897,-0.384790944,-0.803889717,90.56911326,59.49884535,63.56246275,90.04716036,54.54115201,67.52568121,43.703,85.26458547,-0.179695,29.77791618,45.4504,1663.4318,-153.1137,-0.383096,65.18381511,62.49906883,60.98033373,56.38918654,-0.174084711,0.06968132,-0.381841971,-0.025389351,77.04453705,-455.7347341,-0.977974428,1.416671986,-2.408869848,-220.6393812,-29.51545397,0.066691157,-0.002670674,-0.315109624,-0.001769164,136.5433824,5.368565039,3.039790862,0.016807049,0.01639873,0.411502164,1.072166449,0.004855486,0.000338337,8.777501754,4.255140945,4.344383658,0.012979506,5935.860689,457325.6388,-7.695509464,-0.002194259,207694.1479,0.652180615,259.1865078,-0.99260357,-1.022521623,0.376072089,0.956433982,-0.935367977,0.000346148,1.190240306,1.123112089,0.348310449,0.705879702,4.123374932,2.006959517,2.843203325,0.028164247,0.001031923,-0.437652399,-1.340513253,-0.415132433,0.089916857,5.802653945,-13.97783813,-6.042653298,-0.004532282,48681.73654,-3.090412766,-0.033880556,1.51915E-13,871.1620228,-25712.74258,844.8804106,0.258816963,-2.703268347,14.92844341,1.069280744,0.004487154,-1.529920064,0.25824631,0.405529778,-2.70768292,14.99449179,1.068965284,0.00444771,0.000296623,-0.138741681,-374.4373334,0.997332889,7.1325E-06,-1.90E-08,-0.680488133,-3.173498759,0.729708876,0.099294075,-0.031288519,-0.120945391,0.998232401,3.12994E-06,-5.54E-09,11.68517789,5.149403046,4.916642384,0.00732368,18644.09528,1.750999705,214.5547689,28.82149057,154.7300467
KA6_A20,0.715489045,79.33644964,67.01057807,0.32897,-0.384790944,-0.803889717,90.56911326,59.49884535,63.56246275,90.04716036,54.54115201,67.52568121,57.1356,87.26728015,-0.173206,32.98204882,57.1356,1571.3818,-157.6576,-0.373152,69.52614207,69.5107643,65.10820173,63.93437849,-0.171385438,0.018163106,-0.336113785,0.07085991,78.4737596,-462.9124297,-0.975275155,1.416671986,-2.480357009,-225.1832812,-29.28264034,0.063952819,-0.00246505,-0.366627838,0.001287036,137.972605,1.425327181,3.039790862,0.016807049,0.015359048,0.262863348,1.018329058,0.000329898,5.99198E-06,8.858541618,4.28129171,4.362764296,0.012743113,6158.130946,483251.6875,-7.735699914,-0.002160236,214287.9176,0.852635534,265.2742808,-0.991689512,-1.025351661,0.377088581,0.951161628,-0.927644304,0.000275355,1.190240306,1.123112089,0.348310449,0.705879702,4.123374932,2.006959517,2.843203325,0.028164247,0.000268981,-0.425038679,-1.353644839,-0.403167768,0.083713334,6.152170892,-15.25958019,-6.083853034,-0.004440827,50707.51014,-3.082265731,-0.034149926,1.91739E-13,857.4730255,-25109.07421,621.9516579,0.256802579,-2.718895329,15.16356225,1.068170706,0.004349081,-1.545547047,0.252888946,0.399901682,-2.74960967,15.63652728,1.066042101,0.004089963,0.000261565,-0.135085457,-405.6712331,0.997537985,6.07647E-06,-1.50E-08,-0.715717791,-2.727561565,0.69306753,0.134415972,-0.049280637,0.108775286,1.001287865,1.65646E-06,2.13193E-09,11.74617406,5.167307278,4.927055151,0.007247816,19036.43972,1.125394675,4.159218436,2.031557572,2.895634227
KA6_A21,2.079020657,79.33644964,67.01057807,0.32897,-0.384790944,-0.803889717,90.56911326,59.49884535,63.56246275,90.04716036,54.54115201,67.52568121,52.1693,88.17235511,-0.153328,36.5969222,56.3129,1662.2577,-163.7848,-0.35398,71.92537114,69.54614869,64.62585667,69.28112188,-0.172965266,-0.003284233,-0.26428371,-0.012991521,81.28499805,-458.6842874,-0.976854983,1.416671986,-2.576753526,-231.3104812,-28.77326361,0.061226245,-0.002404788,-0.388075177,4.26672E-05,140.7838434,-0.266958904,3.039790862,0.016807049,0.015473683,-0.148643071,0.996721154,1.07862E-05,-3.54E-08,9.015819322,4.331817318,4.397961474,0.012302393,6607.250907,537070.3771,-7.712075769,-0.002180149,210391.2755,0.778523354,268.0255194,-0.992224696,-1.023693402,0.376493317,0.954245657,-0.932159625,0.000279377,1.190240306,1.123112089,0.348310449,0.705879702,4.123374932,2.006959517,2.843203325,0.028164247,-4.86E-05,-0.409137955,-1.370958451,-0.388085236,0.076020402,6.639658732,-17.10876405,-6.138540196,-0.004323194,53504.53872,-3.064288901,-0.034754486,3.19103E-13,827.9006987,-23821.40505,646.2426813,0.257983464,-2.709719576,15.02506154,1.068820248,0.00442963,-1.536371294,0.247439376,0.394135791,-2.793179345,16.33286516,1.063139417,0.003748653,0.000229516,-0.133975565,-415.8370806,0.997598101,5.78301E-06,-1.39E-08,-0.729410406,-2.576820314,0.678361344,0.150602343,-0.058445031,0.03494336,1.000042668,1.82049E-09,7.76751E-14,11.86523676,5.202166792,4.947225689,0.007103088,19820.09056,-0.643894631,0.765704538,0.071267057,-0.019025375
KA8_A1,1.963997164,76.92286204,64.7096618,0.32401,-0.384117703,-0.802837459,78.51221029,59.56775179,64.23011025,90.55438923,60.70968593,49.57792812,57.371,85.77931302,-0.170193,28.10322128,57.371,1558.7206,-172.9063,-0.371293,65.0011174,65.0011174,61.1358388,52.7126817,-0.17413,0.01471,-0.31225,-0.11231,75.87902071,-441.7553669,-0.976967459,1.409843279,-2.69198199,-222.4842281,-28.17334923,0.06465325,-0.002678877,-0.369407703,-0.00165208,135.4467725,1.116180395,3.086324496,0.016787607,0.016357018,0.245021517,1.014818725,0.000216384,3.18301E-06,8.710856485,4.233574816,4.329140239,0.013178873,5757.625783,436883.006,-7.616006011,-0.002263696,195147.8042,0.886590942,264.742795,-0.992262776,-1.023575546,0.376450973,0.954465416,-0.932481652,0.000271374,1.187368215,1.121304623,0.343478548,0.709298697,4.095313531,1.987658071,2.802286372,0.033506783,0.000296705,-0.374246987,-1.391096902,-0.371473511,0.067746533,7.246767034,-19.50816634,-6.059448189,-0.004494701,49499.23176,-3.042842636,-0.035494537,5.81393E-13,793.7376071,-22362.24681,865.4511099,0.258624082,-2.704759387,14.95071892,1.06917403,0.004473793,-1.52835013,0.254270034,0.401356333,-2.738716903,15.46712653,1.066789051,0.004180043,0.000270253,-0.138883587,-373.2907449,0.997324708,7.17638E-06,-1.92E-08,-0.717522156,-2.707036133,0.691143572,0.136462051,-0.050410133,-0.11821621,0.998349284,2.72937E-06,-4.51E-09,11.63816019,5.135580647,4.90857874,0.007382974,18345.82818,1.037316923,3.053169998,1.245858673,1.390603026
KA8_A2,1.897460038,76.92286204,64.7096618,0.32401,-0.384117703,-0.802837459,78.51221029,59.56775179,64.23011025,90.55438923,60.70968593,49.57792812,57.5516,85.81166502,-0.16988,29.26094258,57.5516,1557.6808,-172.4812,-0.371064,65.05241781,64.97970054,61.17029201,52.68589266,-0.174002242,0.014857794,-0.311965303,-0.111759858,75.97180622,-442.0797179,-0.976839701,1.409843279,-2.685363599,-222.0591281,-28.1904023,0.064565968,-0.002674801,-0.369259909,-0.001660505,135.539558,1.128773419,3.086324496,0.016787607,0.016347805,0.245839374,1.014968719,0.000220754,3.27992E-06,8.716180713,4.235299731,4.330362301,0.013162778,5771.715341,438487.6395,-7.617869527,-0.002262035,195434.477,0.88938187,264.8426438,-0.992219522,-1.023709416,0.37649907,0.954215802,-0.932115878,0.000270523,1.187368215,1.121304623,0.343478548,0.709298697,4.095313531,1.987658071,2.802286372,0.033506783,0.000299686,-0.375169362,-1.389955936,-0.37238905,0.068196393,7.211177657,-19.36463398,-6.055586472,-0.004503305,49310.25638,-3.043456447,-0.035473066,5.71563E-13,794.6987821,-22402.87838,863.4251694,0.258529189,-2.70549335,14.96169622,1.069121562,0.00446723,-1.529084092,0.254098343,0.401175641,-2.74006782,15.48803545,1.066695944,0.004168764,0.00026916,-0.138813104,-373.8596531,0.997328774,7.15456E-06,-1.91E-08,-0.717426454,-2.708119605,0.691245726,0.136352881,-0.050349652,-0.118416818,0.998340873,2.75728E-06,-4.58E-09,11.64214576,5.136753061,4.909263539,0.00737792,18370.97179,1.041203433,3.091861754,1.274129431,1.438203434
KA8_A3,1.050673587,76.92286204,64.7096618,0.32401,-0.384117703,-0.802837459,78.51221029,59.56775179,64.23011025,90.55438923,60.70968593,49.57792812,57.4329,86.18404032,-0.168771,33.17086342,59.995,1573.2441,-171.9441,-0.370103,65.48321021,65.15941597,61.07903754,52.74063548,-0.172925029,0.01528724,-0.305578074,-0.112396674,77.05104831,-444.8335943,-0.975762488,1.409843279,-2.677001477,-221.5220281,-28.51682413,0.064000072,-0.002640754,-0.368830463,-0.001718235,136.6188001,1.177897901,3.086324496,0.016787607,0.016372229,0.248185478,1.015404688,0.0002337,3.57262E-06,8.777872653,4.255260813,4.344468167,0.012978409,5936.864046,457441.5985,-7.633654961,-0.002248032,197876.9267,0.887547522,265.9919148,-0.991854663,-1.024839561,0.376904859,0.952112432,-0.929035596,0.000259505,1.187368215,1.121304623,0.343478548,0.709298697,4.095313531,1.987658071,2.802286372,0.033506783,0.000308348,-0.376341275,-1.388511679,-0.373552278,0.068769051,7.166336907,-19.18429448,-6.050700264,-0.004514224,49072.00894,-3.05515831,-0.035067019,4.12383E-13,813.2092587,-23190.14541,868.7963572,0.257727695,-2.711703394,15.05489811,1.068679276,0.00441209,-1.535294136,0.252982355,0.40000015,-2.748871073,15.62498245,1.066092475,0.004096009,0.000262145,-0.138221616,-378.6797708,0.99736273,6.97358E-06,-1.84E-08,-0.717148225,-2.711272797,0.691542643,0.13603591,-0.050174188,-0.119773531,0.99828324,2.95233E-06,-5.07E-09,11.68840451,5.150350937,4.917194567,0.007319637,18664.69654,1.056093937,3.247540373,1.387443466,1.634266747
KA8_A4,1.913457005,76.92286204,64.7096618,0.32401,-0.384117703,-0.802837459,78.51221029,59.56775179,64.23011025,90.55438923,60.70968593,49.57792812,54.0981,85.71394808,-0.168667,32.11858661,55.5578,1582.3568,-171.9401,-0.369797,65.02136392,64.96107718,61.24385429,52.71967015,-0.177384712,0.012581121,-0.319768473,-0.097327889,76.03203542,-433.6498958,-0.980222171,1.409843279,-2.676939201,-221.5180281,-28.1164186,0.065596334,-0.002728099,-0.371536582,-0.001224494,135.5997872,0.956568206,3.086324496,0.016787607,0.016328169,0.232580397,1.012660596,0.000158285,1.9914E-06,8.719635051,4.23641866,4.33115477,0.013152351,5780.87041,439531.3438,-7.569137863,-0.002306008,188052.2321,0.836012714,264.5410576,-0.993363444,-1.020176883,0.375227725,0.960835505,-0.941832266,0.000280231,1.187368215,1.121304623,0.343478548,0.709298697,4.095313531,1.987658071,2.802286372,0.033506783,0.000253765,-0.37635003,-1.388500911,-0.373560968,0.068773334,7.166003485,-19.18295564,-6.050663845,-0.004514305,49070.23678,-3.04079167,-0.035566407,6.15453E-13,790.532995,-22226.95661,859.1074587,0.261029899,-2.686240644,14.67639827,1.070511539,0.004642597,-1.509831386,0.256117814,0.403298423,-2.724235461,15.24475427,1.067795598,0.004302879,0.000282253,-0.139729049,-366.5556239,0.997275619,7.44252E-06,-2.03E-08,-0.718897865,-2.691525,0.689673775,0.138039432,-0.051286699,-0.106984011,0.998776255,1.49939E-06,-1.84E-09,11.64473217,5.137513814,4.909707806,0.007374643,18387.30229,0.985307936,2.602749031,0.915022733,0.875281654
KA8_A5,0.708822236,76.92286204,64.7096618,0.32401,-0.384117703,-0.802837459,78.51221029,59.56775179,64.23011025,90.55438923,60.70968593,49.57792812,61.8149,86.56720329,-0.174761,33.23866324,61.8149,1571.9384,-164.8952,-0.372869,68.96634417,68.95206347,74.1544994,57.36756895,-0.169510869,0.018550355,-0.109682387,-0.143138024,77.84542258,-453.7930972,-0.972348328,1.409843279,-2.567256998,-214.4731281,-29.02614487,0.063205348,-0.002457878,-0.365567348,-0.002655261,137.4131744,1.444060213,3.086324496,0.016787607,0.013485358,0.264718366,1.018723482,0.000344116,6.38347E-06,8.823005303,4.269834351,4.354725099,0.01284597,6059.909817,471736.2405,-7.684565119,-0.002203647,205928.1751,0.955265385,267.1744801,-0.990696489,-1.028438032,0.378193871,0.94546127,-0.919317685,0.000251865,1.187368215,1.121304623,0.343478548,0.709298697,4.095313531,1.987658071,2.802286372,0.033506783,0.000374166,-0.39242902,-1.369272172,-0.3895208,0.076745771,6.590808492,-16.92029922,-5.985828854,-0.004662589,45998.72269,-3.073239828,-0.034451699,2.47802E-13,842.5170862,-24455.023,268.9563864,0.255170777,-2.731644488,15.35812251,1.067278687,0.004239589,-1.555235231,0.251406738,0.398337576,-2.761366361,15.82144599,1.065245563,0.003994916,0.0002525,-0.134954317,-406.8549986,0.99754514,6.04116E-06,-1.48E-08,-0.715027041,-2.735474065,0.693802911,0.133639486,-0.048854233,-0.138474268,0.997348261,7.05041E-06,-1.87E-08,11.72233656,5.160313944,4.922992259,0.007277323,18882.38049,1.130303574,4.237867578,2.085309899,3.011313056
KA8_A6,0.387492787,76.92286204,64.7096618,0.32401,-0.384117703,-0.802837459,78.51221029,59.56775179,64.23011025,90.55438923,60.70968593,49.57792812,57.5611,87.01097591,-0.166024,43.00499038,61.9059,1580.1983,-156.5538,-0.367149,71.87735464,70.55553486,79.49847288,61.25547428,-0.173359829,0.016653291,-0.115783121,-0.122199101,80.64526631,-443.7179163,-0.976197288,1.409843279,-2.437389557,-206.1317281,-29.60882888,0.063648888,-0.002411884,-0.367464412,-0.002035017,140.2130181,1.343009117,3.086324496,0.016787607,0.012578858,0.255368128,1.01679273,0.000277332,4.61849E-06,8.980270949,4.320423239,4.390060109,0.012399984,6503.658978,524489.3103,-7.62726768,-0.002253684,196885.5893,0.889528679,268.5441064,-0.992001965,-1.024383096,0.376741016,0.952961145,-0.930278085,0.000251495,1.187368215,1.121304623,0.343478548,0.709298697,4.095313531,1.987658071,2.802286372,0.033506783,0.000335901,-0.413338174,-1.345782827,-0.410275,0.087388677,5.940867855,-14.48020927,-5.90719918,-0.004851267,42490.28934,-3.093668272,-0.03377371,1.38372E-13,876.6827477,-25957.54946,122.2332863,0.258051505,-2.709192164,15.01713923,1.068857776,0.004434305,-1.532782906,0.252287312,0.399267174,-2.754373428,15.71119362,1.065718146,0.004051181,0.000257853,-0.13410721,-414.6136686,0.997591022,5.81718E-06,-1.40E-08,-0.716261754,-2.721351968,0.692487971,0.135030094,-0.049618754,-0.126723171,0.997967052,4.1413E-06,-8.43E-09,11.8411578,5.195126327,4.943162824,0.007132005,19659.69044,1.103298396,3.830552761,1.803673488,2.422349938
KA8_A9,1.946702135,76.92286204,64.7096618,0.32401,-0.384117703,-0.802837459,78.51221029,59.56775179,64.23011025,90.55438923,60.70968593,49.57792812,57.8299,85.91401898,-0.170949,29.22487465,58.1307,1576.0544,-164.6822,-0.372295,65.07708138,65.01974076,61.12838945,52.62416139,-0.16988734,0.021748187,-0.325655736,-0.09959546,76.1313322,-452.7874875,-0.9727248,1.409843279,-2.563940796,-214.2601281,-28.34331432,0.063248207,-0.002610556,-0.362369516,-0.002166021,135.699084,1.655718476,3.086324496,0.016787607,0.016359011,0.279130754,1.021986403,0.000472984,1.02865E-05,8.725327054,4.238262093,4.332459904,0.013135196,5795.979743,441255.6593,-7.678884565,-0.002208542,205016.5089,0.893682619,265.1585413,-0.990824331,-1.028039997,0.378051519,0.946193536,-0.920385917,0.000267828,1.187368215,1.121304623,0.343478548,0.709298697,4.095313531,1.987658071,2.802286372,0.033506783,0.000438667,-0.392936588,-1.368682342,-0.390024606,0.077000698,6.573792405,-16.85481453,-5.983846626,-0.004667224,45907.4025,-3.048949359,-0.035281689,4.90518E-13,803.3434668,-22769.41639,865.8894632,0.255453978,-2.72942602,15.32408877,1.067433037,0.004258441,-1.553016762,0.251491963,0.398427592,-2.760688493,15.81072478,1.06529122,0.004000336,0.000253014,-0.137692721,-383.0602163,0.997392849,6.815E-06,-1.78E-08,-0.712936011,-2.759614031,0.696025128,0.131311666,-0.047583345,-0.129386074,0.997836323,4.69165E-06,-1.02E-08,11.64899498,5.138767538,4.910439817,0.007369247,18414.2414,1.183029293,5.236841115,2.741403672,4.538992709
KA8_A11,1.795380785,76.92286204,64.7096618,0.32401,-0.384117703,-0.802837459,78.51221029,59.56775179,64.23011025,90.55438923,60.70968593,49.57792812,59.455,85.86678226,-0.161929,29.29129482,59.507,1548.5315,-183.3846,-0.363426,65.13018014,65.11751341,61.16563617,52.77732482,-0.180313292,0.000217547,-0.277836752,-0.134138391,76.12644876,-426.6067202,-0.983150751,1.409843279,-2.855118873,-232.9625281,-27.66633077,0.065530538,-0.002768506,-0.383900156,-2.92E-05,135.6942005,0.01656105,3.086324496,0.016787607,0.016349049,0.060142863,1.00021757,4.73265E-08,1.02957E-11,8.725047207,4.23817147,4.332395757,0.013136039,5795.2362,441170.7516,-7.527935641,-0.002344079,181993.2937,0.918796333,265.0127535,-0.994351741,-1.017138012,0.374130448,0.966585399,-0.950299161,0.000261633,1.187368215,1.121304623,0.343478548,0.709298697,4.095313531,1.987658071,2.802286372,0.033506783,4.38797E-06,-0.352863118,-1.418648266,-0.350248114,0.05754898,8.15170378,-23.27408331,-6.153119603,-0.004292536,54271.53951,-3.024478639,-0.036145017,9.65306E-13,765.425858,-21176.52497,863.6988064,0.263175849,-2.669865686,14.43802983,1.071716456,0.004797159,-1.493456428,0.255989333,0.403163536,-2.72523901,15.2600608,1.067725343,0.004294251,0.000281405,-0.140415533,-361.205652,0.997235323,7.66463E-06,-2.12E-08,-0.726785236,-2.60484395,0.681199437,0.14737933,-0.056578948,-0.030787077,0.999970819,8.51551E-10,-2.48E-14,11.64878537,5.138705894,4.910403829,0.007369512,18412.91606,0.254895767,1.016698944,0.000274268,4.54217E-06
KA8_A13,2.058336063,76.92286204,64.7096618,0.32401,-0.384117703,-0.802837459,78.51221029,59.56775179,64.23011025,90.55438923,60.70968593,49.57792812,57.4257,86.03242317,-0.165666,29.31415755,58.4561,1535.7576,-177.0278,-0.367723,65.2494597,64.80277861,61.1358388,52.75461237,-0.173614848,-0.003853708,-0.295268269,-0.118831781,76.41782784,-443.0661491,-0.976452307,1.409843279,-2.756149714,-226.6057281,-28.10059291,0.063842173,-0.002660786,-0.387971411,0.000457943,135.9855796,-0.294491994,3.086324496,0.016787607,0.016357018,-0.156780821,0.996153708,1.48511E-05,-5.72E-08,8.741729111,4.24357188,4.336216018,0.013085952,5839.684412,446255.9981,-7.623531344,-0.002256999,196307.6125,0.887436256,265.5239751,-0.99208834,-1.024115559,0.376644952,0.953459108,-0.931007345,0.000266337,1.187368215,1.121304623,0.343478548,0.709298697,4.095313531,1.987658071,2.802286372,0.033506783,-7.77E-05,-0.365533898,-1.402063236,-0.362824993,0.06353593,7.596361246,-20.93670888,-6.096636398,-0.004412951,51350.15602,-3.040221046,-0.035586438,6.2527E-13,789.6433218,-22189.44553,865.4511099,0.258241237,-2.707722207,14.99508089,1.068962484,0.004447361,-1.531312949,0.252670087,0.399670922,-2.751341293,15.66362732,1.065924154,0.004075823,0.000260209,-0.138570244,-375.8287989,0.997342751,7.07978E-06,-1.88E-08,-0.729345389,-2.577509506,0.678431739,0.150521816,-0.058398161,0.077079189,1.000458048,2.09712E-07,9.6036E-11,11.66128551,5.142381416,4.912548848,0.007353721,18492.07787,-0.665310684,0.74490991,0.086725534,-0.025539976
KA8_A14,1.795380785,76.92286204,64.7096618,0.32401,-0.384117703,-0.802837459,78.51221029,59.56775179,64.23011025,90.55438923,60.70968593,49.57792812,62.9273,86.29958886,-0.162489,30.14076346,62.9273,1536.7861,-178.9074,-0.365472,65.49976255,65.4937053,61.26899583,55.99200988,-0.172548263,-0.007085673,-0.285723082,-0.134123405,76.47317359,-445.8049056,-0.975385722,1.409843279,-2.785413248,-228.4853281,-27.9488037,0.063061559,-0.002634334,-0.391203376,0.000950355,136.0409254,-0.541863867,3.086324496,0.016787607,0.016321469,-0.192070364,0.992939372,5.02068E-05,-3.56E-07,8.744894144,4.244596105,4.336940007,0.013076481,5848.146279,447226.3056,-7.639207048,-0.002243134,198742.0139,0.972456017,266.3485351,-0.991726987,-1.02523543,0.37704689,0.951377307,-0.927959841,0.000247413,1.187368215,1.121304623,0.343478548,0.709298697,4.095313531,1.987658071,2.802286372,0.033506783,-0.00014292,-0.361693601,-1.407007931,-0.359013156,0.061703585,7.758526961,-21.61070378,-6.113446358,-0.004376649,52205.54517,-3.034737103,-0.035779707,7.27761E-13,781.1356282,-21831.80633,857.6342669,0.257446776,-2.713884552,15.08777106,1.068524626,0.004392885,-1.537475294,0.251120606,0.398035279,-2.763643907,15.85752113,1.065092403,0.00397676,0.000250781,-0.138109522,-379.6025614,0.997369133,6.93972E-06,-1.83E-08,-0.731365042,-2.556215162,0.676242611,0.153040081,-0.059869796,0.098316985,1.000950806,9.03174E-07,8.58335E-10,11.66365832,5.143078966,4.912955762,0.007350729,18507.13338,-0.815261119,0.581663099,0.293616451,-0.159100145
KA8_A15,1.598509894,76.92286204,64.7096618,0.32401,-0.384117703,-0.802837459,78.51221029,59.56775179,64.23011025,90.55438923,60.70968593,49.57792812,57.1607,85.94708964,-0.170276,29.28932389,57.1782,1581.8829,-172.9623,-0.371628,65.09663083,65.08957837,61.12745828,52.72025252,-0.172435049,0.01691,-0.314455541,-0.109219607,76.03854669,-446.0976026,-0.975272508,1.409843279,-2.692853855,-222.5402281,-28.25805303,0.064081692,-0.002648909,-0.367207703,-0.001846904,135.6062985,1.285811824,3.086324496,0.016787607,0.01635926,0.2566736,1.017053783,0.000285948,4.83538E-06,8.720008411,4.23653959,4.331240405,0.013151225,5781.860582,439644.2758,-7.640878544,-0.002241662,199003.071,0.883341041,265.2606081,-0.991688615,-1.025354444,0.37708958,0.951156465,-0.927636752,0.000272289,1.187368215,1.121304623,0.343478548,0.709298697,4.095313531,1.987658071,2.802286372,0.033506783,0.000341079,-0.374125817,-1.391247066,-0.371353239,0.067687493,7.251461885,-19.52712709,-6.059956541,-0.00449357,49524.15313,-3.045889043,-0.035388142,5.34175E-13,798.5175609,-22564.55158,865.9442652,0.257362303,-2.714540895,15.09767706,1.068478159,0.004387122,-1.538131637,0.25314362,0.40017012,-2.747596565,15.60508098,1.066179494,0.004106463,0.000263149,-0.138363757,-377.5139169,0.997354596,7.01672E-06,-1.86E-08,-0.716094922,-2.723254419,0.692665761,0.134841497,-0.049514836,-0.122691574,0.998154801,3.41105E-06,-6.30E-09,11.64501174,5.137596045,4.909755823,0.007374289,18389.06819,1.08740787,3.617603625,1.653312048,2.125848181
KA8_A16,2.304501335,76.92286204,64.7096618,0.32401,-0.384117703,-0.802837459,78.51221029,59.56775179,64.23011025,90.55438923,60.70968593,49.57792812,51.2799,83.13210227,-0.182254,28.16392577,51.2799,1679.9266,-193.3764,-0.380645,61.10324791,61.10324791,61.21591925,48.31287272,-0.1708,-0.0054,-0.2752,-0.13458,72.40363329,-450.3680447,-0.973637459,1.409843279,-3.010681427,-242.9543281,-27.56008099,0.065014166,-0.002795269,-0.389517703,0.000726732,131.9713851,-0.39097962,3.086324496,0.016787607,0.01633562,-0.175441064,0.994614554,0.00002916,-1.57E-07,8.509032453,4.167927156,4.282256482,0.013811462,5242.286113,379560.5613,-7.665182911,-0.002220406,202831.3757,0.792461258,256.5726437,-0.991134115,-1.027076342,0.377706644,0.947969902,-0.922979006,0.000303609,1.187368215,1.121304623,0.343478548,0.709298697,4.095313531,1.987658071,2.802286372,0.033506783,-0.000108919,-0.334630605,-1.443959241,-0.332150719,0.049258102,9.064202656,-27.28942659,-6.239860493,-0.004116,59026.80555,-3.020601937,-0.036284364,1.07352E-12,759.5580643,-20933.48177,860.7458211,0.256139227,-2.724068253,15.24220542,1.067807311,0.004304318,-1.547658995,0.254978756,0.402101783,-2.733150094,15.38126322,1.067174142,0.004226842,0.000274805,-0.140866543,-357.7473531,0.997208634,7.81353E-06,-2.18E-08,-0.73031306,-2.56727741,0.677383496,0.151724041,-0.0590992,0.08990657,1.000726996,5.28139E-07,3.83816E-10,11.48787992,5.091275421,4.882585119,0.0075774,17416.44648,-0.731225576,0.676393941,0.152865063,-0.059767124
KA9_A1,1.661552912,75.70955006,63.16206049,0.32218,-0.402817591,-0.799006161,88.29095299,54.55248063,58.75484207,79.47894429,52.22596363,57.40138725,57.371,85.77931302,-0.170193,28.10322128,57.371,1558.7206,-172.9063,-0.371293,65.0011174,65.0011174,61.1358388,52.7126817,-0.17413,0.01471,-0.31225,-0.11231,75.87902071,-434.7875154,-0.973136161,1.352721605,-2.942843413,-230.3076873,-28.17334923,0.06465325,-0.002678877,-0.388107591,-0.00165208,130.4315013,1.116180395,3.103854988,0.018330972,0.016357018,0.245021517,1.014818725,0.000216384,3.18301E-06,8.710856485,4.233574816,4.329140239,0.013178873,5757.625783,436883.006,-7.57575094,-0.002299974,189040.1836,0.908314256,266.2465486,-0.990963983,-1.027605427,0.377896035,0.946993988,-0.921554094,0.000296663,1.163065607,1.105951653,0.302118567,0.739250409,3.86793822,1.829855742,2.475285396,0.036693234,0.000256266,-0.365296467,-1.433031438,-0.339807411,0.052715623,8.660327356,-25.48598732,-6.129656598,-0.004342017,53041.63081,-3.042842636,-0.035494537,5.81393E-13,793.7376071,-22362.24681,336.4695192,0.264844534,-2.65722458,14.25666591,1.072661161,0.004919988,-1.52356651,0.254270034,0.401356333,-2.738716903,15.46712653,1.066789051,0.004180043,0.000270253,-0.138883587,-373.2907449,0.997324708,7.17638E-06,-1.92E-08,-0.729430713,-2.576605106,0.678339356,0.150627502,-0.058459677,-0.11821621,0.998349284,2.72937E-06,-4.51E-09,11.42066116,5.071395696,4.870848195,0.00766686,17012.37654,1.037316923,3.053169998,1.245858673,1.390603026
KA9_A2,1.63987508,75.70955006,63.16206049,0.32218,-0.402817591,-0.799006161,88.29095299,54.55248063,58.75484207,79.47894429,52.22596363,57.40138725,57.5516,85.81166502,-0.16988,29.26094258,57.5516,1557.6808,-172.4812,-0.371064,65.05241781,64.97970054,61.17029201,52.68589266,-0.174002242,0.014857794,-0.311965303,-0.111759858,75.97180622,-435.1067504,-0.973008403,1.352721605,-2.935608265,-229.8825873,-28.1904023,0.064565968,-0.002674801,-0.387959797,-0.001660505,130.5242869,1.128773419,3.103854988,0.018330972,0.016347805,0.245839374,1.014968719,0.000220754,3.27992E-06,8.716180713,4.235299731,4.330362301,0.013162778,5771.715341,438487.6395,-7.577604606,-0.002298287,189317.8842,0.911173568,266.3469645,-0.990920615,-1.027740353,0.377944317,0.946745353,-0.921191184,0.000295732,1.163065607,1.105951653,0.302118567,0.739250409,3.86793822,1.829855742,2.475285396,0.036693234,0.00025884,-0.366196783,-1.431856078,-0.340644905,0.053098412,8.617795885,-25.29847283,-6.125882919,-0.004350047,52846.00392,-3.043456447,-0.035473066,5.71563E-13,794.6987821,-22402.87838,335.2067482,0.264747359,-2.657958543,14.26713361,1.07260596,0.004912771,-1.524300473,0.254098343,0.401175641,-2.74006782,15.48803545,1.066695944,0.004168764,0.00026916,-0.138813104,-373.8596531,0.997328774,7.15456E-06,-1.91E-08,-0.729338111,-2.577586666,0.678439618,0.150512804,-0.058392917,-0.118416818,0.998340873,2.75728E-06,-4.58E-09,11.42472262,5.072597964,4.871559316,0.007661409,17036.58946,1.041203433,3.091861754,1.274129431,1.438203434
KA9_A3,0.986319685,75.70955006,63.16206049,0.32218,-0.402817591,-0.799006161,88.29095299,54.55248063,58.75484207,79.47894429,52.22596363,57.40138725,57.4329,86.18404032,-0.168771,33.17086342,59.995,1573.2441,-171.9441,-0.370103,65.48321021,65.15941597,61.07903754,52.74063548,-0.172925029,0.01528724,-0.305578074,-0.112396674,77.05104831,-437.8171897,-0.97193119,1.352721605,-2.926466891,-229.3454873,-28.51682413,0.064000072,-0.002640754,-0.38753035,-0.001718235,131.6035289,1.177897901,3.103854988,0.018330972,0.016372229,0.248185478,1.015404688,0.0002337,3.57262E-06,8.777872653,4.255260813,4.344468167,0.012978409,5936.864046,457441.5985,-7.593306605,-0.002284058,191683.8916,0.909294275,267.5027634,-0.990554799,-1.028879421,0.378351663,0.944650238,-0.918135029,0.000283688,1.163065607,1.105951653,0.302118567,0.739250409,3.86793822,1.829855742,2.475285396,0.036693234,0.000266322,-0.367340668,-1.430368284,-0.341708974,0.053586029,8.564208463,-25.06287251,-6.121108341,-0.004360234,52599.35252,-3.05515831,-0.035067019,4.12383E-13,813.2092587,-23190.14541,338.5565683,0.263926587,-2.664168587,14.35600881,1.072140635,0.004852132,-1.530510517,0.252982355,0.40000015,-2.748871073,15.62498245,1.066092475,0.004096009,0.000262145,-0.138221616,-378.6797708,0.99736273,6.97358E-06,-1.84E-08,-0.729068901,-2.580443053,0.678731034,0.150179772,-0.05819922,-0.119773531,0.99828324,2.95233E-06,-5.07E-09,11.47185813,5.086540557,4.879793834,0.00759858,17319.48883,1.056093937,3.247540373,1.387443466,1.634266747
KA9_A4,1.782025089,75.70955006,63.16206049,0.32218,-0.402817591,-0.799006161,88.29095299,54.55248063,58.75484207,79.47894429,52.22596363,57.40138725,54.0981,85.71394808,-0.168667,32.11858661,55.5578,1582.3568,-171.9401,-0.369797,65.02136392,64.96107718,61.24385429,52.71967015,-0.177384712,0.012581121,-0.319768473,-0.097327889,76.03203542,-426.8098927,-0.976390874,1.352721605,-2.926398811,-229.3414873,-28.1164186,0.065596334,-0.002728099,-0.39023647,-0.001224494,130.5845161,0.956568206,3.103854988,0.018330972,0.016328169,0.232580397,1.012660596,0.000158285,1.9914E-06,8.719635051,4.23641866,4.33115477,0.013152351,5780.87041,439531.3438,-7.529130517,-0.002342963,182166.6845,0.856496757,266.0436653,-0.992067534,-1.024179995,0.376668091,0.953339138,-0.930831634,0.000306345,1.163065607,1.105951653,0.302118567,0.739250409,3.86793822,1.829855742,2.475285396,0.036693234,0.000219178,-0.367349213,-1.430357192,-0.341716924,0.053589678,8.563810002,-25.06112341,-6.121072754,-0.00436031,52597.51777,-3.04079167,-0.035566407,6.15453E-13,790.532995,-22226.95661,332.5185073,0.267308216,-2.638705837,13.99507997,1.074068401,0.005105629,-1.505047767,0.256117814,0.403298423,-2.724235461,15.24475427,1.067795598,0.004302879,0.000282253,-0.139729049,-366.5556239,0.997275619,7.44252E-06,-2.03E-08,-0.730761993,-2.562548805,0.67689679,0.152284503,-0.059426967,-0.106984011,0.998776255,1.49939E-06,-1.84E-09,11.42735823,5.073378078,4.87202065,0.007657876,17052.31583,0.985307936,2.602749031,0.915022733,0.875281654
KA9_A5,1.369995111,75.70955006,63.16206049,0.32218,-0.402817591,-0.799006161,88.29095299,54.55248063,58.75484207,79.47894429,52.22596363,57.40138725,61.8149,86.56720329,-0.174761,33.23866324,61.8149,1571.9384,-164.8952,-0.372869,68.96634417,68.95206347,74.1544994,57.36756895,-0.169510869,0.018550355,-0.109682387,-0.143138024,77.84542258,-446.6353734,-0.96851703,1.352721605,-2.806495502,-222.2965873,-29.02614487,0.063205348,-0.002457878,-0.384267236,-0.002655261,132.3979032,1.444060213,3.103854988,0.018330972,0.013485358,0.264718366,1.018723482,0.000344116,6.38347E-06,8.823005303,4.269834351,4.354725099,0.01284597,6059.909817,471736.2405,-7.643947672,-0.002238963,199483.1568,0.978671366,268.6920457,-0.989393578,-1.032506367,0.379645624,0.938025237,-0.908493416,0.000275336,1.163065607,1.105951653,0.302118567,0.739250409,3.86793822,1.829855742,2.475285396,0.036693234,0.000323169,-0.383043657,-1.410548803,-0.356316267,0.060416351,7.876417003,-22.10512889,-6.057744219,-0.004498495,49415.7727,-3.073239828,-0.034451699,2.47802E-13,842.5170862,-24455.023,28.34971335,0.26130817,-2.684109681,14.64515671,1.070667151,0.004662426,-1.550451611,0.251406738,0.398337576,-2.761366361,15.82144599,1.065245563,0.003994916,0.0002525,-0.134954317,-406.8549986,0.99754514,6.04116E-06,-1.48E-08,-0.727016809,-2.602355618,0.680949429,0.147661309,-0.056741403,-0.138474268,0.997348261,7.05041E-06,-1.87E-08,11.50642878,5.096754352,4.885811807,0.00755299,17529.20478,1.130303574,4.237867578,2.085309899,3.011313056
KA9_A6,1.045910916,75.70955006,63.16206049,0.32218,-0.402817591,-0.799006161,88.29095299,54.55248063,58.75484207,79.47894429,52.22596363,57.40138725,57.5611,87.01097591,-0.166024,43.00499038,61.9059,1580.1983,-156.5538,-0.367149,71.87735464,70.55553486,79.49847288,61.25547428,-0.173359829,0.016653291,-0.115783121,-0.122199101,80.64526631,-436.7191094,-0.97236599,1.352721605,-2.664525926,-213.9551873,-29.60882888,0.063648888,-0.002411884,-0.386164299,-0.002035017,135.1977469,1.343009117,3.103854988,0.018330972,0.012578858,0.255368128,1.01679273,0.000277332,4.61849E-06,8.980270949,4.320423239,4.390060109,0.012399984,6503.658978,524489.3103,-7.586953085,-0.002289801,190723.5805,0.911323974,270.0694516,-0.990702488,-1.028419351,0.378187192,0.945495619,-0.919367783,0.000274931,1.163065607,1.105951653,0.302118567,0.739250409,3.86793822,1.829855742,2.475285396,0.036693234,0.00029012,-0.403452746,-1.386351373,-0.375301283,0.069632357,7.099698412,-18.91733049,-5.981006486,-0.004673876,45776.82215,-3.093668272,-0.03377371,1.38372E-13,876.6827477,-25957.54946,0.000381366,0.264258185,-2.661657357,14.3200028,1.072328432,0.004876562,-1.527999287,0.252287312,0.399267174,-2.754373428,15.71119362,1.065718146,0.004051181,0.000257853,-0.13410721,-414.6136686,0.997591022,5.81718E-06,-1.40E-08,-0.728211233,-2.589571334,0.679658849,0.149122866,-0.057585927,-0.126723171,0.997967052,4.1413E-06,-8.43E-09,11.6274566,5.132431377,4.906738499,0.007396573,18278.43078,1.103298396,3.830552761,1.803673488,2.422349938
KA9_A9,1.392018465,75.70955006,63.16206049,0.32218,-0.402817591,-0.799006161,88.29095299,54.55248063,58.75484207,79.47894429,52.22596363,57.40138725,57.8299,85.91401898,-0.170949,29.22487465,58.1307,1576.0544,-164.6822,-0.372295,65.07708138,65.01974076,61.12838945,52.62416139,-0.16988734,0.021748187,-0.325655736,-0.09959546,76.1313322,-445.6456253,-0.968893502,1.352721605,-2.802870269,-222.0835873,-28.34331432,0.063248207,-0.002610556,-0.381069403,-0.002166021,130.6838128,1.655718476,3.103854988,0.018330972,0.016359011,0.279130754,1.021986403,0.000472984,1.02865E-05,8.725327054,4.238262093,4.332459904,0.013135196,5795.979743,441255.6593,-7.638297143,-0.002243935,198600.0233,0.915579694,266.6646563,-0.989521757,-1.032105178,0.379502725,0.938754617,-0.909553248,0.000292786,1.163065607,1.105951653,0.302118567,0.739250409,3.86793822,1.829855742,2.475285396,0.036693234,0.000378879,-0.383539086,-1.409941192,-0.356777126,0.060635772,7.856081744,-22.01957795,-6.055808798,-0.004502809,49321.11973,-3.048949359,-0.035281689,4.90518E-13,803.3434668,-22769.41639,336.7428629,0.261598183,-2.681891213,14.61270291,1.070829529,0.004683159,-1.548233143,0.251491963,0.398427592,-2.760688493,15.81072478,1.06529122,0.004000336,0.000253014,-0.137692721,-383.0602163,0.997392849,6.815E-06,-1.78E-08,-0.724994469,-2.62419389,0.683130476,0.14521389,-0.05533657,-0.129386074,0.997836323,4.69165E-06,-1.02E-08,11.4317021,5.074663688,4.872780763,0.007652057,17078.25894,1.183029293,5.236841115,2.741403672,4.538992709
KA9_A11,1.897460038,75.70955006,63.16206049,0.32218,-0.402817591,-0.799006161,88.29095299,54.55248063,58.75484207,79.47894429,52.22596363,57.40138725,59.455,85.86678226,-0.161929,29.29129482,59.507,1548.5315,-183.3846,-0.363426,65.13018014,65.11751341,61.16563617,52.77732482,-0.180313292,0.000217547,-0.277836752,-0.134138391,76.12644876,-419.8778098,-0.979319453,1.352721605,-3.121182757,-240.7859873,-27.66633077,0.065530538,-0.002768506,-0.402600044,-2.92E-05,130.6789294,0.01656105,3.103854988,0.018330972,0.016349049,0.060142863,1.00021757,4.73265E-08,1.02957E-11,8.725047207,4.23817147,4.332395757,0.013136039,5795.2362,441170.7516,-7.488146073,-0.002381645,176297.3752,0.941308747,266.5180404,-0.99305841,-1.021117264,0.375566603,0.959066591,-0.939232569,0.000286015,1.163065607,1.105951653,0.302118567,0.739250409,3.86793822,1.829855742,2.475285396,0.036693234,3.78992E-06,-0.344424016,-1.461413337,-0.320391364,0.044104972,9.741781806,-30.4058814,-6.221241634,-0.004153066,57977.89166,-3.024478639,-0.036145017,9.65306E-13,765.425858,-21176.52497,335.3772542,0.269505781,-2.622330879,13.76777723,1.07533621,0.005275606,-1.488672809,0.255989333,0.403163536,-2.72523901,15.2600608,1.067725343,0.004294251,0.000281405,-0.140415533,-361.205652,0.997235323,7.66463E-06,-2.12E-08,-0.738399294,-2.483854671,0.668579448,0.162086796,-0.065256151,-0.030787077,0.999970819,8.51551E-10,-2.48E-14,11.4314885,5.074600477,4.872743394,0.007652343,17076.98259,0.254895767,1.016698944,0.000274268,4.54217E-06
KA9_A13,1.768936861,75.70955006,63.16206049,0.32218,-0.402817591,-0.799006161,88.29095299,54.55248063,58.75484207,79.47894429,52.22596363,57.40138725,57.4257,86.03242317,-0.165666,29.31415755,58.4561,1535.7576,-177.0278,-0.367723,65.2494597,64.80277861,61.1358388,52.75461237,-0.173614848,-0.003853708,-0.295268269,-0.118831781,76.41782784,-436.0776226,-0.972621009,1.352721605,-3.012990823,-234.4291873,-28.10059291,0.063842173,-0.002660786,-0.406671299,0.000457943,130.9703085,-0.294491994,3.103854988,0.018330972,0.016357018,-0.156780821,0.996153708,1.48511E-05,-5.72E-08,8.741729111,4.24357188,4.336216018,0.013085952,5839.684412,446255.9981,-7.583236497,-0.00229317,190163.6929,0.909180283,267.0321658,-0.990789089,-1.028149702,0.378090759,0.945991627,-0.920091331,0.000291157,1.163065607,1.105951653,0.302118567,0.739250409,3.86793822,1.829855742,2.475285396,0.036693234,-6.71E-05,-0.356791761,-1.444328351,-0.331896132,0.049144476,9.078113702,-27.35227328,-6.166005304,-0.00426568,54957.04384,-3.040221046,-0.035586438,6.2527E-13,789.6433218,-22189.44553,336.4695192,0.264452481,-2.6601874,14.29896847,1.072438593,0.00489092,-1.52652933,0.252670087,0.399670922,-2.751341293,15.66362732,1.065924154,0.004075823,0.000260209,-0.138570244,-375.8287989,0.997342751,7.07978E-06,-1.88E-08,-0.740879948,-2.458988385,0.665863024,0.165381545,-0.067255928,0.077079189,1.000458048,2.09712E-07,9.6036E-11,11.44422599,5.078369344,4.874970645,0.007635318,17153.2217,-0.665310684,0.74490991,0.086725534,-0.025539976
KA9_A14,1.650626305,75.70955006,63.16206049,0.32218,-0.402817591,-0.799006161,88.29095299,54.55248063,58.75484207,79.47894429,52.22596363,57.40138725,62.9273,86.29958886,-0.162489,30.14076346,62.9273,1536.7861,-178.9074,-0.365472,65.49976255,65.4937053,61.26899583,55.99200988,-0.172548263,-0.007085673,-0.285723082,-0.134123405,76.47317359,-438.7731803,-0.971554424,1.352721605,-3.044981378,-236.3087873,-27.9488037,0.063061559,-0.002634334,-0.409903263,0.000950355,131.0256542,-0.541863867,3.103854988,0.018330972,0.016321469,-0.192070364,0.992939372,5.02068E-05,-3.56E-07,8.744894144,4.244596105,4.336940007,0.013076481,5848.146279,447226.3056,-7.598829346,-0.002279082,192521.9038,0.996283204,267.8614093,-0.990426787,-1.029278417,0.37849424,0.943917999,-0.917067708,0.000270469,1.163065607,1.105951653,0.302118567,0.739250409,3.86793822,1.829855742,2.475285396,0.036693234,-0.000123441,-0.353043309,-1.449422105,-0.328409233,0.047597198,9.271911594,-28.23279815,-6.182440667,-0.004231751,55841.84293,-3.034737103,-0.035779707,7.27761E-13,781.1356282,-21831.80633,331.602223,0.263638911,-2.666349745,14.38735571,1.071977931,0.004831011,-1.532691675,0.251120606,0.398035279,-2.763643907,15.85752113,1.065092403,0.00397676,0.000250781,-0.138109522,-379.6025614,0.997369133,6.93972E-06,-1.83E-08,-0.742837452,-2.439599997,0.663714453,0.168020685,-0.068872227,0.098316985,1.000950806,9.03174E-07,8.58335E-10,11.4466438,5.079084587,4.875393138,0.007632093,17167.72206,-0.815261119,0.581663099,0.293616451,-0.159100145
KA9_A15,1.348623621,75.70955006,63.16206049,0.32218,-0.402817591,-0.799006161,88.29095299,54.55248063,58.75484207,79.47894429,52.22596363,57.40138725,57.1607,85.94708964,-0.170276,29.28932389,57.1782,1581.8829,-172.9623,-0.371628,65.09663083,65.08957837,61.12745828,52.72025252,-0.172435049,0.01691,-0.314455541,-0.109219607,76.03854669,-439.0612606,-0.97144121,1.352721605,-2.943796526,-230.3636873,-28.25805303,0.064081692,-0.002648909,-0.385907591,-0.001846904,130.5910273,1.285811824,3.103854988,0.018330972,0.01635926,0.2566736,1.017053783,0.000285948,4.83538E-06,8.720008411,4.23653959,4.331240405,0.013151225,5781.860582,439644.2758,-7.600492007,-0.002277587,192774.7905,0.904984726,266.7673029,-0.990388315,-1.029398372,0.378537093,0.943698025,-0.916747152,0.000297664,1.163065607,1.105951653,0.302118567,0.739250409,3.86793822,1.829855742,2.475285396,0.036693234,0.000294592,-0.365178195,-1.433186129,-0.339697391,0.052665403,8.665937988,-25.51075815,-6.130153373,-0.004340962,53067.4284,-3.045889043,-0.035388142,5.34175E-13,798.5175609,-22564.55158,336.7770387,0.263552407,-2.667006088,14.39680185,1.071929045,0.004824674,-1.533348018,0.25314362,0.40017012,-2.747596565,15.60508098,1.066179494,0.004106463,0.000263149,-0.138363757,-377.5139169,0.997354596,7.01672E-06,-1.86E-08,-0.728049834,-2.591293937,0.679833346,0.148924669,-0.05747116,-0.122691574,0.998154801,3.41105E-06,-6.30E-09,11.42764312,5.0734624,4.872070511,0.007657494,17054.01642,1.08740787,3.617603625,1.653312048,2.125848181
KA9_A16,2.079020657,75.70955006,63.16206049,0.32218,-0.402817591,-0.799006161,88.29095299,54.55248063,58.75484207,79.47894429,52.22596363,57.40138725,51.2799,83.13210227,-0.182254,28.16392577,51.2799,1679.9266,-193.3764,-0.380645,61.10324791,61.10324791,61.21591925,48.31287272,-0.1708,-0.0054,-0.2752,-0.13458,72.40363329,-443.2643446,-0.969806161,1.352721605,-3.291241933,-250.7777873,-27.56008099,0.065014166,-0.002795269,-0.408217591,0.000726732,126.9561139,-0.39097962,3.103854988,0.018330972,0.01633562,-0.175441064,0.994614554,0.00002916,-1.57E-07,8.509032453,4.167927156,4.282256482,0.013811462,5242.286113,379560.5613,-7.624667911,-0.00225599,196483.2792,0.8118782,258.0299903,-0.989832356,-1.031133891,0.379156526,0.94052399,-0.91212596,0.000331901,1.163065607,1.105951653,0.302118567,0.739250409,3.86793822,1.829855742,2.475285396,0.036693234,-9.41E-05,-0.326627554,-1.487487309,-0.303836673,0.037207611,10.83227346,-35.65163265,-6.30613149,-0.003987594,62889.49858,-3.020601937,-0.036284364,1.07352E-12,759.5580643,-20933.48177,333.5380837,0.262299913,-2.676533446,14.53462081,1.071223276,0.004733611,-1.542875375,0.254978756,0.402101783,-2.733150094,15.38126322,1.067174142,0.004226842,0.000274805,-0.140866543,-357.7473531,0.997208634,7.81353E-06,-2.18E-08,-0.74181778,-2.449673955,0.664834201,0.166641601,-0.068026033,0.08990657,1.000726996,5.28139E-07,3.83816E-10,11.26748037,5.02594664,4.843841467,0.007876738,16117.85486,-0.731225576,0.676393941,0.152865063,-0.059767124
KA9_A17,0.472828114,75.70955006,63.16206049,0.32218,-0.402817591,-0.799006161,88.29095299,54.55248063,58.75484207,79.47894429,52.22596363,57.40138725,43.9612,85.16461921,-0.160377,29.80570622,50.0241,1644.9816,-154.6786,-0.36914,65.09904709,62.56797527,60.94308701,56.47188315,-0.173405914,0.071762781,-0.381512769,-0.022442304,82.23075921,-436.6030452,-0.972412075,1.352721605,-2.632610259,-212.0799873,-30.35466246,0.064011059,-0.002663724,-0.331054809,-0.001610522,136.7832398,5.901107996,3.103854988,0.018330972,0.016408752,0.415559378,1.074400446,0.005149897,0.000369571,9.068117733,4.348552991,4.409529432,0.0121609,6761.897761,556035.9866,-7.586280913,-0.00229041,190622.2191,0.696006426,264.3386281,-0.990718139,-1.028370611,0.378169763,0.945585244,-0.919498509,0.000340233,1.163065607,1.105951653,0.302118567,0.739250409,3.86793822,1.829855742,2.475285396,0.036693234,0.001250192,-0.408343885,-1.380793889,-0.379851137,0.071890564,6.930636775,-18.24566547,-5.963481773,-0.004715202,44977.92099,-3.11942922,-0.032943868,6.56353E-14,921.4055328,-27968.95393,343.5780052,0.264293308,-2.661391558,14.31619706,1.072348338,0.004879156,-1.527733488,0.253004069,0.400023038,-2.748699413,15.6223005,1.066104189,0.004097416,0.00026228,-0.138621233,-375.4142269,0.99733982,7.09543E-06,-1.89E-08,-0.691777821,-3.020647856,0.718165806,0.109597287,-0.036282709,-0.117216541,0.998390774,2.59378E-06,-4.18E-09,11.69543671,5.152416497,4.918397482,0.007310837,18709.6547,1.807081976,365.4421522,34.82307558,205.4947298
KA9_A18,0.490482323,75.70955006,63.16206049,0.32218,-0.402817591,-0.799006161,88.29095299,54.55248063,58.75484207,79.47894429,52.22596363,57.40138725,43.703,85.26458547,-0.179695,29.77791618,45.4504,1663.4318,-153.1137,-0.383096,65.18381511,62.49906883,60.98033373,56.38918654,-0.174084711,0.06968132,-0.381841971,-0.025389351,77.04453705,-434.9006267,-0.973090872,1.352721605,-2.605975858,-210.5150873,-29.51545397,0.066691157,-0.002670674,-0.333136271,-0.001769164,131.5970177,5.368565039,3.103854988,0.018330972,0.01639873,0.411502164,1.072166449,0.004855486,0.000338337,8.777501754,4.255140945,4.344383658,0.012979506,5935.860689,457325.6388,-7.576407834,-0.002299376,189138.5551,0.691918529,264.6489089,-0.99094861,-1.027653252,0.37791315,0.946905846,-0.921425436,0.000374471,1.163065607,1.105951653,0.302118567,0.739250409,3.86793822,1.829855742,2.475285396,0.036693234,0.001213931,-0.412517368,-1.37612155,-0.383733409,0.073831053,6.791110174,-17.69746916,-5.948777728,-0.004750253,44316.60196,-3.090412766,-0.033880556,1.51915E-13,871.1620228,-25712.74258,342.1985927,0.26481009,-2.657484699,14.26037482,1.072641592,0.004917429,-1.523826629,0.25824631,0.405529778,-2.70768292,14.99449179,1.068965284,0.00444771,0.000296623,-0.138741681,-374.4373334,0.997332889,7.1325E-06,-1.90E-08,-0.693224612,-3.001774613,0.716672526,0.110979775,-0.036971388,-0.120945391,0.998232401,3.12994E-06,-5.54E-09,11.47157433,5.086456668,4.879744357,0.007598956,17317.77506,1.750999705,214.5547689,28.82149057,154.7300467
KA10_A1,1.851726362,81.68578665,72.53426698,0.32961,-0.401019767,-0.80246564,90.31682192,54.38952622,61.45243594,79.11382719,47.28136056,66.25752591,57.371,85.77931302,-0.170193,28.10322128,57.371,1558.7206,-172.9063,-0.371293,65.0011174,65.0011174,61.1358388,52.7126817,-0.17413,0.01471,-0.31225,-0.11231,75.87902071,-469.1080609,-0.97659564,1.287399368,-2.813660636,-239.1638259,-28.17334923,0.06465325,-0.002678877,-0.386309767,-0.00165208,130.2685469,1.116180395,3.033888535,0.018385893,0.016357018,0.245021517,1.014818725,0.000216384,3.18301E-06,8.710856485,4.233574816,4.329140239,0.013178873,5757.625783,436883.006,-7.770058679,-0.002131705,220062.3728,0.790950297,260.2448743,-0.99213688,-1.023965251,0.37659097,0.953739044,-0.931417392,0.000283641,1.134636227,1.087855213,0.25262419,0.776759741,3.623351289,1.657397133,2.133732022,0.031414468,0.000222013,-0.419500429,-1.411748186,-0.355408889,0.059985007,7.916686177,-22.27486827,-6.207239427,-0.004181234,57199.33563,-3.042842636,-0.035494537,5.81393E-13,793.7376071,-22362.24681,323.2080668,0.264252856,-2.66169769,14.32058038,1.072325412,0.004876169,-1.527886891,0.254270034,0.401356333,-2.738716903,15.46712653,1.066789051,0.004180043,0.000270253,-0.138883587,-373.2907449,0.997324708,7.17638E-06,-1.92E-08,-0.72830266,-2.58859621,0.679559987,0.149235236,-0.057651029,-0.11821621,0.998349284,2.72937E-06,-4.51E-09,11.41352474,5.069282836,4.869598065,0.00767645,16969.89432,1.037316923,3.053169998,1.245858673,1.390603026
KA10_A2,1.661552912,81.68578665,72.53426698,0.32961,-0.401019767,-0.80246564,90.31682192,54.38952622,61.45243594,79.11382719,47.28136056,66.25752591,57.5516,85.81166502,-0.16988,29.26094258,57.5516,1557.6808,-172.4812,-0.371064,65.05241781,64.97970054,61.17029201,52.68589266,-0.174002242,0.014857794,-0.311965303,-0.111759858,75.97180622,-469.4524952,-0.976467882,1.287399368,-2.806743091,-238.7387259,-28.1904023,0.064565968,-0.002674801,-0.386161974,-0.001660505,130.3613324,1.128773419,3.033888535,0.018385893,0.016347805,0.245839374,1.014968719,0.000220754,3.27992E-06,8.716180713,4.235299731,4.330362301,0.013162778,5771.715341,438487.6395,-7.771959889,-0.002130141,220385.6452,0.793440154,260.3430267,-0.992093614,-1.024099224,0.376639086,0.953489524,-0.931051896,0.000282751,1.134636227,1.087855213,0.25262419,0.776759741,3.623351289,1.657397133,2.133732022,0.031414468,0.000224243,-0.420534336,-1.410590282,-0.356284835,0.060401394,7.87780678,-22.11097975,-6.203559575,-0.004188679,56996.17925,-3.043456447,-0.035473066,5.71563E-13,794.6987821,-22402.87838,321.9704547,0.264155898,-2.662431652,14.33109501,1.072270474,0.004869017,-1.528620854,0.254098343,0.401175641,-2.74006782,15.48803545,1.066695944,0.004168764,0.00026916,-0.138813104,-373.8596531,0.997328774,7.15456E-06,-1.91E-08,-0.728209771,-2.589586929,0.67966043,0.14912107,-0.057584887,-0.118416818,0.998340873,2.75728E-06,-4.58E-09,11.41758873,5.070486105,4.870310075,0.007670986,16994.077,1.041203433,3.091861754,1.274129431,1.438203434
KA10_A3,0.947345644,81.68578665,72.53426698,0.32961,-0.401019767,-0.80246564,90.31682192,54.38952622,61.45243594,79.11382719,47.28136056,66.25752591,57.4329,86.18404032,-0.168771,33.17086342,59.995,1573.2441,-171.9441,-0.370103,65.48321021,65.15941597,61.07903754,52.74063548,-0.172925029,0.01528724,-0.305578074,-0.112396674,77.05104831,-472.3768867,-0.975390669,1.287399368,-2.798002998,-238.2016259,-28.51682413,0.064000072,-0.002640754,-0.385732527,-0.001718235,131.4405745,1.177897901,3.033888535,0.018385893,0.016372229,0.248185478,1.015404688,0.0002337,3.57262E-06,8.777872653,4.255260813,4.344468167,0.012978409,5936.864046,457441.5985,-7.788064623,-0.002116954,223139.9231,0.791803687,261.4727718,-0.991728663,-1.025230231,0.377045025,0.951386956,-0.927973959,0.000271235,1.134636227,1.087855213,0.25262419,0.776759741,3.623351289,1.657397133,2.133732022,0.031414468,0.000230725,-0.421847955,-1.409124584,-0.357397759,0.060931622,7.828820778,-21.90506401,-6.19890395,-0.004198124,56740.01459,-3.05515831,-0.035067019,4.12383E-13,813.2092587,-23190.14541,325.2536376,0.263336961,-2.668641696,14.42036865,1.07180737,0.004808917,-1.534830898,0.252982355,0.40000015,-2.748871073,15.62498245,1.066092475,0.004096009,0.000262145,-0.138221616,-378.6797708,0.99736273,6.97358E-06,-1.84E-08,-0.727939726,-2.592469989,0.67995237,0.148789582,-0.057392982,-0.119773531,0.99828324,2.95233E-06,-5.07E-09,11.46475357,5.084440268,4.878554845,0.007608001,17276.62463,1.056093937,3.247540373,1.387443466,1.634266747
KA10_A4,1.837174598,81.68578665,72.53426698,0.32961,-0.401019767,-0.80246564,90.31682192,54.38952622,61.45243594,79.11382719,47.28136056,66.25752591,54.0981,85.71394808,-0.168667,32.11858661,55.5578,1582.3568,-171.9401,-0.369797,65.02136392,64.96107718,61.24385429,52.71967015,-0.177384712,0.012581121,-0.319768473,-0.097327889,76.03203542,-460.5007137,-0.979850352,1.287399368,-2.797937907,-238.1976259,-28.1164186,0.065596334,-0.002728099,-0.388438647,-0.001224494,130.4215616,0.956568206,3.033888535,0.018385893,0.016328169,0.232580397,1.012660596,0.000158285,1.9914E-06,8.719635051,4.23641866,4.33115477,0.013152351,5780.87041,439531.3438,-7.722242505,-0.002171549,212060.9073,0.745828175,260.0465643,-0.993237827,-1.020564005,0.375367268,0.960106713,-0.940760901,0.000292898,1.134636227,1.087855213,0.25262419,0.776759741,3.623351289,1.657397133,2.133732022,0.031414468,0.000189882,-0.421857769,-1.409113657,-0.357406073,0.060935588,7.828456533,-21.90353529,-6.198869252,-0.004198195,56738.10899,-3.04079167,-0.035566407,6.15453E-13,790.532995,-22226.95661,319.3359315,0.266711035,-2.643178946,14.05782171,1.073725929,0.005060156,-1.509368148,0.256117814,0.403298423,-2.724235461,15.24475427,1.067795598,0.004302879,0.000282253,-0.139729049,-366.5556239,0.997275619,7.44252E-06,-2.03E-08,-0.729638056,-2.574409133,0.678114825,0.150884582,-0.058609403,-0.106984011,0.998776255,1.49939E-06,-1.84E-09,11.42022599,5.071266869,4.870771986,0.007667444,17009.78374,0.985307936,2.602749031,0.915022733,0.875281654
KA10_A5,1.487635919,81.68578665,72.53426698,0.32961,-0.401019767,-0.80246564,90.31682192,54.38952622,61.45243594,79.11382719,47.28136056,66.25752591,61.8149,86.56720329,-0.174761,33.23866324,61.8149,1571.9384,-164.8952,-0.372869,68.96634417,68.95206347,74.1544994,57.36756895,-0.169510869,0.018550355,-0.109682387,-0.143138024,77.84542258,-481.8911457,-0.971976508,1.287399368,-2.683298025,-231.1527259,-29.02614487,0.063205348,-0.002457878,-0.382469413,-0.002655261,132.2349488,1.444060213,3.033888535,0.018385893,0.013485358,0.264718366,1.018723482,0.000344116,6.38347E-06,8.823005303,4.269834351,4.354725099,0.01284597,6059.909817,471736.2405,-7.840004565,-0.002075157,232219.0763,0.852216512,262.6352456,-0.990570194,-1.028831449,0.378334517,0.944738333,-0.918263466,0.00026325,1.134636227,1.087855213,0.25262419,0.776759741,3.623351289,1.657397133,2.133732022,0.031414468,0.000279974,-0.439881009,-1.389599461,-0.372675711,0.068337404,7.200088293,-19.3199827,-6.13714437,-0.004326144,53431.5827,-3.073239828,-0.034451699,2.47802E-13,842.5170862,-24455.023,24.59493211,0.260724393,-2.688582791,14.71081284,1.070340914,0.004620901,-1.554771992,0.251406738,0.398337576,-2.761366361,15.82144599,1.065245563,0.003994916,0.0002525,-0.134954317,-406.8549986,0.99754514,6.04116E-06,-1.48E-08,-0.725881235,-2.614588166,0.682174757,0.146282852,-0.055948716,-0.138474268,0.997348261,7.05041E-06,-1.87E-08,11.49934558,5.094662477,4.884580256,0.007562297,17486.08168,1.130303574,4.237867578,2.085309899,3.011313056
KA10_A6,1.256377012,81.68578665,72.53426698,0.32961,-0.401019767,-0.80246564,90.31682192,54.38952622,61.45243594,79.11382719,47.28136056,66.25752591,57.5611,87.01097591,-0.166024,43.00499038,61.9059,1580.1983,-156.5538,-0.367149,71.87735464,70.55553486,79.49847288,61.25547428,-0.173359829,0.016653291,-0.115783121,-0.122199101,80.64526631,-471.1921279,-0.975825469,1.287399368,-2.547560526,-222.8113259,-29.60882888,0.063648888,-0.002411884,-0.384366476,-0.002035017,135.0347925,1.343009117,3.033888535,0.018385893,0.012578858,0.255368128,1.01679273,0.000277332,4.61849E-06,8.980270949,4.320423239,4.390060109,0.012399984,6503.658978,524489.3103,-7.781548144,-0.002122277,222022.0214,0.793571127,263.9816022,-0.991876002,-1.024773417,0.376881122,0.952235345,-0.929215502,0.000262863,1.134636227,1.087855213,0.25262419,0.776759741,3.623351289,1.657397133,2.133732022,0.031414468,0.000251342,-0.463318469,-1.365761409,-0.392532381,0.078272377,6.490064632,-16.53383247,-6.062416282,-0.004488102,49644.88696,-3.093668272,-0.03377371,1.38372E-13,876.6827477,-25957.54946,0.147952309,0.263667818,-2.666130466,14.38420121,1.071994271,0.00483313,-1.532319668,0.252287312,0.399267174,-2.754373428,15.71119362,1.065718146,0.004051181,0.000257853,-0.13410721,-414.6136686,0.997591022,5.81718E-06,-1.40E-08,-0.72707939,-2.601683711,0.680881855,0.147737588,-0.056785376,-0.126723171,0.997967052,4.1413E-06,-8.43E-09,11.62044717,5.130368501,4.905532468,0.007405499,18234.39519,1.103298396,3.830552761,1.803673488,2.422349938
KA10_A9,1.479152397,81.68578665,72.53426698,0.32961,-0.401019767,-0.80246564,90.31682192,54.38952622,61.45243594,79.11382719,47.28136056,66.25752591,57.8299,85.91401898,-0.170949,29.22487465,58.1307,1576.0544,-164.6822,-0.372295,65.07708138,65.01974076,61.12838945,52.62416139,-0.16988734,0.021748187,-0.325655736,-0.09959546,76.1313322,-480.8232705,-0.97235298,1.287399368,-2.67983193,-230.9397259,-28.34331432,0.063248207,-0.002610556,-0.37927158,-0.002166021,130.5208584,1.655718476,3.033888535,0.018385893,0.016359011,0.279130754,1.021986403,0.000472984,1.02865E-05,8.725327054,4.238262093,4.332459904,0.013135196,5795.979743,441255.6593,-7.834209108,-0.002079766,231191.0175,0.797276962,260.6535572,-0.990698069,-1.02843311,0.378192112,0.945470318,-0.919330882,0.000279934,1.134636227,1.087855213,0.25262419,0.776759741,3.623351289,1.657397133,2.133732022,0.031414468,0.000328237,-0.440449951,-1.389000874,-0.37315773,0.068574679,7.181499173,-19.24521079,-6.135258729,-0.004330134,53333.15701,-3.048949359,-0.035281689,4.90518E-13,803.3434668,-22769.41639,323.4759707,0.261013758,-2.686364322,14.67821354,1.070502519,0.004641449,-1.552553524,0.251491963,0.398427592,-2.760688493,15.81072478,1.06529122,0.004000336,0.000253014,-0.137692721,-383.0602163,0.997392849,6.815E-06,-1.78E-08,-0.723852536,-2.636633095,0.684359729,0.143846931,-0.054557053,-0.129386074,0.997836323,4.69165E-06,-1.02E-08,11.42457257,5.07255355,4.871533049,0.007661611,17035.69448,1.183029293,5.236841115,2.741403672,4.538992709
KA10_A11,1.963997164,81.68578665,72.53426698,0.32961,-0.401019767,-0.80246564,90.31682192,54.38952622,61.45243594,79.11382719,47.28136056,66.25752591,59.455,85.86678226,-0.161929,29.29129482,59.507,1548.5315,-183.3846,-0.363426,65.13018014,65.11751341,61.16563617,52.77732482,-0.180313292,0.000217547,-0.277836752,-0.134138391,76.12644876,-453.0214374,-0.982778932,1.287399368,-2.984171371,-249.6421259,-27.66633077,0.065530538,-0.002768506,-0.400802221,-2.92E-05,130.515975,0.01656105,3.033888535,0.018385893,0.016349049,0.060142863,1.00021757,4.73265E-08,1.02957E-11,8.725047207,4.23817147,4.332395757,0.013136039,5795.2362,441170.7516,-7.680206866,-0.002207401,205228.4227,0.819681545,260.5102462,-0.994226373,-1.01752283,0.374269583,0.965854429,-0.949221384,0.000273459,1.134636227,1.087855213,0.25262419,0.776759741,3.623351289,1.657397133,2.133732022,0.031414468,3.28335E-06,-0.395530851,-1.439708559,-0.335101399,0.050581399,8.905278772,-26.57487796,-6.29659786,-0.004005734,62321.19103,-3.024478639,-0.036145017,9.65306E-13,765.425858,-21176.52497,322.1375608,0.26890369,-2.626803988,13.82949995,1.074987673,0.00522862,-1.49299319,0.255989333,0.403163536,-2.72523901,15.2600608,1.067725343,0.004294251,0.000281405,-0.140415533,-361.205652,0.997235323,7.66463E-06,-2.12E-08,-0.737298539,-2.494996155,0.669782517,0.16064242,-0.064385839,-0.030787077,0.999970819,8.51551E-10,-2.48E-14,11.42435884,5.072490286,4.871495633,0.007661897,17034.41972,0.254895767,1.016698944,0.000274268,4.54217E-06
KA10_A15,1.407085487,81.68578665,72.53426698,0.32961,-0.401019767,-0.80246564,90.31682192,54.38952622,61.45243594,79.11382719,47.28136056,66.25752591,57.1607,85.94708964,-0.170276,29.28932389,57.1782,1581.8829,-172.9623,-0.371628,65.09663083,65.08957837,61.12745828,52.72025252,-0.172435049,0.01691,-0.314455541,-0.109219607,76.03854669,-473.71916,-0.974900689,1.287399368,-2.81457191,-239.2198259,-28.25805303,0.064081692,-0.002648909,-0.384109767,-0.001846904,130.4280729,1.285811824,3.033888535,0.018385893,0.01635926,0.2566736,1.017053783,0.000285948,4.83538E-06,8.720008411,4.23653959,4.331240405,0.013151225,5781.860582,439644.2758,-7.795434321,-0.002110955,224409.8425,0.788050978,260.7538899,-0.991562573,-1.025745505,0.377229815,0.950431354,-0.926576182,0.000284597,1.134636227,1.087855213,0.25262419,0.776759741,3.623351289,1.657397133,2.133732022,0.031414468,0.000255216,-0.419364607,-1.411900579,-0.355293818,0.059930369,7.921815038,-22.29651808,-6.207723862,-0.004180256,57226.12511,-3.045889043,-0.035388142,5.34175E-13,798.5175609,-22564.55158,323.5094665,0.262963616,-2.671479197,14.46134456,1.07159679,0.004781704,-1.537668399,0.25314362,0.40017012,-2.747596565,15.60508098,1.066179494,0.004106463,0.000263149,-0.138363757,-377.5139169,0.997354596,7.01672E-06,-1.86E-08,-0.726917488,-2.603422471,0.681056665,0.147540313,-0.056671675,-0.122691574,0.998154801,3.41105E-06,-6.30E-09,11.42051106,5.071351262,4.870821909,0.007667061,17011.4822,1.08740787,3.617603625,1.653312048,2.125848181
KA10_A14,1.672661133,81.68578665,72.53426698,0.32961,-0.401019767,-0.80246564,90.31682192,54.38952622,61.45243594,79.11382719,47.28136056,66.25752591,62.9273,86.29958886,-0.162489,30.14076346,62.9273,1536.7861,-178.9074,-0.365472,65.49976255,65.4937053,61.26899583,55.99200988,-0.172548263,-0.007085673,-0.285723082,-0.134123405,76.47317359,-473.4083398,-0.975013903,1.287399368,-2.911315024,-245.1649259,-27.9488037,0.063061559,-0.002634334,-0.40810544,0.000950355,130.8626998,-0.541863867,3.033888535,0.018385893,0.016321469,-0.192070364,0.992939372,5.02068E-05,-3.56E-07,8.744894144,4.244596105,4.336940007,0.013076481,5848.146279,447226.3056,-7.793729015,-0.002112341,224115.4561,0.867552712,261.8233332,-0.991600954,-1.025626401,0.37718711,0.950652111,-0.926899025,0.000258596,1.134636227,1.087855213,0.25262419,0.776759741,3.623351289,1.657397133,2.133732022,0.031414468,-0.000106941,-0.405429105,-1.42789542,-0.34348739,0.05440414,8.475755169,-24.67559336,-6.258728506,-0.004078887,60105.8409,-3.034737103,-0.035779707,7.27761E-13,781.1356282,-21831.80633,318.4380064,0.263049927,-2.670822854,14.45185607,1.071645443,0.004787985,-1.537012056,0.251120606,0.398035279,-2.763643907,15.85752113,1.065092403,0.00397676,0.000250781,-0.138109522,-379.6025614,0.997369133,6.93972E-06,-1.83E-08,-0.74174984,-2.450347145,0.664908767,0.16655005,-0.067969982,0.098316985,1.000950806,9.03174E-07,8.58335E-10,11.43952358,5.076978123,4.874148681,0.007641597,17125.0462,-0.815261119,0.581663099,0.293616451,-0.159100145
KA11_A1,1.963997164,80.43802145,64.6863826,0.32481,-0.377283049,-0.807762764,78.4386479,59.79588796,67.55158671,92.08161077,69.58716095,49.81301595,57.371,85.77931302,-0.170193,28.10322128,57.371,1558.7206,-172.9063,-0.371293,65.0011174,65.0011174,61.1358388,52.7126817,-0.17413,0.01471,-0.31225,-0.11231,75.87902071,-461.9423503,-0.981892764,1.363130242,-2.559618633,-222.719316,-28.17334923,0.06465325,-0.002678877,-0.362573049,-0.00165208,135.6749087,1.116180395,3.078722946,0.016723558,0.016357018,0.245021517,1.014818725,0.000216384,3.18301E-06,8.710856485,4.233574816,4.329140239,0.013178873,5757.625783,436883.006,-7.73029249,-0.002164772,213390.735,0.886910006,264.0907393,-0.993927454,-1.018441154,0.374601395,0.964113401,-0.946655972,0.000258031,1.167531688,1.108781023,0.309783704,0.733605615,3.90840844,1.858124058,2.532865097,0.04445541,0.000295304,-0.374112352,-1.367912824,-0.390683201,0.077334228,6.551647544,-16.76971913,-6.061581676,-0.004489956,49603.8937,-3.042842636,-0.035494537,5.81393E-13,793.7376071,-22362.24681,957.640803,0.256312889,-2.722712714,15.22155802,1.067902343,0.004316003,-1.53446626,0.254270034,0.401356333,-2.738716903,15.46712653,1.066789051,0.004180043,0.000270253,-0.138883587,-373.2907449,0.997324708,7.17638E-06,-1.92E-08,-0.713069465,-2.758064903,0.695883479,0.131459216,-0.047663569,-0.11821621,0.998349284,2.72937E-06,-4.51E-09,11.64795727,5.138462356,4.910261647,0.00737056,18407.68084,1.037316923,3.053169998,1.245858673,1.390603026
KA11_A2,1.743519237,80.43802145,64.6863826,0.32481,-0.377283049,-0.807762764,78.4386479,59.79588796,67.55158671,92.08161077,69.58716095,49.81301595,57.5516,85.81166502,-0.16988,29.26094258,57.5516,1557.6808,-172.4812,-0.371064,65.05241781,64.97970054,61.17029201,52.68589266,-0.174002242,0.014857794,-0.311965303,-0.111759858,75.97180622,-462.2815232,-0.981765006,1.363130242,-2.553325664,-222.294216,-28.1904023,0.064565968,-0.002674801,-0.362425255,-0.001660505,135.7676942,1.128773419,3.078722946,0.016723558,0.016347805,0.245839374,1.014968719,0.000220754,3.27992E-06,8.716180713,4.235299731,4.330362301,0.013162778,5771.715341,438487.6395,-7.73218397,-0.002163184,213704.2067,0.889701939,264.1903421,-0.993884344,-1.018573685,0.374649257,0.963862528,-0.946286501,0.000257221,1.167531688,1.108781023,0.309783704,0.733605615,3.90840844,1.858124058,2.532865097,0.04445541,0.000298271,-0.375034396,-1.366790873,-0.391646085,0.077822424,6.519471947,-16.64633504,-6.057722679,-0.004498543,49414.71845,-3.043456447,-0.035473066,5.71563E-13,794.6987821,-22402.87838,955.5096272,0.256218845,-2.723446676,15.23273417,1.06785087,0.004309673,-1.535200223,0.254098343,0.401175641,-2.74006782,15.48803545,1.066695944,0.004168764,0.00026916,-0.138813104,-373.8596531,0.997328774,7.15456E-06,-1.91E-08,-0.712972563,-2.759189616,0.695986333,0.131352065,-0.047605306,-0.118416818,0.998340873,2.75728E-06,-4.58E-09,11.6519395,5.139633455,4.910945294,0.007365522,18432.86678,1.041203433,3.091861754,1.274129431,1.438203434
KA11_A3,0.92228097,80.43802145,64.6863826,0.32481,-0.377283049,-0.807762764,78.4386479,59.79588796,67.55158671,92.08161077,69.58716095,49.81301595,57.4329,86.18404032,-0.168771,33.17086342,59.995,1573.2441,-171.9441,-0.370103,65.48321021,65.15941597,61.07903754,52.74063548,-0.172925029,0.01528724,-0.305578074,-0.112396674,77.05104831,-465.1612441,-0.980687793,1.363130242,-2.545374704,-221.757116,-28.51682413,0.064000072,-0.002640754,-0.361995808,-0.001718235,136.8469363,1.177897901,3.078722946,0.016723558,0.016372229,0.248185478,1.015404688,0.0002337,3.57262E-06,8.777872653,4.255260813,4.344468167,0.012978409,5936.864046,457441.5985,-7.748206281,-0.002149792,216374.983,0.887866931,265.3367825,-0.993520707,-1.019692513,0.375053051,0.961748547,-0.94317506,0.000246746,1.167531688,1.108781023,0.309783704,0.733605615,3.90840844,1.858124058,2.532865097,0.04445541,0.000306892,-0.376205887,-1.365370686,-0.392869466,0.078443653,6.478932382,-16.49131059,-6.05283992,-0.004509438,49176.21848,-3.05515831,-0.035067019,4.12383E-13,813.2092587,-23190.14541,961.1595466,0.255424513,-2.72965672,15.32762445,1.067416969,0.004256477,-1.541410267,0.252982355,0.40000015,-2.748871073,15.62498245,1.066092475,0.004096009,0.000262145,-0.138221616,-378.6797708,0.99736273,6.97358E-06,-1.84E-08,-0.712690846,-2.762462928,0.696285287,0.131040965,-0.04743628,-0.119773531,0.99828324,2.95233E-06,-5.07E-09,11.69815953,5.153216155,4.918863048,0.007307434,18727.08397,1.056093937,3.247540373,1.387443466,1.634266747
KA11_A4,1.866613257,80.43802145,64.6863826,0.32481,-0.377283049,-0.807762764,78.4386479,59.79588796,67.55158671,92.08161077,69.58716095,49.81301595,54.0981,85.71394808,-0.168667,32.11858661,55.5578,1582.3568,-171.9401,-0.369797,65.02136392,64.96107718,61.24385429,52.71967015,-0.177384712,0.012581121,-0.319768473,-0.097327889,76.03203542,-453.4664818,-0.985147477,1.363130242,-2.54531549,-221.753116,-28.1164186,0.065596334,-0.002728099,-0.364701928,-0.001224494,135.8279234,0.956568206,3.078722946,0.016723558,0.016328169,0.232580397,1.012660596,0.000158285,1.9914E-06,8.719635051,4.23641866,4.33115477,0.013152351,5780.87041,439531.3438,-7.682721033,-0.002205235,205631.8501,0.836313577,263.8894987,-0.995024444,-1.015076447,0.373384157,0.970515551,-0.956100946,0.000266452,1.167531688,1.108781023,0.309783704,0.733605615,3.90840844,1.858124058,2.532865097,0.04445541,0.000252567,-0.376214639,-1.365360098,-0.392878605,0.078448298,6.478630942,-16.49015969,-6.052803527,-0.004509519,49174.44443,-3.04079167,-0.035566407,6.15453E-13,790.532995,-22226.95661,950.9672247,0.258697207,-2.70419397,14.94226792,1.069214477,0.004478855,-1.515947517,0.256117814,0.403298423,-2.724235461,15.24475427,1.067795598,0.004302879,0.000282253,-0.139729049,-366.5556239,0.997275619,7.44252E-06,-2.03E-08,-0.714462359,-2.741965214,0.694403602,0.133007496,-0.04850809,-0.106984011,0.998776255,1.49939E-06,-1.84E-09,11.65452373,5.140393357,4.911388815,0.007362256,18449.22477,0.985307936,2.602749031,0.915022733,0.875281654
KA11_A5,0.479328906,80.43802145,64.6863826,0.32481,-0.377283049,-0.807762764,78.4386479,59.79588796,67.55158671,92.08161077,69.58716095,49.81301595,61.8149,86.56720329,-0.174761,33.23866324,61.8149,1571.9384,-164.8952,-0.372869,68.96634417,68.95206347,74.1544994,57.36756895,-0.169510869,0.018550355,-0.109682387,-0.143138024,77.84542258,-474.5301711,-0.977273633,1.363130242,-2.441026303,-214.708216,-29.02614487,0.063205348,-0.002457878,-0.358732694,-0.002655261,137.6413105,1.444060213,3.078722946,0.016723558,0.013485358,0.264718366,1.018723482,0.000344116,6.38347E-06,8.823005303,4.269834351,4.354725099,0.01284597,6059.909817,471736.2405,-7.799880401,-0.002107348,225178.8833,0.955609164,266.5164351,-0.992366421,-1.023254866,0.376335731,0.955063754,-0.933358624,0.000239481,1.167531688,1.108781023,0.309783704,0.733605615,3.90840844,1.858124058,2.532865097,0.04445541,0.0003724,-0.392287845,-1.346451826,-0.409663754,0.087071444,5.958609414,-14.54512231,-5.988015113,-0.004657484,46099.618,-3.073239828,-0.034451699,2.47802E-13,842.5170862,-24455.023,321.3813219,0.252890445,-2.749597814,15.63634191,1.066042909,0.00409006,-1.561351361,0.251406738,0.398337576,-2.761366361,15.82144599,1.065245563,0.003994916,0.0002525,-0.134954317,-406.8549986,0.99754514,6.04116E-06,-1.48E-08,-0.710542925,-2.787590921,0.698561056,0.128689146,-0.046165004,-0.138474268,0.997348261,7.05041E-06,-1.87E-08,11.73206335,5.163168118,4.924651102,0.007265261,18945.13037,1.130303574,4.237867578,2.085309899,3.011313056
KA11_A6,0.559253221,80.43802145,64.6863826,0.32481,-0.377283049,-0.807762764,78.4386479,59.79588796,67.55158671,92.08161077,69.58716095,49.81301595,57.5611,87.01097591,-0.166024,43.00499038,61.9059,1580.1983,-156.5538,-0.367149,71.87735464,70.55553486,79.49847288,61.25547428,-0.173359829,0.016653291,-0.115783121,-0.122199101,80.64526631,-463.9945827,-0.981122593,1.363130242,-2.317544378,-206.366816,-29.60882888,0.063648888,-0.002411884,-0.360629757,-0.002035017,140.4411543,1.343009117,3.078722946,0.016723558,0.012578858,0.255368128,1.01679273,0.000277332,4.61849E-06,8.980270949,4.320423239,4.390060109,0.012399984,6503.658978,524489.3103,-7.741723152,-0.002155198,215290.9728,0.889848801,267.8826881,-0.993667515,-1.01924062,0.374890014,0.962601543,-0.944430122,0.000239129,1.167531688,1.108781023,0.309783704,0.733605615,3.90840844,1.858124058,2.532865097,0.04445541,0.000334316,-0.413189476,-1.323353955,-0.431491198,0.098515205,5.371011944,-12.44755853,-5.909443996,-0.00484574,42587.26273,-3.093668272,-0.03377371,1.38372E-13,876.6827477,-25957.54946,158.335359,0.25574543,-2.72714549,15.28918155,1.067592085,0.004277909,-1.538899037,0.252287312,0.399267174,-2.754373428,15.71119362,1.065718146,0.004051181,0.000257853,-0.13410721,-414.6136686,0.997591022,5.81718E-06,-1.40E-08,-0.71179323,-2.772927026,0.697237098,0.130053822,-0.046901278,-0.126723171,0.997967052,4.1413E-06,-8.43E-09,11.85078707,5.197942409,4.94478857,0.00712042,19723.71781,1.103298396,3.830552761,1.803673488,2.422349938
KA11_A9,1.946702135,80.43802145,64.6863826,0.32481,-0.377283049,-0.807762764,78.4386479,59.79588796,67.55158671,92.08161077,69.58716095,49.81301595,57.8299,85.91401898,-0.170949,29.22487465,58.1307,1576.0544,-164.6822,-0.372295,65.07708138,65.01974076,61.12838945,52.62416139,-0.16988734,0.021748187,-0.325655736,-0.09959546,76.1313322,-473.4786079,-0.977650105,1.363130242,-2.437873158,-214.495216,-28.34331432,0.063248207,-0.002610556,-0.355534861,-0.002166021,135.9272202,1.655718476,3.078722946,0.016723558,0.016359011,0.279130754,1.021986403,0.000472984,1.02865E-05,8.725327054,4.238262093,4.332459904,0.013135196,5795.979743,441255.6593,-7.794114604,-0.002112028,224181.9922,0.894004235,264.5054616,-0.992493833,-1.022860832,0.376194078,0.955799727,-0.934437704,0.000254659,1.167531688,1.108781023,0.309783704,0.733605615,3.90840844,1.858124058,2.532865097,0.04445541,0.000436596,-0.39279523,-1.345871826,-0.410193614,0.087346426,5.943225533,-14.48883,-5.986034333,-0.004662109,46008.19767,-3.048949359,-0.035281689,4.90518E-13,803.3434668,-22769.41639,958.10191,0.253171115,-2.747379346,15.60169163,1.066194337,0.004108248,-1.559132893,0.251491963,0.398427592,-2.760688493,15.81072478,1.06529122,0.004000336,0.000253014,-0.137692721,-383.0602163,0.997392849,6.815E-06,-1.78E-08,-0.708425301,-2.812663705,0.700798513,0.126405038,-0.044941397,-0.129386074,0.997836323,4.69165E-06,-1.02E-08,11.65878296,5.141645677,4.912119597,0.007356878,18476.20918,1.183029293,5.236841115,2.741403672,4.538992709
KA11_A11,1.851726362,80.43802145,64.6863826,0.32481,-0.377283049,-0.807762764,78.4386479,59.79588796,67.55158671,92.08161077,69.58716095,49.81301595,59.455,85.86678226,-0.161929,29.29129482,59.507,1548.5315,-183.3846,-0.363426,65.13018014,65.11751341,61.16563617,52.77732482,-0.180313292,0.000217547,-0.277836752,-0.134138391,76.12644876,-446.1014528,-0.988076056,1.363130242,-2.71473416,-233.197616,-27.66633077,0.065530538,-0.002768506,-0.377065502,-2.92E-05,135.9223367,0.01656105,3.078722946,0.016723558,0.016349049,0.060142863,1.00021757,4.73265E-08,1.02957E-11,8.725047207,4.23817147,4.332395757,0.013136039,5795.2362,441170.7516,-7.640900527,-0.002241643,199006.5062,0.919126988,264.3600328,-0.996009449,-1.01206784,0.372292272,0.976294293,-0.964653015,0.000248769,1.167531688,1.108781023,0.309783704,0.733605615,3.90840844,1.858124058,2.532865097,0.04445541,4.36726E-06,-0.352736176,-1.395005016,-0.368360193,0.066222555,7.369781559,-20.00699775,-6.155188658,-0.004288209,54381.12809,-3.024478639,-0.036145017,9.65306E-13,765.425858,-21176.52497,955.7974852,0.26082398,-2.687819012,14.69958132,1.070396508,0.004627965,-1.499572559,0.255989333,0.403163536,-2.72523901,15.2600608,1.067725343,0.004294251,0.000281405,-0.140415533,-361.205652,0.997235323,7.66463E-06,-2.12E-08,-0.722446348,-2.652059111,0.685871147,0.142178393,-0.053610567,-0.030787077,0.999970819,8.51551E-10,-2.48E-14,11.65857353,5.141584102,4.912083669,0.007357142,18474.88162,0.254895767,1.016698944,0.000274268,4.54217E-06
KA11_A15,1.550118196,80.43802145,64.6863826,0.32481,-0.377283049,-0.807762764,78.4386479,59.79588796,67.55158671,92.08161077,69.58716095,49.81301595,57.1607,85.94708964,-0.170276,29.28932389,57.1782,1581.8829,-172.9623,-0.371628,65.09663083,65.08957837,61.12745828,52.72025252,-0.172435049,0.01691,-0.314455541,-0.109219607,76.03854669,-466.4830139,-0.980197814,1.363130242,-2.560447629,-222.775316,-28.25805303,0.064081692,-0.002648909,-0.360373049,-0.001846904,135.8344346,1.285811824,3.078722946,0.016723558,0.01635926,0.2566736,1.017053783,0.000285948,4.83538E-06,8.720008411,4.23653959,4.331240405,0.013151225,5781.860582,439644.2758,-7.755538262,-0.002143701,217606.4023,0.883658936,264.607277,-0.993355216,-1.020202235,0.375236865,0.960787754,-0.941762055,0.000258901,1.167531688,1.108781023,0.309783704,0.733605615,3.90840844,1.858124058,2.532865097,0.04445541,0.00033947,-0.373991226,-1.368060485,-0.390556709,0.077270144,6.555892059,-16.78601828,-6.062089669,-0.004488828,49628.8414,-3.045889043,-0.035388142,5.34175E-13,798.5175609,-22564.55158,958.1595561,0.255062387,-2.732494221,15.37117836,1.067219663,0.00423239,-1.544247768,0.25314362,0.40017012,-2.747596565,15.60508098,1.066179494,0.004106463,0.000263149,-0.138363757,-377.5139169,0.997354596,7.01672E-06,-1.86E-08,-0.711624297,-2.774902296,0.697416107,0.129868734,-0.046801192,-0.122691574,0.998154801,3.41105E-06,-6.30E-09,11.65480307,5.140475495,4.911436752,0.007361904,18450.99364,1.08740787,3.617603625,1.653312048,2.125848181
KA11_A14,1.63987508,80.43802145,64.6863826,0.32481,-0.377283049,-0.807762764,78.4386479,59.79588796,67.55158671,92.08161077,69.58716095,49.81301595,62.9273,86.29958886,-0.162489,30.14076346,62.9273,1536.7861,-178.9074,-0.365472,65.49976255,65.4937053,61.26899583,55.99200988,-0.172548263,-0.007085673,-0.285723082,-0.134123405,76.47317359,-466.1769416,-0.980311027,1.363130242,-2.648455924,-228.720416,-27.9488037,0.063061559,-0.002634334,-0.384368721,0.000950355,136.2690616,-0.541863867,3.078722946,0.016723558,0.016321469,-0.192070364,0.992939372,5.02068E-05,-3.56E-07,8.744894144,4.244596105,4.336940007,0.013076481,5848.146279,447226.3056,-7.753841684,-0.002145108,217320.9408,0.972805983,265.6925244,-0.993393459,-1.020084414,0.375194385,0.96100971,-0.942088416,0.000235248,1.167531688,1.108781023,0.309783704,0.733605615,3.90840844,1.858124058,2.532865097,0.04445541,-0.000142245,-0.361563483,-1.38355868,-0.377578494,0.070760388,7.014318781,-18.57711413,-6.115542341,-0.00437215,52313.02867,-3.034737103,-0.035779707,7.27761E-13,781.1356282,-21831.80633,949.4172395,0.255146105,-2.731837878,15.36109291,1.067265249,0.004237949,-1.543591425,0.251120606,0.398035279,-2.763643907,15.85752113,1.065092403,0.00397676,0.000250781,-0.138109522,-379.6025614,0.997369133,6.93972E-06,-1.83E-08,-0.727080805,-2.601668515,0.680880326,0.147739314,-0.056786371,0.098316985,1.000950806,9.03174E-07,8.58335E-10,11.67343401,5.145952286,4.914631325,0.007338423,18569.25714,-0.815261119,0.581663099,0.293616451,-0.159100145
KA16_A1,1.866613257,82.53501192,74.31745381,0.32732,-0.400703091,-0.801147749,90.70836406,54.10086412,63.60343415,79.35825006,50.35961455,67.32201601,57.371,85.77931302,-0.170193,28.10322128,57.371,1558.7206,-172.9063,-0.371293,65.0011174,65.0011174,61.1358388,52.7126817,-0.17413,0.01471,-0.31225,-0.11231,75.87902071,-473.9850222,-0.975277749,1.247703856,-2.718505727,-240.228316,-28.17334923,0.06465325,-0.002678877,-0.385993091,-0.00165208,129.9798848,1.116180395,3.055114261,0.018483993,0.016357018,0.245021517,1.014818725,0.000216384,3.18301E-06,8.710856485,4.233574816,4.329140239,0.013178873,5757.625783,436883.006,-7.796892375,-0.002109771,224661.8013,0.771972088,262.0656025,-0.991690391,-1.025348934,0.377087603,0.951166688,-0.927651706,0.000274048,1.11700665,1.076557355,0.221304947,0.801472236,3.482337822,1.556764913,1.942381585,0.034484381,0.000218502,-0.429813453,-1.395650742,-0.367849142,0.065973263,7.390273389,-20.09050053,-6.216435029,-0.004162707,57709.64381,-3.042842636,-0.035494537,5.81393E-13,793.7376071,-22362.24681,332.0562723,0.264148498,-2.662487679,14.33189796,1.072266282,0.004868471,-1.526243239,0.254270034,0.401356333,-2.738716903,15.46712653,1.066789051,0.004180043,0.000270253,-0.138883587,-373.2907449,0.997324708,7.17638E-06,-1.92E-08,-0.728103598,-2.590719946,0.679775222,0.148990666,-0.057509368,-0.11821621,0.998349284,2.72937E-06,-4.51E-09,11.40087211,5.065535725,4.867379706,0.007693498,16894.77046,1.037316923,3.053169998,1.245858673,1.390603026
KA16_A2,1.743519237,82.53501192,74.31745381,0.32732,-0.400703091,-0.801147749,90.70836406,54.10086412,63.60343415,79.35825006,50.35961455,67.32201601,57.5516,85.81166502,-0.16988,29.26094258,57.5516,1557.6808,-172.4812,-0.371064,65.05241781,64.97970054,61.17029201,52.68589266,-0.174002242,0.014857794,-0.311965303,-0.111759858,75.97180622,-474.3330373,-0.975149991,1.247703856,-2.711822126,-239.803216,-28.1904023,0.064565968,-0.002674801,-0.385845297,-0.001660505,130.0726703,1.128773419,3.055114261,0.018483993,0.016347805,0.245839374,1.014968719,0.000220754,3.27992E-06,8.716180713,4.235299731,4.330362301,0.013162778,5771.715341,438487.6395,-7.798800151,-0.002108223,224991.8302,0.774402204,262.1644416,-0.991647087,-1.025483269,0.377135782,0.950917505,-0.927287196,0.000273188,1.11700665,1.076557355,0.221304947,0.801472236,3.482337822,1.556764913,1.942381585,0.034484381,0.000220697,-0.430872778,-1.394506041,-0.368755749,0.066415679,7.353979242,-19.94268362,-6.212766065,-0.004170086,57505.58241,-3.043456447,-0.035473066,5.71563E-13,794.6987821,-22402.87838,330.8018179,0.264051579,-2.663221642,14.3424209,1.072211391,0.00486133,-1.526977202,0.254098343,0.401175641,-2.74006782,15.48803545,1.066695944,0.004168764,0.00026916,-0.138813104,-373.8596531,0.997328774,7.15456E-06,-1.91E-08,-0.728010658,-2.591712292,0.679875696,0.148876594,-0.057443334,-0.118416818,0.998340873,2.75728E-06,-4.58E-09,11.40494061,5.066740775,4.868093297,0.00768801,16918.89957,1.041203433,3.091861754,1.274129431,1.438203434
KA16_A3,1.017888226,82.53501192,74.31745381,0.32732,-0.400703091,-0.801147749,90.70836406,54.10086412,63.60343415,79.35825006,50.35961455,67.32201601,57.4329,86.18404032,-0.168771,33.17086342,59.995,1573.2441,-171.9441,-0.370103,65.48321021,65.15941597,61.07903754,52.74063548,-0.172925029,0.01528724,-0.305578074,-0.112396674,77.05104831,-477.2878315,-0.974072778,1.247703856,-2.703377613,-239.266116,-28.51682413,0.064000072,-0.002640754,-0.385415851,-0.001718235,131.1519124,1.177897901,3.055114261,0.018483993,0.016372229,0.248185478,1.015404688,0.0002337,3.57262E-06,8.777872653,4.255260813,4.344468167,0.012978409,5936.864046,457441.5985,-7.814960502,-0.002095172,227803.6741,0.772805001,263.3020907,-0.991281807,-1.026617336,0.377542257,0.948817776,-0.924217566,0.000262062,1.11700665,1.076557355,0.221304947,0.801472236,3.482337822,1.556764913,1.942381585,0.034484381,0.000227076,-0.432218691,-1.393057056,-0.369907628,0.066978901,7.30825052,-19.75696085,-6.208124244,-0.004179447,57248.27427,-3.05515831,-0.035067019,4.12383E-13,813.2092587,-23190.14541,334.1296102,0.263232964,-2.669431686,14.43176509,1.071748679,0.004801325,-1.533187246,0.252982355,0.40000015,-2.748871073,15.62498245,1.066092475,0.004096009,0.000262145,-0.138221616,-378.6797708,0.99736273,6.97358E-06,-1.84E-08,-0.727740465,-2.594600088,0.680167729,0.148545378,-0.057251743,-0.119773531,0.99828324,2.95233E-06,-5.07E-09,11.45215755,5.08071549,4.876356288,0.007624746,17200.82414,1.056093937,3.247540373,1.387443466,1.634266747
KA16_A4,1.946702135,82.53501192,74.31745381,0.32732,-0.400703091,-0.801147749,90.70836406,54.10086412,63.60343415,79.35825006,50.35961455,67.32201601,54.0981,85.71394808,-0.168667,32.11858661,55.5578,1582.3568,-171.9401,-0.369797,65.02136392,64.96107718,61.24385429,52.71967015,-0.177384712,0.012581121,-0.319768473,-0.097327889,76.03203542,-465.2881909,-0.978532461,1.247703856,-2.703314724,-239.262116,-28.1164186,0.065596334,-0.002728099,-0.38812197,-0.001224494,130.1328995,0.956568206,3.055114261,0.018483993,0.016328169,0.232580397,1.012660596,0.000158285,1.9914E-06,8.719635051,4.23641866,4.33115477,0.013152351,5780.87041,439531.3438,-7.74891107,-0.002149206,216493.1006,0.727932635,261.8659052,-0.992792328,-1.021938504,0.375862287,0.957525778,-0.936970056,0.000282992,1.11700665,1.076557355,0.221304947,0.801472236,3.482337822,1.556764913,1.942381585,0.034484381,0.00018688,-0.432228746,-1.393046253,-0.369916233,0.066983114,7.307910495,-19.75558204,-6.208089648,-0.004179517,57246.36016,-3.04079167,-0.035566407,6.15453E-13,790.532995,-22226.95661,328.1313341,0.266605706,-2.643968936,14.06893163,1.073665615,0.005052168,-1.507724495,0.256117814,0.403298423,-2.724235461,15.24475427,1.067795598,0.004302879,0.000282253,-0.139729049,-366.5556239,0.997275619,7.44252E-06,-2.03E-08,-0.729439722,-2.576509644,0.678329602,0.150638664,-0.058466175,-0.106984011,0.998776255,1.49939E-06,-1.84E-09,11.40758079,5.067522693,4.868556232,0.007684452,16934.57154,0.985307936,2.602749031,0.915022733,0.875281654
KA16_A5,0.943119317,82.53501192,74.31745381,0.32732,-0.400703091,-0.801147749,90.70836406,54.10086412,63.60343415,79.35825006,50.35961455,67.32201601,61.8149,86.56720329,-0.174761,33.23866324,61.8149,1571.9384,-164.8952,-0.372869,68.96634417,68.95206347,74.1544994,57.36756895,-0.169510869,0.018550355,-0.109682387,-0.143138024,77.84542258,-486.9010031,-0.970658617,1.247703856,-2.592551836,-232.217216,-29.02614487,0.063205348,-0.002457878,-0.382152736,-0.002655261,131.9462867,1.444060213,3.055114261,0.018483993,0.013485358,0.264718366,1.018723482,0.000344116,6.38347E-06,8.823005303,4.269834351,4.354725099,0.01284597,6059.909817,471736.2405,-7.867079817,-0.002053806,237072.5868,0.83176827,264.4726973,-0.990122291,-1.030228323,0.37883345,0.942178152,-0.914533342,0.000254347,1.11700665,1.076557355,0.221304947,0.801472236,3.482337822,1.556764913,1.942381585,0.034484381,0.000275547,-0.450695071,-1.373754568,-0.385720349,0.074828845,6.721325024,-17.42538353,-6.146550744,-0.004306313,53924.83541,-3.073239828,-0.034451699,2.47802E-13,842.5170862,-24455.023,27.0790209,0.260621428,-2.68937278,14.72243882,1.07028346,0.004613606,-1.55312834,0.251406738,0.398337576,-2.761366361,15.82144599,1.065245563,0.003994916,0.0002525,-0.134954317,-406.8549986,0.99754514,6.04116E-06,-1.48E-08,-0.725680842,-2.616754782,0.682390819,0.146040714,-0.055809858,-0.138474268,0.997348261,7.05041E-06,-1.87E-08,11.48678748,5.090952647,4.882394921,0.007578842,17409.82258,1.130303574,4.237867578,2.085309899,3.011313056
KA16_A6,0.926410331,82.53501192,74.31745381,0.32732,-0.400703091,-0.801147749,90.70836406,54.10086412,63.60343415,79.35825006,50.35961455,67.32201601,57.5611,87.01097591,-0.166024,43.00499038,61.9059,1580.1983,-156.5538,-0.367149,71.87735464,70.55553486,79.49847288,61.25547428,-0.173359829,0.016653291,-0.115783121,-0.122199101,80.64526631,-476.0907556,-0.974507578,1.247703856,-2.46140483,-223.875816,-29.60882888,0.063648888,-0.002411884,-0.3840498,-0.002035017,134.7461304,1.343009117,3.055114261,0.018483993,0.012578858,0.255368128,1.01679273,0.000277332,4.61849E-06,8.980270949,4.320423239,4.390060109,0.012399984,6503.658978,524489.3103,-7.808421518,-0.00210044,226662.4076,0.774530034,265.8284734,-0.991429279,-1.026159286,0.377378137,0.949665019,-0.925455758,0.000253973,1.11700665,1.076557355,0.221304947,0.801472236,3.482337822,1.556764913,1.942381585,0.034484381,0.000247368,-0.474708719,-1.350188329,-0.406272056,0.085315014,6.058513736,-14.91245497,-6.072055428,-0.004466762,50120.381,-3.093668272,-0.03377371,1.38372E-13,876.6827477,-25957.54946,0.01966244,0.263563691,-2.666920456,14.39556908,1.071935421,0.0048255,-1.530676016,0.252287312,0.399267174,-2.754373428,15.71119362,1.065718146,0.004051181,0.000257853,-0.13410721,-414.6136686,0.997591022,5.81718E-06,-1.40E-08,-0.726879657,-2.603828985,0.681097508,0.147494249,-0.056645137,-0.126723171,0.997967052,4.1413E-06,-8.43E-09,11.60802009,5.126710186,4.903392493,0.007421363,18156.51967,1.103298396,3.830552761,1.803673488,2.422349938
KA16_A9,1.487635919,82.53501192,74.31745381,0.32732,-0.400703091,-0.801147749,90.70836406,54.10086412,63.60343415,79.35825006,50.35961455,67.32201601,57.8299,85.91401898,-0.170949,29.22487465,58.1307,1576.0544,-164.6822,-0.372295,65.07708138,65.01974076,61.12838945,52.62416139,-0.16988734,0.021748187,-0.325655736,-0.09959546,76.1313322,-485.822026,-0.971035089,1.247703856,-2.589202961,-232.004216,-28.34331432,0.063248207,-0.002610556,-0.378954904,-0.002166021,130.2321963,1.655718476,3.055114261,0.018483993,0.016359011,0.279130754,1.021986403,0.000472984,1.02865E-05,8.725327054,4.238262093,4.332459904,0.013135196,5795.979743,441255.6593,-7.861264345,-0.002058367,236023.0409,0.77814695,262.4771446,-0.990250282,-1.029828902,0.378690856,0.942909145,-0.915597866,0.000270467,1.11700665,1.076557355,0.221304947,0.801472236,3.482337822,1.556764913,1.942381585,0.034484381,0.000323047,-0.451278,-1.373162807,-0.38621924,0.075079858,6.703971971,-17.35794408,-6.144670872,-0.004310266,53825.95625,-3.048949359,-0.035281689,4.90518E-13,803.3434668,-22769.41639,332.3278178,0.260910679,-2.687154312,14.68981376,1.070444928,0.004634122,-1.550909872,0.251491963,0.398427592,-2.760688493,15.81072478,1.06529122,0.004000336,0.000253014,-0.137692721,-383.0602163,0.997392849,6.815E-06,-1.78E-08,-0.723651017,-2.638836416,0.684576484,0.143606819,-0.054420508,-0.129386074,0.997836323,4.69165E-06,-1.02E-08,11.41193219,5.068811275,4.869318983,0.007678593,16960.42496,1.183029293,5.236841115,2.741403672,4.538992709
KA16_A11,2.145508547,82.53501192,74.31745381,0.32732,-0.400703091,-0.801147749,90.70836406,54.10086412,63.60343415,79.35825006,50.35961455,67.32201601,59.455,85.86678226,-0.161929,29.29129482,59.507,1548.5315,-183.3846,-0.363426,65.13018014,65.11751341,61.16563617,52.77732482,-0.180313292,0.000217547,-0.277836752,-0.134138391,76.12644876,-457.7311582,-0.981461041,1.247703856,-2.883249976,-250.706616,-27.66633077,0.065530538,-0.002768506,-0.400485544,-2.92E-05,130.2273129,0.01656105,3.055114261,0.018483993,0.016349049,0.060142863,1.00021757,4.73265E-08,1.02957E-11,8.725047207,4.23817147,4.332395757,0.013136039,5795.2362,441170.7516,-7.706730261,-0.002184689,209517.8132,0.800013953,262.332831,-0.993781761,-1.018889144,0.374763154,0.963265775,-0.94540783,0.000264211,1.11700665,1.076557355,0.221304947,0.801472236,3.482337822,1.556764913,1.942381585,0.034484381,3.23143E-06,-0.405254606,-1.423292297,-0.346830836,0.055952622,8.313130426,-23.9688331,-6.305534869,-0.003988726,62853.80731,-3.024478639,-0.036145017,9.65306E-13,765.425858,-21176.52497,330.9712,0.268797495,-2.627593978,13.84042943,1.074926292,0.005220365,-1.491349537,0.255989333,0.403163536,-2.72523901,15.2600608,1.067725343,0.004294251,0.000281405,-0.140415533,-361.205652,0.997235323,7.66463E-06,-2.12E-08,-0.737104306,-2.496969026,0.669994655,0.160388671,-0.064233344,-0.030787077,0.999970819,8.51551E-10,-2.48E-14,11.41171823,5.068747918,4.869281484,0.007678881,16959.15302,0.254895767,1.016698944,0.000274268,4.54217E-06
KA16_A15,1.550118196,82.53501192,74.31745381,0.32732,-0.400703091,-0.801147749,90.70836406,54.10086412,63.60343415,79.35825006,50.35961455,67.32201601,57.1607,85.94708964,-0.170276,29.28932389,57.1782,1581.8829,-172.9623,-0.371628,65.09663083,65.08957837,61.12745828,52.72025252,-0.172435049,0.01691,-0.314455541,-0.109219607,76.03854669,-478.6440594,-0.973582798,1.247703856,-2.719386183,-240.284316,-28.25805303,0.064081692,-0.002648909,-0.383793091,-0.001846904,130.1394108,1.285811824,3.055114261,0.018483993,0.01635926,0.2566736,1.017053783,0.000285948,4.83538E-06,8.720008411,4.23653959,4.331240405,0.013151225,5781.860582,439644.2758,-7.822355651,-0.002089235,229100.1356,0.769142336,262.5781793,-0.991115567,-1.027134006,0.37772729,0.947863465,-0.922823564,0.000274972,1.11700665,1.076557355,0.221304947,0.801472236,3.482337822,1.556764913,1.942381585,0.034484381,0.000251181,-0.429674292,-1.395801398,-0.367730044,0.065915202,7.395061211,-20.11002728,-6.216918032,-0.004161736,57736.55252,-3.045889043,-0.035388142,5.34175E-13,798.5175609,-22564.55158,332.3617688,0.262859767,-2.672269187,14.47277339,1.071538276,0.004774155,-1.536024747,0.25314362,0.40017012,-2.747596565,15.60508098,1.066179494,0.004106463,0.000263149,-0.138363757,-377.5139169,0.997354596,7.01672E-06,-1.86E-08,-0.726717666,-2.605570614,0.681272374,0.147297137,-0.056531623,-0.122691574,0.998154801,3.41105E-06,-6.30E-09,11.40786618,5.06760721,4.868606267,0.007684067,16936.26625,1.08740787,3.617603625,1.653312048,2.125848181
KA16_A14,1.768936861,82.53501192,74.31745381,0.32732,-0.400703091,-0.801147749,90.70836406,54.10086412,63.60343415,79.35825006,50.35961455,67.32201601,62.9273,86.29958886,-0.162489,30.14076346,62.9273,1536.7861,-178.9074,-0.365472,65.49976255,65.4937053,61.26899583,55.99200988,-0.172548263,-0.007085673,-0.285723082,-0.134123405,76.47317359,-478.3300078,-0.973696012,1.247703856,-2.812857551,-246.229416,-27.9488037,0.063061559,-0.002634334,-0.407788764,0.000950355,130.5740377,-0.541863867,3.055114261,0.018483993,0.016321469,-0.192070364,0.992939372,5.02068E-05,-3.56E-07,8.744894144,4.244596105,4.336940007,0.013076481,5848.146279,447226.3056,-7.820644456,-0.002090607,228799.5963,0.84673649,263.6551047,-0.991153983,-1.027014579,0.377684529,0.948083923,-0.923145535,0.000249851,1.11700665,1.076557355,0.221304947,0.801472236,3.482337822,1.556764913,1.942381585,0.034484381,-0.00010525,-0.415396198,-1.411613857,-0.35551036,0.060033199,7.912167601,-22.25580038,-6.267773757,-0.004061253,60628.92531,-3.034737103,-0.035779707,7.27761E-13,781.1356282,-21831.80633,327.2211187,0.262946044,-2.671612844,14.4632774,1.071586888,0.004780426,-1.535368404,0.251120606,0.398035279,-2.763643907,15.85752113,1.065092403,0.00397676,0.000250781,-0.138109522,-379.6025614,0.997369133,6.93972E-06,-1.83E-08,-0.741557933,-2.452250011,0.665119361,0.166291676,-0.067811877,0.098316985,1.000950806,9.03174E-07,8.58335E-10,11.42689974,5.073242375,4.871940405,0.00765849,17049.57933,-0.815261119,0.581663099,0.293616451,-0.159100145
KA17_A1,1.913457005,78.795441,70.19610399,0.33155,-0.400117156,-0.801770407,90.73939387,54.06454857,58.4801475,78.66031398,46.22967227,67.50356899,57.371,85.77931302,-0.170193,28.10322128,57.371,1558.7206,-172.9063,-0.371293,65.0011174,65.0011174,61.1358388,52.7126817,-0.17413,0.01471,-0.31225,-0.11231,75.87902071,-452.5092804,-0.975900407,1.345077216,-2.956666619,-240.409869,-28.17334923,0.06465325,-0.002678877,-0.385407156,-0.00165208,129.9435693,1.116180395,3.016136329,0.018496409,0.016357018,0.245021517,1.014818725,0.000216384,3.18301E-06,8.710856485,4.233574816,4.329140239,0.013178873,5757.625783,436883.006,-7.677311525,-0.002209899,204764.6489,0.817296071,258.7221023,-0.991901392,-1.024694726,0.37685288,0.952381604,-0.929429594,0.000298057,1.15977464,1.103864429,0.296451421,0.743451742,3.838482921,1.809232717,2.433557706,0.030835036,0.000217914,-0.405977712,-1.435271692,-0.33821872,0.051991938,8.741877498,-25.84681739,-6.218000662,-0.004159563,57796.90511,-3.042842636,-0.035494537,5.81393E-13,793.7376071,-22362.24681,307.1072306,0.2639553,-2.663951018,14.35288573,1.072156885,0.004854243,-1.527020144,0.254270034,0.401356333,-2.738716903,15.46712653,1.066789051,0.004180043,0.000270253,-0.138883587,-373.2907449,0.997324708,7.17638E-06,-1.92E-08,-0.727734992,-2.594658624,0.680173643,0.148538676,-0.057247868,-0.11821621,0.998349284,2.72937E-06,-4.51E-09,11.39927933,5.065063922,4.867100274,0.007695648,16885.3312,1.037316923,3.053169998,1.245858673,1.390603026
KA17_A2,1.782025089,78.795441,70.19610399,0.33155,-0.400117156,-0.801770407,90.73939387,54.06454857,58.4801475,78.66031398,46.22967227,67.50356899,57.5516,85.81166502,-0.16988,29.26094258,57.5516,1557.6808,-172.4812,-0.371064,65.05241781,64.97970054,61.17029201,52.68589266,-0.174002242,0.014857794,-0.311965303,-0.111759858,75.97180622,-452.8415273,-0.975772649,1.345077216,-2.949397486,-239.984769,-28.1904023,0.064565968,-0.002674801,-0.385259362,-0.001660505,130.0363548,1.128773419,3.016136329,0.018496409,0.016347805,0.245839374,1.014968719,0.000220754,3.27992E-06,8.716180713,4.235299731,4.330362301,0.013162778,5771.715341,438487.6395,-7.679190042,-0.002208278,205065.4488,0.819868863,258.8196803,-0.991858106,-1.02482889,0.376901029,0.952132262,-0.929064619,0.000297122,1.15977464,1.103864429,0.296451421,0.743451742,3.838482921,1.809232717,2.433557706,0.030835036,0.000220104,-0.406978291,-1.434094495,-0.3390523,0.052371251,8.69894553,-25.65664807,-6.214333547,-0.004166931,57592.68935,-3.043456447,-0.035473066,5.71563E-13,794.6987821,-22402.87838,305.9008685,0.263858451,-2.664684981,14.36342408,1.07210208,0.004847123,-1.527754107,0.254098343,0.401175641,-2.74006782,15.48803545,1.066695944,0.004168764,0.00026916,-0.138813104,-373.8596531,0.997328774,7.15456E-06,-1.91E-08,-0.727641958,-2.59565399,0.680274176,0.148424776,-0.057182034,-0.118416818,0.998340873,2.75728E-06,-4.58E-09,11.4033484,5.066269196,4.867814064,0.007690157,16909.45357,1.041203433,3.091861754,1.274129431,1.438203434
KA17_A3,1.027126162,78.795441,70.19610399,0.33155,-0.400117156,-0.801770407,90.73939387,54.06454857,58.4801475,78.66031398,46.22967227,67.50356899,57.4329,86.18404032,-0.168771,33.17086342,59.995,1573.2441,-171.9441,-0.370103,65.48321021,65.15941597,61.07903754,52.74063548,-0.172925029,0.01528724,-0.305578074,-0.112396674,77.05104831,-455.662443,-0.974695435,1.345077216,-2.940213172,-239.447669,-28.51682413,0.064000072,-0.002640754,-0.384829915,-0.001718235,131.1155969,1.177897901,3.016136329,0.018496409,0.016372229,0.248185478,1.015404688,0.0002337,3.57262E-06,8.777872653,4.255260813,4.344468167,0.012978409,5936.864046,457441.5985,-7.695102542,-0.002194607,207628.262,0.818177886,259.942815,-0.991492981,-1.025961509,0.377307251,0.950031191,-0.925991066,0.000285021,1.15977464,1.103864429,0.296451421,0.743451742,3.838482921,1.809232717,2.433557706,0.030835036,0.000226466,-0.408249565,-1.432604375,-0.340111394,0.05285446,8.6448535,-25.41771213,-6.20969407,-0.004176278,57335.18618,-3.05515831,-0.035067019,4.12383E-13,813.2092587,-23190.14541,309.1012813,0.263040435,-2.670895025,14.45289911,1.071640091,0.004787294,-1.533964151,0.252982355,0.40000015,-2.748871073,15.62498245,1.066092475,0.004096009,0.000262145,-0.138221616,-378.6797708,0.99736273,6.97358E-06,-1.84E-08,-0.727371491,-2.598550582,0.68056638,0.148094064,-0.056991026,-0.119773531,0.99828324,2.95233E-06,-5.07E-09,11.4505719,5.080246502,4.876079353,0.007626858,17191.29975,1.056093937,3.247540373,1.387443466,1.634266747
KA17_A4,1.913457005,78.795441,70.19610399,0.33155,-0.400117156,-0.801770407,90.73939387,54.06454857,58.4801475,78.66031398,46.22967227,67.50356899,54.0981,85.71394808,-0.168667,32.11858661,55.5578,1582.3568,-171.9401,-0.369797,65.02136392,64.96107718,61.24385429,52.71967015,-0.177384712,0.012581121,-0.319768473,-0.097327889,76.03203542,-444.206493,-0.979155119,1.345077216,-2.940144773,-239.443669,-28.1164186,0.065596334,-0.002728099,-0.387536035,-0.001224494,130.096584,0.956568206,3.016136329,0.018496409,0.016328169,0.232580397,1.012660596,0.000158285,1.9914E-06,8.719635051,4.23641866,4.33115477,0.013152351,5780.87041,439531.3438,-7.630066109,-0.002251205,197319.4084,0.770670976,258.5249527,-0.993002861,-1.02128864,0.375628326,0.958744747,-0.938759827,0.000307784,1.15977464,1.103864429,0.296451421,0.743451742,3.838482921,1.809232717,2.433557706,0.030835036,0.000186377,-0.408259062,-1.432593265,-0.340119306,0.052858076,8.644451287,-25.41593827,-6.209659492,-0.004176348,57333.27062,-3.04079167,-0.035566407,6.15453E-13,790.532995,-22226.95661,303.3330683,0.26641071,-2.645432275,14.08953431,1.073554029,0.005037403,-1.508501401,0.256117814,0.403298423,-2.724235461,15.24475427,1.067795598,0.004302879,0.000282253,-0.139729049,-366.5556239,0.997275619,7.44252E-06,-2.03E-08,-0.729072466,-2.5804052,0.678727176,0.150184178,-0.058201781,-0.106984011,0.998776255,1.49939E-06,-1.84E-09,11.40598895,5.06705126,4.868277128,0.007686597,16925.12117,0.985307936,2.602749031,0.915022733,0.875281654
KA17_A5,1.522645135,78.795441,70.19610399,0.33155,-0.400117156,-0.801770407,90.73939387,54.06454857,58.4801475,78.66031398,46.22967227,67.50356899,61.8149,86.56720329,-0.174761,33.23866324,61.8149,1571.9384,-164.8952,-0.372869,68.96634417,68.95206347,74.1544994,57.36756895,-0.169510869,0.018550355,-0.109682387,-0.143138024,77.84542258,-464.8400524,-0.971281275,1.345077216,-2.819678251,-232.398769,-29.02614487,0.063205348,-0.002457878,-0.381566801,-0.002655261,131.9099712,1.444060213,3.016136329,0.018496409,0.013485358,0.264718366,1.018723482,0.000344116,6.38347E-06,8.823005303,4.269834351,4.354725099,0.01284597,6059.909817,471736.2405,-7.746422503,-0.002151278,216076.2743,0.880603003,261.0984868,-0.99033396,-1.029567877,0.378597639,0.943387315,-0.916294435,0.000276629,1.15977464,1.103864429,0.296451421,0.743451742,3.838482921,1.809232717,2.433557706,0.030835036,0.000274806,-0.425701318,-1.412753911,-0.354650393,0.059625124,7.950585438,-22.41809284,-6.148152167,-0.004302949,54009.18783,-3.073239828,-0.034451699,2.47802E-13,842.5170862,-24455.023,20.30236503,0.26043081,-2.690836119,14.7439985,1.070177162,0.004600123,-1.553905245,0.251406738,0.398337576,-2.761366361,15.82144599,1.065245563,0.003994916,0.0002525,-0.134954317,-406.8549986,0.99754514,6.04116E-06,-1.48E-08,-0.725309769,-2.620773081,0.682790774,0.145593223,-0.05555354,-0.138474268,0.997348261,7.05041E-06,-1.87E-08,11.48520662,5.090485544,4.882119653,0.007580928,17400.24049,1.130303574,4.237867578,2.085309899,3.011313056
KA17_A6,1.30767269,78.795441,70.19610399,0.33155,-0.400117156,-0.801770407,90.73939387,54.06454857,58.4801475,78.66031398,46.22967227,67.50356899,57.5611,87.01097591,-0.166024,43.00499038,61.9059,1580.1983,-156.5538,-0.367149,71.87735464,70.55553486,79.49847288,61.25547428,-0.173359829,0.016653291,-0.115783121,-0.122199101,80.64526631,-454.5196054,-0.975130235,1.345077216,-2.677041812,-224.057369,-29.60882888,0.063648888,-0.002411884,-0.383463864,-0.002035017,134.7098149,1.343009117,3.016136329,0.018496409,0.012578858,0.255368128,1.01679273,0.000277332,4.61849E-06,8.980270949,4.320423239,4.390060109,0.012399984,6503.658978,524489.3103,-7.688663846,-0.002200125,206588.0717,0.820004199,262.4369655,-0.99164039,-1.025504044,0.377143233,0.950878976,-0.92723084,0.000276223,1.15977464,1.103864429,0.296451421,0.743451742,3.838482921,1.809232717,2.433557706,0.030835036,0.000246702,-0.448383265,-1.388518652,-0.37354665,0.068766277,7.166552861,-19.18516165,-6.07369637,-0.004463143,50201.7046,-3.093668272,-0.03377371,1.38372E-13,876.6827477,-25957.54946,0.702510342,0.26337092,-2.668383795,14.41665009,1.071826542,0.004811398,-1.531452921,0.252287312,0.399267174,-2.754373428,15.71119362,1.065718146,0.004051181,0.000257853,-0.13410721,-414.6136686,0.997591022,5.81718E-06,-1.40E-08,-0.726509808,-2.607807654,0.681496704,0.147044535,-0.056386266,-0.126723171,0.997967052,4.1413E-06,-8.43E-09,11.60645574,5.126249577,4.903122946,0.007423364,18146.73423,1.103298396,3.830552761,1.803673488,2.422349938
KA17_A9,1.487635919,78.795441,70.19610399,0.33155,-0.400117156,-0.801770407,90.73939387,54.06454857,58.4801475,78.66031398,46.22967227,67.50356899,57.8299,85.91401898,-0.170949,29.22487465,58.1307,1576.0544,-164.6822,-0.372295,65.07708138,65.01974076,61.12838945,52.62416139,-0.16988734,0.021748187,-0.325655736,-0.09959546,76.1313322,-463.8099625,-0.971657747,1.345077216,-2.816035989,-232.185769,-28.34331432,0.063248207,-0.002610556,-0.378368968,-0.002166021,130.1958808,1.655718476,3.016136329,0.018496409,0.016359011,0.279130754,1.021986403,0.000472984,1.02865E-05,8.725327054,4.238262093,4.332459904,0.013135196,5795.979743,441255.6593,-7.740696224,-0.002156055,215119.6813,0.823833471,259.1283939,-0.990461896,-1.029168967,0.378455135,0.944118777,-0.917360324,0.000294162,1.15977464,1.103864429,0.296451421,0.743451742,3.838482921,1.809232717,2.433557706,0.030835036,0.000322178,-0.42625192,-1.41214535,-0.355109098,0.05984269,7.930058692,-22.33133067,-6.146273275,-0.004306896,53910.23132,-3.048949359,-0.035281689,4.90518E-13,803.3434668,-22769.41639,307.3683778,0.260719849,-2.688617651,14.71132567,1.070338378,0.004620579,-1.551686777,0.251491963,0.398427592,-2.760688493,15.81072478,1.06529122,0.004000336,0.000253014,-0.137692721,-383.0602163,0.997392849,6.815E-06,-1.78E-08,-0.723277858,-2.642922871,0.684977719,0.143163076,-0.054168465,-0.129386074,0.997836323,4.69165E-06,-1.02E-08,11.41034096,5.068340081,4.869040092,0.007680735,16950.96737,1.183029293,5.236841115,2.741403672,4.538992709
KA17_A11,2.018898075,78.795441,70.19610399,0.33155,-0.400117156,-0.801770407,90.73939387,54.06454857,58.4801475,78.66031398,46.22967227,67.50356899,59.455,85.86678226,-0.161929,29.29129482,59.507,1548.5315,-183.3846,-0.363426,65.13018014,65.11751341,61.16563617,52.77732482,-0.180313292,0.000217547,-0.277836752,-0.134138391,76.12644876,-436.9918612,-0.982083698,1.345077216,-3.135843664,-250.888169,-27.66633077,0.065530538,-0.002768506,-0.399899609,-2.92E-05,130.1909973,0.01656105,3.016136329,0.018496409,0.016349049,0.060142863,1.00021757,4.73265E-08,1.02957E-11,8.725047207,4.23817147,4.332395757,0.013136039,5795.2362,441170.7516,-7.588532227,-0.002288372,190961.8868,0.846984328,258.9859215,-0.993991874,-1.018243151,0.374529878,0.964488391,-0.947208326,0.000287358,1.15977464,1.103864429,0.296451421,0.743451742,3.838482921,1.809232717,2.433557706,0.030835036,3.22274E-06,-0.382780801,-1.46369796,-0.318893449,0.04346307,9.833515485,-30.83636723,-6.307056584,-0.00398584,62944.87334,-3.024478639,-0.036145017,9.65306E-13,765.425858,-21176.52497,306.0637517,0.268600896,-2.629057317,13.86069749,1.07481273,0.005205109,-1.492126443,0.255989333,0.403163536,-2.72523901,15.2600608,1.067725343,0.004294251,0.000281405,-0.140415533,-361.205652,0.997235323,7.66463E-06,-2.12E-08,-0.736744654,-2.500627601,0.670387344,0.159919697,-0.063951824,-0.030787077,0.999970819,8.51551E-10,-2.48E-14,11.41012696,5.068276712,4.869002582,0.007681023,16949.69578,0.254895767,1.016698944,0.000274268,4.54217E-06
KA17_A15,1.496224027,78.795441,70.19610399,0.33155,-0.400117156,-0.801770407,90.73939387,54.06454857,58.4801475,78.66031398,46.22967227,67.50356899,57.1607,85.94708964,-0.170276,29.28932389,57.1782,1581.8829,-172.9623,-0.371628,65.09663083,65.08957837,61.12745828,52.72025252,-0.172435049,0.01691,-0.314455541,-0.109219607,76.03854669,-456.9572217,-0.974205456,1.345077216,-2.957624209,-240.465869,-28.25805303,0.064081692,-0.002648909,-0.383207156,-0.001846904,130.1030953,1.285811824,3.016136329,0.018496409,0.01635926,0.2566736,1.017053783,0.000285948,4.83538E-06,8.720008411,4.23653959,4.331240405,0.013151225,5781.860582,439644.2758,-7.702384272,-0.002188389,208809.9025,0.814300178,259.2281395,-0.991326812,-1.02647752,0.377492169,0.94907627,-0.92459528,0.000299062,1.15977464,1.103864429,0.296451421,0.743451742,3.838482921,1.809232717,2.433557706,0.030835036,0.000250505,-0.405846268,-1.435426625,-0.338109215,0.051942174,8.747540963,-25.87193893,-6.218483422,-0.004158594,57823.83415,-3.045889043,-0.035388142,5.34175E-13,798.5175609,-22564.55158,307.401029,0.262667511,-2.673732526,14.49396746,1.071430018,0.004760203,-1.536801652,0.25314362,0.40017012,-2.747596565,15.60508098,1.066179494,0.004106463,0.000263149,-0.138363757,-377.5139169,0.997354596,7.01672E-06,-1.86E-08,-0.726347652,-2.609554611,0.681671673,0.146847724,-0.056273099,-0.122691574,0.998154801,3.41105E-06,-6.30E-09,11.40627438,5.067135793,4.868327177,0.007686212,16926.8154,1.08740787,3.617603625,1.653312048,2.125848181
KA17_A14,1.768936861,78.795441,70.19610399,0.33155,-0.400117156,-0.801770407,90.73939387,54.06454857,58.4801475,78.66031398,46.22967227,67.50356899,62.9273,86.29958886,-0.162489,30.14076346,62.9273,1536.7861,-178.9074,-0.365472,65.49976255,65.4937053,61.26899583,55.99200988,-0.172548263,-0.007085673,-0.285723082,-0.134123405,76.47317359,-456.6573995,-0.974318669,1.345077216,-3.05928435,-246.410969,-27.9488037,0.063061559,-0.002634334,-0.407202828,0.000950355,130.5377222,-0.541863867,3.016136329,0.018496409,0.016321469,-0.192070364,0.992939372,5.02068E-05,-3.56E-07,8.744894144,4.244596105,4.336940007,0.013076481,5848.146279,447226.3056,-7.700699321,-0.002189825,208535.9805,0.896450037,260.2913252,-0.991365212,-1.026358245,0.377449434,0.94929687,-0.924917663,0.000271739,1.15977464,1.103864429,0.296451421,0.743451742,3.838482921,1.809232717,2.433557706,0.030835036,-0.000104967,-0.392359981,-1.451687983,-0.326873832,0.046921262,9.359220732,-28.63251751,-6.269313857,-0.004058261,60718.36564,-3.034737103,-0.035779707,7.27761E-13,781.1356282,-21831.80633,302.4579472,0.262753725,-2.673076183,14.48445757,1.071478553,0.004766455,-1.536145309,0.251120606,0.398035279,-2.763643907,15.85752113,1.065092403,0.00397676,0.000250781,-0.138109522,-379.6025614,0.997369133,6.93972E-06,-1.83E-08,-0.741202591,-2.455778622,0.665509193,0.165814143,-0.067519988,0.098316985,1.000950806,9.03174E-07,8.58335E-10,11.42531059,5.072772004,4.871662244,0.007660621,17040.09691,-0.815261119,0.581663099,0.293616451,-0.159100145
KA18_A1,1.672661133,82.18303039,68.88315703,0.32447,-0.402509164,-0.800708018,90.72623358,54.05803039,64.16492849,79.24919808,49.90456831,67.15598039,57.371,85.77931302,-0.170193,28.10322128,57.371,1558.7206,-172.9063,-0.371293,65.0011174,65.0011174,61.1358388,52.7126817,-0.17413,0.01471,-0.31225,-0.11231,75.87902071,-471.9636501,-0.974838018,1.235085894,-2.694716632,-240.0622804,-28.17334923,0.06465325,-0.002678877,-0.387799164,-0.00165208,129.9370511,1.116180395,3.081949025,0.018498639,0.016357018,0.245021517,1.014818725,0.000216384,3.18301E-06,8.710856485,4.233574816,4.329140239,0.013178873,5757.625783,436883.006,-7.785792954,-0.002118807,222749.687,0.832874137,264.3674701,-0.991541325,-1.02581145,0.377253457,0.950309161,-0.926397498,0.00027165,1.111344183,1.072915997,0.211140518,0.809660287,3.43867387,1.525437166,1.884045926,0.034077786,0.000219042,-0.39838431,-1.39156779,-0.371096533,0.067561524,7.261497728,-19.5676787,-6.21500252,-0.004165586,57629.89846,-3.042842636,-0.035494537,5.81393E-13,793.7376071,-22362.24681,328.0937844,0.264743122,-2.657990548,14.26759023,1.072603554,0.004912457,-1.525694212,0.254270034,0.401356333,-2.738716903,15.46712653,1.066789051,0.004180043,0.000270253,-0.138883587,-373.2907449,0.997324708,7.17638E-06,-1.92E-08,-0.729237437,-2.578654349,0.678548607,0.150388191,-0.058320415,-0.11821621,0.998349284,2.72937E-06,-4.51E-09,11.39899342,5.06497923,4.867050111,0.007696034,16883.63725,1.037316923,3.053169998,1.245858673,1.390603026
KA18_A2,1.629293317,82.18303039,68.88315703,0.32447,-0.402509164,-0.800708018,90.72623358,54.05803039,64.16492849,79.24919808,49.90456831,67.15598039,57.5516,85.81166502,-0.16988,29.26094258,57.5516,1557.6808,-172.4812,-0.371064,65.05241781,64.97970054,61.17029201,52.68589266,-0.174002242,0.014857794,-0.311965303,-0.111759858,75.97180622,-472.310181,-0.97471026,1.235085894,-2.688091518,-239.6371804,-28.1904023,0.064565968,-0.002674801,-0.38765137,-0.001660505,130.0298366,1.128773419,3.081949025,0.018498639,0.016347805,0.245839374,1.014968719,0.000220754,3.27992E-06,8.716180713,4.235299731,4.330362301,0.013162778,5771.715341,438487.6395,-7.787698014,-0.002117253,223076.9071,0.835495969,264.4671773,-0.991498007,-1.025945906,0.377301657,0.95006009,-0.926033317,0.000270798,1.111344183,1.072915997,0.211140518,0.809660287,3.43867387,1.525437166,1.884045926,0.034077786,0.000221243,-0.399366175,-1.390426437,-0.372011144,0.068010613,7.225836008,-19.42370848,-6.211331863,-0.004172975,57425.97822,-3.043456447,-0.035473066,5.71563E-13,794.6987821,-22402.87838,326.8468444,0.264645984,-2.658724511,14.27806596,1.072548398,0.004905251,-1.526428174,0.254098343,0.401175641,-2.74006782,15.48803545,1.066695944,0.004168764,0.00026916,-0.138813104,-373.8596531,0.997328774,7.15456E-06,-1.91E-08,-0.729144786,-2.579637472,0.678648899,0.150273585,-0.058253761,-0.118416818,0.998340873,2.75728E-06,-4.58E-09,11.4030626,5.066184544,4.867763937,0.007690543,16907.75841,1.041203433,3.091861754,1.274129431,1.438203434
KA18_A3,0.870221834,82.18303039,68.88315703,0.32447,-0.402509164,-0.800708018,90.72623358,54.05803039,64.16492849,79.24919808,49.90456831,67.15598039,57.4329,86.18404032,-0.168771,33.17086342,59.995,1573.2441,-171.9441,-0.370103,65.48321021,65.15941597,61.07903754,52.74063548,-0.172925029,0.01528724,-0.305578074,-0.112396674,77.05104831,-475.2523741,-0.973633046,1.235085894,-2.679720901,-239.1000804,-28.51682413,0.064000072,-0.002640754,-0.387221923,-0.001718235,131.1090787,1.177897901,3.081949025,0.018498639,0.016372229,0.248185478,1.015404688,0.0002337,3.57262E-06,8.777872653,4.255260813,4.344468167,0.012978409,5936.864046,457441.5985,-7.803835359,-0.002104145,225864.8191,0.833772761,265.614819,-0.991132617,-1.027080997,0.377708311,0.947961309,-0.922966457,0.000259769,1.111344183,1.072915997,0.211140518,0.809660287,3.43867387,1.525437166,1.884045926,0.034077786,0.000227638,-0.400613671,-1.388981691,-0.373173191,0.068582293,7.180904109,-19.24281883,-6.206687896,-0.004182349,57168.84844,-3.05515831,-0.035067019,4.12383E-13,813.2092587,-23190.14541,330.1547337,0.263825527,-2.664934554,14.36700926,1.072083454,0.004844704,-1.532638218,0.252982355,0.40000015,-2.748871073,15.62498245,1.066092475,0.004096009,0.000262145,-0.138221616,-378.6797708,0.99736273,6.97358E-06,-1.84E-08,-0.728875433,-2.582498407,0.678940406,0.149940818,-0.058060372,-0.119773531,0.99828324,2.95233E-06,-5.07E-09,11.45028728,5.080162315,4.876029639,0.007627237,17189.59052,1.056093937,3.247540373,1.387443466,1.634266747
KA18_A4,1.809015734,82.18303039,68.88315703,0.32447,-0.402509164,-0.800708018,90.72623358,54.05803039,64.16492849,79.24919808,49.90456831,67.15598039,54.0981,85.71394808,-0.168667,32.11858661,55.5578,1582.3568,-171.9401,-0.369797,65.02136392,64.96107718,61.24385429,52.71967015,-0.177384712,0.012581121,-0.319768473,-0.097327889,76.03203542,-463.3039076,-0.97809273,1.235085894,-2.679658562,-239.0960804,-28.1164186,0.065596334,-0.002728099,-0.389928043,-0.001224494,130.0900658,0.956568206,3.081949025,0.018498639,0.016328169,0.232580397,1.012660596,0.000158285,1.9914E-06,8.719635051,4.23641866,4.33115477,0.013152351,5780.87041,439531.3438,-7.737879953,-0.00215841,214650.5108,0.785360345,264.1660187,-0.992643593,-1.022397948,0.376027602,0.956665388,-0.935707461,0.000280516,1.111344183,1.072915997,0.211140518,0.809660287,3.43867387,1.525437166,1.884045926,0.034077786,0.000187342,-0.40062299,-1.388970921,-0.373181873,0.068586568,7.180570009,-19.2414759,-6.206653284,-0.004182419,57166.93566,-3.04079167,-0.035566407,6.15453E-13,790.532995,-22226.95661,324.1924048,0.267205861,-2.639471804,14.00580385,1.07400964,0.005097813,-1.507175468,0.256117814,0.403298423,-2.724235461,15.24475427,1.067795598,0.004302879,0.000282253,-0.139729049,-366.5556239,0.997275619,7.44252E-06,-2.03E-08,-0.730569421,-2.564575741,0.677105595,0.152043879,-0.059286172,-0.106984011,0.998776255,1.49939E-06,-1.84E-09,11.40570321,5.066966634,4.868227025,0.007686982,16923.42522,0.985307936,2.602749031,0.915022733,0.875281654
KA18_A5,0.973135284,82.18303039,68.88315703,0.32447,-0.402509164,-0.800708018,90.72623358,54.05803039,64.16492849,79.24919808,49.90456831,67.15598039,61.8149,86.56720329,-0.174761,33.23866324,61.8149,1571.9384,-164.8952,-0.372869,68.96634417,68.95206347,74.1544994,57.36756895,-0.169510869,0.018550355,-0.109682387,-0.143138024,77.84542258,-484.8245491,-0.970218886,1.235085894,-2.569864939,-232.0511804,-29.02614487,0.063205348,-0.002457878,-0.383958809,-0.002655261,131.903453,1.444060213,3.081949025,0.018498639,0.013485358,0.264718366,1.018723482,0.000344116,6.38347E-06,8.823005303,4.269834351,4.354725099,0.01284597,6059.909817,471736.2405,-7.855880479,-0.002062602,235054.8434,0.897387731,266.7957077,-0.989972752,-1.030695253,0.379000071,0.941324687,-0.913290989,0.000252121,1.111344183,1.072915997,0.211140518,0.809660287,3.43867387,1.525437166,1.884045926,0.034077786,0.000276228,-0.417739007,-1.369735673,-0.389125508,0.076545883,6.604205802,-16.97191694,-6.145085464,-0.004309394,53847.75032,-3.073239828,-0.034451699,2.47802E-13,842.5170862,-24455.023,25.95595455,0.261208112,-2.684875649,14.65637873,1.070611176,0.004655289,-1.552579312,0.251406738,0.398337576,-2.761366361,15.82144599,1.065245563,0.003994916,0.0002525,-0.134954317,-406.8549986,0.99754514,6.04116E-06,-1.48E-08,-0.726822247,-2.604446042,0.681159484,0.147424367,-0.056604884,-0.138474268,0.997348261,7.05041E-06,-1.87E-08,11.48492285,5.090401696,4.882070238,0.007581303,17398.52091,1.130303574,4.237867578,2.085309899,3.011313056
KA18_A6,0.943119317,82.18303039,68.88315703,0.32447,-0.402509164,-0.800708018,90.72623358,54.05803039,64.16492849,79.24919808,49.90456831,67.15598039,57.5611,87.01097591,-0.166024,43.00499038,61.9059,1580.1983,-156.5538,-0.367149,71.87735464,70.55553486,79.49847288,61.25547428,-0.173359829,0.016653291,-0.115783121,-0.122199101,80.64526631,-474.0604034,-0.974067846,1.235085894,-2.439865573,-223.7097804,-29.60882888,0.063648888,-0.002411884,-0.385855872,-0.002035017,134.7032967,1.343009117,3.081949025,0.018498639,0.012578858,0.255368128,1.01679273,0.000277332,4.61849E-06,8.980270949,4.320423239,4.390060109,0.012399984,6503.658978,524489.3103,-7.797305684,-0.002109436,224733.266,0.835633883,268.1633923,-0.991280134,-1.026622533,0.377544119,0.948808169,-0.92420353,0.00025175,1.111344183,1.072915997,0.211140518,0.809660287,3.43867387,1.525437166,1.884045926,0.034077786,0.000247979,-0.439996711,-1.346238376,-0.409858646,0.087172569,5.952944014,-14.52438316,-6.07055396,-0.004470077,50046.06584,-3.093668272,-0.03377371,1.38372E-13,876.6827477,-25957.54946,0.06213793,0.264156998,-2.662423325,14.33097566,1.072271097,0.004869098,-1.530126988,0.252287312,0.399267174,-2.754373428,15.71119362,1.065718146,0.004051181,0.000257853,-0.13410721,-414.6136686,0.997591022,5.81718E-06,-1.40E-08,-0.728017308,-2.591641263,0.679868507,0.148884754,-0.057448057,-0.126723171,0.997967052,4.1413E-06,-8.43E-09,11.60617494,5.126166895,4.903074558,0.007423723,18144.97814,1.103298396,3.830552761,1.803673488,2.422349938
KA18_A9,1.414739933,82.18303039,68.88315703,0.32447,-0.402509164,-0.800708018,90.72623358,54.05803039,64.16492849,79.24919808,49.90456831,67.15598039,57.8299,85.91401898,-0.170949,29.22487465,58.1307,1576.0544,-164.6822,-0.372295,65.07708138,65.01974076,61.12838945,52.62416139,-0.16988734,0.021748187,-0.325655736,-0.09959546,76.1313322,-483.7501734,-0.970595358,1.235085894,-2.566545368,-231.8381804,-28.34331432,0.063248207,-0.002610556,-0.380760976,-0.002166021,130.1893626,1.655718476,3.081949025,0.018498639,0.016359011,0.279130754,1.021986403,0.000472984,1.02865E-05,8.725327054,4.238262093,4.332459904,0.013135196,5795.979743,441255.6593,-7.850073286,-0.002067183,234014.2302,0.839536143,264.782627,-0.990100782,-1.030295469,0.378857415,0.942055349,-0.914354549,0.0002681,1.111344183,1.072915997,0.211140518,0.809660287,3.43867387,1.525437166,1.884045926,0.034077786,0.000323846,-0.41827931,-1.369145642,-0.389628803,0.076800405,6.587155126,-16.90623248,-6.143204695,-0.004313353,53748.94188,-3.048949359,-0.035281689,4.90518E-13,803.3434668,-22769.41639,328.3637052,0.261498014,-2.68265718,14.62390006,1.070773422,0.00467599,-1.550360844,0.251491963,0.398427592,-2.760688493,15.81072478,1.06529122,0.004000336,0.000253014,-0.137692721,-383.0602163,0.997392849,6.815E-06,-1.78E-08,-0.724798819,-2.626319561,0.683341205,0.144978921,-0.055202316,-0.129386074,0.997836323,4.69165E-06,-1.02E-08,11.41005533,5.068255499,4.868990026,0.007681119,16949.27013,1.183029293,5.236841115,2.741403672,4.538992709
KA18_A11,2.018898075,82.18303039,68.88315703,0.32447,-0.402509164,-0.800708018,90.72623358,54.05803039,64.16492849,79.24919808,49.90456831,67.15598039,59.455,85.86678226,-0.161929,29.29129482,59.507,1548.5315,-183.3846,-0.363426,65.13018014,65.11751341,61.16563617,52.77732482,-0.180313292,0.000217547,-0.277836752,-0.134138391,76.12644876,-455.7791029,-0.981021309,1.235085894,-2.858019238,-250.5405804,-27.66633077,0.065530538,-0.002768506,-0.402291617,-2.92E-05,130.1844791,0.01656105,3.081949025,0.018498639,0.016349049,0.060142863,1.00021757,4.73265E-08,1.02957E-11,8.725047207,4.23817147,4.332395757,0.013136039,5795.2362,441170.7516,-7.695759192,-0.002194045,207734.5906,0.863128268,264.6370458,-0.993633321,-1.019345849,0.374927986,0.96240281,-0.944137664,0.000261899,1.111344183,1.072915997,0.211140518,0.809660287,3.43867387,1.525437166,1.884045926,0.034077786,3.23942E-06,-0.375621274,-1.41912848,-0.349892676,0.057382308,8.168273963,-23.34508413,-6.304142571,-0.003991369,62770.58242,-3.024478639,-0.036145017,9.65306E-13,765.425858,-21176.52497,327.015211,0.269402584,-2.623096846,13.77832694,1.075276408,0.00526753,-1.49080051,0.255989333,0.403163536,-2.72523901,15.2600608,1.067725343,0.004294251,0.000281405,-0.140415533,-361.205652,0.997235323,7.66463E-06,-2.12E-08,-0.738210686,-2.485758981,0.668785688,0.161838545,-0.06510629,-0.030787077,0.999970819,8.51551E-10,-2.48E-14,11.40984133,5.068192127,4.868952515,0.007681407,16947.99861,0.254895767,1.016698944,0.000274268,4.54217E-06
KA18_A15,1.407085487,82.18303039,68.88315703,0.32447,-0.402509164,-0.800708018,90.72623358,54.05803039,64.16492849,79.24919808,49.90456831,67.15598039,57.1607,85.94708964,-0.170276,29.28932389,57.1782,1581.8829,-172.9623,-0.371628,65.09663083,65.08957837,61.12745828,52.72025252,-0.172435049,0.01691,-0.314455541,-0.109219607,76.03854669,-476.6028182,-0.973143067,1.235085894,-2.695589383,-240.1182804,-28.25805303,0.064081692,-0.002648909,-0.385599164,-0.001846904,130.0965771,1.285811824,3.081949025,0.018498639,0.01635926,0.2566736,1.017053783,0.000285948,4.83538E-06,8.720008411,4.23653959,4.331240405,0.013151225,5781.860582,439644.2758,-7.811219981,-0.002098183,227150.2463,0.829821142,264.8845491,-0.990966327,-1.027598134,0.377893425,0.947007428,-0.921573713,0.000272566,1.111344183,1.072915997,0.211140518,0.809660287,3.43867387,1.525437166,1.884045926,0.034077786,0.000251802,-0.398255325,-1.391718005,-0.370976383,0.067502585,7.266202123,-19.5866973,-6.215485746,-0.004164614,57656.78858,-3.045889043,-0.035388142,5.34175E-13,798.5175609,-22564.55158,328.3974531,0.26345149,-2.667772055,14.40783355,1.071872037,0.004817288,-1.535475719,0.25314362,0.40017012,-2.747596565,15.60508098,1.066179494,0.004106463,0.000263149,-0.138363757,-377.5139169,0.997354596,7.01672E-06,-1.86E-08,-0.727855823,-2.593366621,0.680043057,0.148686715,-0.057333473,-0.122691574,0.998154801,3.41105E-06,-6.30E-09,11.40598865,5.06705117,4.868277075,0.007686597,16925.11937,1.08740787,3.617603625,1.653312048,2.125848181
KA18_A14,1.63987508,82.18303039,68.88315703,0.32447,-0.402509164,-0.800708018,90.72623358,54.05803039,64.16492849,79.24919808,49.90456831,67.15598039,62.9273,86.29958886,-0.162489,30.14076346,62.9273,1536.7861,-178.9074,-0.365472,65.49976255,65.4937053,61.26899583,55.99200988,-0.172548263,-0.007085673,-0.285723082,-0.134123405,76.47317359,-476.2901059,-0.97325628,1.235085894,-2.788242802,-246.0633804,-27.9488037,0.063061559,-0.002634334,-0.409594836,0.000950355,130.531204,-0.541863867,3.081949025,0.018498639,0.016321469,-0.192070364,0.992939372,5.02068E-05,-3.56E-07,8.744894144,4.244596105,4.336940007,0.013076481,5848.146279,447226.3056,-7.809511222,-0.002099561,226852.265,0.913536817,265.9709337,-0.991004755,-1.0274786,0.377850645,0.947227787,-0.921895393,0.000247664,1.111344183,1.072915997,0.211140518,0.809660287,3.43867387,1.525437166,1.884045926,0.034077786,-0.000105511,-0.385021285,-1.407484205,-0.358648823,0.061529238,7.774297924,-21.67663023,-6.266364627,-0.004063994,60547.18717,-3.034737103,-0.035779707,7.27761E-13,781.1356282,-21831.80633,323.2876728,0.263537961,-2.667115712,14.39838018,1.071920883,0.004823616,-1.534819376,0.251120606,0.398035279,-2.763643907,15.85752113,1.065092403,0.00397676,0.000250781,-0.138109522,-379.6025614,0.997369133,6.93972E-06,-1.83E-08,-0.742651092,-2.441437029,0.663919192,0.16776793,-0.068716878,0.098316985,1.000950806,9.03174E-07,8.58335E-10,11.42502534,5.072687569,4.871612309,0.007661003,17038.39521,-0.815261119,0.581663099,0.293616451,-0.159100145
KA19_A1,1.75610504,78.21159863,68.18291865,0.31718,-0.373517411,-0.802940272,90.37001206,63.48890048,66.4034565,92.62297905,74.52167774,67.22270498,57.371,85.77931302,-0.170193,28.10322128,57.371,1558.7206,-172.9063,-0.371293,65.0011174,65.0011174,61.1358388,52.7126817,-0.17413,0.01471,-0.31225,-0.11231,75.87902071,-449.1563695,-0.977070272,1.394851773,-2.603874996,-240.129005,-28.17334923,0.06465325,-0.002678877,-0.358807411,-0.00165208,139.3679212,1.116180395,3.152783908,0.015750785,0.016357018,0.245021517,1.014818725,0.000216384,3.18301E-06,8.710856485,4.233574816,4.329140239,0.013178873,5757.625783,436883.006,-7.658302573,-0.002226396,201741.4443,0.841427752,270.4436377,-0.992297582,-1.023467839,0.376412271,0.954666316,-0.932776077,0.000262492,1.18103843,1.117316004,0.332788154,0.716922055,4.034376526,1.94561147,2.713839609,0.055244647,0.000218825,-0.394334496,-1.375751654,-0.384043013,0.073986325,6.780164993,-17.65470209,-6.21557828,-0.004164428,57661.93903,-3.042842636,-0.035494537,5.81393E-13,793.7376071,-22362.24681,991.4400016,0.255030561,-2.732743791,15.37501503,1.067202338,0.004230278,-1.528478183,0.254270034,0.401356333,-2.738716903,15.46712653,1.066789051,0.004180043,0.000270253,-0.138883587,-373.2907449,0.997324708,7.17638E-06,-1.92E-08,-0.710592253,-2.787010436,0.698508863,0.128742758,-0.046193856,-0.11821621,0.998349284,2.72937E-06,-4.51E-09,11.80541914,5.18466787,4.937117351,0.007175252,19423.41745,1.037316923,3.053169998,1.245858673,1.390603026
KA19_A2,1.314341151,78.21159863,68.18291865,0.31718,-0.373517411,-0.802940272,90.37001206,63.48890048,66.4034565,92.62297905,74.52167774,67.22270498,57.5516,85.81166502,-0.16988,29.26094258,57.5516,1557.6808,-172.4812,-0.371064,65.05241781,64.97970054,61.17029201,52.68589266,-0.174002242,0.014857794,-0.311965303,-0.111759858,75.97180622,-449.4861546,-0.976942514,1.394851773,-2.597473221,-239.703905,-28.1904023,0.064565968,-0.002674801,-0.358659618,-0.001660505,139.4607067,1.128773419,3.152783908,0.015750785,0.016347805,0.245839374,1.014968719,0.000220754,3.27992E-06,8.716180713,4.235299731,4.330362301,0.013162778,5771.715341,438487.6395,-7.660176438,-0.002224763,202037.8032,0.84407651,270.5456366,-0.992254331,-1.023601682,0.376460363,0.954416675,-0.932410226,0.000261669,1.18103843,1.117316004,0.332788154,0.716922055,4.034376526,1.94561147,2.713839609,0.055244647,0.000221023,-0.395306379,-1.374623275,-0.384989532,0.074461488,6.746867131,-17.5248067,-6.211908304,-0.004171814,57457.96206,-3.043456447,-0.035473066,5.71563E-13,794.6987821,-22402.87838,989.271522,0.254936986,-2.733477754,15.38630386,1.067151412,0.004224073,-1.529212146,0.254098343,0.401175641,-2.74006782,15.48803545,1.066695944,0.004168764,0.00026916,-0.138813104,-373.8596531,0.997328774,7.15456E-06,-1.91E-08,-0.710494675,-2.788158885,0.698612106,0.128636721,-0.046136797,-0.118416818,0.998340873,2.75728E-06,-4.58E-09,11.80934828,5.185818196,4.937782889,0.007170479,19449.28871,1.041203433,3.091861754,1.274129431,1.438203434
KA19_A3,0.735737417,78.21159863,68.18291865,0.31718,-0.373517411,-0.802940272,90.37001206,63.48890048,66.4034565,92.62297905,74.52167774,67.22270498,57.4329,86.18404032,-0.168771,33.17086342,59.995,1573.2441,-171.9441,-0.370103,65.48321021,65.15941597,61.07903754,52.74063548,-0.172925029,0.01528724,-0.305578074,-0.112396674,77.05104831,-452.2861685,-0.975865301,1.394851773,-2.589384786,-239.166805,-28.51682413,0.064000072,-0.002640754,-0.358230171,-0.001718235,140.5399488,1.177897901,3.152783908,0.015750785,0.016372229,0.248185478,1.015404688,0.0002337,3.57262E-06,8.777872653,4.255260813,4.344468167,0.012978409,5936.864046,457441.5985,-7.676049539,-0.00221099,204562.7782,0.842335604,271.7196555,-0.991889498,-1.024731589,0.37686611,0.952313085,-0.929329295,0.000251012,1.18103843,1.117316004,0.332788154,0.716922055,4.034376526,1.94561147,2.713839609,0.055244647,0.000227412,-0.396541194,-1.373194949,-0.38619212,0.075066208,6.704913571,-17.36160119,-6.2072652,-0.004181182,57200.76061,-3.05515831,-0.035067019,4.12383E-13,813.2092587,-23190.14541,995.0202459,0.254146629,-2.739687798,15.48215078,1.066722122,0.004171934,-1.53542219,0.252982355,0.40000015,-2.748871073,15.62498245,1.066092475,0.004096009,0.000262145,-0.138221616,-378.6797708,0.99736273,6.97358E-06,-1.84E-08,-0.710210987,-2.791501334,0.698912187,0.128328855,-0.045971268,-0.119773531,0.99828324,2.95233E-06,-5.07E-09,11.85495461,5.199160969,4.945491781,0.007115415,19751.47721,1.056093937,3.247540373,1.387443466,1.634266747
KA19_A4,1.75610504,78.21159863,68.18291865,0.31718,-0.373517411,-0.802940272,90.37001206,63.48890048,66.4034565,92.62297905,74.52167774,67.22270498,54.0981,85.71394808,-0.168667,32.11858661,55.5578,1582.3568,-171.9401,-0.369797,65.02136392,64.96107718,61.24385429,52.71967015,-0.177384712,0.012581121,-0.319768473,-0.097327889,76.03203542,-440.9151024,-0.980324984,1.394851773,-2.589324548,-239.162805,-28.1164186,0.065596334,-0.002728099,-0.360936291,-0.001224494,139.5209359,0.956568206,3.152783908,0.015750785,0.016328169,0.232580397,1.012660596,0.000158285,1.9914E-06,8.719635051,4.23641866,4.33115477,0.013152351,5780.87041,439531.3438,-7.611174135,-0.00226801,194406.1275,0.793425994,270.2375562,-0.993398173,-1.020069891,0.375189148,0.961037075,-0.942128655,0.000271059,1.18103843,1.117316004,0.332788154,0.716922055,4.034376526,1.94561147,2.713839609,0.055244647,0.000187156,-0.396550419,-1.373184301,-0.386201104,0.07507073,6.704601617,-17.36038955,-6.207230595,-0.004181252,57198.84729,-3.04079167,-0.035566407,6.15453E-13,790.532995,-22226.95661,984.6494709,0.25740295,-2.714225047,15.09290925,1.068500516,0.004389894,-1.50995944,0.256117814,0.403298423,-2.724235461,15.24475427,1.067795598,0.004302879,0.000282253,-0.139729049,-366.5556239,0.997275619,7.44252E-06,-2.03E-08,-0.711994847,-2.770572053,0.697023404,0.130275006,-0.047020977,-0.106984011,0.998776255,1.49939E-06,-1.84E-09,11.81189807,5.186564625,4.938214668,0.007167383,19466.09155,0.985307936,2.602749031,0.915022733,0.875281654
KA19_A9,1.569064645,78.21159863,68.18291865,0.31718,-0.373517411,-0.802940272,90.37001206,63.48890048,66.4034565,92.62297905,74.52167774,67.22270498,57.8299,85.91401898,-0.170949,29.22487465,58.1307,1576.0544,-164.6822,-0.372295,65.07708138,65.01974076,61.12838945,52.62416139,-0.16988734,0.021748187,-0.325655736,-0.09959546,76.1313322,-460.3733181,-0.972827612,1.394851773,-2.480024515,-231.904905,-28.34331432,0.063248207,-0.002610556,-0.351769224,-0.002166021,139.6202327,1.655718476,3.152783908,0.015750785,0.016359011,0.279130754,1.021986403,0.000472984,1.02865E-05,8.725327054,4.238262093,4.332459904,0.013135196,5795.979743,441255.6593,-7.721530331,-0.00217215,211943.5921,0.848158177,270.8683365,-0.990859239,-1.027931349,0.378012652,0.946393563,-0.920677791,0.000259062,1.18103843,1.117316004,0.332788154,0.716922055,4.034376526,1.94561147,2.713839609,0.055244647,0.000323524,-0.414027252,-1.353584351,-0.403221821,0.083741173,6.150521596,-15.25344434,-6.143793991,-0.004312112,53779.88496,-3.048949359,-0.035281689,4.90518E-13,803.3434668,-22769.41639,991.9091742,0.251904505,-2.757410424,15.75898098,1.065512474,0.004026649,-1.553144816,0.251491963,0.398427592,-2.760688493,15.81072478,1.06529122,0.004000336,0.000253014,-0.137692721,-383.0602163,0.997392849,6.815E-06,-1.78E-08,-0.70591533,-2.842772851,0.703442441,0.123741587,-0.043528482,-0.129386074,0.997836323,4.69165E-06,-1.02E-08,11.81610057,5.187794756,4.938926113,0.007162286,19493.80937,1.183029293,5.236841115,2.741403672,4.538992709
KA19_A11,2.038309139,78.21159863,68.18291865,0.31718,-0.373517411,-0.802940272,90.37001206,63.48890048,66.4034565,92.62297905,74.52167774,67.22270498,59.455,85.86678226,-0.161929,29.29129482,59.507,1548.5315,-183.3846,-0.363426,65.13018014,65.11751341,61.16563617,52.77732482,-0.180313292,0.000217547,-0.277836752,-0.134138391,76.12644876,-433.7539281,-0.983253564,1.394851773,-2.761672504,-250.607305,-27.66633077,0.065530538,-0.002768506,-0.373299865,-2.92E-05,139.6153492,0.01656105,3.152783908,0.015750785,0.016349049,0.060142863,1.00021757,4.73265E-08,1.02957E-11,8.725047207,4.23817147,4.332395757,0.013136039,5795.2362,441170.7516,-7.569743091,-0.002305455,188142.4702,0.871992592,270.7194094,-0.994386401,-1.017031656,0.374091985,0.966787571,-0.950597324,0.00025307,1.18103843,1.117316004,0.332788154,0.716922055,4.034376526,1.94561147,2.713839609,0.055244647,3.23621E-06,-0.371802859,-1.402999099,-0.362099416,0.063186001,7.626835021,-21.06282057,-6.304702167,-0.003990307,62804.02131,-3.024478639,-0.036145017,9.65306E-13,765.425858,-21176.52497,989.5644211,0.259519082,-2.697850089,14.847776,1.069669962,0.004536043,-1.493584482,0.255989333,0.403163536,-2.72523901,15.2600608,1.067725343,0.004294251,0.000281405,-0.140415533,-361.205652,0.997235323,7.66463E-06,-2.12E-08,-0.720033348,-2.678811578,0.688458757,0.139352789,-0.052020377,-0.030787077,0.999970819,8.51551E-10,-2.48E-14,11.81589392,5.187734271,4.938891136,0.007162536,19492.44574,0.254895767,1.016698944,0.000274268,4.54217E-06
KA19_A13,1.897460038,78.21159863,68.18291865,0.31718,-0.373517411,-0.802940272,90.37001206,63.48890048,66.4034565,92.62297905,74.52167774,67.22270498,57.4257,86.03242317,-0.165666,29.31415755,58.4561,1535.7576,-177.0278,-0.367723,65.2494597,64.80277861,61.1358388,52.75461237,-0.173614848,-0.003853708,-0.295268269,-0.118831781,76.41782784,-450.4891121,-0.97655512,1.394851773,-2.665942548,-244.250505,-28.10059291,0.063842173,-0.002660786,-0.377371119,0.000457943,139.9067283,-0.294491994,3.152783908,0.015750785,0.016357018,-0.156780821,0.996153708,1.48511E-05,-5.72E-08,8.741729111,4.24357188,4.336216018,0.013085952,5839.684412,446255.9981,-7.665869698,-0.002219809,202940.4402,0.842230006,271.2416394,-0.992123158,-1.024007739,0.37660623,0.953659902,-0.93130146,0.00025762,1.18103843,1.117316004,0.332788154,0.716922055,4.034376526,1.94561147,2.713839609,0.055244647,-5.73E-05,-0.385153737,-1.386597018,-0.375101857,0.069533784,7.107249669,-18.94751929,-6.250937502,-0.004094157,59658.30919,-3.040221046,-0.035586438,6.2527E-13,789.6433218,-22189.44553,991.4400016,0.254653036,-2.73570661,15.42063597,1.066997008,0.004205285,-1.531441003,0.252670087,0.399670922,-2.751341293,15.66362732,1.065924154,0.004075823,0.000260209,-0.138570244,-375.8287989,0.997342751,7.07978E-06,-1.88E-08,-0.72264148,-2.649911317,0.685661564,0.142408962,-0.053741029,0.077079189,1.000458048,2.09712E-07,9.6036E-11,11.82821746,5.19134072,4.940975974,0.007147619,19573.89263,-0.665310684,0.74490991,0.086725534,-0.025539976
KA19_A14,1.369995111,78.21159863,68.18291865,0.31718,-0.373517411,-0.802940272,90.37001206,63.48890048,66.4034565,92.62297905,74.52167774,67.22270498,62.9273,86.29958886,-0.162489,30.14076346,62.9273,1536.7861,-178.9074,-0.365472,65.49976255,65.4937053,61.26899583,55.99200988,-0.172548263,-0.007085673,-0.285723082,-0.134123405,76.47317359,-453.2737527,-0.975488535,1.394851773,-2.694248303,-246.130105,-27.9488037,0.063061559,-0.002634334,-0.380603084,0.000950355,139.9620741,-0.541863867,3.152783908,0.015750785,0.016321469,-0.192070364,0.992939372,5.02068E-05,-3.56E-07,8.744894144,4.244596105,4.336940007,0.013076481,5848.146279,447226.3056,-7.68163246,-0.002206172,205457.0949,0.922918837,272.083955,-0.991761831,-1.025127374,0.377008127,0.951577882,-0.928253313,0.000239315,1.18103843,1.117316004,0.332788154,0.716922055,4.034376526,1.94561147,2.713839609,0.055244647,-0.000105406,-0.381107314,-1.391487169,-0.371161039,0.067593172,7.25897392,-19.55747817,-6.266930989,-0.004062892,60580.02858,-3.034737103,-0.035779707,7.27761E-13,781.1356282,-21831.80633,983.0722641,0.253869613,-2.741868956,15.51595665,1.066572014,0.004153774,-1.537603348,0.251120606,0.398035279,-2.763643907,15.85752113,1.065092403,0.00397676,0.000250781,-0.138109522,-379.6025614,0.997369133,6.93972E-06,-1.83E-08,-0.72469862,-2.627409084,0.683449108,0.144858707,-0.055133671,0.098316985,1.000950806,9.03174E-07,8.58335E-10,11.83055679,5.192025178,4.941371486,0.007144793,19589.38218,-0.815261119,0.581663099,0.293616451,-0.159100145
KA19_A19,1.913457005,78.21159863,68.18291865,0.31718,-0.373517411,-0.802940272,90.37001206,63.48890048,66.4034565,92.62297905,74.52167774,67.22270498,55.3841,88.57845358,-0.156343,38.24225032,55.3841,1560.2996,-161.0883,-0.355071,71.59886551,71.58447557,66.78989124,70.28454622,-0.173571901,0.012529207,-0.301667804,0.018861744,80.15692147,-450.6005759,-0.976512173,1.394851773,-2.425902333,-228.311005,-28.46139826,0.061630349,-0.002424227,-0.360988204,0.000236323,143.645822,1.004302684,3.152783908,0.015750785,0.014972326,0.232260059,1.012608027,0.000156981,1.96685E-06,8.95303979,4.311684849,4.383986232,0.012475529,6425.13206,515018.806,-7.666501897,-0.00221926,203040.879,0.812287023,279.2687231,-0.992108614,-1.024052774,0.376622404,0.953576024,-0.931178596,0.000271909,1.18103843,1.117316004,0.332788154,0.716922055,4.034376526,1.94561147,2.713839609,0.055244647,0.000186384,-0.423264251,-1.343665307,-0.412217749,0.088398318,5.885002127,-14.27644039,-6.111891209,-0.00437999,52125.915,-3.053177671,-0.035135308,4.35885E-13,810.0511912,-23055.18957,667.348426,0.254621537,-2.735954008,15.42445147,1.066979892,0.004203205,-1.5316884,0.248254604,0.395001012,-2.786600859,16.22577227,1.063569122,0.0037983,0.000234091,-0.134335592,-412.5026287,0.997578709,5.87688E-06,-1.42E-08,-0.71202898,-2.77017362,0.69698722,0.130312484,-0.047041269,0.06182562,1.000236351,5.58484E-08,1.31982E-11,11.9852335,5.237181996,4.9673507,0.006961567,20634.12216,1.001432176,2.730002933,1.00862388,1.012963669
KA19_A20,0.118825087,78.21159863,68.18291865,0.31718,-0.373517411,-0.802940272,90.37001206,63.48890048,66.4034565,92.62297905,74.52167774,67.22270498,57.1356,87.26728015,-0.173206,32.98204882,57.1356,1571.3818,-157.6576,-0.373152,69.52614207,69.5107643,65.10820173,63.93437849,-0.171385438,0.018163106,-0.336113785,0.07085991,78.4737596,-456.3491474,-0.97432571,1.394851773,-2.374237853,-224.880305,-29.28264034,0.063952819,-0.00246505,-0.355354306,0.001287036,141.9626601,1.425327181,3.152783908,0.015750785,0.015359048,0.262863348,1.018329058,0.000329898,5.99198E-06,8.858541618,4.28129171,4.362764296,0.012743113,6158.130946,483251.6875,-7.698966227,-0.002191305,208254.5444,0.837975275,275.1348766,-0.991367599,-1.026350829,0.377446776,0.94931059,-0.924937714,0.000263574,1.18103843,1.117316004,0.332788154,0.716922055,4.034376526,1.94561147,2.713839609,0.055244647,0.000270193,-0.432474671,-1.334058092,-0.421187792,0.093085407,5.637005384,-13.38359156,-6.081123272,-0.00444681,50571.15157,-3.082265731,-0.034149926,1.91739E-13,857.4730255,-25109.07421,757.0629713,0.253012737,-2.748630893,15.6212301,1.066108865,0.004097977,-1.544365285,0.252888946,0.399901682,-2.74960967,15.63652728,1.066042101,0.004089963,0.000261565,-0.135085457,-405.6712331,0.997537985,6.07647E-06,-1.50E-08,-0.708305359,-2.814092819,0.700925057,0.126276683,-0.044872963,0.108775286,1.001287865,1.65646E-06,2.13193E-09,11.91480844,5.216646115,4.955564066,0.007044106,20153.39686,1.125394675,4.159218436,2.031557572,2.895634227