Initialising ChemShell DEVELOPMENT VERSION 3.7_2023_DLF_GPR.dev on linux
read_xyz/======================================== Tstep:    0.0 Ttot:    0.0 ==
read_xyz/======================================== Tstep:    0.0 Ttot:    0.0 ==
dl-find/========================================= Tstep:    0.0 Ttot:    0.0 ==
dl-find/copy_object/============================= Tstep:    0.0 Ttot:    0.0 ==
dl-find/get_number_of_atoms/===================== Tstep:    0.0 Ttot:    0.0 ==
dl-find/set_matrix_size/========================= Tstep:    0.0 Ttot:    0.0 ==
dl-find/set_matrix_size/========================= Tstep:    0.0 Ttot:    0.0 ==
Using 2018 CODATA recommended values

***********************************************************************
**                                                                   **
**                       ---------------------                       **
**                              DL-FIND                              **
**                       Geometry Optimisation                       **
**                       ---------------------                       **
**                                                                   **
**                 J. Kaestner, J.M. Carr, T.W. Keal,                **
**                W. Thiel, A. Wander and P. Sherwood                **
**                                                                   **
**              J. Phys. Chem. A, 2009, 113 (43), 11856.             **
**                                                                   **
**   Please include this reference in published work using DL-FIND.  **
**                                                                   **
**               Copyright:  STFC Daresbury Laboratory               **
**                  and the University of Stuttgart                  **
**                           Revision:  341 $                        **
**                                                                   **
***********************************************************************


DL-FIND Report:
===============
Optimisation algorithm: L-BFGS
Number of steps in L-BFGS memory ...............         50
 
Step length: simple scaled
Maximum step length ............................  4.000E-01
Scaling step by ................................  1.000E+00
 
Coordinate system: Mass-weighted Cartesian coordinates
Dimer method, rotation by line search with extrapolation
Dimer distance (mid- to endpoint) ..............  1.000E-02
Maximum number of dimer rotations ..............         40
Tolerance in rotation ..........................  2.000E+00 degrees
 
Number of atoms ................................         85
Number of input geometries .....................          2
Variables to be optimised ......................        510
No restart information is written
This run has not been restarted.
Maximum number of steps ........................      10000
Maximum number of energy evaluations ...........  100000000
 
dl-find/turbomole/=============================== Tstep:    0.4 Ttot:    0.4 ==
eandg
Size of integral file returned by statistics run:  12427
Spin: 
 Energy calculation finished, energy: -2.138680718E+03
Testing convergence of dimer midpoint in cycle    1
  Max grad  1.5609E-03 Target: 4.5000E-04 converged?   no component    16
  RMS grad  1.6634E-04 Target: 3.0000E-04 converged?  yes
Next calculation will be the dimer endpoint before rotation
dl-find/turbomole/=============================== Tstep:  233.8 Ttot:  234.2 ==
eandg
Spin: 
 Energy calculation finished, energy: -2.138680683E+03
Curvature at dimer midpoint                   -0.00116
Predicted dimer rotation angle:     40.563 deg
Next calculation will be the dimer endpoint after rotation
dl-find/turbomole/=============================== Tstep:  116.3 Ttot:  350.5 ==
eandg
Spin: 
 Energy calculation finished, energy: -2.138680726E+03
Curvature at dimer midpoint after rotation     0.04792
Curvature at dimer minimum                    -0.00157
Actual dimer rotation angle:         3.179 deg
Predicted dimer rotation angle:     37.935 deg
Next calculation will be the dimer endpoint after rotation
dl-find/turbomole/=============================== Tstep:  111.1 Ttot:  461.6 ==
eandg
Spin: 
 Energy calculation finished, energy: -2.138680725E+03
Curvature at dimer midpoint after rotation     0.03814
Curvature at dimer minimum                    -0.00140
Actual dimer rotation angle:         2.349 deg
Predicted dimer rotation angle:     29.063 deg
Next calculation will be the dimer endpoint after rotation
dl-find/turbomole/=============================== Tstep:  108.6 Ttot:  570.2 ==
eandg
Spin: 
 Energy calculation finished, energy: -2.138680729E+03
Curvature at dimer midpoint after rotation     0.01739
Curvature at dimer minimum                    -0.00124
Actual dimer rotation angle:         1.287 deg
Dimer rotation converged after    3 steps
Writing TS-mode
Curvature after dimer rotation:               -0.00124
Frequency of transition mode  -181.142 cm^-1 (negative value denotes imaginary frequency)
Crossover temperature for tunnelling       41.47943 K
Restarting L-BFGS optimiser, instance: dimer rotation
Next calculation will be the dimer  midpoint
dl-find/turbomole/=============================== Tstep:   94.6 Ttot:  664.7 ==
eandg
Spin: 
 Energy calculation finished, energy: -2.138680675E+03
Testing convergence of dimer midpoint in cycle    2
    Energy  4.3055E-05 Target: 1.0000E-06 converged?   no
  Max step  7.6897E-03 Target: 1.8000E-03 converged?   no component   232
  RMS step  1.2524E-03 Target: 1.2000E-03 converged?   no
  Max grad  1.4340E-03 Target: 4.5000E-04 converged?   no component    16
  RMS grad  1.8296E-04 Target: 3.0000E-04 converged?  yes
Next calculation will be the dimer endpoint before rotation
dl-find/turbomole/=============================== Tstep:  122.3 Ttot:  787.1 ==
eandg
Spin: 
 Energy calculation finished, energy: -2.138680738E+03
Curvature at dimer midpoint                   -0.00038
Predicted dimer rotation angle:     44.221 deg
Next calculation will be the dimer endpoint after rotation
dl-find/turbomole/=============================== Tstep:   93.8 Ttot:  880.9 ==
eandg
Spin: 
 Energy calculation finished, energy: -2.138680685E+03
Curvature at dimer midpoint after rotation     0.04842
Curvature at dimer minimum                    -0.00191
Actual dimer rotation angle:         6.164 deg
Predicted dimer rotation angle:     41.082 deg
Next calculation will be the dimer endpoint after rotation
dl-find/turbomole/=============================== Tstep:  112.2 Ttot:  993.1 ==
eandg
Spin: 
 Energy calculation finished, energy: -2.138680682E+03
Curvature at dimer midpoint after rotation     0.04578
Curvature at dimer minimum                    -0.00190
Actual dimer rotation angle:         4.011 deg
Predicted dimer rotation angle:     31.676 deg
Next calculation will be the dimer endpoint after rotation
dl-find/turbomole/=============================== Tstep:  109.9 Ttot: 1103.0 ==
eandg
Spin: 
 Energy calculation finished, energy: -2.138680685E+03
Curvature at dimer midpoint after rotation     0.02397
Curvature at dimer minimum                    -0.00167
Actual dimer rotation angle:         1.743 deg
Dimer rotation converged after    3 steps
Writing TS-mode
Curvature after dimer rotation:               -0.00167
Frequency of transition mode  -209.839 cm^-1 (negative value denotes imaginary frequency)
Crossover temperature for tunnelling       48.05072 K
Restarting L-BFGS optimiser, instance: dimer rotation
Next calculation will be the dimer  midpoint
dl-find/turbomole/=============================== Tstep:   94.9 Ttot: 1197.8 ==
eandg
Spin: 
 Energy calculation finished, energy: -2.138680671E+03
Testing convergence of dimer midpoint in cycle    3
    Energy  4.1110E-06 Target: 1.0000E-06 converged?   no
  Max step  1.5213E-02 Target: 1.8000E-03 converged?   no component   232
  RMS step  2.1040E-03 Target: 1.2000E-03 converged?   no
  Max grad  1.2080E-03 Target: 4.5000E-04 converged?   no component    16
  RMS grad  1.8053E-04 Target: 3.0000E-04 converged?  yes
Next calculation will be the dimer endpoint before rotation
dl-find/turbomole/=============================== Tstep:  130.2 Ttot: 1328.1 ==
eandg
Spin: 
 Energy calculation finished, energy: -2.138680684E+03
Curvature at dimer midpoint                   -0.00104
Predicted dimer rotation angle:     40.348 deg
Next calculation will be the dimer endpoint after rotation
dl-find/turbomole/=============================== Tstep:  108.0 Ttot: 1436.0 ==
eandg
Spin: 
 Energy calculation finished, energy: -2.138680735E+03
Curvature at dimer midpoint after rotation     0.04839
Curvature at dimer minimum                    -0.00134
Actual dimer rotation angle:         2.726 deg
Predicted dimer rotation angle:     35.767 deg
Next calculation will be the dimer endpoint after rotation
dl-find/turbomole/=============================== Tstep:  111.6 Ttot: 1547.7 ==
eandg
Spin: 
 Energy calculation finished, energy: -2.138680734E+03
Curvature at dimer midpoint after rotation     0.05296
Curvature at dimer minimum                    -0.00150
Actual dimer rotation angle:         1.403 deg
Dimer rotation converged after    2 steps
Writing TS-mode
Curvature after dimer rotation:               -0.00150
Frequency of transition mode  -199.073 cm^-1 (negative value denotes imaginary frequency)
Crossover temperature for tunnelling       45.58539 K
Restarting L-BFGS optimiser, instance: dimer rotation
Next calculation will be the dimer  midpoint
dl-find/turbomole/=============================== Tstep:  112.6 Ttot: 1660.3 ==
eandg
Spin: 
 Energy calculation finished, energy: -2.138680554E+03
Testing convergence of dimer midpoint in cycle    4
    Energy  1.1703E-04 Target: 1.0000E-06 converged?   no
  Max step  6.3749E-02 Target: 1.8000E-03 converged?   no component   232
  RMS step  7.4337E-03 Target: 1.2000E-03 converged?   no
  Max grad  2.0138E-03 Target: 4.5000E-04 converged?   no component    88
  RMS grad  2.7558E-04 Target: 3.0000E-04 converged?  yes
Next calculation will be the dimer endpoint before rotation
dl-find/turbomole/=============================== Tstep:  134.1 Ttot: 1794.3 ==
eandg
Spin: 
 Energy calculation finished, energy: -2.138680566E+03
Curvature at dimer midpoint                   -0.00175
Predicted dimer rotation angle:     21.402 deg
Next calculation will be the dimer endpoint after rotation
dl-find/turbomole/=============================== Tstep:  108.3 Ttot: 1902.6 ==
eandg
Spin: 
 Energy calculation finished, energy: -2.138680567E+03
Curvature at dimer midpoint after rotation     0.02041
Curvature at dimer minimum                    -0.00176
Actual dimer rotation angle:         0.531 deg
Dimer rotation converged after    1 steps
Writing TS-mode
Curvature after dimer rotation:               -0.00176
Frequency of transition mode  -215.913 cm^-1 (negative value denotes imaginary frequency)
Crossover temperature for tunnelling       49.44163 K
Restarting L-BFGS optimiser, instance: dimer rotation
Next calculation will be the dimer  midpoint
dl-find/turbomole/=============================== Tstep:  101.1 Ttot: 2003.7 ==
eandg
Spin: 
 Energy calculation finished, energy: -2.138680293E+03
Testing convergence of dimer midpoint in cycle    5
    Energy  2.6071E-04 Target: 1.0000E-06 converged?   no
  Max step  8.9156E-02 Target: 1.8000E-03 converged?   no component   232
  RMS step  9.9804E-03 Target: 1.2000E-03 converged?   no
  Max grad  3.6141E-03 Target: 4.5000E-04 converged?   no component   253
  RMS grad  5.3889E-04 Target: 3.0000E-04 converged?   no
Next calculation will be the dimer endpoint before rotation
dl-find/turbomole/=============================== Tstep:  138.7 Ttot: 2142.4 ==
eandg
Spin: 
 Energy calculation finished, energy: -2.138680304E+03
Curvature at dimer midpoint                   -0.00217
Predicted dimer rotation angle:     14.950 deg
Next calculation will be the dimer endpoint after rotation
dl-find/turbomole/=============================== Tstep:  107.7 Ttot: 2250.0 ==
eandg
Spin: 
 Energy calculation finished, energy: -2.138680307E+03
Curvature at dimer midpoint after rotation     0.00680
Curvature at dimer minimum                    -0.00218
Actual dimer rotation angle:         0.496 deg
Dimer rotation converged after    1 steps
Writing TS-mode
Curvature after dimer rotation:               -0.00218
Frequency of transition mode  -239.865 cm^-1 (negative value denotes imaginary frequency)
Crossover temperature for tunnelling       54.92628 K
Restarting L-BFGS optimiser, instance: dimer rotation
Next calculation will be the dimer  midpoint
dl-find/turbomole/=============================== Tstep:  102.0 Ttot: 2352.1 ==
eandg
Spin: 
 Energy calculation finished, energy: -2.138680440E+03
Testing convergence of dimer midpoint in cycle    6
    Energy  1.4667E-04 Target: 1.0000E-06 converged?   no
  Max step  1.0685E-02 Target: 1.8000E-03 converged?   no component   232
  RMS step  2.0671E-03 Target: 1.2000E-03 converged?   no
  Max grad  8.1202E-04 Target: 4.5000E-04 converged?   no component   233
  RMS grad  1.9697E-04 Target: 3.0000E-04 converged?  yes
Next calculation will be the dimer endpoint before rotation
dl-find/turbomole/=============================== Tstep:  118.5 Ttot: 2470.6 ==
eandg
Spin: 
 Energy calculation finished, energy: -2.138680451E+03
Curvature at dimer midpoint                   -0.00214
Predicted dimer rotation angle:     16.240 deg
Next calculation will be the dimer endpoint after rotation
dl-find/turbomole/=============================== Tstep:  108.4 Ttot: 2579.0 ==
eandg
Spin: 
 Energy calculation finished, energy: -2.138680449E+03
Curvature at dimer midpoint after rotation     0.02033
Curvature at dimer minimum                    -0.00215
Actual dimer rotation angle:         0.263 deg
Dimer rotation converged after    1 steps
Writing TS-mode
Curvature after dimer rotation:               -0.00215
Frequency of transition mode  -238.297 cm^-1 (negative value denotes imaginary frequency)
Crossover temperature for tunnelling       54.56721 K
Restarting L-BFGS optimiser, instance: dimer rotation
Next calculation will be the dimer  midpoint
dl-find/turbomole/=============================== Tstep:   98.3 Ttot: 2677.3 ==
eandg
Spin: 
 Energy calculation finished, energy: -2.138680446E+03
Testing convergence of dimer midpoint in cycle    7
    Energy  5.9060E-06 Target: 1.0000E-06 converged?   no
  Max step  1.9991E-02 Target: 1.8000E-03 converged?   no component   232
  RMS step  2.3532E-03 Target: 1.2000E-03 converged?   no
  Max grad  7.2902E-04 Target: 4.5000E-04 converged?   no component     4
  RMS grad  1.6475E-04 Target: 3.0000E-04 converged?  yes
Next calculation will be the dimer endpoint before rotation
dl-find/turbomole/=============================== Tstep:  125.5 Ttot: 2802.9 ==
eandg
Spin: 
 Energy calculation finished, energy: -2.138680456E+03
Curvature at dimer midpoint                   -0.00224
Predicted dimer rotation angle:     10.681 deg
Next calculation will be the dimer endpoint after rotation
dl-find/turbomole/=============================== Tstep:  107.0 Ttot: 2909.9 ==
eandg
Spin: 
 Energy calculation finished, energy: -2.138680456E+03
Curvature at dimer midpoint after rotation     0.00236
Curvature at dimer minimum                    -0.00224
Actual dimer rotation angle:         0.351 deg
Dimer rotation converged after    1 steps
Writing TS-mode
Curvature after dimer rotation:               -0.00224
Frequency of transition mode  -243.517 cm^-1 (negative value denotes imaginary frequency)
Crossover temperature for tunnelling       55.76248 K
Restarting L-BFGS optimiser, instance: dimer rotation
Next calculation will be the dimer  midpoint
dl-find/turbomole/=============================== Tstep:  100.2 Ttot: 3010.0 ==
eandg
Spin: 
 Energy calculation finished, energy: -2.138680396E+03
Testing convergence of dimer midpoint in cycle    8
    Energy  4.9983E-05 Target: 1.0000E-06 converged?   no
  Max step  6.6089E-02 Target: 1.8000E-03 converged?   no component   232
  RMS step  6.9400E-03 Target: 1.2000E-03 converged?   no
  Max grad  1.1551E-03 Target: 4.5000E-04 converged?   no component   253
  RMS grad  2.2078E-04 Target: 3.0000E-04 converged?  yes
Next calculation will be the dimer endpoint before rotation
dl-find/turbomole/=============================== Tstep:  133.7 Ttot: 3143.7 ==
eandg
Spin: 
 Energy calculation finished, energy: -2.138680404E+03
Curvature at dimer midpoint                   -0.00257
Predicted dimer rotation angle:     13.652 deg
Next calculation will be the dimer endpoint after rotation
dl-find/turbomole/=============================== Tstep:  108.1 Ttot: 3251.8 ==
eandg
Spin: 
 Energy calculation finished, energy: -2.138680451E+03
Curvature at dimer midpoint after rotation     0.01128
Curvature at dimer minimum                    -0.00257
Actual dimer rotation angle:         0.293 deg
Dimer rotation converged after    1 steps
Writing TS-mode
Curvature after dimer rotation:               -0.00257
Frequency of transition mode  -260.739 cm^-1 (negative value denotes imaginary frequency)
Crossover temperature for tunnelling       59.70618 K
Restarting L-BFGS optimiser, instance: dimer rotation
Next calculation will be the dimer  midpoint
dl-find/turbomole/=============================== Tstep:   77.9 Ttot: 3329.7 ==
eandg
Spin: 
 Energy calculation finished, energy: -2.138680403E+03
Testing convergence of dimer midpoint in cycle    9
    Energy  6.8470E-06 Target: 1.0000E-06 converged?   no
  Max step  1.0504E-01 Target: 1.8000E-03 converged?   no component   232
  RMS step  1.0780E-02 Target: 1.2000E-03 converged?   no
  Max grad  3.2858E-03 Target: 4.5000E-04 converged?   no component   253
  RMS grad  3.1004E-04 Target: 3.0000E-04 converged?   no
Next calculation will be the dimer endpoint before rotation
dl-find/turbomole/=============================== Tstep:  144.6 Ttot: 3474.3 ==
eandg
Spin: 
 Energy calculation finished, energy: -2.138680403E+03
Curvature at dimer midpoint                   -0.00306
Predicted dimer rotation angle:     13.864 deg
Next calculation will be the dimer endpoint after rotation
dl-find/turbomole/=============================== Tstep:  107.9 Ttot: 3582.2 ==
eandg
Spin: 
 Energy calculation finished, energy: -2.138680402E+03
Curvature at dimer midpoint after rotation     0.00430
Curvature at dimer minimum                    -0.00307
Actual dimer rotation angle:         0.652 deg
Dimer rotation converged after    1 steps
Writing TS-mode
Curvature after dimer rotation:               -0.00307
Frequency of transition mode  -285.000 cm^-1 (negative value denotes imaginary frequency)
Crossover temperature for tunnelling       65.26178 K
Restarting L-BFGS optimiser, instance: dimer rotation
Next calculation will be the dimer  midpoint
dl-find/turbomole/=============================== Tstep:  107.7 Ttot: 3689.9 ==
eandg
Spin: 
 Energy calculation finished, energy: -2.138680369E+03
Testing convergence of dimer midpoint in cycle   10
    Energy  3.4157E-05 Target: 1.0000E-06 converged?   no
  Max step  1.4587E-01 Target: 1.8000E-03 converged?   no component   232
  RMS step  1.4940E-02 Target: 1.2000E-03 converged?   no
  Max grad  3.5661E-03 Target: 4.5000E-04 converged?   no component    59
  RMS grad  4.7319E-04 Target: 3.0000E-04 converged?   no
Next calculation will be the dimer endpoint before rotation
dl-find/turbomole/=============================== Tstep:  150.1 Ttot: 3840.0 ==
eandg
Spin: 
 Energy calculation finished, energy: -2.138680367E+03
Curvature at dimer midpoint                   -0.00368
Predicted dimer rotation angle:     13.912 deg
Next calculation will be the dimer endpoint after rotation
dl-find/turbomole/=============================== Tstep:  112.2 Ttot: 3952.2 ==
eandg
Spin: 
 Energy calculation finished, energy: -2.138680371E+03
Curvature at dimer midpoint after rotation     0.00363
Curvature at dimer minimum                    -0.00371
Actual dimer rotation angle:         0.783 deg
Dimer rotation converged after    1 steps
Writing TS-mode
Curvature after dimer rotation:               -0.00371
Frequency of transition mode  -313.146 cm^-1 (negative value denotes imaginary frequency)
Crossover temperature for tunnelling       71.70690 K
Restarting L-BFGS optimiser, instance: dimer rotation
Next calculation will be the dimer  midpoint
dl-find/turbomole/=============================== Tstep:  104.0 Ttot: 4056.1 ==
eandg
Spin: 
 Energy calculation finished, energy: -2.138680462E+03
Testing convergence of dimer midpoint in cycle   11
    Energy  9.3403E-05 Target: 1.0000E-06 converged?   no
  Max step  5.3207E-02 Target: 1.8000E-03 converged?   no component   232
  RMS step  5.6043E-03 Target: 1.2000E-03 converged?   no
  Max grad  3.7863E-04 Target: 4.5000E-04 converged?  yes component    19
  RMS grad  1.2277E-04 Target: 3.0000E-04 converged?  yes
Next calculation will be the dimer endpoint before rotation
dl-find/turbomole/=============================== Tstep:  132.2 Ttot: 4188.3 ==
eandg
Spin: 
 Energy calculation finished, energy: -2.138680463E+03
Curvature at dimer midpoint                   -0.00353
Predicted dimer rotation angle:     17.777 deg
Next calculation will be the dimer endpoint after rotation
dl-find/turbomole/=============================== Tstep:  108.8 Ttot: 4297.1 ==
eandg
Spin: 
 Energy calculation finished, energy: -2.138680450E+03
Curvature at dimer midpoint after rotation     0.02810
Curvature at dimer minimum                    -0.00355
Actual dimer rotation angle:         0.407 deg
Dimer rotation converged after    1 steps
Writing TS-mode
Curvature after dimer rotation:               -0.00355
Frequency of transition mode  -306.334 cm^-1 (negative value denotes imaginary frequency)
Crossover temperature for tunnelling       70.14683 K
Restarting L-BFGS optimiser, instance: dimer rotation
Next calculation will be the dimer  midpoint
dl-find/turbomole/=============================== Tstep:  106.2 Ttot: 4403.3 ==
eandg
Spin: 
 Energy calculation finished, energy: -2.138680483E+03
Testing convergence of dimer midpoint in cycle   12
    Energy  2.1142E-05 Target: 1.0000E-06 converged?   no
  Max step  1.2239E-02 Target: 1.8000E-03 converged?   no component   232
  RMS step  1.5737E-03 Target: 1.2000E-03 converged?   no
  Max grad  3.5935E-04 Target: 4.5000E-04 converged?  yes component    19
  RMS grad  9.8459E-05 Target: 3.0000E-04 converged?  yes
Next calculation will be the dimer endpoint before rotation
dl-find/turbomole/=============================== Tstep:  112.3 Ttot: 4515.6 ==
eandg
Spin: 
 Energy calculation finished, energy: -2.138680484E+03
Curvature at dimer midpoint                   -0.00351
Predicted dimer rotation angle:      9.514 deg
Next calculation will be the dimer endpoint after rotation
dl-find/turbomole/=============================== Tstep:  108.6 Ttot: 4624.2 ==
eandg
Spin: 
 Energy calculation finished, energy: -2.138680483E+03
Curvature at dimer midpoint after rotation    -0.00081
Curvature at dimer minimum                    -0.00352
Actual dimer rotation angle:         0.613 deg
Dimer rotation converged after    1 steps
Writing TS-mode
Curvature after dimer rotation:               -0.00352
Frequency of transition mode  -305.166 cm^-1 (negative value denotes imaginary frequency)
Crossover temperature for tunnelling       69.87954 K
Restarting L-BFGS optimiser, instance: dimer rotation
Next calculation will be the dimer  midpoint
dl-find/turbomole/=============================== Tstep:  102.2 Ttot: 4726.4 ==
eandg
Spin: 
 Energy calculation finished, energy: -2.138680503E+03
Testing convergence of dimer midpoint in cycle   13
    Energy  2.0119E-05 Target: 1.0000E-06 converged?   no
  Max step  9.6612E-03 Target: 1.8000E-03 converged?   no component   232
  RMS step  2.1464E-03 Target: 1.2000E-03 converged?   no
  Max grad  1.2816E-03 Target: 4.5000E-04 converged?   no component    59
  RMS grad  1.3913E-04 Target: 3.0000E-04 converged?  yes
Next calculation will be the dimer endpoint before rotation
dl-find/turbomole/=============================== Tstep:  129.6 Ttot: 4856.0 ==
eandg
Spin: 
 Energy calculation finished, energy: -2.138680504E+03
Curvature at dimer midpoint                   -0.00357
Predicted dimer rotation angle:     14.296 deg
Next calculation will be the dimer endpoint after rotation
dl-find/turbomole/=============================== Tstep:  111.2 Ttot: 4967.2 ==
eandg
Spin: 
 Energy calculation finished, energy: -2.138680506E+03
Curvature at dimer midpoint after rotation     0.01651
Curvature at dimer minimum                    -0.00358
Actual dimer rotation angle:         0.323 deg
Dimer rotation converged after    1 steps
Writing TS-mode
Curvature after dimer rotation:               -0.00358
Frequency of transition mode  -307.564 cm^-1 (negative value denotes imaginary frequency)
Crossover temperature for tunnelling       70.42855 K
Restarting L-BFGS optimiser, instance: dimer rotation
Next calculation will be the dimer  midpoint
dl-find/turbomole/=============================== Tstep:  105.9 Ttot: 5073.1 ==
eandg
Spin: 
 Energy calculation finished, energy: -2.138680515E+03
Testing convergence of dimer midpoint in cycle   14
    Energy  1.2076E-05 Target: 1.0000E-06 converged?   no
  Max step  2.5789E-02 Target: 1.8000E-03 converged?   no component   232
  RMS step  3.6581E-03 Target: 1.2000E-03 converged?   no
  Max grad  1.1839E-03 Target: 4.5000E-04 converged?   no component    59
  RMS grad  1.6258E-04 Target: 3.0000E-04 converged?  yes
Next calculation will be the dimer endpoint before rotation
dl-find/turbomole/=============================== Tstep:  133.3 Ttot: 5206.4 ==
eandg
Spin: 
 Energy calculation finished, energy: -2.138680515E+03
Curvature at dimer midpoint                   -0.00369
Predicted dimer rotation angle:      8.244 deg
Next calculation will be the dimer endpoint after rotation
dl-find/turbomole/=============================== Tstep:  107.8 Ttot: 5314.3 ==
eandg
Spin: 
 Energy calculation finished, energy: -2.138680515E+03
Curvature at dimer midpoint after rotation    -0.00216
Curvature at dimer minimum                    -0.00371
Actual dimer rotation angle:         0.700 deg
Dimer rotation converged after    1 steps
Writing TS-mode
Curvature after dimer rotation:               -0.00371
Frequency of transition mode  -313.025 cm^-1 (negative value denotes imaginary frequency)
Crossover temperature for tunnelling       71.67920 K
Restarting L-BFGS optimiser, instance: dimer rotation
Next calculation will be the dimer  midpoint
dl-find/turbomole/=============================== Tstep:   93.1 Ttot: 5407.3 ==
eandg
Spin: 
 Energy calculation finished, energy: -2.138680533E+03
Testing convergence of dimer midpoint in cycle   15
    Energy  1.7157E-05 Target: 1.0000E-06 converged?   no
  Max step  7.8941E-03 Target: 1.8000E-03 converged?   no component   232
  RMS step  1.0194E-03 Target: 1.2000E-03 converged?  yes
  Max grad  2.8667E-04 Target: 4.5000E-04 converged?  yes component     6
  RMS grad  7.0513E-05 Target: 3.0000E-04 converged?  yes
Next calculation will be the dimer endpoint before rotation
dl-find/turbomole/=============================== Tstep:  119.0 Ttot: 5526.3 ==
eandg
Spin: 
 Energy calculation finished, energy: -2.138680531E+03
Curvature at dimer midpoint                   -0.00374
Predicted dimer rotation angle:     13.877 deg
Next calculation will be the dimer endpoint after rotation
dl-find/turbomole/=============================== Tstep:  112.4 Ttot: 5638.7 ==
eandg
Spin: 
 Energy calculation finished, energy: -2.138680530E+03
Curvature at dimer midpoint after rotation     0.01651
Curvature at dimer minimum                    -0.00375
Actual dimer rotation angle:         0.306 deg
Dimer rotation converged after    1 steps
Writing TS-mode
Curvature after dimer rotation:               -0.00375
Frequency of transition mode  -314.761 cm^-1 (negative value denotes imaginary frequency)
Crossover temperature for tunnelling       72.07667 K
Restarting L-BFGS optimiser, instance: dimer rotation
Next calculation will be the dimer  midpoint
dl-find/turbomole/=============================== Tstep:  104.0 Ttot: 5742.7 ==
eandg
Spin: 
 Energy calculation finished, energy: -2.138680537E+03
Testing convergence of dimer midpoint in cycle   16
    Energy  4.2620E-06 Target: 1.0000E-06 converged?   no
  Max step  4.0104E-03 Target: 1.8000E-03 converged?   no component   232
  RMS step  9.1040E-04 Target: 1.2000E-03 converged?  yes
  Max grad  2.5098E-04 Target: 4.5000E-04 converged?  yes component     6
  RMS grad  6.6184E-05 Target: 3.0000E-04 converged?  yes
Next calculation will be the dimer endpoint before rotation
dl-find/turbomole/=============================== Tstep:  122.6 Ttot: 5865.3 ==
eandg
Spin: 
 Energy calculation finished, energy: -2.138680536E+03
Curvature at dimer midpoint                   -0.00376
Predicted dimer rotation angle:      7.173 deg
Next calculation will be the dimer endpoint after rotation
dl-find/turbomole/=============================== Tstep:  109.5 Ttot: 5974.9 ==
eandg
Spin: 
 Energy calculation finished, energy: -2.138680535E+03
Curvature at dimer midpoint after rotation    -0.00240
Curvature at dimer minimum                    -0.00377
Actual dimer rotation angle:         0.538 deg
Dimer rotation converged after    1 steps
Writing TS-mode
Curvature after dimer rotation:               -0.00377
Frequency of transition mode  -315.624 cm^-1 (negative value denotes imaginary frequency)
Crossover temperature for tunnelling       72.27431 K
Restarting L-BFGS optimiser, instance: dimer rotation
Next calculation will be the dimer  midpoint
dl-find/turbomole/=============================== Tstep:   88.1 Ttot: 6062.9 ==
eandg
Spin: 
 Energy calculation finished, energy: -2.138680544E+03
Testing convergence of dimer midpoint in cycle   17
    Energy  7.0990E-06 Target: 1.0000E-06 converged?   no
  Max step  5.8138E-03 Target: 1.8000E-03 converged?   no component    19
  RMS step  1.2153E-03 Target: 1.2000E-03 converged?   no
  Max grad  3.2804E-04 Target: 4.5000E-04 converged?  yes component    59
  RMS grad  8.3259E-05 Target: 3.0000E-04 converged?  yes
Next calculation will be the dimer endpoint before rotation
dl-find/turbomole/=============================== Tstep:  120.1 Ttot: 6183.0 ==
eandg
Spin: 
 Energy calculation finished, energy: -2.138680543E+03
Curvature at dimer midpoint                   -0.00379
Predicted dimer rotation angle:     12.005 deg
Next calculation will be the dimer endpoint after rotation
dl-find/turbomole/=============================== Tstep:  107.8 Ttot: 6290.8 ==
eandg
Spin: 
 Energy calculation finished, energy: -2.138680542E+03
Curvature at dimer midpoint after rotation     0.01111
Curvature at dimer minimum                    -0.00380
Actual dimer rotation angle:         0.269 deg
Dimer rotation converged after    1 steps
Writing TS-mode
Curvature after dimer rotation:               -0.00380
Frequency of transition mode  -316.880 cm^-1 (negative value denotes imaginary frequency)
Crossover temperature for tunnelling       72.56191 K
Restarting L-BFGS optimiser, instance: dimer rotation
Next calculation will be the dimer  midpoint
dl-find/turbomole/=============================== Tstep:   95.6 Ttot: 6386.4 ==
eandg
Spin: 
 Energy calculation finished, energy: -2.138680535E+03
Testing convergence of dimer midpoint in cycle   18
    Energy  8.7570E-06 Target: 1.0000E-06 converged?   no
  Max step  1.7490E-02 Target: 1.8000E-03 converged?   no component    19
  RMS step  3.3351E-03 Target: 1.2000E-03 converged?   no
  Max grad  6.4490E-04 Target: 4.5000E-04 converged?   no component   251
  RMS grad  1.1639E-04 Target: 3.0000E-04 converged?  yes
Next calculation will be the dimer endpoint before rotation
dl-find/turbomole/=============================== Tstep:  128.4 Ttot: 6514.7 ==
eandg
Spin: 
 Energy calculation finished, energy: -2.138680533E+03
Curvature at dimer midpoint                   -0.00386
Predicted dimer rotation angle:      6.489 deg
Next calculation will be the dimer endpoint after rotation
dl-find/turbomole/=============================== Tstep:  109.1 Ttot: 6623.8 ==
eandg
Spin: 
 Energy calculation finished, energy: -2.138680533E+03
Curvature at dimer midpoint after rotation    -0.00297
Curvature at dimer minimum                    -0.00387
Actual dimer rotation angle:         0.599 deg
Dimer rotation converged after    1 steps
Writing TS-mode
Curvature after dimer rotation:               -0.00387
Frequency of transition mode  -319.827 cm^-1 (negative value denotes imaginary frequency)
Crossover temperature for tunnelling       73.23658 K
Restarting L-BFGS optimiser, instance: dimer rotation
Next calculation will be the dimer  midpoint
dl-find/turbomole/=============================== Tstep:   87.9 Ttot: 6711.7 ==
eandg
Spin: 
 Energy calculation finished, energy: -2.138680591E+03
Testing convergence of dimer midpoint in cycle   19
    Energy  5.5586E-05 Target: 1.0000E-06 converged?   no
  Max step  3.0109E-02 Target: 1.8000E-03 converged?   no component    19
  RMS step  5.5619E-03 Target: 1.2000E-03 converged?   no
  Max grad  1.5280E-03 Target: 4.5000E-04 converged?   no component   251
  RMS grad  2.4258E-04 Target: 3.0000E-04 converged?  yes
Next calculation will be the dimer endpoint before rotation
dl-find/turbomole/=============================== Tstep:  129.4 Ttot: 6841.2 ==
eandg
Spin: 
 Energy calculation finished, energy: -2.138680589E+03
Curvature at dimer midpoint                   -0.00384
Predicted dimer rotation angle:     12.541 deg
Next calculation will be the dimer endpoint after rotation
dl-find/turbomole/=============================== Tstep:  108.2 Ttot: 6949.4 ==
eandg
Spin: 
 Energy calculation finished, energy: -2.138680546E+03
Curvature at dimer midpoint after rotation     0.01419
Curvature at dimer minimum                    -0.00385
Actual dimer rotation angle:         0.258 deg
Dimer rotation converged after    1 steps
Writing TS-mode
Curvature after dimer rotation:               -0.00385
Frequency of transition mode  -318.794 cm^-1 (negative value denotes imaginary frequency)
Crossover temperature for tunnelling       73.00025 K
Restarting L-BFGS optimiser, instance: dimer rotation
Next calculation will be the dimer  midpoint
dl-find/turbomole/=============================== Tstep:  101.8 Ttot: 7051.2 ==
eandg
Spin: 
 Energy calculation finished, energy: -2.138680565E+03
Testing convergence of dimer midpoint in cycle   20
    Energy  2.5770E-05 Target: 1.0000E-06 converged?   no
  Max step  3.7138E-03 Target: 1.8000E-03 converged?   no component    19
  RMS step  9.6791E-04 Target: 1.2000E-03 converged?  yes
  Max grad  3.1553E-04 Target: 4.5000E-04 converged?  yes component    64
  RMS grad  7.9778E-05 Target: 3.0000E-04 converged?  yes
Next calculation will be the dimer endpoint before rotation
dl-find/turbomole/=============================== Tstep:  116.9 Ttot: 7168.1 ==
eandg
Spin: 
 Energy calculation finished, energy: -2.138680563E+03
Curvature at dimer midpoint                   -0.00387
Predicted dimer rotation angle:      5.318 deg
Next calculation will be the dimer endpoint after rotation
dl-find/turbomole/=============================== Tstep:  108.8 Ttot: 7276.8 ==
eandg
Spin: 
 Energy calculation finished, energy: -2.138680563E+03
Curvature at dimer midpoint after rotation    -0.00350
Curvature at dimer minimum                    -0.00388
Actual dimer rotation angle:         0.719 deg
Dimer rotation converged after    1 steps
Writing TS-mode
Curvature after dimer rotation:               -0.00388
Frequency of transition mode  -320.072 cm^-1 (negative value denotes imaginary frequency)
Crossover temperature for tunnelling       73.29289 K
Restarting L-BFGS optimiser, instance: dimer rotation
Next calculation will be the dimer  midpoint
dl-find/turbomole/=============================== Tstep:   82.8 Ttot: 7359.7 ==
eandg
Spin: 
 Energy calculation finished, energy: -2.138680573E+03
Testing convergence of dimer midpoint in cycle   21
    Energy  7.6160E-06 Target: 1.0000E-06 converged?   no
  Max step  2.3349E-03 Target: 1.8000E-03 converged?   no component    17
  RMS step  7.1730E-04 Target: 1.2000E-03 converged?  yes
  Max grad  2.6942E-04 Target: 4.5000E-04 converged?  yes component   232
  RMS grad  6.4335E-05 Target: 3.0000E-04 converged?  yes
Next calculation will be the dimer endpoint before rotation
dl-find/turbomole/=============================== Tstep:  117.8 Ttot: 7477.4 ==
eandg
Spin: 
 Energy calculation finished, energy: -2.138680570E+03
Curvature at dimer midpoint                   -0.00389
Predicted dimer rotation angle:     12.222 deg
Next calculation will be the dimer endpoint after rotation
dl-find/turbomole/=============================== Tstep:  107.7 Ttot: 7585.1 ==
eandg
Spin: 
 Energy calculation finished, energy: -2.138680569E+03
Curvature at dimer midpoint after rotation     0.01369
Curvature at dimer minimum                    -0.00390
Actual dimer rotation angle:         0.248 deg
Dimer rotation converged after    1 steps
Writing TS-mode
Curvature after dimer rotation:               -0.00390
Frequency of transition mode  -320.855 cm^-1 (negative value denotes imaginary frequency)
Crossover temperature for tunnelling       73.47201 K
Restarting L-BFGS optimiser, instance: dimer rotation
Next calculation will be the dimer  midpoint
dl-find/turbomole/=============================== Tstep:   96.2 Ttot: 7681.4 ==
eandg
Spin: 
 Energy calculation finished, energy: -2.138680584E+03
Testing convergence of dimer midpoint in cycle   22
    Energy  1.1573E-05 Target: 1.0000E-06 converged?   no
  Max step  9.8246E-03 Target: 1.8000E-03 converged?   no component    19
  RMS step  2.1589E-03 Target: 1.2000E-03 converged?   no
  Max grad  5.2523E-04 Target: 4.5000E-04 converged?   no component   246
  RMS grad  9.3505E-05 Target: 3.0000E-04 converged?  yes
Next calculation will be the dimer endpoint before rotation
dl-find/turbomole/=============================== Tstep:  112.9 Ttot: 7794.3 ==
eandg
Spin: 
 Energy calculation finished, energy: -2.138680582E+03
Curvature at dimer midpoint                   -0.00389
Predicted dimer rotation angle:      4.512 deg
Next calculation will be the dimer endpoint after rotation
dl-find/turbomole/=============================== Tstep:  108.1 Ttot: 7902.4 ==
eandg
Spin: 
 Energy calculation finished, energy: -2.138680580E+03
Curvature at dimer midpoint after rotation    -0.00375
Curvature at dimer minimum                    -0.00390
Actual dimer rotation angle:         0.924 deg
Dimer rotation converged after    1 steps
Writing TS-mode
Curvature after dimer rotation:               -0.00390
Frequency of transition mode  -321.030 cm^-1 (negative value denotes imaginary frequency)
Crossover temperature for tunnelling       73.51214 K
Restarting L-BFGS optimiser, instance: dimer rotation
Next calculation will be the dimer  midpoint
dl-find/turbomole/=============================== Tstep:   83.2 Ttot: 7985.5 ==
eandg
Spin: 
 Energy calculation finished, energy: -2.138680583E+03
Testing convergence of dimer midpoint in cycle   23
    Energy  1.0610E-06 Target: 1.0000E-06 converged?   no
  Max step  1.8677E-02 Target: 1.8000E-03 converged?   no component    19
  RMS step  4.1485E-03 Target: 1.2000E-03 converged?   no
  Max grad  6.0117E-04 Target: 4.5000E-04 converged?   no component   246
  RMS grad  1.1579E-04 Target: 3.0000E-04 converged?  yes
Next calculation will be the dimer endpoint before rotation
dl-find/turbomole/=============================== Tstep:  115.9 Ttot: 8101.5 ==
eandg
Spin: 
 Energy calculation finished, energy: -2.138680581E+03
Curvature at dimer midpoint                   -0.00390
Predicted dimer rotation angle:     15.029 deg
Next calculation will be the dimer endpoint after rotation
dl-find/turbomole/=============================== Tstep:  108.9 Ttot: 8210.4 ==
eandg
Spin: 
 Energy calculation finished, energy: -2.138680578E+03
Curvature at dimer midpoint after rotation     0.02452
Curvature at dimer minimum                    -0.00391
Actual dimer rotation angle:         0.294 deg
Dimer rotation converged after    1 steps
Writing TS-mode
Curvature after dimer rotation:               -0.00391
Frequency of transition mode  -321.481 cm^-1 (negative value denotes imaginary frequency)
Crossover temperature for tunnelling       73.61551 K
Restarting L-BFGS optimiser, instance: dimer rotation
Next calculation will be the dimer  midpoint
dl-find/turbomole/=============================== Tstep:  102.5 Ttot: 8312.9 ==
eandg
Spin: 
 Energy calculation finished, energy: -2.138680589E+03
Testing convergence of dimer midpoint in cycle   24
    Energy  5.7020E-06 Target: 1.0000E-06 converged?   no
  Max step  3.9959E-02 Target: 1.8000E-03 converged?   no component    19
  RMS step  9.5865E-03 Target: 1.2000E-03 converged?   no
  Max grad  1.7061E-03 Target: 4.5000E-04 converged?   no component    84
  RMS grad  2.5427E-04 Target: 3.0000E-04 converged?  yes
Next calculation will be the dimer endpoint before rotation
dl-find/turbomole/=============================== Tstep:  117.1 Ttot: 8430.0 ==
eandg
Spin: 
 Energy calculation finished, energy: -2.138680586E+03
Curvature at dimer midpoint                   -0.00386
Predicted dimer rotation angle:      3.786 deg
Next calculation will be the dimer endpoint after rotation
dl-find/turbomole/=============================== Tstep:  108.4 Ttot: 8538.4 ==
eandg
Spin: 
 Energy calculation finished, energy: -2.138680587E+03
Curvature at dimer midpoint after rotation    -0.00353
Curvature at dimer minimum                    -0.00386
Actual dimer rotation angle:         0.319 deg
Dimer rotation converged after    1 steps
Writing TS-mode
Curvature after dimer rotation:               -0.00386
Frequency of transition mode  -319.459 cm^-1 (negative value denotes imaginary frequency)
Crossover temperature for tunnelling       73.15237 K
Restarting L-BFGS optimiser, instance: dimer rotation
Next calculation will be the dimer  midpoint
dl-find/turbomole/=============================== Tstep:   61.5 Ttot: 8599.9 ==
eandg
Spin: 
 Energy calculation finished, energy: -2.138680593E+03
Testing convergence of dimer midpoint in cycle   25
    Energy  4.2170E-06 Target: 1.0000E-06 converged?   no
  Max step  2.7622E-02 Target: 1.8000E-03 converged?   no component    19
  RMS step  7.0215E-03 Target: 1.2000E-03 converged?   no
  Max grad  4.2579E-04 Target: 4.5000E-04 converged?  yes component   253
  RMS grad  1.1496E-04 Target: 3.0000E-04 converged?  yes
Next calculation will be the dimer endpoint before rotation
dl-find/turbomole/=============================== Tstep:  127.6 Ttot: 8727.6 ==
eandg
Spin: 
 Energy calculation finished, energy: -2.138680591E+03
Curvature at dimer midpoint                   -0.00389
Predicted dimer rotation angle:      5.947 deg
Next calculation will be the dimer endpoint after rotation
dl-find/turbomole/=============================== Tstep:  109.5 Ttot: 8837.1 ==
eandg
Spin: 
 Energy calculation finished, energy: -2.138680591E+03
Curvature at dimer midpoint after rotation    -0.00085
Curvature at dimer minimum                    -0.00389
Actual dimer rotation angle:         0.157 deg
Dimer rotation converged after    1 steps
Writing TS-mode
Curvature after dimer rotation:               -0.00389
Frequency of transition mode  -320.640 cm^-1 (negative value denotes imaginary frequency)
Crossover temperature for tunnelling       73.42277 K
Restarting L-BFGS optimiser, instance: dimer rotation
Next calculation will be the dimer  midpoint
dl-find/turbomole/=============================== Tstep:   89.6 Ttot: 8926.7 ==
eandg
Spin: 
 Energy calculation finished, energy: -2.138680617E+03
Testing convergence of dimer midpoint in cycle   26
    Energy  2.4140E-05 Target: 1.0000E-06 converged?   no
  Max step  1.2836E-02 Target: 1.8000E-03 converged?   no component   247
  RMS step  3.8579E-03 Target: 1.2000E-03 converged?   no
  Max grad  4.2715E-04 Target: 4.5000E-04 converged?  yes component    63
  RMS grad  9.1569E-05 Target: 3.0000E-04 converged?  yes
Next calculation will be the dimer endpoint before rotation
dl-find/turbomole/=============================== Tstep:  116.0 Ttot: 9042.7 ==
eandg
Spin: 
 Energy calculation finished, energy: -2.138680614E+03
Curvature at dimer midpoint                   -0.00388
Predicted dimer rotation angle:      4.304 deg
Next calculation will be the dimer endpoint after rotation
dl-find/turbomole/=============================== Tstep:  111.1 Ttot: 9153.8 ==
eandg
Spin: 
 Energy calculation finished, energy: -2.138680614E+03
Curvature at dimer midpoint after rotation    -0.00294
Curvature at dimer minimum                    -0.00388
Actual dimer rotation angle:         0.184 deg
Dimer rotation converged after    1 steps
Writing TS-mode
Curvature after dimer rotation:               -0.00388
Frequency of transition mode  -320.196 cm^-1 (negative value denotes imaginary frequency)
Crossover temperature for tunnelling       73.32130 K
Restarting L-BFGS optimiser, instance: dimer rotation
Next calculation will be the dimer  midpoint
dl-find/turbomole/=============================== Tstep:   86.5 Ttot: 9240.3 ==
eandg
Spin: 
 Energy calculation finished, energy: -2.138680612E+03
Testing convergence of dimer midpoint in cycle   27
    Energy  4.8630E-06 Target: 1.0000E-06 converged?   no
  Max step  2.3521E-02 Target: 1.8000E-03 converged?   no component    22
  RMS step  7.0785E-03 Target: 1.2000E-03 converged?   no
  Max grad  7.5484E-04 Target: 4.5000E-04 converged?   no component    84
  RMS grad  1.3415E-04 Target: 3.0000E-04 converged?  yes
Next calculation will be the dimer endpoint before rotation
dl-find/turbomole/=============================== Tstep:  122.6 Ttot: 9362.9 ==
eandg
Spin: 
 Energy calculation finished, energy: -2.138680610E+03
Curvature at dimer midpoint                   -0.00389
Predicted dimer rotation angle:      4.459 deg
Next calculation will be the dimer endpoint after rotation
dl-find/turbomole/=============================== Tstep:  109.0 Ttot: 9471.9 ==
eandg
Spin: 
 Energy calculation finished, energy: -2.138680610E+03
Curvature at dimer midpoint after rotation    -0.00253
Curvature at dimer minimum                    -0.00389
Actual dimer rotation angle:         0.145 deg
Dimer rotation converged after    1 steps
Writing TS-mode
Curvature after dimer rotation:               -0.00389
Frequency of transition mode  -320.471 cm^-1 (negative value denotes imaginary frequency)
Crossover temperature for tunnelling       73.38414 K
Restarting L-BFGS optimiser, instance: dimer rotation
Next calculation will be the dimer  midpoint
dl-find/turbomole/=============================== Tstep:   88.1 Ttot: 9560.1 ==
eandg
Spin: 
 Energy calculation finished, energy: -2.138680054E+03
Testing convergence of dimer midpoint in cycle   28
    Energy  5.5797E-04 Target: 1.0000E-06 converged?   no
  Max step  3.1919E-02 Target: 1.8000E-03 converged?   no component    16
  RMS step  8.5479E-03 Target: 1.2000E-03 converged?   no
  Max grad  1.4044E-03 Target: 4.5000E-04 converged?   no component   246
  RMS grad  2.2903E-04 Target: 3.0000E-04 converged?  yes
Next calculation will be the dimer endpoint before rotation
dl-find/turbomole/=============================== Tstep:  134.2 Ttot: 9694.3 ==
eandg
Spin: 
 Energy calculation finished, energy: -2.138680052E+03
Curvature at dimer midpoint                   -0.00387
Predicted dimer rotation angle:      5.097 deg
Next calculation will be the dimer endpoint after rotation
dl-find/turbomole/=============================== Tstep:  109.0 Ttot: 9803.3 ==
eandg
Spin: 
 Energy calculation finished, energy: -2.138680051E+03
Curvature at dimer midpoint after rotation    -0.00201
Curvature at dimer minimum                    -0.00387
Actual dimer rotation angle:         0.159 deg
Dimer rotation converged after    1 steps
Writing TS-mode
Curvature after dimer rotation:               -0.00387
Frequency of transition mode  -319.686 cm^-1 (negative value denotes imaginary frequency)
Crossover temperature for tunnelling       73.20434 K
Restarting L-BFGS optimiser, instance: dimer rotation
Next calculation will be the dimer  midpoint
dl-find/turbomole/=============================== Tstep:   88.4 Ttot: 9891.7 ==
eandg
Spin: 
 Energy calculation finished, energy: -2.138680071E+03
Testing convergence of dimer midpoint in cycle   29
    Energy  1.6719E-05 Target: 1.0000E-06 converged?   no
  Max step  2.1535E-02 Target: 1.8000E-03 converged?   no component    16
  RMS step  5.2181E-03 Target: 1.2000E-03 converged?   no
  Max grad  7.5398E-04 Target: 4.5000E-04 converged?   no component   246
  RMS grad  1.3365E-04 Target: 3.0000E-04 converged?  yes
Next calculation will be the dimer endpoint before rotation
dl-find/turbomole/=============================== Tstep:  114.9 Ttot:10006.6 ==
eandg
Spin: 
 Energy calculation finished, energy: -2.138680069E+03
Curvature at dimer midpoint                   -0.00382
Predicted dimer rotation angle:      4.180 deg
Next calculation will be the dimer endpoint after rotation
dl-find/turbomole/=============================== Tstep:  112.0 Ttot:10118.6 ==
eandg
Spin: 
 Energy calculation finished, energy: -2.138680069E+03
Curvature at dimer midpoint after rotation    -0.00272
Curvature at dimer minimum                    -0.00382
Actual dimer rotation angle:         0.145 deg
Dimer rotation converged after    1 steps
Writing TS-mode
Curvature after dimer rotation:               -0.00382
Frequency of transition mode  -317.616 cm^-1 (negative value denotes imaginary frequency)
Crossover temperature for tunnelling       72.73039 K
Restarting L-BFGS optimiser, instance: dimer rotation
Next calculation will be the dimer  midpoint
dl-find/turbomole/=============================== Tstep:   87.8 Ttot:10206.4 ==
eandg
Spin: 
 Energy calculation finished, energy: -2.138680093E+03
Testing convergence of dimer midpoint in cycle   30
    Energy  2.1747E-05 Target: 1.0000E-06 converged?   no
  Max step  3.5378E-02 Target: 1.8000E-03 converged?   no component    16
  RMS step  6.6615E-03 Target: 1.2000E-03 converged?   no
  Max grad  3.8853E-04 Target: 4.5000E-04 converged?  yes component   245
  RMS grad  1.0033E-04 Target: 3.0000E-04 converged?  yes
Next calculation will be the dimer endpoint before rotation
dl-find/turbomole/=============================== Tstep:  128.8 Ttot:10335.2 ==
eandg
Spin: 
 Energy calculation finished, energy: -2.138680092E+03
Curvature at dimer midpoint                   -0.00370
Predicted dimer rotation angle:      4.625 deg
Next calculation will be the dimer endpoint after rotation
dl-find/turbomole/=============================== Tstep:  113.4 Ttot:10448.5 ==
eandg
Spin: 
 Energy calculation finished, energy: -2.138680092E+03
Curvature at dimer midpoint after rotation    -0.00208
Curvature at dimer minimum                    -0.00371
Actual dimer rotation angle:         0.131 deg
Dimer rotation converged after    1 steps
Writing TS-mode
Curvature after dimer rotation:               -0.00371
Frequency of transition mode  -312.921 cm^-1 (negative value denotes imaginary frequency)
Crossover temperature for tunnelling       71.65519 K
Restarting L-BFGS optimiser, instance: dimer rotation
Next calculation will be the dimer  midpoint
dl-find/turbomole/=============================== Tstep:   88.4 Ttot:10536.9 ==
eandg
Spin: 
 Energy calculation finished, energy: -2.138680103E+03
Testing convergence of dimer midpoint in cycle   31
    Energy  1.0520E-05 Target: 1.0000E-06 converged?   no
  Max step  1.9582E-02 Target: 1.8000E-03 converged?   no component    16
  RMS step  4.8573E-03 Target: 1.2000E-03 converged?   no
  Max grad  7.0480E-04 Target: 4.5000E-04 converged?   no component   154
  RMS grad  1.1988E-04 Target: 3.0000E-04 converged?  yes
Next calculation will be the dimer endpoint before rotation
dl-find/turbomole/=============================== Tstep:  118.9 Ttot:10655.9 ==
eandg
Spin: 
 Energy calculation finished, energy: -2.138680103E+03
Curvature at dimer midpoint                   -0.00367
Predicted dimer rotation angle:      3.928 deg
Next calculation will be the dimer endpoint after rotation
dl-find/turbomole/=============================== Tstep:  108.4 Ttot:10764.3 ==
eandg
Spin: 
 Energy calculation finished, energy: -2.138680103E+03
Curvature at dimer midpoint after rotation    -0.00279
Curvature at dimer minimum                    -0.00367
Actual dimer rotation angle:         0.143 deg
Dimer rotation converged after    1 steps
Writing TS-mode
Curvature after dimer rotation:               -0.00367
Frequency of transition mode  -311.507 cm^-1 (negative value denotes imaginary frequency)
Crossover temperature for tunnelling       71.33154 K
Restarting L-BFGS optimiser, instance: dimer rotation
Next calculation will be the dimer  midpoint
dl-find/turbomole/=============================== Tstep:   82.4 Ttot:10846.7 ==
eandg
Spin: 
 Energy calculation finished, energy: -2.138680119E+03
Testing convergence of dimer midpoint in cycle   32
    Energy  1.5533E-05 Target: 1.0000E-06 converged?   no
  Max step  4.5160E-02 Target: 1.8000E-03 converged?   no component    16
  RMS step  9.9397E-03 Target: 1.2000E-03 converged?   no
  Max grad  8.5419E-04 Target: 4.5000E-04 converged?   no component    88
  RMS grad  1.9914E-04 Target: 3.0000E-04 converged?  yes
Next calculation will be the dimer endpoint before rotation
dl-find/turbomole/=============================== Tstep:  132.1 Ttot:10978.7 ==
eandg
Spin: 
 Energy calculation finished, energy: -2.138680119E+03
Curvature at dimer midpoint                   -0.00357
Predicted dimer rotation angle:      5.167 deg
Next calculation will be the dimer endpoint after rotation
dl-find/turbomole/=============================== Tstep:  112.0 Ttot:11090.8 ==
eandg
Spin: 
 Energy calculation finished, energy: -2.138680119E+03
Curvature at dimer midpoint after rotation    -0.00169
Curvature at dimer minimum                    -0.00358
Actual dimer rotation angle:         0.152 deg
Dimer rotation converged after    1 steps
Writing TS-mode
Curvature after dimer rotation:               -0.00358
Frequency of transition mode  -307.366 cm^-1 (negative value denotes imaginary frequency)
Crossover temperature for tunnelling       70.38330 K
Restarting L-BFGS optimiser, instance: dimer rotation
Next calculation will be the dimer  midpoint
dl-find/turbomole/=============================== Tstep:   88.3 Ttot:11179.0 ==
eandg
Spin: 
 Energy calculation finished, energy: -2.138680138E+03
Testing convergence of dimer midpoint in cycle   33
    Energy  1.9299E-05 Target: 1.0000E-06 converged?   no
  Max step  2.5597E-02 Target: 1.8000E-03 converged?   no component   247
  RMS step  8.2479E-03 Target: 1.2000E-03 converged?   no
  Max grad  6.3362E-04 Target: 4.5000E-04 converged?   no component   253
  RMS grad  1.2939E-04 Target: 3.0000E-04 converged?  yes
Next calculation will be the dimer endpoint before rotation
dl-find/turbomole/=============================== Tstep:  126.1 Ttot:11305.1 ==
eandg
Spin: 
 Energy calculation finished, energy: -2.138680138E+03
Curvature at dimer midpoint                   -0.00357
Predicted dimer rotation angle:      4.429 deg
Next calculation will be the dimer endpoint after rotation
dl-find/turbomole/=============================== Tstep:  108.4 Ttot:11413.5 ==
eandg
Spin: 
 Energy calculation finished, energy: -2.138680138E+03
Curvature at dimer midpoint after rotation    -0.00225
Curvature at dimer minimum                    -0.00358
Actual dimer rotation angle:         0.135 deg
Dimer rotation converged after    1 steps
Writing TS-mode
Curvature after dimer rotation:               -0.00358
Frequency of transition mode  -307.384 cm^-1 (negative value denotes imaginary frequency)
Crossover temperature for tunnelling       70.38748 K
Restarting L-BFGS optimiser, instance: dimer rotation
Next calculation will be the dimer  midpoint
dl-find/turbomole/=============================== Tstep:   88.4 Ttot:11501.9 ==
eandg
Spin: 
 Energy calculation finished, energy: -2.138680732E+03
Testing convergence of dimer midpoint in cycle   34
    Energy  5.9428E-04 Target: 1.0000E-06 converged?   no
  Max step  9.8501E-03 Target: 1.8000E-03 converged?   no component    22
  RMS step  2.1457E-03 Target: 1.2000E-03 converged?   no
  Max grad  7.1153E-04 Target: 4.5000E-04 converged?   no component   154
  RMS grad  1.1636E-04 Target: 3.0000E-04 converged?  yes
Next calculation will be the dimer endpoint before rotation
dl-find/turbomole/=============================== Tstep:  130.5 Ttot:11632.4 ==
eandg
Spin: 
 Energy calculation finished, energy: -2.138680733E+03
Curvature at dimer midpoint                   -0.00359
Predicted dimer rotation angle:      3.947 deg
Next calculation will be the dimer endpoint after rotation
dl-find/turbomole/=============================== Tstep:  109.4 Ttot:11741.8 ==
eandg
Spin: 
 Energy calculation finished, energy: -2.138680733E+03
Curvature at dimer midpoint after rotation    -0.00260
Curvature at dimer minimum                    -0.00359
Actual dimer rotation angle:         0.128 deg
Dimer rotation converged after    1 steps
Writing TS-mode
Curvature after dimer rotation:               -0.00359
Frequency of transition mode  -307.951 cm^-1 (negative value denotes imaginary frequency)
Crossover temperature for tunnelling       70.51723 K
Restarting L-BFGS optimiser, instance: dimer rotation
Next calculation will be the dimer  midpoint
dl-find/turbomole/=============================== Tstep:   83.9 Ttot:11825.7 ==
eandg
Spin: 
 Energy calculation finished, energy: -2.138680217E+03
Testing convergence of dimer midpoint in cycle   35
    Energy  5.1494E-04 Target: 1.0000E-06 converged?   no
  Max step  3.6015E-02 Target: 1.8000E-03 converged?   no component   232
  RMS step  7.8450E-03 Target: 1.2000E-03 converged?   no
  Max grad  7.3793E-04 Target: 4.5000E-04 converged?   no component   154
  RMS grad  1.3106E-04 Target: 3.0000E-04 converged?  yes
Next calculation will be the dimer endpoint before rotation
dl-find/turbomole/=============================== Tstep:  132.5 Ttot:11958.2 ==
eandg
Spin: 
 Energy calculation finished, energy: -2.138680215E+03
Curvature at dimer midpoint                   -0.00367
Predicted dimer rotation angle:      4.301 deg
Next calculation will be the dimer endpoint after rotation
dl-find/turbomole/=============================== Tstep:  112.3 Ttot:12070.6 ==
eandg
Spin: 
 Energy calculation finished, energy: -2.138680215E+03
Curvature at dimer midpoint after rotation    -0.00239
Curvature at dimer minimum                    -0.00367
Actual dimer rotation angle:         0.131 deg
Dimer rotation converged after    1 steps
Writing TS-mode
Curvature after dimer rotation:               -0.00367
Frequency of transition mode  -311.614 cm^-1 (negative value denotes imaginary frequency)
Crossover temperature for tunnelling       71.35606 K
Restarting L-BFGS optimiser, instance: dimer rotation
Next calculation will be the dimer  midpoint
dl-find/turbomole/=============================== Tstep:   83.6 Ttot:12154.2 ==
eandg
Spin: 
 Energy calculation finished, energy: -2.138680245E+03
Testing convergence of dimer midpoint in cycle   36
    Energy  2.7488E-05 Target: 1.0000E-06 converged?   no
  Max step  1.7906E-02 Target: 1.8000E-03 converged?   no component    16
  RMS step  3.4562E-03 Target: 1.2000E-03 converged?   no
  Max grad  6.4218E-04 Target: 4.5000E-04 converged?   no component   246
  RMS grad  9.6764E-05 Target: 3.0000E-04 converged?  yes
Next calculation will be the dimer endpoint before rotation
dl-find/turbomole/=============================== Tstep:  115.4 Ttot:12269.6 ==
eandg
Spin: 
 Energy calculation finished, energy: -2.138680239E+03
Curvature at dimer midpoint                   -0.00360
Predicted dimer rotation angle:      6.145 deg
Next calculation will be the dimer endpoint after rotation
dl-find/turbomole/=============================== Tstep:  109.9 Ttot:12379.5 ==
eandg
Spin: 
 Energy calculation finished, energy: -2.138680240E+03
Curvature at dimer midpoint after rotation    -0.00177
Curvature at dimer minimum                    -0.00360
Actual dimer rotation angle:         0.258 deg
Dimer rotation converged after    1 steps
Writing TS-mode
Curvature after dimer rotation:               -0.00360
Frequency of transition mode  -308.418 cm^-1 (negative value denotes imaginary frequency)
Crossover temperature for tunnelling       70.62427 K
Restarting L-BFGS optimiser, instance: dimer rotation
Next calculation will be the dimer  midpoint
dl-find/turbomole/=============================== Tstep:   74.1 Ttot:12453.6 ==
eandg
Spin: 
 Energy calculation finished, energy: -2.138680520E+03
Testing convergence of dimer midpoint in cycle   37
    Energy  2.7512E-04 Target: 1.0000E-06 converged?   no
  Max step  4.1489E-02 Target: 1.8000E-03 converged?   no component    16
  RMS step  7.3798E-03 Target: 1.2000E-03 converged?   no
  Max grad  2.6061E-04 Target: 4.5000E-04 converged?  yes component    63
  RMS grad  7.4989E-05 Target: 3.0000E-04 converged?  yes
Next calculation will be the dimer endpoint before rotation
dl-find/turbomole/=============================== Tstep:  134.4 Ttot:12588.0 ==
eandg
Spin: 
 Energy calculation finished, energy: -2.138680520E+03
Curvature at dimer midpoint                   -0.00342
Predicted dimer rotation angle:      5.907 deg
Next calculation will be the dimer endpoint after rotation
dl-find/turbomole/=============================== Tstep:  109.4 Ttot:12697.4 ==
eandg
Spin: 
 Energy calculation finished, energy: -2.138680519E+03
Curvature at dimer midpoint after rotation    -0.00044
Curvature at dimer minimum                    -0.00342
Actual dimer rotation angle:         0.139 deg
Dimer rotation converged after    1 steps
Writing TS-mode
Curvature after dimer rotation:               -0.00342
Frequency of transition mode  -300.790 cm^-1 (negative value denotes imaginary frequency)
Crossover temperature for tunnelling       68.87734 K
Restarting L-BFGS optimiser, instance: dimer rotation
Next calculation will be the dimer  midpoint
dl-find/turbomole/=============================== Tstep:   90.3 Ttot:12787.7 ==
eandg
Spin: 
 Energy calculation finished, energy: -2.138680526E+03
Testing convergence of dimer midpoint in cycle   38
    Energy  5.8750E-06 Target: 1.0000E-06 converged?   no
  Max step  1.2294E-02 Target: 1.8000E-03 converged?   no component   223
  RMS step  2.8835E-03 Target: 1.2000E-03 converged?   no
  Max grad  6.0423E-04 Target: 4.5000E-04 converged?   no component   154
  RMS grad  8.8520E-05 Target: 3.0000E-04 converged?  yes
Next calculation will be the dimer endpoint before rotation
dl-find/turbomole/=============================== Tstep:  113.4 Ttot:12901.1 ==
eandg
Spin: 
 Energy calculation finished, energy: -2.138680527E+03
Curvature at dimer midpoint                   -0.00337
Predicted dimer rotation angle:      4.806 deg
Next calculation will be the dimer endpoint after rotation
dl-find/turbomole/=============================== Tstep:  112.8 Ttot:13014.0 ==
eandg
Spin: 
 Energy calculation finished, energy: -2.138680528E+03
Curvature at dimer midpoint after rotation    -0.00224
Curvature at dimer minimum                    -0.00338
Actual dimer rotation angle:         0.187 deg
Dimer rotation converged after    1 steps
Writing TS-mode
Curvature after dimer rotation:               -0.00338
Frequency of transition mode  -298.705 cm^-1 (negative value denotes imaginary frequency)
Crossover temperature for tunnelling       68.40005 K
Restarting L-BFGS optimiser, instance: dimer rotation
Next calculation will be the dimer  midpoint
dl-find/turbomole/=============================== Tstep:   88.7 Ttot:13102.7 ==
eandg
Spin: 
 Energy calculation finished, energy: -2.138680522E+03
Testing convergence of dimer midpoint in cycle   39
    Energy  3.5250E-06 Target: 1.0000E-06 converged?   no
  Max step  3.1619E-02 Target: 1.8000E-03 converged?   no component   223
  RMS step  7.9888E-03 Target: 1.2000E-03 converged?   no
  Max grad  6.3898E-04 Target: 4.5000E-04 converged?   no component   246
  RMS grad  8.8909E-05 Target: 3.0000E-04 converged?  yes
Next calculation will be the dimer endpoint before rotation
dl-find/turbomole/=============================== Tstep:  123.4 Ttot:13226.1 ==
eandg
Spin: 
 Energy calculation finished, energy: -2.138680524E+03
Curvature at dimer midpoint                   -0.00330
Predicted dimer rotation angle:      5.420 deg
Next calculation will be the dimer endpoint after rotation
dl-find/turbomole/=============================== Tstep:  111.1 Ttot:13337.1 ==
eandg
Spin: 
 Energy calculation finished, energy: -2.138680524E+03
Curvature at dimer midpoint after rotation    -0.00064
Curvature at dimer minimum                    -0.00331
Actual dimer rotation angle:         0.116 deg
Dimer rotation converged after    1 steps
Writing TS-mode
Curvature after dimer rotation:               -0.00331
Frequency of transition mode  -295.542 cm^-1 (negative value denotes imaginary frequency)
Crossover temperature for tunnelling       67.67560 K
Restarting L-BFGS optimiser, instance: dimer rotation
Next calculation will be the dimer  midpoint
dl-find/turbomole/=============================== Tstep:   84.6 Ttot:13421.7 ==
eandg
Spin: 
 Energy calculation finished, energy: -2.138680528E+03
Testing convergence of dimer midpoint in cycle   40
    Energy  5.1410E-06 Target: 1.0000E-06 converged?   no
  Max step  1.5530E-02 Target: 1.8000E-03 converged?   no component   223
  RMS step  3.1833E-03 Target: 1.2000E-03 converged?   no
  Max grad  8.1109E-04 Target: 4.5000E-04 converged?   no component   251
  RMS grad  1.2698E-04 Target: 3.0000E-04 converged?  yes
Next calculation will be the dimer endpoint before rotation
dl-find/turbomole/=============================== Tstep:  125.6 Ttot:13547.3 ==
eandg
Spin: 
 Energy calculation finished, energy: -2.138680529E+03
Curvature at dimer midpoint                   -0.00329
Predicted dimer rotation angle:      4.317 deg
Next calculation will be the dimer endpoint after rotation
dl-find/turbomole/=============================== Tstep:  109.7 Ttot:13657.0 ==
eandg
Spin: 
 Energy calculation finished, energy: -2.138680529E+03
Curvature at dimer midpoint after rotation    -0.00234
Curvature at dimer minimum                    -0.00329
Actual dimer rotation angle:         0.158 deg
Dimer rotation converged after    1 steps
Writing TS-mode
Curvature after dimer rotation:               -0.00329
Frequency of transition mode  -294.892 cm^-1 (negative value denotes imaginary frequency)
Crossover temperature for tunnelling       67.52691 K
Restarting L-BFGS optimiser, instance: dimer rotation
Next calculation will be the dimer  midpoint
dl-find/turbomole/=============================== Tstep:   86.8 Ttot:13743.8 ==
eandg
Spin: 
 Energy calculation finished, energy: -2.138680541E+03
Testing convergence of dimer midpoint in cycle   41
    Energy  1.3141E-05 Target: 1.0000E-06 converged?   no
  Max step  7.8389E-03 Target: 1.8000E-03 converged?   no component    16
  RMS step  1.7625E-03 Target: 1.2000E-03 converged?   no
  Max grad  2.5220E-04 Target: 4.5000E-04 converged?  yes component     5
  RMS grad  7.1832E-05 Target: 3.0000E-04 converged?  yes
Next calculation will be the dimer endpoint before rotation
dl-find/turbomole/=============================== Tstep:  105.4 Ttot:13849.1 ==
eandg
Spin: 
 Energy calculation finished, energy: -2.138680541E+03
Curvature at dimer midpoint                   -0.00331
Predicted dimer rotation angle:      4.763 deg
Next calculation will be the dimer endpoint after rotation
dl-find/turbomole/=============================== Tstep:  110.0 Ttot:13959.2 ==
eandg
Spin: 
 Energy calculation finished, energy: -2.138680541E+03
Curvature at dimer midpoint after rotation    -0.00117
Curvature at dimer minimum                    -0.00331
Actual dimer rotation angle:         0.098 deg
Dimer rotation converged after    1 steps
Writing TS-mode
Curvature after dimer rotation:               -0.00331
Frequency of transition mode  -295.689 cm^-1 (negative value denotes imaginary frequency)
Crossover temperature for tunnelling       67.70927 K
Restarting L-BFGS optimiser, instance: dimer rotation
Next calculation will be the dimer  midpoint
dl-find/turbomole/=============================== Tstep:   89.1 Ttot:14048.2 ==
eandg
Spin: 
 Energy calculation finished, energy: -2.138680549E+03
Testing convergence of dimer midpoint in cycle   42
    Energy  8.3580E-06 Target: 1.0000E-06 converged?   no
  Max step  5.1840E-03 Target: 1.8000E-03 converged?   no component   238
  RMS step  1.4868E-03 Target: 1.2000E-03 converged?   no
  Max grad  2.7212E-04 Target: 4.5000E-04 converged?  yes component   219
  RMS grad  6.2303E-05 Target: 3.0000E-04 converged?  yes
Next calculation will be the dimer endpoint before rotation
dl-find/turbomole/=============================== Tstep:  120.7 Ttot:14168.9 ==
eandg
Spin: 
 Energy calculation finished, energy: -2.138680549E+03
Curvature at dimer midpoint                   -0.00336
Predicted dimer rotation angle:      3.508 deg
Next calculation will be the dimer endpoint after rotation
dl-find/turbomole/=============================== Tstep:  109.2 Ttot:14278.1 ==
eandg
Spin: 
 Energy calculation finished, energy: -2.138680549E+03
Curvature at dimer midpoint after rotation    -0.00264
Curvature at dimer minimum                    -0.00337
Actual dimer rotation angle:         0.114 deg
Dimer rotation converged after    1 steps
Writing TS-mode
Curvature after dimer rotation:               -0.00337
Frequency of transition mode  -298.201 cm^-1 (negative value denotes imaginary frequency)
Crossover temperature for tunnelling       68.28467 K
Restarting L-BFGS optimiser, instance: dimer rotation
Next calculation will be the dimer  midpoint
dl-find/turbomole/=============================== Tstep:   85.9 Ttot:14364.0 ==
eandg
Spin: 
 Energy calculation finished, energy: -2.138680552E+03
Testing convergence of dimer midpoint in cycle   43
    Energy  3.1670E-06 Target: 1.0000E-06 converged?   no
  Max step  9.6309E-03 Target: 1.8000E-03 converged?   no component   238
  RMS step  2.3664E-03 Target: 1.2000E-03 converged?   no
  Max grad  3.4667E-04 Target: 4.5000E-04 converged?  yes component   251
  RMS grad  7.0628E-05 Target: 3.0000E-04 converged?  yes
Next calculation will be the dimer endpoint before rotation
dl-find/turbomole/=============================== Tstep:  114.6 Ttot:14478.6 ==
eandg
Spin: 
 Energy calculation finished, energy: -2.138680553E+03
Curvature at dimer midpoint                   -0.00326
Predicted dimer rotation angle:      4.022 deg
Next calculation will be the dimer endpoint after rotation
dl-find/turbomole/=============================== Tstep:  110.2 Ttot:14588.8 ==
eandg
Spin: 
 Energy calculation finished, energy: -2.138680553E+03
Curvature at dimer midpoint after rotation    -0.00212
Curvature at dimer minimum                    -0.00326
Actual dimer rotation angle:         0.108 deg
Dimer rotation converged after    1 steps
Writing TS-mode
Curvature after dimer rotation:               -0.00326
Frequency of transition mode  -293.335 cm^-1 (negative value denotes imaginary frequency)
Crossover temperature for tunnelling       67.17026 K
Restarting L-BFGS optimiser, instance: dimer rotation
Next calculation will be the dimer  midpoint
dl-find/turbomole/=============================== Tstep:   77.2 Ttot:14666.0 ==
eandg
Spin: 
 Energy calculation finished, energy: -2.138680284E+03
Testing convergence of dimer midpoint in cycle   44
    Energy  2.6824E-04 Target: 1.0000E-06 converged?   no
  Max step  3.2196E-02 Target: 1.8000E-03 converged?   no component   238
  RMS step  8.4983E-03 Target: 1.2000E-03 converged?   no
  Max grad  9.8647E-04 Target: 4.5000E-04 converged?   no component   219
  RMS grad  1.7579E-04 Target: 3.0000E-04 converged?  yes
Next calculation will be the dimer endpoint before rotation
dl-find/turbomole/=============================== Tstep:  131.7 Ttot:14797.7 ==
eandg
Spin: 
 Energy calculation finished, energy: -2.138680285E+03
Curvature at dimer midpoint                   -0.00321
Predicted dimer rotation angle:      4.529 deg
Next calculation will be the dimer endpoint after rotation
dl-find/turbomole/=============================== Tstep:  109.7 Ttot:14907.4 ==
eandg
Spin: 
 Energy calculation finished, energy: -2.138680285E+03
Curvature at dimer midpoint after rotation    -0.00154
Curvature at dimer minimum                    -0.00321
Actual dimer rotation angle:         0.104 deg
Dimer rotation converged after    1 steps
Writing TS-mode
Curvature after dimer rotation:               -0.00321
Frequency of transition mode  -291.371 cm^-1 (negative value denotes imaginary frequency)
Crossover temperature for tunnelling       66.72066 K
Restarting L-BFGS optimiser, instance: dimer rotation
Next calculation will be the dimer  midpoint
dl-find/turbomole/=============================== Tstep:   88.4 Ttot:14995.7 ==
eandg
Spin: 
 Energy calculation finished, energy: -2.138680298E+03
Testing convergence of dimer midpoint in cycle   45
    Energy  1.3659E-05 Target: 1.0000E-06 converged?   no
  Max step  1.7715E-02 Target: 1.8000E-03 converged?   no component   238
  RMS step  5.1778E-03 Target: 1.2000E-03 converged?   no
  Max grad  2.4464E-04 Target: 4.5000E-04 converged?  yes component   241
  RMS grad  6.8539E-05 Target: 3.0000E-04 converged?  yes
Next calculation will be the dimer endpoint before rotation
dl-find/turbomole/=============================== Tstep:  114.8 Ttot:15110.6 ==
eandg
Spin: 
 Energy calculation finished, energy: -2.138680299E+03
Curvature at dimer midpoint                   -0.00315
Predicted dimer rotation angle:      3.691 deg
Next calculation will be the dimer endpoint after rotation
dl-find/turbomole/=============================== Tstep:  109.5 Ttot:15220.0 ==
eandg
Spin: 
 Energy calculation finished, energy: -2.138680299E+03
Curvature at dimer midpoint after rotation    -0.00260
Curvature at dimer minimum                    -0.00315
Actual dimer rotation angle:         0.159 deg
Dimer rotation converged after    1 steps
Writing TS-mode
Curvature after dimer rotation:               -0.00315
Frequency of transition mode  -288.703 cm^-1 (negative value denotes imaginary frequency)
Crossover temperature for tunnelling       66.10964 K
Restarting L-BFGS optimiser, instance: dimer rotation
Next calculation will be the dimer  midpoint
dl-find/turbomole/=============================== Tstep:   87.3 Ttot:15307.4 ==
eandg
Spin: 
 Energy calculation finished, energy: -2.138680303E+03
Testing convergence of dimer midpoint in cycle   46
    Energy  5.3580E-06 Target: 1.0000E-06 converged?   no
  Max step  7.9781E-03 Target: 1.8000E-03 converged?   no component    16
  RMS step  2.4023E-03 Target: 1.2000E-03 converged?   no
  Max grad  2.2677E-04 Target: 4.5000E-04 converged?  yes component   241
  RMS grad  5.8284E-05 Target: 3.0000E-04 converged?  yes
Next calculation will be the dimer endpoint before rotation
dl-find/turbomole/=============================== Tstep:  123.7 Ttot:15431.1 ==
eandg
Spin: 
 Energy calculation finished, energy: -2.138680305E+03
Curvature at dimer midpoint                   -0.00315
Predicted dimer rotation angle:      4.869 deg
Next calculation will be the dimer endpoint after rotation
dl-find/turbomole/=============================== Tstep:  113.7 Ttot:15544.8 ==
eandg
Spin: 
 Energy calculation finished, energy: -2.138680304E+03
Curvature at dimer midpoint after rotation    -0.00083
Curvature at dimer minimum                    -0.00315
Actual dimer rotation angle:         0.093 deg
Dimer rotation converged after    1 steps
Writing TS-mode
Curvature after dimer rotation:               -0.00315
Frequency of transition mode  -288.456 cm^-1 (negative value denotes imaginary frequency)
Crossover temperature for tunnelling       66.05308 K
Restarting L-BFGS optimiser, instance: dimer rotation
Next calculation will be the dimer  midpoint
dl-find/turbomole/=============================== Tstep:   90.8 Ttot:15635.6 ==
eandg
Spin: 
 Energy calculation finished, energy: -2.138680399E+03
Testing convergence of dimer midpoint in cycle   47
    Energy  9.6279E-05 Target: 1.0000E-06 converged?   no
  Max step  1.7828E-02 Target: 1.8000E-03 converged?   no component   238
  RMS step  5.3715E-03 Target: 1.2000E-03 converged?   no
  Max grad  2.9300E-04 Target: 4.5000E-04 converged?  yes component    54
  RMS grad  7.7283E-05 Target: 3.0000E-04 converged?  yes
Next calculation will be the dimer endpoint before rotation
dl-find/turbomole/=============================== Tstep:  127.4 Ttot:15763.0 ==
eandg
Spin: 
 Energy calculation finished, energy: -2.138680401E+03
Curvature at dimer midpoint                   -0.00314
Predicted dimer rotation angle:      2.753 deg
Next calculation will be the dimer endpoint after rotation
dl-find/turbomole/=============================== Tstep:  109.5 Ttot:15872.5 ==
eandg
Spin: 
 Energy calculation finished, energy: -2.138680401E+03
Curvature at dimer midpoint after rotation    -0.00295
Curvature at dimer minimum                    -0.00314
Actual dimer rotation angle:         0.188 deg
Dimer rotation converged after    1 steps
Writing TS-mode
Curvature after dimer rotation:               -0.00314
Frequency of transition mode  -287.993 cm^-1 (negative value denotes imaginary frequency)
Crossover temperature for tunnelling       65.94716 K
Restarting L-BFGS optimiser, instance: dimer rotation
Next calculation will be the dimer  midpoint
dl-find/turbomole/=============================== Tstep:   76.5 Ttot:15948.9 ==
eandg
Spin: 
 Energy calculation finished, energy: -2.138680659E+03
Testing convergence of dimer midpoint in cycle   48
    Energy  2.6018E-04 Target: 1.0000E-06 converged?   no
  Max step  2.4228E-02 Target: 1.8000E-03 converged?   no component   241
  RMS step  5.6472E-03 Target: 1.2000E-03 converged?   no
  Max grad  7.0171E-04 Target: 4.5000E-04 converged?   no component    55
  RMS grad  1.3073E-04 Target: 3.0000E-04 converged?  yes
Next calculation will be the dimer endpoint before rotation
dl-find/turbomole/=============================== Tstep:  132.0 Ttot:16080.9 ==
eandg
Spin: 
 Energy calculation finished, energy: -2.138680661E+03
Curvature at dimer midpoint                   -0.00319
Predicted dimer rotation angle:      5.441 deg
Next calculation will be the dimer endpoint after rotation
dl-find/turbomole/=============================== Tstep:  109.7 Ttot:16190.6 ==
eandg
Spin: 
 Energy calculation finished, energy: -2.138680661E+03
Curvature at dimer midpoint after rotation     0.00032
Curvature at dimer minimum                    -0.00319
Actual dimer rotation angle:         0.087 deg
Dimer rotation converged after    1 steps
Writing TS-mode
Curvature after dimer rotation:               -0.00319
Frequency of transition mode  -290.235 cm^-1 (negative value denotes imaginary frequency)
Crossover temperature for tunnelling       66.46055 K
Restarting L-BFGS optimiser, instance: dimer rotation
Next calculation will be the dimer  midpoint
dl-find/turbomole/=============================== Tstep:   84.7 Ttot:16275.3 ==
eandg
Spin: 
 Energy calculation finished, energy: -2.138680668E+03
Testing convergence of dimer midpoint in cycle   49
    Energy  8.4950E-06 Target: 1.0000E-06 converged?   no
  Max step  3.5966E-02 Target: 1.8000E-03 converged?   no component   241
  RMS step  8.1919E-03 Target: 1.2000E-03 converged?   no
  Max grad  6.2598E-04 Target: 4.5000E-04 converged?   no component   253
  RMS grad  1.1633E-04 Target: 3.0000E-04 converged?  yes
Next calculation will be the dimer endpoint before rotation
dl-find/turbomole/=============================== Tstep:  120.9 Ttot:16396.2 ==
eandg
Spin: 
 Energy calculation finished, energy: -2.138680669E+03
Curvature at dimer midpoint                   -0.00321
Predicted dimer rotation angle:      2.324 deg
Next calculation will be the dimer endpoint after rotation
dl-find/turbomole/=============================== Tstep:  109.8 Ttot:16506.0 ==
eandg
Spin: 
 Energy calculation finished, energy: -2.138680669E+03
Curvature at dimer midpoint after rotation    -0.00306
Curvature at dimer minimum                    -0.00321
Actual dimer rotation angle:         0.149 deg
Dimer rotation converged after    1 steps
Writing TS-mode
Curvature after dimer rotation:               -0.00321
Frequency of transition mode  -291.216 cm^-1 (negative value denotes imaginary frequency)
Crossover temperature for tunnelling       66.68514 K
Restarting L-BFGS optimiser, instance: dimer rotation
Next calculation will be the dimer  midpoint
dl-find/turbomole/=============================== Tstep:   72.2 Ttot:16578.2 ==
eandg
Spin: 
 Energy calculation finished, energy: -2.138680397E+03
Testing convergence of dimer midpoint in cycle   50
    Energy  2.7119E-04 Target: 1.0000E-06 converged?   no
  Max step  2.9329E-02 Target: 1.8000E-03 converged?   no component   241
  RMS step  6.8019E-03 Target: 1.2000E-03 converged?   no
  Max grad  2.8067E-04 Target: 4.5000E-04 converged?  yes component    22
  RMS grad  8.0002E-05 Target: 3.0000E-04 converged?  yes
Next calculation will be the dimer endpoint before rotation
dl-find/turbomole/=============================== Tstep:  128.5 Ttot:16706.6 ==
eandg
Spin: 
 Energy calculation finished, energy: -2.138680410E+03
Curvature at dimer midpoint                   -0.00273
Predicted dimer rotation angle:     25.468 deg
Next calculation will be the dimer endpoint after rotation
dl-find/turbomole/=============================== Tstep:  114.0 Ttot:16820.6 ==
eandg
Spin: 
 Energy calculation finished, energy: -2.138680412E+03
Curvature at dimer midpoint after rotation     0.01748
Curvature at dimer minimum                    -0.00282
Actual dimer rotation angle:         1.558 deg
Dimer rotation converged after    1 steps
Writing TS-mode
Curvature after dimer rotation:               -0.00282
Frequency of transition mode  -272.854 cm^-1 (negative value denotes imaginary frequency)
Crossover temperature for tunnelling       62.48035 K
Restarting L-BFGS optimiser, instance: dimer rotation
Next calculation will be the dimer  midpoint
dl-find/turbomole/=============================== Tstep:  107.2 Ttot:16927.8 ==
eandg
Spin: 
 Energy calculation finished, energy: -2.138680405E+03
Testing convergence of dimer midpoint in cycle   51
    Energy  8.2460E-06 Target: 1.0000E-06 converged?   no
  Max step  3.3231E-02 Target: 1.8000E-03 converged?   no component   241
  RMS step  5.2489E-03 Target: 1.2000E-03 converged?   no
  Max grad  4.1767E-04 Target: 4.5000E-04 converged?  yes component   219
  RMS grad  9.3525E-05 Target: 3.0000E-04 converged?  yes
Next calculation will be the dimer endpoint before rotation
dl-find/turbomole/=============================== Tstep:  115.2 Ttot:17043.0 ==
eandg
Spin: 
 Energy calculation finished, energy: -2.138680406E+03
Curvature at dimer midpoint                   -0.00309
Predicted dimer rotation angle:     23.569 deg
Next calculation will be the dimer endpoint after rotation
dl-find/turbomole/=============================== Tstep:  108.7 Ttot:17151.6 ==
eandg
Spin: 
 Energy calculation finished, energy: -2.138680403E+03
Curvature at dimer midpoint after rotation     0.02055
Curvature at dimer minimum                    -0.00316
Actual dimer rotation angle:         1.170 deg
Dimer rotation converged after    1 steps
Writing TS-mode
Curvature after dimer rotation:               -0.00316
Frequency of transition mode  -289.071 cm^-1 (negative value denotes imaginary frequency)
Crossover temperature for tunnelling       66.19391 K
Restarting L-BFGS optimiser, instance: dimer rotation
Next calculation will be the dimer  midpoint
dl-find/turbomole/=============================== Tstep:  103.6 Ttot:17255.2 ==
eandg
Spin: 
 Energy calculation finished, energy: -2.138680408E+03
Testing convergence of dimer midpoint in cycle   52
    Energy  3.3910E-06 Target: 1.0000E-06 converged?   no
  Max step  3.6763E-02 Target: 1.8000E-03 converged?   no component   241
  RMS step  5.4132E-03 Target: 1.2000E-03 converged?   no
  Max grad  6.5978E-04 Target: 4.5000E-04 converged?   no component    81
  RMS grad  1.4254E-04 Target: 3.0000E-04 converged?  yes
Next calculation will be the dimer endpoint before rotation
dl-find/turbomole/=============================== Tstep:  110.9 Ttot:17366.1 ==
eandg
Spin: 
 Energy calculation finished, energy: -2.138680410E+03
Curvature at dimer midpoint                   -0.00311
Predicted dimer rotation angle:     18.084 deg
Next calculation will be the dimer endpoint after rotation
dl-find/turbomole/=============================== Tstep:  109.5 Ttot:17475.6 ==
eandg
Spin: 
 Energy calculation finished, energy: -2.138680408E+03
Curvature at dimer midpoint after rotation     0.03413
Curvature at dimer minimum                    -0.00313
Actual dimer rotation angle:         0.326 deg
Dimer rotation converged after    1 steps
Writing TS-mode
Curvature after dimer rotation:               -0.00313
Frequency of transition mode  -287.383 cm^-1 (negative value denotes imaginary frequency)
Crossover temperature for tunnelling       65.80746 K
Restarting L-BFGS optimiser, instance: dimer rotation
Next calculation will be the dimer  midpoint
dl-find/turbomole/=============================== Tstep:  105.9 Ttot:17581.5 ==
eandg
Spin: 
 Energy calculation finished, energy: -2.138680416E+03
Testing convergence of dimer midpoint in cycle   53
    Energy  7.3920E-06 Target: 1.0000E-06 converged?   no
  Max step  2.8964E-02 Target: 1.8000E-03 converged?   no component   241
  RMS step  4.6941E-03 Target: 1.2000E-03 converged?   no
  Max grad  3.2217E-04 Target: 4.5000E-04 converged?  yes component    12
  RMS grad  9.2994E-05 Target: 3.0000E-04 converged?  yes
Next calculation will be the dimer endpoint before rotation
dl-find/turbomole/=============================== Tstep:  120.8 Ttot:17702.3 ==
eandg
Spin: 
 Energy calculation finished, energy: -2.138680417E+03
Curvature at dimer midpoint                   -0.00309
Predicted dimer rotation angle:      6.261 deg
Next calculation will be the dimer endpoint after rotation
dl-find/turbomole/=============================== Tstep:  110.6 Ttot:17812.9 ==
eandg
Spin: 
 Energy calculation finished, energy: -2.138680417E+03
Curvature at dimer midpoint after rotation    -0.00094
Curvature at dimer minimum                    -0.00309
Actual dimer rotation angle:         0.203 deg
Dimer rotation converged after    1 steps
Writing TS-mode
Curvature after dimer rotation:               -0.00309
Frequency of transition mode  -285.943 cm^-1 (negative value denotes imaginary frequency)
Crossover temperature for tunnelling       65.47761 K
Restarting L-BFGS optimiser, instance: dimer rotation
Next calculation will be the dimer  midpoint
dl-find/turbomole/=============================== Tstep:   90.0 Ttot:17902.9 ==
eandg
Spin: 
 Energy calculation finished, energy: -2.138680424E+03
Testing convergence of dimer midpoint in cycle   54
    Energy  8.6820E-06 Target: 1.0000E-06 converged?   no
  Max step  4.1978E-02 Target: 1.8000E-03 converged?   no component   241
  RMS step  8.3681E-03 Target: 1.2000E-03 converged?   no
  Max grad  2.7463E-04 Target: 4.5000E-04 converged?  yes component    11
  RMS grad  8.0014E-05 Target: 3.0000E-04 converged?  yes
Next calculation will be the dimer endpoint before rotation
dl-find/turbomole/=============================== Tstep:  118.2 Ttot:18021.1 ==
eandg
Spin: 
 Energy calculation finished, energy: -2.138680426E+03
Curvature at dimer midpoint                   -0.00305
Predicted dimer rotation angle:      5.144 deg
Next calculation will be the dimer endpoint after rotation
dl-find/turbomole/=============================== Tstep:  112.7 Ttot:18133.8 ==
eandg
Spin: 
 Energy calculation finished, energy: -2.138680426E+03
Curvature at dimer midpoint after rotation    -0.00054
Curvature at dimer minimum                    -0.00305
Actual dimer rotation angle:         0.098 deg
Dimer rotation converged after    1 steps
Writing TS-mode
Curvature after dimer rotation:               -0.00305
Frequency of transition mode  -283.834 cm^-1 (negative value denotes imaginary frequency)
Crossover temperature for tunnelling       64.99473 K
Restarting L-BFGS optimiser, instance: dimer rotation
Next calculation will be the dimer  midpoint
dl-find/turbomole/=============================== Tstep:   89.6 Ttot:18223.4 ==
eandg
Spin: 
 Energy calculation finished, energy: -2.138680432E+03
Testing convergence of dimer midpoint in cycle   55
    Energy  7.9240E-06 Target: 1.0000E-06 converged?   no
  Max step  4.1653E-02 Target: 1.8000E-03 converged?   no component   241
  RMS step  8.9387E-03 Target: 1.2000E-03 converged?   no
  Max grad  4.9772E-04 Target: 4.5000E-04 converged?   no component    80
  RMS grad  1.2113E-04 Target: 3.0000E-04 converged?  yes
Next calculation will be the dimer endpoint before rotation
dl-find/turbomole/=============================== Tstep:  126.8 Ttot:18350.2 ==
eandg
Spin: 
 Energy calculation finished, energy: -2.138680432E+03
Curvature at dimer midpoint                   -0.00310
Predicted dimer rotation angle:      4.182 deg
Next calculation will be the dimer endpoint after rotation
dl-find/turbomole/=============================== Tstep:  110.0 Ttot:18460.2 ==
eandg
Spin: 
 Energy calculation finished, energy: -2.138680431E+03
Curvature at dimer midpoint after rotation    -0.00221
Curvature at dimer minimum                    -0.00310
Actual dimer rotation angle:         0.145 deg
Dimer rotation converged after    1 steps
Writing TS-mode
Curvature after dimer rotation:               -0.00310
Frequency of transition mode  -286.230 cm^-1 (negative value denotes imaginary frequency)
Crossover temperature for tunnelling       65.54329 K
Restarting L-BFGS optimiser, instance: dimer rotation
Next calculation will be the dimer  midpoint
dl-find/turbomole/=============================== Tstep:   90.0 Ttot:18550.1 ==
eandg
Spin: 
 Energy calculation finished, energy: -2.138680409E+03
Testing convergence of dimer midpoint in cycle   56
    Energy  2.3177E-05 Target: 1.0000E-06 converged?   no
  Max step  6.5166E-02 Target: 1.8000E-03 converged?   no component   241
  RMS step  1.3601E-02 Target: 1.2000E-03 converged?   no
  Max grad  7.1869E-04 Target: 4.5000E-04 converged?   no component    54
  RMS grad  1.3285E-04 Target: 3.0000E-04 converged?  yes
Next calculation will be the dimer endpoint before rotation
dl-find/turbomole/=============================== Tstep:  127.8 Ttot:18678.0 ==
eandg
Spin: 
 Energy calculation finished, energy: -2.138680410E+03
Curvature at dimer midpoint                   -0.00309
Predicted dimer rotation angle:      3.998 deg
Next calculation will be the dimer endpoint after rotation
dl-find/turbomole/=============================== Tstep:  110.2 Ttot:18788.2 ==
eandg
Spin: 
 Energy calculation finished, energy: -2.138680410E+03
Curvature at dimer midpoint after rotation    -0.00153
Curvature at dimer minimum                    -0.00310
Actual dimer rotation angle:         0.074 deg
Dimer rotation converged after    1 steps
Writing TS-mode
Curvature after dimer rotation:               -0.00310
Frequency of transition mode  -285.997 cm^-1 (negative value denotes imaginary frequency)
Crossover temperature for tunnelling       65.48997 K
Restarting L-BFGS optimiser, instance: dimer rotation
Next calculation will be the dimer  midpoint
dl-find/turbomole/=============================== Tstep:   84.8 Ttot:18873.0 ==
eandg
Spin: 
 Energy calculation finished, energy: -2.138680419E+03
Testing convergence of dimer midpoint in cycle   57
    Energy  9.4400E-06 Target: 1.0000E-06 converged?   no
  Max step  2.7068E-02 Target: 1.8000E-03 converged?   no component   241
  RMS step  6.0531E-03 Target: 1.2000E-03 converged?   no
  Max grad  3.1686E-04 Target: 4.5000E-04 converged?  yes component    88
  RMS grad  9.1927E-05 Target: 3.0000E-04 converged?  yes
Next calculation will be the dimer endpoint before rotation
dl-find/turbomole/=============================== Tstep:  127.3 Ttot:19000.3 ==
eandg
Spin: 
 Energy calculation finished, energy: -2.138680419E+03
Curvature at dimer midpoint                   -0.00314
Predicted dimer rotation angle:      3.279 deg
Next calculation will be the dimer endpoint after rotation
dl-find/turbomole/=============================== Tstep:  110.0 Ttot:19110.3 ==
eandg
Spin: 
 Energy calculation finished, energy: -2.138680419E+03
Curvature at dimer midpoint after rotation    -0.00234
Curvature at dimer minimum                    -0.00314
Actual dimer rotation angle:         0.080 deg
Dimer rotation converged after    1 steps
Writing TS-mode
Curvature after dimer rotation:               -0.00314
Frequency of transition mode  -288.232 cm^-1 (negative value denotes imaginary frequency)
Crossover temperature for tunnelling       66.00181 K
Restarting L-BFGS optimiser, instance: dimer rotation
Next calculation will be the dimer  midpoint
dl-find/turbomole/=============================== Tstep:   87.1 Ttot:19197.4 ==
eandg
Spin: 
 Energy calculation finished, energy: -2.138680418E+03
Testing convergence of dimer midpoint in cycle   58
    Energy  6.0700E-07 Target: 1.0000E-06 converged?  yes
  Max step  2.5923E-02 Target: 1.8000E-03 converged?   no component   241
  RMS step  6.4690E-03 Target: 1.2000E-03 converged?   no
  Max grad  2.8395E-04 Target: 4.5000E-04 converged?  yes component    52
  RMS grad  9.0504E-05 Target: 3.0000E-04 converged?  yes
Next calculation will be the dimer endpoint before rotation
dl-find/turbomole/=============================== Tstep:  124.4 Ttot:19321.8 ==
eandg
Spin: 
 Energy calculation finished, energy: -2.138680419E+03
Curvature at dimer midpoint                   -0.00320
Predicted dimer rotation angle:      3.019 deg
Next calculation will be the dimer endpoint after rotation
dl-find/turbomole/=============================== Tstep:  109.7 Ttot:19431.5 ==
eandg
Spin: 
 Energy calculation finished, energy: -2.138680418E+03
Curvature at dimer midpoint after rotation    -0.00259
Curvature at dimer minimum                    -0.00320
Actual dimer rotation angle:         0.083 deg
Dimer rotation converged after    1 steps
Writing TS-mode
Curvature after dimer rotation:               -0.00320
Frequency of transition mode  -290.764 cm^-1 (negative value denotes imaginary frequency)
Crossover temperature for tunnelling       66.58166 K
Restarting L-BFGS optimiser, instance: dimer rotation
Next calculation will be the dimer  midpoint
dl-find/turbomole/=============================== Tstep:   56.6 Ttot:19488.1 ==
eandg
Spin: 
 Energy calculation finished, energy: -2.138680421E+03
Testing convergence of dimer midpoint in cycle   59
    Energy  3.2870E-06 Target: 1.0000E-06 converged?   no
  Max step  2.0505E-02 Target: 1.8000E-03 converged?   no component   241
  RMS step  3.9286E-03 Target: 1.2000E-03 converged?   no
  Max grad  6.8722E-04 Target: 4.5000E-04 converged?   no component    88
  RMS grad  1.1446E-04 Target: 3.0000E-04 converged?  yes
Next calculation will be the dimer endpoint before rotation
dl-find/turbomole/=============================== Tstep:  125.2 Ttot:19613.3 ==
eandg
Spin: 
 Energy calculation finished, energy: -2.138680422E+03
Curvature at dimer midpoint                   -0.00320
Predicted dimer rotation angle:      2.315 deg
Next calculation will be the dimer endpoint after rotation
dl-find/turbomole/=============================== Tstep:  109.1 Ttot:19722.4 ==
eandg
Spin: 
 Energy calculation finished, energy: -2.138680422E+03
Curvature at dimer midpoint after rotation    -0.00297
Curvature at dimer minimum                    -0.00320
Actual dimer rotation angle:         0.095 deg
Dimer rotation converged after    1 steps
Writing TS-mode
Curvature after dimer rotation:               -0.00320
Frequency of transition mode  -290.957 cm^-1 (negative value denotes imaginary frequency)
Crossover temperature for tunnelling       66.62581 K
Restarting L-BFGS optimiser, instance: dimer rotation
Next calculation will be the dimer  midpoint
dl-find/turbomole/=============================== Tstep:   85.2 Ttot:19807.6 ==
eandg
Spin: 
 Energy calculation finished, energy: -2.138680429E+03
Testing convergence of dimer midpoint in cycle   60
    Energy  7.6850E-06 Target: 1.0000E-06 converged?   no
  Max step  1.2426E-02 Target: 1.8000E-03 converged?   no component   241
  RMS step  2.8621E-03 Target: 1.2000E-03 converged?   no
  Max grad  3.1051E-04 Target: 4.5000E-04 converged?  yes component    90
  RMS grad  7.9621E-05 Target: 3.0000E-04 converged?  yes
Next calculation will be the dimer endpoint before rotation
dl-find/turbomole/=============================== Tstep:  113.9 Ttot:19921.5 ==
eandg
Spin: 
 Energy calculation finished, energy: -2.138680429E+03
Curvature at dimer midpoint                   -0.00317
Predicted dimer rotation angle:      2.736 deg
Next calculation will be the dimer endpoint after rotation
dl-find/turbomole/=============================== Tstep:  110.7 Ttot:20032.3 ==
eandg
Spin: 
 Energy calculation finished, energy: -2.138680429E+03
Curvature at dimer midpoint after rotation    -0.00260
Curvature at dimer minimum                    -0.00317
Actual dimer rotation angle:         0.066 deg
Dimer rotation converged after    1 steps
Writing TS-mode
Curvature after dimer rotation:               -0.00317
Frequency of transition mode  -289.607 cm^-1 (negative value denotes imaginary frequency)
Crossover temperature for tunnelling       66.31674 K
Restarting L-BFGS optimiser, instance: dimer rotation
Next calculation will be the dimer  midpoint
dl-find/turbomole/=============================== Tstep:   83.6 Ttot:20115.9 ==
eandg
Spin: 
 Energy calculation finished, energy: -2.138680428E+03
Testing convergence of dimer midpoint in cycle   61
    Energy  1.4220E-06 Target: 1.0000E-06 converged?   no
  Max step  3.7838E-02 Target: 1.8000E-03 converged?   no component   241
  RMS step  8.6862E-03 Target: 1.2000E-03 converged?   no
  Max grad  2.7065E-04 Target: 4.5000E-04 converged?  yes component    43
  RMS grad  7.2401E-05 Target: 3.0000E-04 converged?  yes
Next calculation will be the dimer endpoint before rotation
dl-find/turbomole/=============================== Tstep:  131.4 Ttot:20247.3 ==
eandg
Spin: 
 Energy calculation finished, energy: -2.138680428E+03
Curvature at dimer midpoint                   -0.00316
Predicted dimer rotation angle:      3.096 deg
Next calculation will be the dimer endpoint after rotation
dl-find/turbomole/=============================== Tstep:  110.5 Ttot:20357.8 ==
eandg
Spin: 
 Energy calculation finished, energy: -2.138680428E+03
Curvature at dimer midpoint after rotation    -0.00233
Curvature at dimer minimum                    -0.00316
Actual dimer rotation angle:         0.066 deg
Dimer rotation converged after    1 steps
Writing TS-mode
Curvature after dimer rotation:               -0.00316
Frequency of transition mode  -289.185 cm^-1 (negative value denotes imaginary frequency)
Crossover temperature for tunnelling       66.22003 K
Restarting L-BFGS optimiser, instance: dimer rotation
Next calculation will be the dimer  midpoint
dl-find/turbomole/=============================== Tstep:   82.5 Ttot:20440.3 ==
eandg
Spin: 
 Energy calculation finished, energy: -2.138680438E+03
Testing convergence of dimer midpoint in cycle   62
    Energy  1.0755E-05 Target: 1.0000E-06 converged?   no
  Max step  2.4836E-02 Target: 1.8000E-03 converged?   no component   241
  RMS step  5.6640E-03 Target: 1.2000E-03 converged?   no
  Max grad  5.2511E-04 Target: 4.5000E-04 converged?   no component    43
  RMS grad  1.0217E-04 Target: 3.0000E-04 converged?  yes
Next calculation will be the dimer endpoint before rotation
dl-find/turbomole/=============================== Tstep:  117.3 Ttot:20557.6 ==
eandg
Spin: 
 Energy calculation finished, energy: -2.138680439E+03
Curvature at dimer midpoint                   -0.00315
Predicted dimer rotation angle:      1.946 deg
Dimer rotation converged after    0 steps
Writing TS-mode
Curvature after dimer rotation:               -0.00315
Frequency of transition mode  -288.393 cm^-1 (negative value denotes imaginary frequency)
Crossover temperature for tunnelling       66.03863 K
Restarting L-BFGS optimiser, instance: dimer rotation
Next calculation will be the dimer  midpoint
dl-find/turbomole/=============================== Tstep:  113.3 Ttot:20670.9 ==
eandg
Spin: 
 Energy calculation finished, energy: -2.138680443E+03
Testing convergence of dimer midpoint in cycle   63
    Energy  4.5470E-06 Target: 1.0000E-06 converged?   no
  Max step  1.8849E-02 Target: 1.8000E-03 converged?   no component   241
  RMS step  5.2203E-03 Target: 1.2000E-03 converged?   no
  Max grad  3.9014E-04 Target: 4.5000E-04 converged?  yes component    64
  RMS grad  8.1349E-05 Target: 3.0000E-04 converged?  yes
Next calculation will be the dimer endpoint before rotation
dl-find/turbomole/=============================== Tstep:  124.3 Ttot:20795.2 ==
eandg
Spin: 
 Energy calculation finished, energy: -2.138680444E+03
Curvature at dimer midpoint                   -0.00315
Predicted dimer rotation angle:      2.267 deg
Next calculation will be the dimer endpoint after rotation
dl-find/turbomole/=============================== Tstep:  110.2 Ttot:20905.4 ==
eandg
Spin: 
 Energy calculation finished, energy: -2.138680443E+03
Curvature at dimer midpoint after rotation    -0.00302
Curvature at dimer minimum                    -0.00315
Actual dimer rotation angle:         0.149 deg
Dimer rotation converged after    1 steps
Writing TS-mode
Curvature after dimer rotation:               -0.00315
Frequency of transition mode  -288.708 cm^-1 (negative value denotes imaginary frequency)
Crossover temperature for tunnelling       66.11084 K
Restarting L-BFGS optimiser, instance: dimer rotation
Next calculation will be the dimer  midpoint
dl-find/turbomole/=============================== Tstep:   53.8 Ttot:20959.2 ==
eandg
Spin: 
 Energy calculation finished, energy: -2.138680452E+03
Testing convergence of dimer midpoint in cycle   64
    Energy  9.4230E-06 Target: 1.0000E-06 converged?   no
  Max step  3.9231E-02 Target: 1.8000E-03 converged?   no component   241
  RMS step  1.1401E-02 Target: 1.2000E-03 converged?   no
  Max grad  3.4173E-04 Target: 4.5000E-04 converged?  yes component    51
  RMS grad  9.3094E-05 Target: 3.0000E-04 converged?  yes
Next calculation will be the dimer endpoint before rotation
dl-find/turbomole/=============================== Tstep:  132.5 Ttot:21091.7 ==
eandg
Spin: 
 Energy calculation finished, energy: -2.138680453E+03
Curvature at dimer midpoint                   -0.00315
Predicted dimer rotation angle:      2.759 deg
Next calculation will be the dimer endpoint after rotation
dl-find/turbomole/=============================== Tstep:  111.2 Ttot:21202.9 ==
eandg
Spin: 
 Energy calculation finished, energy: -2.138680453E+03
Curvature at dimer midpoint after rotation    -0.00268
Curvature at dimer minimum                    -0.00315
Actual dimer rotation angle:         0.081 deg
Dimer rotation converged after    1 steps
Writing TS-mode
Curvature after dimer rotation:               -0.00315
Frequency of transition mode  -288.542 cm^-1 (negative value denotes imaginary frequency)
Crossover temperature for tunnelling       66.07274 K
Restarting L-BFGS optimiser, instance: dimer rotation
Next calculation will be the dimer  midpoint
dl-find/turbomole/=============================== Tstep:   82.0 Ttot:21284.9 ==
eandg
Spin: 
 Energy calculation finished, energy: -2.138680438E+03
Testing convergence of dimer midpoint in cycle   65
    Energy  1.3847E-05 Target: 1.0000E-06 converged?   no
  Max step  3.8255E-02 Target: 1.8000E-03 converged?   no component   235
  RMS step  1.1068E-02 Target: 1.2000E-03 converged?   no
  Max grad  9.4736E-04 Target: 4.5000E-04 converged?   no component    88
  RMS grad  1.9332E-04 Target: 3.0000E-04 converged?  yes
Next calculation will be the dimer endpoint before rotation
dl-find/turbomole/=============================== Tstep:  137.0 Ttot:21422.0 ==
eandg
Spin: 
 Energy calculation finished, energy: -2.138680439E+03
Curvature at dimer midpoint                   -0.00316
Predicted dimer rotation angle:      3.547 deg
Next calculation will be the dimer endpoint after rotation
dl-find/turbomole/=============================== Tstep:  111.9 Ttot:21533.8 ==
eandg
Spin: 
 Energy calculation finished, energy: -2.138680439E+03
Curvature at dimer midpoint after rotation    -0.00212
Curvature at dimer minimum                    -0.00316
Actual dimer rotation angle:         0.079 deg
Dimer rotation converged after    1 steps
Writing TS-mode
Curvature after dimer rotation:               -0.00316
Frequency of transition mode  -288.956 cm^-1 (negative value denotes imaginary frequency)
Crossover temperature for tunnelling       66.16764 K
Restarting L-BFGS optimiser, instance: dimer rotation
Next calculation will be the dimer  midpoint
dl-find/turbomole/=============================== Tstep:   88.1 Ttot:21621.9 ==
eandg
Spin: 
 Energy calculation finished, energy: -2.138680456E+03
Testing convergence of dimer midpoint in cycle   66
    Energy  1.7326E-05 Target: 1.0000E-06 converged?   no
  Max step  1.6704E-02 Target: 1.8000E-03 converged?   no component   241
  RMS step  2.9489E-03 Target: 1.2000E-03 converged?   no
  Max grad  3.4517E-04 Target: 4.5000E-04 converged?  yes component    88
  RMS grad  7.8912E-05 Target: 3.0000E-04 converged?  yes
Next calculation will be the dimer endpoint before rotation
dl-find/turbomole/=============================== Tstep:  116.7 Ttot:21738.7 ==
eandg
Spin: 
 Energy calculation finished, energy: -2.138680456E+03
Curvature at dimer midpoint                   -0.00315
Predicted dimer rotation angle:      2.659 deg
Next calculation will be the dimer endpoint after rotation
dl-find/turbomole/=============================== Tstep:  111.4 Ttot:21850.0 ==
eandg
Spin: 
 Energy calculation finished, energy: -2.138680456E+03
Curvature at dimer midpoint after rotation    -0.00267
Curvature at dimer minimum                    -0.00315
Actual dimer rotation angle:         0.072 deg
Dimer rotation converged after    1 steps
Writing TS-mode
Curvature after dimer rotation:               -0.00315
Frequency of transition mode  -288.473 cm^-1 (negative value denotes imaginary frequency)
Crossover temperature for tunnelling       66.05694 K
Restarting L-BFGS optimiser, instance: dimer rotation
Next calculation will be the dimer  midpoint
dl-find/turbomole/=============================== Tstep:   83.8 Ttot:21933.8 ==
eandg
Spin: 
 Energy calculation finished, energy: -2.138680460E+03
Testing convergence of dimer midpoint in cycle   67
    Energy  4.6000E-06 Target: 1.0000E-06 converged?   no
  Max step  6.4711E-03 Target: 1.8000E-03 converged?   no component   247
  RMS step  1.3210E-03 Target: 1.2000E-03 converged?   no
  Max grad  2.2178E-04 Target: 4.5000E-04 converged?  yes component    43
  RMS grad  6.6165E-05 Target: 3.0000E-04 converged?  yes
Next calculation will be the dimer endpoint before rotation
dl-find/turbomole/=============================== Tstep:  126.5 Ttot:22060.4 ==
eandg
Spin: 
 Energy calculation finished, energy: -2.138680460E+03
Curvature at dimer midpoint                   -0.00317
Predicted dimer rotation angle:      2.747 deg
Next calculation will be the dimer endpoint after rotation
dl-find/turbomole/=============================== Tstep:  111.0 Ttot:22171.4 ==
eandg
Spin: 
 Energy calculation finished, energy: -2.138680460E+03
Curvature at dimer midpoint after rotation    -0.00250
Curvature at dimer minimum                    -0.00317
Actual dimer rotation angle:         0.057 deg
Dimer rotation converged after    1 steps
Writing TS-mode
Curvature after dimer rotation:               -0.00317
Frequency of transition mode  -289.587 cm^-1 (negative value denotes imaginary frequency)
Crossover temperature for tunnelling       66.31211 K
Restarting L-BFGS optimiser, instance: dimer rotation
Next calculation will be the dimer  midpoint
dl-find/turbomole/=============================== Tstep:   84.0 Ttot:22255.4 ==
eandg
Spin: 
 Energy calculation finished, energy: -2.138680471E+03
Testing convergence of dimer midpoint in cycle   68
    Energy  1.0143E-05 Target: 1.0000E-06 converged?   no
  Max step  2.2407E-02 Target: 1.8000E-03 converged?   no component   235
  RMS step  4.8856E-03 Target: 1.2000E-03 converged?   no
  Max grad  3.9229E-04 Target: 4.5000E-04 converged?  yes component   248
  RMS grad  9.7991E-05 Target: 3.0000E-04 converged?  yes
Next calculation will be the dimer endpoint before rotation
dl-find/turbomole/=============================== Tstep:  123.2 Ttot:22378.6 ==
eandg
Spin: 
 Energy calculation finished, energy: -2.138680471E+03
Curvature at dimer midpoint                   -0.00316
Predicted dimer rotation angle:      1.775 deg
Dimer rotation converged after    0 steps
Writing TS-mode
Curvature after dimer rotation:               -0.00316
Frequency of transition mode  -288.806 cm^-1 (negative value denotes imaginary frequency)
Crossover temperature for tunnelling       66.13316 K
Restarting L-BFGS optimiser, instance: dimer rotation
Next calculation will be the dimer  midpoint
dl-find/turbomole/=============================== Tstep:  110.3 Ttot:22489.0 ==
eandg
Spin: 
 Energy calculation finished, energy: -2.138680474E+03
Testing convergence of dimer midpoint in cycle   69
    Energy  3.1550E-06 Target: 1.0000E-06 converged?   no
  Max step  3.9568E-02 Target: 1.8000E-03 converged?   no component   241
  RMS step  8.9841E-03 Target: 1.2000E-03 converged?   no
  Max grad  5.0922E-04 Target: 4.5000E-04 converged?   no component   253
  RMS grad  1.0848E-04 Target: 3.0000E-04 converged?  yes
Next calculation will be the dimer endpoint before rotation
dl-find/turbomole/=============================== Tstep:  114.9 Ttot:22603.9 ==
eandg
Spin: 
 Energy calculation finished, energy: -2.138680474E+03
Curvature at dimer midpoint                   -0.00312
Predicted dimer rotation angle:      3.377 deg
Next calculation will be the dimer endpoint after rotation
dl-find/turbomole/=============================== Tstep:  110.7 Ttot:22714.6 ==
eandg
Spin: 
 Energy calculation finished, energy: -2.138680474E+03
Curvature at dimer midpoint after rotation    -0.00205
Curvature at dimer minimum                    -0.00312
Actual dimer rotation angle:         0.066 deg
Dimer rotation converged after    1 steps
Writing TS-mode
Curvature after dimer rotation:               -0.00312
Frequency of transition mode  -287.282 cm^-1 (negative value denotes imaginary frequency)
Crossover temperature for tunnelling       65.78421 K
Restarting L-BFGS optimiser, instance: dimer rotation
Next calculation will be the dimer  midpoint
dl-find/turbomole/=============================== Tstep:   83.9 Ttot:22798.5 ==
eandg
Spin: 
 Energy calculation finished, energy: -2.138680470E+03
Testing convergence of dimer midpoint in cycle   70
    Energy  3.2050E-06 Target: 1.0000E-06 converged?   no
  Max step  4.5360E-02 Target: 1.8000E-03 converged?   no component   235
  RMS step  1.3009E-02 Target: 1.2000E-03 converged?   no
  Max grad  2.3868E-04 Target: 4.5000E-04 converged?  yes component   248
  RMS grad  8.0753E-05 Target: 3.0000E-04 converged?  yes
Next calculation will be the dimer endpoint before rotation
dl-find/turbomole/=============================== Tstep:  132.6 Ttot:22931.1 ==
eandg
Spin: 
 Energy calculation finished, energy: -2.138680471E+03
Curvature at dimer midpoint                   -0.00312
Predicted dimer rotation angle:      2.815 deg
Next calculation will be the dimer endpoint after rotation
dl-find/turbomole/=============================== Tstep:  110.2 Ttot:23041.3 ==
eandg
Spin: 
 Energy calculation finished, energy: -2.138680471E+03
Curvature at dimer midpoint after rotation    -0.00269
Curvature at dimer minimum                    -0.00312
Actual dimer rotation angle:         0.091 deg
Dimer rotation converged after    1 steps
Writing TS-mode
Curvature after dimer rotation:               -0.00312
Frequency of transition mode  -287.308 cm^-1 (negative value denotes imaginary frequency)
Crossover temperature for tunnelling       65.79023 K
Restarting L-BFGS optimiser, instance: dimer rotation
Next calculation will be the dimer  midpoint
dl-find/turbomole/=============================== Tstep:   77.5 Ttot:23118.7 ==
eandg
Spin: 
 Energy calculation finished, energy: -2.138680524E+03
Testing convergence of dimer midpoint in cycle   71
    Energy  5.3634E-05 Target: 1.0000E-06 converged?   no
  Max step  4.7481E-02 Target: 1.8000E-03 converged?   no component   235
  RMS step  1.3293E-02 Target: 1.2000E-03 converged?   no
  Max grad  3.9932E-04 Target: 4.5000E-04 converged?  yes component    60
  RMS grad  1.0528E-04 Target: 3.0000E-04 converged?  yes
Next calculation will be the dimer endpoint before rotation
dl-find/turbomole/=============================== Tstep:  133.2 Ttot:23252.0 ==
eandg
Spin: 
 Energy calculation finished, energy: -2.138680524E+03
Curvature at dimer midpoint                   -0.00308
Predicted dimer rotation angle:      2.530 deg
Next calculation will be the dimer endpoint after rotation
dl-find/turbomole/=============================== Tstep:  110.5 Ttot:23362.5 ==
eandg
Spin: 
 Energy calculation finished, energy: -2.138680524E+03
Curvature at dimer midpoint after rotation    -0.00298
Curvature at dimer minimum                    -0.00309
Actual dimer rotation angle:         0.231 deg
Dimer rotation converged after    1 steps
Writing TS-mode
Curvature after dimer rotation:               -0.00309
Frequency of transition mode  -285.523 cm^-1 (negative value denotes imaginary frequency)
Crossover temperature for tunnelling       65.38148 K
Restarting L-BFGS optimiser, instance: dimer rotation
Next calculation will be the dimer  midpoint
dl-find/turbomole/=============================== Tstep:   85.0 Ttot:23447.5 ==
eandg
Spin: 
 Energy calculation finished, energy: -2.138680537E+03
Testing convergence of dimer midpoint in cycle   72
    Energy  1.2845E-05 Target: 1.0000E-06 converged?   no
  Max step  2.9129E-02 Target: 1.8000E-03 converged?   no component   241
  RMS step  7.5047E-03 Target: 1.2000E-03 converged?   no
  Max grad  3.7326E-04 Target: 4.5000E-04 converged?  yes component    59
  RMS grad  9.2759E-05 Target: 3.0000E-04 converged?  yes
Next calculation will be the dimer endpoint before rotation
dl-find/turbomole/=============================== Tstep:  119.1 Ttot:23566.6 ==
eandg
Spin: 
 Energy calculation finished, energy: -2.138680540E+03
Curvature at dimer midpoint                   -0.00302
Predicted dimer rotation angle:      3.808 deg
Next calculation will be the dimer endpoint after rotation
dl-find/turbomole/=============================== Tstep:  114.4 Ttot:23681.0 ==
eandg
Spin: 
 Energy calculation finished, energy: -2.138680540E+03
Curvature at dimer midpoint after rotation    -0.00215
Curvature at dimer minimum                    -0.00302
Actual dimer rotation angle:         0.111 deg
Dimer rotation converged after    1 steps
Writing TS-mode
Curvature after dimer rotation:               -0.00302
Frequency of transition mode  -282.506 cm^-1 (negative value denotes imaginary frequency)
Crossover temperature for tunnelling       64.69067 K
Restarting L-BFGS optimiser, instance: dimer rotation
Next calculation will be the dimer  midpoint
dl-find/turbomole/=============================== Tstep:   78.6 Ttot:23759.6 ==
eandg
Spin: 
 Energy calculation finished, energy: -2.138680545E+03
Testing convergence of dimer midpoint in cycle   73
    Energy  8.4940E-06 Target: 1.0000E-06 converged?   no
  Max step  2.2064E-02 Target: 1.8000E-03 converged?   no component   241
  RMS step  6.1340E-03 Target: 1.2000E-03 converged?   no
  Max grad  3.7725E-04 Target: 4.5000E-04 converged?  yes component    88
  RMS grad  8.5284E-05 Target: 3.0000E-04 converged?  yes
Next calculation will be the dimer endpoint before rotation
dl-find/turbomole/=============================== Tstep:  117.5 Ttot:23877.1 ==
eandg
Spin: 
 Energy calculation finished, energy: -2.138680548E+03
Curvature at dimer midpoint                   -0.00300
Predicted dimer rotation angle:      4.376 deg
Next calculation will be the dimer endpoint after rotation
dl-find/turbomole/=============================== Tstep:  114.0 Ttot:23991.2 ==
eandg
Spin: 
 Energy calculation finished, energy: -2.138680548E+03
Curvature at dimer midpoint after rotation    -0.00120
Curvature at dimer minimum                    -0.00301
Actual dimer rotation angle:         0.083 deg
Dimer rotation converged after    1 steps
Writing TS-mode
Curvature after dimer rotation:               -0.00301
Frequency of transition mode  -281.810 cm^-1 (negative value denotes imaginary frequency)
Crossover temperature for tunnelling       64.53132 K
Restarting L-BFGS optimiser, instance: dimer rotation
Next calculation will be the dimer  midpoint
dl-find/turbomole/=============================== Tstep:   88.2 Ttot:24079.3 ==
eandg
Spin: 
 Energy calculation finished, energy: -2.138680560E+03
Testing convergence of dimer midpoint in cycle   74
    Energy  1.4109E-05 Target: 1.0000E-06 converged?   no
  Max step  2.6993E-02 Target: 1.8000E-03 converged?   no component     3
  RMS step  7.2007E-03 Target: 1.2000E-03 converged?   no
  Max grad  1.3672E-03 Target: 4.5000E-04 converged?   no component    59
  RMS grad  1.5245E-04 Target: 3.0000E-04 converged?  yes
Next calculation will be the dimer endpoint before rotation
dl-find/turbomole/=============================== Tstep:  119.1 Ttot:24198.4 ==
eandg
Spin: 
 Energy calculation finished, energy: -2.138680560E+03
Curvature at dimer midpoint                   -0.00304
Predicted dimer rotation angle:      3.351 deg
Next calculation will be the dimer endpoint after rotation
dl-find/turbomole/=============================== Tstep:  110.7 Ttot:24309.1 ==
eandg
Spin: 
 Energy calculation finished, energy: -2.138680560E+03
Curvature at dimer midpoint after rotation    -0.00253
Curvature at dimer minimum                    -0.00304
Actual dimer rotation angle:         0.128 deg
Dimer rotation converged after    1 steps
Writing TS-mode
Curvature after dimer rotation:               -0.00304
Frequency of transition mode  -283.431 cm^-1 (negative value denotes imaginary frequency)
Crossover temperature for tunnelling       64.90253 K
Restarting L-BFGS optimiser, instance: dimer rotation
Next calculation will be the dimer  midpoint
dl-find/turbomole/=============================== Tstep:   83.1 Ttot:24392.2 ==
eandg
Spin: 
 Energy calculation finished, energy: -2.138680575E+03
Testing convergence of dimer midpoint in cycle   75
    Energy  1.5901E-05 Target: 1.0000E-06 converged?   no
  Max step  1.7165E-02 Target: 1.8000E-03 converged?   no component   241
  RMS step  4.7844E-03 Target: 1.2000E-03 converged?   no
  Max grad  2.5248E-04 Target: 4.5000E-04 converged?  yes component    58
  RMS grad  8.4369E-05 Target: 3.0000E-04 converged?  yes
Next calculation will be the dimer endpoint before rotation
dl-find/turbomole/=============================== Tstep:  129.8 Ttot:24522.0 ==
eandg
Spin: 
 Energy calculation finished, energy: -2.138680575E+03
Curvature at dimer midpoint                   -0.00305
Predicted dimer rotation angle:      3.425 deg
Next calculation will be the dimer endpoint after rotation
dl-find/turbomole/=============================== Tstep:  111.3 Ttot:24633.2 ==
eandg
Spin: 
 Energy calculation finished, energy: -2.138680575E+03
Curvature at dimer midpoint after rotation    -0.00239
Curvature at dimer minimum                    -0.00305
Actual dimer rotation angle:         0.106 deg
Dimer rotation converged after    1 steps
Writing TS-mode
Curvature after dimer rotation:               -0.00305
Frequency of transition mode  -283.720 cm^-1 (negative value denotes imaginary frequency)
Crossover temperature for tunnelling       64.96871 K
Restarting L-BFGS optimiser, instance: dimer rotation
Next calculation will be the dimer  midpoint
dl-find/turbomole/=============================== Tstep:   79.3 Ttot:24712.5 ==
eandg
Spin: 
 Energy calculation finished, energy: -2.138680586E+03
Testing convergence of dimer midpoint in cycle   76
    Energy  1.0981E-05 Target: 1.0000E-06 converged?   no
  Max step  9.1331E-03 Target: 1.8000E-03 converged?   no component   238
  RMS step  1.8468E-03 Target: 1.2000E-03 converged?   no
  Max grad  5.4846E-04 Target: 4.5000E-04 converged?   no component    59
  RMS grad  8.9039E-05 Target: 3.0000E-04 converged?  yes
Next calculation will be the dimer endpoint before rotation
dl-find/turbomole/=============================== Tstep:  118.2 Ttot:24830.7 ==
eandg
Spin: 
 Energy calculation finished, energy: -2.138680586E+03
Curvature at dimer midpoint                   -0.00305
Predicted dimer rotation angle:      3.487 deg
Next calculation will be the dimer endpoint after rotation
dl-find/turbomole/=============================== Tstep:  110.1 Ttot:24940.8 ==
eandg
Spin: 
 Energy calculation finished, energy: -2.138680586E+03
Curvature at dimer midpoint after rotation    -0.00219
Curvature at dimer minimum                    -0.00305
Actual dimer rotation angle:         0.087 deg
Dimer rotation converged after    1 steps
Writing TS-mode
Curvature after dimer rotation:               -0.00305
Frequency of transition mode  -284.104 cm^-1 (negative value denotes imaginary frequency)
Crossover temperature for tunnelling       65.05664 K
Restarting L-BFGS optimiser, instance: dimer rotation
Next calculation will be the dimer  midpoint
dl-find/turbomole/=============================== Tstep:   83.4 Ttot:25024.2 ==
eandg
Spin: 
 Energy calculation finished, energy: -2.138680583E+03
Testing convergence of dimer midpoint in cycle   77
    Energy  3.4620E-06 Target: 1.0000E-06 converged?   no
  Max step  2.9347E-02 Target: 1.8000E-03 converged?   no component   241
  RMS step  8.1780E-03 Target: 1.2000E-03 converged?   no
  Max grad  7.6510E-04 Target: 4.5000E-04 converged?   no component    59
  RMS grad  1.0067E-04 Target: 3.0000E-04 converged?  yes
Next calculation will be the dimer endpoint before rotation
dl-find/turbomole/=============================== Tstep:  119.5 Ttot:25143.7 ==
eandg
Spin: 
 Energy calculation finished, energy: -2.138680586E+03
Curvature at dimer midpoint                   -0.00299
Predicted dimer rotation angle:      3.839 deg
Next calculation will be the dimer endpoint after rotation
dl-find/turbomole/=============================== Tstep:  110.6 Ttot:25254.3 ==
eandg
Spin: 
 Energy calculation finished, energy: -2.138680586E+03
Curvature at dimer midpoint after rotation    -0.00241
Curvature at dimer minimum                    -0.00299
Actual dimer rotation angle:         0.162 deg
Dimer rotation converged after    1 steps
Writing TS-mode
Curvature after dimer rotation:               -0.00299
Frequency of transition mode  -281.118 cm^-1 (negative value denotes imaginary frequency)
Crossover temperature for tunnelling       64.37287 K
Restarting L-BFGS optimiser, instance: dimer rotation
Next calculation will be the dimer  midpoint
dl-find/turbomole/=============================== Tstep:   91.7 Ttot:25346.0 ==
eandg
Spin: 
 Energy calculation finished, energy: -2.138680563E+03
Testing convergence of dimer midpoint in cycle   78
    Energy  2.0156E-05 Target: 1.0000E-06 converged?   no
  Max step  5.1604E-02 Target: 1.8000E-03 converged?   no component   235
  RMS step  1.4966E-02 Target: 1.2000E-03 converged?   no
  Max grad  1.1033E-03 Target: 4.5000E-04 converged?   no component    84
  RMS grad  1.7352E-04 Target: 3.0000E-04 converged?  yes
Next calculation will be the dimer endpoint before rotation
dl-find/turbomole/=============================== Tstep:  120.9 Ttot:25466.9 ==
eandg
Spin: 
 Energy calculation finished, energy: -2.138680563E+03
Curvature at dimer midpoint                   -0.00301
Predicted dimer rotation angle:      4.668 deg
Next calculation will be the dimer endpoint after rotation
dl-find/turbomole/=============================== Tstep:  111.1 Ttot:25578.1 ==
eandg
Spin: 
 Energy calculation finished, energy: -2.138680563E+03
Curvature at dimer midpoint after rotation    -0.00174
Curvature at dimer minimum                    -0.00301
Actual dimer rotation angle:         0.139 deg
Dimer rotation converged after    1 steps
Writing TS-mode
Curvature after dimer rotation:               -0.00301
Frequency of transition mode  -281.896 cm^-1 (negative value denotes imaginary frequency)
Crossover temperature for tunnelling       64.55082 K
Restarting L-BFGS optimiser, instance: dimer rotation
Next calculation will be the dimer  midpoint
dl-find/turbomole/=============================== Tstep:   83.9 Ttot:25662.0 ==
eandg
Spin: 
 Energy calculation finished, energy: -2.138680580E+03
Testing convergence of dimer midpoint in cycle   79
    Energy  1.7169E-05 Target: 1.0000E-06 converged?   no
  Max step  4.7551E-02 Target: 1.8000E-03 converged?   no component   241
  RMS step  1.3407E-02 Target: 1.2000E-03 converged?   no
  Max grad  2.8045E-04 Target: 4.5000E-04 converged?  yes component    44
  RMS grad  9.8406E-05 Target: 3.0000E-04 converged?  yes
Next calculation will be the dimer endpoint before rotation
dl-find/turbomole/=============================== Tstep:  125.0 Ttot:25787.1 ==
eandg
Spin: 
 Energy calculation finished, energy: -2.138680580E+03
Curvature at dimer midpoint                   -0.00297
Predicted dimer rotation angle:      4.837 deg
Next calculation will be the dimer endpoint after rotation
dl-find/turbomole/=============================== Tstep:  111.2 Ttot:25898.3 ==
eandg
Spin: 
 Energy calculation finished, energy: -2.138680580E+03
Curvature at dimer midpoint after rotation    -0.00142
Curvature at dimer minimum                    -0.00298
Actual dimer rotation angle:         0.126 deg
Dimer rotation converged after    1 steps
Writing TS-mode
Curvature after dimer rotation:               -0.00298
Frequency of transition mode  -280.383 cm^-1 (negative value denotes imaginary frequency)
Crossover temperature for tunnelling       64.20441 K
Restarting L-BFGS optimiser, instance: dimer rotation
Next calculation will be the dimer  midpoint
dl-find/turbomole/=============================== Tstep:   89.5 Ttot:25987.8 ==
eandg
Spin: 
 Energy calculation finished, energy: -2.138680589E+03
Testing convergence of dimer midpoint in cycle   80
    Energy  9.4260E-06 Target: 1.0000E-06 converged?   no
  Max step  4.3687E-02 Target: 1.8000E-03 converged?   no component   241
  RMS step  1.2937E-02 Target: 1.2000E-03 converged?   no
  Max grad  3.9621E-04 Target: 4.5000E-04 converged?  yes component    82
  RMS grad  9.6425E-05 Target: 3.0000E-04 converged?  yes
Next calculation will be the dimer endpoint before rotation
dl-find/turbomole/=============================== Tstep:   99.6 Ttot:26087.4 ==
eandg
Spin: 
 Energy calculation finished, energy: -2.138680590E+03
Curvature at dimer midpoint                   -0.00295
Predicted dimer rotation angle:      5.013 deg
Next calculation will be the dimer endpoint after rotation
dl-find/turbomole/=============================== Tstep:  111.2 Ttot:26198.6 ==
eandg
Spin: 
 Energy calculation finished, energy: -2.138680590E+03
Curvature at dimer midpoint after rotation    -0.00181
Curvature at dimer minimum                    -0.00295
Actual dimer rotation angle:         0.186 deg
Dimer rotation converged after    1 steps
Writing TS-mode
Curvature after dimer rotation:               -0.00295
Frequency of transition mode  -279.175 cm^-1 (negative value denotes imaginary frequency)
Crossover temperature for tunnelling       63.92787 K
Restarting L-BFGS optimiser, instance: dimer rotation
Next calculation will be the dimer  midpoint
dl-find/turbomole/=============================== Tstep:   89.2 Ttot:26287.8 ==
eandg
Spin: 
 Energy calculation finished, energy: -2.138680600E+03
Testing convergence of dimer midpoint in cycle   81
    Energy  1.0908E-05 Target: 1.0000E-06 converged?   no
  Max step  6.4340E-02 Target: 1.8000E-03 converged?   no component   241
  RMS step  2.0398E-02 Target: 1.2000E-03 converged?   no
  Max grad  5.7394E-04 Target: 4.5000E-04 converged?   no component    84
  RMS grad  1.2523E-04 Target: 3.0000E-04 converged?  yes
Next calculation will be the dimer endpoint before rotation
dl-find/turbomole/=============================== Tstep:  130.9 Ttot:26418.7 ==
eandg
Spin: 
 Energy calculation finished, energy: -2.138680601E+03
Curvature at dimer midpoint                   -0.00287
Predicted dimer rotation angle:      6.908 deg
Next calculation will be the dimer endpoint after rotation
dl-find/turbomole/=============================== Tstep:  110.8 Ttot:26529.5 ==
eandg
Spin: 
 Energy calculation finished, energy: -2.138680602E+03
Curvature at dimer midpoint after rotation     0.00130
Curvature at dimer minimum                    -0.00287
Actual dimer rotation angle:         0.135 deg
Dimer rotation converged after    1 steps
Writing TS-mode
Curvature after dimer rotation:               -0.00287
Frequency of transition mode  -275.526 cm^-1 (negative value denotes imaginary frequency)
Crossover temperature for tunnelling       63.09229 K
Restarting L-BFGS optimiser, instance: dimer rotation
Next calculation will be the dimer  midpoint
dl-find/turbomole/=============================== Tstep:   86.5 Ttot:26616.0 ==
eandg
Spin: 
 Energy calculation finished, energy: -2.138680596E+03
Testing convergence of dimer midpoint in cycle   82
    Energy  4.4240E-06 Target: 1.0000E-06 converged?   no
  Max step  9.3756E-02 Target: 1.8000E-03 converged?   no component   241
  RMS step  3.0531E-02 Target: 1.2000E-03 converged?   no
  Max grad  1.2099E-03 Target: 4.5000E-04 converged?   no component    66
  RMS grad  2.5310E-04 Target: 3.0000E-04 converged?  yes
Next calculation will be the dimer endpoint before rotation
dl-find/turbomole/=============================== Tstep:  138.0 Ttot:26754.0 ==
eandg
Spin: 
 Energy calculation finished, energy: -2.138680597E+03
Curvature at dimer midpoint                   -0.00276
Predicted dimer rotation angle:      6.268 deg
Next calculation will be the dimer endpoint after rotation
dl-find/turbomole/=============================== Tstep:  114.4 Ttot:26868.5 ==
eandg
Spin: 
 Energy calculation finished, energy: -2.138680598E+03
Curvature at dimer midpoint after rotation    -0.00130
Curvature at dimer minimum                    -0.00277
Actual dimer rotation angle:         0.262 deg
Dimer rotation converged after    1 steps
Writing TS-mode
Curvature after dimer rotation:               -0.00277
Frequency of transition mode  -270.338 cm^-1 (negative value denotes imaginary frequency)
Crossover temperature for tunnelling       61.90434 K
Restarting L-BFGS optimiser, instance: dimer rotation
Next calculation will be the dimer  midpoint
dl-find/turbomole/=============================== Tstep:   91.8 Ttot:26960.2 ==
eandg
Spin: 
 Energy calculation finished, energy: -2.138680617E+03
Testing convergence of dimer midpoint in cycle   83
    Energy  2.0690E-05 Target: 1.0000E-06 converged?   no
  Max step  5.0600E-02 Target: 1.8000E-03 converged?   no component     2
  RMS step  1.6367E-02 Target: 1.2000E-03 converged?   no
  Max grad  5.3188E-04 Target: 4.5000E-04 converged?   no component    60
  RMS grad  1.3003E-04 Target: 3.0000E-04 converged?  yes
Next calculation will be the dimer endpoint before rotation
dl-find/turbomole/=============================== Tstep:  130.6 Ttot:27090.8 ==
eandg
Spin: 
 Energy calculation finished, energy: -2.138680615E+03
Curvature at dimer midpoint                   -0.00275
Predicted dimer rotation angle:      7.453 deg
Next calculation will be the dimer endpoint after rotation
dl-find/turbomole/=============================== Tstep:  111.1 Ttot:27201.9 ==
eandg
Spin: 
 Energy calculation finished, energy: -2.138680612E+03
Curvature at dimer midpoint after rotation     0.00071
Curvature at dimer minimum                    -0.00275
Actual dimer rotation angle:         0.193 deg
Dimer rotation converged after    1 steps
Writing TS-mode
Curvature after dimer rotation:               -0.00275
Frequency of transition mode  -269.452 cm^-1 (negative value denotes imaginary frequency)
Crossover temperature for tunnelling       61.70145 K
Restarting L-BFGS optimiser, instance: dimer rotation
Next calculation will be the dimer  midpoint
dl-find/turbomole/=============================== Tstep:   95.7 Ttot:27297.7 ==
eandg
Spin: 
 Energy calculation finished, energy: -2.138680647E+03
Testing convergence of dimer midpoint in cycle   84
    Energy  2.9975E-05 Target: 1.0000E-06 converged?   no
  Max step  1.8467E-02 Target: 1.8000E-03 converged?   no component   238
  RMS step  3.8788E-03 Target: 1.2000E-03 converged?   no
  Max grad  3.5255E-04 Target: 4.5000E-04 converged?  yes component   237
  RMS grad  1.0382E-04 Target: 3.0000E-04 converged?  yes
Next calculation will be the dimer endpoint before rotation
dl-find/turbomole/=============================== Tstep:  130.2 Ttot:27427.8 ==
eandg
Spin: 
 Energy calculation finished, energy: -2.138680648E+03
Curvature at dimer midpoint                   -0.00277
Predicted dimer rotation angle:      6.764 deg
Next calculation will be the dimer endpoint after rotation
dl-find/turbomole/=============================== Tstep:  111.4 Ttot:27539.2 ==
eandg
Spin: 
 Energy calculation finished, energy: -2.138680648E+03
Curvature at dimer midpoint after rotation     0.00010
Curvature at dimer minimum                    -0.00277
Actual dimer rotation angle:         0.175 deg
Dimer rotation converged after    1 steps
Writing TS-mode
Curvature after dimer rotation:               -0.00277
Frequency of transition mode  -270.585 cm^-1 (negative value denotes imaginary frequency)
Crossover temperature for tunnelling       61.96078 K
Restarting L-BFGS optimiser, instance: dimer rotation
Next calculation will be the dimer  midpoint
dl-find/turbomole/=============================== Tstep:   97.0 Ttot:27636.2 ==
eandg
Spin: 
 Energy calculation finished, energy: -2.138680670E+03
Testing convergence of dimer midpoint in cycle   85
    Energy  2.3146E-05 Target: 1.0000E-06 converged?   no
  Max step  4.6526E-02 Target: 1.8000E-03 converged?   no component   241
  RMS step  1.4216E-02 Target: 1.2000E-03 converged?   no
  Max grad  6.9489E-04 Target: 4.5000E-04 converged?   no component    59
  RMS grad  1.5232E-04 Target: 3.0000E-04 converged?  yes
Next calculation will be the dimer endpoint before rotation
dl-find/turbomole/=============================== Tstep:  122.0 Ttot:27758.2 ==
eandg
Spin: 
 Energy calculation finished, energy: -2.138680671E+03
Curvature at dimer midpoint                   -0.00274
Predicted dimer rotation angle:      6.152 deg
Next calculation will be the dimer endpoint after rotation
dl-find/turbomole/=============================== Tstep:  111.8 Ttot:27870.0 ==
eandg
Spin: 
 Energy calculation finished, energy: -2.138680671E+03
Curvature at dimer midpoint after rotation    -0.00191
Curvature at dimer minimum                    -0.00275
Actual dimer rotation angle:         0.410 deg
Dimer rotation converged after    1 steps
Writing TS-mode
Curvature after dimer rotation:               -0.00275
Frequency of transition mode  -269.441 cm^-1 (negative value denotes imaginary frequency)
Crossover temperature for tunnelling       61.69885 K
Restarting L-BFGS optimiser, instance: dimer rotation
Next calculation will be the dimer  midpoint
dl-find/turbomole/=============================== Tstep:   75.5 Ttot:27945.5 ==
eandg
Spin: 
 Energy calculation finished, energy: -2.138680721E+03
Testing convergence of dimer midpoint in cycle   86
    Energy  5.1130E-05 Target: 1.0000E-06 converged?   no
  Max step  3.9363E-02 Target: 1.8000E-03 converged?   no component   238
  RMS step  9.0095E-03 Target: 1.2000E-03 converged?   no
  Max grad  1.0685E-03 Target: 4.5000E-04 converged?   no component   219
  RMS grad  2.0397E-04 Target: 3.0000E-04 converged?  yes
Next calculation will be the dimer endpoint before rotation
dl-find/turbomole/=============================== Tstep:  135.4 Ttot:28080.9 ==
eandg
Spin: 
 Energy calculation finished, energy: -2.138680722E+03
Curvature at dimer midpoint                   -0.00277
Predicted dimer rotation angle:      9.955 deg
Next calculation will be the dimer endpoint after rotation
dl-find/turbomole/=============================== Tstep:  110.0 Ttot:28190.9 ==
eandg
Spin: 
 Energy calculation finished, energy: -2.138680719E+03
Curvature at dimer midpoint after rotation     0.00751
Curvature at dimer minimum                    -0.00277
Actual dimer rotation angle:         0.161 deg
Dimer rotation converged after    1 steps
Writing TS-mode
Curvature after dimer rotation:               -0.00277
Frequency of transition mode  -270.497 cm^-1 (negative value denotes imaginary frequency)
Crossover temperature for tunnelling       61.94072 K
Restarting L-BFGS optimiser, instance: dimer rotation
Next calculation will be the dimer  midpoint
dl-find/turbomole/=============================== Tstep:   92.6 Ttot:28283.5 ==
eandg
Spin: 
 Energy calculation finished, energy: -2.138680734E+03
Testing convergence of dimer midpoint in cycle   87
    Energy  1.3267E-05 Target: 1.0000E-06 converged?   no
  Max step  4.8205E-02 Target: 1.8000E-03 converged?   no component   241
  RMS step  1.2544E-02 Target: 1.2000E-03 converged?   no
  Max grad  8.1867E-04 Target: 4.5000E-04 converged?   no component   246
  RMS grad  1.6500E-04 Target: 3.0000E-04 converged?  yes
Next calculation will be the dimer endpoint before rotation
dl-find/turbomole/=============================== Tstep:  134.3 Ttot:28417.8 ==
eandg
Spin: 
 Energy calculation finished, energy: -2.138680735E+03
Curvature at dimer midpoint                   -0.00278
Predicted dimer rotation angle:      5.031 deg
Next calculation will be the dimer endpoint after rotation
dl-find/turbomole/=============================== Tstep:  110.9 Ttot:28528.7 ==
eandg
Spin: 
 Energy calculation finished, energy: -2.138680736E+03
Curvature at dimer midpoint after rotation    -0.00239
Curvature at dimer minimum                    -0.00278
Actual dimer rotation angle:         0.457 deg
Dimer rotation converged after    1 steps
Writing TS-mode
Curvature after dimer rotation:               -0.00278
Frequency of transition mode  -271.072 cm^-1 (negative value denotes imaginary frequency)
Crossover temperature for tunnelling       62.07235 K
Restarting L-BFGS optimiser, instance: dimer rotation
Next calculation will be the dimer  midpoint
dl-find/turbomole/=============================== Tstep:   79.0 Ttot:28607.7 ==
eandg
Spin: 
 Energy calculation finished, energy: -2.138680787E+03
Testing convergence of dimer midpoint in cycle   88
    Energy  5.3263E-05 Target: 1.0000E-06 converged?   no
  Max step  7.1128E-02 Target: 1.8000E-03 converged?   no component   241
  RMS step  2.2129E-02 Target: 1.2000E-03 converged?   no
  Max grad  8.1245E-04 Target: 4.5000E-04 converged?   no component   248
  RMS grad  1.4862E-04 Target: 3.0000E-04 converged?  yes
Next calculation will be the dimer endpoint before rotation
dl-find/turbomole/=============================== Tstep:  126.1 Ttot:28733.8 ==
eandg
Spin: 
 Energy calculation finished, energy: -2.138680787E+03
Curvature at dimer midpoint                   -0.00272
Predicted dimer rotation angle:      9.164 deg
Next calculation will be the dimer endpoint after rotation
dl-find/turbomole/=============================== Tstep:  111.4 Ttot:28845.1 ==
eandg
Spin: 
 Energy calculation finished, energy: -2.138680789E+03
Curvature at dimer midpoint after rotation     0.00451
Curvature at dimer minimum                    -0.00272
Actual dimer rotation angle:         0.174 deg
Dimer rotation converged after    1 steps
Writing TS-mode
Curvature after dimer rotation:               -0.00272
Frequency of transition mode  -268.074 cm^-1 (negative value denotes imaginary frequency)
Crossover temperature for tunnelling       61.38591 K
Restarting L-BFGS optimiser, instance: dimer rotation
Next calculation will be the dimer  midpoint
dl-find/turbomole/=============================== Tstep:   93.4 Ttot:28938.5 ==
eandg
Spin: 
 Energy calculation finished, energy: -2.138680812E+03
Testing convergence of dimer midpoint in cycle   89
    Energy  2.4170E-05 Target: 1.0000E-06 converged?   no
  Max step  2.0187E-02 Target: 1.8000E-03 converged?   no component   226
  RMS step  4.9107E-03 Target: 1.2000E-03 converged?   no
  Max grad  4.7914E-04 Target: 4.5000E-04 converged?   no component    59
  RMS grad  1.4685E-04 Target: 3.0000E-04 converged?  yes
Next calculation will be the dimer endpoint before rotation
dl-find/turbomole/=============================== Tstep:  127.8 Ttot:29066.3 ==
eandg
Spin: 
 Energy calculation finished, energy: -2.138680814E+03
Curvature at dimer midpoint                   -0.00273
Predicted dimer rotation angle:      5.382 deg
Next calculation will be the dimer endpoint after rotation
dl-find/turbomole/=============================== Tstep:  111.9 Ttot:29178.2 ==
eandg
Spin: 
 Energy calculation finished, energy: -2.138680813E+03
Curvature at dimer midpoint after rotation    -0.00165
Curvature at dimer minimum                    -0.00274
Actual dimer rotation angle:         0.222 deg
Dimer rotation converged after    1 steps
Writing TS-mode
Curvature after dimer rotation:               -0.00274
Frequency of transition mode  -268.928 cm^-1 (negative value denotes imaginary frequency)
Crossover temperature for tunnelling       61.58150 K
Restarting L-BFGS optimiser, instance: dimer rotation
Next calculation will be the dimer  midpoint
dl-find/turbomole/=============================== Tstep:   71.1 Ttot:29249.3 ==
eandg
Spin: 
 Energy calculation finished, energy: -2.138680837E+03
Testing convergence of dimer midpoint in cycle   90
    Energy  2.5190E-05 Target: 1.0000E-06 converged?   no
  Max step  6.7715E-02 Target: 1.8000E-03 converged?   no component    22
  RMS step  2.2742E-02 Target: 1.2000E-03 converged?   no
  Max grad  7.4770E-04 Target: 4.5000E-04 converged?   no component   253
  RMS grad  1.6349E-04 Target: 3.0000E-04 converged?  yes
Next calculation will be the dimer endpoint before rotation
dl-find/turbomole/=============================== Tstep:  124.6 Ttot:29373.8 ==
eandg
Spin: 
 Energy calculation finished, energy: -2.138680839E+03
Curvature at dimer midpoint                   -0.00269
Predicted dimer rotation angle:      9.121 deg
Next calculation will be the dimer endpoint after rotation
dl-find/turbomole/=============================== Tstep:  111.0 Ttot:29484.9 ==
eandg
Spin: 
 Energy calculation finished, energy: -2.138680840E+03
Curvature at dimer midpoint after rotation     0.00377
Curvature at dimer minimum                    -0.00270
Actual dimer rotation angle:         0.190 deg
Dimer rotation converged after    1 steps
Writing TS-mode
Curvature after dimer rotation:               -0.00270
Frequency of transition mode  -266.921 cm^-1 (negative value denotes imaginary frequency)
Crossover temperature for tunnelling       61.12173 K
Restarting L-BFGS optimiser, instance: dimer rotation
Next calculation will be the dimer  midpoint
dl-find/turbomole/=============================== Tstep:   91.0 Ttot:29575.8 ==
eandg
Spin: 
 Energy calculation finished, energy: -2.138680884E+03
Testing convergence of dimer midpoint in cycle   91
    Energy  4.6984E-05 Target: 1.0000E-06 converged?   no
  Max step  3.2823E-02 Target: 1.8000E-03 converged?   no component    21
  RMS step  8.4254E-03 Target: 1.2000E-03 converged?   no
  Max grad  1.0599E-03 Target: 4.5000E-04 converged?   no component   248
  RMS grad  2.0285E-04 Target: 3.0000E-04 converged?  yes
Next calculation will be the dimer endpoint before rotation
dl-find/turbomole/=============================== Tstep:  129.7 Ttot:29705.5 ==
eandg
Spin: 
 Energy calculation finished, energy: -2.138680886E+03
Curvature at dimer midpoint                   -0.00268
Predicted dimer rotation angle:      6.799 deg
Next calculation will be the dimer endpoint after rotation
dl-find/turbomole/=============================== Tstep:  111.1 Ttot:29816.6 ==
eandg
Spin: 
 Energy calculation finished, energy: -2.138680885E+03
Curvature at dimer midpoint after rotation    -0.00092
Curvature at dimer minimum                    -0.00268
Actual dimer rotation angle:         0.273 deg
Dimer rotation converged after    1 steps
Writing TS-mode
Curvature after dimer rotation:               -0.00268
Frequency of transition mode  -266.225 cm^-1 (negative value denotes imaginary frequency)
Crossover temperature for tunnelling       60.96246 K
Restarting L-BFGS optimiser, instance: dimer rotation
Next calculation will be the dimer  midpoint
dl-find/turbomole/=============================== Tstep:   95.4 Ttot:29912.0 ==
eandg
Spin: 
 Energy calculation finished, energy: -2.138680909E+03
Testing convergence of dimer midpoint in cycle   92
    Energy  2.5421E-05 Target: 1.0000E-06 converged?   no
  Max step  1.7757E-02 Target: 1.8000E-03 converged?   no component    21
  RMS step  5.2716E-03 Target: 1.2000E-03 converged?   no
  Max grad  6.9861E-04 Target: 4.5000E-04 converged?   no component   248
  RMS grad  1.2769E-04 Target: 3.0000E-04 converged?  yes
Next calculation will be the dimer endpoint before rotation
dl-find/turbomole/=============================== Tstep:  123.9 Ttot:30035.9 ==
eandg
Spin: 
 Energy calculation finished, energy: -2.138680911E+03
Curvature at dimer midpoint                   -0.00271
Predicted dimer rotation angle:      9.474 deg
Next calculation will be the dimer endpoint after rotation
dl-find/turbomole/=============================== Tstep:  115.6 Ttot:30151.4 ==
eandg
Spin: 
 Energy calculation finished, energy: -2.138680911E+03
Curvature at dimer midpoint after rotation     0.00543
Curvature at dimer minimum                    -0.00271
Actual dimer rotation angle:         0.171 deg
Dimer rotation converged after    1 steps
Writing TS-mode
Curvature after dimer rotation:               -0.00271
Frequency of transition mode  -267.522 cm^-1 (negative value denotes imaginary frequency)
Crossover temperature for tunnelling       61.25949 K
Restarting L-BFGS optimiser, instance: dimer rotation
Next calculation will be the dimer  midpoint
dl-find/turbomole/=============================== Tstep:   94.9 Ttot:30246.4 ==
eandg
Spin: 
 Energy calculation finished, energy: -2.138680936E+03
Testing convergence of dimer midpoint in cycle   93
    Energy  2.6652E-05 Target: 1.0000E-06 converged?   no
  Max step  2.4349E-02 Target: 1.8000E-03 converged?   no component    22
  RMS step  7.7785E-03 Target: 1.2000E-03 converged?   no
  Max grad  5.8231E-04 Target: 4.5000E-04 converged?   no component    60
  RMS grad  1.2153E-04 Target: 3.0000E-04 converged?  yes
Next calculation will be the dimer endpoint before rotation
dl-find/turbomole/=============================== Tstep:  118.6 Ttot:30364.9 ==
eandg
Spin: 
 Energy calculation finished, energy: -2.138680938E+03
Curvature at dimer midpoint                   -0.00270
Predicted dimer rotation angle:      5.856 deg
Next calculation will be the dimer endpoint after rotation
dl-find/turbomole/=============================== Tstep:  110.5 Ttot:30475.4 ==
eandg
Spin: 
 Energy calculation finished, energy: -2.138680938E+03
Curvature at dimer midpoint after rotation    -0.00156
Curvature at dimer minimum                    -0.00270
Actual dimer rotation angle:         0.267 deg
Dimer rotation converged after    1 steps
Writing TS-mode
Curvature after dimer rotation:               -0.00270
Frequency of transition mode  -267.087 cm^-1 (negative value denotes imaginary frequency)
Crossover temperature for tunnelling       61.15986 K
Restarting L-BFGS optimiser, instance: dimer rotation
Next calculation will be the dimer  midpoint
dl-find/turbomole/=============================== Tstep:   91.4 Ttot:30566.8 ==
eandg
Spin: 
 Energy calculation finished, energy: -2.138680954E+03
Testing convergence of dimer midpoint in cycle   94
    Energy  1.7921E-05 Target: 1.0000E-06 converged?   no
  Max step  2.8137E-02 Target: 1.8000E-03 converged?   no component    22
  RMS step  8.5524E-03 Target: 1.2000E-03 converged?   no
  Max grad  8.2303E-04 Target: 4.5000E-04 converged?   no component    60
  RMS grad  1.4045E-04 Target: 3.0000E-04 converged?  yes
Next calculation will be the dimer endpoint before rotation
dl-find/turbomole/=============================== Tstep:  127.2 Ttot:30694.0 ==
eandg
Spin: 
 Energy calculation finished, energy: -2.138680955E+03
Curvature at dimer midpoint                   -0.00271
Predicted dimer rotation angle:      8.643 deg
Next calculation will be the dimer endpoint after rotation
dl-find/turbomole/=============================== Tstep:  111.3 Ttot:30805.4 ==
eandg
Spin: 
 Energy calculation finished, energy: -2.138680954E+03
Curvature at dimer midpoint after rotation     0.00391
Curvature at dimer minimum                    -0.00271
Actual dimer rotation angle:         0.159 deg
Dimer rotation converged after    1 steps
Writing TS-mode
Curvature after dimer rotation:               -0.00271
Frequency of transition mode  -267.656 cm^-1 (negative value denotes imaginary frequency)
Crossover temperature for tunnelling       61.29019 K
Restarting L-BFGS optimiser, instance: dimer rotation
Next calculation will be the dimer  midpoint
dl-find/turbomole/=============================== Tstep:   97.9 Ttot:30903.2 ==
eandg
Spin: 
 Energy calculation finished, energy: -2.138680980E+03
Testing convergence of dimer midpoint in cycle   95
    Energy  2.6732E-05 Target: 1.0000E-06 converged?   no
  Max step  7.3683E-02 Target: 1.8000E-03 converged?   no component    22
  RMS step  2.2923E-02 Target: 1.2000E-03 converged?   no
  Max grad  1.5731E-03 Target: 4.5000E-04 converged?   no component   251
  RMS grad  2.2789E-04 Target: 3.0000E-04 converged?  yes
Next calculation will be the dimer endpoint before rotation
dl-find/turbomole/=============================== Tstep:  132.7 Ttot:31035.9 ==
eandg
Spin: 
 Energy calculation finished, energy: -2.138680982E+03
Curvature at dimer midpoint                   -0.00273
Predicted dimer rotation angle:      6.795 deg
Next calculation will be the dimer endpoint after rotation
dl-find/turbomole/=============================== Tstep:  111.4 Ttot:31147.3 ==
eandg
Spin: 
 Energy calculation finished, energy: -2.138680982E+03
Curvature at dimer midpoint after rotation    -0.00108
Curvature at dimer minimum                    -0.00274
Actual dimer rotation angle:         0.294 deg
Dimer rotation converged after    1 steps
Writing TS-mode
Curvature after dimer rotation:               -0.00274
Frequency of transition mode  -268.867 cm^-1 (negative value denotes imaginary frequency)
Crossover temperature for tunnelling       61.56751 K
Restarting L-BFGS optimiser, instance: dimer rotation
Next calculation will be the dimer  midpoint
dl-find/turbomole/=============================== Tstep:   95.4 Ttot:31242.7 ==
eandg
Spin: 
 Energy calculation finished, energy: -2.138681024E+03
Testing convergence of dimer midpoint in cycle   96
    Energy  4.3400E-05 Target: 1.0000E-06 converged?   no
  Max step  3.7875E-02 Target: 1.8000E-03 converged?   no component    21
  RMS step  1.1444E-02 Target: 1.2000E-03 converged?   no
  Max grad  9.7855E-04 Target: 4.5000E-04 converged?   no component   248
  RMS grad  1.7244E-04 Target: 3.0000E-04 converged?  yes
Next calculation will be the dimer endpoint before rotation
dl-find/turbomole/=============================== Tstep:  130.2 Ttot:31372.9 ==
eandg
Spin: 
 Energy calculation finished, energy: -2.138681025E+03
Curvature at dimer midpoint                   -0.00273
Predicted dimer rotation angle:      8.094 deg
Next calculation will be the dimer endpoint after rotation
dl-find/turbomole/=============================== Tstep:  112.0 Ttot:31484.9 ==
eandg
Spin: 
 Energy calculation finished, energy: -2.138681024E+03
Curvature at dimer midpoint after rotation     0.00227
Curvature at dimer minimum                    -0.00273
Actual dimer rotation angle:         0.172 deg
Dimer rotation converged after    1 steps
Writing TS-mode
Curvature after dimer rotation:               -0.00273
Frequency of transition mode  -268.527 cm^-1 (negative value denotes imaginary frequency)
Crossover temperature for tunnelling       61.48963 K
Restarting L-BFGS optimiser, instance: dimer rotation
Next calculation will be the dimer  midpoint
dl-find/turbomole/=============================== Tstep:   97.1 Ttot:31582.1 ==
eandg
Spin: 
 Energy calculation finished, energy: -2.138681086E+03
Testing convergence of dimer midpoint in cycle   97
    Energy  6.2256E-05 Target: 1.0000E-06 converged?   no
  Max step  4.2903E-02 Target: 1.8000E-03 converged?   no component     3
  RMS step  1.2302E-02 Target: 1.2000E-03 converged?   no
  Max grad  8.1034E-04 Target: 4.5000E-04 converged?   no component   251
  RMS grad  1.8479E-04 Target: 3.0000E-04 converged?  yes
Next calculation will be the dimer endpoint before rotation
dl-find/turbomole/=============================== Tstep:  128.4 Ttot:31710.5 ==
eandg
Spin: 
 Energy calculation finished, energy: -2.138681087E+03
Curvature at dimer midpoint                   -0.00274
Predicted dimer rotation angle:      7.464 deg
Next calculation will be the dimer endpoint after rotation
dl-find/turbomole/=============================== Tstep:  112.4 Ttot:31822.8 ==
eandg
Spin: 
 Energy calculation finished, energy: -2.138681086E+03
Curvature at dimer midpoint after rotation     0.00080
Curvature at dimer minimum                    -0.00274
Actual dimer rotation angle:         0.189 deg
Dimer rotation converged after    1 steps
Writing TS-mode
Curvature after dimer rotation:               -0.00274
Frequency of transition mode  -269.085 cm^-1 (negative value denotes imaginary frequency)
Crossover temperature for tunnelling       61.61741 K
Restarting L-BFGS optimiser, instance: dimer rotation
Next calculation will be the dimer  midpoint
dl-find/turbomole/=============================== Tstep:   96.4 Ttot:31919.2 ==
eandg
Spin: 
 Energy calculation finished, energy: -2.138681111E+03
Testing convergence of dimer midpoint in cycle   98
    Energy  2.5064E-05 Target: 1.0000E-06 converged?   no
  Max step  6.7257E-02 Target: 1.8000E-03 converged?   no component     3
  RMS step  1.9918E-02 Target: 1.2000E-03 converged?   no
  Max grad  1.4603E-03 Target: 4.5000E-04 converged?   no component   251
  RMS grad  2.3390E-04 Target: 3.0000E-04 converged?  yes
Next calculation will be the dimer endpoint before rotation
dl-find/turbomole/=============================== Tstep:  134.3 Ttot:32053.5 ==
eandg
Spin: 
 Energy calculation finished, energy: -2.138681112E+03
Curvature at dimer midpoint                   -0.00281
Predicted dimer rotation angle:      6.232 deg
Next calculation will be the dimer endpoint after rotation
dl-find/turbomole/=============================== Tstep:  111.8 Ttot:32165.3 ==
eandg
Spin: 
 Energy calculation finished, energy: -2.138681112E+03
Curvature at dimer midpoint after rotation    -0.00172
Curvature at dimer minimum                    -0.00281
Actual dimer rotation angle:         0.343 deg
Dimer rotation converged after    1 steps
Writing TS-mode
Curvature after dimer rotation:               -0.00281
Frequency of transition mode  -272.694 cm^-1 (negative value denotes imaginary frequency)
Crossover temperature for tunnelling       62.44386 K
Restarting L-BFGS optimiser, instance: dimer rotation
Next calculation will be the dimer  midpoint
dl-find/turbomole/=============================== Tstep:   64.5 Ttot:32229.8 ==
eandg
Spin: 
 Energy calculation finished, energy: -2.138681116E+03
Testing convergence of dimer midpoint in cycle   99
    Energy  4.4920E-06 Target: 1.0000E-06 converged?   no
  Max step  2.0436E-01 Target: 1.8000E-03 converged?   no component     3
  RMS step  6.2175E-02 Target: 1.2000E-03 converged?   no
  Max grad  3.1572E-03 Target: 4.5000E-04 converged?   no component    48
  RMS grad  5.4387E-04 Target: 3.0000E-04 converged?   no
Next calculation will be the dimer endpoint before rotation
dl-find/turbomole/=============================== Tstep:  148.8 Ttot:32378.6 ==
eandg
Spin: 
 Energy calculation finished, energy: -2.138681116E+03
Curvature at dimer midpoint                   -0.00296
Predicted dimer rotation angle:     10.064 deg
Next calculation will be the dimer endpoint after rotation
dl-find/turbomole/=============================== Tstep:  110.9 Ttot:32489.5 ==
eandg
Spin: 
 Energy calculation finished, energy: -2.138681115E+03
Curvature at dimer midpoint after rotation     0.00291
Curvature at dimer minimum                    -0.00296
Actual dimer rotation angle:         0.304 deg
Dimer rotation converged after    1 steps
Writing TS-mode
Curvature after dimer rotation:               -0.00296
Frequency of transition mode  -279.746 cm^-1 (negative value denotes imaginary frequency)
Crossover temperature for tunnelling       64.05859 K
Restarting L-BFGS optimiser, instance: dimer rotation
Next calculation will be the dimer  midpoint
dl-find/turbomole/=============================== Tstep:   97.0 Ttot:32586.5 ==
eandg
Spin: 
 Energy calculation finished, energy: -2.138681279E+03
Testing convergence of dimer midpoint in cycle  100
    Energy  1.6311E-04 Target: 1.0000E-06 converged?   no
  Max step  9.5795E-02 Target: 1.8000E-03 converged?   no component   241
  RMS step  3.4260E-02 Target: 1.2000E-03 converged?   no
  Max grad  9.3547E-04 Target: 4.5000E-04 converged?   no component    60
  RMS grad  2.1605E-04 Target: 3.0000E-04 converged?  yes
Next calculation will be the dimer endpoint before rotation
dl-find/turbomole/=============================== Tstep:  146.5 Ttot:32733.0 ==
eandg
Spin: 
 Energy calculation finished, energy: -2.138681277E+03
Curvature at dimer midpoint                   -0.00302
Predicted dimer rotation angle:      8.935 deg
Next calculation will be the dimer endpoint after rotation
dl-find/turbomole/=============================== Tstep:  116.4 Ttot:32849.4 ==
eandg
Spin: 
 Energy calculation finished, energy: -2.138681277E+03
Curvature at dimer midpoint after rotation     0.00406
Curvature at dimer minimum                    -0.00302
Actual dimer rotation angle:         0.182 deg
Dimer rotation converged after    1 steps
Writing TS-mode
Curvature after dimer rotation:               -0.00302
Frequency of transition mode  -282.452 cm^-1 (negative value denotes imaginary frequency)
Crossover temperature for tunnelling       64.67816 K
Restarting L-BFGS optimiser, instance: dimer rotation
Next calculation will be the dimer  midpoint
dl-find/turbomole/=============================== Tstep:   92.0 Ttot:32941.3 ==
eandg
Spin: 
 Energy calculation finished, energy: -2.138681282E+03
Testing convergence of dimer midpoint in cycle  101
    Energy  2.7560E-06 Target: 1.0000E-06 converged?   no
  Max step  8.2469E-02 Target: 1.8000E-03 converged?   no component   241
  RMS step  2.4440E-02 Target: 1.2000E-03 converged?   no
  Max grad  1.2167E-03 Target: 4.5000E-04 converged?   no component    55
  RMS grad  2.4808E-04 Target: 3.0000E-04 converged?  yes
Next calculation will be the dimer endpoint before rotation
dl-find/turbomole/=============================== Tstep:  134.6 Ttot:33075.9 ==
eandg
Spin: 
 Energy calculation finished, energy: -2.138681282E+03
Curvature at dimer midpoint                   -0.00294
Predicted dimer rotation angle:      5.609 deg
Next calculation will be the dimer endpoint after rotation
dl-find/turbomole/=============================== Tstep:  114.2 Ttot:33190.1 ==
eandg
Spin: 
 Energy calculation finished, energy: -2.138681282E+03
Curvature at dimer midpoint after rotation    -0.00186
Curvature at dimer minimum                    -0.00294
Actual dimer rotation angle:         0.267 deg
Dimer rotation converged after    1 steps
Writing TS-mode
Curvature after dimer rotation:               -0.00294
Frequency of transition mode  -278.892 cm^-1 (negative value denotes imaginary frequency)
Crossover temperature for tunnelling       63.86306 K
Restarting L-BFGS optimiser, instance: dimer rotation
Next calculation will be the dimer  midpoint
dl-find/turbomole/=============================== Tstep:   89.2 Ttot:33279.3 ==
eandg
Spin: 
 Energy calculation finished, energy: -2.138681348E+03
Testing convergence of dimer midpoint in cycle  102
    Energy  6.6580E-05 Target: 1.0000E-06 converged?   no
  Max step  5.3334E-02 Target: 1.8000E-03 converged?   no component   235
  RMS step  8.9710E-03 Target: 1.2000E-03 converged?   no
  Max grad  1.1555E-03 Target: 4.5000E-04 converged?   no component    48
  RMS grad  1.8982E-04 Target: 3.0000E-04 converged?  yes
Next calculation will be the dimer endpoint before rotation
dl-find/turbomole/=============================== Tstep:  139.6 Ttot:33418.9 ==
eandg
Spin: 
 Energy calculation finished, energy: -2.138680878E+03
Curvature at dimer midpoint                   -0.00261
Predicted dimer rotation angle:     43.661 deg
Next calculation will be the dimer endpoint after rotation
dl-find/turbomole/=============================== Tstep:  133.1 Ttot:33552.1 ==
eandg
Spin: 
 Energy calculation finished, energy: -2.138680876E+03
Curvature at dimer midpoint after rotation     0.04221
Curvature at dimer minimum                    -0.01643
Actual dimer rotation angle:        13.932 deg
Predicted dimer rotation angle:     39.304 deg
Next calculation will be the dimer endpoint after rotation
dl-find/turbomole/=============================== Tstep:  116.2 Ttot:33668.3 ==
eandg
Spin: 
 Energy calculation finished, energy: -2.138680881E+03
Curvature at dimer midpoint after rotation     0.00637
Curvature at dimer minimum                    -0.01589
Actual dimer rotation angle:        15.169 deg
Predicted dimer rotation angle:     34.609 deg
Next calculation will be the dimer endpoint after rotation
dl-find/turbomole/=============================== Tstep:  109.0 Ttot:33777.3 ==
eandg
Spin: 
 Energy calculation finished, energy: -2.138680881E+03
Curvature at dimer midpoint after rotation    -0.00181
Curvature at dimer minimum                    -0.01352
Actual dimer rotation angle:        13.834 deg
Predicted dimer rotation angle:     30.450 deg
Next calculation will be the dimer endpoint after rotation
dl-find/turbomole/=============================== Tstep:   99.1 Ttot:33876.3 ==
eandg
Spin: 
 Energy calculation finished, energy: -2.138680881E+03
Curvature at dimer midpoint after rotation    -0.00377
Curvature at dimer minimum                    -0.01182
Actual dimer rotation angle:        11.702 deg
Predicted dimer rotation angle:     26.007 deg
Next calculation will be the dimer endpoint after rotation
dl-find/turbomole/=============================== Tstep:  105.2 Ttot:33981.6 ==
eandg
Spin: 
 Energy calculation finished, energy: -2.138680881E+03
Curvature at dimer midpoint after rotation    -0.00813
Curvature at dimer minimum                    -0.01126
Actual dimer rotation angle:        12.178 deg
Predicted dimer rotation angle:     20.468 deg
Next calculation will be the dimer endpoint after rotation
dl-find/turbomole/=============================== Tstep:  103.9 Ttot:34085.4 ==
eandg
Spin: 
 Energy calculation finished, energy: -2.138680881E+03
Curvature at dimer midpoint after rotation    -0.00986
Curvature at dimer minimum                    -0.01099
Actual dimer rotation angle:        11.129 deg
Predicted dimer rotation angle:     16.444 deg
Next calculation will be the dimer endpoint after rotation
dl-find/turbomole/=============================== Tstep:   98.0 Ttot:34183.4 ==
eandg
Spin: 
 Energy calculation finished, energy: -2.138680880E+03
Curvature at dimer midpoint after rotation    -0.01029
Curvature at dimer minimum                    -0.01106
Actual dimer rotation angle:         8.766 deg
Predicted dimer rotation angle:     13.181 deg
Next calculation will be the dimer endpoint after rotation
dl-find/turbomole/=============================== Tstep:  100.3 Ttot:34283.7 ==
eandg
Spin: 
 Energy calculation finished, energy: -2.138680881E+03
Curvature at dimer midpoint after rotation    -0.01295
Curvature at dimer minimum                    -0.01434
Actual dimer rotation angle:        33.415 deg
Predicted dimer rotation angle:     16.238 deg
Next calculation will be the dimer endpoint after rotation
dl-find/turbomole/=============================== Tstep:   95.4 Ttot:34379.0 ==
eandg
Spin: 
 Energy calculation finished, energy: -2.138680881E+03
Curvature at dimer midpoint after rotation    -0.01348
Curvature at dimer minimum                    -0.01360
Actual dimer rotation angle:        12.790 deg
Predicted dimer rotation angle:      5.533 deg
Next calculation will be the dimer endpoint after rotation
dl-find/turbomole/=============================== Tstep:   86.0 Ttot:34465.0 ==
eandg
Spin: 
 Energy calculation finished, energy: -2.138680881E+03
Curvature at dimer midpoint after rotation    -0.01296
Curvature at dimer minimum                    -0.01353
Actual dimer rotation angle:         1.384 deg
Dimer rotation converged after   10 steps
Writing TS-mode
Curvature after dimer rotation:               -0.01353
Frequency of transition mode  -598.020 cm^-1 (negative value denotes imaginary frequency)
Crossover temperature for tunnelling      136.93969 K
Restarting L-BFGS optimiser, instance: dimer rotation
Next calculation will be the dimer  midpoint
dl-find/turbomole/=============================== Tstep:   56.6 Ttot:34521.5 ==
eandg
Spin: 
 Energy calculation finished, energy: -2.138680823E+03
Testing convergence of dimer midpoint in cycle  103
    Energy  5.2555E-04 Target: 1.0000E-06 converged?   no
  Max step  2.1963E-01 Target: 1.8000E-03 converged?   no component   241
  RMS step  4.8838E-02 Target: 1.2000E-03 converged?   no
  Max grad  2.6172E-03 Target: 4.5000E-04 converged?   no component   248
  RMS grad  4.6856E-04 Target: 3.0000E-04 converged?   no
Next calculation will be the dimer endpoint before rotation
dl-find/turbomole/=============================== Tstep:  149.3 Ttot:34670.8 ==
eandg
Spin: 
 Energy calculation finished, energy: -2.138680815E+03
Curvature at dimer midpoint                    0.02277
Predicted dimer rotation angle:     30.403 deg
Next calculation will be the dimer endpoint after rotation
dl-find/turbomole/=============================== Tstep:  106.1 Ttot:34776.9 ==
eandg
Spin: 
 Energy calculation finished, energy: -2.138680819E+03
Curvature at dimer midpoint after rotation     0.03758
Curvature at dimer minimum                     0.01466
Actual dimer rotation angle:        11.252 deg
Predicted dimer rotation angle:     29.545 deg
Next calculation will be the dimer endpoint after rotation
dl-find/turbomole/=============================== Tstep:  110.5 Ttot:34887.4 ==
eandg
Spin: 
 Energy calculation finished, energy: -2.138680817E+03
Curvature at dimer midpoint after rotation     0.00995
Curvature at dimer minimum                     0.00667
Actual dimer rotation angle:        18.073 deg
Predicted dimer rotation angle:     30.524 deg
Next calculation will be the dimer endpoint after rotation
dl-find/turbomole/=============================== Tstep:  109.5 Ttot:34996.9 ==
eandg
Spin: 
 Energy calculation finished, energy: -2.138680812E+03
Curvature at dimer midpoint after rotation     0.02488
Curvature at dimer minimum                     0.00538
Actual dimer rotation angle:         6.100 deg
Predicted dimer rotation angle:     29.881 deg
Next calculation will be the dimer endpoint after rotation
dl-find/turbomole/=============================== Tstep:   91.9 Ttot:35088.8 ==
eandg
Spin: 
 Energy calculation finished, energy: -2.138680818E+03
Curvature at dimer midpoint after rotation     0.01079
Curvature at dimer minimum                     0.00384
Actual dimer rotation angle:         9.455 deg
Predicted dimer rotation angle:     29.398 deg
Next calculation will be the dimer endpoint after rotation
dl-find/turbomole/=============================== Tstep:  103.8 Ttot:35192.6 ==
eandg
Spin: 
 Energy calculation finished, energy: -2.138680824E+03
Curvature at dimer midpoint after rotation     0.00718
Curvature at dimer minimum                     0.00277
Actual dimer rotation angle:         9.625 deg
Predicted dimer rotation angle:     31.837 deg
Next calculation will be the dimer endpoint after rotation
dl-find/turbomole/=============================== Tstep:   96.7 Ttot:35289.3 ==
eandg
Spin: 
 Energy calculation finished, energy: -2.138680816E+03
Curvature at dimer midpoint after rotation     0.01454
Curvature at dimer minimum                     0.00225
Actual dimer rotation angle:         5.245 deg
Predicted dimer rotation angle:     31.499 deg
Next calculation will be the dimer endpoint after rotation
dl-find/turbomole/=============================== Tstep:   89.8 Ttot:35379.1 ==
eandg
Spin: 
 Energy calculation finished, energy: -2.138680822E+03
Curvature at dimer midpoint after rotation     0.01763
Curvature at dimer minimum                     0.00197
Actual dimer rotation angle:         3.556 deg
Predicted dimer rotation angle:     29.341 deg
Next calculation will be the dimer endpoint after rotation
dl-find/turbomole/=============================== Tstep:  110.5 Ttot:35489.6 ==
eandg
Spin: 
 Energy calculation finished, energy: -2.138680823E+03
Curvature at dimer midpoint after rotation     0.00644
Curvature at dimer minimum                     0.00163
Actual dimer rotation angle:         6.081 deg
Predicted dimer rotation angle:     28.447 deg
Next calculation will be the dimer endpoint after rotation
dl-find/turbomole/=============================== Tstep:  108.9 Ttot:35598.5 ==
eandg
Spin: 
 Energy calculation finished, energy: -2.138680823E+03
Curvature at dimer midpoint after rotation     0.00814
Curvature at dimer minimum                     0.00147
Actual dimer rotation angle:         3.759 deg
Predicted dimer rotation angle:     28.707 deg
Next calculation will be the dimer endpoint after rotation
dl-find/turbomole/=============================== Tstep:   99.7 Ttot:35698.2 ==
eandg
Spin: 
 Energy calculation finished, energy: -2.138680822E+03
Curvature at dimer midpoint after rotation     0.00304
Curvature at dimer minimum                     0.00113
Actual dimer rotation angle:         8.412 deg
Predicted dimer rotation angle:     31.649 deg
Next calculation will be the dimer endpoint after rotation
dl-find/turbomole/=============================== Tstep:   94.6 Ttot:35792.8 ==
eandg
Spin: 
 Energy calculation finished, energy: -2.138680823E+03
Curvature at dimer midpoint after rotation     0.00292
Curvature at dimer minimum                     0.00077
Actual dimer rotation angle:         9.024 deg
Predicted dimer rotation angle:     35.545 deg
Next calculation will be the dimer endpoint after rotation
dl-find/turbomole/=============================== Tstep:   99.5 Ttot:35892.3 ==
eandg
Spin: 
 Energy calculation finished, energy: -2.138680820E+03
Curvature at dimer midpoint after rotation     0.00302
Curvature at dimer minimum                     0.00039
Actual dimer rotation angle:         9.591 deg
Predicted dimer rotation angle:     40.444 deg
Next calculation will be the dimer endpoint after rotation
dl-find/turbomole/=============================== Tstep:  100.8 Ttot:35993.1 ==
eandg
Spin: 
 Energy calculation finished, energy: -2.138680824E+03
Curvature at dimer midpoint after rotation     0.00360
Curvature at dimer minimum                    -0.00004
Actual dimer rotation angle:        10.027 deg
Predicted dimer rotation angle:     44.503 deg
Next calculation will be the dimer endpoint after rotation
dl-find/turbomole/=============================== Tstep:  103.8 Ttot:36096.9 ==
eandg
Spin: 
 Energy calculation finished, energy: -2.138680821E+03
Curvature at dimer midpoint after rotation     0.00235
Curvature at dimer minimum                    -0.00062
Actual dimer rotation angle:        13.217 deg
Predicted dimer rotation angle:     38.830 deg
Next calculation will be the dimer endpoint after rotation
dl-find/turbomole/=============================== Tstep:   95.6 Ttot:36192.4 ==
eandg
Spin: 
 Energy calculation finished, energy: -2.138680823E+03
Curvature at dimer midpoint after rotation     0.00483
Curvature at dimer minimum                    -0.00099
Actual dimer rotation angle:         7.573 deg
Predicted dimer rotation angle:     37.402 deg
Next calculation will be the dimer endpoint after rotation
dl-find/turbomole/=============================== Tstep:   88.7 Ttot:36281.1 ==
eandg
Spin: 
 Energy calculation finished, energy: -2.138680822E+03
Curvature at dimer midpoint after rotation     0.00220
Curvature at dimer minimum                    -0.00170
Actual dimer rotation angle:        10.939 deg
Predicted dimer rotation angle:     28.837 deg
Next calculation will be the dimer endpoint after rotation
dl-find/turbomole/=============================== Tstep:  101.7 Ttot:36382.8 ==
eandg
Spin: 
 Energy calculation finished, energy: -2.138680824E+03
Curvature at dimer midpoint after rotation     0.00059
Curvature at dimer minimum                    -0.00207
Actual dimer rotation angle:         7.660 deg
Predicted dimer rotation angle:     21.957 deg
Next calculation will be the dimer endpoint after rotation
dl-find/turbomole/=============================== Tstep:  109.9 Ttot:36492.7 ==
eandg
Spin: 
 Energy calculation finished, energy: -2.138680825E+03
Curvature at dimer midpoint after rotation    -0.00182
Curvature at dimer minimum                    -0.00240
Actual dimer rotation angle:         9.426 deg
Predicted dimer rotation angle:     17.807 deg
Next calculation will be the dimer endpoint after rotation
dl-find/turbomole/=============================== Tstep:   96.1 Ttot:36588.8 ==
eandg
Spin: 
 Energy calculation finished, energy: -2.138680824E+03
Curvature at dimer midpoint after rotation    -0.00225
Curvature at dimer minimum                    -0.00264
Actual dimer rotation angle:         7.819 deg
Predicted dimer rotation angle:     22.556 deg
Next calculation will be the dimer endpoint after rotation
dl-find/turbomole/=============================== Tstep:   96.5 Ttot:36685.3 ==
eandg
Spin: 
 Energy calculation finished, energy: -2.138680824E+03
Curvature at dimer midpoint after rotation     0.00143
Curvature at dimer minimum                    -0.00281
Actual dimer rotation angle:         3.734 deg
Predicted dimer rotation angle:     22.199 deg
Next calculation will be the dimer endpoint after rotation
dl-find/turbomole/=============================== Tstep:  102.8 Ttot:36788.0 ==
eandg
Spin: 
 Energy calculation finished, energy: -2.138680824E+03
Curvature at dimer midpoint after rotation     0.00210
Curvature at dimer minimum                    -0.00297
Actual dimer rotation angle:         3.277 deg
Predicted dimer rotation angle:     11.441 deg
Next calculation will be the dimer endpoint after rotation
dl-find/turbomole/=============================== Tstep:   97.5 Ttot:36885.5 ==
eandg
Spin: 
 Energy calculation finished, energy: -2.138680824E+03
Curvature at dimer midpoint after rotation    -0.00303
Curvature at dimer minimum                    -0.00311
Actual dimer rotation angle:         6.483 deg
Predicted dimer rotation angle:     14.554 deg
Next calculation will be the dimer endpoint after rotation
dl-find/turbomole/=============================== Tstep:  101.4 Ttot:36986.9 ==
eandg
Spin: 
 Energy calculation finished, energy: -2.138680825E+03
Curvature at dimer midpoint after rotation    -0.00211
Curvature at dimer minimum                    -0.00321
Actual dimer rotation angle:         3.383 deg
Predicted dimer rotation angle:     13.063 deg
Next calculation will be the dimer endpoint after rotation
dl-find/turbomole/=============================== Tstep:   96.2 Ttot:37083.1 ==
eandg
Spin: 
 Energy calculation finished, energy: -2.138680826E+03
Curvature at dimer midpoint after rotation    -0.00193
Curvature at dimer minimum                    -0.00328
Actual dimer rotation angle:         2.332 deg
Predicted dimer rotation angle:      6.013 deg
Next calculation will be the dimer endpoint after rotation
dl-find/turbomole/=============================== Tstep:   96.9 Ttot:37180.0 ==
eandg
Spin: 
 Energy calculation finished, energy: -2.138680825E+03
Curvature at dimer midpoint after rotation    -0.00329
Curvature at dimer minimum                    -0.00332
Actual dimer rotation angle:         3.398 deg
Predicted dimer rotation angle:      6.139 deg
Next calculation will be the dimer endpoint after rotation
dl-find/turbomole/=============================== Tstep:   86.8 Ttot:37266.8 ==
eandg
Spin: 
 Energy calculation finished, energy: -2.138680825E+03
Curvature at dimer midpoint after rotation    -0.00325
Curvature at dimer minimum                    -0.00335
Actual dimer rotation angle:         2.111 deg
Predicted dimer rotation angle:      6.071 deg
Next calculation will be the dimer endpoint after rotation
dl-find/turbomole/=============================== Tstep:   84.0 Ttot:37350.8 ==
eandg
Spin: 
 Energy calculation finished, energy: -2.138680826E+03
Curvature at dimer midpoint after rotation    -0.00323
Curvature at dimer minimum                    -0.00337
Actual dimer rotation angle:         1.729 deg
Dimer rotation converged after   27 steps
Writing TS-mode
Curvature after dimer rotation:               -0.00337
Frequency of transition mode  -298.263 cm^-1 (negative value denotes imaginary frequency)
Crossover temperature for tunnelling       68.29869 K
Restarting L-BFGS optimiser, instance: dimer rotation
Next calculation will be the dimer  midpoint
dl-find/turbomole/=============================== Tstep:   73.5 Ttot:37424.4 ==
eandg
Spin: 
 Energy calculation finished, energy: -2.138680976E+03
Testing convergence of dimer midpoint in cycle  104
    Energy  1.5373E-04 Target: 1.0000E-06 converged?   no
  Max step  5.5480E-02 Target: 1.8000E-03 converged?   no component   241
  RMS step  1.2328E-02 Target: 1.2000E-03 converged?   no
  Max grad  1.0697E-03 Target: 4.5000E-04 converged?   no component   251
  RMS grad  2.4594E-04 Target: 3.0000E-04 converged?  yes
Next calculation will be the dimer endpoint before rotation
dl-find/turbomole/=============================== Tstep:  143.3 Ttot:37567.6 ==
eandg
Spin: 
 Energy calculation finished, energy: -2.138680979E+03
Curvature at dimer midpoint                   -0.00322
Predicted dimer rotation angle:      9.180 deg
Next calculation will be the dimer endpoint after rotation
dl-find/turbomole/=============================== Tstep:  116.0 Ttot:37683.6 ==
eandg
Spin: 
 Energy calculation finished, energy: -2.138680978E+03
Curvature at dimer midpoint after rotation     0.00029
Curvature at dimer minimum                    -0.00323
Actual dimer rotation angle:         0.406 deg
Dimer rotation converged after    1 steps
Writing TS-mode
Curvature after dimer rotation:               -0.00323
Frequency of transition mode  -292.185 cm^-1 (negative value denotes imaginary frequency)
Crossover temperature for tunnelling       66.90692 K
Restarting L-BFGS optimiser, instance: dimer rotation
Next calculation will be the dimer  midpoint
dl-find/turbomole/=============================== Tstep:  101.1 Ttot:37784.6 ==
eandg
Spin: 
 Energy calculation finished, energy: -2.138681038E+03
Testing convergence of dimer midpoint in cycle  105
    Energy  6.1336E-05 Target: 1.0000E-06 converged?   no
  Max step  4.1877E-02 Target: 1.8000E-03 converged?   no component   125
  RMS step  1.2002E-02 Target: 1.2000E-03 converged?   no
  Max grad  5.9496E-04 Target: 4.5000E-04 converged?   no component    72
  RMS grad  1.5307E-04 Target: 3.0000E-04 converged?  yes
Next calculation will be the dimer endpoint before rotation
dl-find/turbomole/=============================== Tstep:  140.3 Ttot:37925.0 ==
eandg
Spin: 
 Energy calculation finished, energy: -2.138681040E+03
Curvature at dimer midpoint                   -0.00311
Predicted dimer rotation angle:      8.881 deg
Next calculation will be the dimer endpoint after rotation
dl-find/turbomole/=============================== Tstep:  114.4 Ttot:38039.4 ==
eandg
Spin: 
 Energy calculation finished, energy: -2.138681041E+03
Curvature at dimer midpoint after rotation     0.00152
Curvature at dimer minimum                    -0.00312
Actual dimer rotation angle:         0.276 deg
Dimer rotation converged after    1 steps
Writing TS-mode
Curvature after dimer rotation:               -0.00312
Frequency of transition mode  -287.026 cm^-1 (negative value denotes imaginary frequency)
Crossover temperature for tunnelling       65.72553 K
Restarting L-BFGS optimiser, instance: dimer rotation
Next calculation will be the dimer  midpoint
dl-find/turbomole/=============================== Tstep:   92.3 Ttot:38131.7 ==
eandg
Spin: 
 Energy calculation finished, energy: -2.138681079E+03
Testing convergence of dimer midpoint in cycle  106
    Energy  4.1229E-05 Target: 1.0000E-06 converged?   no
  Max step  5.2493E-02 Target: 1.8000E-03 converged?   no component     3
  RMS step  1.4448E-02 Target: 1.2000E-03 converged?   no
  Max grad  7.1478E-04 Target: 4.5000E-04 converged?   no component   248
  RMS grad  1.3929E-04 Target: 3.0000E-04 converged?  yes
Next calculation will be the dimer endpoint before rotation
dl-find/turbomole/=============================== Tstep:  133.0 Ttot:38264.7 ==
eandg
Spin: 
 Energy calculation finished, energy: -2.138681080E+03
Curvature at dimer midpoint                   -0.00311
Predicted dimer rotation angle:      7.703 deg
Next calculation will be the dimer endpoint after rotation
dl-find/turbomole/=============================== Tstep:  115.5 Ttot:38380.2 ==
eandg
Spin: 
 Energy calculation finished, energy: -2.138681079E+03
Curvature at dimer midpoint after rotation    -0.00003
Curvature at dimer minimum                    -0.00311
Actual dimer rotation angle:         0.267 deg
Dimer rotation converged after    1 steps
Writing TS-mode
Curvature after dimer rotation:               -0.00311
Frequency of transition mode  -286.770 cm^-1 (negative value denotes imaginary frequency)
Crossover temperature for tunnelling       65.66694 K
Restarting L-BFGS optimiser, instance: dimer rotation
Next calculation will be the dimer  midpoint
dl-find/turbomole/=============================== Tstep:   99.3 Ttot:38479.5 ==
eandg
Spin: 
 Energy calculation finished, energy: -2.138681157E+03
Testing convergence of dimer midpoint in cycle  107
    Energy  7.8086E-05 Target: 1.0000E-06 converged?   no
  Max step  1.1682E-01 Target: 1.8000E-03 converged?   no component     3
  RMS step  3.2977E-02 Target: 1.2000E-03 converged?   no
  Max grad  8.5431E-04 Target: 4.5000E-04 converged?   no component   248
  RMS grad  1.9800E-04 Target: 3.0000E-04 converged?  yes
Next calculation will be the dimer endpoint before rotation
dl-find/turbomole/=============================== Tstep:  131.8 Ttot:38611.3 ==
eandg
Spin: 
 Energy calculation finished, energy: -2.138681158E+03
Curvature at dimer midpoint                   -0.00313
Predicted dimer rotation angle:      8.967 deg
Next calculation will be the dimer endpoint after rotation
dl-find/turbomole/=============================== Tstep:  115.1 Ttot:38726.4 ==
eandg
Spin: 
 Energy calculation finished, energy: -2.138681163E+03
Curvature at dimer midpoint after rotation     0.00183
Curvature at dimer minimum                    -0.00314
Actual dimer rotation angle:         0.267 deg
Dimer rotation converged after    1 steps
Writing TS-mode
Curvature after dimer rotation:               -0.00314
Frequency of transition mode  -287.961 cm^-1 (negative value denotes imaginary frequency)
Crossover temperature for tunnelling       65.93983 K
Restarting L-BFGS optimiser, instance: dimer rotation
Next calculation will be the dimer  midpoint
dl-find/turbomole/=============================== Tstep:   92.9 Ttot:38819.3 ==
eandg
Spin: 
 Energy calculation finished, energy: -2.138681038E+03
Testing convergence of dimer midpoint in cycle  108
    Energy  1.1874E-04 Target: 1.0000E-06 converged?   no
  Max step  1.2531E-01 Target: 1.8000E-03 converged?   no component     3
  RMS step  3.6054E-02 Target: 1.2000E-03 converged?   no
  Max grad  3.4430E-03 Target: 4.5000E-04 converged?   no component    81
  RMS grad  7.6202E-04 Target: 3.0000E-04 converged?   no
Next calculation will be the dimer endpoint before rotation
dl-find/turbomole/=============================== Tstep:  147.0 Ttot:38966.3 ==
eandg
Spin: 
 Energy calculation finished, energy: -2.138681040E+03
Curvature at dimer midpoint                   -0.00319
Predicted dimer rotation angle:      8.520 deg
Next calculation will be the dimer endpoint after rotation
dl-find/turbomole/=============================== Tstep:  114.4 Ttot:39080.7 ==
eandg
Spin: 
 Energy calculation finished, energy: -2.138681038E+03
Curvature at dimer midpoint after rotation    -0.00024
Curvature at dimer minimum                    -0.00319
Actual dimer rotation angle:         0.380 deg
Dimer rotation converged after    1 steps
Writing TS-mode
Curvature after dimer rotation:               -0.00319
Frequency of transition mode  -290.534 cm^-1 (negative value denotes imaginary frequency)
Crossover temperature for tunnelling       66.52900 K
Restarting L-BFGS optimiser, instance: dimer rotation
Next calculation will be the dimer  midpoint
dl-find/turbomole/=============================== Tstep:  100.2 Ttot:39180.8 ==
eandg
Spin: 
 Energy calculation finished, energy: -2.138681221E+03
Testing convergence of dimer midpoint in cycle  109
    Energy  1.8241E-04 Target: 1.0000E-06 converged?   no
  Max step  4.3726E-02 Target: 1.8000E-03 converged?   no component     3
  RMS step  1.2535E-02 Target: 1.2000E-03 converged?   no
  Max grad  6.5150E-04 Target: 4.5000E-04 converged?   no component   154
  RMS grad  1.7041E-04 Target: 3.0000E-04 converged?  yes
Next calculation will be the dimer endpoint before rotation
dl-find/turbomole/=============================== Tstep:  140.6 Ttot:39321.5 ==
eandg
Spin: 
 Energy calculation finished, energy: -2.138681222E+03
Curvature at dimer midpoint                   -0.00319
Predicted dimer rotation angle:     10.011 deg
Next calculation will be the dimer endpoint after rotation
dl-find/turbomole/=============================== Tstep:  114.2 Ttot:39435.6 ==
eandg
Spin: 
 Energy calculation finished, energy: -2.138681222E+03
Curvature at dimer midpoint after rotation     0.00569
Curvature at dimer minimum                    -0.00320
Actual dimer rotation angle:         0.217 deg
Dimer rotation converged after    1 steps
Writing TS-mode
Curvature after dimer rotation:               -0.00320
Frequency of transition mode  -290.709 cm^-1 (negative value denotes imaginary frequency)
Crossover temperature for tunnelling       66.56893 K
Restarting L-BFGS optimiser, instance: dimer rotation
Next calculation will be the dimer  midpoint
dl-find/turbomole/=============================== Tstep:   96.5 Ttot:39532.2 ==
eandg
Spin: 
 Energy calculation finished, energy: -2.138681244E+03
Testing convergence of dimer midpoint in cycle  110
    Energy  2.3089E-05 Target: 1.0000E-06 converged?   no
  Max step  9.0015E-03 Target: 1.8000E-03 converged?   no component   229
  RMS step  2.8615E-03 Target: 1.2000E-03 converged?   no
  Max grad  4.3140E-04 Target: 4.5000E-04 converged?  yes component    19
  RMS grad  1.1373E-04 Target: 3.0000E-04 converged?  yes
Next calculation will be the dimer endpoint before rotation
dl-find/turbomole/=============================== Tstep:  124.6 Ttot:39656.7 ==
eandg
Spin: 
 Energy calculation finished, energy: -2.138681245E+03
Curvature at dimer midpoint                   -0.00320
Predicted dimer rotation angle:      5.150 deg
Next calculation will be the dimer endpoint after rotation
dl-find/turbomole/=============================== Tstep:  115.7 Ttot:39772.4 ==
eandg
Spin: 
 Energy calculation finished, energy: -2.138681245E+03
Curvature at dimer midpoint after rotation    -0.00248
Curvature at dimer minimum                    -0.00320
Actual dimer rotation angle:         0.329 deg
Dimer rotation converged after    1 steps
Writing TS-mode
Curvature after dimer rotation:               -0.00320
Frequency of transition mode  -290.743 cm^-1 (negative value denotes imaginary frequency)
Crossover temperature for tunnelling       66.57683 K
Restarting L-BFGS optimiser, instance: dimer rotation
Next calculation will be the dimer  midpoint
dl-find/turbomole/=============================== Tstep:   89.2 Ttot:39861.6 ==
eandg
Spin: 
 Energy calculation finished, energy: -2.138681278E+03
Testing convergence of dimer midpoint in cycle  111
    Energy  3.4266E-05 Target: 1.0000E-06 converged?   no
  Max step  2.8133E-02 Target: 1.8000E-03 converged?   no component   101
  RMS step  8.6143E-03 Target: 1.2000E-03 converged?   no
  Max grad  9.3565E-04 Target: 4.5000E-04 converged?   no component   248
  RMS grad  1.6841E-04 Target: 3.0000E-04 converged?  yes
Next calculation will be the dimer endpoint before rotation
dl-find/turbomole/=============================== Tstep:  135.5 Ttot:39997.1 ==
eandg
Spin: 
 Energy calculation finished, energy: -2.138681279E+03
Curvature at dimer midpoint                   -0.00319
Predicted dimer rotation angle:      7.396 deg
Next calculation will be the dimer endpoint after rotation
dl-find/turbomole/=============================== Tstep:  114.8 Ttot:40111.9 ==
eandg
Spin: 
 Energy calculation finished, energy: -2.138681278E+03
Curvature at dimer midpoint after rotation     0.00119
Curvature at dimer minimum                    -0.00319
Actual dimer rotation angle:         0.174 deg
Dimer rotation converged after    1 steps
Writing TS-mode
Curvature after dimer rotation:               -0.00319
Frequency of transition mode  -290.355 cm^-1 (negative value denotes imaginary frequency)
Crossover temperature for tunnelling       66.48804 K
Restarting L-BFGS optimiser, instance: dimer rotation
Next calculation will be the dimer  midpoint
dl-find/turbomole/=============================== Tstep:   94.3 Ttot:40206.2 ==
eandg
Spin: 
 Energy calculation finished, energy: -2.138681314E+03
Testing convergence of dimer midpoint in cycle  112
    Energy  3.6224E-05 Target: 1.0000E-06 converged?   no
  Max step  3.2990E-02 Target: 1.8000E-03 converged?   no component   229
  RMS step  6.4250E-03 Target: 1.2000E-03 converged?   no
  Max grad  1.0806E-03 Target: 4.5000E-04 converged?   no component   248
  RMS grad  1.8891E-04 Target: 3.0000E-04 converged?  yes
Next calculation will be the dimer endpoint before rotation
dl-find/turbomole/=============================== Tstep:  126.6 Ttot:40332.8 ==
eandg
Spin: 
 Energy calculation finished, energy: -2.138681315E+03
Curvature at dimer midpoint                   -0.00318
Predicted dimer rotation angle:      4.984 deg
Next calculation will be the dimer endpoint after rotation
dl-find/turbomole/=============================== Tstep:  114.9 Ttot:40447.7 ==
eandg
Spin: 
 Energy calculation finished, energy: -2.138681316E+03
Curvature at dimer midpoint after rotation    -0.00227
Curvature at dimer minimum                    -0.00318
Actual dimer rotation angle:         0.241 deg
Dimer rotation converged after    1 steps
Writing TS-mode
Curvature after dimer rotation:               -0.00318
Frequency of transition mode  -289.942 cm^-1 (negative value denotes imaginary frequency)
Crossover temperature for tunnelling       66.39333 K
Restarting L-BFGS optimiser, instance: dimer rotation
Next calculation will be the dimer  midpoint
dl-find/turbomole/=============================== Tstep:   89.3 Ttot:40537.0 ==
eandg
Spin: 
 Energy calculation finished, energy: -2.138681490E+03
Testing convergence of dimer midpoint in cycle  113
    Energy  1.7568E-04 Target: 1.0000E-06 converged?   no
  Max step  6.6036E-02 Target: 1.8000E-03 converged?   no component   101
  RMS step  1.8926E-02 Target: 1.2000E-03 converged?   no
  Max grad  1.6892E-03 Target: 4.5000E-04 converged?   no component    97
  RMS grad  2.5609E-04 Target: 3.0000E-04 converged?  yes
Next calculation will be the dimer endpoint before rotation
dl-find/turbomole/=============================== Tstep:  136.9 Ttot:40673.8 ==
eandg
Spin: 
 Energy calculation finished, energy: -2.138681491E+03
Curvature at dimer midpoint                   -0.00317
Predicted dimer rotation angle:      6.510 deg
Next calculation will be the dimer endpoint after rotation
dl-find/turbomole/=============================== Tstep:  115.9 Ttot:40789.7 ==
eandg
Spin: 
 Energy calculation finished, energy: -2.138681491E+03
Curvature at dimer midpoint after rotation    -0.00042
Curvature at dimer minimum                    -0.00317
Actual dimer rotation angle:         0.186 deg
Dimer rotation converged after    1 steps
Writing TS-mode
Curvature after dimer rotation:               -0.00317
Frequency of transition mode  -289.428 cm^-1 (negative value denotes imaginary frequency)
Crossover temperature for tunnelling       66.27560 K
Restarting L-BFGS optimiser, instance: dimer rotation
Next calculation will be the dimer  midpoint
dl-find/turbomole/=============================== Tstep:   90.3 Ttot:40880.0 ==
eandg
Spin: 
 Energy calculation finished, energy: -2.138681536E+03
Testing convergence of dimer midpoint in cycle  114
    Energy  4.6152E-05 Target: 1.0000E-06 converged?   no
  Max step  3.3402E-02 Target: 1.8000E-03 converged?   no component     3
  RMS step  9.7058E-03 Target: 1.2000E-03 converged?   no
  Max grad  4.9653E-04 Target: 4.5000E-04 converged?   no component    60
  RMS grad  1.1734E-04 Target: 3.0000E-04 converged?  yes
Next calculation will be the dimer endpoint before rotation
dl-find/turbomole/=============================== Tstep:  130.1 Ttot:41010.1 ==
eandg
Spin: 
 Energy calculation finished, energy: -2.138681537E+03
Curvature at dimer midpoint                   -0.00316
Predicted dimer rotation angle:      5.886 deg
Next calculation will be the dimer endpoint after rotation
dl-find/turbomole/=============================== Tstep:  114.6 Ttot:41124.7 ==
eandg
Spin: 
 Energy calculation finished, energy: -2.138681537E+03
Curvature at dimer midpoint after rotation    -0.00143
Curvature at dimer minimum                    -0.00317
Actual dimer rotation angle:         0.212 deg
Dimer rotation converged after    1 steps
Writing TS-mode
Curvature after dimer rotation:               -0.00317
Frequency of transition mode  -289.301 cm^-1 (negative value denotes imaginary frequency)
Crossover temperature for tunnelling       66.24660 K
Restarting L-BFGS optimiser, instance: dimer rotation
Next calculation will be the dimer  midpoint
dl-find/turbomole/=============================== Tstep:   87.0 Ttot:41211.7 ==
eandg
Spin: 
 Energy calculation finished, energy: -2.138681563E+03
Testing convergence of dimer midpoint in cycle  115
    Energy  2.7303E-05 Target: 1.0000E-06 converged?   no
  Max step  1.4645E-02 Target: 1.8000E-03 converged?   no component   229
  RMS step  4.9029E-03 Target: 1.2000E-03 converged?   no
  Max grad  6.2641E-04 Target: 4.5000E-04 converged?   no component   217
  RMS grad  1.2071E-04 Target: 3.0000E-04 converged?  yes
Next calculation will be the dimer endpoint before rotation
dl-find/turbomole/=============================== Tstep:  128.0 Ttot:41339.6 ==
eandg
Spin: 
 Energy calculation finished, energy: -2.138681564E+03
Curvature at dimer midpoint                   -0.00318
Predicted dimer rotation angle:      6.429 deg
Next calculation will be the dimer endpoint after rotation
dl-find/turbomole/=============================== Tstep:  112.5 Ttot:41452.1 ==
eandg
Spin: 
 Energy calculation finished, energy: -2.138681563E+03
Curvature at dimer midpoint after rotation    -0.00009
Curvature at dimer minimum                    -0.00318
Actual dimer rotation angle:         0.160 deg
Dimer rotation converged after    1 steps
Writing TS-mode
Curvature after dimer rotation:               -0.00318
Frequency of transition mode  -289.902 cm^-1 (negative value denotes imaginary frequency)
Crossover temperature for tunnelling       66.38425 K
Restarting L-BFGS optimiser, instance: dimer rotation
Next calculation will be the dimer  midpoint
dl-find/turbomole/=============================== Tstep:   94.0 Ttot:41546.1 ==
eandg
Spin: 
 Energy calculation finished, energy: -2.138681578E+03
Testing convergence of dimer midpoint in cycle  116
    Energy  1.4209E-05 Target: 1.0000E-06 converged?   no
  Max step  3.3743E-02 Target: 1.8000E-03 converged?   no component     3
  RMS step  9.2215E-03 Target: 1.2000E-03 converged?   no
  Max grad  6.5106E-04 Target: 4.5000E-04 converged?   no component   217
  RMS grad  1.3461E-04 Target: 3.0000E-04 converged?  yes
Next calculation will be the dimer endpoint before rotation
dl-find/turbomole/=============================== Tstep:  125.0 Ttot:41671.1 ==
eandg
Spin: 
 Energy calculation finished, energy: -2.138681578E+03
Curvature at dimer midpoint                   -0.00318
Predicted dimer rotation angle:      4.852 deg
Next calculation will be the dimer endpoint after rotation
dl-find/turbomole/=============================== Tstep:  111.5 Ttot:41782.6 ==
eandg
Spin: 
 Energy calculation finished, energy: -2.138681584E+03
Curvature at dimer midpoint after rotation    -0.00228
Curvature at dimer minimum                    -0.00318
Actual dimer rotation angle:         0.225 deg
Dimer rotation converged after    1 steps
Writing TS-mode
Curvature after dimer rotation:               -0.00318
Frequency of transition mode  -289.985 cm^-1 (negative value denotes imaginary frequency)
Crossover temperature for tunnelling       66.40330 K
Restarting L-BFGS optimiser, instance: dimer rotation
Next calculation will be the dimer  midpoint
dl-find/turbomole/=============================== Tstep:   89.9 Ttot:41872.5 ==
eandg
Spin: 
 Energy calculation finished, energy: -2.138681628E+03
Testing convergence of dimer midpoint in cycle  117
    Energy  5.0316E-05 Target: 1.0000E-06 converged?   no
  Max step  6.3760E-02 Target: 1.8000E-03 converged?   no component     3
  RMS step  1.6637E-02 Target: 1.2000E-03 converged?   no
  Max grad  1.1366E-03 Target: 4.5000E-04 converged?   no component    54
  RMS grad  2.5372E-04 Target: 3.0000E-04 converged?  yes
Next calculation will be the dimer endpoint before rotation
dl-find/turbomole/=============================== Tstep:  133.1 Ttot:42005.5 ==
eandg
Spin: 
 Energy calculation finished, energy: -2.138681620E+03
Curvature at dimer midpoint                   -0.00305
Predicted dimer rotation angle:     18.868 deg
Next calculation will be the dimer endpoint after rotation
dl-find/turbomole/=============================== Tstep:  114.9 Ttot:42120.4 ==
eandg
Spin: 
 Energy calculation finished, energy: -2.138681620E+03
Curvature at dimer midpoint after rotation     0.00962
Curvature at dimer minimum                    -0.00309
Actual dimer rotation angle:         1.003 deg
Dimer rotation converged after    1 steps
Writing TS-mode
Curvature after dimer rotation:               -0.00309
Frequency of transition mode  -285.952 cm^-1 (negative value denotes imaginary frequency)
Crossover temperature for tunnelling       65.47965 K
Restarting L-BFGS optimiser, instance: dimer rotation
Next calculation will be the dimer  midpoint
dl-find/turbomole/=============================== Tstep:  104.2 Ttot:42224.6 ==
eandg
Spin: 
 Energy calculation finished, energy: -2.138681668E+03
Testing convergence of dimer midpoint in cycle  118
    Energy  4.0310E-05 Target: 1.0000E-06 converged?   no
  Max step  3.9168E-02 Target: 1.8000E-03 converged?   no component   229
  RMS step  9.1906E-03 Target: 1.2000E-03 converged?   no
  Max grad  6.7323E-04 Target: 4.5000E-04 converged?   no component    59
  RMS grad  1.4998E-04 Target: 3.0000E-04 converged?  yes
Next calculation will be the dimer endpoint before rotation
dl-find/turbomole/=============================== Tstep:  129.5 Ttot:42354.1 ==
eandg
Spin: 
 Energy calculation finished, energy: -2.138681669E+03
Curvature at dimer midpoint                   -0.00310
Predicted dimer rotation angle:     18.342 deg
Next calculation will be the dimer endpoint after rotation
dl-find/turbomole/=============================== Tstep:  114.8 Ttot:42468.9 ==
eandg
Spin: 
 Energy calculation finished, energy: -2.138681667E+03
Curvature at dimer midpoint after rotation     0.01594
Curvature at dimer minimum                    -0.00313
Actual dimer rotation angle:         0.642 deg
Dimer rotation converged after    1 steps
Writing TS-mode
Curvature after dimer rotation:               -0.00313
Frequency of transition mode  -287.442 cm^-1 (negative value denotes imaginary frequency)
Crossover temperature for tunnelling       65.82099 K
Restarting L-BFGS optimiser, instance: dimer rotation
Next calculation will be the dimer  midpoint
dl-find/turbomole/=============================== Tstep:  104.4 Ttot:42573.2 ==
eandg
Spin: 
 Energy calculation finished, energy: -2.138681696E+03
Testing convergence of dimer midpoint in cycle  119
    Energy  2.7652E-05 Target: 1.0000E-06 converged?   no
  Max step  2.4789E-02 Target: 1.8000E-03 converged?   no component     3
  RMS step  6.4555E-03 Target: 1.2000E-03 converged?   no
  Max grad  3.9614E-04 Target: 4.5000E-04 converged?  yes component   229
  RMS grad  1.3322E-04 Target: 3.0000E-04 converged?  yes
Next calculation will be the dimer endpoint before rotation
dl-find/turbomole/=============================== Tstep:  128.2 Ttot:42701.4 ==
eandg
Spin: 
 Energy calculation finished, energy: -2.138681697E+03
Curvature at dimer midpoint                   -0.00311
Predicted dimer rotation angle:     12.695 deg
Next calculation will be the dimer endpoint after rotation
dl-find/turbomole/=============================== Tstep:  114.9 Ttot:42816.3 ==
eandg
Spin: 
 Energy calculation finished, energy: -2.138681696E+03
Curvature at dimer midpoint after rotation     0.01109
Curvature at dimer minimum                    -0.00311
Actual dimer rotation angle:         0.275 deg
Dimer rotation converged after    1 steps
Writing TS-mode
Curvature after dimer rotation:               -0.00311
Frequency of transition mode  -286.782 cm^-1 (negative value denotes imaginary frequency)
Crossover temperature for tunnelling       65.66982 K
Restarting L-BFGS optimiser, instance: dimer rotation
Next calculation will be the dimer  midpoint
dl-find/turbomole/=============================== Tstep:   98.9 Ttot:42915.3 ==
eandg
Spin: 
 Energy calculation finished, energy: -2.138681579E+03
Testing convergence of dimer midpoint in cycle  120
    Energy  1.1681E-04 Target: 1.0000E-06 converged?   no
  Max step  5.0950E-02 Target: 1.8000E-03 converged?   no component     3
  RMS step  1.3571E-02 Target: 1.2000E-03 converged?   no
  Max grad  1.0054E-03 Target: 4.5000E-04 converged?   no component    60
  RMS grad  1.8736E-04 Target: 3.0000E-04 converged?  yes
Next calculation will be the dimer endpoint before rotation
dl-find/turbomole/=============================== Tstep:  143.9 Ttot:43059.1 ==
eandg
Spin: 
 Energy calculation finished, energy: -2.138681579E+03
Curvature at dimer midpoint                   -0.00305
Predicted dimer rotation angle:      6.511 deg
Next calculation will be the dimer endpoint after rotation
dl-find/turbomole/=============================== Tstep:  115.5 Ttot:43174.7 ==
eandg
Spin: 
 Energy calculation finished, energy: -2.138681580E+03
Curvature at dimer midpoint after rotation    -0.00116
Curvature at dimer minimum                    -0.00305
Actual dimer rotation angle:         0.254 deg
Dimer rotation converged after    1 steps
Writing TS-mode
Curvature after dimer rotation:               -0.00305
Frequency of transition mode  -283.940 cm^-1 (negative value denotes imaginary frequency)
Crossover temperature for tunnelling       65.01895 K
Restarting L-BFGS optimiser, instance: dimer rotation
Next calculation will be the dimer  midpoint
dl-find/turbomole/=============================== Tstep:   95.7 Ttot:43270.3 ==
eandg
Spin: 
 Energy calculation finished, energy: -2.138682116E+03
Testing convergence of dimer midpoint in cycle  121
    Energy  5.3683E-04 Target: 1.0000E-06 converged?   no
  Max step  5.9549E-02 Target: 1.8000E-03 converged?   no component   229
  RMS step  1.5642E-02 Target: 1.2000E-03 converged?   no
  Max grad  1.5792E-03 Target: 4.5000E-04 converged?   no component    43
  RMS grad  3.5149E-04 Target: 3.0000E-04 converged?   no
Next calculation will be the dimer endpoint before rotation
dl-find/turbomole/=============================== Tstep:  141.2 Ttot:43411.5 ==
eandg
Spin: 
 Energy calculation finished, energy: -2.138682115E+03
Curvature at dimer midpoint                   -0.00298
Predicted dimer rotation angle:      6.998 deg
Next calculation will be the dimer endpoint after rotation
dl-find/turbomole/=============================== Tstep:  115.2 Ttot:43526.8 ==
eandg
Spin: 
 Energy calculation finished, energy: -2.138682114E+03
Curvature at dimer midpoint after rotation     0.00072
Curvature at dimer minimum                    -0.00299
Actual dimer rotation angle:         0.163 deg
Dimer rotation converged after    1 steps
Writing TS-mode
Curvature after dimer rotation:               -0.00299
Frequency of transition mode  -280.908 cm^-1 (negative value denotes imaginary frequency)
Crossover temperature for tunnelling       64.32470 K
Restarting L-BFGS optimiser, instance: dimer rotation
Next calculation will be the dimer  midpoint
dl-find/turbomole/=============================== Tstep:   90.5 Ttot:43617.2 ==
eandg
Spin: 
 Energy calculation finished, energy: -2.138682183E+03
Testing convergence of dimer midpoint in cycle  122
    Energy  6.7119E-05 Target: 1.0000E-06 converged?   no
  Max step  4.2755E-02 Target: 1.8000E-03 converged?   no component     3
  RMS step  1.1857E-02 Target: 1.2000E-03 converged?   no
  Max grad  1.0467E-03 Target: 4.5000E-04 converged?   no component    60
  RMS grad  2.0355E-04 Target: 3.0000E-04 converged?  yes
Next calculation will be the dimer endpoint before rotation
dl-find/turbomole/=============================== Tstep:  130.3 Ttot:43747.5 ==
eandg
Spin: 
 Energy calculation finished, energy: -2.138682182E+03
Curvature at dimer midpoint                   -0.00295
Predicted dimer rotation angle:      5.299 deg
Next calculation will be the dimer endpoint after rotation
dl-find/turbomole/=============================== Tstep:  111.6 Ttot:43859.1 ==
eandg
Spin: 
 Energy calculation finished, energy: -2.138682182E+03
Curvature at dimer midpoint after rotation    -0.00162
Curvature at dimer minimum                    -0.00295
Actual dimer rotation angle:         0.188 deg
Dimer rotation converged after    1 steps
Writing TS-mode
Curvature after dimer rotation:               -0.00295
Frequency of transition mode  -279.355 cm^-1 (negative value denotes imaginary frequency)
Crossover temperature for tunnelling       63.96902 K
Restarting L-BFGS optimiser, instance: dimer rotation
Next calculation will be the dimer  midpoint
dl-find/turbomole/=============================== Tstep:   90.9 Ttot:43950.0 ==
eandg
Spin: 
 Energy calculation finished, energy: -2.138682245E+03
Testing convergence of dimer midpoint in cycle  123
    Energy  6.1975E-05 Target: 1.0000E-06 converged?   no
  Max step  4.8358E-02 Target: 1.8000E-03 converged?   no component     3
  RMS step  1.3993E-02 Target: 1.2000E-03 converged?   no
  Max grad  4.3766E-04 Target: 4.5000E-04 converged?  yes component    43
  RMS grad  1.4842E-04 Target: 3.0000E-04 converged?  yes
Next calculation will be the dimer endpoint before rotation
dl-find/turbomole/=============================== Tstep:  133.0 Ttot:44083.0 ==
eandg
Spin: 
 Energy calculation finished, energy: -2.138682244E+03
Curvature at dimer midpoint                   -0.00292
Predicted dimer rotation angle:      6.132 deg
Next calculation will be the dimer endpoint after rotation
dl-find/turbomole/=============================== Tstep:  112.9 Ttot:44195.9 ==
eandg
Spin: 
 Energy calculation finished, energy: -2.138682244E+03
Curvature at dimer midpoint after rotation    -0.00032
Curvature at dimer minimum                    -0.00292
Actual dimer rotation angle:         0.152 deg
Dimer rotation converged after    1 steps
Writing TS-mode
Curvature after dimer rotation:               -0.00292
Frequency of transition mode  -277.681 cm^-1 (negative value denotes imaginary frequency)
Crossover temperature for tunnelling       63.58578 K
Restarting L-BFGS optimiser, instance: dimer rotation
Next calculation will be the dimer  midpoint
dl-find/turbomole/=============================== Tstep:   90.4 Ttot:44286.4 ==
eandg
Spin: 
 Energy calculation finished, energy: -2.138682278E+03
Testing convergence of dimer midpoint in cycle  124
    Energy  3.3191E-05 Target: 1.0000E-06 converged?   no
  Max step  4.0617E-02 Target: 1.8000E-03 converged?   no component     3
  RMS step  1.2379E-02 Target: 1.2000E-03 converged?   no
  Max grad  5.2863E-04 Target: 4.5000E-04 converged?   no component    55
  RMS grad  1.6360E-04 Target: 3.0000E-04 converged?  yes
Next calculation will be the dimer endpoint before rotation
dl-find/turbomole/=============================== Tstep:  130.0 Ttot:44416.4 ==
eandg
Spin: 
 Energy calculation finished, energy: -2.138682277E+03
Curvature at dimer midpoint                   -0.00289
Predicted dimer rotation angle:      5.519 deg
Next calculation will be the dimer endpoint after rotation
dl-find/turbomole/=============================== Tstep:  114.8 Ttot:44531.1 ==
eandg
Spin: 
 Energy calculation finished, energy: -2.138682277E+03
Curvature at dimer midpoint after rotation    -0.00126
Curvature at dimer minimum                    -0.00289
Actual dimer rotation angle:         0.172 deg
Dimer rotation converged after    1 steps
Writing TS-mode
Curvature after dimer rotation:               -0.00289
Frequency of transition mode  -276.406 cm^-1 (negative value denotes imaginary frequency)
Crossover temperature for tunnelling       63.29372 K
Restarting L-BFGS optimiser, instance: dimer rotation
Next calculation will be the dimer  midpoint
dl-find/turbomole/=============================== Tstep:   94.1 Ttot:44625.2 ==
eandg
Spin: 
 Energy calculation finished, energy: -2.138682337E+03
Testing convergence of dimer midpoint in cycle  125
    Energy  5.8846E-05 Target: 1.0000E-06 converged?   no
  Max step  6.3741E-02 Target: 1.8000E-03 converged?   no component   229
  RMS step  1.5671E-02 Target: 1.2000E-03 converged?   no
  Max grad  1.5849E-03 Target: 4.5000E-04 converged?   no component    43
  RMS grad  2.3256E-04 Target: 3.0000E-04 converged?  yes
Next calculation will be the dimer endpoint before rotation
dl-find/turbomole/=============================== Tstep:  139.4 Ttot:44764.6 ==
eandg
Spin: 
 Energy calculation finished, energy: -2.138682336E+03
Curvature at dimer midpoint                   -0.00279
Predicted dimer rotation angle:      6.163 deg
Next calculation will be the dimer endpoint after rotation
dl-find/turbomole/=============================== Tstep:  114.0 Ttot:44878.6 ==
eandg
Spin: 
 Energy calculation finished, energy: -2.138682337E+03
Curvature at dimer midpoint after rotation    -0.00048
Curvature at dimer minimum                    -0.00279
Actual dimer rotation angle:         0.165 deg
Dimer rotation converged after    1 steps
Writing TS-mode
Curvature after dimer rotation:               -0.00279
Frequency of transition mode  -271.620 cm^-1 (negative value denotes imaginary frequency)
Crossover temperature for tunnelling       62.19787 K
Restarting L-BFGS optimiser, instance: dimer rotation
Next calculation will be the dimer  midpoint
dl-find/turbomole/=============================== Tstep:   90.4 Ttot:44969.0 ==
eandg
Spin: 
 Energy calculation finished, energy: -2.138682580E+03
Testing convergence of dimer midpoint in cycle  126
    Energy  2.4262E-04 Target: 1.0000E-06 converged?   no
  Max step  7.8042E-02 Target: 1.8000E-03 converged?   no component     3
  RMS step  2.4580E-02 Target: 1.2000E-03 converged?   no
  Max grad  1.2008E-03 Target: 4.5000E-04 converged?   no component    78
  RMS grad  2.5705E-04 Target: 3.0000E-04 converged?  yes
Next calculation will be the dimer endpoint before rotation
dl-find/turbomole/=============================== Tstep:  139.1 Ttot:45108.1 ==
eandg
Spin: 
 Energy calculation finished, energy: -2.138682579E+03
Curvature at dimer midpoint                   -0.00272
Predicted dimer rotation angle:      6.891 deg
Next calculation will be the dimer endpoint after rotation
dl-find/turbomole/=============================== Tstep:  115.3 Ttot:45223.4 ==
eandg
Spin: 
 Energy calculation finished, energy: -2.138682580E+03
Curvature at dimer midpoint after rotation     0.00001
Curvature at dimer minimum                    -0.00272
Actual dimer rotation angle:         0.191 deg
Dimer rotation converged after    1 steps
Writing TS-mode
Curvature after dimer rotation:               -0.00272
Frequency of transition mode  -268.179 cm^-1 (negative value denotes imaginary frequency)
Crossover temperature for tunnelling       61.40985 K
Restarting L-BFGS optimiser, instance: dimer rotation
Next calculation will be the dimer  midpoint
dl-find/turbomole/=============================== Tstep:   94.3 Ttot:45317.6 ==
eandg
Spin: 
 Energy calculation finished, energy: -2.138682611E+03
Testing convergence of dimer midpoint in cycle  127
    Energy  3.1807E-05 Target: 1.0000E-06 converged?   no
  Max step  2.1784E-02 Target: 1.8000E-03 converged?   no component     3
  RMS step  6.7155E-03 Target: 1.2000E-03 converged?   no
  Max grad  3.3067E-04 Target: 4.5000E-04 converged?  yes component   133
  RMS grad  9.8194E-05 Target: 3.0000E-04 converged?  yes
Next calculation will be the dimer endpoint before rotation
dl-find/turbomole/=============================== Tstep:  119.3 Ttot:45436.9 ==
eandg
Spin: 
 Energy calculation finished, energy: -2.138682610E+03
Curvature at dimer midpoint                   -0.00273
Predicted dimer rotation angle:      6.545 deg
Next calculation will be the dimer endpoint after rotation
dl-find/turbomole/=============================== Tstep:  113.7 Ttot:45550.7 ==
eandg
Spin: 
 Energy calculation finished, energy: -2.138682610E+03
Curvature at dimer midpoint after rotation     0.00039
Curvature at dimer minimum                    -0.00273
Actual dimer rotation angle:         0.145 deg
Dimer rotation converged after    1 steps
Writing TS-mode
Curvature after dimer rotation:               -0.00273
Frequency of transition mode  -268.637 cm^-1 (negative value denotes imaginary frequency)
Crossover temperature for tunnelling       61.51485 K
Restarting L-BFGS optimiser, instance: dimer rotation
Next calculation will be the dimer  midpoint
dl-find/turbomole/=============================== Tstep:   94.8 Ttot:45645.4 ==
eandg
Spin: 
 Energy calculation finished, energy: -2.138682635E+03
Testing convergence of dimer midpoint in cycle  128
    Energy  2.3856E-05 Target: 1.0000E-06 converged?   no
  Max step  9.5510E-03 Target: 1.8000E-03 converged?   no component    21
  RMS step  2.5748E-03 Target: 1.2000E-03 converged?   no
  Max grad  3.0709E-04 Target: 4.5000E-04 converged?  yes component    78
  RMS grad  9.4432E-05 Target: 3.0000E-04 converged?  yes
Next calculation will be the dimer endpoint before rotation
dl-find/turbomole/=============================== Tstep:  123.6 Ttot:45769.0 ==
eandg
Spin: 
 Energy calculation finished, energy: -2.138682629E+03
Curvature at dimer midpoint                   -0.00272
Predicted dimer rotation angle:     10.783 deg
Next calculation will be the dimer endpoint after rotation
dl-find/turbomole/=============================== Tstep:  110.1 Ttot:45879.1 ==
eandg
Spin: 
 Energy calculation finished, energy: -2.138682634E+03
Curvature at dimer midpoint after rotation     0.00079
Curvature at dimer minimum                    -0.00273
Actual dimer rotation angle:         0.551 deg
Dimer rotation converged after    1 steps
Writing TS-mode
Curvature after dimer rotation:               -0.00273
Frequency of transition mode  -268.528 cm^-1 (negative value denotes imaginary frequency)
Crossover temperature for tunnelling       61.48987 K
Restarting L-BFGS optimiser, instance: dimer rotation
Next calculation will be the dimer  midpoint
dl-find/turbomole/=============================== Tstep:   95.8 Ttot:45974.9 ==
eandg
Spin: 
 Energy calculation finished, energy: -2.138682653E+03
Testing convergence of dimer midpoint in cycle  129
    Energy  1.7565E-05 Target: 1.0000E-06 converged?   no
  Max step  1.3990E-02 Target: 1.8000E-03 converged?   no component   229
  RMS step  3.9368E-03 Target: 1.2000E-03 converged?   no
  Max grad  4.2417E-04 Target: 4.5000E-04 converged?  yes component    59
  RMS grad  1.1594E-04 Target: 3.0000E-04 converged?  yes
Next calculation will be the dimer endpoint before rotation
dl-find/turbomole/=============================== Tstep:  125.8 Ttot:46100.7 ==
eandg
Spin: 
 Energy calculation finished, energy: -2.138682654E+03
Curvature at dimer midpoint                   -0.00269
Predicted dimer rotation angle:     13.491 deg
Next calculation will be the dimer endpoint after rotation
dl-find/turbomole/=============================== Tstep:  111.6 Ttot:46212.3 ==
eandg
Spin: 
 Energy calculation finished, energy: -2.138682648E+03
Curvature at dimer midpoint after rotation     0.01213
Curvature at dimer minimum                    -0.00270
Actual dimer rotation angle:         0.277 deg
Dimer rotation converged after    1 steps
Writing TS-mode
Curvature after dimer rotation:               -0.00270
Frequency of transition mode  -267.022 cm^-1 (negative value denotes imaginary frequency)
Crossover temperature for tunnelling       61.14501 K
Restarting L-BFGS optimiser, instance: dimer rotation
Next calculation will be the dimer  midpoint
dl-find/turbomole/=============================== Tstep:  101.9 Ttot:46314.2 ==
eandg
Spin: 
 Energy calculation finished, energy: -2.138682677E+03
Testing convergence of dimer midpoint in cycle  130
    Energy  2.4006E-05 Target: 1.0000E-06 converged?   no
  Max step  3.0575E-02 Target: 1.8000E-03 converged?   no component   223
  RMS step  8.4385E-03 Target: 1.2000E-03 converged?   no
  Max grad  1.1578E-03 Target: 4.5000E-04 converged?   no component    51
  RMS grad  2.3551E-04 Target: 3.0000E-04 converged?  yes
Next calculation will be the dimer endpoint before rotation
dl-find/turbomole/=============================== Tstep:  130.5 Ttot:46444.6 ==
eandg
Spin: 
 Energy calculation finished, energy: -2.138682681E+03
Curvature at dimer midpoint                   -0.00276
Predicted dimer rotation angle:      8.585 deg
Next calculation will be the dimer endpoint after rotation
dl-find/turbomole/=============================== Tstep:  111.2 Ttot:46555.8 ==
eandg
Spin: 
 Energy calculation finished, energy: -2.138682682E+03
Curvature at dimer midpoint after rotation     0.00153
Curvature at dimer minimum                    -0.00276
Actual dimer rotation angle:         0.240 deg
Dimer rotation converged after    1 steps
Writing TS-mode
Curvature after dimer rotation:               -0.00276
Frequency of transition mode  -270.071 cm^-1 (negative value denotes imaginary frequency)
Crossover temperature for tunnelling       61.84322 K
Restarting L-BFGS optimiser, instance: dimer rotation
Next calculation will be the dimer  midpoint
dl-find/turbomole/=============================== Tstep:   97.2 Ttot:46653.0 ==
eandg
Spin: 
 Energy calculation finished, energy: -2.138682700E+03
Testing convergence of dimer midpoint in cycle  131
    Energy  2.2872E-05 Target: 1.0000E-06 converged?   no
  Max step  2.6305E-02 Target: 1.8000E-03 converged?   no component   229
  RMS step  5.1620E-03 Target: 1.2000E-03 converged?   no
  Max grad  2.5955E-04 Target: 4.5000E-04 converged?  yes component   218
  RMS grad  8.9001E-05 Target: 3.0000E-04 converged?  yes
Next calculation will be the dimer endpoint before rotation
dl-find/turbomole/=============================== Tstep:  127.6 Ttot:46780.6 ==
eandg
Spin: 
 Energy calculation finished, energy: -2.138682701E+03
Curvature at dimer midpoint                   -0.00269
Predicted dimer rotation angle:      8.909 deg
Next calculation will be the dimer endpoint after rotation
dl-find/turbomole/=============================== Tstep:  110.6 Ttot:46891.2 ==
eandg
Spin: 
 Energy calculation finished, energy: -2.138682699E+03
Curvature at dimer midpoint after rotation     0.00285
Curvature at dimer minimum                    -0.00270
Actual dimer rotation angle:         0.205 deg
Dimer rotation converged after    1 steps
Writing TS-mode
Curvature after dimer rotation:               -0.00270
Frequency of transition mode  -266.903 cm^-1 (negative value denotes imaginary frequency)
Crossover temperature for tunnelling       61.11768 K
Restarting L-BFGS optimiser, instance: dimer rotation
Next calculation will be the dimer  midpoint
dl-find/turbomole/=============================== Tstep:   88.2 Ttot:46979.3 ==
eandg
Spin: 
 Energy calculation finished, energy: -2.138682701E+03
Testing convergence of dimer midpoint in cycle  132
    Energy  1.7750E-06 Target: 1.0000E-06 converged?   no
  Max step  2.4392E-02 Target: 1.8000E-03 converged?   no component     3
  RMS step  7.3217E-03 Target: 1.2000E-03 converged?   no
  Max grad  1.9576E-04 Target: 4.5000E-04 converged?  yes component    64
  RMS grad  7.3428E-05 Target: 3.0000E-04 converged?  yes
Next calculation will be the dimer endpoint before rotation
dl-find/turbomole/=============================== Tstep:  128.3 Ttot:47107.6 ==
eandg
Spin: 
 Energy calculation finished, energy: -2.138682701E+03
Curvature at dimer midpoint                   -0.00273
Predicted dimer rotation angle:      7.426 deg
Next calculation will be the dimer endpoint after rotation
dl-find/turbomole/=============================== Tstep:  115.4 Ttot:47223.0 ==
eandg
Spin: 
 Energy calculation finished, energy: -2.138682701E+03
Curvature at dimer midpoint after rotation     0.00125
Curvature at dimer minimum                    -0.00273
Actual dimer rotation angle:         0.166 deg
Dimer rotation converged after    1 steps
Writing TS-mode
Curvature after dimer rotation:               -0.00273
Frequency of transition mode  -268.687 cm^-1 (negative value denotes imaginary frequency)
Crossover temperature for tunnelling       61.52626 K
Restarting L-BFGS optimiser, instance: dimer rotation
Next calculation will be the dimer  midpoint
dl-find/turbomole/=============================== Tstep:   87.2 Ttot:47310.2 ==
eandg
Spin: 
 Energy calculation finished, energy: -2.138682721E+03
Testing convergence of dimer midpoint in cycle  133
    Energy  1.9560E-05 Target: 1.0000E-06 converged?   no
  Max step  2.1825E-02 Target: 1.8000E-03 converged?   no component   229
  RMS step  4.6960E-03 Target: 1.2000E-03 converged?   no
  Max grad  4.3778E-04 Target: 4.5000E-04 converged?  yes component    78
  RMS grad  1.1349E-04 Target: 3.0000E-04 converged?  yes
Next calculation will be the dimer endpoint before rotation
dl-find/turbomole/=============================== Tstep:  126.3 Ttot:47436.5 ==
eandg
Spin: 
 Energy calculation finished, energy: -2.138682721E+03
Curvature at dimer midpoint                   -0.00273
Predicted dimer rotation angle:      4.841 deg
Next calculation will be the dimer endpoint after rotation
dl-find/turbomole/=============================== Tstep:  114.1 Ttot:47550.5 ==
eandg
Spin: 
 Energy calculation finished, energy: -2.138682721E+03
Curvature at dimer midpoint after rotation    -0.00157
Curvature at dimer minimum                    -0.00274
Actual dimer rotation angle:         0.154 deg
Dimer rotation converged after    1 steps
Writing TS-mode
Curvature after dimer rotation:               -0.00274
Frequency of transition mode  -268.870 cm^-1 (negative value denotes imaginary frequency)
Crossover temperature for tunnelling       61.56822 K
Restarting L-BFGS optimiser, instance: dimer rotation
Next calculation will be the dimer  midpoint
dl-find/turbomole/=============================== Tstep:   89.5 Ttot:47640.0 ==
eandg
Spin: 
 Energy calculation finished, energy: -2.138682749E+03
Testing convergence of dimer midpoint in cycle  134
    Energy  2.8348E-05 Target: 1.0000E-06 converged?   no
  Max step  3.8185E-02 Target: 1.8000E-03 converged?   no component     3
  RMS step  1.1948E-02 Target: 1.2000E-03 converged?   no
  Max grad  4.2634E-04 Target: 4.5000E-04 converged?  yes component   154
  RMS grad  1.2605E-04 Target: 3.0000E-04 converged?  yes
Next calculation will be the dimer endpoint before rotation
dl-find/turbomole/=============================== Tstep:  123.4 Ttot:47763.4 ==
eandg
Spin: 
 Energy calculation finished, energy: -2.138682750E+03
Curvature at dimer midpoint                   -0.00274
Predicted dimer rotation angle:      5.418 deg
Next calculation will be the dimer endpoint after rotation
dl-find/turbomole/=============================== Tstep:  111.3 Ttot:47874.7 ==
eandg
Spin: 
 Energy calculation finished, energy: -2.138682744E+03
Curvature at dimer midpoint after rotation    -0.00059
Curvature at dimer minimum                    -0.00274
Actual dimer rotation angle:         0.119 deg
Dimer rotation converged after    1 steps
Writing TS-mode
Curvature after dimer rotation:               -0.00274
Frequency of transition mode  -269.164 cm^-1 (negative value denotes imaginary frequency)
Crossover temperature for tunnelling       61.63536 K
Restarting L-BFGS optimiser, instance: dimer rotation
Next calculation will be the dimer  midpoint
dl-find/turbomole/=============================== Tstep:   94.1 Ttot:47968.8 ==
eandg
Spin: 
 Energy calculation finished, energy: -2.138682762E+03
Testing convergence of dimer midpoint in cycle  135
    Energy  1.2321E-05 Target: 1.0000E-06 converged?   no
  Max step  3.0665E-02 Target: 1.8000E-03 converged?   no component    10
  RMS step  8.1385E-03 Target: 1.2000E-03 converged?   no
  Max grad  8.9756E-04 Target: 4.5000E-04 converged?   no component   154
  RMS grad  1.7638E-04 Target: 3.0000E-04 converged?  yes
Next calculation will be the dimer endpoint before rotation
dl-find/turbomole/=============================== Tstep:  129.7 Ttot:48098.5 ==
eandg
Spin: 
 Energy calculation finished, energy: -2.138682762E+03
Curvature at dimer midpoint                   -0.00278
Predicted dimer rotation angle:      4.787 deg
Next calculation will be the dimer endpoint after rotation
dl-find/turbomole/=============================== Tstep:  113.4 Ttot:48211.9 ==
eandg
Spin: 
 Energy calculation finished, energy: -2.138682762E+03
Curvature at dimer midpoint after rotation    -0.00189
Curvature at dimer minimum                    -0.00278
Actual dimer rotation angle:         0.194 deg
Dimer rotation converged after    1 steps
Writing TS-mode
Curvature after dimer rotation:               -0.00278
Frequency of transition mode  -270.920 cm^-1 (negative value denotes imaginary frequency)
Crossover temperature for tunnelling       62.03761 K
Restarting L-BFGS optimiser, instance: dimer rotation
Next calculation will be the dimer  midpoint
dl-find/turbomole/=============================== Tstep:   87.0 Ttot:48298.8 ==
eandg
Spin: 
 Energy calculation finished, energy: -2.138682787E+03
Testing convergence of dimer midpoint in cycle  136
    Energy  2.5232E-05 Target: 1.0000E-06 converged?   no
  Max step  3.1279E-02 Target: 1.8000E-03 converged?   no component     3
  RMS step  9.1515E-03 Target: 1.2000E-03 converged?   no
  Max grad  2.9523E-04 Target: 4.5000E-04 converged?  yes component   154
  RMS grad  9.4298E-05 Target: 3.0000E-04 converged?  yes
Next calculation will be the dimer endpoint before rotation
dl-find/turbomole/=============================== Tstep:  133.4 Ttot:48432.2 ==
eandg
Spin: 
 Energy calculation finished, energy: -2.138682788E+03
Curvature at dimer midpoint                   -0.00278
Predicted dimer rotation angle:      5.767 deg
Next calculation will be the dimer endpoint after rotation
dl-find/turbomole/=============================== Tstep:  116.2 Ttot:48548.4 ==
eandg
Spin: 
 Energy calculation finished, energy: -2.138682788E+03
Curvature at dimer midpoint after rotation    -0.00022
Curvature at dimer minimum                    -0.00278
Actual dimer rotation angle:         0.123 deg
Dimer rotation converged after    1 steps
Writing TS-mode
Curvature after dimer rotation:               -0.00278
Frequency of transition mode  -271.016 cm^-1 (negative value denotes imaginary frequency)
Crossover temperature for tunnelling       62.05951 K
Restarting L-BFGS optimiser, instance: dimer rotation
Next calculation will be the dimer  midpoint
dl-find/turbomole/=============================== Tstep:   88.9 Ttot:48637.3 ==
eandg
Spin: 
 Energy calculation finished, energy: -2.138682802E+03
Testing convergence of dimer midpoint in cycle  137
    Energy  1.4683E-05 Target: 1.0000E-06 converged?   no
  Max step  1.1453E-02 Target: 1.8000E-03 converged?   no component   232
  RMS step  3.0938E-03 Target: 1.2000E-03 converged?   no
  Max grad  3.9520E-04 Target: 4.5000E-04 converged?  yes component    50
  RMS grad  9.9807E-05 Target: 3.0000E-04 converged?  yes
Next calculation will be the dimer endpoint before rotation
dl-find/turbomole/=============================== Tstep:  120.9 Ttot:48758.1 ==
eandg
Spin: 
 Energy calculation finished, energy: -2.138682802E+03
Curvature at dimer midpoint                   -0.00279
Predicted dimer rotation angle:      4.007 deg
Next calculation will be the dimer endpoint after rotation
dl-find/turbomole/=============================== Tstep:  115.4 Ttot:48873.5 ==
eandg
Spin: 
 Energy calculation finished, energy: -2.138682802E+03
Curvature at dimer midpoint after rotation    -0.00197
Curvature at dimer minimum                    -0.00279
Actual dimer rotation angle:         0.126 deg
Dimer rotation converged after    1 steps
Writing TS-mode
Curvature after dimer rotation:               -0.00279
Frequency of transition mode  -271.378 cm^-1 (negative value denotes imaginary frequency)
Crossover temperature for tunnelling       62.14243 K
Restarting L-BFGS optimiser, instance: dimer rotation
Next calculation will be the dimer  midpoint
dl-find/turbomole/=============================== Tstep:   84.4 Ttot:48957.9 ==
eandg
Spin: 
 Energy calculation finished, energy: -2.138682817E+03
Testing convergence of dimer midpoint in cycle  138
    Energy  1.5154E-05 Target: 1.0000E-06 converged?   no
  Max step  1.8614E-02 Target: 1.8000E-03 converged?   no component    10
  RMS step  4.8066E-03 Target: 1.2000E-03 converged?   no
  Max grad  4.9502E-04 Target: 4.5000E-04 converged?   no component    88
  RMS grad  1.2298E-04 Target: 3.0000E-04 converged?  yes
Next calculation will be the dimer endpoint before rotation
dl-find/turbomole/=============================== Tstep:  120.1 Ttot:49078.1 ==
eandg
Spin: 
 Energy calculation finished, energy: -2.138682817E+03
Curvature at dimer midpoint                   -0.00281
Predicted dimer rotation angle:      4.436 deg
Next calculation will be the dimer endpoint after rotation
dl-find/turbomole/=============================== Tstep:  115.5 Ttot:49193.6 ==
eandg
Spin: 
 Energy calculation finished, energy: -2.138682817E+03
Curvature at dimer midpoint after rotation    -0.00146
Curvature at dimer minimum                    -0.00281
Actual dimer rotation angle:         0.106 deg
Dimer rotation converged after    1 steps
Writing TS-mode
Curvature after dimer rotation:               -0.00281
Frequency of transition mode  -272.359 cm^-1 (negative value denotes imaginary frequency)
Crossover temperature for tunnelling       62.36715 K
Restarting L-BFGS optimiser, instance: dimer rotation
Next calculation will be the dimer  midpoint
dl-find/turbomole/=============================== Tstep:   88.8 Ttot:49282.4 ==
eandg
Spin: 
 Energy calculation finished, energy: -2.138682265E+03
Testing convergence of dimer midpoint in cycle  139
    Energy  5.5220E-04 Target: 1.0000E-06 converged?   no
  Max step  4.7591E-02 Target: 1.8000E-03 converged?   no component    10
  RMS step  1.2542E-02 Target: 1.2000E-03 converged?   no
  Max grad  9.7272E-04 Target: 4.5000E-04 converged?   no component    84
  RMS grad  2.2339E-04 Target: 3.0000E-04 converged?  yes
Next calculation will be the dimer endpoint before rotation
dl-find/turbomole/=============================== Tstep:  139.5 Ttot:49421.8 ==
eandg
Spin: 
 Energy calculation finished, energy: -2.138682266E+03
Curvature at dimer midpoint                   -0.00280
Predicted dimer rotation angle:      4.459 deg
Next calculation will be the dimer endpoint after rotation
dl-find/turbomole/=============================== Tstep:  112.6 Ttot:49534.5 ==
eandg
Spin: 
 Energy calculation finished, energy: -2.138682266E+03
Curvature at dimer midpoint after rotation    -0.00171
Curvature at dimer minimum                    -0.00280
Actual dimer rotation angle:         0.131 deg
Dimer rotation converged after    1 steps
Writing TS-mode
Curvature after dimer rotation:               -0.00280
Frequency of transition mode  -272.001 cm^-1 (negative value denotes imaginary frequency)
Crossover temperature for tunnelling       62.28503 K
Restarting L-BFGS optimiser, instance: dimer rotation
Next calculation will be the dimer  midpoint
dl-find/turbomole/=============================== Tstep:   88.8 Ttot:49623.2 ==
eandg
Spin: 
 Energy calculation finished, energy: -2.138682289E+03
Testing convergence of dimer midpoint in cycle  140
    Energy  2.3957E-05 Target: 1.0000E-06 converged?   no
  Max step  4.4638E-03 Target: 1.8000E-03 converged?   no component    11
  RMS step  1.5062E-03 Target: 1.2000E-03 converged?   no
  Max grad  3.1054E-04 Target: 4.5000E-04 converged?  yes component   154
  RMS grad  9.6184E-05 Target: 3.0000E-04 converged?  yes
Next calculation will be the dimer endpoint before rotation
dl-find/turbomole/=============================== Tstep:  117.6 Ttot:49740.8 ==
eandg
Spin: 
 Energy calculation finished, energy: -2.138682290E+03
Curvature at dimer midpoint                   -0.00280
Predicted dimer rotation angle:      4.407 deg
Next calculation will be the dimer endpoint after rotation
dl-find/turbomole/=============================== Tstep:  115.3 Ttot:49856.1 ==
eandg
Spin: 
 Energy calculation finished, energy: -2.138682290E+03
Curvature at dimer midpoint after rotation    -0.00134
Curvature at dimer minimum                    -0.00280
Actual dimer rotation angle:         0.096 deg
Dimer rotation converged after    1 steps
Writing TS-mode
Curvature after dimer rotation:               -0.00280
Frequency of transition mode  -272.048 cm^-1 (negative value denotes imaginary frequency)
Crossover temperature for tunnelling       62.29575 K
Restarting L-BFGS optimiser, instance: dimer rotation
Next calculation will be the dimer  midpoint
dl-find/turbomole/=============================== Tstep:   88.4 Ttot:49944.5 ==
eandg
Spin: 
 Energy calculation finished, energy: -2.138682309E+03
Testing convergence of dimer midpoint in cycle  141
    Energy  2.0341E-05 Target: 1.0000E-06 converged?   no
  Max step  6.0019E-03 Target: 1.8000E-03 converged?   no component   229
  RMS step  1.5126E-03 Target: 1.2000E-03 converged?   no
  Max grad  3.2096E-04 Target: 4.5000E-04 converged?  yes component    50
  RMS grad  8.3277E-05 Target: 3.0000E-04 converged?  yes
Next calculation will be the dimer endpoint before rotation
dl-find/turbomole/=============================== Tstep:  128.8 Ttot:50073.4 ==
eandg
Spin: 
 Energy calculation finished, energy: -2.138682310E+03
Curvature at dimer midpoint                   -0.00280
Predicted dimer rotation angle:      3.129 deg
Next calculation will be the dimer endpoint after rotation
dl-find/turbomole/=============================== Tstep:  114.9 Ttot:50188.3 ==
eandg
Spin: 
 Energy calculation finished, energy: -2.138682310E+03
Curvature at dimer midpoint after rotation    -0.00237
Curvature at dimer minimum                    -0.00280
Actual dimer rotation angle:         0.114 deg
Dimer rotation converged after    1 steps
Writing TS-mode
Curvature after dimer rotation:               -0.00280
Frequency of transition mode  -271.848 cm^-1 (negative value denotes imaginary frequency)
Crossover temperature for tunnelling       62.25016 K
Restarting L-BFGS optimiser, instance: dimer rotation
Next calculation will be the dimer  midpoint
dl-find/turbomole/=============================== Tstep:   69.2 Ttot:50257.5 ==
eandg
Spin: 
 Energy calculation finished, energy: -2.138682320E+03
Testing convergence of dimer midpoint in cycle  142
    Energy  1.0961E-05 Target: 1.0000E-06 converged?   no
  Max step  1.2653E-02 Target: 1.8000E-03 converged?   no component    10
  RMS step  3.5324E-03 Target: 1.2000E-03 converged?   no
  Max grad  4.1100E-04 Target: 4.5000E-04 converged?  yes component   248
  RMS grad  9.6517E-05 Target: 3.0000E-04 converged?  yes
Next calculation will be the dimer endpoint before rotation
dl-find/turbomole/=============================== Tstep:  123.3 Ttot:50380.8 ==
eandg
Spin: 
 Energy calculation finished, energy: -2.138682322E+03
Curvature at dimer midpoint                   -0.00276
Predicted dimer rotation angle:      3.861 deg
Next calculation will be the dimer endpoint after rotation
dl-find/turbomole/=============================== Tstep:  113.4 Ttot:50494.2 ==
eandg
Spin: 
 Energy calculation finished, energy: -2.138682322E+03
Curvature at dimer midpoint after rotation    -0.00162
Curvature at dimer minimum                    -0.00276
Actual dimer rotation angle:         0.082 deg
Dimer rotation converged after    1 steps
Writing TS-mode
Curvature after dimer rotation:               -0.00276
Frequency of transition mode  -269.973 cm^-1 (negative value denotes imaginary frequency)
Crossover temperature for tunnelling       61.82071 K
Restarting L-BFGS optimiser, instance: dimer rotation
Next calculation will be the dimer  midpoint
dl-find/turbomole/=============================== Tstep:   89.0 Ttot:50583.1 ==
eandg
Spin: 
 Energy calculation finished, energy: -2.138682335E+03
Testing convergence of dimer midpoint in cycle  143
    Energy  1.5678E-05 Target: 1.0000E-06 converged?   no
  Max step  3.2593E-02 Target: 1.8000E-03 converged?   no component    10
  RMS step  9.1766E-03 Target: 1.2000E-03 converged?   no
  Max grad  1.0685E-03 Target: 4.5000E-04 converged?   no component   219
  RMS grad  1.6938E-04 Target: 3.0000E-04 converged?  yes
Next calculation will be the dimer endpoint before rotation
dl-find/turbomole/=============================== Tstep:  131.2 Ttot:50714.4 ==
eandg
Spin: 
 Energy calculation finished, energy: -2.138682336E+03
Curvature at dimer midpoint                   -0.00269
Predicted dimer rotation angle:      3.688 deg
Next calculation will be the dimer endpoint after rotation
dl-find/turbomole/=============================== Tstep:  115.3 Ttot:50829.7 ==
eandg
Spin: 
 Energy calculation finished, energy: -2.138682335E+03
Curvature at dimer midpoint after rotation    -0.00202
Curvature at dimer minimum                    -0.00270
Actual dimer rotation angle:         0.116 deg
Dimer rotation converged after    1 steps
Writing TS-mode
Curvature after dimer rotation:               -0.00270
Frequency of transition mode  -266.882 cm^-1 (negative value denotes imaginary frequency)
Crossover temperature for tunnelling       61.11283 K
Restarting L-BFGS optimiser, instance: dimer rotation
Next calculation will be the dimer  midpoint
dl-find/turbomole/=============================== Tstep:   88.3 Ttot:50918.0 ==
eandg
Spin: 
 Energy calculation finished, energy: -2.138682349E+03
Testing convergence of dimer midpoint in cycle  144
    Energy  1.3984E-05 Target: 1.0000E-06 converged?   no
  Max step  3.3921E-02 Target: 1.8000E-03 converged?   no component    10
  RMS step  8.8195E-03 Target: 1.2000E-03 converged?   no
  Max grad  4.4072E-04 Target: 4.5000E-04 converged?  yes component   154
  RMS grad  1.0135E-04 Target: 3.0000E-04 converged?  yes
Next calculation will be the dimer endpoint before rotation
dl-find/turbomole/=============================== Tstep:  130.1 Ttot:51048.1 ==
eandg
Spin: 
 Energy calculation finished, energy: -2.138682350E+03
Curvature at dimer midpoint                   -0.00262
Predicted dimer rotation angle:      4.220 deg
Next calculation will be the dimer endpoint after rotation
dl-find/turbomole/=============================== Tstep:  115.3 Ttot:51163.4 ==
eandg
Spin: 
 Energy calculation finished, energy: -2.138682350E+03
Curvature at dimer midpoint after rotation    -0.00173
Curvature at dimer minimum                    -0.00262
Actual dimer rotation angle:         0.127 deg
Dimer rotation converged after    1 steps
Writing TS-mode
Curvature after dimer rotation:               -0.00262
Frequency of transition mode  -263.259 cm^-1 (negative value denotes imaginary frequency)
Crossover temperature for tunnelling       60.28331 K
Restarting L-BFGS optimiser, instance: dimer rotation
Next calculation will be the dimer  midpoint
dl-find/turbomole/=============================== Tstep:   92.3 Ttot:51255.7 ==
eandg
Spin: 
 Energy calculation finished, energy: -2.138682360E+03
Testing convergence of dimer midpoint in cycle  145
    Energy  1.0219E-05 Target: 1.0000E-06 converged?   no
  Max step  9.8149E-03 Target: 1.8000E-03 converged?   no component    10
  RMS step  2.4884E-03 Target: 1.2000E-03 converged?   no
  Max grad  2.5557E-04 Target: 4.5000E-04 converged?  yes component    19
  RMS grad  7.7188E-05 Target: 3.0000E-04 converged?  yes
Next calculation will be the dimer endpoint before rotation
dl-find/turbomole/=============================== Tstep:  117.7 Ttot:51373.4 ==
eandg
Spin: 
 Energy calculation finished, energy: -2.138682360E+03
Curvature at dimer midpoint                   -0.00260
Predicted dimer rotation angle:      4.624 deg
Next calculation will be the dimer endpoint after rotation
dl-find/turbomole/=============================== Tstep:  110.6 Ttot:51484.0 ==
eandg
Spin: 
 Energy calculation finished, energy: -2.138682356E+03
Curvature at dimer midpoint after rotation    -0.00111
Curvature at dimer minimum                    -0.00260
Actual dimer rotation angle:         0.101 deg
Dimer rotation converged after    1 steps
Writing TS-mode
Curvature after dimer rotation:               -0.00260
Frequency of transition mode  -262.157 cm^-1 (negative value denotes imaginary frequency)
Crossover temperature for tunnelling       60.03095 K
Restarting L-BFGS optimiser, instance: dimer rotation
Next calculation will be the dimer  midpoint
dl-find/turbomole/=============================== Tstep:   74.8 Ttot:51558.8 ==
eandg
Spin: 
 Energy calculation finished, energy: -2.138682371E+03
Testing convergence of dimer midpoint in cycle  146
    Energy  1.1325E-05 Target: 1.0000E-06 converged?   no
  Max step  1.7022E-02 Target: 1.8000E-03 converged?   no component   208
  RMS step  5.1510E-03 Target: 1.2000E-03 converged?   no
  Max grad  4.2102E-04 Target: 4.5000E-04 converged?  yes component   246
  RMS grad  1.0210E-04 Target: 3.0000E-04 converged?  yes
Next calculation will be the dimer endpoint before rotation
dl-find/turbomole/=============================== Tstep:  127.4 Ttot:51686.2 ==
eandg
Spin: 
 Energy calculation finished, energy: -2.138682374E+03
Curvature at dimer midpoint                   -0.00261
Predicted dimer rotation angle:      4.403 deg
Next calculation will be the dimer endpoint after rotation
dl-find/turbomole/=============================== Tstep:  116.3 Ttot:51802.5 ==
eandg
Spin: 
 Energy calculation finished, energy: -2.138682374E+03
Curvature at dimer midpoint after rotation    -0.00155
Curvature at dimer minimum                    -0.00261
Actual dimer rotation angle:         0.121 deg
Dimer rotation converged after    1 steps
Writing TS-mode
Curvature after dimer rotation:               -0.00261
Frequency of transition mode  -262.490 cm^-1 (negative value denotes imaginary frequency)
Crossover temperature for tunnelling       60.10728 K
Restarting L-BFGS optimiser, instance: dimer rotation
Next calculation will be the dimer  midpoint
dl-find/turbomole/=============================== Tstep:   89.0 Ttot:51891.5 ==
eandg
Spin: 
 Energy calculation finished, energy: -2.138682388E+03
Testing convergence of dimer midpoint in cycle  147
    Energy  1.7058E-05 Target: 1.0000E-06 converged?   no
  Max step  2.4040E-02 Target: 1.8000E-03 converged?   no component   100
  RMS step  5.8675E-03 Target: 1.2000E-03 converged?   no
  Max grad  8.7573E-04 Target: 4.5000E-04 converged?   no component   154
  RMS grad  1.4387E-04 Target: 3.0000E-04 converged?  yes
Next calculation will be the dimer endpoint before rotation
dl-find/turbomole/=============================== Tstep:  127.8 Ttot:52019.3 ==
eandg
Spin: 
 Energy calculation finished, energy: -2.138682388E+03
Curvature at dimer midpoint                   -0.00252
Predicted dimer rotation angle:      4.903 deg
Next calculation will be the dimer endpoint after rotation
dl-find/turbomole/=============================== Tstep:  114.8 Ttot:52134.1 ==
eandg
Spin: 
 Energy calculation finished, energy: -2.138682388E+03
Curvature at dimer midpoint after rotation    -0.00120
Curvature at dimer minimum                    -0.00252
Actual dimer rotation angle:         0.131 deg
Dimer rotation converged after    1 steps
Writing TS-mode
Curvature after dimer rotation:               -0.00252
Frequency of transition mode  -257.999 cm^-1 (negative value denotes imaginary frequency)
Crossover temperature for tunnelling       59.07877 K
Restarting L-BFGS optimiser, instance: dimer rotation
Next calculation will be the dimer  midpoint
dl-find/turbomole/=============================== Tstep:   90.0 Ttot:52224.0 ==
eandg
Spin: 
 Energy calculation finished, energy: -2.138682415E+03
Testing convergence of dimer midpoint in cycle  148
    Energy  2.7271E-05 Target: 1.0000E-06 converged?   no
  Max step  1.9737E-02 Target: 1.8000E-03 converged?   no component   100
  RMS step  4.9130E-03 Target: 1.2000E-03 converged?   no
  Max grad  5.2941E-04 Target: 4.5000E-04 converged?   no component   154
  RMS grad  1.0840E-04 Target: 3.0000E-04 converged?  yes
Next calculation will be the dimer endpoint before rotation
dl-find/turbomole/=============================== Tstep:  122.5 Ttot:52346.6 ==
eandg
Spin: 
 Energy calculation finished, energy: -2.138682415E+03
Curvature at dimer midpoint                   -0.00249
Predicted dimer rotation angle:      5.027 deg
Next calculation will be the dimer endpoint after rotation
dl-find/turbomole/=============================== Tstep:  114.8 Ttot:52461.3 ==
eandg
Spin: 
 Energy calculation finished, energy: -2.138682415E+03
Curvature at dimer midpoint after rotation    -0.00072
Curvature at dimer minimum                    -0.00249
Actual dimer rotation angle:         0.105 deg
Dimer rotation converged after    1 steps
Writing TS-mode
Curvature after dimer rotation:               -0.00249
Frequency of transition mode  -256.591 cm^-1 (negative value denotes imaginary frequency)
Crossover temperature for tunnelling       58.75639 K
Restarting L-BFGS optimiser, instance: dimer rotation
Next calculation will be the dimer  midpoint
dl-find/turbomole/=============================== Tstep:   91.6 Ttot:52553.0 ==
eandg
Spin: 
 Energy calculation finished, energy: -2.138682303E+03
Testing convergence of dimer midpoint in cycle  149
    Energy  1.1223E-04 Target: 1.0000E-06 converged?   no
  Max step  4.2581E-02 Target: 1.8000E-03 converged?   no component   100
  RMS step  1.1200E-02 Target: 1.2000E-03 converged?   no
  Max grad  8.6515E-04 Target: 4.5000E-04 converged?   no component   253
  RMS grad  1.3560E-04 Target: 3.0000E-04 converged?  yes
Next calculation will be the dimer endpoint before rotation
dl-find/turbomole/=============================== Tstep:  134.5 Ttot:52687.5 ==
eandg
Spin: 
 Energy calculation finished, energy: -2.138682302E+03
Curvature at dimer midpoint                   -0.00241
Predicted dimer rotation angle:      5.075 deg
Next calculation will be the dimer endpoint after rotation
dl-find/turbomole/=============================== Tstep:  116.2 Ttot:52803.7 ==
eandg
Spin: 
 Energy calculation finished, energy: -2.138682301E+03
Curvature at dimer midpoint after rotation    -0.00115
Curvature at dimer minimum                    -0.00241
Actual dimer rotation angle:         0.145 deg
Dimer rotation converged after    1 steps
Writing TS-mode
Curvature after dimer rotation:               -0.00241
Frequency of transition mode  -252.219 cm^-1 (negative value denotes imaginary frequency)
Crossover temperature for tunnelling       57.75521 K
Restarting L-BFGS optimiser, instance: dimer rotation
Next calculation will be the dimer  midpoint
dl-find/turbomole/=============================== Tstep:   89.8 Ttot:52893.5 ==
eandg
Spin: 
 Energy calculation finished, energy: -2.138682316E+03
Testing convergence of dimer midpoint in cycle  150
    Energy  1.3214E-05 Target: 1.0000E-06 converged?   no
  Max step  2.2263E-02 Target: 1.8000E-03 converged?   no component   100
  RMS step  5.0926E-03 Target: 1.2000E-03 converged?   no
  Max grad  5.7516E-04 Target: 4.5000E-04 converged?   no component   248
  RMS grad  1.2322E-04 Target: 3.0000E-04 converged?  yes
Next calculation will be the dimer endpoint before rotation
dl-find/turbomole/=============================== Tstep:  126.8 Ttot:53020.3 ==
eandg
Spin: 
 Energy calculation finished, energy: -2.138682315E+03
Curvature at dimer midpoint                   -0.00239
Predicted dimer rotation angle:      5.549 deg
Next calculation will be the dimer endpoint after rotation
dl-find/turbomole/=============================== Tstep:  112.6 Ttot:53132.9 ==
eandg
Spin: 
 Energy calculation finished, energy: -2.138682316E+03
Curvature at dimer midpoint after rotation    -0.00008
Curvature at dimer minimum                    -0.00239
Actual dimer rotation angle:         0.105 deg
Dimer rotation converged after    1 steps
Writing TS-mode
Curvature after dimer rotation:               -0.00239
Frequency of transition mode  -251.145 cm^-1 (negative value denotes imaginary frequency)
Crossover temperature for tunnelling       57.50929 K
Restarting L-BFGS optimiser, instance: dimer rotation
Next calculation will be the dimer  midpoint
dl-find/turbomole/=============================== Tstep:   94.6 Ttot:53227.5 ==
eandg
Spin: 
 Energy calculation finished, energy: -2.138682328E+03
Testing convergence of dimer midpoint in cycle  151
    Energy  1.2035E-05 Target: 1.0000E-06 converged?   no
  Max step  1.1396E-02 Target: 1.8000E-03 converged?   no component   100
  RMS step  2.8524E-03 Target: 1.2000E-03 converged?   no
  Max grad  4.5837E-04 Target: 4.5000E-04 converged?   no component   248
  RMS grad  1.0930E-04 Target: 3.0000E-04 converged?  yes
Next calculation will be the dimer endpoint before rotation
dl-find/turbomole/=============================== Tstep:  121.0 Ttot:53348.5 ==
eandg
Spin: 
 Energy calculation finished, energy: -2.138682327E+03
Curvature at dimer midpoint                   -0.00238
Predicted dimer rotation angle:      4.516 deg
Next calculation will be the dimer endpoint after rotation
dl-find/turbomole/=============================== Tstep:  111.2 Ttot:53459.7 ==
eandg
Spin: 
 Energy calculation finished, energy: -2.138682326E+03
Curvature at dimer midpoint after rotation    -0.00144
Curvature at dimer minimum                    -0.00238
Actual dimer rotation angle:         0.134 deg
Dimer rotation converged after    1 steps
Writing TS-mode
Curvature after dimer rotation:               -0.00238
Frequency of transition mode  -250.924 cm^-1 (negative value denotes imaginary frequency)
Crossover temperature for tunnelling       57.45878 K
Restarting L-BFGS optimiser, instance: dimer rotation
Next calculation will be the dimer  midpoint
dl-find/turbomole/=============================== Tstep:   84.9 Ttot:53544.6 ==
eandg
Spin: 
 Energy calculation finished, energy: -2.138682377E+03
Testing convergence of dimer midpoint in cycle  152
    Energy  4.8367E-05 Target: 1.0000E-06 converged?   no
  Max step  4.5899E-02 Target: 1.8000E-03 converged?   no component   100
  RMS step  1.1274E-02 Target: 1.2000E-03 converged?   no
  Max grad  9.8246E-04 Target: 4.5000E-04 converged?   no component    92
  RMS grad  2.0005E-04 Target: 3.0000E-04 converged?  yes
Next calculation will be the dimer endpoint before rotation
dl-find/turbomole/=============================== Tstep:  132.5 Ttot:53677.1 ==
eandg
Spin: 
 Energy calculation finished, energy: -2.138682375E+03
Curvature at dimer midpoint                   -0.00237
Predicted dimer rotation angle:      6.172 deg
Next calculation will be the dimer endpoint after rotation
dl-find/turbomole/=============================== Tstep:  111.4 Ttot:53788.5 ==
eandg
Spin: 
 Energy calculation finished, energy: -2.138682375E+03
Curvature at dimer midpoint after rotation     0.00066
Curvature at dimer minimum                    -0.00237
Actual dimer rotation angle:         0.109 deg
Dimer rotation converged after    1 steps
Writing TS-mode
Curvature after dimer rotation:               -0.00237
Frequency of transition mode  -250.290 cm^-1 (negative value denotes imaginary frequency)
Crossover temperature for tunnelling       57.31353 K
Restarting L-BFGS optimiser, instance: dimer rotation
Next calculation will be the dimer  midpoint
dl-find/turbomole/=============================== Tstep:   86.6 Ttot:53875.1 ==
eandg
Spin: 
 Energy calculation finished, energy: -2.138683069E+03
Testing convergence of dimer midpoint in cycle  153
    Energy  6.9190E-04 Target: 1.0000E-06 converged?   no
  Max step  2.8385E-02 Target: 1.8000E-03 converged?   no component   100
  RMS step  6.3186E-03 Target: 1.2000E-03 converged?   no
  Max grad  4.9887E-04 Target: 4.5000E-04 converged?   no component   154
  RMS grad  1.3198E-04 Target: 3.0000E-04 converged?  yes
Next calculation will be the dimer endpoint before rotation
dl-find/turbomole/=============================== Tstep:  134.7 Ttot:54009.9 ==
eandg
Spin: 
 Energy calculation finished, energy: -2.138683069E+03
Curvature at dimer midpoint                   -0.00239
Predicted dimer rotation angle:      4.486 deg
Next calculation will be the dimer endpoint after rotation
dl-find/turbomole/=============================== Tstep:  112.2 Ttot:54122.0 ==
eandg
Spin: 
 Energy calculation finished, energy: -2.138683068E+03
Curvature at dimer midpoint after rotation    -0.00154
Curvature at dimer minimum                    -0.00239
Actual dimer rotation angle:         0.146 deg
Dimer rotation converged after    1 steps
Writing TS-mode
Curvature after dimer rotation:               -0.00239
Frequency of transition mode  -251.316 cm^-1 (negative value denotes imaginary frequency)
Crossover temperature for tunnelling       57.54835 K
Restarting L-BFGS optimiser, instance: dimer rotation
Next calculation will be the dimer  midpoint
dl-find/turbomole/=============================== Tstep:   88.4 Ttot:54210.5 ==
eandg
Spin: 
 Energy calculation finished, energy: -2.138683081E+03
Testing convergence of dimer midpoint in cycle  154
    Energy  1.2119E-05 Target: 1.0000E-06 converged?   no
  Max step  2.0609E-02 Target: 1.8000E-03 converged?   no component     3
  RMS step  6.5433E-03 Target: 1.2000E-03 converged?   no
  Max grad  3.4417E-04 Target: 4.5000E-04 converged?  yes component   154
  RMS grad  9.9542E-05 Target: 3.0000E-04 converged?  yes
Next calculation will be the dimer endpoint before rotation
dl-find/turbomole/=============================== Tstep:  130.2 Ttot:54340.6 ==
eandg
Spin: 
 Energy calculation finished, energy: -2.138683078E+03
Curvature at dimer midpoint                   -0.00236
Predicted dimer rotation angle:      5.595 deg
Next calculation will be the dimer endpoint after rotation
dl-find/turbomole/=============================== Tstep:  116.3 Ttot:54457.0 ==
eandg
Spin: 
 Energy calculation finished, energy: -2.138683078E+03
Curvature at dimer midpoint after rotation     0.00016
Curvature at dimer minimum                    -0.00236
Actual dimer rotation angle:         0.097 deg
Dimer rotation converged after    1 steps
Writing TS-mode
Curvature after dimer rotation:               -0.00236
Frequency of transition mode  -249.807 cm^-1 (negative value denotes imaginary frequency)
Crossover temperature for tunnelling       57.20299 K
Restarting L-BFGS optimiser, instance: dimer rotation
Next calculation will be the dimer  midpoint
dl-find/turbomole/=============================== Tstep:   95.5 Ttot:54552.5 ==
eandg
Spin: 
 Energy calculation finished, energy: -2.138683129E+03
Testing convergence of dimer midpoint in cycle  155
    Energy  4.8565E-05 Target: 1.0000E-06 converged?   no
  Max step  3.3276E-02 Target: 1.8000E-03 converged?   no component   208
  RMS step  9.9314E-03 Target: 1.2000E-03 converged?   no
  Max grad  4.2744E-04 Target: 4.5000E-04 converged?  yes component    48
  RMS grad  8.2249E-05 Target: 3.0000E-04 converged?  yes
Next calculation will be the dimer endpoint before rotation
dl-find/turbomole/=============================== Tstep:  121.2 Ttot:54673.6 ==
eandg
Spin: 
 Energy calculation finished, energy: -2.138683127E+03
Curvature at dimer midpoint                   -0.00235
Predicted dimer rotation angle:      4.128 deg
Next calculation will be the dimer endpoint after rotation
dl-find/turbomole/=============================== Tstep:  112.0 Ttot:54785.6 ==
eandg
Spin: 
 Energy calculation finished, energy: -2.138683127E+03
Curvature at dimer midpoint after rotation    -0.00159
Curvature at dimer minimum                    -0.00235
Actual dimer rotation angle:         0.126 deg
Dimer rotation converged after    1 steps
Writing TS-mode
Curvature after dimer rotation:               -0.00235
Frequency of transition mode  -249.187 cm^-1 (negative value denotes imaginary frequency)
Crossover temperature for tunnelling       57.06096 K
Restarting L-BFGS optimiser, instance: dimer rotation
Next calculation will be the dimer  midpoint
dl-find/turbomole/=============================== Tstep:   69.2 Ttot:54854.8 ==
eandg
Spin: 
 Energy calculation finished, energy: -2.138683163E+03
Testing convergence of dimer midpoint in cycle  156
    Energy  3.3497E-05 Target: 1.0000E-06 converged?   no
  Max step  4.3902E-02 Target: 1.8000E-03 converged?   no component   208
  RMS step  1.1773E-02 Target: 1.2000E-03 converged?   no
  Max grad  7.8796E-04 Target: 4.5000E-04 converged?   no component    43
  RMS grad  1.4372E-04 Target: 3.0000E-04 converged?  yes
Next calculation will be the dimer endpoint before rotation
dl-find/turbomole/=============================== Tstep:  132.7 Ttot:54987.5 ==
eandg
Spin: 
 Energy calculation finished, energy: -2.138683160E+03
Curvature at dimer midpoint                   -0.00236
Predicted dimer rotation angle:      4.821 deg
Next calculation will be the dimer endpoint after rotation
dl-find/turbomole/=============================== Tstep:  115.1 Ttot:55102.6 ==
eandg
Spin: 
 Energy calculation finished, energy: -2.138683160E+03
Curvature at dimer midpoint after rotation    -0.00064
Curvature at dimer minimum                    -0.00236
Actual dimer rotation angle:         0.091 deg
Dimer rotation converged after    1 steps
Writing TS-mode
Curvature after dimer rotation:               -0.00236
Frequency of transition mode  -249.598 cm^-1 (negative value denotes imaginary frequency)
Crossover temperature for tunnelling       57.15511 K
Restarting L-BFGS optimiser, instance: dimer rotation
Next calculation will be the dimer  midpoint
dl-find/turbomole/=============================== Tstep:   84.8 Ttot:55187.4 ==
eandg
Spin: 
 Energy calculation finished, energy: -2.138683188E+03
Testing convergence of dimer midpoint in cycle  157
    Energy  2.4762E-05 Target: 1.0000E-06 converged?   no
  Max step  1.4611E-02 Target: 1.8000E-03 converged?   no component   100
  RMS step  4.2957E-03 Target: 1.2000E-03 converged?   no
  Max grad  3.9621E-04 Target: 4.5000E-04 converged?  yes component     6
  RMS grad  9.6700E-05 Target: 3.0000E-04 converged?  yes
Next calculation will be the dimer endpoint before rotation
dl-find/turbomole/=============================== Tstep:  124.7 Ttot:55312.1 ==
eandg
Spin: 
 Energy calculation finished, energy: -2.138683186E+03
Curvature at dimer midpoint                   -0.00239
Predicted dimer rotation angle:      4.550 deg
Next calculation will be the dimer endpoint after rotation
dl-find/turbomole/=============================== Tstep:  110.6 Ttot:55422.7 ==
eandg
Spin: 
 Energy calculation finished, energy: -2.138683185E+03
Curvature at dimer midpoint after rotation    -0.00152
Curvature at dimer minimum                    -0.00239
Actual dimer rotation angle:         0.148 deg
Dimer rotation converged after    1 steps
Writing TS-mode
Curvature after dimer rotation:               -0.00239
Frequency of transition mode  -251.211 cm^-1 (negative value denotes imaginary frequency)
Crossover temperature for tunnelling       57.52451 K
Restarting L-BFGS optimiser, instance: dimer rotation
Next calculation will be the dimer  midpoint
dl-find/turbomole/=============================== Tstep:   83.4 Ttot:55506.1 ==
eandg
Spin: 
 Energy calculation finished, energy: -2.138683217E+03
Testing convergence of dimer midpoint in cycle  158
    Energy  2.9891E-05 Target: 1.0000E-06 converged?   no
  Max step  2.7756E-02 Target: 1.8000E-03 converged?   no component   100
  RMS step  8.0843E-03 Target: 1.2000E-03 converged?   no
  Max grad  3.1958E-04 Target: 4.5000E-04 converged?  yes component    43
  RMS grad  8.6191E-05 Target: 3.0000E-04 converged?  yes
Next calculation will be the dimer endpoint before rotation
dl-find/turbomole/=============================== Tstep:  124.2 Ttot:55630.3 ==
eandg
Spin: 
 Energy calculation finished, energy: -2.138683215E+03
Curvature at dimer midpoint                   -0.00242
Predicted dimer rotation angle:      5.376 deg
Next calculation will be the dimer endpoint after rotation
dl-find/turbomole/=============================== Tstep:  111.2 Ttot:55741.5 ==
eandg
Spin: 
 Energy calculation finished, energy: -2.138683215E+03
Curvature at dimer midpoint after rotation     0.00041
Curvature at dimer minimum                    -0.00242
Actual dimer rotation angle:         0.079 deg
Dimer rotation converged after    1 steps
Writing TS-mode
Curvature after dimer rotation:               -0.00242
Frequency of transition mode  -252.728 cm^-1 (negative value denotes imaginary frequency)
Crossover temperature for tunnelling       57.87184 K
Restarting L-BFGS optimiser, instance: dimer rotation
Next calculation will be the dimer  midpoint
dl-find/turbomole/=============================== Tstep:   83.4 Ttot:55824.9 ==
eandg
Spin: 
 Energy calculation finished, energy: -2.138683245E+03
Testing convergence of dimer midpoint in cycle  159
    Energy  2.7244E-05 Target: 1.0000E-06 converged?   no
  Max step  2.6789E-02 Target: 1.8000E-03 converged?   no component   100
  RMS step  6.8909E-03 Target: 1.2000E-03 converged?   no
  Max grad  5.2934E-04 Target: 4.5000E-04 converged?   no component   106
  RMS grad  1.0957E-04 Target: 3.0000E-04 converged?  yes
Next calculation will be the dimer endpoint before rotation
dl-find/turbomole/=============================== Tstep:  117.0 Ttot:55942.0 ==
eandg
Spin: 
 Energy calculation finished, energy: -2.138683242E+03
Curvature at dimer midpoint                   -0.00245
Predicted dimer rotation angle:      2.801 deg
Next calculation will be the dimer endpoint after rotation
dl-find/turbomole/=============================== Tstep:  112.1 Ttot:56054.0 ==
eandg
Spin: 
 Energy calculation finished, energy: -2.138683242E+03
Curvature at dimer midpoint after rotation    -0.00218
Curvature at dimer minimum                    -0.00245
Actual dimer rotation angle:         0.113 deg
Dimer rotation converged after    1 steps
Writing TS-mode
Curvature after dimer rotation:               -0.00245
Frequency of transition mode  -254.415 cm^-1 (negative value denotes imaginary frequency)
Crossover temperature for tunnelling       58.25812 K
Restarting L-BFGS optimiser, instance: dimer rotation
Next calculation will be the dimer  midpoint
dl-find/turbomole/=============================== Tstep:   77.6 Ttot:56131.7 ==
eandg
Spin: 
 Energy calculation finished, energy: -2.138683271E+03
Testing convergence of dimer midpoint in cycle  160
    Energy  2.6228E-05 Target: 1.0000E-06 converged?   no
  Max step  3.6997E-02 Target: 1.8000E-03 converged?   no component   100
  RMS step  9.8395E-03 Target: 1.2000E-03 converged?   no
  Max grad  5.7539E-04 Target: 4.5000E-04 converged?   no component    43
  RMS grad  1.0200E-04 Target: 3.0000E-04 converged?  yes
Next calculation will be the dimer endpoint before rotation
dl-find/turbomole/=============================== Tstep:  127.0 Ttot:56258.6 ==
eandg
Spin: 
 Energy calculation finished, energy: -2.138683269E+03
Curvature at dimer midpoint                   -0.00251
Predicted dimer rotation angle:      3.603 deg
Next calculation will be the dimer endpoint after rotation
dl-find/turbomole/=============================== Tstep:  112.3 Ttot:56370.9 ==
eandg
Spin: 
 Energy calculation finished, energy: -2.138683269E+03
Curvature at dimer midpoint after rotation    -0.00152
Curvature at dimer minimum                    -0.00251
Actual dimer rotation angle:         0.070 deg
Dimer rotation converged after    1 steps
Writing TS-mode
Curvature after dimer rotation:               -0.00251
Frequency of transition mode  -257.633 cm^-1 (negative value denotes imaginary frequency)
Crossover temperature for tunnelling       58.99489 K
Restarting L-BFGS optimiser, instance: dimer rotation
Next calculation will be the dimer  midpoint
dl-find/turbomole/=============================== Tstep:   87.9 Ttot:56458.9 ==
eandg
Spin: 
 Energy calculation finished, energy: -2.138683296E+03
Testing convergence of dimer midpoint in cycle  161
    Energy  2.5127E-05 Target: 1.0000E-06 converged?   no
  Max step  2.8224E-02 Target: 1.8000E-03 converged?   no component   208
  RMS step  7.7919E-03 Target: 1.2000E-03 converged?   no
  Max grad  3.7598E-04 Target: 4.5000E-04 converged?  yes component    59
  RMS grad  9.5138E-05 Target: 3.0000E-04 converged?  yes
Next calculation will be the dimer endpoint before rotation
dl-find/turbomole/=============================== Tstep:  126.5 Ttot:56585.3 ==
eandg
Spin: 
 Energy calculation finished, energy: -2.138683281E+03
Curvature at dimer midpoint                   -0.00207
Predicted dimer rotation angle:     27.602 deg
Next calculation will be the dimer endpoint after rotation
dl-find/turbomole/=============================== Tstep:  112.2 Ttot:56697.5 ==
eandg
Spin: 
 Energy calculation finished, energy: -2.138683280E+03
Curvature at dimer midpoint after rotation     0.02104
Curvature at dimer minimum                    -0.00215
Actual dimer rotation angle:         1.433 deg
Dimer rotation converged after    1 steps
Writing TS-mode
Curvature after dimer rotation:               -0.00215
Frequency of transition mode  -238.154 cm^-1 (negative value denotes imaginary frequency)
Crossover temperature for tunnelling       54.53443 K
Restarting L-BFGS optimiser, instance: dimer rotation
Next calculation will be the dimer  midpoint
dl-find/turbomole/=============================== Tstep:  114.0 Ttot:56811.5 ==
eandg
Spin: 
 Energy calculation finished, energy: -2.138683327E+03
Testing convergence of dimer midpoint in cycle  162
    Energy  3.1352E-05 Target: 1.0000E-06 converged?   no
  Max step  2.2695E-02 Target: 1.8000E-03 converged?   no component    37
  RMS step  6.6492E-03 Target: 1.2000E-03 converged?   no
  Max grad  5.4148E-04 Target: 4.5000E-04 converged?   no component   248
  RMS grad  9.1058E-05 Target: 3.0000E-04 converged?  yes
Next calculation will be the dimer endpoint before rotation
dl-find/turbomole/=============================== Tstep:  126.5 Ttot:56938.0 ==
eandg
Spin: 
 Energy calculation finished, energy: -2.138683326E+03
Curvature at dimer midpoint                   -0.00253
Predicted dimer rotation angle:     24.964 deg
Next calculation will be the dimer endpoint after rotation
dl-find/turbomole/=============================== Tstep:  112.5 Ttot:57050.4 ==
eandg
Spin: 
 Energy calculation finished, energy: -2.138683339E+03
Curvature at dimer midpoint after rotation     0.01793
Curvature at dimer minimum                    -0.00260
Actual dimer rotation angle:         1.349 deg
Dimer rotation converged after    1 steps
Writing TS-mode
Curvature after dimer rotation:               -0.00260
Frequency of transition mode  -262.314 cm^-1 (negative value denotes imaginary frequency)
Crossover temperature for tunnelling       60.06681 K
Restarting L-BFGS optimiser, instance: dimer rotation
Next calculation will be the dimer  midpoint
dl-find/turbomole/=============================== Tstep:  105.0 Ttot:57155.5 ==
eandg
Spin: 
 Energy calculation finished, energy: -2.138683335E+03
Testing convergence of dimer midpoint in cycle  163
    Energy  7.1070E-06 Target: 1.0000E-06 converged?   no
  Max step  1.0237E-02 Target: 1.8000E-03 converged?   no component    40
  RMS step  2.9936E-03 Target: 1.2000E-03 converged?   no
  Max grad  2.8561E-04 Target: 4.5000E-04 converged?  yes component   246
  RMS grad  7.8327E-05 Target: 3.0000E-04 converged?  yes
Next calculation will be the dimer endpoint before rotation
dl-find/turbomole/=============================== Tstep:  117.4 Ttot:57272.8 ==
eandg
Spin: 
 Energy calculation finished, energy: -2.138683333E+03
Curvature at dimer midpoint                   -0.00264
Predicted dimer rotation angle:     13.777 deg
Next calculation will be the dimer endpoint after rotation
dl-find/turbomole/=============================== Tstep:  111.0 Ttot:57383.8 ==
eandg
Spin: 
 Energy calculation finished, energy: -2.138683332E+03
Curvature at dimer midpoint after rotation     0.01624
Curvature at dimer minimum                    -0.00264
Actual dimer rotation angle:         0.229 deg
Dimer rotation converged after    1 steps
Writing TS-mode
Curvature after dimer rotation:               -0.00264
Frequency of transition mode  -264.267 cm^-1 (negative value denotes imaginary frequency)
Crossover temperature for tunnelling       60.51415 K
Restarting L-BFGS optimiser, instance: dimer rotation
Next calculation will be the dimer  midpoint
dl-find/turbomole/=============================== Tstep:  108.7 Ttot:57492.5 ==
eandg
Spin: 
 Energy calculation finished, energy: -2.138683354E+03
Testing convergence of dimer midpoint in cycle  164
    Energy  1.9036E-05 Target: 1.0000E-06 converged?   no
  Max step  1.9731E-02 Target: 1.8000E-03 converged?   no component    37
  RMS step  4.9463E-03 Target: 1.2000E-03 converged?   no
  Max grad  2.6961E-04 Target: 4.5000E-04 converged?  yes component   248
  RMS grad  7.9332E-05 Target: 3.0000E-04 converged?  yes
Next calculation will be the dimer endpoint before rotation
dl-find/turbomole/=============================== Tstep:  122.4 Ttot:57614.9 ==
eandg
Spin: 
 Energy calculation finished, energy: -2.138683353E+03
Curvature at dimer midpoint                   -0.00273
Predicted dimer rotation angle:      5.341 deg
Next calculation will be the dimer endpoint after rotation
dl-find/turbomole/=============================== Tstep:  114.9 Ttot:57729.8 ==
eandg
Spin: 
 Energy calculation finished, energy: -2.138683353E+03
Curvature at dimer midpoint after rotation    -0.00096
Curvature at dimer minimum                    -0.00274
Actual dimer rotation angle:         0.137 deg
Dimer rotation converged after    1 steps
Writing TS-mode
Curvature after dimer rotation:               -0.00274
Frequency of transition mode  -268.869 cm^-1 (negative value denotes imaginary frequency)
Crossover temperature for tunnelling       61.56797 K
Restarting L-BFGS optimiser, instance: dimer rotation
Next calculation will be the dimer  midpoint
dl-find/turbomole/=============================== Tstep:   94.4 Ttot:57824.2 ==
eandg
Spin: 
 Energy calculation finished, energy: -2.138683370E+03
Testing convergence of dimer midpoint in cycle  165
    Energy  1.6184E-05 Target: 1.0000E-06 converged?   no
  Max step  2.4019E-02 Target: 1.8000E-03 converged?   no component   100
  RMS step  6.2894E-03 Target: 1.2000E-03 converged?   no
  Max grad  3.4501E-04 Target: 4.5000E-04 converged?  yes component    48
  RMS grad  9.4483E-05 Target: 3.0000E-04 converged?  yes
Next calculation will be the dimer endpoint before rotation
dl-find/turbomole/=============================== Tstep:  129.9 Ttot:57954.1 ==
eandg
Spin: 
 Energy calculation finished, energy: -2.138683369E+03
Curvature at dimer midpoint                   -0.00281
Predicted dimer rotation angle:      3.831 deg
Next calculation will be the dimer endpoint after rotation
dl-find/turbomole/=============================== Tstep:  109.9 Ttot:58064.0 ==
eandg
Spin: 
 Energy calculation finished, energy: -2.138683369E+03
Curvature at dimer midpoint after rotation    -0.00225
Curvature at dimer minimum                    -0.00281
Actual dimer rotation angle:         0.158 deg
Dimer rotation converged after    1 steps
Writing TS-mode
Curvature after dimer rotation:               -0.00281
Frequency of transition mode  -272.420 cm^-1 (negative value denotes imaginary frequency)
Crossover temperature for tunnelling       62.38112 K
Restarting L-BFGS optimiser, instance: dimer rotation
Next calculation will be the dimer  midpoint
dl-find/turbomole/=============================== Tstep:   85.5 Ttot:58149.5 ==
eandg
Spin: 
 Energy calculation finished, energy: -2.138683393E+03
Testing convergence of dimer midpoint in cycle  166
    Energy  2.2840E-05 Target: 1.0000E-06 converged?   no
  Max step  2.1813E-02 Target: 1.8000E-03 converged?   no component    37
  RMS step  5.2160E-03 Target: 1.2000E-03 converged?   no
  Max grad  2.8418E-04 Target: 4.5000E-04 converged?  yes component   248
  RMS grad  6.8593E-05 Target: 3.0000E-04 converged?  yes
Next calculation will be the dimer endpoint before rotation
dl-find/turbomole/=============================== Tstep:  116.6 Ttot:58266.1 ==
eandg
Spin: 
 Energy calculation finished, energy: -2.138683392E+03
Curvature at dimer midpoint                   -0.00287
Predicted dimer rotation angle:      4.705 deg
Next calculation will be the dimer endpoint after rotation
dl-find/turbomole/=============================== Tstep:  115.5 Ttot:58381.6 ==
eandg
Spin: 
 Energy calculation finished, energy: -2.138683393E+03
Curvature at dimer midpoint after rotation    -0.00114
Curvature at dimer minimum                    -0.00287
Actual dimer rotation angle:         0.101 deg
Dimer rotation converged after    1 steps
Writing TS-mode
Curvature after dimer rotation:               -0.00287
Frequency of transition mode  -275.551 cm^-1 (negative value denotes imaginary frequency)
Crossover temperature for tunnelling       63.09794 K
Restarting L-BFGS optimiser, instance: dimer rotation
Next calculation will be the dimer  midpoint
dl-find/turbomole/=============================== Tstep:   90.4 Ttot:58471.9 ==
eandg
Spin: 
 Energy calculation finished, energy: -2.138683406E+03
Testing convergence of dimer midpoint in cycle  167
    Energy  1.3367E-05 Target: 1.0000E-06 converged?   no
  Max step  2.1431E-02 Target: 1.8000E-03 converged?   no component    37
  RMS step  4.7650E-03 Target: 1.2000E-03 converged?   no
  Max grad  2.5584E-04 Target: 4.5000E-04 converged?  yes component    72
  RMS grad  7.5988E-05 Target: 3.0000E-04 converged?  yes
Next calculation will be the dimer endpoint before rotation
dl-find/turbomole/=============================== Tstep:  118.5 Ttot:58590.4 ==
eandg
Spin: 
 Energy calculation finished, energy: -2.138683407E+03
Curvature at dimer midpoint                   -0.00298
Predicted dimer rotation angle:      4.148 deg
Next calculation will be the dimer endpoint after rotation
dl-find/turbomole/=============================== Tstep:  115.2 Ttot:58705.6 ==
eandg
Spin: 
 Energy calculation finished, energy: -2.138683407E+03
Curvature at dimer midpoint after rotation    -0.00230
Curvature at dimer minimum                    -0.00298
Actual dimer rotation angle:         0.175 deg
Dimer rotation converged after    1 steps
Writing TS-mode
Curvature after dimer rotation:               -0.00298
Frequency of transition mode  -280.522 cm^-1 (negative value denotes imaginary frequency)
Crossover temperature for tunnelling       64.23626 K
Restarting L-BFGS optimiser, instance: dimer rotation
Next calculation will be the dimer  midpoint
dl-find/turbomole/=============================== Tstep:   93.3 Ttot:58798.9 ==
eandg
Spin: 
 Energy calculation finished, energy: -2.138683423E+03
Testing convergence of dimer midpoint in cycle  168
    Energy  1.7445E-05 Target: 1.0000E-06 converged?   no
  Max step  2.3650E-02 Target: 1.8000E-03 converged?   no component    37
  RMS step  5.5547E-03 Target: 1.2000E-03 converged?   no
  Max grad  2.4721E-04 Target: 4.5000E-04 converged?  yes component    11
  RMS grad  7.8419E-05 Target: 3.0000E-04 converged?  yes
Next calculation will be the dimer endpoint before rotation
dl-find/turbomole/=============================== Tstep:  116.8 Ttot:58915.7 ==
eandg
Spin: 
 Energy calculation finished, energy: -2.138683424E+03
Curvature at dimer midpoint                   -0.00296
Predicted dimer rotation angle:      4.651 deg
Next calculation will be the dimer endpoint after rotation
dl-find/turbomole/=============================== Tstep:  116.1 Ttot:59031.8 ==
eandg
Spin: 
 Energy calculation finished, energy: -2.138683423E+03
Curvature at dimer midpoint after rotation    -0.00112
Curvature at dimer minimum                    -0.00296
Actual dimer rotation angle:         0.095 deg
Dimer rotation converged after    1 steps
Writing TS-mode
Curvature after dimer rotation:               -0.00296
Frequency of transition mode  -279.576 cm^-1 (negative value denotes imaginary frequency)
Crossover temperature for tunnelling       64.01965 K
Restarting L-BFGS optimiser, instance: dimer rotation
Next calculation will be the dimer  midpoint
dl-find/turbomole/=============================== Tstep:   87.6 Ttot:59119.4 ==
eandg
Spin: 
 Energy calculation finished, energy: -2.138683435E+03
Testing convergence of dimer midpoint in cycle  169
    Energy  1.1287E-05 Target: 1.0000E-06 converged?   no
  Max step  2.2932E-02 Target: 1.8000E-03 converged?   no component    37
  RMS step  5.0010E-03 Target: 1.2000E-03 converged?   no
  Max grad  5.5279E-04 Target: 4.5000E-04 converged?   no component    55
  RMS grad  8.1540E-05 Target: 3.0000E-04 converged?  yes
Next calculation will be the dimer endpoint before rotation
dl-find/turbomole/=============================== Tstep:  117.0 Ttot:59236.4 ==
eandg
Spin: 
 Energy calculation finished, energy: -2.138683435E+03
Curvature at dimer midpoint                   -0.00301
Predicted dimer rotation angle:      3.572 deg
Next calculation will be the dimer endpoint after rotation
dl-find/turbomole/=============================== Tstep:  112.8 Ttot:59349.2 ==
eandg
Spin: 
 Energy calculation finished, energy: -2.138683435E+03
Curvature at dimer midpoint after rotation    -0.00247
Curvature at dimer minimum                    -0.00301
Actual dimer rotation angle:         0.143 deg
Dimer rotation converged after    1 steps
Writing TS-mode
Curvature after dimer rotation:               -0.00301
Frequency of transition mode  -282.154 cm^-1 (negative value denotes imaginary frequency)
Crossover temperature for tunnelling       64.60994 K
Restarting L-BFGS optimiser, instance: dimer rotation
Next calculation will be the dimer  midpoint
dl-find/turbomole/=============================== Tstep:   87.8 Ttot:59437.0 ==
eandg
Spin: 
 Energy calculation finished, energy: -2.138683455E+03
Testing convergence of dimer midpoint in cycle  170
    Energy  1.9917E-05 Target: 1.0000E-06 converged?   no
  Max step  4.5959E-02 Target: 1.8000E-03 converged?   no component    37
  RMS step  1.0405E-02 Target: 1.2000E-03 converged?   no
  Max grad  1.2076E-03 Target: 4.5000E-04 converged?   no component    55
  RMS grad  1.4391E-04 Target: 3.0000E-04 converged?  yes
Next calculation will be the dimer endpoint before rotation
dl-find/turbomole/=============================== Tstep:  120.2 Ttot:59557.1 ==
eandg
Spin: 
 Energy calculation finished, energy: -2.138683456E+03
Curvature at dimer midpoint                   -0.00308
Predicted dimer rotation angle:      4.176 deg
Next calculation will be the dimer endpoint after rotation
dl-find/turbomole/=============================== Tstep:  115.8 Ttot:59672.9 ==
eandg
Spin: 
 Energy calculation finished, energy: -2.138683456E+03
Curvature at dimer midpoint after rotation    -0.00209
Curvature at dimer minimum                    -0.00308
Actual dimer rotation angle:         0.129 deg
Dimer rotation converged after    1 steps
Writing TS-mode
Curvature after dimer rotation:               -0.00308
Frequency of transition mode  -285.503 cm^-1 (negative value denotes imaginary frequency)
Crossover temperature for tunnelling       65.37686 K
Restarting L-BFGS optimiser, instance: dimer rotation
Next calculation will be the dimer  midpoint
dl-find/turbomole/=============================== Tstep:   93.2 Ttot:59766.1 ==
eandg
Spin: 
 Energy calculation finished, energy: -2.138683463E+03
Testing convergence of dimer midpoint in cycle  171
    Energy  8.4390E-06 Target: 1.0000E-06 converged?   no
  Max step  9.1706E-03 Target: 1.8000E-03 converged?   no component   100
  RMS step  2.6421E-03 Target: 1.2000E-03 converged?   no
  Max grad  2.7417E-04 Target: 4.5000E-04 converged?  yes component    53
  RMS grad  7.4830E-05 Target: 3.0000E-04 converged?  yes
Next calculation will be the dimer endpoint before rotation
dl-find/turbomole/=============================== Tstep:  121.2 Ttot:59887.3 ==
eandg
Spin: 
 Energy calculation finished, energy: -2.138683464E+03
Curvature at dimer midpoint                   -0.00309
Predicted dimer rotation angle:      4.031 deg
Next calculation will be the dimer endpoint after rotation
dl-find/turbomole/=============================== Tstep:  115.3 Ttot:60002.5 ==
eandg
Spin: 
 Energy calculation finished, energy: -2.138683465E+03
Curvature at dimer midpoint after rotation    -0.00194
Curvature at dimer minimum                    -0.00309
Actual dimer rotation angle:         0.103 deg
Dimer rotation converged after    1 steps
Writing TS-mode
Curvature after dimer rotation:               -0.00309
Frequency of transition mode  -285.649 cm^-1 (negative value denotes imaginary frequency)
Crossover temperature for tunnelling       65.41039 K
Restarting L-BFGS optimiser, instance: dimer rotation
Next calculation will be the dimer  midpoint
dl-find/turbomole/=============================== Tstep:   89.0 Ttot:60091.5 ==
eandg
Spin: 
 Energy calculation finished, energy: -2.138683474E+03
Testing convergence of dimer midpoint in cycle  172
    Energy  1.0943E-05 Target: 1.0000E-06 converged?   no
  Max step  1.0965E-02 Target: 1.8000E-03 converged?   no component   229
  RMS step  2.1589E-03 Target: 1.2000E-03 converged?   no
  Max grad  2.7976E-04 Target: 4.5000E-04 converged?  yes component    55
  RMS grad  7.6750E-05 Target: 3.0000E-04 converged?  yes
Next calculation will be the dimer endpoint before rotation
dl-find/turbomole/=============================== Tstep:  112.4 Ttot:60203.9 ==
eandg
Spin: 
 Energy calculation finished, energy: -2.138683475E+03
Curvature at dimer midpoint                   -0.00310
Predicted dimer rotation angle:      3.305 deg
Next calculation will be the dimer endpoint after rotation
dl-find/turbomole/=============================== Tstep:  111.1 Ttot:60314.9 ==
eandg
Spin: 
 Energy calculation finished, energy: -2.138683476E+03
Curvature at dimer midpoint after rotation    -0.00247
Curvature at dimer minimum                    -0.00310
Actual dimer rotation angle:         0.102 deg
Dimer rotation converged after    1 steps
Writing TS-mode
Curvature after dimer rotation:               -0.00310
Frequency of transition mode  -286.274 cm^-1 (negative value denotes imaginary frequency)
Crossover temperature for tunnelling       65.55350 K
Restarting L-BFGS optimiser, instance: dimer rotation
Next calculation will be the dimer  midpoint
dl-find/turbomole/=============================== Tstep:   62.9 Ttot:60377.8 ==
eandg
Spin: 
 Energy calculation finished, energy: -2.138683493E+03
Testing convergence of dimer midpoint in cycle  173
    Energy  1.8840E-05 Target: 1.0000E-06 converged?   no
  Max step  2.2415E-02 Target: 1.8000E-03 converged?   no component    37
  RMS step  5.0574E-03 Target: 1.2000E-03 converged?   no
  Max grad  5.5007E-04 Target: 4.5000E-04 converged?   no component    55
  RMS grad  9.5192E-05 Target: 3.0000E-04 converged?  yes
Next calculation will be the dimer endpoint before rotation
dl-find/turbomole/=============================== Tstep:  120.1 Ttot:60498.0 ==
eandg
Spin: 
 Energy calculation finished, energy: -2.138683494E+03
Curvature at dimer midpoint                   -0.00314
Predicted dimer rotation angle:      3.565 deg
Next calculation will be the dimer endpoint after rotation
dl-find/turbomole/=============================== Tstep:  111.3 Ttot:60609.3 ==
eandg
Spin: 
 Energy calculation finished, energy: -2.138683494E+03
Curvature at dimer midpoint after rotation    -0.00241
Curvature at dimer minimum                    -0.00314
Actual dimer rotation angle:         0.111 deg
Dimer rotation converged after    1 steps
Writing TS-mode
Curvature after dimer rotation:               -0.00314
Frequency of transition mode  -288.099 cm^-1 (negative value denotes imaginary frequency)
Crossover temperature for tunnelling       65.97138 K
Restarting L-BFGS optimiser, instance: dimer rotation
Next calculation will be the dimer  midpoint
dl-find/turbomole/=============================== Tstep:   88.4 Ttot:60697.6 ==
eandg
Spin: 
 Energy calculation finished, energy: -2.138683521E+03
Testing convergence of dimer midpoint in cycle  174
    Energy  2.8170E-05 Target: 1.0000E-06 converged?   no
  Max step  6.3594E-02 Target: 1.8000E-03 converged?   no component    37
  RMS step  1.4019E-02 Target: 1.2000E-03 converged?   no
  Max grad  1.0285E-03 Target: 4.5000E-04 converged?   no component    51
  RMS grad  2.1238E-04 Target: 3.0000E-04 converged?  yes
Next calculation will be the dimer endpoint before rotation
dl-find/turbomole/=============================== Tstep:  134.0 Ttot:60831.6 ==
eandg
Spin: 
 Energy calculation finished, energy: -2.138683523E+03
Curvature at dimer midpoint                   -0.00320
Predicted dimer rotation angle:      4.118 deg
Next calculation will be the dimer endpoint after rotation
dl-find/turbomole/=============================== Tstep:  114.2 Ttot:60945.9 ==
eandg
Spin: 
 Energy calculation finished, energy: -2.138683523E+03
Curvature at dimer midpoint after rotation    -0.00228
Curvature at dimer minimum                    -0.00320
Actual dimer rotation angle:         0.139 deg
Dimer rotation converged after    1 steps
Writing TS-mode
Curvature after dimer rotation:               -0.00320
Frequency of transition mode  -290.881 cm^-1 (negative value denotes imaginary frequency)
Crossover temperature for tunnelling       66.60829 K
Restarting L-BFGS optimiser, instance: dimer rotation
Next calculation will be the dimer  midpoint
dl-find/turbomole/=============================== Tstep:   88.4 Ttot:61034.3 ==
eandg
Spin: 
 Energy calculation finished, energy: -2.138683553E+03
Testing convergence of dimer midpoint in cycle  175
    Energy  3.1576E-05 Target: 1.0000E-06 converged?   no
  Max step  2.7780E-02 Target: 1.8000E-03 converged?   no component    37
  RMS step  5.8948E-03 Target: 1.2000E-03 converged?   no
  Max grad  3.2462E-04 Target: 4.5000E-04 converged?  yes component    55
  RMS grad  9.0577E-05 Target: 3.0000E-04 converged?  yes
Next calculation will be the dimer endpoint before rotation
dl-find/turbomole/=============================== Tstep:  124.0 Ttot:61158.3 ==
eandg
Spin: 
 Energy calculation finished, energy: -2.138683556E+03
Curvature at dimer midpoint                   -0.00326
Predicted dimer rotation angle:      4.176 deg
Next calculation will be the dimer endpoint after rotation
dl-find/turbomole/=============================== Tstep:  115.7 Ttot:61274.0 ==
eandg
Spin: 
 Energy calculation finished, energy: -2.138683556E+03
Curvature at dimer midpoint after rotation    -0.00230
Curvature at dimer minimum                    -0.00326
Actual dimer rotation angle:         0.142 deg
Dimer rotation converged after    1 steps
Writing TS-mode
Curvature after dimer rotation:               -0.00326
Frequency of transition mode  -293.650 cm^-1 (negative value denotes imaginary frequency)
Crossover temperature for tunnelling       67.24254 K
Restarting L-BFGS optimiser, instance: dimer rotation
Next calculation will be the dimer  midpoint
dl-find/turbomole/=============================== Tstep:   88.5 Ttot:61362.5 ==
eandg
Spin: 
 Energy calculation finished, energy: -2.138683578E+03
Testing convergence of dimer midpoint in cycle  176
    Energy  2.5339E-05 Target: 1.0000E-06 converged?   no
  Max step  3.1434E-02 Target: 1.8000E-03 converged?   no component    37
  RMS step  7.7819E-03 Target: 1.2000E-03 converged?   no
  Max grad  3.0273E-04 Target: 4.5000E-04 converged?  yes component    88
  RMS grad  7.0835E-05 Target: 3.0000E-04 converged?  yes
Next calculation will be the dimer endpoint before rotation
dl-find/turbomole/=============================== Tstep:  126.4 Ttot:61488.9 ==
eandg
Spin: 
 Energy calculation finished, energy: -2.138683580E+03
Curvature at dimer midpoint                   -0.00322
Predicted dimer rotation angle:      4.173 deg
Next calculation will be the dimer endpoint after rotation
dl-find/turbomole/=============================== Tstep:  116.6 Ttot:61605.4 ==
eandg
Spin: 
 Energy calculation finished, energy: -2.138683580E+03
Curvature at dimer midpoint after rotation    -0.00186
Curvature at dimer minimum                    -0.00322
Actual dimer rotation angle:         0.101 deg
Dimer rotation converged after    1 steps
Writing TS-mode
Curvature after dimer rotation:               -0.00322
Frequency of transition mode  -291.725 cm^-1 (negative value denotes imaginary frequency)
Crossover temperature for tunnelling       66.80172 K
Restarting L-BFGS optimiser, instance: dimer rotation
Next calculation will be the dimer  midpoint
dl-find/turbomole/=============================== Tstep:   90.3 Ttot:61695.7 ==
eandg
Spin: 
 Energy calculation finished, energy: -2.138683590E+03
Testing convergence of dimer midpoint in cycle  177
    Energy  1.2287E-05 Target: 1.0000E-06 converged?   no
  Max step  3.5722E-02 Target: 1.8000E-03 converged?   no component    37
  RMS step  8.7107E-03 Target: 1.2000E-03 converged?   no
  Max grad  4.2839E-04 Target: 4.5000E-04 converged?  yes component    88
  RMS grad  8.3953E-05 Target: 3.0000E-04 converged?  yes
Next calculation will be the dimer endpoint before rotation
dl-find/turbomole/=============================== Tstep:  124.0 Ttot:61819.7 ==
eandg
Spin: 
 Energy calculation finished, energy: -2.138683593E+03
Curvature at dimer midpoint                   -0.00321
Predicted dimer rotation angle:      3.153 deg
Next calculation will be the dimer endpoint after rotation
dl-find/turbomole/=============================== Tstep:  115.9 Ttot:61935.6 ==
eandg
Spin: 
 Energy calculation finished, energy: -2.138683593E+03
Curvature at dimer midpoint after rotation    -0.00272
Curvature at dimer minimum                    -0.00321
Actual dimer rotation angle:         0.117 deg
Dimer rotation converged after    1 steps
Writing TS-mode
Curvature after dimer rotation:               -0.00321
Frequency of transition mode  -291.182 cm^-1 (negative value denotes imaginary frequency)
Crossover temperature for tunnelling       66.67732 K
Restarting L-BFGS optimiser, instance: dimer rotation
Next calculation will be the dimer  midpoint
dl-find/turbomole/=============================== Tstep:   78.8 Ttot:62014.5 ==
eandg
Spin: 
 Energy calculation finished, energy: -2.138683614E+03
Testing convergence of dimer midpoint in cycle  178
    Energy  2.4236E-05 Target: 1.0000E-06 converged?   no
  Max step  4.7008E-02 Target: 1.8000E-03 converged?   no component    37
  RMS step  1.1579E-02 Target: 1.2000E-03 converged?   no
  Max grad  4.8229E-04 Target: 4.5000E-04 converged?   no component    55
  RMS grad  1.1520E-04 Target: 3.0000E-04 converged?  yes
Next calculation will be the dimer endpoint before rotation
dl-find/turbomole/=============================== Tstep:  130.9 Ttot:62145.4 ==
eandg
Spin: 
 Energy calculation finished, energy: -2.138683617E+03
Curvature at dimer midpoint                   -0.00320
Predicted dimer rotation angle:      3.484 deg
Next calculation will be the dimer endpoint after rotation
dl-find/turbomole/=============================== Tstep:  116.0 Ttot:62261.4 ==
eandg
Spin: 
 Energy calculation finished, energy: -2.138683617E+03
Curvature at dimer midpoint after rotation    -0.00239
Curvature at dimer minimum                    -0.00320
Actual dimer rotation angle:         0.096 deg
Dimer rotation converged after    1 steps
Writing TS-mode
Curvature after dimer rotation:               -0.00320
Frequency of transition mode  -290.863 cm^-1 (negative value denotes imaginary frequency)
Crossover temperature for tunnelling       66.60417 K
Restarting L-BFGS optimiser, instance: dimer rotation
Next calculation will be the dimer  midpoint
dl-find/turbomole/=============================== Tstep:   79.0 Ttot:62340.4 ==
eandg
Spin: 
 Energy calculation finished, energy: -2.138683641E+03
Testing convergence of dimer midpoint in cycle  179
    Energy  2.6243E-05 Target: 1.0000E-06 converged?   no
  Max step  5.1108E-02 Target: 1.8000E-03 converged?   no component    37
  RMS step  1.2433E-02 Target: 1.2000E-03 converged?   no
  Max grad  3.7933E-04 Target: 4.5000E-04 converged?  yes component    90
  RMS grad  9.8023E-05 Target: 3.0000E-04 converged?  yes
Next calculation will be the dimer endpoint before rotation
dl-find/turbomole/=============================== Tstep:  127.8 Ttot:62468.2 ==
eandg
Spin: 
 Energy calculation finished, energy: -2.138683646E+03
Curvature at dimer midpoint                   -0.00313
Predicted dimer rotation angle:      4.604 deg
Next calculation will be the dimer endpoint after rotation
dl-find/turbomole/=============================== Tstep:  116.5 Ttot:62584.7 ==
eandg
Spin: 
 Energy calculation finished, energy: -2.138683643E+03
Curvature at dimer midpoint after rotation    -0.00210
Curvature at dimer minimum                    -0.00313
Actual dimer rotation angle:         0.168 deg
Dimer rotation converged after    1 steps
Writing TS-mode
Curvature after dimer rotation:               -0.00313
Frequency of transition mode  -287.588 cm^-1 (negative value denotes imaginary frequency)
Crossover temperature for tunnelling       65.85431 K
Restarting L-BFGS optimiser, instance: dimer rotation
Next calculation will be the dimer  midpoint
dl-find/turbomole/=============================== Tstep:   89.2 Ttot:62673.9 ==
eandg
Spin: 
 Energy calculation finished, energy: -2.138683646E+03
Testing convergence of dimer midpoint in cycle  180
    Energy  5.1360E-06 Target: 1.0000E-06 converged?   no
  Max step  5.5337E-03 Target: 1.8000E-03 converged?   no component    57
  RMS step  1.4243E-03 Target: 1.2000E-03 converged?   no
  Max grad  1.9446E-04 Target: 4.5000E-04 converged?  yes component   250
  RMS grad  6.1750E-05 Target: 3.0000E-04 converged?  yes
Next calculation will be the dimer endpoint before rotation
dl-find/turbomole/=============================== Tstep:  118.0 Ttot:62792.0 ==
eandg
Spin: 
 Energy calculation finished, energy: -2.138683649E+03
Curvature at dimer midpoint                   -0.00313
Predicted dimer rotation angle:      6.113 deg
Next calculation will be the dimer endpoint after rotation
dl-find/turbomole/=============================== Tstep:  116.2 Ttot:62908.2 ==
eandg
Spin: 
 Energy calculation finished, energy: -2.138683651E+03
Curvature at dimer midpoint after rotation    -0.00038
Curvature at dimer minimum                    -0.00313
Actual dimer rotation angle:         0.152 deg
Dimer rotation converged after    1 steps
Writing TS-mode
Curvature after dimer rotation:               -0.00313
Frequency of transition mode  -287.560 cm^-1 (negative value denotes imaginary frequency)
Crossover temperature for tunnelling       65.84796 K
Restarting L-BFGS optimiser, instance: dimer rotation
Next calculation will be the dimer  midpoint
dl-find/turbomole/=============================== Tstep:   91.6 Ttot:62999.8 ==
eandg
Spin: 
 Energy calculation finished, energy: -2.138683655E+03
Testing convergence of dimer midpoint in cycle  181
    Energy  9.5290E-06 Target: 1.0000E-06 converged?   no
  Max step  1.0762E-02 Target: 1.8000E-03 converged?   no component    34
  RMS step  2.8873E-03 Target: 1.2000E-03 converged?   no
  Max grad  3.6027E-04 Target: 4.5000E-04 converged?  yes component    88
  RMS grad  7.9647E-05 Target: 3.0000E-04 converged?  yes
Next calculation will be the dimer endpoint before rotation
dl-find/turbomole/=============================== Tstep:  120.0 Ttot:63119.8 ==
eandg
Spin: 
 Energy calculation finished, energy: -2.138683660E+03
Curvature at dimer midpoint                   -0.00310
Predicted dimer rotation angle:      5.449 deg
Next calculation will be the dimer endpoint after rotation
dl-find/turbomole/=============================== Tstep:  116.4 Ttot:63236.2 ==
eandg
Spin: 
 Energy calculation finished, energy: -2.138683658E+03
Curvature at dimer midpoint after rotation    -0.00019
Curvature at dimer minimum                    -0.00310
Actual dimer rotation angle:         0.102 deg
Dimer rotation converged after    1 steps
Writing TS-mode
Curvature after dimer rotation:               -0.00310
Frequency of transition mode  -286.224 cm^-1 (negative value denotes imaginary frequency)
Crossover temperature for tunnelling       65.54196 K
Restarting L-BFGS optimiser, instance: dimer rotation
Next calculation will be the dimer  midpoint
dl-find/turbomole/=============================== Tstep:   90.1 Ttot:63326.3 ==
eandg
Spin: 
 Energy calculation finished, energy: -2.138683674E+03
Testing convergence of dimer midpoint in cycle  182
    Energy  1.8256E-05 Target: 1.0000E-06 converged?   no
  Max step  2.1835E-02 Target: 1.8000E-03 converged?   no component    37
  RMS step  5.2500E-03 Target: 1.2000E-03 converged?   no
  Max grad  4.1854E-04 Target: 4.5000E-04 converged?  yes component    54
  RMS grad  1.0167E-04 Target: 3.0000E-04 converged?  yes
Next calculation will be the dimer endpoint before rotation
dl-find/turbomole/=============================== Tstep:  124.5 Ttot:63450.8 ==
eandg
Spin: 
 Energy calculation finished, energy: -2.138683675E+03
Curvature at dimer midpoint                   -0.00312
Predicted dimer rotation angle:      3.612 deg
Next calculation will be the dimer endpoint after rotation
dl-find/turbomole/=============================== Tstep:  116.4 Ttot:63567.2 ==
eandg
Spin: 
 Energy calculation finished, energy: -2.138683675E+03
Curvature at dimer midpoint after rotation    -0.00252
Curvature at dimer minimum                    -0.00312
Actual dimer rotation angle:         0.138 deg
Dimer rotation converged after    1 steps
Writing TS-mode
Curvature after dimer rotation:               -0.00312
Frequency of transition mode  -287.184 cm^-1 (negative value denotes imaginary frequency)
Crossover temperature for tunnelling       65.76173 K
Restarting L-BFGS optimiser, instance: dimer rotation
Next calculation will be the dimer  midpoint
dl-find/turbomole/=============================== Tstep:   89.7 Ttot:63656.9 ==
eandg
Spin: 
 Energy calculation finished, energy: -2.138683684E+03
Testing convergence of dimer midpoint in cycle  183
    Energy  1.0050E-05 Target: 1.0000E-06 converged?   no
  Max step  6.5036E-02 Target: 1.8000E-03 converged?   no component    37
  RMS step  1.4888E-02 Target: 1.2000E-03 converged?   no
  Max grad  4.7808E-04 Target: 4.5000E-04 converged?   no component    66
  RMS grad  1.2173E-04 Target: 3.0000E-04 converged?  yes
Next calculation will be the dimer endpoint before rotation
dl-find/turbomole/=============================== Tstep:  134.8 Ttot:63791.7 ==
eandg
Spin: 
 Energy calculation finished, energy: -2.138683684E+03
Curvature at dimer midpoint                   -0.00303
Predicted dimer rotation angle:      3.341 deg
Next calculation will be the dimer endpoint after rotation
dl-find/turbomole/=============================== Tstep:  117.1 Ttot:63908.8 ==
eandg
Spin: 
 Energy calculation finished, energy: -2.138683684E+03
Curvature at dimer midpoint after rotation    -0.00225
Curvature at dimer minimum                    -0.00303
Actual dimer rotation angle:         0.084 deg
Dimer rotation converged after    1 steps
Writing TS-mode
Curvature after dimer rotation:               -0.00303
Frequency of transition mode  -283.033 cm^-1 (negative value denotes imaginary frequency)
Crossover temperature for tunnelling       64.81120 K
Restarting L-BFGS optimiser, instance: dimer rotation
Next calculation will be the dimer  midpoint
dl-find/turbomole/=============================== Tstep:   88.1 Ttot:63996.9 ==
eandg
Spin: 
 Energy calculation finished, energy: -2.138683706E+03
Testing convergence of dimer midpoint in cycle  184
    Energy  2.2035E-05 Target: 1.0000E-06 converged?   no
  Max step  3.9246E-02 Target: 1.8000E-03 converged?   no component    37
  RMS step  8.8026E-03 Target: 1.2000E-03 converged?   no
  Max grad  2.4291E-04 Target: 4.5000E-04 converged?  yes component    88
  RMS grad  8.2384E-05 Target: 3.0000E-04 converged?  yes
Next calculation will be the dimer endpoint before rotation
dl-find/turbomole/=============================== Tstep:  130.4 Ttot:64127.3 ==
eandg
Spin: 
 Energy calculation finished, energy: -2.138683707E+03
Curvature at dimer midpoint                   -0.00299
Predicted dimer rotation angle:      2.735 deg
Next calculation will be the dimer endpoint after rotation
dl-find/turbomole/=============================== Tstep:  117.2 Ttot:64244.5 ==
eandg
Spin: 
 Energy calculation finished, energy: -2.138683707E+03
Curvature at dimer midpoint after rotation    -0.00273
Curvature at dimer minimum                    -0.00299
Actual dimer rotation angle:         0.127 deg
Dimer rotation converged after    1 steps
Writing TS-mode
Curvature after dimer rotation:               -0.00299
Frequency of transition mode  -281.163 cm^-1 (negative value denotes imaginary frequency)
Crossover temperature for tunnelling       64.38300 K
Restarting L-BFGS optimiser, instance: dimer rotation
Next calculation will be the dimer  midpoint
dl-find/turbomole/=============================== Tstep:   87.6 Ttot:64332.1 ==
eandg
Spin: 
 Energy calculation finished, energy: -2.138683720E+03
Testing convergence of dimer midpoint in cycle  185
    Energy  1.4052E-05 Target: 1.0000E-06 converged?   no
  Max step  2.1284E-02 Target: 1.8000E-03 converged?   no component    37
  RMS step  4.4940E-03 Target: 1.2000E-03 converged?   no
  Max grad  3.3187E-04 Target: 4.5000E-04 converged?  yes component   170
  RMS grad  7.9317E-05 Target: 3.0000E-04 converged?  yes
Next calculation will be the dimer endpoint before rotation
dl-find/turbomole/=============================== Tstep:  123.3 Ttot:64455.4 ==
eandg
Spin: 
 Energy calculation finished, energy: -2.138683719E+03
Curvature at dimer midpoint                   -0.00296
Predicted dimer rotation angle:      3.613 deg
Next calculation will be the dimer endpoint after rotation
dl-find/turbomole/=============================== Tstep:  112.8 Ttot:64568.2 ==
eandg
Spin: 
 Energy calculation finished, energy: -2.138683719E+03
Curvature at dimer midpoint after rotation    -0.00209
Curvature at dimer minimum                    -0.00296
Actual dimer rotation angle:         0.093 deg
Dimer rotation converged after    1 steps
Writing TS-mode
Curvature after dimer rotation:               -0.00296
Frequency of transition mode  -279.491 cm^-1 (negative value denotes imaginary frequency)
Crossover temperature for tunnelling       64.00026 K
Restarting L-BFGS optimiser, instance: dimer rotation
Next calculation will be the dimer  midpoint
dl-find/turbomole/=============================== Tstep:   89.4 Ttot:64657.7 ==
eandg
Spin: 
 Energy calculation finished, energy: -2.138683741E+03
Testing convergence of dimer midpoint in cycle  186
    Energy  2.0767E-05 Target: 1.0000E-06 converged?   no
  Max step  2.9747E-02 Target: 1.8000E-03 converged?   no component    37
  RMS step  6.0059E-03 Target: 1.2000E-03 converged?   no
  Max grad  3.9219E-04 Target: 4.5000E-04 converged?  yes component    54
  RMS grad  9.0753E-05 Target: 3.0000E-04 converged?  yes
Next calculation will be the dimer endpoint before rotation
dl-find/turbomole/=============================== Tstep:  128.5 Ttot:64786.1 ==
eandg
Spin: 
 Energy calculation finished, energy: -2.138683740E+03
Curvature at dimer midpoint                   -0.00294
Predicted dimer rotation angle:      3.091 deg
Next calculation will be the dimer endpoint after rotation
dl-find/turbomole/=============================== Tstep:  112.7 Ttot:64898.9 ==
eandg
Spin: 
 Energy calculation finished, energy: -2.138683740E+03
Curvature at dimer midpoint after rotation    -0.00225
Curvature at dimer minimum                    -0.00294
Actual dimer rotation angle:         0.073 deg
Dimer rotation converged after    1 steps
Writing TS-mode
Curvature after dimer rotation:               -0.00294
Frequency of transition mode  -278.953 cm^-1 (negative value denotes imaginary frequency)
Crossover temperature for tunnelling       63.87703 K
Restarting L-BFGS optimiser, instance: dimer rotation
Next calculation will be the dimer  midpoint
dl-find/turbomole/=============================== Tstep:   75.4 Ttot:64974.3 ==
eandg
Spin: 
 Energy calculation finished, energy: -2.138683755E+03
Testing convergence of dimer midpoint in cycle  187
    Energy  1.4520E-05 Target: 1.0000E-06 converged?   no
  Max step  5.8208E-02 Target: 1.8000E-03 converged?   no component    37
  RMS step  1.1965E-02 Target: 1.2000E-03 converged?   no
  Max grad  5.9179E-04 Target: 4.5000E-04 converged?   no component    66
  RMS grad  1.4868E-04 Target: 3.0000E-04 converged?  yes
Next calculation will be the dimer endpoint before rotation
dl-find/turbomole/=============================== Tstep:  130.9 Ttot:65105.2 ==
eandg
Spin: 
 Energy calculation finished, energy: -2.138683754E+03
Curvature at dimer midpoint                   -0.00286
Predicted dimer rotation angle:      2.601 deg
Next calculation will be the dimer endpoint after rotation
dl-find/turbomole/=============================== Tstep:  113.0 Ttot:65218.2 ==
eandg
Spin: 
 Energy calculation finished, energy: -2.138683754E+03
Curvature at dimer midpoint after rotation    -0.00262
Curvature at dimer minimum                    -0.00286
Actual dimer rotation angle:         0.118 deg
Dimer rotation converged after    1 steps
Writing TS-mode
Curvature after dimer rotation:               -0.00286
Frequency of transition mode  -274.938 cm^-1 (negative value denotes imaginary frequency)
Crossover temperature for tunnelling       62.95765 K
Restarting L-BFGS optimiser, instance: dimer rotation
Next calculation will be the dimer  midpoint
dl-find/turbomole/=============================== Tstep:   79.2 Ttot:65297.4 ==
eandg
Spin: 
 Energy calculation finished, energy: -2.138683764E+03
Testing convergence of dimer midpoint in cycle  188
    Energy  9.1820E-06 Target: 1.0000E-06 converged?   no
  Max step  7.2263E-03 Target: 1.8000E-03 converged?   no component    15
  RMS step  1.9123E-03 Target: 1.2000E-03 converged?   no
  Max grad  2.7564E-04 Target: 4.5000E-04 converged?  yes component    88
  RMS grad  6.8429E-05 Target: 3.0000E-04 converged?  yes
Next calculation will be the dimer endpoint before rotation
dl-find/turbomole/=============================== Tstep:  129.1 Ttot:65426.6 ==
eandg
Spin: 
 Energy calculation finished, energy: -2.138683763E+03
Curvature at dimer midpoint                   -0.00285
Predicted dimer rotation angle:      3.497 deg
Next calculation will be the dimer endpoint after rotation
dl-find/turbomole/=============================== Tstep:  115.6 Ttot:65542.2 ==
eandg
Spin: 
 Energy calculation finished, energy: -2.138683764E+03
Curvature at dimer midpoint after rotation    -0.00179
Curvature at dimer minimum                    -0.00285
Actual dimer rotation angle:         0.068 deg
Dimer rotation converged after    1 steps
Writing TS-mode
Curvature after dimer rotation:               -0.00285
Frequency of transition mode  -274.338 cm^-1 (negative value denotes imaginary frequency)
Crossover temperature for tunnelling       62.82024 K
Restarting L-BFGS optimiser, instance: dimer rotation
Next calculation will be the dimer  midpoint
dl-find/turbomole/=============================== Tstep:   69.4 Ttot:65611.6 ==
eandg
Spin: 
 Energy calculation finished, energy: -2.138683778E+03
Testing convergence of dimer midpoint in cycle  189
    Energy  1.3438E-05 Target: 1.0000E-06 converged?   no
  Max step  8.1793E-03 Target: 1.8000E-03 converged?   no component    34
  RMS step  2.2686E-03 Target: 1.2000E-03 converged?   no
  Max grad  1.8460E-04 Target: 4.5000E-04 converged?  yes component   248
  RMS grad  5.9521E-05 Target: 3.0000E-04 converged?  yes
Next calculation will be the dimer endpoint before rotation
dl-find/turbomole/=============================== Tstep:  128.2 Ttot:65739.8 ==
eandg
Spin: 
 Energy calculation finished, energy: -2.138683777E+03
Curvature at dimer midpoint                   -0.00285
Predicted dimer rotation angle:      2.176 deg
Next calculation will be the dimer endpoint after rotation
dl-find/turbomole/=============================== Tstep:  116.5 Ttot:65856.3 ==
eandg
Spin: 
 Energy calculation finished, energy: -2.138683777E+03
Curvature at dimer midpoint after rotation    -0.00265
Curvature at dimer minimum                    -0.00285
Actual dimer rotation angle:         0.084 deg
Dimer rotation converged after    1 steps
Writing TS-mode
Curvature after dimer rotation:               -0.00285
Frequency of transition mode  -274.270 cm^-1 (negative value denotes imaginary frequency)
Crossover temperature for tunnelling       62.80472 K
Restarting L-BFGS optimiser, instance: dimer rotation
Next calculation will be the dimer  midpoint
dl-find/turbomole/=============================== Tstep:   73.7 Ttot:65930.0 ==
eandg
Spin: 
 Energy calculation finished, energy: -2.138683787E+03
Testing convergence of dimer midpoint in cycle  190
    Energy  9.5730E-06 Target: 1.0000E-06 converged?   no
  Max step  1.9698E-02 Target: 1.8000E-03 converged?   no component    37
  RMS step  4.0597E-03 Target: 1.2000E-03 converged?   no
  Max grad  2.3507E-04 Target: 4.5000E-04 converged?  yes component   248
  RMS grad  7.1014E-05 Target: 3.0000E-04 converged?  yes
Next calculation will be the dimer endpoint before rotation
dl-find/turbomole/=============================== Tstep:  130.3 Ttot:66060.3 ==
eandg
Spin: 
 Energy calculation finished, energy: -2.138683786E+03
Curvature at dimer midpoint                   -0.00283
Predicted dimer rotation angle:      2.799 deg
Next calculation will be the dimer endpoint after rotation
dl-find/turbomole/=============================== Tstep:  112.5 Ttot:66172.8 ==
eandg
Spin: 
 Energy calculation finished, energy: -2.138683787E+03
Curvature at dimer midpoint after rotation    -0.00223
Curvature at dimer minimum                    -0.00283
Actual dimer rotation angle:         0.061 deg
Dimer rotation converged after    1 steps
Writing TS-mode
Curvature after dimer rotation:               -0.00283
Frequency of transition mode  -273.250 cm^-1 (negative value denotes imaginary frequency)
Crossover temperature for tunnelling       62.57116 K
Restarting L-BFGS optimiser, instance: dimer rotation
Next calculation will be the dimer  midpoint
dl-find/turbomole/=============================== Tstep:   80.2 Ttot:66253.1 ==
eandg
Spin: 
 Energy calculation finished, energy: -2.138683798E+03
Testing convergence of dimer midpoint in cycle  191
    Energy  1.0800E-05 Target: 1.0000E-06 converged?   no
  Max step  4.9653E-02 Target: 1.8000E-03 converged?   no component    37
  RMS step  9.6654E-03 Target: 1.2000E-03 converged?   no
  Max grad  9.9592E-04 Target: 4.5000E-04 converged?   no component    88
  RMS grad  1.3341E-04 Target: 3.0000E-04 converged?  yes
Next calculation will be the dimer endpoint before rotation
dl-find/turbomole/=============================== Tstep:  136.1 Ttot:66389.1 ==
eandg
Spin: 
 Energy calculation finished, energy: -2.138683797E+03
Curvature at dimer midpoint                   -0.00278
Predicted dimer rotation angle:      2.586 deg
Next calculation will be the dimer endpoint after rotation
dl-find/turbomole/=============================== Tstep:  116.5 Ttot:66505.6 ==
eandg
Spin: 
 Energy calculation finished, energy: -2.138683797E+03
Curvature at dimer midpoint after rotation    -0.00251
Curvature at dimer minimum                    -0.00278
Actual dimer rotation angle:         0.098 deg
Dimer rotation converged after    1 steps
Writing TS-mode
Curvature after dimer rotation:               -0.00278
Frequency of transition mode  -271.210 cm^-1 (negative value denotes imaginary frequency)
Crossover temperature for tunnelling       62.10396 K
Restarting L-BFGS optimiser, instance: dimer rotation
Next calculation will be the dimer  midpoint
dl-find/turbomole/=============================== Tstep:   73.5 Ttot:66579.1 ==
eandg
Spin: 
 Energy calculation finished, energy: -2.138683817E+03
Testing convergence of dimer midpoint in cycle  192
    Energy  1.9200E-05 Target: 1.0000E-06 converged?   no
  Max step  5.0670E-02 Target: 1.8000E-03 converged?   no component    37
  RMS step  9.8363E-03 Target: 1.2000E-03 converged?   no
  Max grad  2.6621E-04 Target: 4.5000E-04 converged?  yes component    84
  RMS grad  8.3663E-05 Target: 3.0000E-04 converged?  yes
Next calculation will be the dimer endpoint before rotation
dl-find/turbomole/=============================== Tstep:  133.2 Ttot:66712.3 ==
eandg
Spin: 
 Energy calculation finished, energy: -2.138683815E+03
Curvature at dimer midpoint                   -0.00274
Predicted dimer rotation angle:      3.284 deg
Next calculation will be the dimer endpoint after rotation
dl-find/turbomole/=============================== Tstep:  112.6 Ttot:66824.9 ==
eandg
Spin: 
 Energy calculation finished, energy: -2.138683816E+03
Curvature at dimer midpoint after rotation    -0.00199
Curvature at dimer minimum                    -0.00274
Actual dimer rotation angle:         0.076 deg
Dimer rotation converged after    1 steps
Writing TS-mode
Curvature after dimer rotation:               -0.00274
Frequency of transition mode  -268.895 cm^-1 (negative value denotes imaginary frequency)
Crossover temperature for tunnelling       61.57388 K
Restarting L-BFGS optimiser, instance: dimer rotation
Next calculation will be the dimer  midpoint
dl-find/turbomole/=============================== Tstep:   86.9 Ttot:66911.8 ==
eandg
Spin: 
 Energy calculation finished, energy: -2.138683838E+03
Testing convergence of dimer midpoint in cycle  193
    Energy  2.1083E-05 Target: 1.0000E-06 converged?   no
  Max step  1.8762E-02 Target: 1.8000E-03 converged?   no component    37
  RMS step  3.6988E-03 Target: 1.2000E-03 converged?   no
  Max grad  1.8880E-04 Target: 4.5000E-04 converged?  yes component    20
  RMS grad  6.0254E-05 Target: 3.0000E-04 converged?  yes
Next calculation will be the dimer endpoint before rotation
dl-find/turbomole/=============================== Tstep:  116.7 Ttot:67028.5 ==
eandg
Spin: 
 Energy calculation finished, energy: -2.138683837E+03
Curvature at dimer midpoint                   -0.00272
Predicted dimer rotation angle:      2.870 deg
Next calculation will be the dimer endpoint after rotation
dl-find/turbomole/=============================== Tstep:  117.3 Ttot:67145.7 ==
eandg
Spin: 
 Energy calculation finished, energy: -2.138683837E+03
Curvature at dimer midpoint after rotation    -0.00234
Curvature at dimer minimum                    -0.00272
Actual dimer rotation angle:         0.095 deg
Dimer rotation converged after    1 steps
Writing TS-mode
Curvature after dimer rotation:               -0.00272
Frequency of transition mode  -268.209 cm^-1 (negative value denotes imaginary frequency)
Crossover temperature for tunnelling       61.41685 K
Restarting L-BFGS optimiser, instance: dimer rotation
Next calculation will be the dimer  midpoint
dl-find/turbomole/=============================== Tstep:   63.6 Ttot:67209.3 ==
eandg
Spin: 
 Energy calculation finished, energy: -2.138683845E+03
Testing convergence of dimer midpoint in cycle  194
    Energy  6.5470E-06 Target: 1.0000E-06 converged?   no
  Max step  3.2288E-02 Target: 1.8000E-03 converged?   no component    37
  RMS step  6.0623E-03 Target: 1.2000E-03 converged?   no
  Max grad  3.6118E-04 Target: 4.5000E-04 converged?  yes component    88
  RMS grad  8.3951E-05 Target: 3.0000E-04 converged?  yes
Next calculation will be the dimer endpoint before rotation
dl-find/turbomole/=============================== Tstep:  127.4 Ttot:67336.8 ==
eandg
Spin: 
 Energy calculation finished, energy: -2.138683843E+03
Curvature at dimer midpoint                   -0.00272
Predicted dimer rotation angle:      3.338 deg
Next calculation will be the dimer endpoint after rotation
dl-find/turbomole/=============================== Tstep:  116.2 Ttot:67453.0 ==
eandg
Spin: 
 Energy calculation finished, energy: -2.138683843E+03
Curvature at dimer midpoint after rotation    -0.00191
Curvature at dimer minimum                    -0.00272
Actual dimer rotation angle:         0.073 deg
Dimer rotation converged after    1 steps
Writing TS-mode
Curvature after dimer rotation:               -0.00272
Frequency of transition mode  -267.886 cm^-1 (negative value denotes imaginary frequency)
Crossover temperature for tunnelling       61.34281 K
Restarting L-BFGS optimiser, instance: dimer rotation
Next calculation will be the dimer  midpoint
dl-find/turbomole/=============================== Tstep:   84.4 Ttot:67537.4 ==
eandg
Spin: 
 Energy calculation finished, energy: -2.138683788E+03
Testing convergence of dimer midpoint in cycle  195
    Energy  5.7065E-05 Target: 1.0000E-06 converged?   no
  Max step  3.8179E-02 Target: 1.8000E-03 converged?   no component    37
  RMS step  7.1500E-03 Target: 1.2000E-03 converged?   no
  Max grad  6.6929E-04 Target: 4.5000E-04 converged?   no component    78
  RMS grad  1.3470E-04 Target: 3.0000E-04 converged?  yes
Next calculation will be the dimer endpoint before rotation
dl-find/turbomole/=============================== Tstep:  136.2 Ttot:67673.6 ==
eandg
Spin: 
 Energy calculation finished, energy: -2.138683787E+03
Curvature at dimer midpoint                   -0.00267
Predicted dimer rotation angle:      3.719 deg
Next calculation will be the dimer endpoint after rotation
dl-find/turbomole/=============================== Tstep:  113.2 Ttot:67786.8 ==
eandg
Spin: 
 Energy calculation finished, energy: -2.138683786E+03
Curvature at dimer midpoint after rotation    -0.00195
Curvature at dimer minimum                    -0.00267
Actual dimer rotation angle:         0.110 deg
Dimer rotation converged after    1 steps
Writing TS-mode
Curvature after dimer rotation:               -0.00267
Frequency of transition mode  -265.765 cm^-1 (negative value denotes imaginary frequency)
Crossover temperature for tunnelling       60.85723 K
Restarting L-BFGS optimiser, instance: dimer rotation
Next calculation will be the dimer  midpoint
dl-find/turbomole/=============================== Tstep:   90.7 Ttot:67877.5 ==
eandg
Spin: 
 Energy calculation finished, energy: -2.138683806E+03
Testing convergence of dimer midpoint in cycle  196
    Energy  1.8025E-05 Target: 1.0000E-06 converged?   no
  Max step  2.2767E-02 Target: 1.8000E-03 converged?   no component    37
  RMS step  4.6797E-03 Target: 1.2000E-03 converged?   no
  Max grad  4.2035E-04 Target: 4.5000E-04 converged?  yes component    78
  RMS grad  1.0130E-04 Target: 3.0000E-04 converged?  yes
Next calculation will be the dimer endpoint before rotation
dl-find/turbomole/=============================== Tstep:  130.1 Ttot:68007.6 ==
eandg
Spin: 
 Energy calculation finished, energy: -2.138683804E+03
Curvature at dimer midpoint                   -0.00265
Predicted dimer rotation angle:      3.529 deg
Next calculation will be the dimer endpoint after rotation
dl-find/turbomole/=============================== Tstep:  116.1 Ttot:68123.7 ==
eandg
Spin: 
 Energy calculation finished, energy: -2.138683804E+03
Curvature at dimer midpoint after rotation    -0.00190
Curvature at dimer minimum                    -0.00265
Actual dimer rotation angle:         0.091 deg
Dimer rotation converged after    1 steps
Writing TS-mode
Curvature after dimer rotation:               -0.00265
Frequency of transition mode  -264.416 cm^-1 (negative value denotes imaginary frequency)
Crossover temperature for tunnelling       60.54813 K
Restarting L-BFGS optimiser, instance: dimer rotation
Next calculation will be the dimer  midpoint
dl-find/turbomole/=============================== Tstep:   80.7 Ttot:68204.4 ==
eandg
Spin: 
 Energy calculation finished, energy: -2.138683812E+03
Testing convergence of dimer midpoint in cycle  197
    Energy  6.2950E-06 Target: 1.0000E-06 converged?   no
  Max step  5.0766E-02 Target: 1.8000E-03 converged?   no component    37
  RMS step  1.1087E-02 Target: 1.2000E-03 converged?   no
  Max grad  2.7179E-04 Target: 4.5000E-04 converged?  yes component    43
  RMS grad  9.0637E-05 Target: 3.0000E-04 converged?  yes
Next calculation will be the dimer endpoint before rotation
dl-find/turbomole/=============================== Tstep:  126.9 Ttot:68331.3 ==
eandg
Spin: 
 Energy calculation finished, energy: -2.138683810E+03
Curvature at dimer midpoint                   -0.00261
Predicted dimer rotation angle:      3.945 deg
Next calculation will be the dimer endpoint after rotation
dl-find/turbomole/=============================== Tstep:  113.8 Ttot:68445.1 ==
eandg
Spin: 
 Energy calculation finished, energy: -2.138683810E+03
Curvature at dimer midpoint after rotation    -0.00147
Curvature at dimer minimum                    -0.00261
Actual dimer rotation angle:         0.082 deg
Dimer rotation converged after    1 steps
Writing TS-mode
Curvature after dimer rotation:               -0.00261
Frequency of transition mode  -262.640 cm^-1 (negative value denotes imaginary frequency)
Crossover temperature for tunnelling       60.14151 K
Restarting L-BFGS optimiser, instance: dimer rotation
Next calculation will be the dimer  midpoint
dl-find/turbomole/=============================== Tstep:   89.4 Ttot:68534.5 ==
eandg
Spin: 
 Energy calculation finished, energy: -2.138683835E+03
Testing convergence of dimer midpoint in cycle  198
    Energy  2.2821E-05 Target: 1.0000E-06 converged?   no
  Max step  5.3458E-02 Target: 1.8000E-03 converged?   no component    37
  RMS step  1.0716E-02 Target: 1.2000E-03 converged?   no
  Max grad  3.8818E-04 Target: 4.5000E-04 converged?  yes component    74
  RMS grad  1.1813E-04 Target: 3.0000E-04 converged?  yes
Next calculation will be the dimer endpoint before rotation
dl-find/turbomole/=============================== Tstep:  133.1 Ttot:68667.6 ==
eandg
Spin: 
 Energy calculation finished, energy: -2.138683833E+03
Curvature at dimer midpoint                   -0.00256
Predicted dimer rotation angle:      3.328 deg
Next calculation will be the dimer endpoint after rotation
dl-find/turbomole/=============================== Tstep:  116.1 Ttot:68783.7 ==
eandg
Spin: 
 Energy calculation finished, energy: -2.138683833E+03
Curvature at dimer midpoint after rotation    -0.00221
Curvature at dimer minimum                    -0.00256
Actual dimer rotation angle:         0.148 deg
Dimer rotation converged after    1 steps
Writing TS-mode
Curvature after dimer rotation:               -0.00256
Frequency of transition mode  -260.243 cm^-1 (negative value denotes imaginary frequency)
Crossover temperature for tunnelling       59.59261 K
Restarting L-BFGS optimiser, instance: dimer rotation
Next calculation will be the dimer  midpoint
dl-find/turbomole/=============================== Tstep:   90.3 Ttot:68874.0 ==
eandg
Spin: 
 Energy calculation finished, energy: -2.138683851E+03
Testing convergence of dimer midpoint in cycle  199
    Energy  1.6292E-05 Target: 1.0000E-06 converged?   no
  Max step  1.0043E-02 Target: 1.8000E-03 converged?   no component    37
  RMS step  2.3778E-03 Target: 1.2000E-03 converged?   no
  Max grad  2.7571E-04 Target: 4.5000E-04 converged?  yes component   106
  RMS grad  9.0882E-05 Target: 3.0000E-04 converged?  yes
Next calculation will be the dimer endpoint before rotation
dl-find/turbomole/=============================== Tstep:  125.8 Ttot:68999.9 ==
eandg
Spin: 
 Energy calculation finished, energy: -2.138683849E+03
Curvature at dimer midpoint                   -0.00257
Predicted dimer rotation angle:      4.538 deg
Next calculation will be the dimer endpoint after rotation
dl-find/turbomole/=============================== Tstep:  115.8 Ttot:69115.7 ==
eandg
Spin: 
 Energy calculation finished, energy: -2.138683849E+03
Curvature at dimer midpoint after rotation    -0.00066
Curvature at dimer minimum                    -0.00257
Actual dimer rotation angle:         0.074 deg
Dimer rotation converged after    1 steps
Writing TS-mode
Curvature after dimer rotation:               -0.00257
Frequency of transition mode  -260.573 cm^-1 (negative value denotes imaginary frequency)
Crossover temperature for tunnelling       59.66823 K
Restarting L-BFGS optimiser, instance: dimer rotation
Next calculation will be the dimer  midpoint
dl-find/turbomole/=============================== Tstep:   89.8 Ttot:69205.4 ==
eandg
Spin: 
 Energy calculation finished, energy: -2.138683885E+03
Testing convergence of dimer midpoint in cycle  200
    Energy  3.3314E-05 Target: 1.0000E-06 converged?   no
  Max step  5.7397E-02 Target: 1.8000E-03 converged?   no component    37
  RMS step  1.1963E-02 Target: 1.2000E-03 converged?   no
  Max grad  3.1670E-04 Target: 4.5000E-04 converged?  yes component   248
  RMS grad  9.4344E-05 Target: 3.0000E-04 converged?  yes
Next calculation will be the dimer endpoint before rotation
dl-find/turbomole/=============================== Tstep:  131.0 Ttot:69336.5 ==
eandg
Spin: 
 Energy calculation finished, energy: -2.138683882E+03
Curvature at dimer midpoint                   -0.00259
Predicted dimer rotation angle:      3.358 deg
Next calculation will be the dimer endpoint after rotation
dl-find/turbomole/=============================== Tstep:  115.3 Ttot:69451.8 ==
eandg
Spin: 
 Energy calculation finished, energy: -2.138683882E+03
Curvature at dimer midpoint after rotation    -0.00191
Curvature at dimer minimum                    -0.00259
Actual dimer rotation angle:         0.083 deg
Dimer rotation converged after    1 steps
Writing TS-mode
Curvature after dimer rotation:               -0.00259
Frequency of transition mode  -261.636 cm^-1 (negative value denotes imaginary frequency)
Crossover temperature for tunnelling       59.91152 K
Restarting L-BFGS optimiser, instance: dimer rotation
Next calculation will be the dimer  midpoint
dl-find/turbomole/=============================== Tstep:   88.3 Ttot:69540.1 ==
eandg
Spin: 
 Energy calculation finished, energy: -2.138683899E+03
Testing convergence of dimer midpoint in cycle  201
    Energy  1.4558E-05 Target: 1.0000E-06 converged?   no
  Max step  3.8804E-02 Target: 1.8000E-03 converged?   no component    37
  RMS step  7.8308E-03 Target: 1.2000E-03 converged?   no
  Max grad  7.6291E-04 Target: 4.5000E-04 converged?   no component   154
  RMS grad  1.2956E-04 Target: 3.0000E-04 converged?  yes
Next calculation will be the dimer endpoint before rotation
dl-find/turbomole/=============================== Tstep:  128.4 Ttot:69668.4 ==
eandg
Spin: 
 Energy calculation finished, energy: -2.138683900E+03
Curvature at dimer midpoint                   -0.00251
Predicted dimer rotation angle:     17.671 deg
Next calculation will be the dimer endpoint after rotation
dl-find/turbomole/=============================== Tstep:  116.5 Ttot:69784.9 ==
eandg
Spin: 
 Energy calculation finished, energy: -2.138683897E+03
Curvature at dimer midpoint after rotation     0.00845
Curvature at dimer minimum                    -0.00253
Actual dimer rotation angle:         0.783 deg
Dimer rotation converged after    1 steps
Writing TS-mode
Curvature after dimer rotation:               -0.00253
Frequency of transition mode  -258.648 cm^-1 (negative value denotes imaginary frequency)
Crossover temperature for tunnelling       59.22744 K
Restarting L-BFGS optimiser, instance: dimer rotation
Next calculation will be the dimer  midpoint
dl-find/turbomole/=============================== Tstep:   97.2 Ttot:69882.1 ==
eandg
Spin: 
 Energy calculation finished, energy: -2.138683917E+03
Testing convergence of dimer midpoint in cycle  202
    Energy  1.7989E-05 Target: 1.0000E-06 converged?   no
  Max step  2.7765E-02 Target: 1.8000E-03 converged?   no component    37
  RMS step  5.5173E-03 Target: 1.2000E-03 converged?   no
  Max grad  5.0693E-04 Target: 4.5000E-04 converged?   no component   154
  RMS grad  1.0420E-04 Target: 3.0000E-04 converged?  yes
Next calculation will be the dimer endpoint before rotation
dl-find/turbomole/=============================== Tstep:  119.7 Ttot:70001.8 ==
eandg
Spin: 
 Energy calculation finished, energy: -2.138683915E+03
Curvature at dimer midpoint                   -0.00263
Predicted dimer rotation angle:     22.186 deg
Next calculation will be the dimer endpoint after rotation
dl-find/turbomole/=============================== Tstep:  116.4 Ttot:70118.2 ==
eandg
Spin: 
 Energy calculation finished, energy: -2.138683912E+03
Curvature at dimer midpoint after rotation     0.04873
Curvature at dimer minimum                    -0.00265
Actual dimer rotation angle:         0.396 deg
Dimer rotation converged after    1 steps
Writing TS-mode
Curvature after dimer rotation:               -0.00265
Frequency of transition mode  -264.692 cm^-1 (negative value denotes imaginary frequency)
Crossover temperature for tunnelling       60.61152 K
Restarting L-BFGS optimiser, instance: dimer rotation
Next calculation will be the dimer  midpoint
dl-find/turbomole/=============================== Tstep:   99.4 Ttot:70217.6 ==
eandg
Spin: 
 Energy calculation finished, energy: -2.138683842E+03
Testing convergence of dimer midpoint in cycle  203
    Energy  7.5061E-05 Target: 1.0000E-06 converged?   no
  Max step  1.0302E-01 Target: 1.8000E-03 converged?   no component    37
  RMS step  2.0252E-02 Target: 1.2000E-03 converged?   no
  Max grad  5.7117E-04 Target: 4.5000E-04 converged?   no component    48
  RMS grad  1.3270E-04 Target: 3.0000E-04 converged?  yes
Next calculation will be the dimer endpoint before rotation
dl-find/turbomole/=============================== Tstep:  137.0 Ttot:70354.6 ==
eandg
Spin: 
 Energy calculation finished, energy: -2.138683841E+03
Curvature at dimer midpoint                   -0.00276
Predicted dimer rotation angle:      6.873 deg
Next calculation will be the dimer endpoint after rotation
dl-find/turbomole/=============================== Tstep:  117.0 Ttot:70471.6 ==
eandg
Spin: 
 Energy calculation finished, energy: -2.138683841E+03
Curvature at dimer midpoint after rotation    -0.00051
Curvature at dimer minimum                    -0.00276
Actual dimer rotation angle:         0.230 deg
Dimer rotation converged after    1 steps
Writing TS-mode
Curvature after dimer rotation:               -0.00276
Frequency of transition mode  -270.205 cm^-1 (negative value denotes imaginary frequency)
Crossover temperature for tunnelling       61.87386 K
Restarting L-BFGS optimiser, instance: dimer rotation
Next calculation will be the dimer  midpoint
dl-find/turbomole/=============================== Tstep:   91.1 Ttot:70562.7 ==
eandg
Spin: 
 Energy calculation finished, energy: -2.138683840E+03
Testing convergence of dimer midpoint in cycle  204
    Energy  1.8380E-06 Target: 1.0000E-06 converged?   no
  Max step  2.5039E-02 Target: 1.8000E-03 converged?   no component    40
  RMS step  5.7293E-03 Target: 1.2000E-03 converged?   no
  Max grad  1.0266E-03 Target: 4.5000E-04 converged?   no component   154
  RMS grad  1.6745E-04 Target: 3.0000E-04 converged?  yes
Next calculation will be the dimer endpoint before rotation
dl-find/turbomole/=============================== Tstep:  127.6 Ttot:70690.3 ==
eandg
Spin: 
 Energy calculation finished, energy: -2.138683839E+03
Curvature at dimer midpoint                   -0.00285
Predicted dimer rotation angle:      4.778 deg
Next calculation will be the dimer endpoint after rotation
dl-find/turbomole/=============================== Tstep:  116.7 Ttot:70807.0 ==
eandg
Spin: 
 Energy calculation finished, energy: -2.138683839E+03
Curvature at dimer midpoint after rotation    -0.00164
Curvature at dimer minimum                    -0.00285
Actual dimer rotation angle:         0.148 deg
Dimer rotation converged after    1 steps
Writing TS-mode
Curvature after dimer rotation:               -0.00285
Frequency of transition mode  -274.347 cm^-1 (negative value denotes imaginary frequency)
Crossover temperature for tunnelling       62.82239 K
Restarting L-BFGS optimiser, instance: dimer rotation
Next calculation will be the dimer  midpoint
dl-find/turbomole/=============================== Tstep:   89.9 Ttot:70896.9 ==
eandg
Spin: 
 Energy calculation finished, energy: -2.138683847E+03
Testing convergence of dimer midpoint in cycle  205
    Energy  6.9140E-06 Target: 1.0000E-06 converged?   no
  Max step  2.7176E-02 Target: 1.8000E-03 converged?   no component    37
  RMS step  5.3852E-03 Target: 1.2000E-03 converged?   no
  Max grad  4.2345E-04 Target: 4.5000E-04 converged?  yes component   154
  RMS grad  8.8050E-05 Target: 3.0000E-04 converged?  yes
Next calculation will be the dimer endpoint before rotation
dl-find/turbomole/=============================== Tstep:  119.5 Ttot:71016.4 ==
eandg
Spin: 
 Energy calculation finished, energy: -2.138683849E+03
Curvature at dimer midpoint                   -0.00284
Predicted dimer rotation angle:      4.075 deg
Next calculation will be the dimer endpoint after rotation
dl-find/turbomole/=============================== Tstep:  117.6 Ttot:71134.1 ==
eandg
Spin: 
 Energy calculation finished, energy: -2.138683849E+03
Curvature at dimer midpoint after rotation    -0.00195
Curvature at dimer minimum                    -0.00284
Actual dimer rotation angle:         0.124 deg
Dimer rotation converged after    1 steps
Writing TS-mode
Curvature after dimer rotation:               -0.00284
Frequency of transition mode  -273.892 cm^-1 (negative value denotes imaginary frequency)
Crossover temperature for tunnelling       62.71818 K
Restarting L-BFGS optimiser, instance: dimer rotation
Next calculation will be the dimer  midpoint
dl-find/turbomole/=============================== Tstep:   80.3 Ttot:71214.4 ==
eandg
Spin: 
 Energy calculation finished, energy: -2.138683858E+03
Testing convergence of dimer midpoint in cycle  206
    Energy  1.1247E-05 Target: 1.0000E-06 converged?   no
  Max step  1.4737E-02 Target: 1.8000E-03 converged?   no component    37
  RMS step  3.7670E-03 Target: 1.2000E-03 converged?   no
  Max grad  1.8245E-04 Target: 4.5000E-04 converged?  yes component   154
  RMS grad  6.4658E-05 Target: 3.0000E-04 converged?  yes
Next calculation will be the dimer endpoint before rotation
dl-find/turbomole/=============================== Tstep:  127.2 Ttot:71341.6 ==
eandg
Spin: 
 Energy calculation finished, energy: -2.138683858E+03
Curvature at dimer midpoint                   -0.00281
Predicted dimer rotation angle:      3.818 deg
Next calculation will be the dimer endpoint after rotation
dl-find/turbomole/=============================== Tstep:  113.4 Ttot:71455.0 ==
eandg
Spin: 
 Energy calculation finished, energy: -2.138683858E+03
Curvature at dimer midpoint after rotation    -0.00183
Curvature at dimer minimum                    -0.00281
Actual dimer rotation angle:         0.093 deg
Dimer rotation converged after    1 steps
Writing TS-mode
Curvature after dimer rotation:               -0.00281
Frequency of transition mode  -272.286 cm^-1 (negative value denotes imaginary frequency)
Crossover temperature for tunnelling       62.35033 K
Restarting L-BFGS optimiser, instance: dimer rotation
Next calculation will be the dimer  midpoint
dl-find/turbomole/=============================== Tstep:   88.9 Ttot:71543.9 ==
eandg
Spin: 
 Energy calculation finished, energy: -2.138683868E+03
Testing convergence of dimer midpoint in cycle  207
    Energy  9.4620E-06 Target: 1.0000E-06 converged?   no
  Max step  3.8658E-02 Target: 1.8000E-03 converged?   no component    37
  RMS step  8.1101E-03 Target: 1.2000E-03 converged?   no
  Max grad  3.8896E-04 Target: 4.5000E-04 converged?  yes component   154
  RMS grad  9.3915E-05 Target: 3.0000E-04 converged?  yes
Next calculation will be the dimer endpoint before rotation
dl-find/turbomole/=============================== Tstep:  125.8 Ttot:71669.7 ==
eandg
Spin: 
 Energy calculation finished, energy: -2.138683868E+03
Curvature at dimer midpoint                   -0.00282
Predicted dimer rotation angle:      3.480 deg
Next calculation will be the dimer endpoint after rotation
dl-find/turbomole/=============================== Tstep:  117.6 Ttot:71787.4 ==
eandg
Spin: 
 Energy calculation finished, energy: -2.138683868E+03
Curvature at dimer midpoint after rotation    -0.00210
Curvature at dimer minimum                    -0.00282
Actual dimer rotation angle:         0.096 deg
Dimer rotation converged after    1 steps
Writing TS-mode
Curvature after dimer rotation:               -0.00282
Frequency of transition mode  -273.101 cm^-1 (negative value denotes imaginary frequency)
Crossover temperature for tunnelling       62.53692 K
Restarting L-BFGS optimiser, instance: dimer rotation
Next calculation will be the dimer  midpoint
dl-find/turbomole/=============================== Tstep:   88.1 Ttot:71875.5 ==
eandg
Spin: 
 Energy calculation finished, energy: -2.138683888E+03
Testing convergence of dimer midpoint in cycle  208
    Energy  1.9903E-05 Target: 1.0000E-06 converged?   no
  Max step  8.9073E-02 Target: 1.8000E-03 converged?   no component    37
  RMS step  1.7513E-02 Target: 1.2000E-03 converged?   no
  Max grad  1.0800E-03 Target: 4.5000E-04 converged?   no component   154
  RMS grad  1.3430E-04 Target: 3.0000E-04 converged?  yes
Next calculation will be the dimer endpoint before rotation
dl-find/turbomole/=============================== Tstep:  121.8 Ttot:71997.2 ==
eandg
Spin: 
 Energy calculation finished, energy: -2.138683887E+03
Curvature at dimer midpoint                   -0.00283
Predicted dimer rotation angle:      3.629 deg
Next calculation will be the dimer endpoint after rotation
dl-find/turbomole/=============================== Tstep:  112.8 Ttot:72110.0 ==
eandg
Spin: 
 Energy calculation finished, energy: -2.138683887E+03
Curvature at dimer midpoint after rotation    -0.00230
Curvature at dimer minimum                    -0.00283
Actual dimer rotation angle:         0.144 deg
Dimer rotation converged after    1 steps
Writing TS-mode
Curvature after dimer rotation:               -0.00283
Frequency of transition mode  -273.620 cm^-1 (negative value denotes imaginary frequency)
Crossover temperature for tunnelling       62.65577 K
Restarting L-BFGS optimiser, instance: dimer rotation
Next calculation will be the dimer  midpoint
dl-find/turbomole/=============================== Tstep:   90.0 Ttot:72200.0 ==
eandg
Spin: 
 Energy calculation finished, energy: -2.138684441E+03
Testing convergence of dimer midpoint in cycle  209
    Energy  5.5378E-04 Target: 1.0000E-06 converged?   no
  Max step  1.3778E-01 Target: 1.8000E-03 converged?   no component    37
  RMS step  2.6792E-02 Target: 1.2000E-03 converged?   no
  Max grad  9.0777E-04 Target: 4.5000E-04 converged?   no component   246
  RMS grad  1.7197E-04 Target: 3.0000E-04 converged?  yes
Next calculation will be the dimer endpoint before rotation
dl-find/turbomole/=============================== Tstep:  143.0 Ttot:72343.0 ==
eandg
Spin: 
 Energy calculation finished, energy: -2.138684441E+03
Curvature at dimer midpoint                   -0.00295
Predicted dimer rotation angle:      5.990 deg
Next calculation will be the dimer endpoint after rotation
dl-find/turbomole/=============================== Tstep:  115.9 Ttot:72458.9 ==
eandg
Spin: 
 Energy calculation finished, energy: -2.138684441E+03
Curvature at dimer midpoint after rotation    -0.00044
Curvature at dimer minimum                    -0.00295
Actual dimer rotation angle:         0.148 deg
Dimer rotation converged after    1 steps
Writing TS-mode
Curvature after dimer rotation:               -0.00295
Frequency of transition mode  -279.259 cm^-1 (negative value denotes imaginary frequency)
Crossover temperature for tunnelling       63.94698 K
Restarting L-BFGS optimiser, instance: dimer rotation
Next calculation will be the dimer  midpoint
dl-find/turbomole/=============================== Tstep:   82.0 Ttot:72540.9 ==
eandg
Spin: 
 Energy calculation finished, energy: -2.138684465E+03
Testing convergence of dimer midpoint in cycle  210
    Energy  2.3244E-05 Target: 1.0000E-06 converged?   no
  Max step  1.1211E-02 Target: 1.8000E-03 converged?   no component    34
  RMS step  3.1408E-03 Target: 1.2000E-03 converged?   no
  Max grad  2.4276E-04 Target: 4.5000E-04 converged?  yes component    46
  RMS grad  7.9473E-05 Target: 3.0000E-04 converged?  yes
Next calculation will be the dimer endpoint before rotation
dl-find/turbomole/=============================== Tstep:  119.0 Ttot:72659.9 ==
eandg
Spin: 
 Energy calculation finished, energy: -2.138684465E+03
Curvature at dimer midpoint                   -0.00299
Predicted dimer rotation angle:      3.979 deg
Next calculation will be the dimer endpoint after rotation
dl-find/turbomole/=============================== Tstep:  112.6 Ttot:72772.4 ==
eandg
Spin: 
 Energy calculation finished, energy: -2.138684465E+03
Curvature at dimer midpoint after rotation    -0.00228
Curvature at dimer minimum                    -0.00299
Actual dimer rotation angle:         0.151 deg
Dimer rotation converged after    1 steps
Writing TS-mode
Curvature after dimer rotation:               -0.00299
Frequency of transition mode  -281.042 cm^-1 (negative value denotes imaginary frequency)
Crossover temperature for tunnelling       64.35541 K
Restarting L-BFGS optimiser, instance: dimer rotation
Next calculation will be the dimer  midpoint
dl-find/turbomole/=============================== Tstep:   90.0 Ttot:72862.4 ==
eandg
Spin: 
 Energy calculation finished, energy: -2.138684482E+03
Testing convergence of dimer midpoint in cycle  211
    Energy  1.7357E-05 Target: 1.0000E-06 converged?   no
  Max step  1.4695E-02 Target: 1.8000E-03 converged?   no component     7
  RMS step  4.0853E-03 Target: 1.2000E-03 converged?   no
  Max grad  2.6470E-04 Target: 4.5000E-04 converged?  yes component    14
  RMS grad  7.0618E-05 Target: 3.0000E-04 converged?  yes
Next calculation will be the dimer endpoint before rotation
dl-find/turbomole/=============================== Tstep:  125.2 Ttot:72987.6 ==
eandg
Spin: 
 Energy calculation finished, energy: -2.138684483E+03
Curvature at dimer midpoint                   -0.00302
Predicted dimer rotation angle:      4.324 deg
Next calculation will be the dimer endpoint after rotation
dl-find/turbomole/=============================== Tstep:  114.0 Ttot:73101.7 ==
eandg
Spin: 
 Energy calculation finished, energy: -2.138684483E+03
Curvature at dimer midpoint after rotation    -0.00149
Curvature at dimer minimum                    -0.00302
Actual dimer rotation angle:         0.093 deg
Dimer rotation converged after    1 steps
Writing TS-mode
Curvature after dimer rotation:               -0.00302
Frequency of transition mode  -282.673 cm^-1 (negative value denotes imaginary frequency)
Crossover temperature for tunnelling       64.72894 K
Restarting L-BFGS optimiser, instance: dimer rotation
Next calculation will be the dimer  midpoint
dl-find/turbomole/=============================== Tstep:   90.1 Ttot:73191.7 ==
eandg
Spin: 
 Energy calculation finished, energy: -2.138684500E+03
Testing convergence of dimer midpoint in cycle  212
    Energy  1.7572E-05 Target: 1.0000E-06 converged?   no
  Max step  2.2160E-02 Target: 1.8000E-03 converged?   no component    37
  RMS step  4.4567E-03 Target: 1.2000E-03 converged?   no
  Max grad  2.9783E-04 Target: 4.5000E-04 converged?  yes component   246
  RMS grad  8.4963E-05 Target: 3.0000E-04 converged?  yes
Next calculation will be the dimer endpoint before rotation
dl-find/turbomole/=============================== Tstep:  121.6 Ttot:73313.4 ==
eandg
Spin: 
 Energy calculation finished, energy: -2.138684500E+03
Curvature at dimer midpoint                   -0.00305
Predicted dimer rotation angle:      2.618 deg
Next calculation will be the dimer endpoint after rotation
dl-find/turbomole/=============================== Tstep:  117.7 Ttot:73431.1 ==
eandg
Spin: 
 Energy calculation finished, energy: -2.138684500E+03
Curvature at dimer midpoint after rotation    -0.00284
Curvature at dimer minimum                    -0.00305
Actual dimer rotation angle:         0.143 deg
Dimer rotation converged after    1 steps
Writing TS-mode
Curvature after dimer rotation:               -0.00305
Frequency of transition mode  -283.707 cm^-1 (negative value denotes imaginary frequency)
Crossover temperature for tunnelling       64.96558 K
Restarting L-BFGS optimiser, instance: dimer rotation
Next calculation will be the dimer  midpoint
dl-find/turbomole/=============================== Tstep:   83.6 Ttot:73514.6 ==
eandg
Spin: 
 Energy calculation finished, energy: -2.138684514E+03
Testing convergence of dimer midpoint in cycle  213
    Energy  1.4795E-05 Target: 1.0000E-06 converged?   no
  Max step  6.8809E-02 Target: 1.8000E-03 converged?   no component    34
  RMS step  1.3751E-02 Target: 1.2000E-03 converged?   no
  Max grad  5.1990E-04 Target: 4.5000E-04 converged?   no component   219
  RMS grad  1.2568E-04 Target: 3.0000E-04 converged?  yes
Next calculation will be the dimer endpoint before rotation
dl-find/turbomole/=============================== Tstep:  130.9 Ttot:73645.5 ==
eandg
Spin: 
 Energy calculation finished, energy: -2.138684516E+03
Curvature at dimer midpoint                   -0.00310
Predicted dimer rotation angle:      4.652 deg
Next calculation will be the dimer endpoint after rotation
dl-find/turbomole/=============================== Tstep:  113.8 Ttot:73759.3 ==
eandg
Spin: 
 Energy calculation finished, energy: -2.138684515E+03
Curvature at dimer midpoint after rotation    -0.00120
Curvature at dimer minimum                    -0.00310
Actual dimer rotation angle:         0.096 deg
Dimer rotation converged after    1 steps
Writing TS-mode
Curvature after dimer rotation:               -0.00310
Frequency of transition mode  -286.223 cm^-1 (negative value denotes imaginary frequency)
Crossover temperature for tunnelling       65.54181 K
Restarting L-BFGS optimiser, instance: dimer rotation
Next calculation will be the dimer  midpoint
dl-find/turbomole/=============================== Tstep:   90.8 Ttot:73850.1 ==
eandg
Spin: 
 Energy calculation finished, energy: -2.138684537E+03
Testing convergence of dimer midpoint in cycle  214
    Energy  2.2876E-05 Target: 1.0000E-06 converged?   no
  Max step  5.2650E-02 Target: 1.8000E-03 converged?   no component    37
  RMS step  1.0501E-02 Target: 1.2000E-03 converged?   no
  Max grad  2.6936E-04 Target: 4.5000E-04 converged?  yes component    59
  RMS grad  8.2785E-05 Target: 3.0000E-04 converged?  yes
Next calculation will be the dimer endpoint before rotation
dl-find/turbomole/=============================== Tstep:  119.9 Ttot:73970.0 ==
eandg
Spin: 
 Energy calculation finished, energy: -2.138684538E+03
Curvature at dimer midpoint                   -0.00311
Predicted dimer rotation angle:      2.709 deg
Next calculation will be the dimer endpoint after rotation
dl-find/turbomole/=============================== Tstep:  115.9 Ttot:74085.9 ==
eandg
Spin: 
 Energy calculation finished, energy: -2.138684539E+03
Curvature at dimer midpoint after rotation    -0.00296
Curvature at dimer minimum                    -0.00311
Actual dimer rotation angle:         0.217 deg
Dimer rotation converged after    1 steps
Writing TS-mode
Curvature after dimer rotation:               -0.00311
Frequency of transition mode  -286.782 cm^-1 (negative value denotes imaginary frequency)
Crossover temperature for tunnelling       65.66966 K
Restarting L-BFGS optimiser, instance: dimer rotation
Next calculation will be the dimer  midpoint
dl-find/turbomole/=============================== Tstep:   84.1 Ttot:74170.1 ==
eandg
Spin: 
 Energy calculation finished, energy: -2.138684545E+03
Testing convergence of dimer midpoint in cycle  215
    Energy  7.8620E-06 Target: 1.0000E-06 converged?   no
  Max step  5.2461E-02 Target: 1.8000E-03 converged?   no component    37
  RMS step  1.0503E-02 Target: 1.2000E-03 converged?   no
  Max grad  2.9510E-04 Target: 4.5000E-04 converged?  yes component   231
  RMS grad  9.0179E-05 Target: 3.0000E-04 converged?  yes
Next calculation will be the dimer endpoint before rotation
dl-find/turbomole/=============================== Tstep:  131.7 Ttot:74301.8 ==
eandg
Spin: 
 Energy calculation finished, energy: -2.138684545E+03
Curvature at dimer midpoint                   -0.00312
Predicted dimer rotation angle:      4.434 deg
Next calculation will be the dimer endpoint after rotation
dl-find/turbomole/=============================== Tstep:  117.7 Ttot:74419.5 ==
eandg
Spin: 
 Energy calculation finished, energy: -2.138684546E+03
Curvature at dimer midpoint after rotation    -0.00122
Curvature at dimer minimum                    -0.00312
Actual dimer rotation angle:         0.084 deg
Dimer rotation converged after    1 steps
Writing TS-mode
Curvature after dimer rotation:               -0.00312
Frequency of transition mode  -287.284 cm^-1 (negative value denotes imaginary frequency)
Crossover temperature for tunnelling       65.78464 K
Restarting L-BFGS optimiser, instance: dimer rotation
Next calculation will be the dimer  midpoint
dl-find/turbomole/=============================== Tstep:   91.9 Ttot:74511.5 ==
eandg
Spin: 
 Energy calculation finished, energy: -2.138684522E+03
Testing convergence of dimer midpoint in cycle  216
    Energy  2.2991E-05 Target: 1.0000E-06 converged?   no
  Max step  7.1001E-02 Target: 1.8000E-03 converged?   no component    34
  RMS step  1.4206E-02 Target: 1.2000E-03 converged?   no
  Max grad  4.8064E-04 Target: 4.5000E-04 converged?   no component   200
  RMS grad  1.1769E-04 Target: 3.0000E-04 converged?  yes
Next calculation will be the dimer endpoint before rotation
dl-find/turbomole/=============================== Tstep:  133.0 Ttot:74644.5 ==
eandg
Spin: 
 Energy calculation finished, energy: -2.138684523E+03
Curvature at dimer midpoint                   -0.00315
Predicted dimer rotation angle:      2.947 deg
Next calculation will be the dimer endpoint after rotation
dl-find/turbomole/=============================== Tstep:  117.2 Ttot:74761.6 ==
eandg
Spin: 
 Energy calculation finished, energy: -2.138684523E+03
Curvature at dimer midpoint after rotation    -0.00277
Curvature at dimer minimum                    -0.00315
Actual dimer rotation angle:         0.121 deg
Dimer rotation converged after    1 steps
Writing TS-mode
Curvature after dimer rotation:               -0.00315
Frequency of transition mode  -288.468 cm^-1 (negative value denotes imaginary frequency)
Crossover temperature for tunnelling       66.05589 K
Restarting L-BFGS optimiser, instance: dimer rotation
Next calculation will be the dimer  midpoint
dl-find/turbomole/=============================== Tstep:   74.7 Ttot:74836.3 ==
eandg
Spin: 
 Energy calculation finished, energy: -2.138684543E+03
Testing convergence of dimer midpoint in cycle  217
    Energy  2.1240E-05 Target: 1.0000E-06 converged?   no
  Max step  9.0760E-02 Target: 1.8000E-03 converged?   no component    34
  RMS step  1.7396E-02 Target: 1.2000E-03 converged?   no
  Max grad  8.8420E-04 Target: 4.5000E-04 converged?   no component   253
  RMS grad  1.9888E-04 Target: 3.0000E-04 converged?  yes
Next calculation will be the dimer endpoint before rotation
dl-find/turbomole/=============================== Tstep:  123.8 Ttot:74960.2 ==
eandg
Spin: 
 Energy calculation finished, energy: -2.138684544E+03
Curvature at dimer midpoint                   -0.00316
Predicted dimer rotation angle:      3.121 deg
Next calculation will be the dimer endpoint after rotation
dl-find/turbomole/=============================== Tstep:  117.1 Ttot:75077.3 ==
eandg
Spin: 
 Energy calculation finished, energy: -2.138684545E+03
Curvature at dimer midpoint after rotation    -0.00274
Curvature at dimer minimum                    -0.00317
Actual dimer rotation angle:         0.127 deg
Dimer rotation converged after    1 steps
Writing TS-mode
Curvature after dimer rotation:               -0.00317
Frequency of transition mode  -289.208 cm^-1 (negative value denotes imaginary frequency)
Crossover temperature for tunnelling       66.22538 K
Restarting L-BFGS optimiser, instance: dimer rotation
Next calculation will be the dimer  midpoint
dl-find/turbomole/=============================== Tstep:   57.4 Ttot:75134.6 ==
eandg
Spin: 
 Energy calculation finished, energy: -2.138684560E+03
Testing convergence of dimer midpoint in cycle  218
    Energy  1.7057E-05 Target: 1.0000E-06 converged?   no
  Max step  1.2954E-02 Target: 1.8000E-03 converged?   no component    37
  RMS step  3.0316E-03 Target: 1.2000E-03 converged?   no
  Max grad  2.7601E-04 Target: 4.5000E-04 converged?  yes component    43
  RMS grad  8.5422E-05 Target: 3.0000E-04 converged?  yes
Next calculation will be the dimer endpoint before rotation
dl-find/turbomole/=============================== Tstep:  126.6 Ttot:75261.2 ==
eandg
Spin: 
 Energy calculation finished, energy: -2.138684561E+03
Curvature at dimer midpoint                   -0.00316
Predicted dimer rotation angle:      3.260 deg
Next calculation will be the dimer endpoint after rotation
dl-find/turbomole/=============================== Tstep:  113.4 Ttot:75374.6 ==
eandg
Spin: 
 Energy calculation finished, energy: -2.138684561E+03
Curvature at dimer midpoint after rotation    -0.00237
Curvature at dimer minimum                    -0.00316
Actual dimer rotation angle:         0.081 deg
Dimer rotation converged after    1 steps
Writing TS-mode
Curvature after dimer rotation:               -0.00316
Frequency of transition mode  -289.189 cm^-1 (negative value denotes imaginary frequency)
Crossover temperature for tunnelling       66.22091 K
Restarting L-BFGS optimiser, instance: dimer rotation
Next calculation will be the dimer  midpoint
dl-find/turbomole/=============================== Tstep:   81.3 Ttot:75455.9 ==
eandg
Spin: 
 Energy calculation finished, energy: -2.138684583E+03
Testing convergence of dimer midpoint in cycle  219
    Energy  2.2746E-05 Target: 1.0000E-06 converged?   no
  Max step  1.2104E-02 Target: 1.8000E-03 converged?   no component     7
  RMS step  3.1861E-03 Target: 1.2000E-03 converged?   no
  Max grad  2.1928E-04 Target: 4.5000E-04 converged?  yes component   253
  RMS grad  7.2584E-05 Target: 3.0000E-04 converged?  yes
Next calculation will be the dimer endpoint before rotation
dl-find/turbomole/=============================== Tstep:  125.8 Ttot:75581.7 ==
eandg
Spin: 
 Energy calculation finished, energy: -2.138684584E+03
Curvature at dimer midpoint                   -0.00317
Predicted dimer rotation angle:      2.512 deg
Next calculation will be the dimer endpoint after rotation
dl-find/turbomole/=============================== Tstep:  117.7 Ttot:75699.4 ==
eandg
Spin: 
 Energy calculation finished, energy: -2.138684584E+03
Curvature at dimer midpoint after rotation    -0.00283
Curvature at dimer minimum                    -0.00317
Actual dimer rotation angle:         0.086 deg
Dimer rotation converged after    1 steps
Writing TS-mode
Curvature after dimer rotation:               -0.00317
Frequency of transition mode  -289.217 cm^-1 (negative value denotes imaginary frequency)
Crossover temperature for tunnelling       66.22727 K
Restarting L-BFGS optimiser, instance: dimer rotation
Next calculation will be the dimer  midpoint
dl-find/turbomole/=============================== Tstep:   83.3 Ttot:75782.7 ==
eandg
Spin: 
 Energy calculation finished, energy: -2.138684593E+03
Testing convergence of dimer midpoint in cycle  220
    Energy  1.0060E-05 Target: 1.0000E-06 converged?   no
  Max step  1.7336E-02 Target: 1.8000E-03 converged?   no component    34
  RMS step  3.2881E-03 Target: 1.2000E-03 converged?   no
  Max grad  3.1344E-04 Target: 4.5000E-04 converged?  yes component   253
  RMS grad  8.9705E-05 Target: 3.0000E-04 converged?  yes
Next calculation will be the dimer endpoint before rotation
dl-find/turbomole/=============================== Tstep:  125.8 Ttot:75908.5 ==
eandg
Spin: 
 Energy calculation finished, energy: -2.138684594E+03
Curvature at dimer midpoint                   -0.00316
Predicted dimer rotation angle:      2.609 deg
Next calculation will be the dimer endpoint after rotation
dl-find/turbomole/=============================== Tstep:  116.9 Ttot:76025.4 ==
eandg
Spin: 
 Energy calculation finished, energy: -2.138684594E+03
Curvature at dimer midpoint after rotation    -0.00272
Curvature at dimer minimum                    -0.00316
Actual dimer rotation angle:         0.073 deg
Dimer rotation converged after    1 steps
Writing TS-mode
Curvature after dimer rotation:               -0.00316
Frequency of transition mode  -288.880 cm^-1 (negative value denotes imaginary frequency)
Crossover temperature for tunnelling       66.15017 K
Restarting L-BFGS optimiser, instance: dimer rotation
Next calculation will be the dimer  midpoint
dl-find/turbomole/=============================== Tstep:   75.7 Ttot:76101.1 ==
eandg
Spin: 
 Energy calculation finished, energy: -2.138684613E+03
Testing convergence of dimer midpoint in cycle  221
    Energy  1.9791E-05 Target: 1.0000E-06 converged?   no
  Max step  6.1848E-02 Target: 1.8000E-03 converged?   no component    34
  RMS step  1.1084E-02 Target: 1.2000E-03 converged?   no
  Max grad  6.2410E-04 Target: 4.5000E-04 converged?   no component    43
  RMS grad  1.0698E-04 Target: 3.0000E-04 converged?  yes
Next calculation will be the dimer endpoint before rotation
dl-find/turbomole/=============================== Tstep:  129.8 Ttot:76230.9 ==
eandg
Spin: 
 Energy calculation finished, energy: -2.138684614E+03
Curvature at dimer midpoint                   -0.00313
Predicted dimer rotation angle:      2.638 deg
Next calculation will be the dimer endpoint after rotation
dl-find/turbomole/=============================== Tstep:  112.2 Ttot:76343.2 ==
eandg
Spin: 
 Energy calculation finished, energy: -2.138684614E+03
Curvature at dimer midpoint after rotation    -0.00274
Curvature at dimer minimum                    -0.00313
Actual dimer rotation angle:         0.084 deg
Dimer rotation converged after    1 steps
Writing TS-mode
Curvature after dimer rotation:               -0.00313
Frequency of transition mode  -287.735 cm^-1 (negative value denotes imaginary frequency)
Crossover temperature for tunnelling       65.88805 K
Restarting L-BFGS optimiser, instance: dimer rotation
Next calculation will be the dimer  midpoint
dl-find/turbomole/=============================== Tstep:   69.6 Ttot:76412.8 ==
eandg
Spin: 
 Energy calculation finished, energy: -2.138684630E+03
Testing convergence of dimer midpoint in cycle  222
    Energy  1.6895E-05 Target: 1.0000E-06 converged?   no
  Max step  1.5201E-01 Target: 1.8000E-03 converged?   no component    34
  RMS step  2.7554E-02 Target: 1.2000E-03 converged?   no
  Max grad  1.3535E-03 Target: 4.5000E-04 converged?   no component    82
  RMS grad  3.0615E-04 Target: 3.0000E-04 converged?   no
Next calculation will be the dimer endpoint before rotation
dl-find/turbomole/=============================== Tstep:  137.6 Ttot:76550.3 ==
eandg
Spin: 
 Energy calculation finished, energy: -2.138684630E+03
Curvature at dimer midpoint                   -0.00306
Predicted dimer rotation angle:      3.217 deg
Next calculation will be the dimer endpoint after rotation
dl-find/turbomole/=============================== Tstep:  113.6 Ttot:76663.9 ==
eandg
Spin: 
 Energy calculation finished, energy: -2.138684631E+03
Curvature at dimer midpoint after rotation    -0.00262
Curvature at dimer minimum                    -0.00306
Actual dimer rotation angle:         0.131 deg
Dimer rotation converged after    1 steps
Writing TS-mode
Curvature after dimer rotation:               -0.00306
Frequency of transition mode  -284.300 cm^-1 (negative value denotes imaginary frequency)
Crossover temperature for tunnelling       65.10138 K
Restarting L-BFGS optimiser, instance: dimer rotation
Next calculation will be the dimer  midpoint
dl-find/turbomole/=============================== Tstep:   75.1 Ttot:76739.1 ==
eandg
Spin: 
 Energy calculation finished, energy: -2.138684652E+03
Testing convergence of dimer midpoint in cycle  223
    Energy  2.1560E-05 Target: 1.0000E-06 converged?   no
  Max step  3.2811E-02 Target: 1.8000E-03 converged?   no component    34
  RMS step  5.8586E-03 Target: 1.2000E-03 converged?   no
  Max grad  2.6701E-04 Target: 4.5000E-04 converged?  yes component    58
  RMS grad  6.8571E-05 Target: 3.0000E-04 converged?  yes
Next calculation will be the dimer endpoint before rotation
dl-find/turbomole/=============================== Tstep:  131.6 Ttot:76870.7 ==
eandg
Spin: 
 Energy calculation finished, energy: -2.138684655E+03
Curvature at dimer midpoint                   -0.00312
Predicted dimer rotation angle:      4.034 deg
Next calculation will be the dimer endpoint after rotation
dl-find/turbomole/=============================== Tstep:  118.2 Ttot:76988.8 ==
eandg
Spin: 
 Energy calculation finished, energy: -2.138684654E+03
Curvature at dimer midpoint after rotation    -0.00186
Curvature at dimer minimum                    -0.00312
Actual dimer rotation angle:         0.095 deg
Dimer rotation converged after    1 steps
Writing TS-mode
Curvature after dimer rotation:               -0.00312
Frequency of transition mode  -287.157 cm^-1 (negative value denotes imaginary frequency)
Crossover temperature for tunnelling       65.75563 K
Restarting L-BFGS optimiser, instance: dimer rotation
Next calculation will be the dimer  midpoint
dl-find/turbomole/=============================== Tstep:   89.9 Ttot:77078.7 ==
eandg
Spin: 
 Energy calculation finished, energy: -2.138684659E+03
Testing convergence of dimer midpoint in cycle  224
    Energy  7.4460E-06 Target: 1.0000E-06 converged?   no
  Max step  1.8589E-02 Target: 1.8000E-03 converged?   no component    37
  RMS step  3.5392E-03 Target: 1.2000E-03 converged?   no
  Max grad  1.8777E-04 Target: 4.5000E-04 converged?  yes component    58
  RMS grad  5.8284E-05 Target: 3.0000E-04 converged?  yes
Next calculation will be the dimer endpoint before rotation
dl-find/turbomole/=============================== Tstep:  117.1 Ttot:77195.9 ==
eandg
Spin: 
 Energy calculation finished, energy: -2.138684659E+03
Curvature at dimer midpoint                   -0.00309
Predicted dimer rotation angle:      2.691 deg
Next calculation will be the dimer endpoint after rotation
dl-find/turbomole/=============================== Tstep:  116.0 Ttot:77311.9 ==
eandg
Spin: 
 Energy calculation finished, energy: -2.138684659E+03
Curvature at dimer midpoint after rotation    -0.00267
Curvature at dimer minimum                    -0.00309
Actual dimer rotation angle:         0.083 deg
Dimer rotation converged after    1 steps
Writing TS-mode
Curvature after dimer rotation:               -0.00309
Frequency of transition mode  -285.693 cm^-1 (negative value denotes imaginary frequency)
Crossover temperature for tunnelling       65.42036 K
Restarting L-BFGS optimiser, instance: dimer rotation
Next calculation will be the dimer  midpoint
dl-find/turbomole/=============================== Tstep:   88.5 Ttot:77400.3 ==
eandg
Spin: 
 Energy calculation finished, energy: -2.138684679E+03
Testing convergence of dimer midpoint in cycle  225
    Energy  2.0473E-05 Target: 1.0000E-06 converged?   no
  Max step  5.8415E-02 Target: 1.8000E-03 converged?   no component    37
  RMS step  1.0731E-02 Target: 1.2000E-03 converged?   no
  Max grad  2.8710E-04 Target: 4.5000E-04 converged?  yes component   219
  RMS grad  8.2274E-05 Target: 3.0000E-04 converged?  yes
Next calculation will be the dimer endpoint before rotation
dl-find/turbomole/=============================== Tstep:  120.2 Ttot:77520.6 ==
eandg
Spin: 
 Energy calculation finished, energy: -2.138684678E+03
Curvature at dimer midpoint                   -0.00308
Predicted dimer rotation angle:      4.103 deg
Next calculation will be the dimer endpoint after rotation
dl-find/turbomole/=============================== Tstep:  114.5 Ttot:77635.0 ==
eandg
Spin: 
 Energy calculation finished, energy: -2.138684680E+03
Curvature at dimer midpoint after rotation    -0.00236
Curvature at dimer minimum                    -0.00309
Actual dimer rotation angle:         0.166 deg
Dimer rotation converged after    1 steps
Writing TS-mode
Curvature after dimer rotation:               -0.00309
Frequency of transition mode  -285.526 cm^-1 (negative value denotes imaginary frequency)
Crossover temperature for tunnelling       65.38222 K
Restarting L-BFGS optimiser, instance: dimer rotation
Next calculation will be the dimer  midpoint
dl-find/turbomole/=============================== Tstep:   88.1 Ttot:77723.2 ==
eandg
Spin: 
 Energy calculation finished, energy: -2.138684676E+03
Testing convergence of dimer midpoint in cycle  226
    Energy  3.7690E-06 Target: 1.0000E-06 converged?   no
  Max step  7.9444E-02 Target: 1.8000E-03 converged?   no component    37
  RMS step  1.4372E-02 Target: 1.2000E-03 converged?   no
  Max grad  5.8952E-04 Target: 4.5000E-04 converged?   no component    55
  RMS grad  1.1954E-04 Target: 3.0000E-04 converged?  yes
Next calculation will be the dimer endpoint before rotation
dl-find/turbomole/=============================== Tstep:  137.3 Ttot:77860.5 ==
eandg
Spin: 
 Energy calculation finished, energy: -2.138684680E+03
Curvature at dimer midpoint                   -0.00306
Predicted dimer rotation angle:      5.596 deg
Next calculation will be the dimer endpoint after rotation
dl-find/turbomole/=============================== Tstep:  116.6 Ttot:77977.1 ==
eandg
Spin: 
 Energy calculation finished, energy: -2.138684679E+03
Curvature at dimer midpoint after rotation    -0.00099
Curvature at dimer minimum                    -0.00306
Actual dimer rotation angle:         0.151 deg
Dimer rotation converged after    1 steps
Writing TS-mode
Curvature after dimer rotation:               -0.00306
Frequency of transition mode  -284.326 cm^-1 (negative value denotes imaginary frequency)
Crossover temperature for tunnelling       65.10729 K
Restarting L-BFGS optimiser, instance: dimer rotation
Next calculation will be the dimer  midpoint
dl-find/turbomole/=============================== Tstep:   94.4 Ttot:78071.5 ==
eandg
Spin: 
 Energy calculation finished, energy: -2.138684738E+03
Testing convergence of dimer midpoint in cycle  227
    Energy  6.2684E-05 Target: 1.0000E-06 converged?   no
  Max step  1.2377E-01 Target: 1.8000E-03 converged?   no component    34
  RMS step  2.2736E-02 Target: 1.2000E-03 converged?   no
  Max grad  5.2855E-04 Target: 4.5000E-04 converged?   no component    69
  RMS grad  1.1456E-04 Target: 3.0000E-04 converged?  yes
Next calculation will be the dimer endpoint before rotation
dl-find/turbomole/=============================== Tstep:  140.6 Ttot:78212.1 ==
eandg
Spin: 
 Energy calculation finished, energy: -2.138684738E+03
Curvature at dimer midpoint                   -0.00303
Predicted dimer rotation angle:      4.891 deg
Next calculation will be the dimer endpoint after rotation
dl-find/turbomole/=============================== Tstep:  117.1 Ttot:78329.2 ==
eandg
Spin: 
 Energy calculation finished, energy: -2.138684738E+03
Curvature at dimer midpoint after rotation    -0.00136
Curvature at dimer minimum                    -0.00303
Actual dimer rotation angle:         0.124 deg
Dimer rotation converged after    1 steps
Writing TS-mode
Curvature after dimer rotation:               -0.00303
Frequency of transition mode  -283.101 cm^-1 (negative value denotes imaginary frequency)
Crossover temperature for tunnelling       64.82676 K
Restarting L-BFGS optimiser, instance: dimer rotation
Next calculation will be the dimer  midpoint
dl-find/turbomole/=============================== Tstep:   91.8 Ttot:78421.0 ==
eandg
Spin: 
 Energy calculation finished, energy: -2.138684751E+03
Testing convergence of dimer midpoint in cycle  228
    Energy  1.2519E-05 Target: 1.0000E-06 converged?   no
  Max step  1.5321E-02 Target: 1.8000E-03 converged?   no component    34
  RMS step  3.0943E-03 Target: 1.2000E-03 converged?   no
  Max grad  3.3454E-04 Target: 4.5000E-04 converged?  yes component    58
  RMS grad  7.1628E-05 Target: 3.0000E-04 converged?  yes
Next calculation will be the dimer endpoint before rotation
dl-find/turbomole/=============================== Tstep:  123.1 Ttot:78544.1 ==
eandg
Spin: 
 Energy calculation finished, energy: -2.138684750E+03
Curvature at dimer midpoint                   -0.00302
Predicted dimer rotation angle:      3.493 deg
Next calculation will be the dimer endpoint after rotation
dl-find/turbomole/=============================== Tstep:  113.7 Ttot:78657.8 ==
eandg
Spin: 
 Energy calculation finished, energy: -2.138684750E+03
Curvature at dimer midpoint after rotation    -0.00228
Curvature at dimer minimum                    -0.00302
Actual dimer rotation angle:         0.101 deg
Dimer rotation converged after    1 steps
Writing TS-mode
Curvature after dimer rotation:               -0.00302
Frequency of transition mode  -282.334 cm^-1 (negative value denotes imaginary frequency)
Crossover temperature for tunnelling       64.65119 K
Restarting L-BFGS optimiser, instance: dimer rotation
Next calculation will be the dimer  midpoint
dl-find/turbomole/=============================== Tstep:   76.6 Ttot:78734.4 ==
eandg
Spin: 
 Energy calculation finished, energy: -2.138684786E+03
Testing convergence of dimer midpoint in cycle  229
    Energy  3.5429E-05 Target: 1.0000E-06 converged?   no
  Max step  2.3433E-02 Target: 1.8000E-03 converged?   no component    34
  RMS step  4.5668E-03 Target: 1.2000E-03 converged?   no
  Max grad  3.6866E-04 Target: 4.5000E-04 converged?  yes component    69
  RMS grad  8.7344E-05 Target: 3.0000E-04 converged?  yes
Next calculation will be the dimer endpoint before rotation
dl-find/turbomole/=============================== Tstep:  128.6 Ttot:78863.0 ==
eandg
Spin: 
 Energy calculation finished, energy: -2.138684786E+03
Curvature at dimer midpoint                   -0.00299
Predicted dimer rotation angle:      3.473 deg
Next calculation will be the dimer endpoint after rotation
dl-find/turbomole/=============================== Tstep:  117.7 Ttot:78980.7 ==
eandg
Spin: 
 Energy calculation finished, energy: -2.138684786E+03
Curvature at dimer midpoint after rotation    -0.00220
Curvature at dimer minimum                    -0.00299
Actual dimer rotation angle:         0.092 deg
Dimer rotation converged after    1 steps
Writing TS-mode
Curvature after dimer rotation:               -0.00299
Frequency of transition mode  -280.994 cm^-1 (negative value denotes imaginary frequency)
Crossover temperature for tunnelling       64.34432 K
Restarting L-BFGS optimiser, instance: dimer rotation
Next calculation will be the dimer  midpoint
dl-find/turbomole/=============================== Tstep:   90.2 Ttot:79070.9 ==
eandg
Spin: 
 Energy calculation finished, energy: -2.138684833E+03
Testing convergence of dimer midpoint in cycle  230
    Energy  4.6238E-05 Target: 1.0000E-06 converged?   no
  Max step  3.5800E-02 Target: 1.8000E-03 converged?   no component    34
  RMS step  6.6675E-03 Target: 1.2000E-03 converged?   no
  Max grad  5.6049E-04 Target: 4.5000E-04 converged?   no component    69
  RMS grad  1.0586E-04 Target: 3.0000E-04 converged?  yes
Next calculation will be the dimer endpoint before rotation
dl-find/turbomole/=============================== Tstep:  127.8 Ttot:79198.7 ==
eandg
Spin: 
 Energy calculation finished, energy: -2.138684832E+03
Curvature at dimer midpoint                   -0.00297
Predicted dimer rotation angle:      3.015 deg
Next calculation will be the dimer endpoint after rotation
dl-find/turbomole/=============================== Tstep:  116.7 Ttot:79315.4 ==
eandg
Spin: 
 Energy calculation finished, energy: -2.138684832E+03
Curvature at dimer midpoint after rotation    -0.00249
Curvature at dimer minimum                    -0.00297
Actual dimer rotation angle:         0.097 deg
Dimer rotation converged after    1 steps
Writing TS-mode
Curvature after dimer rotation:               -0.00297
Frequency of transition mode  -280.206 cm^-1 (negative value denotes imaginary frequency)
Crossover temperature for tunnelling       64.16391 K
Restarting L-BFGS optimiser, instance: dimer rotation
Next calculation will be the dimer  midpoint
dl-find/turbomole/=============================== Tstep:   74.9 Ttot:79390.3 ==
eandg
Spin: 
 Energy calculation finished, energy: -2.138684838E+03
Testing convergence of dimer midpoint in cycle  231
    Energy  5.1220E-06 Target: 1.0000E-06 converged?   no
  Max step  8.7770E-02 Target: 1.8000E-03 converged?   no component    34
  RMS step  1.6523E-02 Target: 1.2000E-03 converged?   no
  Max grad  4.8547E-04 Target: 4.5000E-04 converged?   no component   251
  RMS grad  1.0872E-04 Target: 3.0000E-04 converged?  yes
Next calculation will be the dimer endpoint before rotation
dl-find/turbomole/=============================== Tstep:  133.6 Ttot:79523.9 ==
eandg
Spin: 
 Energy calculation finished, energy: -2.138684837E+03
Curvature at dimer midpoint                   -0.00293
Predicted dimer rotation angle:      3.860 deg
Next calculation will be the dimer endpoint after rotation
dl-find/turbomole/=============================== Tstep:  115.8 Ttot:79639.7 ==
eandg
Spin: 
 Energy calculation finished, energy: -2.138684838E+03
Curvature at dimer midpoint after rotation    -0.00192
Curvature at dimer minimum                    -0.00293
Actual dimer rotation angle:         0.097 deg
Dimer rotation converged after    1 steps
Writing TS-mode
Curvature after dimer rotation:               -0.00293
Frequency of transition mode  -278.331 cm^-1 (negative value denotes imaginary frequency)
Crossover temperature for tunnelling       63.73452 K
Restarting L-BFGS optimiser, instance: dimer rotation
Next calculation will be the dimer  midpoint
dl-find/turbomole/=============================== Tstep:   76.9 Ttot:79716.6 ==
eandg
Spin: 
 Energy calculation finished, energy: -2.138684863E+03
Testing convergence of dimer midpoint in cycle  232
    Energy  2.5297E-05 Target: 1.0000E-06 converged?   no
  Max step  8.9931E-02 Target: 1.8000E-03 converged?   no component    37
  RMS step  1.6897E-02 Target: 1.2000E-03 converged?   no
  Max grad  5.2050E-04 Target: 4.5000E-04 converged?   no component   251
  RMS grad  1.1353E-04 Target: 3.0000E-04 converged?  yes
Next calculation will be the dimer endpoint before rotation
dl-find/turbomole/=============================== Tstep:  124.4 Ttot:79841.0 ==
eandg
Spin: 
 Energy calculation finished, energy: -2.138684862E+03
Curvature at dimer midpoint                   -0.00291
Predicted dimer rotation angle:      3.664 deg
Next calculation will be the dimer endpoint after rotation
dl-find/turbomole/=============================== Tstep:  114.1 Ttot:79955.1 ==
eandg
Spin: 
 Energy calculation finished, energy: -2.138684862E+03
Curvature at dimer midpoint after rotation    -0.00231
Curvature at dimer minimum                    -0.00291
Actual dimer rotation angle:         0.136 deg
Dimer rotation converged after    1 steps
Writing TS-mode
Curvature after dimer rotation:               -0.00291
Frequency of transition mode  -277.230 cm^-1 (negative value denotes imaginary frequency)
Crossover temperature for tunnelling       63.48236 K
Restarting L-BFGS optimiser, instance: dimer rotation
Next calculation will be the dimer  midpoint
dl-find/turbomole/=============================== Tstep:   81.3 Ttot:80036.4 ==
eandg
Spin: 
 Energy calculation finished, energy: -2.138684875E+03
Testing convergence of dimer midpoint in cycle  233
    Energy  1.2189E-05 Target: 1.0000E-06 converged?   no
  Max step  1.9170E-02 Target: 1.8000E-03 converged?   no component    34
  RMS step  3.7010E-03 Target: 1.2000E-03 converged?   no
  Max grad  2.8265E-04 Target: 4.5000E-04 converged?  yes component   251
  RMS grad  7.5348E-05 Target: 3.0000E-04 converged?  yes
Next calculation will be the dimer endpoint before rotation
dl-find/turbomole/=============================== Tstep:  118.6 Ttot:80155.0 ==
eandg
Spin: 
 Energy calculation finished, energy: -2.138684874E+03
Curvature at dimer midpoint                   -0.00291
Predicted dimer rotation angle:      3.945 deg
Next calculation will be the dimer endpoint after rotation
dl-find/turbomole/=============================== Tstep:  114.4 Ttot:80269.4 ==
eandg
Spin: 
 Energy calculation finished, energy: -2.138684874E+03
Curvature at dimer midpoint after rotation    -0.00161
Curvature at dimer minimum                    -0.00291
Actual dimer rotation angle:         0.081 deg
Dimer rotation converged after    1 steps
Writing TS-mode
Curvature after dimer rotation:               -0.00291
Frequency of transition mode  -277.358 cm^-1 (negative value denotes imaginary frequency)
Crossover temperature for tunnelling       63.51177 K
Restarting L-BFGS optimiser, instance: dimer rotation
Next calculation will be the dimer  midpoint
dl-find/turbomole/=============================== Tstep:   85.8 Ttot:80355.2 ==
eandg
Spin: 
 Energy calculation finished, energy: -2.138684884E+03
Testing convergence of dimer midpoint in cycle  234
    Energy  9.3040E-06 Target: 1.0000E-06 converged?   no
  Max step  4.0520E-02 Target: 1.8000E-03 converged?   no component    34
  RMS step  7.7180E-03 Target: 1.2000E-03 converged?   no
  Max grad  3.1475E-04 Target: 4.5000E-04 converged?  yes component    69
  RMS grad  7.3669E-05 Target: 3.0000E-04 converged?  yes
Next calculation will be the dimer endpoint before rotation
dl-find/turbomole/=============================== Tstep:  125.0 Ttot:80480.3 ==
eandg
Spin: 
 Energy calculation finished, energy: -2.138684883E+03
Curvature at dimer midpoint                   -0.00290
Predicted dimer rotation angle:      3.243 deg
Next calculation will be the dimer endpoint after rotation
dl-find/turbomole/=============================== Tstep:  117.3 Ttot:80597.5 ==
eandg
Spin: 
 Energy calculation finished, energy: -2.138684883E+03
Curvature at dimer midpoint after rotation    -0.00248
Curvature at dimer minimum                    -0.00290
Actual dimer rotation angle:         0.132 deg
Dimer rotation converged after    1 steps
Writing TS-mode
Curvature after dimer rotation:               -0.00290
Frequency of transition mode  -276.852 cm^-1 (negative value denotes imaginary frequency)
Crossover temperature for tunnelling       63.39581 K
Restarting L-BFGS optimiser, instance: dimer rotation
Next calculation will be the dimer  midpoint
dl-find/turbomole/=============================== Tstep:   70.9 Ttot:80668.4 ==
eandg
Spin: 
 Energy calculation finished, energy: -2.138684900E+03
Testing convergence of dimer midpoint in cycle  235
    Energy  1.5055E-05 Target: 1.0000E-06 converged?   no
  Max step  4.9212E-02 Target: 1.8000E-03 converged?   no component    34
  RMS step  9.0408E-03 Target: 1.2000E-03 converged?   no
  Max grad  4.1245E-04 Target: 4.5000E-04 converged?  yes component    69
  RMS grad  9.0229E-05 Target: 3.0000E-04 converged?  yes
Next calculation will be the dimer endpoint before rotation
dl-find/turbomole/=============================== Tstep:  129.6 Ttot:80797.9 ==
eandg
Spin: 
 Energy calculation finished, energy: -2.138684898E+03
Curvature at dimer midpoint                   -0.00288
Predicted dimer rotation angle:      3.684 deg
Next calculation will be the dimer endpoint after rotation
dl-find/turbomole/=============================== Tstep:  118.1 Ttot:80916.1 ==
eandg
Spin: 
 Energy calculation finished, energy: -2.138684899E+03
Curvature at dimer midpoint after rotation    -0.00184
Curvature at dimer minimum                    -0.00288
Actual dimer rotation angle:         0.081 deg
Dimer rotation converged after    1 steps
Writing TS-mode
Curvature after dimer rotation:               -0.00288
Frequency of transition mode  -275.858 cm^-1 (negative value denotes imaginary frequency)
Crossover temperature for tunnelling       63.16829 K
Restarting L-BFGS optimiser, instance: dimer rotation
Next calculation will be the dimer  midpoint
dl-find/turbomole/=============================== Tstep:   88.0 Ttot:81004.1 ==
eandg
Spin: 
 Energy calculation finished, energy: -2.138685005E+03
Testing convergence of dimer midpoint in cycle  236
    Energy  1.0501E-04 Target: 1.0000E-06 converged?   no
  Max step  1.1591E-01 Target: 1.8000E-03 converged?   no component    34
  RMS step  2.1249E-02 Target: 1.2000E-03 converged?   no
  Max grad  9.4413E-04 Target: 4.5000E-04 converged?   no component   253
  RMS grad  1.7990E-04 Target: 3.0000E-04 converged?  yes
Next calculation will be the dimer endpoint before rotation
dl-find/turbomole/=============================== Tstep:  135.4 Ttot:81139.5 ==
eandg
Spin: 
 Energy calculation finished, energy: -2.138685003E+03
Curvature at dimer midpoint                   -0.00284
Predicted dimer rotation angle:      4.024 deg
Next calculation will be the dimer endpoint after rotation
dl-find/turbomole/=============================== Tstep:  117.3 Ttot:81256.8 ==
eandg
Spin: 
 Energy calculation finished, energy: -2.138685003E+03
Curvature at dimer midpoint after rotation    -0.00198
Curvature at dimer minimum                    -0.00284
Actual dimer rotation angle:         0.124 deg
Dimer rotation converged after    1 steps
Writing TS-mode
Curvature after dimer rotation:               -0.00284
Frequency of transition mode  -274.131 cm^-1 (negative value denotes imaginary frequency)
Crossover temperature for tunnelling       62.77280 K
Restarting L-BFGS optimiser, instance: dimer rotation
Next calculation will be the dimer  midpoint
dl-find/turbomole/=============================== Tstep:   92.1 Ttot:81348.9 ==
eandg
Spin: 
 Energy calculation finished, energy: -2.138685028E+03
Testing convergence of dimer midpoint in cycle  237
    Energy  2.3498E-05 Target: 1.0000E-06 converged?   no
  Max step  3.2815E-02 Target: 1.8000E-03 converged?   no component    34
  RMS step  6.3459E-03 Target: 1.2000E-03 converged?   no
  Max grad  2.9421E-04 Target: 4.5000E-04 converged?  yes component    58
  RMS grad  7.6360E-05 Target: 3.0000E-04 converged?  yes
Next calculation will be the dimer endpoint before rotation
dl-find/turbomole/=============================== Tstep:  118.2 Ttot:81467.1 ==
eandg
Spin: 
 Energy calculation finished, energy: -2.138685027E+03
Curvature at dimer midpoint                   -0.00282
Predicted dimer rotation angle:      4.084 deg
Next calculation will be the dimer endpoint after rotation
dl-find/turbomole/=============================== Tstep:  113.6 Ttot:81580.7 ==
eandg
Spin: 
 Energy calculation finished, energy: -2.138685022E+03
Curvature at dimer midpoint after rotation    -0.00171
Curvature at dimer minimum                    -0.00282
Actual dimer rotation angle:         0.101 deg
Dimer rotation converged after    1 steps
Writing TS-mode
Curvature after dimer rotation:               -0.00282
Frequency of transition mode  -273.079 cm^-1 (negative value denotes imaginary frequency)
Crossover temperature for tunnelling       62.53194 K
Restarting L-BFGS optimiser, instance: dimer rotation
Next calculation will be the dimer  midpoint
dl-find/turbomole/=============================== Tstep:   90.4 Ttot:81671.1 ==
eandg
Spin: 
 Energy calculation finished, energy: -2.138685025E+03
Testing convergence of dimer midpoint in cycle  238
    Energy  2.9070E-06 Target: 1.0000E-06 converged?   no
  Max step  9.9594E-03 Target: 1.8000E-03 converged?   no component    37
  RMS step  2.6996E-03 Target: 1.2000E-03 converged?   no
  Max grad  2.2271E-04 Target: 4.5000E-04 converged?  yes component   253
  RMS grad  7.1185E-05 Target: 3.0000E-04 converged?  yes
Next calculation will be the dimer endpoint before rotation
dl-find/turbomole/=============================== Tstep:  126.4 Ttot:81797.6 ==
eandg
Spin: 
 Energy calculation finished, energy: -2.138685024E+03
Curvature at dimer midpoint                   -0.00283
Predicted dimer rotation angle:      3.119 deg
Next calculation will be the dimer endpoint after rotation
dl-find/turbomole/=============================== Tstep:  117.9 Ttot:81915.4 ==
eandg
Spin: 
 Energy calculation finished, energy: -2.138685024E+03
Curvature at dimer midpoint after rotation    -0.00228
Curvature at dimer minimum                    -0.00283
Actual dimer rotation angle:         0.090 deg
Dimer rotation converged after    1 steps
Writing TS-mode
Curvature after dimer rotation:               -0.00283
Frequency of transition mode  -273.345 cm^-1 (negative value denotes imaginary frequency)
Crossover temperature for tunnelling       62.59283 K
Restarting L-BFGS optimiser, instance: dimer rotation
Next calculation will be the dimer  midpoint
dl-find/turbomole/=============================== Tstep:   85.8 Ttot:82001.2 ==
eandg
Spin: 
 Energy calculation finished, energy: -2.138685071E+03
Testing convergence of dimer midpoint in cycle  239
    Energy  4.5751E-05 Target: 1.0000E-06 converged?   no
  Max step  6.5566E-02 Target: 1.8000E-03 converged?   no component    34
  RMS step  1.2390E-02 Target: 1.2000E-03 converged?   no
  Max grad  3.1709E-04 Target: 4.5000E-04 converged?  yes component   253
  RMS grad  8.8141E-05 Target: 3.0000E-04 converged?  yes
Next calculation will be the dimer endpoint before rotation
dl-find/turbomole/=============================== Tstep:  130.0 Ttot:82131.2 ==
eandg
Spin: 
 Energy calculation finished, energy: -2.138685069E+03
Curvature at dimer midpoint                   -0.00282
Predicted dimer rotation angle:      3.816 deg
Next calculation will be the dimer endpoint after rotation
dl-find/turbomole/=============================== Tstep:  117.9 Ttot:82249.0 ==
eandg
Spin: 
 Energy calculation finished, energy: -2.138685069E+03
Curvature at dimer midpoint after rotation    -0.00182
Curvature at dimer minimum                    -0.00282
Actual dimer rotation angle:         0.092 deg
Dimer rotation converged after    1 steps
Writing TS-mode
Curvature after dimer rotation:               -0.00282
Frequency of transition mode  -272.984 cm^-1 (negative value denotes imaginary frequency)
Crossover temperature for tunnelling       62.51012 K
Restarting L-BFGS optimiser, instance: dimer rotation
Next calculation will be the dimer  midpoint
dl-find/turbomole/=============================== Tstep:   82.0 Ttot:82331.1 ==
eandg
Spin: 
 Energy calculation finished, energy: -2.138685084E+03
Testing convergence of dimer midpoint in cycle  240
    Energy  1.3059E-05 Target: 1.0000E-06 converged?   no
  Max step  4.2107E-02 Target: 1.8000E-03 converged?   no component    34
  RMS step  8.1800E-03 Target: 1.2000E-03 converged?   no
  Max grad  7.7242E-04 Target: 4.5000E-04 converged?   no component    54
  RMS grad  1.5424E-04 Target: 3.0000E-04 converged?  yes
Next calculation will be the dimer endpoint before rotation
dl-find/turbomole/=============================== Tstep:  131.2 Ttot:82462.2 ==
eandg
Spin: 
 Energy calculation finished, energy: -2.138685083E+03
Curvature at dimer midpoint                   -0.00283
Predicted dimer rotation angle:      3.167 deg
Next calculation will be the dimer endpoint after rotation
dl-find/turbomole/=============================== Tstep:  114.1 Ttot:82576.3 ==
eandg
Spin: 
 Energy calculation finished, energy: -2.138685083E+03
Curvature at dimer midpoint after rotation    -0.00245
Curvature at dimer minimum                    -0.00283
Actual dimer rotation angle:         0.133 deg
Dimer rotation converged after    1 steps
Writing TS-mode
Curvature after dimer rotation:               -0.00283
Frequency of transition mode  -273.544 cm^-1 (negative value denotes imaginary frequency)
Crossover temperature for tunnelling       62.63843 K
Restarting L-BFGS optimiser, instance: dimer rotation
Next calculation will be the dimer  midpoint
dl-find/turbomole/=============================== Tstep:   86.2 Ttot:82662.5 ==
eandg
Spin: 
 Energy calculation finished, energy: -2.138685252E+03
Testing convergence of dimer midpoint in cycle  241
    Energy  1.6826E-04 Target: 1.0000E-06 converged?   no
  Max step  6.5262E-02 Target: 1.8000E-03 converged?   no component    34
  RMS step  1.2198E-02 Target: 1.2000E-03 converged?   no
  Max grad  2.8420E-04 Target: 4.5000E-04 converged?  yes component    58
  RMS grad  7.6160E-05 Target: 3.0000E-04 converged?  yes
Next calculation will be the dimer endpoint before rotation
dl-find/turbomole/=============================== Tstep:  131.1 Ttot:82793.6 ==
eandg
Spin: 
 Energy calculation finished, energy: -2.138685123E+03
Curvature at dimer midpoint                   -0.00374
Predicted dimer rotation angle:     35.319 deg
Next calculation will be the dimer endpoint after rotation
dl-find/turbomole/=============================== Tstep:  125.9 Ttot:82919.5 ==
eandg
Spin: 
 Energy calculation finished, energy: -2.138685115E+03
Curvature at dimer midpoint after rotation     0.03960
Curvature at dimer minimum                    -0.00444
Actual dimer rotation angle:         3.793 deg
Predicted dimer rotation angle:     30.099 deg
Next calculation will be the dimer endpoint after rotation
dl-find/turbomole/=============================== Tstep:  117.9 Ttot:83037.4 ==
eandg
Spin: 
 Energy calculation finished, energy: -2.138685249E+03
Curvature at dimer midpoint after rotation     0.01850
Curvature at dimer minimum                    -0.00422
Actual dimer rotation angle:         3.406 deg
Predicted dimer rotation angle:     23.640 deg
Next calculation will be the dimer endpoint after rotation
dl-find/turbomole/=============================== Tstep:  112.1 Ttot:83149.5 ==
eandg
Spin: 
 Energy calculation finished, energy: -2.138685121E+03
Curvature at dimer midpoint after rotation     0.00238
Curvature at dimer minimum                    -0.00393
Actual dimer rotation angle:         4.050 deg
Predicted dimer rotation angle:     16.371 deg
Next calculation will be the dimer endpoint after rotation
dl-find/turbomole/=============================== Tstep:  104.4 Ttot:83253.9 ==
eandg
Spin: 
 Energy calculation finished, energy: -2.138685120E+03
Curvature at dimer midpoint after rotation    -0.00132
Curvature at dimer minimum                    -0.00391
Actual dimer rotation angle:         2.916 deg
Predicted dimer rotation angle:     12.901 deg
Next calculation will be the dimer endpoint after rotation
dl-find/turbomole/=============================== Tstep:   96.3 Ttot:83350.2 ==
eandg
Spin: 
 Energy calculation finished, energy: -2.138685120E+03
Curvature at dimer midpoint after rotation    -0.00293
Curvature at dimer minimum                    -0.00388
Actual dimer rotation angle:         3.163 deg
Predicted dimer rotation angle:     11.418 deg
Next calculation will be the dimer endpoint after rotation
dl-find/turbomole/=============================== Tstep:   95.8 Ttot:83446.0 ==
eandg
Spin: 
 Energy calculation finished, energy: -2.138685120E+03
Curvature at dimer midpoint after rotation    -0.00349
Curvature at dimer minimum                    -0.00386
Actual dimer rotation angle:         4.016 deg
Predicted dimer rotation angle:     10.367 deg
Next calculation will be the dimer endpoint after rotation
dl-find/turbomole/=============================== Tstep:   89.6 Ttot:83535.5 ==
eandg
Spin: 
 Energy calculation finished, energy: -2.138685120E+03
Curvature at dimer midpoint after rotation    -0.00358
Curvature at dimer minimum                    -0.00385
Actual dimer rotation angle:         3.836 deg
Predicted dimer rotation angle:      9.117 deg
Next calculation will be the dimer endpoint after rotation
dl-find/turbomole/=============================== Tstep:   70.8 Ttot:83606.3 ==
eandg
Spin: 
 Energy calculation finished, energy: -2.138685120E+03
Curvature at dimer midpoint after rotation    -0.00378
Curvature at dimer minimum                    -0.00389
Actual dimer rotation angle:         4.464 deg
Predicted dimer rotation angle:      7.891 deg
Next calculation will be the dimer endpoint after rotation
dl-find/turbomole/=============================== Tstep:   58.0 Ttot:83664.3 ==
eandg
Spin: 
 Energy calculation finished, energy: -2.138685119E+03
Curvature at dimer midpoint after rotation    -0.00381
Curvature at dimer minimum                    -0.00392
Actual dimer rotation angle:         3.457 deg
Predicted dimer rotation angle:      6.877 deg
Next calculation will be the dimer endpoint after rotation
dl-find/turbomole/=============================== Tstep:   88.5 Ttot:83752.8 ==
eandg
Spin: 
 Energy calculation finished, energy: -2.138685119E+03
Curvature at dimer midpoint after rotation    -0.00389
Curvature at dimer minimum                    -0.00395
Actual dimer rotation angle:         3.364 deg
Predicted dimer rotation angle:      6.198 deg
Next calculation will be the dimer endpoint after rotation
dl-find/turbomole/=============================== Tstep:   85.8 Ttot:83838.6 ==
eandg
Spin: 
 Energy calculation finished, energy: -2.138685119E+03
Curvature at dimer midpoint after rotation    -0.00376
Curvature at dimer minimum                    -0.00396
Actual dimer rotation angle:         1.595 deg
Dimer rotation converged after   11 steps
Writing TS-mode
Curvature after dimer rotation:               -0.00396
Frequency of transition mode  -323.509 cm^-1 (negative value denotes imaginary frequency)
Crossover temperature for tunnelling       74.07978 K
Restarting L-BFGS optimiser, instance: dimer rotation
Next calculation will be the dimer  midpoint
dl-find/turbomole/=============================== Tstep:   85.3 Ttot:83923.9 ==
eandg
Spin: 
 Energy calculation finished, energy: -2.138685270E+03
Testing convergence of dimer midpoint in cycle  242
    Energy  1.8058E-05 Target: 1.0000E-06 converged?   no
  Max step  3.8030E-02 Target: 1.8000E-03 converged?   no component    34
  RMS step  6.4876E-03 Target: 1.2000E-03 converged?   no
  Max grad  2.1008E-04 Target: 4.5000E-04 converged?  yes component    13
  RMS grad  6.5369E-05 Target: 3.0000E-04 converged?  yes
Next calculation will be the dimer endpoint before rotation
dl-find/turbomole/=============================== Tstep:  127.4 Ttot:84051.3 ==
eandg
Spin: 
 Energy calculation finished, energy: -2.138685265E+03
Curvature at dimer midpoint                   -0.00060
Predicted dimer rotation angle:     43.266 deg
Next calculation will be the dimer endpoint after rotation
dl-find/turbomole/=============================== Tstep:  114.8 Ttot:84166.1 ==
eandg
Spin: 
 Energy calculation finished, energy: -2.138685242E+03
Curvature at dimer midpoint after rotation     0.05872
Curvature at dimer minimum                    -0.00127
Actual dimer rotation angle:         3.840 deg
Predicted dimer rotation angle:     39.394 deg
Next calculation will be the dimer endpoint after rotation
dl-find/turbomole/=============================== Tstep:  105.8 Ttot:84271.9 ==
eandg
Spin: 
 Energy calculation finished, energy: -2.138685261E+03
Curvature at dimer midpoint after rotation     0.03297
Curvature at dimer minimum                    -0.00174
Actual dimer rotation angle:         3.714 deg
Predicted dimer rotation angle:     32.161 deg
Next calculation will be the dimer endpoint after rotation
dl-find/turbomole/=============================== Tstep:  105.9 Ttot:84377.8 ==
eandg
Spin: 
 Energy calculation finished, energy: -2.138685266E+03
Curvature at dimer midpoint after rotation     0.00734
Curvature at dimer minimum                    -0.00205
Actual dimer rotation angle:         4.730 deg
Predicted dimer rotation angle:     26.623 deg
Next calculation will be the dimer endpoint after rotation
dl-find/turbomole/=============================== Tstep:  105.1 Ttot:84482.9 ==
eandg
Spin: 
 Energy calculation finished, energy: -2.138685267E+03
Curvature at dimer midpoint after rotation     0.00895
Curvature at dimer minimum                    -0.00216
Actual dimer rotation angle:         2.384 deg
Predicted dimer rotation angle:     22.675 deg
Next calculation will be the dimer endpoint after rotation
dl-find/turbomole/=============================== Tstep:  111.7 Ttot:84594.6 ==
eandg
Spin: 
 Energy calculation finished, energy: -2.138685267E+03
Curvature at dimer midpoint after rotation     0.00057
Curvature at dimer minimum                    -0.00233
Actual dimer rotation angle:         4.316 deg
Predicted dimer rotation angle:     19.942 deg
Next calculation will be the dimer endpoint after rotation
dl-find/turbomole/=============================== Tstep:  104.6 Ttot:84699.2 ==
eandg
Spin: 
 Energy calculation finished, energy: -2.138685267E+03
Curvature at dimer midpoint after rotation     0.00071
Curvature at dimer minimum                    -0.00243
Actual dimer rotation angle:         3.012 deg
Predicted dimer rotation angle:     16.550 deg
Next calculation will be the dimer endpoint after rotation
dl-find/turbomole/=============================== Tstep:  109.8 Ttot:84809.0 ==
eandg
Spin: 
 Energy calculation finished, energy: -2.138685267E+03
Curvature at dimer midpoint after rotation    -0.00103
Curvature at dimer minimum                    -0.00252
Actual dimer rotation angle:         3.232 deg
Predicted dimer rotation angle:     14.854 deg
Next calculation will be the dimer endpoint after rotation
dl-find/turbomole/=============================== Tstep:  100.4 Ttot:84909.4 ==
eandg
Spin: 
 Energy calculation finished, energy: -2.138685267E+03
Curvature at dimer midpoint after rotation    -0.00195
Curvature at dimer minimum                    -0.00262
Actual dimer rotation angle:         4.195 deg
Predicted dimer rotation angle:     12.117 deg
Next calculation will be the dimer endpoint after rotation
dl-find/turbomole/=============================== Tstep:   96.2 Ttot:85005.6 ==
eandg
Spin: 
 Energy calculation finished, energy: -2.138685268E+03
Curvature at dimer midpoint after rotation    -0.00248
Curvature at dimer minimum                    -0.00272
Actual dimer rotation angle:         4.730 deg
Predicted dimer rotation angle:     10.869 deg
Next calculation will be the dimer endpoint after rotation
dl-find/turbomole/=============================== Tstep:   94.0 Ttot:85099.6 ==
eandg
Spin: 
 Energy calculation finished, energy: -2.138685268E+03
Curvature at dimer midpoint after rotation    -0.00180
Curvature at dimer minimum                    -0.00274
Actual dimer rotation angle:         1.679 deg
Dimer rotation converged after   10 steps
Writing TS-mode
Curvature after dimer rotation:               -0.00274
Frequency of transition mode  -269.293 cm^-1 (negative value denotes imaginary frequency)
Crossover temperature for tunnelling       61.66507 K
Restarting L-BFGS optimiser, instance: dimer rotation
Next calculation will be the dimer  midpoint
dl-find/turbomole/=============================== Tstep:   83.7 Ttot:85183.3 ==
eandg
Spin: 
 Energy calculation finished, energy: -2.138685271E+03
Testing convergence of dimer midpoint in cycle  243
    Energy  9.4400E-07 Target: 1.0000E-06 converged?  yes
  Max step  8.2185E-02 Target: 1.8000E-03 converged?   no component    34
  RMS step  1.5220E-02 Target: 1.2000E-03 converged?   no
  Max grad  3.7049E-04 Target: 4.5000E-04 converged?  yes component   253
  RMS grad  8.6461E-05 Target: 3.0000E-04 converged?  yes
Next calculation will be the dimer endpoint before rotation
dl-find/turbomole/=============================== Tstep:  131.1 Ttot:85314.4 ==
eandg
Spin: 
 Energy calculation finished, energy: -2.138685270E+03
Curvature at dimer midpoint                   -0.00277
Predicted dimer rotation angle:     20.645 deg
Next calculation will be the dimer endpoint after rotation
dl-find/turbomole/=============================== Tstep:  117.2 Ttot:85431.6 ==
eandg
Spin: 
 Energy calculation finished, energy: -2.138685269E+03
Curvature at dimer midpoint after rotation     0.03319
Curvature at dimer minimum                    -0.00279
Actual dimer rotation angle:         0.461 deg
Dimer rotation converged after    1 steps
Writing TS-mode
Curvature after dimer rotation:               -0.00279
Frequency of transition mode  -271.594 cm^-1 (negative value denotes imaginary frequency)
Crossover temperature for tunnelling       62.19185 K
Restarting L-BFGS optimiser, instance: dimer rotation
Next calculation will be the dimer  midpoint
dl-find/turbomole/=============================== Tstep:  107.7 Ttot:85539.3 ==
eandg
Spin: 
 Energy calculation finished, energy: -2.138685286E+03
Testing convergence of dimer midpoint in cycle  244
    Energy  1.4845E-05 Target: 1.0000E-06 converged?   no
  Max step  2.6984E-02 Target: 1.8000E-03 converged?   no component    34
  RMS step  5.7418E-03 Target: 1.2000E-03 converged?   no
  Max grad  6.4129E-04 Target: 4.5000E-04 converged?   no component    97
  RMS grad  1.2808E-04 Target: 3.0000E-04 converged?  yes
Next calculation will be the dimer endpoint before rotation
dl-find/turbomole/=============================== Tstep:  124.3 Ttot:85663.6 ==
eandg
Spin: 
 Energy calculation finished, energy: -2.138685285E+03
Curvature at dimer midpoint                   -0.00282
Predicted dimer rotation angle:     12.213 deg
Next calculation will be the dimer endpoint after rotation
dl-find/turbomole/=============================== Tstep:  114.8 Ttot:85778.4 ==
eandg
Spin: 
 Energy calculation finished, energy: -2.138685286E+03
Curvature at dimer midpoint after rotation     0.00310
Curvature at dimer minimum                    -0.00283
Actual dimer rotation angle:         0.509 deg
Dimer rotation converged after    1 steps
Writing TS-mode
Curvature after dimer rotation:               -0.00283
Frequency of transition mode  -273.574 cm^-1 (negative value denotes imaginary frequency)
Crossover temperature for tunnelling       62.64528 K
Restarting L-BFGS optimiser, instance: dimer rotation
Next calculation will be the dimer  midpoint
dl-find/turbomole/=============================== Tstep:   98.7 Ttot:85877.1 ==
eandg
Spin: 
 Energy calculation finished, energy: -2.138685310E+03
Testing convergence of dimer midpoint in cycle  245
    Energy  2.4124E-05 Target: 1.0000E-06 converged?   no
  Max step  3.8841E-02 Target: 1.8000E-03 converged?   no component    34
  RMS step  7.0490E-03 Target: 1.2000E-03 converged?   no
  Max grad  1.8856E-04 Target: 4.5000E-04 converged?  yes component    11
  RMS grad  6.9431E-05 Target: 3.0000E-04 converged?  yes
Next calculation will be the dimer endpoint before rotation
dl-find/turbomole/=============================== Tstep:  124.0 Ttot:86001.1 ==
eandg
Spin: 
 Energy calculation finished, energy: -2.138685309E+03
Curvature at dimer midpoint                   -0.00286
Predicted dimer rotation angle:     13.858 deg
Next calculation will be the dimer endpoint after rotation
dl-find/turbomole/=============================== Tstep:  114.2 Ttot:86115.3 ==
eandg
Spin: 
 Energy calculation finished, energy: -2.138685308E+03
Curvature at dimer midpoint after rotation     0.01313
Curvature at dimer minimum                    -0.00286
Actual dimer rotation angle:         0.296 deg
Dimer rotation converged after    1 steps
Writing TS-mode
Curvature after dimer rotation:               -0.00286
Frequency of transition mode  -275.138 cm^-1 (negative value denotes imaginary frequency)
Crossover temperature for tunnelling       63.00333 K
Restarting L-BFGS optimiser, instance: dimer rotation
Next calculation will be the dimer  midpoint
dl-find/turbomole/=============================== Tstep:   98.7 Ttot:86213.9 ==
eandg
Spin: 
 Energy calculation finished, energy: -2.138685328E+03
Testing convergence of dimer midpoint in cycle  246
    Energy  1.7630E-05 Target: 1.0000E-06 converged?   no
  Max step  4.1558E-02 Target: 1.8000E-03 converged?   no component    34
  RMS step  7.7601E-03 Target: 1.2000E-03 converged?   no
  Max grad  1.7609E-04 Target: 4.5000E-04 converged?  yes component    89
  RMS grad  6.2438E-05 Target: 3.0000E-04 converged?  yes
Next calculation will be the dimer endpoint before rotation
dl-find/turbomole/=============================== Tstep:  121.5 Ttot:86335.5 ==
eandg
Spin: 
 Energy calculation finished, energy: -2.138685327E+03
Curvature at dimer midpoint                   -0.00289
Predicted dimer rotation angle:      8.952 deg
Next calculation will be the dimer endpoint after rotation
dl-find/turbomole/=============================== Tstep:  117.8 Ttot:86453.3 ==
eandg
Spin: 
 Energy calculation finished, energy: -2.138685328E+03
Curvature at dimer midpoint after rotation     0.00016
Curvature at dimer minimum                    -0.00289
Actual dimer rotation angle:         0.388 deg
Dimer rotation converged after    1 steps
Writing TS-mode
Curvature after dimer rotation:               -0.00289
Frequency of transition mode  -276.502 cm^-1 (negative value denotes imaginary frequency)
Crossover temperature for tunnelling       63.31588 K
Restarting L-BFGS optimiser, instance: dimer rotation
Next calculation will be the dimer  midpoint
dl-find/turbomole/=============================== Tstep:   89.1 Ttot:86542.4 ==
eandg
Spin: 
 Energy calculation finished, energy: -2.138685343E+03
Testing convergence of dimer midpoint in cycle  247
    Energy  1.5071E-05 Target: 1.0000E-06 converged?   no
  Max step  1.4046E-02 Target: 1.8000E-03 converged?   no component    10
  RMS step  3.4103E-03 Target: 1.2000E-03 converged?   no
  Max grad  3.3271E-04 Target: 4.5000E-04 converged?  yes component    88
  RMS grad  8.1508E-05 Target: 3.0000E-04 converged?  yes
Next calculation will be the dimer endpoint before rotation
dl-find/turbomole/=============================== Tstep:  122.6 Ttot:86665.0 ==
eandg
Spin: 
 Energy calculation finished, energy: -2.138685342E+03
Curvature at dimer midpoint                   -0.00290
Predicted dimer rotation angle:     11.400 deg
Next calculation will be the dimer endpoint after rotation
dl-find/turbomole/=============================== Tstep:  117.7 Ttot:86782.7 ==
eandg
Spin: 
 Energy calculation finished, energy: -2.138685342E+03
Curvature at dimer midpoint after rotation     0.00783
Curvature at dimer minimum                    -0.00291
Actual dimer rotation angle:         0.244 deg
Dimer rotation converged after    1 steps
Writing TS-mode
Curvature after dimer rotation:               -0.00291
Frequency of transition mode  -277.125 cm^-1 (negative value denotes imaginary frequency)
Crossover temperature for tunnelling       63.45839 K
Restarting L-BFGS optimiser, instance: dimer rotation
Next calculation will be the dimer  midpoint
dl-find/turbomole/=============================== Tstep:   90.0 Ttot:86872.7 ==
eandg
Spin: 
 Energy calculation finished, energy: -2.138685358E+03
Testing convergence of dimer midpoint in cycle  248
    Energy  1.5020E-05 Target: 1.0000E-06 converged?   no
  Max step  4.3414E-02 Target: 1.8000E-03 converged?   no component    34
  RMS step  8.2206E-03 Target: 1.2000E-03 converged?   no
  Max grad  3.1154E-04 Target: 4.5000E-04 converged?  yes component   253
  RMS grad  7.8888E-05 Target: 3.0000E-04 converged?  yes
Next calculation will be the dimer endpoint before rotation
dl-find/turbomole/=============================== Tstep:  126.0 Ttot:86998.7 ==
eandg
Spin: 
 Energy calculation finished, energy: -2.138685358E+03
Curvature at dimer midpoint                   -0.00292
Predicted dimer rotation angle:      7.634 deg
Next calculation will be the dimer endpoint after rotation
dl-find/turbomole/=============================== Tstep:  114.5 Ttot:87113.2 ==
eandg
Spin: 
 Energy calculation finished, energy: -2.138685358E+03
Curvature at dimer midpoint after rotation    -0.00067
Curvature at dimer minimum                    -0.00293
Actual dimer rotation angle:         0.328 deg
Dimer rotation converged after    1 steps
Writing TS-mode
Curvature after dimer rotation:               -0.00293
Frequency of transition mode  -278.119 cm^-1 (negative value denotes imaginary frequency)
Crossover temperature for tunnelling       63.68607 K
Restarting L-BFGS optimiser, instance: dimer rotation
Next calculation will be the dimer  midpoint
dl-find/turbomole/=============================== Tstep:   93.4 Ttot:87206.5 ==
eandg
Spin: 
 Energy calculation finished, energy: -2.138685397E+03
Testing convergence of dimer midpoint in cycle  249
    Energy  3.8725E-05 Target: 1.0000E-06 converged?   no
  Max step  7.6422E-02 Target: 1.8000E-03 converged?   no component    34
  RMS step  1.4068E-02 Target: 1.2000E-03 converged?   no
  Max grad  2.2021E-04 Target: 4.5000E-04 converged?  yes component    78
  RMS grad  6.0395E-05 Target: 3.0000E-04 converged?  yes
Next calculation will be the dimer endpoint before rotation
dl-find/turbomole/=============================== Tstep:  121.6 Ttot:87328.2 ==
eandg
Spin: 
 Energy calculation finished, energy: -2.138685396E+03
Curvature at dimer midpoint                   -0.00293
Predicted dimer rotation angle:      9.924 deg
Next calculation will be the dimer endpoint after rotation
dl-find/turbomole/=============================== Tstep:  117.7 Ttot:87445.9 ==
eandg
Spin: 
 Energy calculation finished, energy: -2.138685396E+03
Curvature at dimer midpoint after rotation     0.00509
Curvature at dimer minimum                    -0.00293
Actual dimer rotation angle:         0.215 deg
Dimer rotation converged after    1 steps
Writing TS-mode
Curvature after dimer rotation:               -0.00293
Frequency of transition mode  -278.424 cm^-1 (negative value denotes imaginary frequency)
Crossover temperature for tunnelling       63.75582 K
Restarting L-BFGS optimiser, instance: dimer rotation
Next calculation will be the dimer  midpoint
dl-find/turbomole/=============================== Tstep:   97.7 Ttot:87543.6 ==
eandg
Spin: 
 Energy calculation finished, energy: -2.138685409E+03
Testing convergence of dimer midpoint in cycle  250
    Energy  1.2827E-05 Target: 1.0000E-06 converged?   no
  Max step  3.1449E-02 Target: 1.8000E-03 converged?   no component    34
  RMS step  5.4979E-03 Target: 1.2000E-03 converged?   no
  Max grad  2.8338E-04 Target: 4.5000E-04 converged?  yes component    88
  RMS grad  6.6608E-05 Target: 3.0000E-04 converged?  yes
Next calculation will be the dimer endpoint before rotation
dl-find/turbomole/=============================== Tstep:  123.7 Ttot:87667.3 ==
eandg
Spin: 
 Energy calculation finished, energy: -2.138685409E+03
Curvature at dimer midpoint                   -0.00293
Predicted dimer rotation angle:      6.848 deg
Next calculation will be the dimer endpoint after rotation
dl-find/turbomole/=============================== Tstep:  118.5 Ttot:87785.8 ==
eandg
Spin: 
 Energy calculation finished, energy: -2.138685409E+03
Curvature at dimer midpoint after rotation    -0.00099
Curvature at dimer minimum                    -0.00293
Actual dimer rotation angle:         0.276 deg
Dimer rotation converged after    1 steps
Writing TS-mode
Curvature after dimer rotation:               -0.00293
Frequency of transition mode  -278.201 cm^-1 (negative value denotes imaginary frequency)
Crossover temperature for tunnelling       63.70490 K
Restarting L-BFGS optimiser, instance: dimer rotation
Next calculation will be the dimer  midpoint
dl-find/turbomole/=============================== Tstep:   91.9 Ttot:87877.8 ==
eandg
Spin: 
 Energy calculation finished, energy: -2.138685440E+03
Testing convergence of dimer midpoint in cycle  251
    Energy  3.1034E-05 Target: 1.0000E-06 converged?   no
  Max step  1.5991E-02 Target: 1.8000E-03 converged?   no component    34
  RMS step  2.9878E-03 Target: 1.2000E-03 converged?   no
  Max grad  2.3182E-04 Target: 4.5000E-04 converged?  yes component   231
  RMS grad  6.1130E-05 Target: 3.0000E-04 converged?  yes
Next calculation will be the dimer endpoint before rotation
dl-find/turbomole/=============================== Tstep:  117.5 Ttot:87995.3 ==
eandg
Spin: 
 Energy calculation finished, energy: -2.138685440E+03
Curvature at dimer midpoint                   -0.00293
Predicted dimer rotation angle:      8.652 deg
Next calculation will be the dimer endpoint after rotation
dl-find/turbomole/=============================== Tstep:  113.7 Ttot:88109.0 ==
eandg
Spin: 
 Energy calculation finished, energy: -2.138685440E+03
Curvature at dimer midpoint after rotation     0.00303
Curvature at dimer minimum                    -0.00293
Actual dimer rotation angle:         0.190 deg
Dimer rotation converged after    1 steps
Writing TS-mode
Curvature after dimer rotation:               -0.00293
Frequency of transition mode  -278.449 cm^-1 (negative value denotes imaginary frequency)
Crossover temperature for tunnelling       63.76156 K
Restarting L-BFGS optimiser, instance: dimer rotation
Next calculation will be the dimer  midpoint
dl-find/turbomole/=============================== Tstep:   93.2 Ttot:88202.2 ==
eandg
Spin: 
 Energy calculation finished, energy: -2.138685479E+03
Testing convergence of dimer midpoint in cycle  252
    Energy  3.8595E-05 Target: 1.0000E-06 converged?   no
  Max step  6.2917E-02 Target: 1.8000E-03 converged?   no component    34
  RMS step  1.1809E-02 Target: 1.2000E-03 converged?   no
  Max grad  2.8819E-04 Target: 4.5000E-04 converged?  yes component   253
  RMS grad  6.0466E-05 Target: 3.0000E-04 converged?  yes
Next calculation will be the dimer endpoint before rotation
dl-find/turbomole/=============================== Tstep:  126.0 Ttot:88328.2 ==
eandg
Spin: 
 Energy calculation finished, energy: -2.138685479E+03
Curvature at dimer midpoint                   -0.00296
Predicted dimer rotation angle:      6.254 deg
Next calculation will be the dimer endpoint after rotation
dl-find/turbomole/=============================== Tstep:  117.9 Ttot:88446.1 ==
eandg
Spin: 
 Energy calculation finished, energy: -2.138685479E+03
Curvature at dimer midpoint after rotation    -0.00134
Curvature at dimer minimum                    -0.00296
Actual dimer rotation angle:         0.254 deg
Dimer rotation converged after    1 steps
Writing TS-mode
Curvature after dimer rotation:               -0.00296
Frequency of transition mode  -279.718 cm^-1 (negative value denotes imaginary frequency)
Crossover temperature for tunnelling       64.05214 K
Restarting L-BFGS optimiser, instance: dimer rotation
Next calculation will be the dimer  midpoint
dl-find/turbomole/=============================== Tstep:   92.3 Ttot:88538.5 ==
eandg
Spin: 
 Energy calculation finished, energy: -2.138685116E+03
Testing convergence of dimer midpoint in cycle  253
    Energy  3.6303E-04 Target: 1.0000E-06 converged?   no
  Max step  6.6602E-02 Target: 1.8000E-03 converged?   no component    37
  RMS step  1.2992E-02 Target: 1.2000E-03 converged?   no
  Max grad  5.8149E-04 Target: 4.5000E-04 converged?   no component    69
  RMS grad  1.3523E-04 Target: 3.0000E-04 converged?  yes
Next calculation will be the dimer endpoint before rotation
dl-find/turbomole/=============================== Tstep:  139.8 Ttot:88678.3 ==
eandg
Spin: 
 Energy calculation finished, energy: -2.138685116E+03
Curvature at dimer midpoint                   -0.00298
Predicted dimer rotation angle:      7.894 deg
Next calculation will be the dimer endpoint after rotation
dl-find/turbomole/=============================== Tstep:  113.9 Ttot:88792.2 ==
eandg
Spin: 
 Energy calculation finished, energy: -2.138685116E+03
Curvature at dimer midpoint after rotation     0.00177
Curvature at dimer minimum                    -0.00298
Actual dimer rotation angle:         0.183 deg
Dimer rotation converged after    1 steps
Writing TS-mode
Curvature after dimer rotation:               -0.00298
Frequency of transition mode  -280.652 cm^-1 (negative value denotes imaginary frequency)
Crossover temperature for tunnelling       64.26607 K
Restarting L-BFGS optimiser, instance: dimer rotation
Next calculation will be the dimer  midpoint
dl-find/turbomole/=============================== Tstep:   92.1 Ttot:88884.3 ==
eandg
Spin: 
 Energy calculation finished, energy: -2.138685121E+03
Testing convergence of dimer midpoint in cycle  254
    Energy  4.8950E-06 Target: 1.0000E-06 converged?   no
  Max step  2.8103E-02 Target: 1.8000E-03 converged?   no component    34
  RMS step  5.1330E-03 Target: 1.2000E-03 converged?   no
  Max grad  2.5405E-04 Target: 4.5000E-04 converged?  yes component    88
  RMS grad  6.9233E-05 Target: 3.0000E-04 converged?  yes
Next calculation will be the dimer endpoint before rotation
dl-find/turbomole/=============================== Tstep:  120.7 Ttot:89005.0 ==
eandg
Spin: 
 Energy calculation finished, energy: -2.138685121E+03
Curvature at dimer midpoint                   -0.00299
Predicted dimer rotation angle:      5.897 deg
Next calculation will be the dimer endpoint after rotation
dl-find/turbomole/=============================== Tstep:  118.8 Ttot:89123.8 ==
eandg
Spin: 
 Energy calculation finished, energy: -2.138685121E+03
Curvature at dimer midpoint after rotation    -0.00137
Curvature at dimer minimum                    -0.00299
Actual dimer rotation angle:         0.216 deg
Dimer rotation converged after    1 steps
Writing TS-mode
Curvature after dimer rotation:               -0.00299
Frequency of transition mode  -281.190 cm^-1 (negative value denotes imaginary frequency)
Crossover temperature for tunnelling       64.38927 K
Restarting L-BFGS optimiser, instance: dimer rotation
Next calculation will be the dimer  midpoint
dl-find/turbomole/=============================== Tstep:   86.6 Ttot:89210.4 ==
eandg
Spin: 
 Energy calculation finished, energy: -2.138685129E+03
Testing convergence of dimer midpoint in cycle  255
    Energy  8.0370E-06 Target: 1.0000E-06 converged?   no
  Max step  1.3210E-02 Target: 1.8000E-03 converged?   no component    37
  RMS step  2.8008E-03 Target: 1.2000E-03 converged?   no
  Max grad  1.8892E-04 Target: 4.5000E-04 converged?  yes component   219
  RMS grad  5.0093E-05 Target: 3.0000E-04 converged?  yes
Next calculation will be the dimer endpoint before rotation
dl-find/turbomole/=============================== Tstep:  118.8 Ttot:89329.2 ==
eandg
Spin: 
 Energy calculation finished, energy: -2.138685129E+03
Curvature at dimer midpoint                   -0.00300
Predicted dimer rotation angle:      6.999 deg
Next calculation will be the dimer endpoint after rotation
dl-find/turbomole/=============================== Tstep:  118.3 Ttot:89447.5 ==
eandg
Spin: 
 Energy calculation finished, energy: -2.138685130E+03
Curvature at dimer midpoint after rotation     0.00064
Curvature at dimer minimum                    -0.00300
Actual dimer rotation angle:         0.167 deg
Dimer rotation converged after    1 steps
Writing TS-mode
Curvature after dimer rotation:               -0.00300
Frequency of transition mode  -281.611 cm^-1 (negative value denotes imaginary frequency)
Crossover temperature for tunnelling       64.48558 K
Restarting L-BFGS optimiser, instance: dimer rotation
Next calculation will be the dimer  midpoint
dl-find/turbomole/=============================== Tstep:   96.0 Ttot:89543.5 ==
eandg
Spin: 
 Energy calculation finished, energy: -2.138685134E+03
Testing convergence of dimer midpoint in cycle  256
    Energy  4.8410E-06 Target: 1.0000E-06 converged?   no
  Max step  9.7089E-03 Target: 1.8000E-03 converged?   no component     1
  RMS step  2.1145E-03 Target: 1.2000E-03 converged?   no
  Max grad  2.0300E-04 Target: 4.5000E-04 converged?  yes component    90
  RMS grad  5.9701E-05 Target: 3.0000E-04 converged?  yes
Next calculation will be the dimer endpoint before rotation
dl-find/turbomole/=============================== Tstep:  120.8 Ttot:89664.3 ==
eandg
Spin: 
 Energy calculation finished, energy: -2.138685134E+03
Curvature at dimer midpoint                   -0.00301
Predicted dimer rotation angle:      5.541 deg
Next calculation will be the dimer endpoint after rotation
dl-find/turbomole/=============================== Tstep:  117.5 Ttot:89781.9 ==
eandg
Spin: 
 Energy calculation finished, energy: -2.138685134E+03
Curvature at dimer midpoint after rotation    -0.00158
Curvature at dimer minimum                    -0.00301
Actual dimer rotation angle:         0.204 deg
Dimer rotation converged after    1 steps
Writing TS-mode
Curvature after dimer rotation:               -0.00301
Frequency of transition mode  -282.020 cm^-1 (negative value denotes imaginary frequency)
Crossover temperature for tunnelling       64.57933 K
Restarting L-BFGS optimiser, instance: dimer rotation
Next calculation will be the dimer  midpoint
dl-find/turbomole/=============================== Tstep:   86.6 Ttot:89868.4 ==
eandg
Spin: 
 Energy calculation finished, energy: -2.138685146E+03
Testing convergence of dimer midpoint in cycle  257
    Energy  1.1924E-05 Target: 1.0000E-06 converged?   no
  Max step  3.9504E-02 Target: 1.8000E-03 converged?   no component    34
  RMS step  8.0615E-03 Target: 1.2000E-03 converged?   no
  Max grad  4.6855E-04 Target: 4.5000E-04 converged?   no component    74
  RMS grad  9.4561E-05 Target: 3.0000E-04 converged?  yes
Next calculation will be the dimer endpoint before rotation
dl-find/turbomole/=============================== Tstep:  123.5 Ttot:89992.0 ==
eandg
Spin: 
 Energy calculation finished, energy: -2.138685146E+03
Curvature at dimer midpoint                   -0.00302
Predicted dimer rotation angle:      6.735 deg
Next calculation will be the dimer endpoint after rotation
dl-find/turbomole/=============================== Tstep:  118.1 Ttot:90110.1 ==
eandg
Spin: 
 Energy calculation finished, energy: -2.138685146E+03
Curvature at dimer midpoint after rotation     0.00037
Curvature at dimer minimum                    -0.00302
Actual dimer rotation angle:         0.160 deg
Dimer rotation converged after    1 steps
Writing TS-mode
Curvature after dimer rotation:               -0.00302
Frequency of transition mode  -282.721 cm^-1 (negative value denotes imaginary frequency)
Crossover temperature for tunnelling       64.73989 K
Restarting L-BFGS optimiser, instance: dimer rotation
Next calculation will be the dimer  midpoint
dl-find/turbomole/=============================== Tstep:   91.4 Ttot:90201.5 ==
eandg
Spin: 
 Energy calculation finished, energy: -2.138685161E+03
Testing convergence of dimer midpoint in cycle  258
    Energy  1.4826E-05 Target: 1.0000E-06 converged?   no
  Max step  6.6554E-02 Target: 1.8000E-03 converged?   no component    34
  RMS step  1.2378E-02 Target: 1.2000E-03 converged?   no
  Max grad  3.2261E-04 Target: 4.5000E-04 converged?  yes component    88
  RMS grad  7.0351E-05 Target: 3.0000E-04 converged?  yes
Next calculation will be the dimer endpoint before rotation
dl-find/turbomole/=============================== Tstep:  125.8 Ttot:90327.4 ==
eandg
Spin: 
 Energy calculation finished, energy: -2.138685161E+03
Curvature at dimer midpoint                   -0.00302
Predicted dimer rotation angle:      5.222 deg
Next calculation will be the dimer endpoint after rotation
dl-find/turbomole/=============================== Tstep:  118.1 Ttot:90445.4 ==
eandg
Spin: 
 Energy calculation finished, energy: -2.138685161E+03
Curvature at dimer midpoint after rotation    -0.00181
Curvature at dimer minimum                    -0.00302
Actual dimer rotation angle:         0.201 deg
Dimer rotation converged after    1 steps
Writing TS-mode
Curvature after dimer rotation:               -0.00302
Frequency of transition mode  -282.423 cm^-1 (negative value denotes imaginary frequency)
Crossover temperature for tunnelling       64.67170 K
Restarting L-BFGS optimiser, instance: dimer rotation
Next calculation will be the dimer  midpoint
dl-find/turbomole/=============================== Tstep:   86.1 Ttot:90531.5 ==
eandg
Spin: 
 Energy calculation finished, energy: -2.138685176E+03
Testing convergence of dimer midpoint in cycle  259
    Energy  1.5459E-05 Target: 1.0000E-06 converged?   no
  Max step  3.8907E-02 Target: 1.8000E-03 converged?   no component    34
  RMS step  7.1343E-03 Target: 1.2000E-03 converged?   no
  Max grad  2.4799E-04 Target: 4.5000E-04 converged?  yes component   248
  RMS grad  6.0575E-05 Target: 3.0000E-04 converged?  yes
Next calculation will be the dimer endpoint before rotation
dl-find/turbomole/=============================== Tstep:  127.7 Ttot:90659.2 ==
eandg
Spin: 
 Energy calculation finished, energy: -2.138685172E+03
Curvature at dimer midpoint                   -0.00306
Predicted dimer rotation angle:      7.877 deg
Next calculation will be the dimer endpoint after rotation
dl-find/turbomole/=============================== Tstep:  117.7 Ttot:90776.8 ==
eandg
Spin: 
 Energy calculation finished, energy: -2.138685176E+03
Curvature at dimer midpoint after rotation     0.00134
Curvature at dimer minimum                    -0.00306
Actual dimer rotation angle:         0.200 deg
Dimer rotation converged after    1 steps
Writing TS-mode
Curvature after dimer rotation:               -0.00306
Frequency of transition mode  -284.579 cm^-1 (negative value denotes imaginary frequency)
Crossover temperature for tunnelling       65.16542 K
Restarting L-BFGS optimiser, instance: dimer rotation
Next calculation will be the dimer  midpoint
dl-find/turbomole/=============================== Tstep:   73.5 Ttot:90850.3 ==
eandg
Spin: 
 Energy calculation finished, energy: -2.138685194E+03
Testing convergence of dimer midpoint in cycle  260
    Energy  1.7770E-05 Target: 1.0000E-06 converged?   no
  Max step  7.6128E-02 Target: 1.8000E-03 converged?   no component    34
  RMS step  1.3654E-02 Target: 1.2000E-03 converged?   no
  Max grad  4.2921E-04 Target: 4.5000E-04 converged?  yes component   154
  RMS grad  8.6636E-05 Target: 3.0000E-04 converged?  yes
Next calculation will be the dimer endpoint before rotation
dl-find/turbomole/=============================== Tstep:  125.7 Ttot:90976.0 ==
eandg
Spin: 
 Energy calculation finished, energy: -2.138685190E+03
Curvature at dimer midpoint                   -0.00305
Predicted dimer rotation angle:      6.287 deg
Next calculation will be the dimer endpoint after rotation
dl-find/turbomole/=============================== Tstep:  115.2 Ttot:91091.2 ==
eandg
Spin: 
 Energy calculation finished, energy: -2.138685190E+03
Curvature at dimer midpoint after rotation    -0.00096
Curvature at dimer minimum                    -0.00305
Actual dimer rotation angle:         0.209 deg
Dimer rotation converged after    1 steps
Writing TS-mode
Curvature after dimer rotation:               -0.00305
Frequency of transition mode  -284.084 cm^-1 (negative value denotes imaginary frequency)
Crossover temperature for tunnelling       65.05188 K
Restarting L-BFGS optimiser, instance: dimer rotation
Next calculation will be the dimer  midpoint
dl-find/turbomole/=============================== Tstep:   91.2 Ttot:91182.4 ==
eandg
Spin: 
 Energy calculation finished, energy: -2.138685202E+03
Testing convergence of dimer midpoint in cycle  261
    Energy  8.5550E-06 Target: 1.0000E-06 converged?   no
  Max step  2.4797E-02 Target: 1.8000E-03 converged?   no component    34
  RMS step  4.7514E-03 Target: 1.2000E-03 converged?   no
  Max grad  3.4965E-04 Target: 4.5000E-04 converged?  yes component   154
  RMS grad  6.9482E-05 Target: 3.0000E-04 converged?  yes
Next calculation will be the dimer endpoint before rotation
dl-find/turbomole/=============================== Tstep:  122.3 Ttot:91304.7 ==
eandg
Spin: 
 Energy calculation finished, energy: -2.138685202E+03
Curvature at dimer midpoint                   -0.00300
Predicted dimer rotation angle:      6.249 deg
Next calculation will be the dimer endpoint after rotation
dl-find/turbomole/=============================== Tstep:  116.7 Ttot:91421.4 ==
eandg
Spin: 
 Energy calculation finished, energy: -2.138685202E+03
Curvature at dimer midpoint after rotation    -0.00057
Curvature at dimer minimum                    -0.00300
Actual dimer rotation angle:         0.176 deg
Dimer rotation converged after    1 steps
Writing TS-mode
Curvature after dimer rotation:               -0.00300
Frequency of transition mode  -281.573 cm^-1 (negative value denotes imaginary frequency)
Crossover temperature for tunnelling       64.47688 K
Restarting L-BFGS optimiser, instance: dimer rotation
Next calculation will be the dimer  midpoint
dl-find/turbomole/=============================== Tstep:   95.1 Ttot:91516.5 ==
eandg
Spin: 
 Energy calculation finished, energy: -2.138685207E+03
Testing convergence of dimer midpoint in cycle  262
    Energy  4.4990E-06 Target: 1.0000E-06 converged?   no
  Max step  6.2463E-03 Target: 1.8000E-03 converged?   no component    37
  RMS step  1.8706E-03 Target: 1.2000E-03 converged?   no
  Max grad  2.2110E-04 Target: 4.5000E-04 converged?  yes component   154
  RMS grad  5.5441E-05 Target: 3.0000E-04 converged?  yes
Next calculation will be the dimer endpoint before rotation
dl-find/turbomole/=============================== Tstep:  119.1 Ttot:91635.6 ==
eandg
Spin: 
 Energy calculation finished, energy: -2.138685206E+03
Curvature at dimer midpoint                   -0.00300
Predicted dimer rotation angle:      5.576 deg
Next calculation will be the dimer endpoint after rotation
dl-find/turbomole/=============================== Tstep:  117.5 Ttot:91753.1 ==
eandg
Spin: 
 Energy calculation finished, energy: -2.138685206E+03
Curvature at dimer midpoint after rotation    -0.00097
Curvature at dimer minimum                    -0.00300
Actual dimer rotation angle:         0.149 deg
Dimer rotation converged after    1 steps
Writing TS-mode
Curvature after dimer rotation:               -0.00300
Frequency of transition mode  -281.692 cm^-1 (negative value denotes imaginary frequency)
Crossover temperature for tunnelling       64.50414 K
Restarting L-BFGS optimiser, instance: dimer rotation
Next calculation will be the dimer  midpoint
dl-find/turbomole/=============================== Tstep:   76.1 Ttot:91829.2 ==
eandg
Spin: 
 Energy calculation finished, energy: -2.138685214E+03
Testing convergence of dimer midpoint in cycle  263
    Energy  7.5890E-06 Target: 1.0000E-06 converged?   no
  Max step  1.8861E-02 Target: 1.8000E-03 converged?   no component    31
  RMS step  4.4544E-03 Target: 1.2000E-03 converged?   no
  Max grad  2.8659E-04 Target: 4.5000E-04 converged?  yes component   154
  RMS grad  7.1727E-05 Target: 3.0000E-04 converged?  yes
Next calculation will be the dimer endpoint before rotation
dl-find/turbomole/=============================== Tstep:  121.4 Ttot:91950.6 ==
eandg
Spin: 
 Energy calculation finished, energy: -2.138685214E+03
Curvature at dimer midpoint                   -0.00299
Predicted dimer rotation angle:      4.957 deg
Next calculation will be the dimer endpoint after rotation
dl-find/turbomole/=============================== Tstep:  118.1 Ttot:92068.7 ==
eandg
Spin: 
 Energy calculation finished, energy: -2.138685214E+03
Curvature at dimer midpoint after rotation    -0.00159
Curvature at dimer minimum                    -0.00299
Actual dimer rotation angle:         0.150 deg
Dimer rotation converged after    1 steps
Writing TS-mode
Curvature after dimer rotation:               -0.00299
Frequency of transition mode  -281.247 cm^-1 (negative value denotes imaginary frequency)
Crossover temperature for tunnelling       64.40230 K
Restarting L-BFGS optimiser, instance: dimer rotation
Next calculation will be the dimer  midpoint
dl-find/turbomole/=============================== Tstep:   88.8 Ttot:92157.5 ==
eandg
Spin: 
 Energy calculation finished, energy: -2.138685089E+03
Testing convergence of dimer midpoint in cycle  264
    Energy  1.2547E-04 Target: 1.0000E-06 converged?   no
  Max step  2.1753E-02 Target: 1.8000E-03 converged?   no component    31
  RMS step  4.6644E-03 Target: 1.2000E-03 converged?   no
  Max grad  3.2927E-04 Target: 4.5000E-04 converged?  yes component   219
  RMS grad  8.0033E-05 Target: 3.0000E-04 converged?  yes
Next calculation will be the dimer endpoint before rotation
dl-find/turbomole/=============================== Tstep:  135.1 Ttot:92292.6 ==
eandg
Spin: 
 Energy calculation finished, energy: -2.138685091E+03
Curvature at dimer midpoint                   -0.00300
Predicted dimer rotation angle:      5.448 deg
Next calculation will be the dimer endpoint after rotation
dl-find/turbomole/=============================== Tstep:  118.2 Ttot:92410.8 ==
eandg
Spin: 
 Energy calculation finished, energy: -2.138685091E+03
Curvature at dimer midpoint after rotation    -0.00120
Curvature at dimer minimum                    -0.00301
Actual dimer rotation angle:         0.156 deg
Dimer rotation converged after    1 steps
Writing TS-mode
Curvature after dimer rotation:               -0.00301
Frequency of transition mode  -281.805 cm^-1 (negative value denotes imaginary frequency)
Crossover temperature for tunnelling       64.53011 K
Restarting L-BFGS optimiser, instance: dimer rotation
Next calculation will be the dimer  midpoint
dl-find/turbomole/=============================== Tstep:   91.1 Ttot:92502.0 ==
eandg
Spin: 
 Energy calculation finished, energy: -2.138685093E+03
Testing convergence of dimer midpoint in cycle  265
    Energy  3.7270E-06 Target: 1.0000E-06 converged?   no
  Max step  1.7635E-02 Target: 1.8000E-03 converged?   no component    37
  RMS step  3.7149E-03 Target: 1.2000E-03 converged?   no
  Max grad  2.8765E-04 Target: 4.5000E-04 converged?  yes component   154
  RMS grad  7.0377E-05 Target: 3.0000E-04 converged?  yes
Next calculation will be the dimer endpoint before rotation
dl-find/turbomole/=============================== Tstep:  120.4 Ttot:92622.4 ==
eandg
Spin: 
 Energy calculation finished, energy: -2.138685092E+03
Curvature at dimer midpoint                   -0.00298
Predicted dimer rotation angle:      5.165 deg
Next calculation will be the dimer endpoint after rotation
dl-find/turbomole/=============================== Tstep:  117.8 Ttot:92740.2 ==
eandg
Spin: 
 Energy calculation finished, energy: -2.138685092E+03
Curvature at dimer midpoint after rotation    -0.00126
Curvature at dimer minimum                    -0.00298
Actual dimer rotation angle:         0.139 deg
Dimer rotation converged after    1 steps
Writing TS-mode
Curvature after dimer rotation:               -0.00298
Frequency of transition mode  -280.674 cm^-1 (negative value denotes imaginary frequency)
Crossover temperature for tunnelling       64.27112 K
Restarting L-BFGS optimiser, instance: dimer rotation
Next calculation will be the dimer  midpoint
dl-find/turbomole/=============================== Tstep:   64.6 Ttot:92804.8 ==
eandg
Spin: 
 Energy calculation finished, energy: -2.138685105E+03
Testing convergence of dimer midpoint in cycle  266
    Energy  1.2738E-05 Target: 1.0000E-06 converged?   no
  Max step  2.6815E-02 Target: 1.8000E-03 converged?   no component    31
  RMS step  6.6366E-03 Target: 1.2000E-03 converged?   no
  Max grad  2.7918E-04 Target: 4.5000E-04 converged?  yes component    82
  RMS grad  8.0946E-05 Target: 3.0000E-04 converged?  yes
Next calculation will be the dimer endpoint before rotation
dl-find/turbomole/=============================== Tstep:  129.4 Ttot:92934.2 ==
eandg
Spin: 
 Energy calculation finished, energy: -2.138685105E+03
Curvature at dimer midpoint                   -0.00294
Predicted dimer rotation angle:      4.852 deg
Next calculation will be the dimer endpoint after rotation
dl-find/turbomole/=============================== Tstep:  114.3 Ttot:93048.5 ==
eandg
Spin: 
 Energy calculation finished, energy: -2.138685105E+03
Curvature at dimer midpoint after rotation    -0.00157
Curvature at dimer minimum                    -0.00294
Actual dimer rotation angle:         0.142 deg
Dimer rotation converged after    1 steps
Writing TS-mode
Curvature after dimer rotation:               -0.00294
Frequency of transition mode  -278.698 cm^-1 (negative value denotes imaginary frequency)
Crossover temperature for tunnelling       63.81866 K
Restarting L-BFGS optimiser, instance: dimer rotation
Next calculation will be the dimer  midpoint
dl-find/turbomole/=============================== Tstep:   86.1 Ttot:93134.6 ==
eandg
Spin: 
 Energy calculation finished, energy: -2.138685112E+03
Testing convergence of dimer midpoint in cycle  267
    Energy  6.7700E-06 Target: 1.0000E-06 converged?   no
  Max step  3.7205E-02 Target: 1.8000E-03 converged?   no component    31
  RMS step  7.2345E-03 Target: 1.2000E-03 converged?   no
  Max grad  4.9328E-04 Target: 4.5000E-04 converged?   no component    74
  RMS grad  1.1411E-04 Target: 3.0000E-04 converged?  yes
Next calculation will be the dimer endpoint before rotation
dl-find/turbomole/=============================== Tstep:  133.3 Ttot:93267.9 ==
eandg
Spin: 
 Energy calculation finished, energy: -2.138685111E+03
Curvature at dimer midpoint                   -0.00293
Predicted dimer rotation angle:      4.849 deg
Next calculation will be the dimer endpoint after rotation
dl-find/turbomole/=============================== Tstep:  118.1 Ttot:93386.0 ==
eandg
Spin: 
 Energy calculation finished, energy: -2.138685111E+03
Curvature at dimer midpoint after rotation    -0.00145
Curvature at dimer minimum                    -0.00293
Actual dimer rotation angle:         0.131 deg
Dimer rotation converged after    1 steps
Writing TS-mode
Curvature after dimer rotation:               -0.00293
Frequency of transition mode  -278.412 cm^-1 (negative value denotes imaginary frequency)
Crossover temperature for tunnelling       63.75304 K
Restarting L-BFGS optimiser, instance: dimer rotation
Next calculation will be the dimer  midpoint
dl-find/turbomole/=============================== Tstep:   86.0 Ttot:93472.0 ==
eandg
Spin: 
 Energy calculation finished, energy: -2.138685257E+03
Testing convergence of dimer midpoint in cycle  268
    Energy  1.4522E-04 Target: 1.0000E-06 converged?   no
  Max step  5.5707E-03 Target: 1.8000E-03 converged?   no component    37
  RMS step  1.2407E-03 Target: 1.2000E-03 converged?   no
  Max grad  2.3961E-04 Target: 4.5000E-04 converged?  yes component   219
  RMS grad  6.5116E-05 Target: 3.0000E-04 converged?  yes
Next calculation will be the dimer endpoint before rotation
dl-find/turbomole/=============================== Tstep:  129.5 Ttot:93601.5 ==
eandg
Spin: 
 Energy calculation finished, energy: -2.138685257E+03
Curvature at dimer midpoint                   -0.00292
Predicted dimer rotation angle:      4.526 deg
Next calculation will be the dimer endpoint after rotation
dl-find/turbomole/=============================== Tstep:  114.3 Ttot:93715.8 ==
eandg
Spin: 
 Energy calculation finished, energy: -2.138685257E+03
Curvature at dimer midpoint after rotation    -0.00167
Curvature at dimer minimum                    -0.00292
Actual dimer rotation angle:         0.126 deg
Dimer rotation converged after    1 steps
Writing TS-mode
Curvature after dimer rotation:               -0.00292
Frequency of transition mode  -277.636 cm^-1 (negative value denotes imaginary frequency)
Crossover temperature for tunnelling       63.57541 K
Restarting L-BFGS optimiser, instance: dimer rotation
Next calculation will be the dimer  midpoint
dl-find/turbomole/=============================== Tstep:   84.7 Ttot:93800.5 ==
eandg
Spin: 
 Energy calculation finished, energy: -2.138685265E+03
Testing convergence of dimer midpoint in cycle  269
    Energy  7.5370E-06 Target: 1.0000E-06 converged?   no
  Max step  3.5255E-02 Target: 1.8000E-03 converged?   no component    34
  RMS step  6.7351E-03 Target: 1.2000E-03 converged?   no
  Max grad  2.2930E-04 Target: 4.5000E-04 converged?  yes component    74
  RMS grad  6.4831E-05 Target: 3.0000E-04 converged?  yes
Next calculation will be the dimer endpoint before rotation
dl-find/turbomole/=============================== Tstep:  130.0 Ttot:93930.4 ==
eandg
Spin: 
 Energy calculation finished, energy: -2.138685264E+03
Curvature at dimer midpoint                   -0.00291
Predicted dimer rotation angle:      4.406 deg
Next calculation will be the dimer endpoint after rotation
dl-find/turbomole/=============================== Tstep:  114.9 Ttot:94045.3 ==
eandg
Spin: 
 Energy calculation finished, energy: -2.138685264E+03
Curvature at dimer midpoint after rotation    -0.00170
Curvature at dimer minimum                    -0.00291
Actual dimer rotation angle:         0.119 deg
Dimer rotation converged after    1 steps
Writing TS-mode
Curvature after dimer rotation:               -0.00291
Frequency of transition mode  -277.323 cm^-1 (negative value denotes imaginary frequency)
Crossover temperature for tunnelling       63.50377 K
Restarting L-BFGS optimiser, instance: dimer rotation
Next calculation will be the dimer  midpoint
dl-find/turbomole/=============================== Tstep:   84.7 Ttot:94130.0 ==
eandg
Spin: 
 Energy calculation finished, energy: -2.138685271E+03
Testing convergence of dimer midpoint in cycle  270
    Energy  6.1730E-06 Target: 1.0000E-06 converged?   no
  Max step  1.1989E-02 Target: 1.8000E-03 converged?   no component    31
  RMS step  3.4434E-03 Target: 1.2000E-03 converged?   no
  Max grad  2.5608E-04 Target: 4.5000E-04 converged?  yes component    74
  RMS grad  6.4820E-05 Target: 3.0000E-04 converged?  yes
Next calculation will be the dimer endpoint before rotation
dl-find/turbomole/=============================== Tstep:  119.3 Ttot:94249.4 ==
eandg
Spin: 
 Energy calculation finished, energy: -2.138685270E+03
Curvature at dimer midpoint                   -0.00291
Predicted dimer rotation angle:      4.357 deg
Next calculation will be the dimer endpoint after rotation
dl-find/turbomole/=============================== Tstep:  118.1 Ttot:94367.5 ==
eandg
Spin: 
 Energy calculation finished, energy: -2.138685276E+03
Curvature at dimer midpoint after rotation    -0.00176
Curvature at dimer minimum                    -0.00291
Actual dimer rotation angle:         0.121 deg
Dimer rotation converged after    1 steps
Writing TS-mode
Curvature after dimer rotation:               -0.00291
Frequency of transition mode  -277.189 cm^-1 (negative value denotes imaginary frequency)
Crossover temperature for tunnelling       63.47314 K
Restarting L-BFGS optimiser, instance: dimer rotation
Next calculation will be the dimer  midpoint
dl-find/turbomole/=============================== Tstep:   90.6 Ttot:94458.0 ==
eandg
Spin: 
 Energy calculation finished, energy: -2.138685204E+03
Testing convergence of dimer midpoint in cycle  271
    Energy  6.7104E-05 Target: 1.0000E-06 converged?   no
  Max step  8.8218E-02 Target: 1.8000E-03 converged?   no component    31
  RMS step  1.7762E-02 Target: 1.2000E-03 converged?   no
  Max grad  6.5352E-04 Target: 4.5000E-04 converged?   no component    66
  RMS grad  1.3641E-04 Target: 3.0000E-04 converged?  yes
Next calculation will be the dimer endpoint before rotation
dl-find/turbomole/=============================== Tstep:  135.6 Ttot:94593.7 ==
eandg
Spin: 
 Energy calculation finished, energy: -2.138685203E+03
Curvature at dimer midpoint                   -0.00287
Predicted dimer rotation angle:      4.763 deg
Next calculation will be the dimer endpoint after rotation
dl-find/turbomole/=============================== Tstep:  116.5 Ttot:94710.2 ==
eandg
Spin: 
 Energy calculation finished, energy: -2.138685202E+03
Curvature at dimer midpoint after rotation    -0.00139
Curvature at dimer minimum                    -0.00287
Actual dimer rotation angle:         0.122 deg
Dimer rotation converged after    1 steps
Writing TS-mode
Curvature after dimer rotation:               -0.00287
Frequency of transition mode  -275.509 cm^-1 (negative value denotes imaginary frequency)
Crossover temperature for tunnelling       63.08846 K
Restarting L-BFGS optimiser, instance: dimer rotation
Next calculation will be the dimer  midpoint
dl-find/turbomole/=============================== Tstep:   90.8 Ttot:94801.0 ==
eandg
Spin: 
 Energy calculation finished, energy: -2.138685666E+03
Testing convergence of dimer midpoint in cycle  272
    Energy  4.6152E-04 Target: 1.0000E-06 converged?   no
  Max step  3.5087E-02 Target: 1.8000E-03 converged?   no component    37
  RMS step  7.0891E-03 Target: 1.2000E-03 converged?   no
  Max grad  3.2565E-04 Target: 4.5000E-04 converged?  yes component   154
  RMS grad  7.3314E-05 Target: 3.0000E-04 converged?  yes
Next calculation will be the dimer endpoint before rotation
dl-find/turbomole/=============================== Tstep:  139.2 Ttot:94940.2 ==
eandg
Spin: 
 Energy calculation finished, energy: -2.138685648E+03
Curvature at dimer midpoint                   -0.00304
Predicted dimer rotation angle:     12.603 deg
Next calculation will be the dimer endpoint after rotation
dl-find/turbomole/=============================== Tstep:  118.5 Ttot:95058.7 ==
eandg
Spin: 
 Energy calculation finished, energy: -2.138685648E+03
Curvature at dimer midpoint after rotation     0.00281
Curvature at dimer minimum                    -0.00306
Actual dimer rotation angle:         0.604 deg
Dimer rotation converged after    1 steps
Writing TS-mode
Curvature after dimer rotation:               -0.00306
Frequency of transition mode  -284.178 cm^-1 (negative value denotes imaginary frequency)
Crossover temperature for tunnelling       65.07359 K
Restarting L-BFGS optimiser, instance: dimer rotation
Next calculation will be the dimer  midpoint
dl-find/turbomole/=============================== Tstep:  100.5 Ttot:95159.1 ==
eandg
Spin: 
 Energy calculation finished, energy: -2.138685208E+03
Testing convergence of dimer midpoint in cycle  273
    Energy  4.5747E-04 Target: 1.0000E-06 converged?   no
  Max step  1.6350E-02 Target: 1.8000E-03 converged?   no component     1
  RMS step  4.7692E-03 Target: 1.2000E-03 converged?   no
  Max grad  2.6847E-04 Target: 4.5000E-04 converged?  yes component   154
  RMS grad  6.8914E-05 Target: 3.0000E-04 converged?  yes
Next calculation will be the dimer endpoint before rotation
dl-find/turbomole/=============================== Tstep:  138.1 Ttot:95297.3 ==
eandg
Spin: 
 Energy calculation finished, energy: -2.138685207E+03
Curvature at dimer midpoint                   -0.00288
Predicted dimer rotation angle:     13.681 deg
Next calculation will be the dimer endpoint after rotation
dl-find/turbomole/=============================== Tstep:  117.6 Ttot:95414.8 ==
eandg
Spin: 
 Energy calculation finished, energy: -2.138685666E+03
Curvature at dimer midpoint after rotation     0.00745
Curvature at dimer minimum                    -0.00289
Actual dimer rotation angle:         0.433 deg
Dimer rotation converged after    1 steps
Writing TS-mode
Curvature after dimer rotation:               -0.00289
Frequency of transition mode  -276.169 cm^-1 (negative value denotes imaginary frequency)
Crossover temperature for tunnelling       63.23962 K
Restarting L-BFGS optimiser, instance: dimer rotation
Next calculation will be the dimer  midpoint
dl-find/turbomole/=============================== Tstep:  130.2 Ttot:95545.0 ==
eandg
Spin: 
 Energy calculation finished, energy: -2.138685170E+03
Testing convergence of dimer midpoint in cycle  274
    Energy  3.8564E-05 Target: 1.0000E-06 converged?   no
  Max step  3.5954E-02 Target: 1.8000E-03 converged?   no component    34
  RMS step  6.9624E-03 Target: 1.2000E-03 converged?   no
  Max grad  2.5607E-04 Target: 4.5000E-04 converged?  yes component   106
  RMS grad  5.5634E-05 Target: 3.0000E-04 converged?  yes
Next calculation will be the dimer endpoint before rotation
dl-find/turbomole/=============================== Tstep:  138.2 Ttot:95683.2 ==
eandg
Spin: 
 Energy calculation finished, energy: -2.138685168E+03
Curvature at dimer midpoint                   -0.00289
Predicted dimer rotation angle:      9.570 deg
Next calculation will be the dimer endpoint after rotation
dl-find/turbomole/=============================== Tstep:  118.2 Ttot:95801.4 ==
eandg
Spin: 
 Energy calculation finished, energy: -2.138685168E+03
Curvature at dimer midpoint after rotation     0.00551
Curvature at dimer minimum                    -0.00289
Actual dimer rotation angle:         0.182 deg
Dimer rotation converged after    1 steps
Writing TS-mode
Curvature after dimer rotation:               -0.00289
Frequency of transition mode  -276.500 cm^-1 (negative value denotes imaginary frequency)
Crossover temperature for tunnelling       63.31525 K
Restarting L-BFGS optimiser, instance: dimer rotation
Next calculation will be the dimer  midpoint
dl-find/turbomole/=============================== Tstep:   73.0 Ttot:95874.4 ==
eandg
Spin: 
 Energy calculation finished, energy: -2.138685183E+03
Testing convergence of dimer midpoint in cycle  275
    Energy  1.3904E-05 Target: 1.0000E-06 converged?   no
  Max step  4.9823E-02 Target: 1.8000E-03 converged?   no component    34
  RMS step  1.0710E-02 Target: 1.2000E-03 converged?   no
  Max grad  2.3246E-04 Target: 4.5000E-04 converged?  yes component    66
  RMS grad  6.0310E-05 Target: 3.0000E-04 converged?  yes
Next calculation will be the dimer endpoint before rotation
dl-find/turbomole/=============================== Tstep:  107.7 Ttot:95982.2 ==
eandg
Spin: 
 Energy calculation finished, energy: -2.138685182E+03
Curvature at dimer midpoint                   -0.00283
Predicted dimer rotation angle:      4.781 deg
Next calculation will be the dimer endpoint after rotation
dl-find/turbomole/=============================== Tstep:  114.5 Ttot:96096.7 ==
eandg
Spin: 
 Energy calculation finished, energy: -2.138685182E+03
Curvature at dimer midpoint after rotation    -0.00186
Curvature at dimer minimum                    -0.00283
Actual dimer rotation angle:         0.181 deg
Dimer rotation converged after    1 steps
Writing TS-mode
Curvature after dimer rotation:               -0.00283
Frequency of transition mode  -273.354 cm^-1 (negative value denotes imaginary frequency)
Crossover temperature for tunnelling       62.59493 K
Restarting L-BFGS optimiser, instance: dimer rotation
Next calculation will be the dimer  midpoint
dl-find/turbomole/=============================== Tstep:   91.6 Ttot:96188.3 ==
eandg
Spin: 
 Energy calculation finished, energy: -2.138685141E+03
Testing convergence of dimer midpoint in cycle  276
    Energy  4.2662E-05 Target: 1.0000E-06 converged?   no
  Max step  4.7205E-02 Target: 1.8000E-03 converged?   no component    31
  RMS step  1.0819E-02 Target: 1.2000E-03 converged?   no
  Max grad  4.3113E-04 Target: 4.5000E-04 converged?  yes component   251
  RMS grad  9.4419E-05 Target: 3.0000E-04 converged?  yes
Next calculation will be the dimer endpoint before rotation
dl-find/turbomole/=============================== Tstep:  134.4 Ttot:96322.7 ==
eandg
Spin: 
 Energy calculation finished, energy: -2.138685139E+03
Curvature at dimer midpoint                   -0.00288
Predicted dimer rotation angle:      5.227 deg
Next calculation will be the dimer endpoint after rotation
dl-find/turbomole/=============================== Tstep:  118.8 Ttot:96441.5 ==
eandg
Spin: 
 Energy calculation finished, energy: -2.138685139E+03
Curvature at dimer midpoint after rotation    -0.00063
Curvature at dimer minimum                    -0.00288
Actual dimer rotation angle:         0.108 deg
Dimer rotation converged after    1 steps
Writing TS-mode
Curvature after dimer rotation:               -0.00288
Frequency of transition mode  -275.717 cm^-1 (negative value denotes imaginary frequency)
Crossover temperature for tunnelling       63.13606 K
Restarting L-BFGS optimiser, instance: dimer rotation
Next calculation will be the dimer  midpoint
dl-find/turbomole/=============================== Tstep:   72.0 Ttot:96513.5 ==
eandg
Spin: 
 Energy calculation finished, energy: -2.138685127E+03
Testing convergence of dimer midpoint in cycle  277
    Energy  1.4196E-05 Target: 1.0000E-06 converged?   no
  Max step  4.5951E-02 Target: 1.8000E-03 converged?   no component    31
  RMS step  1.0647E-02 Target: 1.2000E-03 converged?   no
  Max grad  2.1085E-04 Target: 4.5000E-04 converged?  yes component    82
  RMS grad  6.2128E-05 Target: 3.0000E-04 converged?  yes
Next calculation will be the dimer endpoint before rotation
dl-find/turbomole/=============================== Tstep:  123.4 Ttot:96636.8 ==
eandg
Spin: 
 Energy calculation finished, energy: -2.138685129E+03
Curvature at dimer midpoint                   -0.00281
Predicted dimer rotation angle:      5.372 deg
Next calculation will be the dimer endpoint after rotation
dl-find/turbomole/=============================== Tstep:  117.5 Ttot:96754.3 ==
eandg
Spin: 
 Energy calculation finished, energy: -2.138685129E+03
Curvature at dimer midpoint after rotation    -0.00186
Curvature at dimer minimum                    -0.00282
Actual dimer rotation angle:         0.256 deg
Dimer rotation converged after    1 steps
Writing TS-mode
Curvature after dimer rotation:               -0.00282
Frequency of transition mode  -272.811 cm^-1 (negative value denotes imaginary frequency)
Crossover temperature for tunnelling       62.47049 K
Restarting L-BFGS optimiser, instance: dimer rotation
Next calculation will be the dimer  midpoint
dl-find/turbomole/=============================== Tstep:   78.4 Ttot:96832.7 ==
eandg
Spin: 
 Energy calculation finished, energy: -2.138685129E+03
Testing convergence of dimer midpoint in cycle  278
    Energy  2.8550E-06 Target: 1.0000E-06 converged?   no
  Max step  1.1158E-02 Target: 1.8000E-03 converged?   no component    37
  RMS step  2.7859E-03 Target: 1.2000E-03 converged?   no
  Max grad  2.2625E-04 Target: 4.5000E-04 converged?  yes component    55
  RMS grad  5.4379E-05 Target: 3.0000E-04 converged?  yes
Next calculation will be the dimer endpoint before rotation
dl-find/turbomole/=============================== Tstep:  127.3 Ttot:96960.0 ==
eandg
Spin: 
 Energy calculation finished, energy: -2.138685128E+03
Curvature at dimer midpoint                   -0.00286
Predicted dimer rotation angle:      7.336 deg
Next calculation will be the dimer endpoint after rotation
dl-find/turbomole/=============================== Tstep:  118.1 Ttot:97078.1 ==
eandg
Spin: 
 Energy calculation finished, energy: -2.138685128E+03
Curvature at dimer midpoint after rotation     0.00205
Curvature at dimer minimum                    -0.00286
Actual dimer rotation angle:         0.137 deg
Dimer rotation converged after    1 steps
Writing TS-mode
Curvature after dimer rotation:               -0.00286
Frequency of transition mode  -274.914 cm^-1 (negative value denotes imaginary frequency)
Crossover temperature for tunnelling       62.95217 K
Restarting L-BFGS optimiser, instance: dimer rotation
Next calculation will be the dimer  midpoint
dl-find/turbomole/=============================== Tstep:   98.6 Ttot:97176.7 ==
eandg
Spin: 
 Energy calculation finished, energy: -2.138685130E+03
Testing convergence of dimer midpoint in cycle  279
    Energy  3.1900E-07 Target: 1.0000E-06 converged?  yes
  Max step  2.7479E-02 Target: 1.8000E-03 converged?   no component    37
  RMS step  5.6204E-03 Target: 1.2000E-03 converged?   no
  Max grad  2.4348E-04 Target: 4.5000E-04 converged?  yes component   246
  RMS grad  6.6833E-05 Target: 3.0000E-04 converged?  yes
Next calculation will be the dimer endpoint before rotation
dl-find/turbomole/=============================== Tstep:  124.6 Ttot:97301.2 ==
eandg
Spin: 
 Energy calculation finished, energy: -2.138685128E+03
Curvature at dimer midpoint                   -0.00285
Predicted dimer rotation angle:      4.113 deg
Next calculation will be the dimer endpoint after rotation
dl-find/turbomole/=============================== Tstep:  119.3 Ttot:97420.5 ==
eandg
Spin: 
 Energy calculation finished, energy: -2.138685128E+03
Curvature at dimer midpoint after rotation    -0.00214
Curvature at dimer minimum                    -0.00285
Actual dimer rotation angle:         0.158 deg
Dimer rotation converged after    1 steps
Writing TS-mode
Curvature after dimer rotation:               -0.00285
Frequency of transition mode  -274.573 cm^-1 (negative value denotes imaginary frequency)
Crossover temperature for tunnelling       62.87403 K
Restarting L-BFGS optimiser, instance: dimer rotation
Next calculation will be the dimer  midpoint
dl-find/turbomole/=============================== Tstep:   72.1 Ttot:97492.6 ==
eandg
Spin: 
 Energy calculation finished, energy: -2.138685062E+03
Testing convergence of dimer midpoint in cycle  280
    Energy  6.7405E-05 Target: 1.0000E-06 converged?   no
  Max step  3.2081E-02 Target: 1.8000E-03 converged?   no component    34
  RMS step  6.3491E-03 Target: 1.2000E-03 converged?   no
  Max grad  6.5557E-04 Target: 4.5000E-04 converged?   no component   246
  RMS grad  1.1278E-04 Target: 3.0000E-04 converged?  yes
Next calculation will be the dimer endpoint before rotation
dl-find/turbomole/=============================== Tstep:  127.0 Ttot:97619.7 ==
eandg
Spin: 
 Energy calculation finished, energy: -2.138685061E+03
Curvature at dimer midpoint                   -0.00287
Predicted dimer rotation angle:      4.665 deg
Next calculation will be the dimer endpoint after rotation
dl-find/turbomole/=============================== Tstep:  117.1 Ttot:97736.7 ==
eandg
Spin: 
 Energy calculation finished, energy: -2.138685061E+03
Curvature at dimer midpoint after rotation    -0.00116
Curvature at dimer minimum                    -0.00287
Actual dimer rotation angle:         0.100 deg
Dimer rotation converged after    1 steps
Writing TS-mode
Curvature after dimer rotation:               -0.00287
Frequency of transition mode  -275.318 cm^-1 (negative value denotes imaginary frequency)
Crossover temperature for tunnelling       63.04455 K
Restarting L-BFGS optimiser, instance: dimer rotation
Next calculation will be the dimer  midpoint
dl-find/turbomole/=============================== Tstep:   90.7 Ttot:97827.4 ==
eandg
Spin: 
 Energy calculation finished, energy: -2.138685072E+03
Testing convergence of dimer midpoint in cycle  281
    Energy  9.3480E-06 Target: 1.0000E-06 converged?   no
  Max step  1.4198E-02 Target: 1.8000E-03 converged?   no component    34
  RMS step  3.1530E-03 Target: 1.2000E-03 converged?   no
  Max grad  2.8953E-04 Target: 4.5000E-04 converged?  yes component    55
  RMS grad  6.4906E-05 Target: 3.0000E-04 converged?  yes
Next calculation will be the dimer endpoint before rotation
dl-find/turbomole/=============================== Tstep:  117.4 Ttot:97944.8 ==
eandg
Spin: 
 Energy calculation finished, energy: -2.138685071E+03
Curvature at dimer midpoint                   -0.00289
Predicted dimer rotation angle:      3.283 deg
Next calculation will be the dimer endpoint after rotation
dl-find/turbomole/=============================== Tstep:  117.6 Ttot:98062.4 ==
eandg
Spin: 
 Energy calculation finished, energy: -2.138685071E+03
Curvature at dimer midpoint after rotation    -0.00242
Curvature at dimer minimum                    -0.00289
Actual dimer rotation angle:         0.123 deg
Dimer rotation converged after    1 steps
Writing TS-mode
Curvature after dimer rotation:               -0.00289
Frequency of transition mode  -276.161 cm^-1 (negative value denotes imaginary frequency)
Crossover temperature for tunnelling       63.23772 K
Restarting L-BFGS optimiser, instance: dimer rotation
Next calculation will be the dimer  midpoint
dl-find/turbomole/=============================== Tstep:   88.5 Ttot:98151.0 ==
eandg
Spin: 
 Energy calculation finished, energy: -2.138685066E+03
Testing convergence of dimer midpoint in cycle  282
    Energy  5.7670E-06 Target: 1.0000E-06 converged?   no
  Max step  4.0679E-02 Target: 1.8000E-03 converged?   no component    34
  RMS step  8.5600E-03 Target: 1.2000E-03 converged?   no
  Max grad  1.4417E-04 Target: 4.5000E-04 converged?  yes component   251
  RMS grad  5.0296E-05 Target: 3.0000E-04 converged?  yes
Next calculation will be the dimer endpoint before rotation
dl-find/turbomole/=============================== Tstep:  120.5 Ttot:98271.5 ==
eandg
Spin: 
 Energy calculation finished, energy: -2.138685065E+03
Curvature at dimer midpoint                   -0.00291
Predicted dimer rotation angle:      4.170 deg
Next calculation will be the dimer endpoint after rotation
dl-find/turbomole/=============================== Tstep:  117.9 Ttot:98389.4 ==
eandg
Spin: 
 Energy calculation finished, energy: -2.138685065E+03
Curvature at dimer midpoint after rotation    -0.00157
Curvature at dimer minimum                    -0.00291
Actual dimer rotation angle:         0.092 deg
Dimer rotation converged after    1 steps
Writing TS-mode
Curvature after dimer rotation:               -0.00291
Frequency of transition mode  -277.369 cm^-1 (negative value denotes imaginary frequency)
Crossover temperature for tunnelling       63.51436 K
Restarting L-BFGS optimiser, instance: dimer rotation
Next calculation will be the dimer  midpoint
dl-find/turbomole/=============================== Tstep:   90.6 Ttot:98480.0 ==
eandg
Spin: 
 Energy calculation finished, energy: -2.138685077E+03
Testing convergence of dimer midpoint in cycle  283
    Energy  1.0983E-05 Target: 1.0000E-06 converged?   no
  Max step  2.4137E-02 Target: 1.8000E-03 converged?   no component    34
  RMS step  5.2617E-03 Target: 1.2000E-03 converged?   no
  Max grad  2.2869E-04 Target: 4.5000E-04 converged?  yes component   246
  RMS grad  5.6855E-05 Target: 3.0000E-04 converged?  yes
Next calculation will be the dimer endpoint before rotation
dl-find/turbomole/=============================== Tstep:  118.2 Ttot:98598.2 ==
eandg
Spin: 
 Energy calculation finished, energy: -2.138685076E+03
Curvature at dimer midpoint                   -0.00293
Predicted dimer rotation angle:      3.132 deg
Next calculation will be the dimer endpoint after rotation
dl-find/turbomole/=============================== Tstep:  117.7 Ttot:98716.0 ==
eandg
Spin: 
 Energy calculation finished, energy: -2.138685076E+03
Curvature at dimer midpoint after rotation    -0.00250
Curvature at dimer minimum                    -0.00293
Actual dimer rotation angle:         0.118 deg
Dimer rotation converged after    1 steps
Writing TS-mode
Curvature after dimer rotation:               -0.00293
Frequency of transition mode  -278.121 cm^-1 (negative value denotes imaginary frequency)
Crossover temperature for tunnelling       63.68639 K
Restarting L-BFGS optimiser, instance: dimer rotation
Next calculation will be the dimer  midpoint
dl-find/turbomole/=============================== Tstep:   85.5 Ttot:98801.5 ==
eandg
Spin: 
 Energy calculation finished, energy: -2.138685120E+03
Testing convergence of dimer midpoint in cycle  284
    Energy  4.3560E-05 Target: 1.0000E-06 converged?   no
  Max step  7.1505E-02 Target: 1.8000E-03 converged?   no component    34
  RMS step  1.5495E-02 Target: 1.2000E-03 converged?   no
  Max grad  5.3191E-04 Target: 4.5000E-04 converged?   no component    55
  RMS grad  1.1005E-04 Target: 3.0000E-04 converged?  yes
Next calculation will be the dimer endpoint before rotation
dl-find/turbomole/=============================== Tstep:  130.9 Ttot:98932.4 ==
eandg
Spin: 
 Energy calculation finished, energy: -2.138685116E+03
Curvature at dimer midpoint                   -0.00300
Predicted dimer rotation angle:      5.243 deg
Next calculation will be the dimer endpoint after rotation
dl-find/turbomole/=============================== Tstep:  117.8 Ttot:99050.2 ==
eandg
Spin: 
 Energy calculation finished, energy: -2.138685117E+03
Curvature at dimer midpoint after rotation    -0.00119
Curvature at dimer minimum                    -0.00300
Actual dimer rotation angle:         0.139 deg
Dimer rotation converged after    1 steps
Writing TS-mode
Curvature after dimer rotation:               -0.00300
Frequency of transition mode  -281.708 cm^-1 (negative value denotes imaginary frequency)
Crossover temperature for tunnelling       64.50779 K
Restarting L-BFGS optimiser, instance: dimer rotation
Next calculation will be the dimer  midpoint
dl-find/turbomole/=============================== Tstep:   91.9 Ttot:99142.1 ==
eandg
Spin: 
 Energy calculation finished, energy: -2.138685115E+03
Testing convergence of dimer midpoint in cycle  285
    Energy  5.5590E-06 Target: 1.0000E-06 converged?   no
  Max step  8.8341E-03 Target: 1.8000E-03 converged?   no component    13
  RMS step  2.2942E-03 Target: 1.2000E-03 converged?   no
  Max grad  2.6020E-04 Target: 4.5000E-04 converged?  yes component   178
  RMS grad  5.7667E-05 Target: 3.0000E-04 converged?  yes
Next calculation will be the dimer endpoint before rotation
dl-find/turbomole/=============================== Tstep:  125.3 Ttot:99267.4 ==
eandg
Spin: 
 Energy calculation finished, energy: -2.138685112E+03
Curvature at dimer midpoint                   -0.00299
Predicted dimer rotation angle:      3.877 deg
Next calculation will be the dimer endpoint after rotation
dl-find/turbomole/=============================== Tstep:  117.0 Ttot:99384.4 ==
eandg
Spin: 
 Energy calculation finished, energy: -2.138685113E+03
Curvature at dimer midpoint after rotation    -0.00192
Curvature at dimer minimum                    -0.00300
Actual dimer rotation angle:         0.095 deg
Dimer rotation converged after    1 steps
Writing TS-mode
Curvature after dimer rotation:               -0.00300
Frequency of transition mode  -281.338 cm^-1 (negative value denotes imaginary frequency)
Crossover temperature for tunnelling       64.42305 K
Restarting L-BFGS optimiser, instance: dimer rotation
Next calculation will be the dimer  midpoint
dl-find/turbomole/=============================== Tstep:   91.3 Ttot:99475.7 ==
eandg
Spin: 
 Energy calculation finished, energy: -2.138685122E+03
Testing convergence of dimer midpoint in cycle  286
    Energy  7.2000E-06 Target: 1.0000E-06 converged?   no
  Max step  6.6449E-03 Target: 1.8000E-03 converged?   no component    34
  RMS step  1.1918E-03 Target: 1.2000E-03 converged?  yes
  Max grad  2.1367E-04 Target: 4.5000E-04 converged?  yes component    55
  RMS grad  5.3293E-05 Target: 3.0000E-04 converged?  yes
Next calculation will be the dimer endpoint before rotation
dl-find/turbomole/=============================== Tstep:  128.0 Ttot:99603.7 ==
eandg
Spin: 
 Energy calculation finished, energy: -2.138685119E+03
Curvature at dimer midpoint                   -0.00300
Predicted dimer rotation angle:      3.156 deg
Next calculation will be the dimer endpoint after rotation
dl-find/turbomole/=============================== Tstep:  118.4 Ttot:99722.1 ==
eandg
Spin: 
 Energy calculation finished, energy: -2.138685121E+03
Curvature at dimer midpoint after rotation    -0.00248
Curvature at dimer minimum                    -0.00300
Actual dimer rotation angle:         0.105 deg
Dimer rotation converged after    1 steps
Writing TS-mode
Curvature after dimer rotation:               -0.00300
Frequency of transition mode  -281.484 cm^-1 (negative value denotes imaginary frequency)
Crossover temperature for tunnelling       64.45662 K
Restarting L-BFGS optimiser, instance: dimer rotation
Next calculation will be the dimer  midpoint
dl-find/turbomole/=============================== Tstep:   86.0 Ttot:99808.2 ==
eandg
Spin: 
 Energy calculation finished, energy: -2.138685135E+03
Testing convergence of dimer midpoint in cycle  287
    Energy  1.2887E-05 Target: 1.0000E-06 converged?   no
  Max step  1.9909E-02 Target: 1.8000E-03 converged?   no component   117
  RMS step  5.1141E-03 Target: 1.2000E-03 converged?   no
  Max grad  2.5969E-04 Target: 4.5000E-04 converged?  yes component    82
  RMS grad  6.4637E-05 Target: 3.0000E-04 converged?  yes
Next calculation will be the dimer endpoint before rotation
dl-find/turbomole/=============================== Tstep:  127.5 Ttot:99935.6 ==
eandg
Spin: 
 Energy calculation finished, energy: -2.138685130E+03
Curvature at dimer midpoint                   -0.00302
Predicted dimer rotation angle:      3.603 deg
Next calculation will be the dimer endpoint after rotation
dl-find/turbomole/=============================== Tstep:  118.2 Ttot:100053.8 ==
eandg
Spin: 
 Energy calculation finished, energy: -2.138685130E+03
Curvature at dimer midpoint after rotation    -0.00222
Curvature at dimer minimum                    -0.00302
Actual dimer rotation angle:         0.102 deg
Dimer rotation converged after    1 steps
Writing TS-mode
Curvature after dimer rotation:               -0.00302
Frequency of transition mode  -282.491 cm^-1 (negative value denotes imaginary frequency)
Crossover temperature for tunnelling       64.68728 K
Restarting L-BFGS optimiser, instance: dimer rotation
Next calculation will be the dimer  midpoint
dl-find/turbomole/=============================== Tstep:   91.1 Ttot:100144.9 ==
eandg
Spin: 
 Energy calculation finished, energy: -2.138685146E+03
Testing convergence of dimer midpoint in cycle  288
    Energy  1.1506E-05 Target: 1.0000E-06 converged?   no
  Max step  4.7565E-02 Target: 1.8000E-03 converged?   no component    34
  RMS step  1.2060E-02 Target: 1.2000E-03 converged?   no
  Max grad  7.4406E-04 Target: 4.5000E-04 converged?   no component    84
  RMS grad  1.3462E-04 Target: 3.0000E-04 converged?  yes
Next calculation will be the dimer endpoint before rotation
dl-find/turbomole/=============================== Tstep:  129.7 Ttot:100274.6 ==
eandg
Spin: 
 Energy calculation finished, energy: -2.138685147E+03
Curvature at dimer midpoint                   -0.00303
Predicted dimer rotation angle:      8.192 deg
Next calculation will be the dimer endpoint after rotation
dl-find/turbomole/=============================== Tstep:  118.3 Ttot:100392.9 ==
eandg
Spin: 
 Energy calculation finished, energy: -2.138685144E+03
Curvature at dimer midpoint after rotation    -0.00128
Curvature at dimer minimum                    -0.00304
Actual dimer rotation angle:         0.519 deg
Dimer rotation converged after    1 steps
Writing TS-mode
Curvature after dimer rotation:               -0.00304
Frequency of transition mode  -283.223 cm^-1 (negative value denotes imaginary frequency)
Crossover temperature for tunnelling       64.85487 K
Restarting L-BFGS optimiser, instance: dimer rotation
Next calculation will be the dimer  midpoint
dl-find/turbomole/=============================== Tstep:   90.7 Ttot:100483.7 ==
eandg
Spin: 
 Energy calculation finished, energy: -2.138685140E+03
Testing convergence of dimer midpoint in cycle  289
    Energy  6.4240E-06 Target: 1.0000E-06 converged?   no
  Max step  7.2949E-03 Target: 1.8000E-03 converged?   no component    37
  RMS step  1.3984E-03 Target: 1.2000E-03 converged?   no
  Max grad  1.6597E-04 Target: 4.5000E-04 converged?  yes component   155
  RMS grad  4.5360E-05 Target: 3.0000E-04 converged?  yes
Next calculation will be the dimer endpoint before rotation
dl-find/turbomole/=============================== Tstep:  125.3 Ttot:100609.0 ==
eandg
Spin: 
 Energy calculation finished, energy: -2.138685166E+03
Curvature at dimer midpoint                   -0.00289
Predicted dimer rotation angle:     22.364 deg
Next calculation will be the dimer endpoint after rotation
dl-find/turbomole/=============================== Tstep:  111.9 Ttot:100720.8 ==
eandg
Spin: 
 Energy calculation finished, energy: -2.138685169E+03
Curvature at dimer midpoint after rotation     0.02362
Curvature at dimer minimum                    -0.00293
Actual dimer rotation angle:         0.831 deg
Dimer rotation converged after    1 steps
Writing TS-mode
Curvature after dimer rotation:               -0.00293
Frequency of transition mode  -278.157 cm^-1 (negative value denotes imaginary frequency)
Crossover temperature for tunnelling       63.69479 K
Restarting L-BFGS optimiser, instance: dimer rotation
Next calculation will be the dimer  midpoint
dl-find/turbomole/=============================== Tstep:  104.3 Ttot:100825.2 ==
eandg
Spin: 
 Energy calculation finished, energy: -2.138685145E+03
Testing convergence of dimer midpoint in cycle  290
    Energy  4.8380E-06 Target: 1.0000E-06 converged?   no
  Max step  1.9111E-02 Target: 1.8000E-03 converged?   no component    34
  RMS step  4.0594E-03 Target: 1.2000E-03 converged?   no
  Max grad  1.3516E-04 Target: 4.5000E-04 converged?  yes component   155
  RMS grad  3.6379E-05 Target: 3.0000E-04 converged?  yes
Next calculation will be the dimer endpoint before rotation
dl-find/turbomole/=============================== Tstep:  124.9 Ttot:100950.1 ==
eandg
Spin: 
 Energy calculation finished, energy: -2.138685145E+03
Curvature at dimer midpoint                   -0.00300
Predicted dimer rotation angle:     22.184 deg
Next calculation will be the dimer endpoint after rotation
dl-find/turbomole/=============================== Tstep:  117.6 Ttot:101067.7 ==
eandg
Spin: 
 Energy calculation finished, energy: -2.138685141E+03
Curvature at dimer midpoint after rotation     0.04620
Curvature at dimer minimum                    -0.00302
Actual dimer rotation angle:         0.468 deg
Dimer rotation converged after    1 steps
Writing TS-mode
Curvature after dimer rotation:               -0.00302
Frequency of transition mode  -282.636 cm^-1 (negative value denotes imaginary frequency)
Crossover temperature for tunnelling       64.72043 K
Restarting L-BFGS optimiser, instance: dimer rotation
Next calculation will be the dimer  midpoint
dl-find/turbomole/=============================== Tstep:  103.1 Ttot:101170.8 ==
eandg
Spin: 
 Energy calculation finished, energy: -2.138685158E+03
Testing convergence of dimer midpoint in cycle  291
    Energy  1.3101E-05 Target: 1.0000E-06 converged?   no
  Max step  2.4102E-02 Target: 1.8000E-03 converged?   no component    34
  RMS step  5.8136E-03 Target: 1.2000E-03 converged?   no
  Max grad  2.0030E-04 Target: 4.5000E-04 converged?  yes component    84
  RMS grad  4.5665E-05 Target: 3.0000E-04 converged?  yes
Next calculation will be the dimer endpoint before rotation
dl-find/turbomole/=============================== Tstep:  119.3 Ttot:101290.1 ==
eandg
Spin: 
 Energy calculation finished, energy: -2.138685158E+03
Curvature at dimer midpoint                   -0.00304
Predicted dimer rotation angle:      8.088 deg
Next calculation will be the dimer endpoint after rotation
dl-find/turbomole/=============================== Tstep:  118.5 Ttot:101408.6 ==
eandg
Spin: 
 Energy calculation finished, energy: -2.138685158E+03
Curvature at dimer midpoint after rotation    -0.00013
Curvature at dimer minimum                    -0.00304
Actual dimer rotation angle:         0.317 deg
Dimer rotation converged after    1 steps
Writing TS-mode
Curvature after dimer rotation:               -0.00304
Frequency of transition mode  -283.438 cm^-1 (negative value denotes imaginary frequency)
Crossover temperature for tunnelling       64.90405 K
Restarting L-BFGS optimiser, instance: dimer rotation
Next calculation will be the dimer  midpoint
dl-find/turbomole/=============================== Tstep:   89.4 Ttot:101498.0 ==
eandg
Spin: 
 Energy calculation finished, energy: -2.138685177E+03
Testing convergence of dimer midpoint in cycle  292
    Energy  1.8759E-05 Target: 1.0000E-06 converged?   no
  Max step  2.8340E-02 Target: 1.8000E-03 converged?   no component   117
  RMS step  7.5175E-03 Target: 1.2000E-03 converged?   no
  Max grad  3.7519E-04 Target: 4.5000E-04 converged?  yes component    43
  RMS grad  6.0647E-05 Target: 3.0000E-04 converged?  yes
Next calculation will be the dimer endpoint before rotation
dl-find/turbomole/=============================== Tstep:  119.7 Ttot:101617.7 ==
eandg
Spin: 
 Energy calculation finished, energy: -2.138685177E+03
Curvature at dimer midpoint                   -0.00306
Predicted dimer rotation angle:      6.127 deg
Next calculation will be the dimer endpoint after rotation
dl-find/turbomole/=============================== Tstep:  117.9 Ttot:101735.6 ==
eandg
Spin: 
 Energy calculation finished, energy: -2.138685176E+03
Curvature at dimer midpoint after rotation     0.00035
Curvature at dimer minimum                    -0.00306
Actual dimer rotation angle:         0.122 deg
Dimer rotation converged after    1 steps
Writing TS-mode
Curvature after dimer rotation:               -0.00306
Frequency of transition mode  -284.482 cm^-1 (negative value denotes imaginary frequency)
Crossover temperature for tunnelling       65.14308 K
Restarting L-BFGS optimiser, instance: dimer rotation
Next calculation will be the dimer  midpoint
dl-find/turbomole/=============================== Tstep:   92.1 Ttot:101827.7 ==
eandg
Spin: 
 Energy calculation finished, energy: -2.138685176E+03
Testing convergence of dimer midpoint in cycle  293
    Energy  3.1800E-07 Target: 1.0000E-06 converged?  yes
  Max step  4.5549E-02 Target: 1.8000E-03 converged?   no component    13
  RMS step  9.8055E-03 Target: 1.2000E-03 converged?   no
  Max grad  5.3767E-04 Target: 4.5000E-04 converged?   no component   200
  RMS grad  1.0489E-04 Target: 3.0000E-04 converged?  yes
Next calculation will be the dimer endpoint before rotation
dl-find/turbomole/=============================== Tstep:  127.0 Ttot:101954.6 ==
eandg
Spin: 
 Energy calculation finished, energy: -2.138685178E+03
Curvature at dimer midpoint                   -0.00309
Predicted dimer rotation angle:      3.561 deg
Next calculation will be the dimer endpoint after rotation
dl-find/turbomole/=============================== Tstep:  117.5 Ttot:102072.1 ==
eandg
Spin: 
 Energy calculation finished, energy: -2.138685179E+03
Curvature at dimer midpoint after rotation    -0.00260
Curvature at dimer minimum                    -0.00309
Actual dimer rotation angle:         0.158 deg
Dimer rotation converged after    1 steps
Writing TS-mode
Curvature after dimer rotation:               -0.00309
Frequency of transition mode  -285.783 cm^-1 (negative value denotes imaginary frequency)
Crossover temperature for tunnelling       65.44106 K
Restarting L-BFGS optimiser, instance: dimer rotation
Next calculation will be the dimer  midpoint
dl-find/turbomole/=============================== Tstep:   91.5 Ttot:102163.6 ==
eandg
Spin: 
 Energy calculation finished, energy: -2.138685184E+03
Testing convergence of dimer midpoint in cycle  294
    Energy  7.6270E-06 Target: 1.0000E-06 converged?   no
  Max step  7.7181E-03 Target: 1.8000E-03 converged?   no component     7
  RMS step  1.8460E-03 Target: 1.2000E-03 converged?   no
  Max grad  1.3081E-04 Target: 4.5000E-04 converged?  yes component   155
  RMS grad  4.0664E-05 Target: 3.0000E-04 converged?  yes
Next calculation will be the dimer endpoint before rotation
dl-find/turbomole/=============================== Tstep:  125.6 Ttot:102289.2 ==
eandg
Spin: 
 Energy calculation finished, energy: -2.138685185E+03
Curvature at dimer midpoint                   -0.00306
Predicted dimer rotation angle:      4.489 deg
Next calculation will be the dimer endpoint after rotation
dl-find/turbomole/=============================== Tstep:  114.6 Ttot:102403.7 ==
eandg
Spin: 
 Energy calculation finished, energy: -2.138685184E+03
Curvature at dimer midpoint after rotation    -0.00153
Curvature at dimer minimum                    -0.00307
Actual dimer rotation angle:         0.106 deg
Dimer rotation converged after    1 steps
Writing TS-mode
Curvature after dimer rotation:               -0.00307
Frequency of transition mode  -284.616 cm^-1 (negative value denotes imaginary frequency)
Crossover temperature for tunnelling       65.17369 K
Restarting L-BFGS optimiser, instance: dimer rotation
Next calculation will be the dimer  midpoint
dl-find/turbomole/=============================== Tstep:   91.2 Ttot:102494.9 ==
eandg
Spin: 
 Energy calculation finished, energy: -2.138685183E+03
Testing convergence of dimer midpoint in cycle  295
    Energy  8.7500E-07 Target: 1.0000E-06 converged?  yes
  Max step  1.6580E-02 Target: 1.8000E-03 converged?   no component    34
  RMS step  2.9318E-03 Target: 1.2000E-03 converged?   no
  Max grad  1.3621E-04 Target: 4.5000E-04 converged?  yes component   247
  RMS grad  4.2732E-05 Target: 3.0000E-04 converged?  yes
Next calculation will be the dimer endpoint before rotation
dl-find/turbomole/=============================== Tstep:  117.6 Ttot:102612.5 ==
eandg
Spin: 
 Energy calculation finished, energy: -2.138685183E+03
Curvature at dimer midpoint                   -0.00306
Predicted dimer rotation angle:      3.052 deg
Next calculation will be the dimer endpoint after rotation
dl-find/turbomole/=============================== Tstep:  113.5 Ttot:102726.0 ==
eandg
Spin: 
 Energy calculation finished, energy: -2.138685184E+03
Curvature at dimer midpoint after rotation    -0.00252
Curvature at dimer minimum                    -0.00306
Actual dimer rotation angle:         0.092 deg
Dimer rotation converged after    1 steps
Writing TS-mode
Curvature after dimer rotation:               -0.00306
Frequency of transition mode  -284.566 cm^-1 (negative value denotes imaginary frequency)
Crossover temperature for tunnelling       65.16240 K
Restarting L-BFGS optimiser, instance: dimer rotation
Next calculation will be the dimer  midpoint
dl-find/turbomole/=============================== Tstep:   81.8 Ttot:102807.8 ==
eandg
Spin: 
 Energy calculation finished, energy: -2.138685185E+03
Testing convergence of dimer midpoint in cycle  296
    Energy  1.6200E-06 Target: 1.0000E-06 converged?   no
  Max step  1.1509E-02 Target: 1.8000E-03 converged?   no component    34
  RMS step  2.2511E-03 Target: 1.2000E-03 converged?   no
  Max grad  2.3010E-04 Target: 4.5000E-04 converged?  yes component    74
  RMS grad  5.2602E-05 Target: 3.0000E-04 converged?  yes
Next calculation will be the dimer endpoint before rotation
dl-find/turbomole/=============================== Tstep:  113.2 Ttot:102921.0 ==
eandg
Spin: 
 Energy calculation finished, energy: -2.138685185E+03
Curvature at dimer midpoint                   -0.00306
Predicted dimer rotation angle:      2.866 deg
Next calculation will be the dimer endpoint after rotation
dl-find/turbomole/=============================== Tstep:  119.9 Ttot:103040.9 ==
eandg
Spin: 
 Energy calculation finished, energy: -2.138685185E+03
Curvature at dimer midpoint after rotation    -0.00258
Curvature at dimer minimum                    -0.00306
Actual dimer rotation angle:         0.087 deg
Dimer rotation converged after    1 steps
Writing TS-mode
Curvature after dimer rotation:               -0.00306
Frequency of transition mode  -284.299 cm^-1 (negative value denotes imaginary frequency)
Crossover temperature for tunnelling       65.10122 K
Restarting L-BFGS optimiser, instance: dimer rotation
Next calculation will be the dimer  midpoint
dl-find/turbomole/=============================== Tstep:   86.2 Ttot:103127.1 ==
eandg
Spin: 
 Energy calculation finished, energy: -2.138685236E+03
Testing convergence of dimer midpoint in cycle  297
    Energy  5.0973E-05 Target: 1.0000E-06 converged?   no
  Max step  2.9603E-02 Target: 1.8000E-03 converged?   no component    13
  RMS step  5.6206E-03 Target: 1.2000E-03 converged?   no
  Max grad  4.8721E-04 Target: 4.5000E-04 converged?   no component    84
  RMS grad  1.0638E-04 Target: 3.0000E-04 converged?  yes
Next calculation will be the dimer endpoint before rotation
dl-find/turbomole/=============================== Tstep:  129.4 Ttot:103256.5 ==
eandg
Spin: 
 Energy calculation finished, energy: -2.138685237E+03
Curvature at dimer midpoint                   -0.00308
Predicted dimer rotation angle:      4.985 deg
Next calculation will be the dimer endpoint after rotation
dl-find/turbomole/=============================== Tstep:  114.2 Ttot:103370.8 ==
eandg
Spin: 
 Energy calculation finished, energy: -2.138685237E+03
Curvature at dimer midpoint after rotation    -0.00223
Curvature at dimer minimum                    -0.00309
Actual dimer rotation angle:         0.248 deg
Dimer rotation converged after    1 steps
Writing TS-mode
Curvature after dimer rotation:               -0.00309
Frequency of transition mode  -285.519 cm^-1 (negative value denotes imaginary frequency)
Crossover temperature for tunnelling       65.38044 K
Restarting L-BFGS optimiser, instance: dimer rotation
Next calculation will be the dimer  midpoint
dl-find/turbomole/=============================== Tstep:   91.8 Ttot:103462.6 ==
eandg
Spin: 
 Energy calculation finished, energy: -2.138685244E+03
Testing convergence of dimer midpoint in cycle  298
    Energy  8.1060E-06 Target: 1.0000E-06 converged?   no
  Max step  2.9224E-02 Target: 1.8000E-03 converged?   no component    13
  RMS step  5.8458E-03 Target: 1.2000E-03 converged?   no
  Max grad  1.8300E-04 Target: 4.5000E-04 converged?  yes component    74
  RMS grad  4.5992E-05 Target: 3.0000E-04 converged?  yes
Next calculation will be the dimer endpoint before rotation
dl-find/turbomole/=============================== Tstep:  124.7 Ttot:103587.2 ==
eandg
Spin: 
 Energy calculation finished, energy: -2.138685253E+03
Curvature at dimer midpoint                   -0.00297
Predicted dimer rotation angle:      6.966 deg
Next calculation will be the dimer endpoint after rotation
dl-find/turbomole/=============================== Tstep:  119.0 Ttot:103706.2 ==
eandg
Spin: 
 Energy calculation finished, energy: -2.138685247E+03
Curvature at dimer midpoint after rotation     0.00057
Curvature at dimer minimum                    -0.00297
Actual dimer rotation angle:         0.167 deg
Dimer rotation converged after    1 steps
Writing TS-mode
Curvature after dimer rotation:               -0.00297
Frequency of transition mode  -280.131 cm^-1 (negative value denotes imaginary frequency)
Crossover temperature for tunnelling       64.14675 K
Restarting L-BFGS optimiser, instance: dimer rotation
Next calculation will be the dimer  midpoint
dl-find/turbomole/=============================== Tstep:   94.5 Ttot:103800.7 ==
eandg
Spin: 
 Energy calculation finished, energy: -2.138685249E+03
Testing convergence of dimer midpoint in cycle  299
    Energy  5.0140E-06 Target: 1.0000E-06 converged?   no
  Max step  1.2132E-02 Target: 1.8000E-03 converged?   no component    13
  RMS step  2.8405E-03 Target: 1.2000E-03 converged?   no
  Max grad  1.1044E-04 Target: 4.5000E-04 converged?  yes component   119
  RMS grad  3.5554E-05 Target: 3.0000E-04 converged?  yes
Next calculation will be the dimer endpoint before rotation
dl-find/turbomole/=============================== Tstep:  118.2 Ttot:103918.9 ==
eandg
Spin: 
 Energy calculation finished, energy: -2.138685249E+03
Curvature at dimer midpoint                   -0.00306
Predicted dimer rotation angle:      4.313 deg
Next calculation will be the dimer endpoint after rotation
dl-find/turbomole/=============================== Tstep:  117.6 Ttot:104036.4 ==
eandg
Spin: 
 Energy calculation finished, energy: -2.138685250E+03
Curvature at dimer midpoint after rotation    -0.00166
Curvature at dimer minimum                    -0.00306
Actual dimer rotation angle:         0.102 deg
Dimer rotation converged after    1 steps
Writing TS-mode
Curvature after dimer rotation:               -0.00306
Frequency of transition mode  -284.244 cm^-1 (negative value denotes imaginary frequency)
Crossover temperature for tunnelling       65.08849 K
Restarting L-BFGS optimiser, instance: dimer rotation
Next calculation will be the dimer  midpoint
dl-find/turbomole/=============================== Tstep:   92.4 Ttot:104128.8 ==
eandg
Spin: 
 Energy calculation finished, energy: -2.138685256E+03
Testing convergence of dimer midpoint in cycle  300
    Energy  6.7740E-06 Target: 1.0000E-06 converged?   no
  Max step  2.5861E-02 Target: 1.8000E-03 converged?   no component    13
  RMS step  5.8640E-03 Target: 1.2000E-03 converged?   no
  Max grad  2.3881E-04 Target: 4.5000E-04 converged?  yes component    84
  RMS grad  4.8822E-05 Target: 3.0000E-04 converged?  yes
Next calculation will be the dimer endpoint before rotation
dl-find/turbomole/=============================== Tstep:  123.6 Ttot:104252.5 ==
eandg
Spin: 
 Energy calculation finished, energy: -2.138685256E+03
Curvature at dimer midpoint                   -0.00303
Predicted dimer rotation angle:      3.034 deg
Next calculation will be the dimer endpoint after rotation
dl-find/turbomole/=============================== Tstep:  117.4 Ttot:104369.9 ==
eandg
Spin: 
 Energy calculation finished, energy: -2.138685255E+03
Curvature at dimer midpoint after rotation    -0.00250
Curvature at dimer minimum                    -0.00303
Actual dimer rotation angle:         0.092 deg
Dimer rotation converged after    1 steps
Writing TS-mode
Curvature after dimer rotation:               -0.00303
Frequency of transition mode  -282.907 cm^-1 (negative value denotes imaginary frequency)
Crossover temperature for tunnelling       64.78242 K
Restarting L-BFGS optimiser, instance: dimer rotation
Next calculation will be the dimer  midpoint
dl-find/turbomole/=============================== Tstep:   80.5 Ttot:104450.3 ==
eandg
Spin: 
 Energy calculation finished, energy: -2.138685279E+03
Testing convergence of dimer midpoint in cycle  301
    Energy  2.3100E-05 Target: 1.0000E-06 converged?   no
  Max step  2.9953E-02 Target: 1.8000E-03 converged?   no component    13
  RMS step  5.9105E-03 Target: 1.2000E-03 converged?   no
  Max grad  3.2235E-04 Target: 4.5000E-04 converged?  yes component    74
  RMS grad  7.8159E-05 Target: 3.0000E-04 converged?  yes
Next calculation will be the dimer endpoint before rotation
dl-find/turbomole/=============================== Tstep:  135.6 Ttot:104586.0 ==
eandg
Spin: 
 Energy calculation finished, energy: -2.138685312E+03
Curvature at dimer midpoint                   -0.00287
Predicted dimer rotation angle:     21.587 deg
Next calculation will be the dimer endpoint after rotation
dl-find/turbomole/=============================== Tstep:  114.5 Ttot:104700.5 ==
eandg
Spin: 
 Energy calculation finished, energy: -2.138685312E+03
Curvature at dimer midpoint after rotation     0.01737
Curvature at dimer minimum                    -0.00291
Actual dimer rotation angle:         0.945 deg
Dimer rotation converged after    1 steps
Writing TS-mode
Curvature after dimer rotation:               -0.00291
Frequency of transition mode  -277.461 cm^-1 (negative value denotes imaginary frequency)
Crossover temperature for tunnelling       63.53533 K
Restarting L-BFGS optimiser, instance: dimer rotation
Next calculation will be the dimer  midpoint
dl-find/turbomole/=============================== Tstep:  108.5 Ttot:104809.0 ==
eandg
Spin: 
 Energy calculation finished, energy: -2.138685385E+03
Testing convergence of dimer midpoint in cycle  302
    Energy  1.0667E-04 Target: 1.0000E-06 converged?   no
  Max step  2.9007E-02 Target: 1.8000E-03 converged?   no component    13
  RMS step  5.2025E-03 Target: 1.2000E-03 converged?   no
  Max grad  2.7587E-04 Target: 4.5000E-04 converged?  yes component    84
  RMS grad  6.0250E-05 Target: 3.0000E-04 converged?  yes
Next calculation will be the dimer endpoint before rotation
dl-find/turbomole/=============================== Tstep:  122.1 Ttot:104931.1 ==
eandg
Spin: 
 Energy calculation finished, energy: -2.138685382E+03
Curvature at dimer midpoint                   -0.00299
Predicted dimer rotation angle:     24.178 deg
Next calculation will be the dimer endpoint after rotation
dl-find/turbomole/=============================== Tstep:  118.5 Ttot:105049.6 ==
eandg
Spin: 
 Energy calculation finished, energy: -2.138685380E+03
Curvature at dimer midpoint after rotation     0.04643
Curvature at dimer minimum                    -0.00303
Actual dimer rotation angle:         0.622 deg
Dimer rotation converged after    1 steps
Writing TS-mode
Curvature after dimer rotation:               -0.00303
Frequency of transition mode  -282.874 cm^-1 (negative value denotes imaginary frequency)
Crossover temperature for tunnelling       64.77492 K
Restarting L-BFGS optimiser, instance: dimer rotation
Next calculation will be the dimer  midpoint
dl-find/turbomole/=============================== Tstep:  108.5 Ttot:105158.1 ==
eandg
Spin: 
 Energy calculation finished, energy: -2.138685293E+03
Testing convergence of dimer midpoint in cycle  303
    Energy  9.2925E-05 Target: 1.0000E-06 converged?   no
  Max step  2.8972E-02 Target: 1.8000E-03 converged?   no component    13
  RMS step  5.0199E-03 Target: 1.2000E-03 converged?   no
  Max grad  2.2139E-04 Target: 4.5000E-04 converged?  yes component   248
  RMS grad  5.4929E-05 Target: 3.0000E-04 converged?  yes
Next calculation will be the dimer endpoint before rotation
dl-find/turbomole/=============================== Tstep:  125.9 Ttot:105284.0 ==
eandg
Spin: 
 Energy calculation finished, energy: -2.138685292E+03
Curvature at dimer midpoint                   -0.00297
Predicted dimer rotation angle:     12.275 deg
Next calculation will be the dimer endpoint after rotation
dl-find/turbomole/=============================== Tstep:  113.9 Ttot:105397.9 ==
eandg
Spin: 
 Energy calculation finished, energy: -2.138685291E+03
Curvature at dimer midpoint after rotation     0.00798
Curvature at dimer minimum                    -0.00298
Actual dimer rotation angle:         0.305 deg
Dimer rotation converged after    1 steps
Writing TS-mode
Curvature after dimer rotation:               -0.00298
Frequency of transition mode  -280.585 cm^-1 (negative value denotes imaginary frequency)
Crossover temperature for tunnelling       64.25076 K
Restarting L-BFGS optimiser, instance: dimer rotation
Next calculation will be the dimer  midpoint
dl-find/turbomole/=============================== Tstep:   96.2 Ttot:105494.2 ==
eandg
Spin: 
 Energy calculation finished, energy: -2.138685294E+03
Testing convergence of dimer midpoint in cycle  304
    Energy  1.1260E-06 Target: 1.0000E-06 converged?   no
  Max step  3.1776E-02 Target: 1.8000E-03 converged?   no component    13
  RMS step  5.3048E-03 Target: 1.2000E-03 converged?   no
  Max grad  4.1968E-04 Target: 4.5000E-04 converged?  yes component   253
  RMS grad  8.3784E-05 Target: 3.0000E-04 converged?  yes
Next calculation will be the dimer endpoint before rotation
dl-find/turbomole/=============================== Tstep:  130.8 Ttot:105624.9 ==
eandg
Spin: 
 Energy calculation finished, energy: -2.138685289E+03
Curvature at dimer midpoint                   -0.00292
Predicted dimer rotation angle:      8.972 deg
Next calculation will be the dimer endpoint after rotation
dl-find/turbomole/=============================== Tstep:  114.0 Ttot:105739.0 ==
eandg
Spin: 
 Energy calculation finished, energy: -2.138685288E+03
Curvature at dimer midpoint after rotation     0.00202
Curvature at dimer minimum                    -0.00292
Actual dimer rotation angle:         0.252 deg
Dimer rotation converged after    1 steps
Writing TS-mode
Curvature after dimer rotation:               -0.00292
Frequency of transition mode  -277.994 cm^-1 (negative value denotes imaginary frequency)
Crossover temperature for tunnelling       63.65749 K
Restarting L-BFGS optimiser, instance: dimer rotation
Next calculation will be the dimer  midpoint
dl-find/turbomole/=============================== Tstep:  100.1 Ttot:105839.1 ==
eandg
Spin: 
 Energy calculation finished, energy: -2.138685298E+03
Testing convergence of dimer midpoint in cycle  305
    Energy  4.4180E-06 Target: 1.0000E-06 converged?   no
  Max step  3.6688E-03 Target: 1.8000E-03 converged?   no component    13
  RMS step  8.1424E-04 Target: 1.2000E-03 converged?  yes
  Max grad  1.9901E-04 Target: 4.5000E-04 converged?  yes component    74
  RMS grad  5.7872E-05 Target: 3.0000E-04 converged?  yes
Next calculation will be the dimer endpoint before rotation
dl-find/turbomole/=============================== Tstep:  126.2 Ttot:105965.3 ==
eandg
Spin: 
 Energy calculation finished, energy: -2.138685293E+03
Curvature at dimer midpoint                   -0.00291
Predicted dimer rotation angle:      6.252 deg
Next calculation will be the dimer endpoint after rotation
dl-find/turbomole/=============================== Tstep:  116.7 Ttot:106081.9 ==
eandg
Spin: 
 Energy calculation finished, energy: -2.138685293E+03
Curvature at dimer midpoint after rotation     0.00022
Curvature at dimer minimum                    -0.00292
Actual dimer rotation angle:         0.134 deg
Dimer rotation converged after    1 steps
Writing TS-mode
Curvature after dimer rotation:               -0.00292
Frequency of transition mode  -277.602 cm^-1 (negative value denotes imaginary frequency)
Crossover temperature for tunnelling       63.56766 K
Restarting L-BFGS optimiser, instance: dimer rotation
Next calculation will be the dimer  midpoint
dl-find/turbomole/=============================== Tstep:   93.5 Ttot:106175.4 ==
eandg
Spin: 
 Energy calculation finished, energy: -2.138685304E+03
Testing convergence of dimer midpoint in cycle  306
    Energy  5.9040E-06 Target: 1.0000E-06 converged?   no
  Max step  1.5510E-02 Target: 1.8000E-03 converged?   no component    13
  RMS step  2.9574E-03 Target: 1.2000E-03 converged?   no
  Max grad  2.7330E-04 Target: 4.5000E-04 converged?  yes component   253
  RMS grad  5.4478E-05 Target: 3.0000E-04 converged?  yes
Next calculation will be the dimer endpoint before rotation
dl-find/turbomole/=============================== Tstep:  128.5 Ttot:106303.8 ==
eandg
Spin: 
 Energy calculation finished, energy: -2.138685303E+03
Curvature at dimer midpoint                   -0.00290
Predicted dimer rotation angle:      3.666 deg
Next calculation will be the dimer endpoint after rotation
dl-find/turbomole/=============================== Tstep:  118.4 Ttot:106422.2 ==
eandg
Spin: 
 Energy calculation finished, energy: -2.138685303E+03
Curvature at dimer midpoint after rotation    -0.00210
Curvature at dimer minimum                    -0.00290
Actual dimer rotation angle:         0.103 deg
Dimer rotation converged after    1 steps
Writing TS-mode
Curvature after dimer rotation:               -0.00290
Frequency of transition mode  -277.021 cm^-1 (negative value denotes imaginary frequency)
Crossover temperature for tunnelling       63.43460 K
Restarting L-BFGS optimiser, instance: dimer rotation
Next calculation will be the dimer  midpoint
dl-find/turbomole/=============================== Tstep:   82.4 Ttot:106504.6 ==
eandg
Spin: 
 Energy calculation finished, energy: -2.138685311E+03
Testing convergence of dimer midpoint in cycle  307
    Energy  6.8220E-06 Target: 1.0000E-06 converged?   no
  Max step  3.8331E-02 Target: 1.8000E-03 converged?   no component    13
  RMS step  7.3550E-03 Target: 1.2000E-03 converged?   no
  Max grad  2.3292E-04 Target: 4.5000E-04 converged?  yes component    90
  RMS grad  6.3977E-05 Target: 3.0000E-04 converged?  yes
Next calculation will be the dimer endpoint before rotation
dl-find/turbomole/=============================== Tstep:  125.8 Ttot:106630.4 ==
eandg
Spin: 
 Energy calculation finished, energy: -2.138685309E+03
Curvature at dimer midpoint                   -0.00287
Predicted dimer rotation angle:      3.088 deg
Next calculation will be the dimer endpoint after rotation
dl-find/turbomole/=============================== Tstep:  117.3 Ttot:106747.6 ==
eandg
Spin: 
 Energy calculation finished, energy: -2.138685309E+03
Curvature at dimer midpoint after rotation    -0.00223
Curvature at dimer minimum                    -0.00287
Actual dimer rotation angle:         0.077 deg
Dimer rotation converged after    1 steps
Writing TS-mode
Curvature after dimer rotation:               -0.00287
Frequency of transition mode  -275.408 cm^-1 (negative value denotes imaginary frequency)
Crossover temperature for tunnelling       63.06535 K
Restarting L-BFGS optimiser, instance: dimer rotation
Next calculation will be the dimer  midpoint
dl-find/turbomole/=============================== Tstep:   82.5 Ttot:106830.2 ==
eandg
Spin: 
 Energy calculation finished, energy: -2.138685339E+03
Testing convergence of dimer midpoint in cycle  308
    Energy  2.8451E-05 Target: 1.0000E-06 converged?   no
  Max step  7.2134E-02 Target: 1.8000E-03 converged?   no component    13
  RMS step  1.3800E-02 Target: 1.2000E-03 converged?   no
  Max grad  5.8288E-04 Target: 4.5000E-04 converged?   no component   253
  RMS grad  1.1498E-04 Target: 3.0000E-04 converged?  yes
Next calculation will be the dimer endpoint before rotation
dl-find/turbomole/=============================== Tstep:  132.8 Ttot:106963.0 ==
eandg
Spin: 
 Energy calculation finished, energy: -2.138685338E+03
Curvature at dimer midpoint                   -0.00279
Predicted dimer rotation angle:      3.370 deg
Next calculation will be the dimer endpoint after rotation
dl-find/turbomole/=============================== Tstep:  113.7 Ttot:107076.8 ==
eandg
Spin: 
 Energy calculation finished, energy: -2.138685338E+03
Curvature at dimer midpoint after rotation    -0.00211
Curvature at dimer minimum                    -0.00279
Actual dimer rotation angle:         0.091 deg
Dimer rotation converged after    1 steps
Writing TS-mode
Curvature after dimer rotation:               -0.00279
Frequency of transition mode  -271.651 cm^-1 (negative value denotes imaginary frequency)
Crossover temperature for tunnelling       62.20496 K
Restarting L-BFGS optimiser, instance: dimer rotation
Next calculation will be the dimer  midpoint
dl-find/turbomole/=============================== Tstep:   89.7 Ttot:107166.4 ==
eandg
Spin: 
 Energy calculation finished, energy: -2.138685326E+03
Testing convergence of dimer midpoint in cycle  309
    Energy  1.2863E-05 Target: 1.0000E-06 converged?   no
  Max step  2.4172E-02 Target: 1.8000E-03 converged?   no component    13
  RMS step  5.0653E-03 Target: 1.2000E-03 converged?   no
  Max grad  1.9198E-04 Target: 4.5000E-04 converged?  yes component    35
  RMS grad  5.3331E-05 Target: 3.0000E-04 converged?  yes
Next calculation will be the dimer endpoint before rotation
dl-find/turbomole/=============================== Tstep:  124.6 Ttot:107291.1 ==
eandg
Spin: 
 Energy calculation finished, energy: -2.138685324E+03
Curvature at dimer midpoint                   -0.00277
Predicted dimer rotation angle:      3.037 deg
Next calculation will be the dimer endpoint after rotation
dl-find/turbomole/=============================== Tstep:  114.6 Ttot:107405.7 ==
eandg
Spin: 
 Energy calculation finished, energy: -2.138685325E+03
Curvature at dimer midpoint after rotation    -0.00225
Curvature at dimer minimum                    -0.00277
Actual dimer rotation angle:         0.086 deg
Dimer rotation converged after    1 steps
Writing TS-mode
Curvature after dimer rotation:               -0.00277
Frequency of transition mode  -270.544 cm^-1 (negative value denotes imaginary frequency)
Crossover temperature for tunnelling       61.95156 K
Restarting L-BFGS optimiser, instance: dimer rotation
Next calculation will be the dimer  midpoint
dl-find/turbomole/=============================== Tstep:   90.5 Ttot:107496.2 ==
eandg
Spin: 
 Energy calculation finished, energy: -2.138685333E+03
Testing convergence of dimer midpoint in cycle  310
    Energy  6.3370E-06 Target: 1.0000E-06 converged?   no
  Max step  2.2734E-02 Target: 1.8000E-03 converged?   no component    13
  RMS step  4.8449E-03 Target: 1.2000E-03 converged?   no
  Max grad  2.3881E-04 Target: 4.5000E-04 converged?  yes component   253
  RMS grad  4.8062E-05 Target: 3.0000E-04 converged?  yes
Next calculation will be the dimer endpoint before rotation
dl-find/turbomole/=============================== Tstep:  128.3 Ttot:107624.5 ==
eandg
Spin: 
 Energy calculation finished, energy: -2.138685330E+03
Curvature at dimer midpoint                   -0.00275
Predicted dimer rotation angle:      3.263 deg
Next calculation will be the dimer endpoint after rotation
dl-find/turbomole/=============================== Tstep:  117.9 Ttot:107742.4 ==
eandg
Spin: 
 Energy calculation finished, energy: -2.138685331E+03
Curvature at dimer midpoint after rotation    -0.00204
Curvature at dimer minimum                    -0.00275
Actual dimer rotation angle:         0.078 deg
Dimer rotation converged after    1 steps
Writing TS-mode
Curvature after dimer rotation:               -0.00275
Frequency of transition mode  -269.510 cm^-1 (negative value denotes imaginary frequency)
Crossover temperature for tunnelling       61.71460 K
Restarting L-BFGS optimiser, instance: dimer rotation
Next calculation will be the dimer  midpoint
dl-find/turbomole/=============================== Tstep:   78.8 Ttot:107821.2 ==
eandg
Spin: 
 Energy calculation finished, energy: -2.138685339E+03
Testing convergence of dimer midpoint in cycle  311
    Energy  5.8550E-06 Target: 1.0000E-06 converged?   no
  Max step  2.9224E-02 Target: 1.8000E-03 converged?   no component    13
  RMS step  6.0546E-03 Target: 1.2000E-03 converged?   no
  Max grad  2.9475E-04 Target: 4.5000E-04 converged?  yes component   253
  RMS grad  5.4781E-05 Target: 3.0000E-04 converged?  yes
Next calculation will be the dimer endpoint before rotation
dl-find/turbomole/=============================== Tstep:  127.6 Ttot:107948.8 ==
eandg
Spin: 
 Energy calculation finished, energy: -2.138685336E+03
Curvature at dimer midpoint                   -0.00274
Predicted dimer rotation angle:      3.077 deg
Next calculation will be the dimer endpoint after rotation
dl-find/turbomole/=============================== Tstep:  117.3 Ttot:108066.1 ==
eandg
Spin: 
 Energy calculation finished, energy: -2.138685336E+03
Curvature at dimer midpoint after rotation    -0.00244
Curvature at dimer minimum                    -0.00274
Actual dimer rotation angle:         0.147 deg
Dimer rotation converged after    1 steps
Writing TS-mode
Curvature after dimer rotation:               -0.00274
Frequency of transition mode  -268.994 cm^-1 (negative value denotes imaginary frequency)
Crossover temperature for tunnelling       61.59661 K
Restarting L-BFGS optimiser, instance: dimer rotation
Next calculation will be the dimer  midpoint
dl-find/turbomole/=============================== Tstep:   60.9 Ttot:108126.9 ==
eandg
Spin: 
 Energy calculation finished, energy: -2.138685349E+03
Testing convergence of dimer midpoint in cycle  312
    Energy  1.0445E-05 Target: 1.0000E-06 converged?   no
  Max step  5.2013E-02 Target: 1.8000E-03 converged?   no component    13
  RMS step  1.0907E-02 Target: 1.2000E-03 converged?   no
  Max grad  5.7023E-04 Target: 4.5000E-04 converged?   no component   253
  RMS grad  1.0210E-04 Target: 3.0000E-04 converged?  yes
Next calculation will be the dimer endpoint before rotation
dl-find/turbomole/=============================== Tstep:  134.2 Ttot:108261.1 ==
eandg
Spin: 
 Energy calculation finished, energy: -2.138685347E+03
Curvature at dimer midpoint                   -0.00268
Predicted dimer rotation angle:      5.338 deg
Next calculation will be the dimer endpoint after rotation
dl-find/turbomole/=============================== Tstep:  115.5 Ttot:108376.6 ==
eandg
Spin: 
 Energy calculation finished, energy: -2.138685347E+03
Curvature at dimer midpoint after rotation     0.00006
Curvature at dimer minimum                    -0.00268
Actual dimer rotation angle:         0.088 deg
Dimer rotation converged after    1 steps
Writing TS-mode
Curvature after dimer rotation:               -0.00268
Frequency of transition mode  -266.208 cm^-1 (negative value denotes imaginary frequency)
Crossover temperature for tunnelling       60.95849 K
Restarting L-BFGS optimiser, instance: dimer rotation
Next calculation will be the dimer  midpoint
dl-find/turbomole/=============================== Tstep:   93.2 Ttot:108469.8 ==
eandg
Spin: 
 Energy calculation finished, energy: -2.138685358E+03
Testing convergence of dimer midpoint in cycle  313
    Energy  8.5090E-06 Target: 1.0000E-06 converged?   no
  Max step  4.6901E-02 Target: 1.8000E-03 converged?   no component    13
  RMS step  1.0011E-02 Target: 1.2000E-03 converged?   no
  Max grad  2.0583E-04 Target: 4.5000E-04 converged?  yes component   156
  RMS grad  5.5829E-05 Target: 3.0000E-04 converged?  yes
Next calculation will be the dimer endpoint before rotation
dl-find/turbomole/=============================== Tstep:  130.0 Ttot:108599.9 ==
eandg
Spin: 
 Energy calculation finished, energy: -2.138685356E+03
Curvature at dimer midpoint                   -0.00264
Predicted dimer rotation angle:      2.913 deg
Next calculation will be the dimer endpoint after rotation
dl-find/turbomole/=============================== Tstep:  114.4 Ttot:108714.3 ==
eandg
Spin: 
 Energy calculation finished, energy: -2.138685356E+03
Curvature at dimer midpoint after rotation    -0.00239
Curvature at dimer minimum                    -0.00264
Actual dimer rotation angle:         0.143 deg
Dimer rotation converged after    1 steps
Writing TS-mode
Curvature after dimer rotation:               -0.00264
Frequency of transition mode  -264.181 cm^-1 (negative value denotes imaginary frequency)
Crossover temperature for tunnelling       60.49447 K
Restarting L-BFGS optimiser, instance: dimer rotation
Next calculation will be the dimer  midpoint
dl-find/turbomole/=============================== Tstep:   86.4 Ttot:108800.7 ==
eandg
Spin: 
 Energy calculation finished, energy: -2.138685362E+03
Testing convergence of dimer midpoint in cycle  314
    Energy  4.4900E-06 Target: 1.0000E-06 converged?   no
  Max step  2.5866E-02 Target: 1.8000E-03 converged?   no component    13
  RMS step  5.6959E-03 Target: 1.2000E-03 converged?   no
  Max grad  2.0028E-04 Target: 4.5000E-04 converged?  yes component    55
  RMS grad  5.1640E-05 Target: 3.0000E-04 converged?  yes
Next calculation will be the dimer endpoint before rotation
dl-find/turbomole/=============================== Tstep:  123.3 Ttot:108924.0 ==
eandg
Spin: 
 Energy calculation finished, energy: -2.138685361E+03
Curvature at dimer midpoint                   -0.00264
Predicted dimer rotation angle:      4.362 deg
Next calculation will be the dimer endpoint after rotation
dl-find/turbomole/=============================== Tstep:  115.2 Ttot:109039.1 ==
eandg
Spin: 
 Energy calculation finished, energy: -2.138685360E+03
Curvature at dimer midpoint after rotation    -0.00100
Curvature at dimer minimum                    -0.00264
Actual dimer rotation angle:         0.079 deg
Dimer rotation converged after    1 steps
Writing TS-mode
Curvature after dimer rotation:               -0.00264
Frequency of transition mode  -264.174 cm^-1 (negative value denotes imaginary frequency)
Crossover temperature for tunnelling       60.49288 K
Restarting L-BFGS optimiser, instance: dimer rotation
Next calculation will be the dimer  midpoint
dl-find/turbomole/=============================== Tstep:   93.2 Ttot:109132.4 ==
eandg
Spin: 
 Energy calculation finished, energy: -2.138685364E+03
Testing convergence of dimer midpoint in cycle  315
    Energy  1.6160E-06 Target: 1.0000E-06 converged?   no
  Max step  4.9471E-02 Target: 1.8000E-03 converged?   no component    13
  RMS step  1.1133E-02 Target: 1.2000E-03 converged?   no
  Max grad  4.0118E-04 Target: 4.5000E-04 converged?  yes component   253
  RMS grad  7.2945E-05 Target: 3.0000E-04 converged?  yes
Next calculation will be the dimer endpoint before rotation
dl-find/turbomole/=============================== Tstep:  130.0 Ttot:109262.4 ==
eandg
Spin: 
 Energy calculation finished, energy: -2.138685362E+03
Curvature at dimer midpoint                   -0.00263
Predicted dimer rotation angle:      3.162 deg
Next calculation will be the dimer endpoint after rotation
dl-find/turbomole/=============================== Tstep:  114.2 Ttot:109376.6 ==
eandg
Spin: 
 Energy calculation finished, energy: -2.138685362E+03
Curvature at dimer midpoint after rotation    -0.00209
Curvature at dimer minimum                    -0.00263
Actual dimer rotation angle:         0.088 deg
Dimer rotation converged after    1 steps
Writing TS-mode
Curvature after dimer rotation:               -0.00263
Frequency of transition mode  -263.860 cm^-1 (negative value denotes imaginary frequency)
Crossover temperature for tunnelling       60.42092 K
Restarting L-BFGS optimiser, instance: dimer rotation
Next calculation will be the dimer  midpoint
dl-find/turbomole/=============================== Tstep:   81.4 Ttot:109458.0 ==
eandg
Spin: 
 Energy calculation finished, energy: -2.138685341E+03
Testing convergence of dimer midpoint in cycle  316
    Energy  2.2740E-05 Target: 1.0000E-06 converged?   no
  Max step  8.3148E-02 Target: 1.8000E-03 converged?   no component    13
  RMS step  1.7767E-02 Target: 1.2000E-03 converged?   no
  Max grad  8.1424E-04 Target: 4.5000E-04 converged?   no component    55
  RMS grad  1.5325E-04 Target: 3.0000E-04 converged?  yes
Next calculation will be the dimer endpoint before rotation
dl-find/turbomole/=============================== Tstep:  124.7 Ttot:109582.7 ==
eandg
Spin: 
 Energy calculation finished, energy: -2.138685339E+03
Curvature at dimer midpoint                   -0.00263
Predicted dimer rotation angle:      3.102 deg
Next calculation will be the dimer endpoint after rotation
dl-find/turbomole/=============================== Tstep:  114.2 Ttot:109696.9 ==
eandg
Spin: 
 Energy calculation finished, energy: -2.138685338E+03
Curvature at dimer midpoint after rotation    -0.00211
Curvature at dimer minimum                    -0.00263
Actual dimer rotation angle:         0.086 deg
Dimer rotation converged after    1 steps
Writing TS-mode
Curvature after dimer rotation:               -0.00263
Frequency of transition mode  -263.650 cm^-1 (negative value denotes imaginary frequency)
Crossover temperature for tunnelling       60.37277 K
Restarting L-BFGS optimiser, instance: dimer rotation
Next calculation will be the dimer  midpoint
dl-find/turbomole/=============================== Tstep:   80.9 Ttot:109777.7 ==
eandg
Spin: 
 Energy calculation finished, energy: -2.138685352E+03
Testing convergence of dimer midpoint in cycle  317
    Energy  1.1107E-05 Target: 1.0000E-06 converged?   no
  Max step  1.9130E-02 Target: 1.8000E-03 converged?   no component   117
  RMS step  4.3344E-03 Target: 1.2000E-03 converged?   no
  Max grad  2.8011E-04 Target: 4.5000E-04 converged?  yes component   253
  RMS grad  7.4866E-05 Target: 3.0000E-04 converged?  yes
Next calculation will be the dimer endpoint before rotation
dl-find/turbomole/=============================== Tstep:  121.6 Ttot:109899.3 ==
eandg
Spin: 
 Energy calculation finished, energy: -2.138685350E+03
Curvature at dimer midpoint                   -0.00263
Predicted dimer rotation angle:      3.065 deg
Next calculation will be the dimer endpoint after rotation
dl-find/turbomole/=============================== Tstep:  118.2 Ttot:110017.5 ==
eandg
Spin: 
 Energy calculation finished, energy: -2.138685350E+03
Curvature at dimer midpoint after rotation    -0.00197
Curvature at dimer minimum                    -0.00263
Actual dimer rotation angle:         0.067 deg
Dimer rotation converged after    1 steps
Writing TS-mode
Curvature after dimer rotation:               -0.00263
Frequency of transition mode  -263.537 cm^-1 (negative value denotes imaginary frequency)
Crossover temperature for tunnelling       60.34685 K
Restarting L-BFGS optimiser, instance: dimer rotation
Next calculation will be the dimer  midpoint
dl-find/turbomole/=============================== Tstep:   88.1 Ttot:110105.7 ==
eandg
Spin: 
 Energy calculation finished, energy: -2.138685361E+03
Testing convergence of dimer midpoint in cycle  318
    Energy  8.5210E-06 Target: 1.0000E-06 converged?   no
  Max step  3.4833E-02 Target: 1.8000E-03 converged?   no component    13
  RMS step  7.1705E-03 Target: 1.2000E-03 converged?   no
  Max grad  2.1794E-04 Target: 4.5000E-04 converged?  yes component    55
  RMS grad  5.8519E-05 Target: 3.0000E-04 converged?  yes
Next calculation will be the dimer endpoint before rotation
dl-find/turbomole/=============================== Tstep:  126.8 Ttot:110232.4 ==
eandg
Spin: 
 Energy calculation finished, energy: -2.138685358E+03
Curvature at dimer midpoint                   -0.00262
Predicted dimer rotation angle:      2.429 deg
Next calculation will be the dimer endpoint after rotation
dl-find/turbomole/=============================== Tstep:  114.7 Ttot:110347.1 ==
eandg
Spin: 
 Energy calculation finished, energy: -2.138685357E+03
Curvature at dimer midpoint after rotation    -0.00236
Curvature at dimer minimum                    -0.00262
Actual dimer rotation angle:         0.083 deg
Dimer rotation converged after    1 steps
Writing TS-mode
Curvature after dimer rotation:               -0.00262
Frequency of transition mode  -262.896 cm^-1 (negative value denotes imaginary frequency)
Crossover temperature for tunnelling       60.20026 K
Restarting L-BFGS optimiser, instance: dimer rotation
Next calculation will be the dimer  midpoint
dl-find/turbomole/=============================== Tstep:   85.8 Ttot:110432.9 ==
eandg
Spin: 
 Energy calculation finished, energy: -2.138685357E+03
Testing convergence of dimer midpoint in cycle  319
    Energy  3.3300E-06 Target: 1.0000E-06 converged?   no
  Max step  4.1772E-02 Target: 1.8000E-03 converged?   no component    13
  RMS step  8.1836E-03 Target: 1.2000E-03 converged?   no
  Max grad  3.1477E-04 Target: 4.5000E-04 converged?  yes component    55
  RMS grad  6.8068E-05 Target: 3.0000E-04 converged?  yes
Next calculation will be the dimer endpoint before rotation
dl-find/turbomole/=============================== Tstep:  124.2 Ttot:110557.1 ==
eandg
Spin: 
 Energy calculation finished, energy: -2.138685357E+03
Curvature at dimer midpoint                   -0.00259
Predicted dimer rotation angle:      6.573 deg
Next calculation will be the dimer endpoint after rotation
dl-find/turbomole/=============================== Tstep:  115.5 Ttot:110672.6 ==
eandg
Spin: 
 Energy calculation finished, energy: -2.138685357E+03
Curvature at dimer midpoint after rotation    -0.00114
Curvature at dimer minimum                    -0.00259
Actual dimer rotation angle:         0.286 deg
Dimer rotation converged after    1 steps
Writing TS-mode
Curvature after dimer rotation:               -0.00259
Frequency of transition mode  -261.541 cm^-1 (negative value denotes imaginary frequency)
Crossover temperature for tunnelling       59.88991 K
Restarting L-BFGS optimiser, instance: dimer rotation
Next calculation will be the dimer  midpoint
dl-find/turbomole/=============================== Tstep:   95.6 Ttot:110768.3 ==
eandg
Spin: 
 Energy calculation finished, energy: -2.138685348E+03
Testing convergence of dimer midpoint in cycle  320
    Energy  9.6620E-06 Target: 1.0000E-06 converged?   no
  Max step  7.2573E-02 Target: 1.8000E-03 converged?   no component    13
  RMS step  1.3992E-02 Target: 1.2000E-03 converged?   no
  Max grad  3.5971E-04 Target: 4.5000E-04 converged?  yes component    55
  RMS grad  7.7687E-05 Target: 3.0000E-04 converged?  yes
Next calculation will be the dimer endpoint before rotation
dl-find/turbomole/=============================== Tstep:  125.5 Ttot:110893.8 ==
eandg
Spin: 
 Energy calculation finished, energy: -2.138685346E+03
Curvature at dimer midpoint                   -0.00261
Predicted dimer rotation angle:      7.387 deg
Next calculation will be the dimer endpoint after rotation
dl-find/turbomole/=============================== Tstep:  118.8 Ttot:111012.5 ==
eandg
Spin: 
 Energy calculation finished, energy: -2.138685346E+03
Curvature at dimer midpoint after rotation     0.00237
Curvature at dimer minimum                    -0.00261
Actual dimer rotation angle:         0.126 deg
Dimer rotation converged after    1 steps
Writing TS-mode
Curvature after dimer rotation:               -0.00261
Frequency of transition mode  -262.851 cm^-1 (negative value denotes imaginary frequency)
Crossover temperature for tunnelling       60.18996 K
Restarting L-BFGS optimiser, instance: dimer rotation
Next calculation will be the dimer  midpoint
dl-find/turbomole/=============================== Tstep:   94.2 Ttot:111106.7 ==
eandg
Spin: 
 Energy calculation finished, energy: -2.138685351E+03
Testing convergence of dimer midpoint in cycle  321
    Energy  3.8330E-06 Target: 1.0000E-06 converged?   no
  Max step  1.5278E-01 Target: 1.8000E-03 converged?   no component    13
  RMS step  2.9066E-02 Target: 1.2000E-03 converged?   no
  Max grad  1.5934E-03 Target: 4.5000E-04 converged?   no component   154
  RMS grad  2.8860E-04 Target: 3.0000E-04 converged?  yes
Next calculation will be the dimer endpoint before rotation
dl-find/turbomole/=============================== Tstep:  137.5 Ttot:111244.2 ==
eandg
Spin: 
 Energy calculation finished, energy: -2.138685350E+03
Curvature at dimer midpoint                   -0.00268
Predicted dimer rotation angle:      4.073 deg
Next calculation will be the dimer endpoint after rotation
dl-find/turbomole/=============================== Tstep:  117.1 Ttot:111361.3 ==
eandg
Spin: 
 Energy calculation finished, energy: -2.138685350E+03
Curvature at dimer midpoint after rotation    -0.00210
Curvature at dimer minimum                    -0.00268
Actual dimer rotation angle:         0.175 deg
Dimer rotation converged after    1 steps
Writing TS-mode
Curvature after dimer rotation:               -0.00268
Frequency of transition mode  -266.005 cm^-1 (negative value denotes imaginary frequency)
Crossover temperature for tunnelling       60.91217 K
Restarting L-BFGS optimiser, instance: dimer rotation
Next calculation will be the dimer  midpoint
dl-find/turbomole/=============================== Tstep:   82.4 Ttot:111443.7 ==
eandg
Spin: 
 Energy calculation finished, energy: -2.138685358E+03
Testing convergence of dimer midpoint in cycle  322
    Energy  6.8220E-06 Target: 1.0000E-06 converged?   no
  Max step  3.5547E-02 Target: 1.8000E-03 converged?   no component    13
  RMS step  7.7807E-03 Target: 1.2000E-03 converged?   no
  Max grad  1.9397E-04 Target: 4.5000E-04 converged?  yes component   102
  RMS grad  5.7851E-05 Target: 3.0000E-04 converged?  yes
Next calculation will be the dimer endpoint before rotation
dl-find/turbomole/=============================== Tstep:  133.7 Ttot:111577.3 ==
eandg
Spin: 
 Energy calculation finished, energy: -2.138685356E+03
Curvature at dimer midpoint                   -0.00265
Predicted dimer rotation angle:      4.747 deg
Next calculation will be the dimer endpoint after rotation
dl-find/turbomole/=============================== Tstep:  116.3 Ttot:111693.6 ==
eandg
Spin: 
 Energy calculation finished, energy: -2.138685356E+03
Curvature at dimer midpoint after rotation    -0.00060
Curvature at dimer minimum                    -0.00265
Actual dimer rotation angle:         0.082 deg
Dimer rotation converged after    1 steps
Writing TS-mode
Curvature after dimer rotation:               -0.00265
Frequency of transition mode  -264.811 cm^-1 (negative value denotes imaginary frequency)
Crossover temperature for tunnelling       60.63864 K
Restarting L-BFGS optimiser, instance: dimer rotation
Next calculation will be the dimer  midpoint
dl-find/turbomole/=============================== Tstep:   92.8 Ttot:111786.4 ==
eandg
Spin: 
 Energy calculation finished, energy: -2.138685361E+03
Testing convergence of dimer midpoint in cycle  323
    Energy  3.0370E-06 Target: 1.0000E-06 converged?   no
  Max step  5.5538E-03 Target: 1.8000E-03 converged?   no component    37
  RMS step  1.2099E-03 Target: 1.2000E-03 converged?   no
  Max grad  1.5777E-04 Target: 4.5000E-04 converged?  yes component    41
  RMS grad  4.6810E-05 Target: 3.0000E-04 converged?  yes
Next calculation will be the dimer endpoint before rotation
dl-find/turbomole/=============================== Tstep:  121.0 Ttot:111907.4 ==
eandg
Spin: 
 Energy calculation finished, energy: -2.138685361E+03
Curvature at dimer midpoint                   -0.00265
Predicted dimer rotation angle:      2.647 deg
Next calculation will be the dimer endpoint after rotation
dl-find/turbomole/=============================== Tstep:  118.8 Ttot:112026.2 ==
eandg
Spin: 
 Energy calculation finished, energy: -2.138685362E+03
Curvature at dimer midpoint after rotation    -0.00240
Curvature at dimer minimum                    -0.00265
Actual dimer rotation angle:         0.110 deg
Dimer rotation converged after    1 steps
Writing TS-mode
Curvature after dimer rotation:               -0.00265
Frequency of transition mode  -264.668 cm^-1 (negative value denotes imaginary frequency)
Crossover temperature for tunnelling       60.60597 K
Restarting L-BFGS optimiser, instance: dimer rotation
Next calculation will be the dimer  midpoint
dl-find/turbomole/=============================== Tstep:   84.7 Ttot:112110.9 ==
eandg
Spin: 
 Energy calculation finished, energy: -2.138685374E+03
Testing convergence of dimer midpoint in cycle  324
    Energy  1.2582E-05 Target: 1.0000E-06 converged?   no
  Max step  3.0573E-02 Target: 1.8000E-03 converged?   no component    13
  RMS step  5.8211E-03 Target: 1.2000E-03 converged?   no
  Max grad  1.9117E-04 Target: 4.5000E-04 converged?  yes component   253
  RMS grad  5.7435E-05 Target: 3.0000E-04 converged?  yes
Next calculation will be the dimer endpoint before rotation
dl-find/turbomole/=============================== Tstep:  127.6 Ttot:112238.5 ==
eandg
Spin: 
 Energy calculation finished, energy: -2.138685373E+03
Curvature at dimer midpoint                   -0.00268
Predicted dimer rotation angle:      3.983 deg
Next calculation will be the dimer endpoint after rotation
dl-find/turbomole/=============================== Tstep:  115.1 Ttot:112353.6 ==
eandg
Spin: 
 Energy calculation finished, energy: -2.138685373E+03
Curvature at dimer midpoint after rotation    -0.00120
Curvature at dimer minimum                    -0.00268
Actual dimer rotation angle:         0.068 deg
Dimer rotation converged after    1 steps
Writing TS-mode
Curvature after dimer rotation:               -0.00268
Frequency of transition mode  -266.030 cm^-1 (negative value denotes imaginary frequency)
Crossover temperature for tunnelling       60.91780 K
Restarting L-BFGS optimiser, instance: dimer rotation
Next calculation will be the dimer  midpoint
dl-find/turbomole/=============================== Tstep:   90.7 Ttot:112444.3 ==
eandg
Spin: 
 Energy calculation finished, energy: -2.138685370E+03
Testing convergence of dimer midpoint in cycle  325
    Energy  4.2100E-06 Target: 1.0000E-06 converged?   no
  Max step  5.2910E-02 Target: 1.8000E-03 converged?   no component    13
  RMS step  9.6081E-03 Target: 1.2000E-03 converged?   no
  Max grad  5.5408E-04 Target: 4.5000E-04 converged?   no component   251
  RMS grad  1.2619E-04 Target: 3.0000E-04 converged?  yes
Next calculation will be the dimer endpoint before rotation
dl-find/turbomole/=============================== Tstep:  130.5 Ttot:112574.8 ==
eandg
Spin: 
 Energy calculation finished, energy: -2.138685369E+03
Curvature at dimer midpoint                   -0.00271
Predicted dimer rotation angle:      2.409 deg
Next calculation will be the dimer endpoint after rotation
dl-find/turbomole/=============================== Tstep:  119.2 Ttot:112694.0 ==
eandg
Spin: 
 Energy calculation finished, energy: -2.138685369E+03
Curvature at dimer midpoint after rotation    -0.00250
Curvature at dimer minimum                    -0.00272
Actual dimer rotation angle:         0.098 deg
Dimer rotation converged after    1 steps
Writing TS-mode
Curvature after dimer rotation:               -0.00272
Frequency of transition mode  -267.855 cm^-1 (negative value denotes imaginary frequency)
Crossover temperature for tunnelling       61.33580 K
Restarting L-BFGS optimiser, instance: dimer rotation
Next calculation will be the dimer  midpoint
dl-find/turbomole/=============================== Tstep:   85.7 Ttot:112779.7 ==
eandg
Spin: 
 Energy calculation finished, energy: -2.138685378E+03
Testing convergence of dimer midpoint in cycle  326
    Energy  8.1280E-06 Target: 1.0000E-06 converged?   no
  Max step  4.7969E-02 Target: 1.8000E-03 converged?   no component    13
  RMS step  9.1504E-03 Target: 1.2000E-03 converged?   no
  Max grad  2.7745E-04 Target: 4.5000E-04 converged?  yes component    59
  RMS grad  6.3368E-05 Target: 3.0000E-04 converged?  yes
Next calculation will be the dimer endpoint before rotation
dl-find/turbomole/=============================== Tstep:  131.8 Ttot:112911.5 ==
eandg
Spin: 
 Energy calculation finished, energy: -2.138685374E+03
Curvature at dimer midpoint                   -0.00275
Predicted dimer rotation angle:      3.502 deg
Next calculation will be the dimer endpoint after rotation
dl-find/turbomole/=============================== Tstep:  118.1 Ttot:113029.6 ==
eandg
Spin: 
 Energy calculation finished, energy: -2.138685377E+03
Curvature at dimer midpoint after rotation    -0.00208
Curvature at dimer minimum                    -0.00275
Actual dimer rotation angle:         0.102 deg
Dimer rotation converged after    1 steps
Writing TS-mode
Curvature after dimer rotation:               -0.00275
Frequency of transition mode  -269.525 cm^-1 (negative value denotes imaginary frequency)
Crossover temperature for tunnelling       61.71814 K
Restarting L-BFGS optimiser, instance: dimer rotation
Next calculation will be the dimer  midpoint
dl-find/turbomole/=============================== Tstep:   91.6 Ttot:113121.2 ==
eandg
Spin: 
 Energy calculation finished, energy: -2.138685383E+03
Testing convergence of dimer midpoint in cycle  327
    Energy  5.1780E-06 Target: 1.0000E-06 converged?   no
  Max step  5.2745E-02 Target: 1.8000E-03 converged?   no component    13
  RMS step  9.9235E-03 Target: 1.2000E-03 converged?   no
  Max grad  1.6085E-04 Target: 4.5000E-04 converged?  yes component    35
  RMS grad  5.1119E-05 Target: 3.0000E-04 converged?  yes
Next calculation will be the dimer endpoint before rotation
dl-find/turbomole/=============================== Tstep:  127.3 Ttot:113248.6 ==
eandg
Spin: 
 Energy calculation finished, energy: -2.138685382E+03
Curvature at dimer midpoint                   -0.00272
Predicted dimer rotation angle:      3.770 deg
Next calculation will be the dimer endpoint after rotation
dl-find/turbomole/=============================== Tstep:  115.3 Ttot:113363.8 ==
eandg
Spin: 
 Energy calculation finished, energy: -2.138685382E+03
Curvature at dimer midpoint after rotation    -0.00155
Curvature at dimer minimum                    -0.00272
Actual dimer rotation angle:         0.073 deg
Dimer rotation converged after    1 steps
Writing TS-mode
Curvature after dimer rotation:               -0.00272
Frequency of transition mode  -268.061 cm^-1 (negative value denotes imaginary frequency)
Crossover temperature for tunnelling       61.38292 K
Restarting L-BFGS optimiser, instance: dimer rotation
Next calculation will be the dimer  midpoint
dl-find/turbomole/=============================== Tstep:   92.0 Ttot:113455.9 ==
eandg
Spin: 
 Energy calculation finished, energy: -2.138685389E+03
Testing convergence of dimer midpoint in cycle  328
    Energy  5.6660E-06 Target: 1.0000E-06 converged?   no
  Max step  5.3339E-02 Target: 1.8000E-03 converged?   no component    13
  RMS step  9.9141E-03 Target: 1.2000E-03 converged?   no
  Max grad  2.6331E-04 Target: 4.5000E-04 converged?  yes component   251
  RMS grad  6.5383E-05 Target: 3.0000E-04 converged?  yes
Next calculation will be the dimer endpoint before rotation
dl-find/turbomole/=============================== Tstep:  130.4 Ttot:113586.2 ==
eandg
Spin: 
 Energy calculation finished, energy: -2.138685388E+03
Curvature at dimer midpoint                   -0.00273
Predicted dimer rotation angle:      2.293 deg
Next calculation will be the dimer endpoint after rotation
dl-find/turbomole/=============================== Tstep:  113.9 Ttot:113700.1 ==
eandg
Spin: 
 Energy calculation finished, energy: -2.138685387E+03
Curvature at dimer midpoint after rotation    -0.00254
Curvature at dimer minimum                    -0.00273
Actual dimer rotation angle:         0.098 deg
Dimer rotation converged after    1 steps
Writing TS-mode
Curvature after dimer rotation:               -0.00273
Frequency of transition mode  -268.383 cm^-1 (negative value denotes imaginary frequency)
Crossover temperature for tunnelling       61.45664 K
Restarting L-BFGS optimiser, instance: dimer rotation
Next calculation will be the dimer  midpoint
dl-find/turbomole/=============================== Tstep:   81.0 Ttot:113781.2 ==
eandg
Spin: 
 Energy calculation finished, energy: -2.138685374E+03
Testing convergence of dimer midpoint in cycle  329
    Energy  1.4555E-05 Target: 1.0000E-06 converged?   no
  Max step  7.6389E-02 Target: 1.8000E-03 converged?   no component    13
  RMS step  1.4263E-02 Target: 1.2000E-03 converged?   no
  Max grad  6.8210E-04 Target: 4.5000E-04 converged?   no component   216
  RMS grad  1.3913E-04 Target: 3.0000E-04 converged?  yes
Next calculation will be the dimer endpoint before rotation
dl-find/turbomole/=============================== Tstep:  131.5 Ttot:113912.6 ==
eandg
Spin: 
 Energy calculation finished, energy: -2.138685374E+03
Curvature at dimer midpoint                   -0.00276
Predicted dimer rotation angle:      3.194 deg
Next calculation will be the dimer endpoint after rotation
dl-find/turbomole/=============================== Tstep:  115.4 Ttot:114028.1 ==
eandg
Spin: 
 Energy calculation finished, energy: -2.138685374E+03
Curvature at dimer midpoint after rotation    -0.00194
Curvature at dimer minimum                    -0.00276
Actual dimer rotation angle:         0.064 deg
Dimer rotation converged after    1 steps
Writing TS-mode
Curvature after dimer rotation:               -0.00276
Frequency of transition mode  -270.207 cm^-1 (negative value denotes imaginary frequency)
Crossover temperature for tunnelling       61.87432 K
Restarting L-BFGS optimiser, instance: dimer rotation
Next calculation will be the dimer  midpoint
dl-find/turbomole/=============================== Tstep:   87.1 Ttot:114115.1 ==
eandg
Spin: 
 Energy calculation finished, energy: -2.138685382E+03
Testing convergence of dimer midpoint in cycle  330
    Energy  7.8130E-06 Target: 1.0000E-06 converged?   no
  Max step  2.3148E-02 Target: 1.8000E-03 converged?   no component    13
  RMS step  4.4055E-03 Target: 1.2000E-03 converged?   no
  Max grad  2.1389E-04 Target: 4.5000E-04 converged?  yes component   251
  RMS grad  6.7693E-05 Target: 3.0000E-04 converged?  yes
Next calculation will be the dimer endpoint before rotation
dl-find/turbomole/=============================== Tstep:  126.5 Ttot:114241.6 ==
eandg
Spin: 
 Energy calculation finished, energy: -2.138685382E+03
Curvature at dimer midpoint                   -0.00277
Predicted dimer rotation angle:      2.007 deg
Next calculation will be the dimer endpoint after rotation
dl-find/turbomole/=============================== Tstep:  118.4 Ttot:114360.0 ==
eandg
Spin: 
 Energy calculation finished, energy: -2.138685382E+03
Curvature at dimer midpoint after rotation    -0.00264
Curvature at dimer minimum                    -0.00277
Actual dimer rotation angle:         0.091 deg
Dimer rotation converged after    1 steps
Writing TS-mode
Curvature after dimer rotation:               -0.00277
Frequency of transition mode  -270.706 cm^-1 (negative value denotes imaginary frequency)
Crossover temperature for tunnelling       61.98847 K
Restarting L-BFGS optimiser, instance: dimer rotation
Next calculation will be the dimer  midpoint
dl-find/turbomole/=============================== Tstep:   85.1 Ttot:114445.1 ==
eandg
Spin: 
 Energy calculation finished, energy: -2.138685378E+03
Testing convergence of dimer midpoint in cycle  331
    Energy  4.2310E-06 Target: 1.0000E-06 converged?   no
  Max step  1.2508E-02 Target: 1.8000E-03 converged?   no component    34
  RMS step  2.6491E-03 Target: 1.2000E-03 converged?   no
  Max grad  1.9419E-04 Target: 4.5000E-04 converged?  yes component    48
  RMS grad  5.8813E-05 Target: 3.0000E-04 converged?  yes
Next calculation will be the dimer endpoint before rotation
dl-find/turbomole/=============================== Tstep:  126.3 Ttot:114571.4 ==
eandg
Spin: 
 Energy calculation finished, energy: -2.138685378E+03
Curvature at dimer midpoint                   -0.00280
Predicted dimer rotation angle:      3.724 deg
Next calculation will be the dimer endpoint after rotation
dl-find/turbomole/=============================== Tstep:  119.0 Ttot:114690.5 ==
eandg
Spin: 
 Energy calculation finished, energy: -2.138685378E+03
Curvature at dimer midpoint after rotation    -0.00191
Curvature at dimer minimum                    -0.00280
Actual dimer rotation angle:         0.095 deg
Dimer rotation converged after    1 steps
Writing TS-mode
Curvature after dimer rotation:               -0.00280
Frequency of transition mode  -271.912 cm^-1 (negative value denotes imaginary frequency)
Crossover temperature for tunnelling       62.26472 K
Restarting L-BFGS optimiser, instance: dimer rotation
Next calculation will be the dimer  midpoint
dl-find/turbomole/=============================== Tstep:   96.9 Ttot:114787.3 ==
eandg
Spin: 
 Energy calculation finished, energy: -2.138685385E+03
Testing convergence of dimer midpoint in cycle  332
    Energy  7.3180E-06 Target: 1.0000E-06 converged?   no
  Max step  1.8602E-02 Target: 1.8000E-03 converged?   no component    13
  RMS step  4.3456E-03 Target: 1.2000E-03 converged?   no
  Max grad  2.7188E-04 Target: 4.5000E-04 converged?  yes component   216
  RMS grad  7.2181E-05 Target: 3.0000E-04 converged?  yes
Next calculation will be the dimer endpoint before rotation
dl-find/turbomole/=============================== Tstep:  120.7 Ttot:114908.1 ==
eandg
Spin: 
 Energy calculation finished, energy: -2.138685385E+03
Curvature at dimer midpoint                   -0.00279
Predicted dimer rotation angle:      2.791 deg
Next calculation will be the dimer endpoint after rotation
dl-find/turbomole/=============================== Tstep:  118.0 Ttot:115026.0 ==
eandg
Spin: 
 Energy calculation finished, energy: -2.138685385E+03
Curvature at dimer midpoint after rotation    -0.00227
Curvature at dimer minimum                    -0.00279
Actual dimer rotation angle:         0.067 deg
Dimer rotation converged after    1 steps
Writing TS-mode
Curvature after dimer rotation:               -0.00279
Frequency of transition mode  -271.665 cm^-1 (negative value denotes imaginary frequency)
Crossover temperature for tunnelling       62.20808 K
Restarting L-BFGS optimiser, instance: dimer rotation
Next calculation will be the dimer  midpoint
dl-find/turbomole/=============================== Tstep:   65.0 Ttot:115091.0 ==
eandg
Spin: 
 Energy calculation finished, energy: -2.138685397E+03
Testing convergence of dimer midpoint in cycle  333
    Energy  1.2156E-05 Target: 1.0000E-06 converged?   no
  Max step  4.2063E-02 Target: 1.8000E-03 converged?   no component    13
  RMS step  8.6232E-03 Target: 1.2000E-03 converged?   no
  Max grad  5.7282E-04 Target: 4.5000E-04 converged?   no component   246
  RMS grad  1.1233E-04 Target: 3.0000E-04 converged?  yes
Next calculation will be the dimer endpoint before rotation
dl-find/turbomole/=============================== Tstep:  129.8 Ttot:115220.8 ==
eandg
Spin: 
 Energy calculation finished, energy: -2.138685385E+03
Curvature at dimer midpoint                   -0.00239
Predicted dimer rotation angle:     25.244 deg
Next calculation will be the dimer endpoint after rotation
dl-find/turbomole/=============================== Tstep:  117.6 Ttot:115338.4 ==
eandg
Spin: 
 Energy calculation finished, energy: -2.138685383E+03
Curvature at dimer midpoint after rotation     0.01676
Curvature at dimer minimum                    -0.00246
Actual dimer rotation angle:         1.411 deg
Dimer rotation converged after    1 steps
Writing TS-mode
Curvature after dimer rotation:               -0.00246
Frequency of transition mode  -254.952 cm^-1 (negative value denotes imaginary frequency)
Crossover temperature for tunnelling       58.38104 K
Restarting L-BFGS optimiser, instance: dimer rotation
Next calculation will be the dimer  midpoint
dl-find/turbomole/=============================== Tstep:  109.1 Ttot:115447.5 ==
eandg
Spin: 
 Energy calculation finished, energy: -2.138685364E+03
Testing convergence of dimer midpoint in cycle  334
    Energy  3.3400E-05 Target: 1.0000E-06 converged?   no
  Max step  6.2482E-02 Target: 1.8000E-03 converged?   no component    13
  RMS step  1.2021E-02 Target: 1.2000E-03 converged?   no
  Max grad  2.5477E-04 Target: 4.5000E-04 converged?  yes component    69
  RMS grad  7.8698E-05 Target: 3.0000E-04 converged?  yes
Next calculation will be the dimer endpoint before rotation
dl-find/turbomole/=============================== Tstep:  134.6 Ttot:115582.1 ==
eandg
Spin: 
 Energy calculation finished, energy: -2.138685366E+03
Curvature at dimer midpoint                   -0.00280
Predicted dimer rotation angle:     23.249 deg
Next calculation will be the dimer endpoint after rotation
dl-find/turbomole/=============================== Tstep:  117.3 Ttot:115699.4 ==
eandg
Spin: 
 Energy calculation finished, energy: -2.138685364E+03
Curvature at dimer midpoint after rotation     0.01554
Curvature at dimer minimum                    -0.00287
Actual dimer rotation angle:         1.286 deg
Dimer rotation converged after    1 steps
Writing TS-mode
Curvature after dimer rotation:               -0.00287
Frequency of transition mode  -275.332 cm^-1 (negative value denotes imaginary frequency)
Crossover temperature for tunnelling       63.04775 K
Restarting L-BFGS optimiser, instance: dimer rotation
Next calculation will be the dimer  midpoint
dl-find/turbomole/=============================== Tstep:   87.2 Ttot:115786.7 ==
eandg
Spin: 
 Energy calculation finished, energy: -2.138685331E+03
Testing convergence of dimer midpoint in cycle  335
    Energy  3.3065E-05 Target: 1.0000E-06 converged?   no
  Max step  2.1885E-02 Target: 1.8000E-03 converged?   no component    13
  RMS step  4.0413E-03 Target: 1.2000E-03 converged?   no
  Max grad  1.5866E-04 Target: 4.5000E-04 converged?  yes component   181
  RMS grad  5.0459E-05 Target: 3.0000E-04 converged?  yes
Next calculation will be the dimer endpoint before rotation
dl-find/turbomole/=============================== Tstep:  120.5 Ttot:115907.2 ==
eandg
Spin: 
 Energy calculation finished, energy: -2.138685331E+03
Curvature at dimer midpoint                   -0.00284
Predicted dimer rotation angle:      9.816 deg
Next calculation will be the dimer endpoint after rotation
dl-find/turbomole/=============================== Tstep:  115.2 Ttot:116022.4 ==
eandg
Spin: 
 Energy calculation finished, energy: -2.138685332E+03
Curvature at dimer midpoint after rotation     0.00664
Curvature at dimer minimum                    -0.00284
Actual dimer rotation angle:         0.172 deg
Dimer rotation converged after    1 steps
Writing TS-mode
Curvature after dimer rotation:               -0.00284
Frequency of transition mode  -274.139 cm^-1 (negative value denotes imaginary frequency)
Crossover temperature for tunnelling       62.77477 K
Restarting L-BFGS optimiser, instance: dimer rotation
Next calculation will be the dimer  midpoint
dl-find/turbomole/=============================== Tstep:  104.6 Ttot:116127.0 ==
eandg
Spin: 
 Energy calculation finished, energy: -2.138685331E+03
Testing convergence of dimer midpoint in cycle  336
    Energy  7.6500E-07 Target: 1.0000E-06 converged?  yes
  Max step  3.9213E-02 Target: 1.8000E-03 converged?   no component    13
  RMS step  7.5017E-03 Target: 1.2000E-03 converged?   no
  Max grad  3.4237E-04 Target: 4.5000E-04 converged?  yes component    54
  RMS grad  6.5282E-05 Target: 3.0000E-04 converged?  yes
Next calculation will be the dimer endpoint before rotation
dl-find/turbomole/=============================== Tstep:  129.5 Ttot:116256.6 ==
eandg
Spin: 
 Energy calculation finished, energy: -2.138685332E+03
Curvature at dimer midpoint                   -0.00285
Predicted dimer rotation angle:      3.634 deg
Next calculation will be the dimer endpoint after rotation
dl-find/turbomole/=============================== Tstep:  114.5 Ttot:116371.1 ==
eandg
Spin: 
 Energy calculation finished, energy: -2.138685332E+03
Curvature at dimer midpoint after rotation    -0.00224
Curvature at dimer minimum                    -0.00285
Actual dimer rotation angle:         0.126 deg
Dimer rotation converged after    1 steps
Writing TS-mode
Curvature after dimer rotation:               -0.00285
Frequency of transition mode  -274.607 cm^-1 (negative value denotes imaginary frequency)
Crossover temperature for tunnelling       62.88176 K
Restarting L-BFGS optimiser, instance: dimer rotation
Next calculation will be the dimer  midpoint
dl-find/turbomole/=============================== Tstep:   90.8 Ttot:116461.9 ==
eandg
Spin: 
 Energy calculation finished, energy: -2.138685328E+03
Testing convergence of dimer midpoint in cycle  337
    Energy  3.5510E-06 Target: 1.0000E-06 converged?   no
  Max step  4.2176E-02 Target: 1.8000E-03 converged?   no component    13
  RMS step  7.8969E-03 Target: 1.2000E-03 converged?   no
  Max grad  3.3372E-04 Target: 4.5000E-04 converged?  yes component    69
  RMS grad  8.7621E-05 Target: 3.0000E-04 converged?  yes
Next calculation will be the dimer endpoint before rotation
dl-find/turbomole/=============================== Tstep:  130.6 Ttot:116592.5 ==
eandg
Spin: 
 Energy calculation finished, energy: -2.138685329E+03
Curvature at dimer midpoint                   -0.00286
Predicted dimer rotation angle:      3.520 deg
Next calculation will be the dimer endpoint after rotation
dl-find/turbomole/=============================== Tstep:  114.9 Ttot:116707.4 ==
eandg
Spin: 
 Energy calculation finished, energy: -2.138685329E+03
Curvature at dimer midpoint after rotation    -0.00209
Curvature at dimer minimum                    -0.00286
Actual dimer rotation angle:         0.094 deg
Dimer rotation converged after    1 steps
Writing TS-mode
Curvature after dimer rotation:               -0.00286
Frequency of transition mode  -274.807 cm^-1 (negative value denotes imaginary frequency)
Crossover temperature for tunnelling       62.92769 K
Restarting L-BFGS optimiser, instance: dimer rotation
Next calculation will be the dimer  midpoint
dl-find/turbomole/=============================== Tstep:   90.4 Ttot:116797.7 ==
eandg
Spin: 
 Energy calculation finished, energy: -2.138685331E+03
Testing convergence of dimer midpoint in cycle  338
    Energy  3.6670E-06 Target: 1.0000E-06 converged?   no
  Max step  1.0928E-02 Target: 1.8000E-03 converged?   no component    34
  RMS step  2.5835E-03 Target: 1.2000E-03 converged?   no
  Max grad  2.2213E-04 Target: 4.5000E-04 converged?  yes component   251
  RMS grad  6.0905E-05 Target: 3.0000E-04 converged?  yes
Next calculation will be the dimer endpoint before rotation
dl-find/turbomole/=============================== Tstep:  121.8 Ttot:116919.6 ==
eandg
Spin: 
 Energy calculation finished, energy: -2.138685332E+03
Curvature at dimer midpoint                   -0.00285
Predicted dimer rotation angle:      2.841 deg
Next calculation will be the dimer endpoint after rotation
dl-find/turbomole/=============================== Tstep:  114.7 Ttot:117034.3 ==
eandg
Spin: 
 Energy calculation finished, energy: -2.138685332E+03
Curvature at dimer midpoint after rotation    -0.00227
Curvature at dimer minimum                    -0.00285
Actual dimer rotation angle:         0.065 deg
Dimer rotation converged after    1 steps
Writing TS-mode
Curvature after dimer rotation:               -0.00285
Frequency of transition mode  -274.667 cm^-1 (negative value denotes imaginary frequency)
Crossover temperature for tunnelling       62.89559 K
Restarting L-BFGS optimiser, instance: dimer rotation
Next calculation will be the dimer  midpoint
dl-find/turbomole/=============================== Tstep:   84.6 Ttot:117118.9 ==
eandg
Spin: 
 Energy calculation finished, energy: -2.138685319E+03
Testing convergence of dimer midpoint in cycle  339
    Energy  1.2211E-05 Target: 1.0000E-06 converged?   no
  Max step  5.3619E-02 Target: 1.8000E-03 converged?   no component    13
  RMS step  1.0299E-02 Target: 1.2000E-03 converged?   no
  Max grad  2.3140E-04 Target: 4.5000E-04 converged?  yes component    43
  RMS grad  6.1730E-05 Target: 3.0000E-04 converged?  yes
Next calculation will be the dimer endpoint before rotation
dl-find/turbomole/=============================== Tstep:  131.3 Ttot:117250.2 ==
eandg
Spin: 
 Energy calculation finished, energy: -2.138685320E+03
Curvature at dimer midpoint                   -0.00286
Predicted dimer rotation angle:      2.262 deg
Next calculation will be the dimer endpoint after rotation
dl-find/turbomole/=============================== Tstep:  117.7 Ttot:117367.9 ==
eandg
Spin: 
 Energy calculation finished, energy: -2.138685321E+03
Curvature at dimer midpoint after rotation    -0.00260
Curvature at dimer minimum                    -0.00286
Actual dimer rotation angle:         0.074 deg
Dimer rotation converged after    1 steps
Writing TS-mode
Curvature after dimer rotation:               -0.00286
Frequency of transition mode  -274.894 cm^-1 (negative value denotes imaginary frequency)
Crossover temperature for tunnelling       62.94765 K
Restarting L-BFGS optimiser, instance: dimer rotation
Next calculation will be the dimer  midpoint
dl-find/turbomole/=============================== Tstep:   84.5 Ttot:117452.4 ==
eandg
Spin: 
 Energy calculation finished, energy: -2.138685316E+03
Testing convergence of dimer midpoint in cycle  340
    Energy  3.4970E-06 Target: 1.0000E-06 converged?   no
  Max step  2.3564E-02 Target: 1.8000E-03 converged?   no component    37
  RMS step  5.9654E-03 Target: 1.2000E-03 converged?   no
  Max grad  5.5597E-04 Target: 4.5000E-04 converged?   no component    55
  RMS grad  7.6920E-05 Target: 3.0000E-04 converged?  yes
Next calculation will be the dimer endpoint before rotation
dl-find/turbomole/=============================== Tstep:  127.5 Ttot:117579.9 ==
eandg
Spin: 
 Energy calculation finished, energy: -2.138685318E+03
Curvature at dimer midpoint                   -0.00288
Predicted dimer rotation angle:      4.981 deg
Next calculation will be the dimer endpoint after rotation
dl-find/turbomole/=============================== Tstep:  118.4 Ttot:117698.3 ==
eandg
Spin: 
 Energy calculation finished, energy: -2.138685319E+03
Curvature at dimer midpoint after rotation    -0.00209
Curvature at dimer minimum                    -0.00288
Actual dimer rotation angle:         0.249 deg
Dimer rotation converged after    1 steps
Writing TS-mode
Curvature after dimer rotation:               -0.00288
Frequency of transition mode  -275.819 cm^-1 (negative value denotes imaginary frequency)
Crossover temperature for tunnelling       63.15940 K
Restarting L-BFGS optimiser, instance: dimer rotation
Next calculation will be the dimer  midpoint
dl-find/turbomole/=============================== Tstep:   85.9 Ttot:117784.2 ==
eandg
Spin: 
 Energy calculation finished, energy: -2.138685317E+03
Testing convergence of dimer midpoint in cycle  341
    Energy  7.9200E-07 Target: 1.0000E-06 converged?  yes
  Max step  2.8223E-02 Target: 1.8000E-03 converged?   no component    13
  RMS step  5.7354E-03 Target: 1.2000E-03 converged?   no
  Max grad  3.3857E-04 Target: 4.5000E-04 converged?  yes component    55
  RMS grad  6.0783E-05 Target: 3.0000E-04 converged?  yes
Next calculation will be the dimer endpoint before rotation
dl-find/turbomole/=============================== Tstep:  125.3 Ttot:117909.6 ==
eandg
Spin: 
 Energy calculation finished, energy: -2.138685317E+03
Curvature at dimer midpoint                   -0.00286
Predicted dimer rotation angle:      5.590 deg
Next calculation will be the dimer endpoint after rotation
dl-find/turbomole/=============================== Tstep:  117.2 Ttot:118026.7 ==
eandg
Spin: 
 Energy calculation finished, energy: -2.138685318E+03
Curvature at dimer midpoint after rotation    -0.00004
Curvature at dimer minimum                    -0.00286
Actual dimer rotation angle:         0.105 deg
Dimer rotation converged after    1 steps
Writing TS-mode
Curvature after dimer rotation:               -0.00286
Frequency of transition mode  -274.885 cm^-1 (negative value denotes imaginary frequency)
Crossover temperature for tunnelling       62.94545 K
Restarting L-BFGS optimiser, instance: dimer rotation
Next calculation will be the dimer  midpoint
dl-find/turbomole/=============================== Tstep:   92.9 Ttot:118119.6 ==
eandg
Spin: 
 Energy calculation finished, energy: -2.138685300E+03
Testing convergence of dimer midpoint in cycle  342
    Energy  1.6241E-05 Target: 1.0000E-06 converged?   no
  Max step  9.5903E-02 Target: 1.8000E-03 converged?   no component    13
  RMS step  1.8393E-02 Target: 1.2000E-03 converged?   no
  Max grad  4.1239E-04 Target: 4.5000E-04 converged?  yes component   246
  RMS grad  7.6146E-05 Target: 3.0000E-04 converged?  yes
Next calculation will be the dimer endpoint before rotation
dl-find/turbomole/=============================== Tstep:  139.4 Ttot:118258.9 ==
eandg
Spin: 
 Energy calculation finished, energy: -2.138685301E+03
Curvature at dimer midpoint                   -0.00283
Predicted dimer rotation angle:      3.174 deg
Next calculation will be the dimer endpoint after rotation
dl-find/turbomole/=============================== Tstep:  118.1 Ttot:118377.0 ==
eandg
Spin: 
 Energy calculation finished, energy: -2.138685301E+03
Curvature at dimer midpoint after rotation    -0.00240
Curvature at dimer minimum                    -0.00283
Actual dimer rotation angle:         0.120 deg
Dimer rotation converged after    1 steps
Writing TS-mode
Curvature after dimer rotation:               -0.00283
Frequency of transition mode  -273.453 cm^-1 (negative value denotes imaginary frequency)
Crossover temperature for tunnelling       62.61765 K
Restarting L-BFGS optimiser, instance: dimer rotation
Next calculation will be the dimer  midpoint
dl-find/turbomole/=============================== Tstep:   87.1 Ttot:118464.2 ==
eandg
Spin: 
 Energy calculation finished, energy: -2.138685295E+03
Testing convergence of dimer midpoint in cycle  343
    Energy  5.0730E-06 Target: 1.0000E-06 converged?   no
  Max step  2.1787E-02 Target: 1.8000E-03 converged?   no component    13
  RMS step  5.5950E-03 Target: 1.2000E-03 converged?   no
  Max grad  6.4586E-04 Target: 4.5000E-04 converged?   no component   246
  RMS grad  1.1372E-04 Target: 3.0000E-04 converged?  yes
Next calculation will be the dimer endpoint before rotation
dl-find/turbomole/=============================== Tstep:  129.5 Ttot:118593.7 ==
eandg
Spin: 
 Energy calculation finished, energy: -2.138685296E+03
Curvature at dimer midpoint                   -0.00281
Predicted dimer rotation angle:      2.938 deg
Next calculation will be the dimer endpoint after rotation
dl-find/turbomole/=============================== Tstep:  119.0 Ttot:118712.7 ==
eandg
Spin: 
 Energy calculation finished, energy: -2.138685296E+03
Curvature at dimer midpoint after rotation    -0.00215
Curvature at dimer minimum                    -0.00281
Actual dimer rotation angle:         0.063 deg
Dimer rotation converged after    1 steps
Writing TS-mode
Curvature after dimer rotation:               -0.00281
Frequency of transition mode  -272.588 cm^-1 (negative value denotes imaginary frequency)
Crossover temperature for tunnelling       62.41944 K
Restarting L-BFGS optimiser, instance: dimer rotation
Next calculation will be the dimer  midpoint
dl-find/turbomole/=============================== Tstep:   73.1 Ttot:118785.8 ==
eandg
Spin: 
 Energy calculation finished, energy: -2.138685300E+03
Testing convergence of dimer midpoint in cycle  344
    Energy  4.5650E-06 Target: 1.0000E-06 converged?   no
  Max step  3.2087E-02 Target: 1.8000E-03 converged?   no component    13
  RMS step  5.8598E-03 Target: 1.2000E-03 converged?   no
  Max grad  1.7997E-04 Target: 4.5000E-04 converged?  yes component   218
  RMS grad  5.4703E-05 Target: 3.0000E-04 converged?  yes
Next calculation will be the dimer endpoint before rotation
dl-find/turbomole/=============================== Tstep:  127.4 Ttot:118913.2 ==
eandg
Spin: 
 Energy calculation finished, energy: -2.138685300E+03
Curvature at dimer midpoint                   -0.00282
Predicted dimer rotation angle:      1.845 deg
Dimer rotation converged after    0 steps
Writing TS-mode
Curvature after dimer rotation:               -0.00282
Frequency of transition mode  -272.953 cm^-1 (negative value denotes imaginary frequency)
Crossover temperature for tunnelling       62.50300 K
Restarting L-BFGS optimiser, instance: dimer rotation
Next calculation will be the dimer  midpoint
dl-find/turbomole/=============================== Tstep:  117.4 Ttot:119030.6 ==
eandg
Spin: 
 Energy calculation finished, energy: -2.138685307E+03
Testing convergence of dimer midpoint in cycle  345
    Energy  7.5980E-06 Target: 1.0000E-06 converged?   no
  Max step  4.0316E-03 Target: 1.8000E-03 converged?   no component    37
  RMS step  1.0715E-03 Target: 1.2000E-03 converged?  yes
  Max grad  1.5431E-04 Target: 4.5000E-04 converged?  yes component   253
  RMS grad  4.1494E-05 Target: 3.0000E-04 converged?  yes
Next calculation will be the dimer endpoint before rotation
dl-find/turbomole/=============================== Tstep:  124.7 Ttot:119155.3 ==
eandg
Spin: 
 Energy calculation finished, energy: -2.138685307E+03
Curvature at dimer midpoint                   -0.00281
Predicted dimer rotation angle:      1.984 deg
Dimer rotation converged after    0 steps
Writing TS-mode
Curvature after dimer rotation:               -0.00281
Frequency of transition mode  -272.549 cm^-1 (negative value denotes imaginary frequency)
Crossover temperature for tunnelling       62.41061 K
Restarting L-BFGS optimiser, instance: dimer rotation
Next calculation will be the dimer  midpoint
dl-find/turbomole/=============================== Tstep:  115.0 Ttot:119270.4 ==
eandg
Spin: 
 Energy calculation finished, energy: -2.138685307E+03
Testing convergence of dimer midpoint in cycle  346
    Energy  1.4600E-07 Target: 1.0000E-06 converged?  yes
  Max step  1.3566E-02 Target: 1.8000E-03 converged?   no component   229
  RMS step  3.9449E-03 Target: 1.2000E-03 converged?   no
  Max grad  2.6689E-04 Target: 4.5000E-04 converged?  yes component    92
  RMS grad  5.4052E-05 Target: 3.0000E-04 converged?  yes
Next calculation will be the dimer endpoint before rotation
dl-find/turbomole/=============================== Tstep:  127.0 Ttot:119397.4 ==
eandg
Spin: 
 Energy calculation finished, energy: -2.138685308E+03
Curvature at dimer midpoint                   -0.00280
Predicted dimer rotation angle:      2.117 deg
Next calculation will be the dimer endpoint after rotation
dl-find/turbomole/=============================== Tstep:  118.2 Ttot:119515.5 ==
eandg
Spin: 
 Energy calculation finished, energy: -2.138685307E+03
Curvature at dimer midpoint after rotation    -0.00255
Curvature at dimer minimum                    -0.00280
Actual dimer rotation angle:         0.061 deg
Dimer rotation converged after    1 steps
Writing TS-mode
Curvature after dimer rotation:               -0.00280
Frequency of transition mode  -272.192 cm^-1 (negative value denotes imaginary frequency)
Crossover temperature for tunnelling       62.32886 K
Restarting L-BFGS optimiser, instance: dimer rotation
Next calculation will be the dimer  midpoint
dl-find/turbomole/=============================== Tstep:   81.2 Ttot:119596.7 ==
eandg
Spin: 
 Energy calculation finished, energy: -2.138685297E+03
Testing convergence of dimer midpoint in cycle  347
    Energy  1.0382E-05 Target: 1.0000E-06 converged?   no
  Max step  4.5802E-02 Target: 1.8000E-03 converged?   no component    13
  RMS step  9.7075E-03 Target: 1.2000E-03 converged?   no
  Max grad  3.6071E-04 Target: 4.5000E-04 converged?  yes component    92
  RMS grad  7.0862E-05 Target: 3.0000E-04 converged?  yes
Next calculation will be the dimer endpoint before rotation
dl-find/turbomole/=============================== Tstep:  130.6 Ttot:119727.3 ==
eandg
Spin: 
 Energy calculation finished, energy: -2.138685298E+03
Curvature at dimer midpoint                   -0.00278
Predicted dimer rotation angle:      3.393 deg
Next calculation will be the dimer endpoint after rotation
dl-find/turbomole/=============================== Tstep:  114.0 Ttot:119841.3 ==
eandg
Spin: 
 Energy calculation finished, energy: -2.138685298E+03
Curvature at dimer midpoint after rotation    -0.00229
Curvature at dimer minimum                    -0.00279
Actual dimer rotation angle:         0.124 deg
Dimer rotation converged after    1 steps
Writing TS-mode
Curvature after dimer rotation:               -0.00279
Frequency of transition mode  -271.285 cm^-1 (negative value denotes imaginary frequency)
Crossover temperature for tunnelling       62.12115 K
Restarting L-BFGS optimiser, instance: dimer rotation
Next calculation will be the dimer  midpoint
dl-find/turbomole/=============================== Tstep:   91.6 Ttot:119932.9 ==
eandg
Spin: 
 Energy calculation finished, energy: -2.138685276E+03
Testing convergence of dimer midpoint in cycle  348
    Energy  2.0896E-05 Target: 1.0000E-06 converged?   no
  Max step  5.3943E-02 Target: 1.8000E-03 converged?   no component    13
  RMS step  1.2973E-02 Target: 1.2000E-03 converged?   no
  Max grad  3.9070E-04 Target: 4.5000E-04 converged?  yes component   154
  RMS grad  8.3445E-05 Target: 3.0000E-04 converged?  yes
Next calculation will be the dimer endpoint before rotation
dl-find/turbomole/=============================== Tstep:  129.2 Ttot:120062.1 ==
eandg
Spin: 
 Energy calculation finished, energy: -2.138685276E+03
Curvature at dimer midpoint                   -0.00273
Predicted dimer rotation angle:      3.718 deg
Next calculation will be the dimer endpoint after rotation
dl-find/turbomole/=============================== Tstep:  114.3 Ttot:120176.4 ==
eandg
Spin: 
 Energy calculation finished, energy: -2.138685276E+03
Curvature at dimer midpoint after rotation    -0.00182
Curvature at dimer minimum                    -0.00273
Actual dimer rotation angle:         0.090 deg
Dimer rotation converged after    1 steps
Writing TS-mode
Curvature after dimer rotation:               -0.00273
Frequency of transition mode  -268.401 cm^-1 (negative value denotes imaginary frequency)
Crossover temperature for tunnelling       61.46064 K
Restarting L-BFGS optimiser, instance: dimer rotation
Next calculation will be the dimer  midpoint
dl-find/turbomole/=============================== Tstep:   95.9 Ttot:120272.3 ==
eandg
Spin: 
 Energy calculation finished, energy: -2.138685282E+03
Testing convergence of dimer midpoint in cycle  349
    Energy  6.0110E-06 Target: 1.0000E-06 converged?   no
  Max step  4.8366E-03 Target: 1.8000E-03 converged?   no component    13
  RMS step  1.0488E-03 Target: 1.2000E-03 converged?  yes
  Max grad  1.1298E-04 Target: 4.5000E-04 converged?  yes component   245
  RMS grad  3.4980E-05 Target: 3.0000E-04 converged?  yes
Next calculation will be the dimer endpoint before rotation
dl-find/turbomole/=============================== Tstep:  122.2 Ttot:120394.5 ==
eandg
Spin: 
 Energy calculation finished, energy: -2.138685282E+03
Curvature at dimer midpoint                   -0.00274
Predicted dimer rotation angle:      2.706 deg
Next calculation will be the dimer endpoint after rotation
dl-find/turbomole/=============================== Tstep:  117.2 Ttot:120511.7 ==
eandg
Spin: 
 Energy calculation finished, energy: -2.138685282E+03
Curvature at dimer midpoint after rotation    -0.00221
Curvature at dimer minimum                    -0.00274
Actual dimer rotation angle:         0.060 deg
Dimer rotation converged after    1 steps
Writing TS-mode
Curvature after dimer rotation:               -0.00274
Frequency of transition mode  -268.857 cm^-1 (negative value denotes imaginary frequency)
Crossover temperature for tunnelling       61.56519 K
Restarting L-BFGS optimiser, instance: dimer rotation
Next calculation will be the dimer  midpoint
dl-find/turbomole/=============================== Tstep:   89.9 Ttot:120601.5 ==
eandg
Spin: 
 Energy calculation finished, energy: -2.138685282E+03
Testing convergence of dimer midpoint in cycle  350
    Energy  1.3200E-07 Target: 1.0000E-06 converged?  yes
  Max step  3.8664E-03 Target: 1.8000E-03 converged?   no component    13
  RMS step  1.0832E-03 Target: 1.2000E-03 converged?  yes
  Max grad  1.6551E-04 Target: 4.5000E-04 converged?  yes component    84
  RMS grad  3.9648E-05 Target: 3.0000E-04 converged?  yes
Next calculation will be the dimer endpoint before rotation
dl-find/turbomole/=============================== Tstep:  124.6 Ttot:120726.2 ==
eandg
Spin: 
 Energy calculation finished, energy: -2.138685282E+03
Curvature at dimer midpoint                   -0.00273
Predicted dimer rotation angle:      1.980 deg
Dimer rotation converged after    0 steps
Writing TS-mode
Curvature after dimer rotation:               -0.00273
Frequency of transition mode  -268.514 cm^-1 (negative value denotes imaginary frequency)
Crossover temperature for tunnelling       61.48666 K
Restarting L-BFGS optimiser, instance: dimer rotation
Next calculation will be the dimer  midpoint
dl-find/turbomole/=============================== Tstep:  118.1 Ttot:120844.3 ==
eandg
Spin: 
 Energy calculation finished, energy: -2.138685285E+03
Testing convergence of dimer midpoint in cycle  351
    Energy  2.4820E-06 Target: 1.0000E-06 converged?   no
  Max step  7.5725E-03 Target: 1.8000E-03 converged?   no component   166
  RMS step  1.6036E-03 Target: 1.2000E-03 converged?   no
  Max grad  2.7197E-04 Target: 4.5000E-04 converged?  yes component    84
  RMS grad  4.7284E-05 Target: 3.0000E-04 converged?  yes
Next calculation will be the dimer endpoint before rotation
dl-find/turbomole/=============================== Tstep:  126.1 Ttot:120970.4 ==
eandg
Spin: 
 Energy calculation finished, energy: -2.138685285E+03
Curvature at dimer midpoint                   -0.00273
Predicted dimer rotation angle:      2.992 deg
Next calculation will be the dimer endpoint after rotation
dl-find/turbomole/=============================== Tstep:  117.2 Ttot:121087.7 ==
eandg
Spin: 
 Energy calculation finished, energy: -2.138685284E+03
Curvature at dimer midpoint after rotation    -0.00234
Curvature at dimer minimum                    -0.00273
Actual dimer rotation angle:         0.107 deg
Dimer rotation converged after    1 steps
Writing TS-mode
Curvature after dimer rotation:               -0.00273
Frequency of transition mode  -268.392 cm^-1 (negative value denotes imaginary frequency)
Crossover temperature for tunnelling       61.45868 K
Restarting L-BFGS optimiser, instance: dimer rotation
Next calculation will be the dimer  midpoint
dl-find/turbomole/=============================== Tstep:   90.3 Ttot:121178.0 ==
eandg
Spin: 
 Energy calculation finished, energy: -2.138685281E+03
Testing convergence of dimer midpoint in cycle  352
    Energy  3.4470E-06 Target: 1.0000E-06 converged?   no
  Max step  2.7470E-02 Target: 1.8000E-03 converged?   no component    13
  RMS step  6.7768E-03 Target: 1.2000E-03 converged?   no
  Max grad  5.8942E-04 Target: 4.5000E-04 converged?   no component   253
  RMS grad  1.3481E-04 Target: 3.0000E-04 converged?  yes
Next calculation will be the dimer endpoint before rotation
dl-find/turbomole/=============================== Tstep:  130.9 Ttot:121308.9 ==
eandg
Spin: 
 Energy calculation finished, energy: -2.138685280E+03
Curvature at dimer midpoint                   -0.00266
Predicted dimer rotation angle:      3.441 deg
Next calculation will be the dimer endpoint after rotation
dl-find/turbomole/=============================== Tstep:  118.0 Ttot:121426.8 ==
eandg
Spin: 
 Energy calculation finished, energy: -2.138685281E+03
Curvature at dimer midpoint after rotation    -0.00202
Curvature at dimer minimum                    -0.00267
Actual dimer rotation angle:         0.097 deg
Dimer rotation converged after    1 steps
Writing TS-mode
Curvature after dimer rotation:               -0.00267
Frequency of transition mode  -265.381 cm^-1 (negative value denotes imaginary frequency)
Crossover temperature for tunnelling       60.76917 K
Restarting L-BFGS optimiser, instance: dimer rotation
Next calculation will be the dimer  midpoint
dl-find/turbomole/=============================== Tstep:   91.9 Ttot:121518.8 ==
eandg
Spin: 
 Energy calculation finished, energy: -2.138685289E+03
Testing convergence of dimer midpoint in cycle  353
    Energy  7.8070E-06 Target: 1.0000E-06 converged?   no
  Max step  7.5173E-03 Target: 1.8000E-03 converged?   no component   229
  RMS step  1.7765E-03 Target: 1.2000E-03 converged?   no
  Max grad  1.6597E-04 Target: 4.5000E-04 converged?  yes component   218
  RMS grad  4.3481E-05 Target: 3.0000E-04 converged?  yes
Next calculation will be the dimer endpoint before rotation
dl-find/turbomole/=============================== Tstep:  124.6 Ttot:121643.4 ==
eandg
Spin: 
 Energy calculation finished, energy: -2.138685288E+03
Curvature at dimer midpoint                   -0.00267
Predicted dimer rotation angle:      2.945 deg
Next calculation will be the dimer endpoint after rotation
dl-find/turbomole/=============================== Tstep:  114.7 Ttot:121758.1 ==
eandg
Spin: 
 Energy calculation finished, energy: -2.138685288E+03
Curvature at dimer midpoint after rotation    -0.00199
Curvature at dimer minimum                    -0.00267
Actual dimer rotation angle:         0.059 deg
Dimer rotation converged after    1 steps
Writing TS-mode
Curvature after dimer rotation:               -0.00267
Frequency of transition mode  -265.609 cm^-1 (negative value denotes imaginary frequency)
Crossover temperature for tunnelling       60.82135 K
Restarting L-BFGS optimiser, instance: dimer rotation
Next calculation will be the dimer  midpoint
dl-find/turbomole/=============================== Tstep:   81.6 Ttot:121839.7 ==
eandg
Spin: 
 Energy calculation finished, energy: -2.138685286E+03
Testing convergence of dimer midpoint in cycle  354
    Energy  2.9460E-06 Target: 1.0000E-06 converged?   no
  Max step  6.4718E-03 Target: 1.8000E-03 converged?   no component   166
  RMS step  1.4588E-03 Target: 1.2000E-03 converged?   no
  Max grad  1.1566E-04 Target: 4.5000E-04 converged?  yes component   218
  RMS grad  3.3239E-05 Target: 3.0000E-04 converged?  yes
Next calculation will be the dimer endpoint before rotation
dl-find/turbomole/=============================== Tstep:  124.2 Ttot:121963.9 ==
eandg
Spin: 
 Energy calculation finished, energy: -2.138685286E+03
Curvature at dimer midpoint                   -0.00268
Predicted dimer rotation angle:      2.881 deg
Next calculation will be the dimer endpoint after rotation
dl-find/turbomole/=============================== Tstep:  117.7 Ttot:122081.6 ==
eandg
Spin: 
 Energy calculation finished, energy: -2.138685286E+03
Curvature at dimer midpoint after rotation    -0.00231
Curvature at dimer minimum                    -0.00268
Actual dimer rotation angle:         0.098 deg
Dimer rotation converged after    1 steps
Writing TS-mode
Curvature after dimer rotation:               -0.00268
Frequency of transition mode  -266.069 cm^-1 (negative value denotes imaginary frequency)
Crossover temperature for tunnelling       60.92678 K
Restarting L-BFGS optimiser, instance: dimer rotation
Next calculation will be the dimer  midpoint
dl-find/turbomole/=============================== Tstep:   90.9 Ttot:122172.5 ==
eandg
Spin: 
 Energy calculation finished, energy: -2.138685283E+03
Testing convergence of dimer midpoint in cycle  355
    Energy  3.3230E-06 Target: 1.0000E-06 converged?   no
  Max step  1.8415E-02 Target: 1.8000E-03 converged?   no component    13
  RMS step  4.6917E-03 Target: 1.2000E-03 converged?   no
  Max grad  2.1117E-04 Target: 4.5000E-04 converged?  yes component   253
  RMS grad  4.6532E-05 Target: 3.0000E-04 converged?  yes
Next calculation will be the dimer endpoint before rotation
dl-find/turbomole/=============================== Tstep:  127.6 Ttot:122300.1 ==
eandg
Spin: 
 Energy calculation finished, energy: -2.138685282E+03
Curvature at dimer midpoint                   -0.00265
Predicted dimer rotation angle:      3.301 deg
Next calculation will be the dimer endpoint after rotation
dl-find/turbomole/=============================== Tstep:  114.4 Ttot:122414.5 ==
eandg
Spin: 
 Energy calculation finished, energy: -2.138685282E+03
Curvature at dimer midpoint after rotation    -0.00196
Curvature at dimer minimum                    -0.00265
Actual dimer rotation angle:         0.081 deg
Dimer rotation converged after    1 steps
Writing TS-mode
Curvature after dimer rotation:               -0.00265
Frequency of transition mode  -264.592 cm^-1 (negative value denotes imaginary frequency)
Crossover temperature for tunnelling       60.58845 K
Restarting L-BFGS optimiser, instance: dimer rotation
Next calculation will be the dimer  midpoint
dl-find/turbomole/=============================== Tstep:   95.6 Ttot:122510.1 ==
eandg
Spin: 
 Energy calculation finished, energy: -2.138685268E+03
Testing convergence of dimer midpoint in cycle  356
    Energy  1.5116E-05 Target: 1.0000E-06 converged?   no
  Max step  2.2091E-02 Target: 1.8000E-03 converged?   no component   166
  RMS step  5.5846E-03 Target: 1.2000E-03 converged?   no
  Max grad  2.0064E-04 Target: 4.5000E-04 converged?  yes component   253
  RMS grad  5.5568E-05 Target: 3.0000E-04 converged?  yes
Next calculation will be the dimer endpoint before rotation
dl-find/turbomole/=============================== Tstep:  129.1 Ttot:122639.2 ==
eandg
Spin: 
 Energy calculation finished, energy: -2.138685266E+03
Curvature at dimer midpoint                   -0.00262
Predicted dimer rotation angle:      2.901 deg
Next calculation will be the dimer endpoint after rotation
dl-find/turbomole/=============================== Tstep:  114.6 Ttot:122753.8 ==
eandg
Spin: 
 Energy calculation finished, energy: -2.138685267E+03
Curvature at dimer midpoint after rotation    -0.00204
Curvature at dimer minimum                    -0.00262
Actual dimer rotation angle:         0.064 deg
Dimer rotation converged after    1 steps
Writing TS-mode
Curvature after dimer rotation:               -0.00262
Frequency of transition mode  -263.260 cm^-1 (negative value denotes imaginary frequency)
Crossover temperature for tunnelling       60.28347 K
Restarting L-BFGS optimiser, instance: dimer rotation
Next calculation will be the dimer  midpoint
dl-find/turbomole/=============================== Tstep:   91.7 Ttot:122845.5 ==
eandg
Spin: 
 Energy calculation finished, energy: -2.138685253E+03
Testing convergence of dimer midpoint in cycle  357
    Energy  1.4360E-05 Target: 1.0000E-06 converged?   no
  Max step  7.3678E-02 Target: 1.8000E-03 converged?   no component    13
  RMS step  1.7505E-02 Target: 1.2000E-03 converged?   no
  Max grad  8.1276E-04 Target: 4.5000E-04 converged?   no component   246
  RMS grad  1.4225E-04 Target: 3.0000E-04 converged?  yes
Next calculation will be the dimer endpoint before rotation
dl-find/turbomole/=============================== Tstep:  120.7 Ttot:122966.2 ==
eandg
Spin: 
 Energy calculation finished, energy: -2.138685252E+03
Curvature at dimer midpoint                   -0.00256
Predicted dimer rotation angle:      3.298 deg
Next calculation will be the dimer endpoint after rotation
dl-find/turbomole/=============================== Tstep:  117.6 Ttot:123083.9 ==
eandg
Spin: 
 Energy calculation finished, energy: -2.138685252E+03
Curvature at dimer midpoint after rotation    -0.00201
Curvature at dimer minimum                    -0.00256
Actual dimer rotation angle:         0.096 deg
Dimer rotation converged after    1 steps
Writing TS-mode
Curvature after dimer rotation:               -0.00256
Frequency of transition mode  -260.214 cm^-1 (negative value denotes imaginary frequency)
Crossover temperature for tunnelling       59.58595 K
Restarting L-BFGS optimiser, instance: dimer rotation
Next calculation will be the dimer  midpoint
dl-find/turbomole/=============================== Tstep:   79.8 Ttot:123163.7 ==
eandg
Spin: 
 Energy calculation finished, energy: -2.138685263E+03
Testing convergence of dimer midpoint in cycle  358
    Energy  9.6370E-06 Target: 1.0000E-06 converged?   no
  Max step  8.4549E-03 Target: 1.8000E-03 converged?   no component   166
  RMS step  1.9495E-03 Target: 1.2000E-03 converged?   no
  Max grad  1.3990E-04 Target: 4.5000E-04 converged?  yes component   250
  RMS grad  3.9460E-05 Target: 3.0000E-04 converged?  yes
Next calculation will be the dimer endpoint before rotation
dl-find/turbomole/=============================== Tstep:  123.8 Ttot:123287.5 ==
eandg
Spin: 
 Energy calculation finished, energy: -2.138685262E+03
Curvature at dimer midpoint                   -0.00257
Predicted dimer rotation angle:      3.366 deg
Next calculation will be the dimer endpoint after rotation
dl-find/turbomole/=============================== Tstep:  118.2 Ttot:123405.7 ==
eandg
Spin: 
 Energy calculation finished, energy: -2.138685263E+03
Curvature at dimer midpoint after rotation    -0.00186
Curvature at dimer minimum                    -0.00257
Actual dimer rotation angle:         0.081 deg
Dimer rotation converged after    1 steps
Writing TS-mode
Curvature after dimer rotation:               -0.00257
Frequency of transition mode  -260.544 cm^-1 (negative value denotes imaginary frequency)
Crossover temperature for tunnelling       59.66146 K
Restarting L-BFGS optimiser, instance: dimer rotation
Next calculation will be the dimer  midpoint
dl-find/turbomole/=============================== Tstep:   90.8 Ttot:123496.5 ==
eandg
Spin: 
 Energy calculation finished, energy: -2.138685269E+03
Testing convergence of dimer midpoint in cycle  359
    Energy  5.6360E-06 Target: 1.0000E-06 converged?   no
  Max step  1.5175E-02 Target: 1.8000E-03 converged?   no component    13
  RMS step  2.9874E-03 Target: 1.2000E-03 converged?   no
  Max grad  1.1441E-04 Target: 4.5000E-04 converged?  yes component   246
  RMS grad  3.2807E-05 Target: 3.0000E-04 converged?  yes
Next calculation will be the dimer endpoint before rotation
dl-find/turbomole/=============================== Tstep:  120.7 Ttot:123617.2 ==
eandg
Spin: 
 Energy calculation finished, energy: -2.138685266E+03
Curvature at dimer midpoint                   -0.00255
Predicted dimer rotation angle:      3.101 deg
Next calculation will be the dimer endpoint after rotation
dl-find/turbomole/=============================== Tstep:  119.1 Ttot:123736.3 ==
eandg
Spin: 
 Energy calculation finished, energy: -2.138685268E+03
Curvature at dimer midpoint after rotation    -0.00194
Curvature at dimer minimum                    -0.00255
Actual dimer rotation angle:         0.073 deg
Dimer rotation converged after    1 steps
Writing TS-mode
Curvature after dimer rotation:               -0.00255
Frequency of transition mode  -259.612 cm^-1 (negative value denotes imaginary frequency)
Crossover temperature for tunnelling       59.44823 K
Restarting L-BFGS optimiser, instance: dimer rotation
Next calculation will be the dimer  midpoint
dl-find/turbomole/=============================== Tstep:   96.6 Ttot:123833.0 ==
eandg
Spin: 
 Energy calculation finished, energy: -2.138685272E+03
Testing convergence of dimer midpoint in cycle  360
    Energy  3.2970E-06 Target: 1.0000E-06 converged?   no
  Max step  1.9829E-02 Target: 1.8000E-03 converged?   no component    13
  RMS step  4.4229E-03 Target: 1.2000E-03 converged?   no
  Max grad  2.7116E-04 Target: 4.5000E-04 converged?  yes component   246
  RMS grad  4.3867E-05 Target: 3.0000E-04 converged?  yes
Next calculation will be the dimer endpoint before rotation
dl-find/turbomole/=============================== Tstep:  122.8 Ttot:123955.8 ==
eandg
Spin: 
 Energy calculation finished, energy: -2.138685271E+03
Curvature at dimer midpoint                   -0.00259
Predicted dimer rotation angle:      2.369 deg
Next calculation will be the dimer endpoint after rotation
dl-find/turbomole/=============================== Tstep:  118.8 Ttot:124074.5 ==
eandg
Spin: 
 Energy calculation finished, energy: -2.138685271E+03
Curvature at dimer midpoint after rotation    -0.00222
Curvature at dimer minimum                    -0.00259
Actual dimer rotation angle:         0.054 deg
Dimer rotation converged after    1 steps
Writing TS-mode
Curvature after dimer rotation:               -0.00259
Frequency of transition mode  -261.608 cm^-1 (negative value denotes imaginary frequency)
Crossover temperature for tunnelling       59.90514 K
Restarting L-BFGS optimiser, instance: dimer rotation
Next calculation will be the dimer  midpoint
dl-find/turbomole/=============================== Tstep:   81.0 Ttot:124155.6 ==
eandg
Spin: 
 Energy calculation finished, energy: -2.138685267E+03
Testing convergence of dimer midpoint in cycle  361
    Energy  5.1590E-06 Target: 1.0000E-06 converged?   no
  Max step  3.4086E-02 Target: 1.8000E-03 converged?   no component    13
  RMS step  8.1635E-03 Target: 1.2000E-03 converged?   no
  Max grad  5.9074E-04 Target: 4.5000E-04 converged?   no component   253
  RMS grad  8.9205E-05 Target: 3.0000E-04 converged?  yes
Next calculation will be the dimer endpoint before rotation
dl-find/turbomole/=============================== Tstep:  120.4 Ttot:124276.0 ==
eandg
Spin: 
 Energy calculation finished, energy: -2.138685269E+03
Curvature at dimer midpoint                   -0.00257
Predicted dimer rotation angle:      4.004 deg
Next calculation will be the dimer endpoint after rotation
dl-find/turbomole/=============================== Tstep:  118.9 Ttot:124394.9 ==
eandg
Spin: 
 Energy calculation finished, energy: -2.138685269E+03
Curvature at dimer midpoint after rotation    -0.00172
Curvature at dimer minimum                    -0.00257
Actual dimer rotation angle:         0.112 deg
Dimer rotation converged after    1 steps
Writing TS-mode
Curvature after dimer rotation:               -0.00257
Frequency of transition mode  -260.754 cm^-1 (negative value denotes imaginary frequency)
Crossover temperature for tunnelling       59.70964 K
Restarting L-BFGS optimiser, instance: dimer rotation
Next calculation will be the dimer  midpoint
dl-find/turbomole/=============================== Tstep:   93.0 Ttot:124487.9 ==
eandg
Spin: 
 Energy calculation finished, energy: -2.138685269E+03
Testing convergence of dimer midpoint in cycle  362
    Energy  2.4640E-06 Target: 1.0000E-06 converged?   no
  Max step  7.4640E-03 Target: 1.8000E-03 converged?   no component   166
  RMS step  1.7814E-03 Target: 1.2000E-03 converged?   no
  Max grad  2.0624E-04 Target: 4.5000E-04 converged?  yes component   253
  RMS grad  4.0386E-05 Target: 3.0000E-04 converged?  yes
Next calculation will be the dimer endpoint before rotation
dl-find/turbomole/=============================== Tstep:  117.7 Ttot:124605.6 ==
eandg
Spin: 
 Energy calculation finished, energy: -2.138685271E+03
Curvature at dimer midpoint                   -0.00258
Predicted dimer rotation angle:      3.221 deg
Next calculation will be the dimer endpoint after rotation
dl-find/turbomole/=============================== Tstep:  118.1 Ttot:124723.7 ==
eandg
Spin: 
 Energy calculation finished, energy: -2.138685272E+03
Curvature at dimer midpoint after rotation    -0.00188
Curvature at dimer minimum                    -0.00258
Actual dimer rotation angle:         0.073 deg
Dimer rotation converged after    1 steps
Writing TS-mode
Curvature after dimer rotation:               -0.00258
Frequency of transition mode  -261.024 cm^-1 (negative value denotes imaginary frequency)
Crossover temperature for tunnelling       59.77148 K
Restarting L-BFGS optimiser, instance: dimer rotation
Next calculation will be the dimer  midpoint
dl-find/turbomole/=============================== Tstep:   90.6 Ttot:124814.3 ==
eandg
Spin: 
 Energy calculation finished, energy: -2.138685267E+03
Testing convergence of dimer midpoint in cycle  363
    Energy  2.0130E-06 Target: 1.0000E-06 converged?   no
  Max step  2.0384E-02 Target: 1.8000E-03 converged?   no component    13
  RMS step  4.9070E-03 Target: 1.2000E-03 converged?   no
  Max grad  1.1959E-04 Target: 4.5000E-04 converged?  yes component   217
  RMS grad  3.3622E-05 Target: 3.0000E-04 converged?  yes
Next calculation will be the dimer endpoint before rotation
dl-find/turbomole/=============================== Tstep:  128.1 Ttot:124942.3 ==
eandg
Spin: 
 Energy calculation finished, energy: -2.138685266E+03
Curvature at dimer midpoint                   -0.00260
Predicted dimer rotation angle:      2.990 deg
Next calculation will be the dimer endpoint after rotation
dl-find/turbomole/=============================== Tstep:  114.6 Ttot:125056.9 ==
eandg
Spin: 
 Energy calculation finished, energy: -2.138685265E+03
Curvature at dimer midpoint after rotation    -0.00205
Curvature at dimer minimum                    -0.00260
Actual dimer rotation angle:         0.073 deg
Dimer rotation converged after    1 steps
Writing TS-mode
Curvature after dimer rotation:               -0.00260
Frequency of transition mode  -262.184 cm^-1 (negative value denotes imaginary frequency)
Crossover temperature for tunnelling       60.03713 K
Restarting L-BFGS optimiser, instance: dimer rotation
Next calculation will be the dimer  midpoint
dl-find/turbomole/=============================== Tstep:   91.5 Ttot:125148.4 ==
eandg
Spin: 
 Energy calculation finished, energy: -2.138685257E+03
Testing convergence of dimer midpoint in cycle  364
    Energy  1.0210E-05 Target: 1.0000E-06 converged?   no
  Max step  1.2916E-02 Target: 1.8000E-03 converged?   no component   166
  RMS step  3.6126E-03 Target: 1.2000E-03 converged?   no
  Max grad  2.2333E-04 Target: 4.5000E-04 converged?  yes component   253
  RMS grad  4.3351E-05 Target: 3.0000E-04 converged?  yes
Next calculation will be the dimer endpoint before rotation
dl-find/turbomole/=============================== Tstep:  124.6 Ttot:125273.0 ==
eandg
Spin: 
 Energy calculation finished, energy: -2.138685255E+03
Curvature at dimer midpoint                   -0.00260
Predicted dimer rotation angle:      2.336 deg
Next calculation will be the dimer endpoint after rotation
dl-find/turbomole/=============================== Tstep:  118.9 Ttot:125391.9 ==
eandg
Spin: 
 Energy calculation finished, energy: -2.138685255E+03
Curvature at dimer midpoint after rotation    -0.00235
Curvature at dimer minimum                    -0.00260
Actual dimer rotation angle:         0.074 deg
Dimer rotation converged after    1 steps
Writing TS-mode
Curvature after dimer rotation:               -0.00260
Frequency of transition mode  -262.345 cm^-1 (negative value denotes imaginary frequency)
Crossover temperature for tunnelling       60.07399 K
Restarting L-BFGS optimiser, instance: dimer rotation
Next calculation will be the dimer  midpoint
dl-find/turbomole/=============================== Tstep:   90.0 Ttot:125481.9 ==
eandg
Spin: 
 Energy calculation finished, energy: -2.138685256E+03
Testing convergence of dimer midpoint in cycle  365
    Energy  1.1500E-06 Target: 1.0000E-06 converged?   no
  Max step  2.0458E-02 Target: 1.8000E-03 converged?   no component   116
  RMS step  6.0776E-03 Target: 1.2000E-03 converged?   no
  Max grad  3.8892E-04 Target: 4.5000E-04 converged?  yes component   253
  RMS grad  6.2991E-05 Target: 3.0000E-04 converged?  yes
Next calculation will be the dimer endpoint before rotation
dl-find/turbomole/=============================== Tstep:  119.5 Ttot:125601.4 ==
eandg
Spin: 
 Energy calculation finished, energy: -2.138685254E+03
Curvature at dimer midpoint                   -0.00261
Predicted dimer rotation angle:      3.060 deg
Next calculation will be the dimer endpoint after rotation
dl-find/turbomole/=============================== Tstep:  118.3 Ttot:125719.8 ==
eandg
Spin: 
 Energy calculation finished, energy: -2.138685255E+03
Curvature at dimer midpoint after rotation    -0.00179
Curvature at dimer minimum                    -0.00261
Actual dimer rotation angle:         0.053 deg
Dimer rotation converged after    1 steps
Writing TS-mode
Curvature after dimer rotation:               -0.00261
Frequency of transition mode  -262.827 cm^-1 (negative value denotes imaginary frequency)
Crossover temperature for tunnelling       60.18443 K
Restarting L-BFGS optimiser, instance: dimer rotation
Next calculation will be the dimer  midpoint
dl-find/turbomole/=============================== Tstep:   87.5 Ttot:125807.3 ==
eandg
Spin: 
 Energy calculation finished, energy: -2.138685252E+03
Testing convergence of dimer midpoint in cycle  366
    Energy  3.7280E-06 Target: 1.0000E-06 converged?   no
  Max step  4.0382E-02 Target: 1.8000E-03 converged?   no component    13
  RMS step  1.1259E-02 Target: 1.2000E-03 converged?   no
  Max grad  3.4678E-04 Target: 4.5000E-04 converged?  yes component   154
  RMS grad  6.9021E-05 Target: 3.0000E-04 converged?  yes
Next calculation will be the dimer endpoint before rotation
dl-find/turbomole/=============================== Tstep:  121.9 Ttot:125929.1 ==
eandg
Spin: 
 Energy calculation finished, energy: -2.138685251E+03
Curvature at dimer midpoint                   -0.00264
Predicted dimer rotation angle:      1.991 deg
Dimer rotation converged after    0 steps
Writing TS-mode
Curvature after dimer rotation:               -0.00264
Frequency of transition mode  -264.181 cm^-1 (negative value denotes imaginary frequency)
Crossover temperature for tunnelling       60.49443 K
Restarting L-BFGS optimiser, instance: dimer rotation
Next calculation will be the dimer  midpoint
dl-find/turbomole/=============================== Tstep:  117.9 Ttot:126047.1 ==
eandg
Spin: 
 Energy calculation finished, energy: -2.138685257E+03
Testing convergence of dimer midpoint in cycle  367
    Energy  4.9630E-06 Target: 1.0000E-06 converged?   no
  Max step  1.2160E-02 Target: 1.8000E-03 converged?   no component    13
  RMS step  2.2503E-03 Target: 1.2000E-03 converged?   no
  Max grad  1.1912E-04 Target: 4.5000E-04 converged?  yes component   255
  RMS grad  3.7330E-05 Target: 3.0000E-04 converged?  yes
Next calculation will be the dimer endpoint before rotation
dl-find/turbomole/=============================== Tstep:  116.0 Ttot:126163.0 ==
eandg
Spin: 
 Energy calculation finished, energy: -2.138685256E+03
Curvature at dimer midpoint                   -0.00266
Predicted dimer rotation angle:      1.951 deg
Dimer rotation converged after    0 steps
Writing TS-mode
Curvature after dimer rotation:               -0.00266
Frequency of transition mode  -264.913 cm^-1 (negative value denotes imaginary frequency)
Crossover temperature for tunnelling       60.66213 K
Restarting L-BFGS optimiser, instance: dimer rotation
Next calculation will be the dimer  midpoint
dl-find/turbomole/=============================== Tstep:  118.6 Ttot:126281.7 ==
eandg
Spin: 
 Energy calculation finished, energy: -2.138685268E+03
Testing convergence of dimer midpoint in cycle  368
    Energy  1.0702E-05 Target: 1.0000E-06 converged?   no
  Max step  1.5979E-02 Target: 1.8000E-03 converged?   no component    13
  RMS step  2.9524E-03 Target: 1.2000E-03 converged?   no
  Max grad  1.6847E-04 Target: 4.5000E-04 converged?  yes component    97
  RMS grad  4.6306E-05 Target: 3.0000E-04 converged?  yes
Next calculation will be the dimer endpoint before rotation
dl-find/turbomole/=============================== Tstep:  118.7 Ttot:126400.4 ==
eandg
Spin: 
 Energy calculation finished, energy: -2.138685267E+03
Curvature at dimer midpoint                   -0.00268
Predicted dimer rotation angle:      2.098 deg
Next calculation will be the dimer endpoint after rotation
dl-find/turbomole/=============================== Tstep:  118.8 Ttot:126519.2 ==
eandg
Spin: 
 Energy calculation finished, energy: -2.138685267E+03
Curvature at dimer midpoint after rotation    -0.00250
Curvature at dimer minimum                    -0.00268
Actual dimer rotation angle:         0.078 deg
Dimer rotation converged after    1 steps
Writing TS-mode
Curvature after dimer rotation:               -0.00268
Frequency of transition mode  -266.293 cm^-1 (negative value denotes imaginary frequency)
Crossover temperature for tunnelling       60.97791 K
Restarting L-BFGS optimiser, instance: dimer rotation
Next calculation will be the dimer  midpoint
dl-find/turbomole/=============================== Tstep:   80.9 Ttot:126600.1 ==
eandg
Spin: 
 Energy calculation finished, energy: -2.138685261E+03
Testing convergence of dimer midpoint in cycle  369
    Energy  7.1800E-06 Target: 1.0000E-06 converged?   no
  Max step  8.8095E-03 Target: 1.8000E-03 converged?   no component     3
  RMS step  2.8024E-03 Target: 1.2000E-03 converged?   no
  Max grad  2.3572E-04 Target: 4.5000E-04 converged?  yes component   154
  RMS grad  5.5565E-05 Target: 3.0000E-04 converged?  yes
Next calculation will be the dimer endpoint before rotation
dl-find/turbomole/=============================== Tstep:  122.7 Ttot:126722.8 ==
eandg
Spin: 
 Energy calculation finished, energy: -2.138685260E+03
Curvature at dimer midpoint                   -0.00271
Predicted dimer rotation angle:      2.252 deg
Next calculation will be the dimer endpoint after rotation
dl-find/turbomole/=============================== Tstep:  118.5 Ttot:126841.3 ==
eandg
Spin: 
 Energy calculation finished, energy: -2.138685260E+03
Curvature at dimer midpoint after rotation    -0.00237
Curvature at dimer minimum                    -0.00271
Actual dimer rotation angle:         0.053 deg
Dimer rotation converged after    1 steps
Writing TS-mode
Curvature after dimer rotation:               -0.00271
Frequency of transition mode  -267.589 cm^-1 (negative value denotes imaginary frequency)
Crossover temperature for tunnelling       61.27480 K
Restarting L-BFGS optimiser, instance: dimer rotation
Next calculation will be the dimer  midpoint
dl-find/turbomole/=============================== Tstep:   85.9 Ttot:126927.1 ==
eandg
Spin: 
 Energy calculation finished, energy: -2.138685256E+03
Testing convergence of dimer midpoint in cycle  370
    Energy  4.4420E-06 Target: 1.0000E-06 converged?   no
  Max step  2.9820E-02 Target: 1.8000E-03 converged?   no component   166
  RMS step  9.7303E-03 Target: 1.2000E-03 converged?   no
  Max grad  3.9807E-04 Target: 4.5000E-04 converged?  yes component   140
  RMS grad  8.6244E-05 Target: 3.0000E-04 converged?  yes
Next calculation will be the dimer endpoint before rotation
dl-find/turbomole/=============================== Tstep:  121.2 Ttot:127048.3 ==
eandg
Spin: 
 Energy calculation finished, energy: -2.138685255E+03
Curvature at dimer midpoint                   -0.00276
Predicted dimer rotation angle:      2.744 deg
Next calculation will be the dimer endpoint after rotation
dl-find/turbomole/=============================== Tstep:  118.6 Ttot:127166.9 ==
eandg
Spin: 
 Energy calculation finished, energy: -2.138685256E+03
Curvature at dimer midpoint after rotation    -0.00230
Curvature at dimer minimum                    -0.00276
Actual dimer rotation angle:         0.072 deg
Dimer rotation converged after    1 steps
Writing TS-mode
Curvature after dimer rotation:               -0.00276
Frequency of transition mode  -270.032 cm^-1 (negative value denotes imaginary frequency)
Crossover temperature for tunnelling       61.83413 K
Restarting L-BFGS optimiser, instance: dimer rotation
Next calculation will be the dimer  midpoint
dl-find/turbomole/=============================== Tstep:   81.4 Ttot:127248.3 ==
eandg
Spin: 
 Energy calculation finished, energy: -2.138685260E+03
Testing convergence of dimer midpoint in cycle  371
    Energy  3.4400E-06 Target: 1.0000E-06 converged?   no
  Max step  2.2133E-02 Target: 1.8000E-03 converged?   no component    13
  RMS step  5.2619E-03 Target: 1.2000E-03 converged?   no
  Max grad  1.0073E-04 Target: 4.5000E-04 converged?  yes component    90
  RMS grad  3.5502E-05 Target: 3.0000E-04 converged?  yes
Next calculation will be the dimer endpoint before rotation
dl-find/turbomole/=============================== Tstep:  122.7 Ttot:127371.0 ==
eandg
Spin: 
 Energy calculation finished, energy: -2.138685259E+03
Curvature at dimer midpoint                   -0.00276
Predicted dimer rotation angle:      2.273 deg
Next calculation will be the dimer endpoint after rotation
dl-find/turbomole/=============================== Tstep:  114.9 Ttot:127485.9 ==
eandg
Spin: 
 Energy calculation finished, energy: -2.138685259E+03
Curvature at dimer midpoint after rotation    -0.00249
Curvature at dimer minimum                    -0.00276
Actual dimer rotation angle:         0.068 deg
Dimer rotation converged after    1 steps
Writing TS-mode
Curvature after dimer rotation:               -0.00276
Frequency of transition mode  -270.253 cm^-1 (negative value denotes imaginary frequency)
Crossover temperature for tunnelling       61.88484 K
Restarting L-BFGS optimiser, instance: dimer rotation
Next calculation will be the dimer  midpoint
dl-find/turbomole/=============================== Tstep:   85.8 Ttot:127571.7 ==
eandg
Spin: 
 Energy calculation finished, energy: -2.138685260E+03
Testing convergence of dimer midpoint in cycle  372
    Energy  1.5200E-07 Target: 1.0000E-06 converged?  yes
  Max step  1.3092E-02 Target: 1.8000E-03 converged?   no component    13
  RMS step  2.7951E-03 Target: 1.2000E-03 converged?   no
  Max grad  1.2856E-04 Target: 4.5000E-04 converged?  yes component   140
  RMS grad  3.4888E-05 Target: 3.0000E-04 converged?  yes
Next calculation will be the dimer endpoint before rotation
dl-find/turbomole/=============================== Tstep:  119.4 Ttot:127691.1 ==
eandg
Spin: 
 Energy calculation finished, energy: -2.138685259E+03
Curvature at dimer midpoint                   -0.00276
Predicted dimer rotation angle:      2.313 deg
Next calculation will be the dimer endpoint after rotation
dl-find/turbomole/=============================== Tstep:  119.1 Ttot:127810.2 ==
eandg
Spin: 
 Energy calculation finished, energy: -2.138685259E+03
Curvature at dimer midpoint after rotation    -0.00238
Curvature at dimer minimum                    -0.00276
Actual dimer rotation angle:         0.052 deg
Dimer rotation converged after    1 steps
Writing TS-mode
Curvature after dimer rotation:               -0.00276
Frequency of transition mode  -270.182 cm^-1 (negative value denotes imaginary frequency)
Crossover temperature for tunnelling       61.86849 K
Restarting L-BFGS optimiser, instance: dimer rotation
Next calculation will be the dimer  midpoint
dl-find/turbomole/=============================== Tstep:   81.1 Ttot:127891.2 ==
eandg
Spin: 
 Energy calculation finished, energy: -2.138685259E+03
Testing convergence of dimer midpoint in cycle  373
    Energy  1.1510E-06 Target: 1.0000E-06 converged?   no
  Max step  1.7935E-02 Target: 1.8000E-03 converged?   no component    13
  RMS step  4.5067E-03 Target: 1.2000E-03 converged?   no
  Max grad  2.0008E-04 Target: 4.5000E-04 converged?  yes component    97
  RMS grad  4.2535E-05 Target: 3.0000E-04 converged?  yes
Next calculation will be the dimer endpoint before rotation
dl-find/turbomole/=============================== Tstep:  119.2 Ttot:128010.5 ==
eandg
Spin: 
 Energy calculation finished, energy: -2.138685247E+03
Curvature at dimer midpoint                   -0.00232
Predicted dimer rotation angle:     26.002 deg
Next calculation will be the dimer endpoint after rotation
dl-find/turbomole/=============================== Tstep:  117.3 Ttot:128127.7 ==
eandg
Spin: 
 Energy calculation finished, energy: -2.138685246E+03
Curvature at dimer midpoint after rotation     0.01790
Curvature at dimer minimum                    -0.00240
Actual dimer rotation angle:         1.450 deg
Dimer rotation converged after    1 steps
Writing TS-mode
Curvature after dimer rotation:               -0.00240
Frequency of transition mode  -251.734 cm^-1 (negative value denotes imaginary frequency)
Crossover temperature for tunnelling       57.64429 K
Restarting L-BFGS optimiser, instance: dimer rotation
Next calculation will be the dimer  midpoint
dl-find/turbomole/=============================== Tstep:  110.8 Ttot:128238.6 ==
eandg
Spin: 
 Energy calculation finished, energy: -2.138685241E+03
Testing convergence of dimer midpoint in cycle  374
    Energy  1.7395E-05 Target: 1.0000E-06 converged?   no
  Max step  2.8488E-02 Target: 1.8000E-03 converged?   no component    13
  RMS step  7.8484E-03 Target: 1.2000E-03 converged?   no
  Max grad  4.6718E-04 Target: 4.5000E-04 converged?   no component    43
  RMS grad  8.7689E-05 Target: 3.0000E-04 converged?  yes
Next calculation will be the dimer endpoint before rotation
dl-find/turbomole/=============================== Tstep:  124.1 Ttot:128362.7 ==
eandg
Spin: 
 Energy calculation finished, energy: -2.138685241E+03
Curvature at dimer midpoint                   -0.00273
Predicted dimer rotation angle:     23.903 deg
Next calculation will be the dimer endpoint after rotation
dl-find/turbomole/=============================== Tstep:  115.6 Ttot:128478.3 ==
eandg
Spin: 
 Energy calculation finished, energy: -2.138685253E+03
Curvature at dimer midpoint after rotation     0.01568
Curvature at dimer minimum                    -0.00280
Actual dimer rotation angle:         1.371 deg
Dimer rotation converged after    1 steps
Writing TS-mode
Curvature after dimer rotation:               -0.00280
Frequency of transition mode  -272.025 cm^-1 (negative value denotes imaginary frequency)
Crossover temperature for tunnelling       62.29050 K
Restarting L-BFGS optimiser, instance: dimer rotation
Next calculation will be the dimer  midpoint
dl-find/turbomole/=============================== Tstep:   92.6 Ttot:128570.8 ==
eandg
Spin: 
 Energy calculation finished, energy: -2.138685254E+03
Testing convergence of dimer midpoint in cycle  375
    Energy  1.2855E-05 Target: 1.0000E-06 converged?   no
  Max step  4.4969E-03 Target: 1.8000E-03 converged?   no component     3
  RMS step  1.3108E-03 Target: 1.2000E-03 converged?   no
  Max grad  1.9062E-04 Target: 4.5000E-04 converged?  yes component    43
  RMS grad  4.3607E-05 Target: 3.0000E-04 converged?  yes
Next calculation will be the dimer endpoint before rotation
dl-find/turbomole/=============================== Tstep:  113.9 Ttot:128684.7 ==
eandg
Spin: 
 Energy calculation finished, energy: -2.138685254E+03
Curvature at dimer midpoint                   -0.00280
Predicted dimer rotation angle:     12.074 deg
Next calculation will be the dimer endpoint after rotation
dl-find/turbomole/=============================== Tstep:  115.7 Ttot:128800.4 ==
eandg
Spin: 
 Energy calculation finished, energy: -2.138685252E+03
Curvature at dimer midpoint after rotation     0.01212
Curvature at dimer minimum                    -0.00281
Actual dimer rotation angle:         0.204 deg
Dimer rotation converged after    1 steps
Writing TS-mode
Curvature after dimer rotation:               -0.00281
Frequency of transition mode  -272.409 cm^-1 (negative value denotes imaginary frequency)
Crossover temperature for tunnelling       62.37862 K
Restarting L-BFGS optimiser, instance: dimer rotation
Next calculation will be the dimer  midpoint
dl-find/turbomole/=============================== Tstep:  110.1 Ttot:128910.6 ==
eandg
Spin: 
 Energy calculation finished, energy: -2.138685258E+03
Testing convergence of dimer midpoint in cycle  376
    Energy  4.0360E-06 Target: 1.0000E-06 converged?   no
  Max step  6.0091E-03 Target: 1.8000E-03 converged?   no component    13
  RMS step  1.7101E-03 Target: 1.2000E-03 converged?   no
  Max grad  1.1352E-04 Target: 4.5000E-04 converged?  yes component    12
  RMS grad  3.6059E-05 Target: 3.0000E-04 converged?  yes
Next calculation will be the dimer endpoint before rotation
dl-find/turbomole/=============================== Tstep:  123.4 Ttot:129034.0 ==
eandg
Spin: 
 Energy calculation finished, energy: -2.138685258E+03
Curvature at dimer midpoint                   -0.00283
Predicted dimer rotation angle:      3.514 deg
Next calculation will be the dimer endpoint after rotation
dl-find/turbomole/=============================== Tstep:  118.6 Ttot:129152.5 ==
eandg
Spin: 
 Energy calculation finished, energy: -2.138685258E+03
Curvature at dimer midpoint after rotation    -0.00220
Curvature at dimer minimum                    -0.00283
Actual dimer rotation angle:         0.111 deg
Dimer rotation converged after    1 steps
Writing TS-mode
Curvature after dimer rotation:               -0.00283
Frequency of transition mode  -273.491 cm^-1 (negative value denotes imaginary frequency)
Crossover temperature for tunnelling       62.62630 K
Restarting L-BFGS optimiser, instance: dimer rotation
Next calculation will be the dimer  midpoint
dl-find/turbomole/=============================== Tstep:   92.2 Ttot:129244.7 ==
eandg
Spin: 
 Energy calculation finished, energy: -2.138685261E+03
Testing convergence of dimer midpoint in cycle  377
    Energy  3.2800E-06 Target: 1.0000E-06 converged?   no
  Max step  7.2481E-03 Target: 1.8000E-03 converged?   no component   188
  RMS step  2.0369E-03 Target: 1.2000E-03 converged?   no
  Max grad  1.9827E-04 Target: 4.5000E-04 converged?  yes component   253
  RMS grad  4.6256E-05 Target: 3.0000E-04 converged?  yes
Next calculation will be the dimer endpoint before rotation
dl-find/turbomole/=============================== Tstep:  117.3 Ttot:129362.0 ==
eandg
Spin: 
 Energy calculation finished, energy: -2.138685257E+03
Curvature at dimer midpoint                   -0.00282
Predicted dimer rotation angle:      3.553 deg
Next calculation will be the dimer endpoint after rotation
dl-find/turbomole/=============================== Tstep:  114.7 Ttot:129476.7 ==
eandg
Spin: 
 Energy calculation finished, energy: -2.138685257E+03
Curvature at dimer midpoint after rotation    -0.00214
Curvature at dimer minimum                    -0.00282
Actual dimer rotation angle:         0.107 deg
Dimer rotation converged after    1 steps
Writing TS-mode
Curvature after dimer rotation:               -0.00282
Frequency of transition mode  -273.098 cm^-1 (negative value denotes imaginary frequency)
Crossover temperature for tunnelling       62.53621 K
Restarting L-BFGS optimiser, instance: dimer rotation
Next calculation will be the dimer  midpoint
dl-find/turbomole/=============================== Tstep:   91.4 Ttot:129568.0 ==
eandg
Spin: 
 Energy calculation finished, energy: -2.138685254E+03
Testing convergence of dimer midpoint in cycle  378
    Energy  7.2190E-06 Target: 1.0000E-06 converged?   no
  Max step  1.6661E-02 Target: 1.8000E-03 converged?   no component    10
  RMS step  5.4010E-03 Target: 1.2000E-03 converged?   no
  Max grad  3.7402E-04 Target: 4.5000E-04 converged?  yes component    43
  RMS grad  5.6711E-05 Target: 3.0000E-04 converged?  yes
Next calculation will be the dimer endpoint before rotation
dl-find/turbomole/=============================== Tstep:  118.9 Ttot:129687.0 ==
eandg
Spin: 
 Energy calculation finished, energy: -2.138685255E+03
Curvature at dimer midpoint                   -0.00289
Predicted dimer rotation angle:      4.025 deg
Next calculation will be the dimer endpoint after rotation
dl-find/turbomole/=============================== Tstep:  118.7 Ttot:129805.6 ==
eandg
Spin: 
 Energy calculation finished, energy: -2.138685255E+03
Curvature at dimer midpoint after rotation    -0.00175
Curvature at dimer minimum                    -0.00289
Actual dimer rotation angle:         0.096 deg
Dimer rotation converged after    1 steps
Writing TS-mode
Curvature after dimer rotation:               -0.00289
Frequency of transition mode  -276.323 cm^-1 (negative value denotes imaginary frequency)
Crossover temperature for tunnelling       63.27474 K
Restarting L-BFGS optimiser, instance: dimer rotation
Next calculation will be the dimer  midpoint
dl-find/turbomole/=============================== Tstep:   82.5 Ttot:129888.2 ==
eandg
Spin: 
 Energy calculation finished, energy: -2.138685245E+03
Testing convergence of dimer midpoint in cycle  379
    Energy  9.4580E-06 Target: 1.0000E-06 converged?   no
  Max step  3.2782E-02 Target: 1.8000E-03 converged?   no component    10
  RMS step  1.0987E-02 Target: 1.2000E-03 converged?   no
  Max grad  6.0473E-04 Target: 4.5000E-04 converged?   no component    43
  RMS grad  1.2928E-04 Target: 3.0000E-04 converged?  yes
Next calculation will be the dimer endpoint before rotation
dl-find/turbomole/=============================== Tstep:  123.4 Ttot:130011.6 ==
eandg
Spin: 
 Energy calculation finished, energy: -2.138685245E+03
Curvature at dimer midpoint                   -0.00291
Predicted dimer rotation angle:      2.611 deg
Next calculation will be the dimer endpoint after rotation
dl-find/turbomole/=============================== Tstep:  117.7 Ttot:130129.2 ==
eandg
Spin: 
 Energy calculation finished, energy: -2.138685245E+03
Curvature at dimer midpoint after rotation    -0.00270
Curvature at dimer minimum                    -0.00291
Actual dimer rotation angle:         0.132 deg
Dimer rotation converged after    1 steps
Writing TS-mode
Curvature after dimer rotation:               -0.00291
Frequency of transition mode  -277.455 cm^-1 (negative value denotes imaginary frequency)
Crossover temperature for tunnelling       63.53404 K
Restarting L-BFGS optimiser, instance: dimer rotation
Next calculation will be the dimer  midpoint
dl-find/turbomole/=============================== Tstep:   90.9 Ttot:130220.1 ==
eandg
Spin: 
 Energy calculation finished, energy: -2.138685255E+03
Testing convergence of dimer midpoint in cycle  380
    Energy  1.0482E-05 Target: 1.0000E-06 converged?   no
  Max step  8.9106E-03 Target: 1.8000E-03 converged?   no component    10
  RMS step  3.1487E-03 Target: 1.2000E-03 converged?   no
  Max grad  1.1403E-04 Target: 4.5000E-04 converged?  yes component    89
  RMS grad  3.5541E-05 Target: 3.0000E-04 converged?  yes
Next calculation will be the dimer endpoint before rotation
dl-find/turbomole/=============================== Tstep:  128.0 Ttot:130348.1 ==
eandg
Spin: 
 Energy calculation finished, energy: -2.138685256E+03
Curvature at dimer midpoint                   -0.00291
Predicted dimer rotation angle:      2.993 deg
Next calculation will be the dimer endpoint after rotation
dl-find/turbomole/=============================== Tstep:  118.2 Ttot:130466.3 ==
eandg
Spin: 
 Energy calculation finished, energy: -2.138685257E+03
Curvature at dimer midpoint after rotation    -0.00216
Curvature at dimer minimum                    -0.00291
Actual dimer rotation angle:         0.061 deg
Dimer rotation converged after    1 steps
Writing TS-mode
Curvature after dimer rotation:               -0.00291
Frequency of transition mode  -277.262 cm^-1 (negative value denotes imaginary frequency)
Crossover temperature for tunnelling       63.48985 K
Restarting L-BFGS optimiser, instance: dimer rotation
Next calculation will be the dimer  midpoint
dl-find/turbomole/=============================== Tstep:   87.8 Ttot:130554.0 ==
eandg
Spin: 
 Energy calculation finished, energy: -2.138685255E+03
Testing convergence of dimer midpoint in cycle  381
    Energy  4.9200E-07 Target: 1.0000E-06 converged?  yes
  Max step  9.9916E-03 Target: 1.8000E-03 converged?   no component    13
  RMS step  2.4455E-03 Target: 1.2000E-03 converged?   no
  Max grad  9.8613E-05 Target: 4.5000E-04 converged?  yes component    50
  RMS grad  3.0651E-05 Target: 3.0000E-04 converged?  yes
Next calculation will be the dimer endpoint before rotation
dl-find/turbomole/=============================== Tstep:  127.0 Ttot:130681.0 ==
eandg
Spin: 
 Energy calculation finished, energy: -2.138685255E+03
Curvature at dimer midpoint                   -0.00290
Predicted dimer rotation angle:      1.875 deg
Dimer rotation converged after    0 steps
Writing TS-mode
Curvature after dimer rotation:               -0.00290
Frequency of transition mode  -276.916 cm^-1 (negative value denotes imaginary frequency)
Crossover temperature for tunnelling       63.41060 K
Restarting L-BFGS optimiser, instance: dimer rotation
Next calculation will be the dimer  midpoint
dl-find/turbomole/=============================== Tstep:  115.4 Ttot:130796.4 ==
eandg
Spin: 
 Energy calculation finished, energy: -2.138685255E+03
Testing convergence of dimer midpoint in cycle  382
    Energy  4.6900E-07 Target: 1.0000E-06 converged?  yes
  Max step  8.9800E-03 Target: 1.8000E-03 converged?   no component    10
  RMS step  3.0224E-03 Target: 1.2000E-03 converged?   no
  Max grad  1.9649E-04 Target: 4.5000E-04 converged?  yes component   246
  RMS grad  4.5173E-05 Target: 3.0000E-04 converged?  yes
Next calculation will be the dimer endpoint before rotation
dl-find/turbomole/=============================== Tstep:  123.3 Ttot:130919.7 ==
eandg
Spin: 
 Energy calculation finished, energy: -2.138685255E+03
Curvature at dimer midpoint                   -0.00290
Predicted dimer rotation angle:      2.245 deg
Next calculation will be the dimer endpoint after rotation
dl-find/turbomole/=============================== Tstep:  119.5 Ttot:131039.2 ==
eandg
Spin: 
 Energy calculation finished, energy: -2.138685255E+03
Curvature at dimer midpoint after rotation    -0.00261
Curvature at dimer minimum                    -0.00290
Actual dimer rotation angle:         0.065 deg
Dimer rotation converged after    1 steps
Writing TS-mode
Curvature after dimer rotation:               -0.00290
Frequency of transition mode  -276.796 cm^-1 (negative value denotes imaginary frequency)
Crossover temperature for tunnelling       63.38317 K
Restarting L-BFGS optimiser, instance: dimer rotation
Next calculation will be the dimer  midpoint
dl-find/turbomole/=============================== Tstep:   85.0 Ttot:131124.2 ==
eandg
Spin: 
 Energy calculation finished, energy: -2.138685264E+03
Testing convergence of dimer midpoint in cycle  383
    Energy  9.0240E-06 Target: 1.0000E-06 converged?   no
  Max step  1.9437E-02 Target: 1.8000E-03 converged?   no component    10
  RMS step  6.5295E-03 Target: 1.2000E-03 converged?   no
  Max grad  3.4195E-04 Target: 4.5000E-04 converged?  yes component   246
  RMS grad  6.6923E-05 Target: 3.0000E-04 converged?  yes
Next calculation will be the dimer endpoint before rotation
dl-find/turbomole/=============================== Tstep:  121.9 Ttot:131246.2 ==
eandg
Spin: 
 Energy calculation finished, energy: -2.138685264E+03
Curvature at dimer midpoint                   -0.00289
Predicted dimer rotation angle:      1.962 deg
Dimer rotation converged after    0 steps
Writing TS-mode
Curvature after dimer rotation:               -0.00289
Frequency of transition mode  -276.254 cm^-1 (negative value denotes imaginary frequency)
Crossover temperature for tunnelling       63.25900 K
Restarting L-BFGS optimiser, instance: dimer rotation
Next calculation will be the dimer  midpoint
dl-find/turbomole/=============================== Tstep:  115.9 Ttot:131362.0 ==
eandg
Spin: 
 Energy calculation finished, energy: -2.138685290E+03
Testing convergence of dimer midpoint in cycle  384
    Energy  2.6068E-05 Target: 1.0000E-06 converged?   no
  Max step  1.3107E-02 Target: 1.8000E-03 converged?   no component   160
  RMS step  3.6397E-03 Target: 1.2000E-03 converged?   no
  Max grad  2.0271E-04 Target: 4.5000E-04 converged?  yes component    82
  RMS grad  4.6759E-05 Target: 3.0000E-04 converged?  yes
Next calculation will be the dimer endpoint before rotation
dl-find/turbomole/=============================== Tstep:  124.7 Ttot:131486.7 ==
eandg
Spin: 
 Energy calculation finished, energy: -2.138685277E+03
Curvature at dimer midpoint                   -0.00244
Predicted dimer rotation angle:     25.139 deg
Next calculation will be the dimer endpoint after rotation
dl-find/turbomole/=============================== Tstep:  117.6 Ttot:131604.3 ==
eandg
Spin: 
 Energy calculation finished, energy: -2.138685276E+03
Curvature at dimer midpoint after rotation     0.01674
Curvature at dimer minimum                    -0.00251
Actual dimer rotation angle:         1.414 deg
Dimer rotation converged after    1 steps
Writing TS-mode
Curvature after dimer rotation:               -0.00251
Frequency of transition mode  -257.560 cm^-1 (negative value denotes imaginary frequency)
Crossover temperature for tunnelling       58.97831 K
Restarting L-BFGS optimiser, instance: dimer rotation
Next calculation will be the dimer  midpoint
dl-find/turbomole/=============================== Tstep:  107.5 Ttot:131711.8 ==
eandg
Spin: 
 Energy calculation finished, energy: -2.138685327E+03
Testing convergence of dimer midpoint in cycle  385
    Energy  3.6667E-05 Target: 1.0000E-06 converged?   no
  Max step  9.9504E-03 Target: 1.8000E-03 converged?   no component    13
  RMS step  2.1835E-03 Target: 1.2000E-03 converged?   no
  Max grad  1.2940E-04 Target: 4.5000E-04 converged?  yes component   223
  RMS grad  3.2733E-05 Target: 3.0000E-04 converged?  yes
Next calculation will be the dimer endpoint before rotation
dl-find/turbomole/=============================== Tstep:  127.1 Ttot:131838.9 ==
eandg
Spin: 
 Energy calculation finished, energy: -2.138685314E+03
Curvature at dimer midpoint                   -0.00244
Predicted dimer rotation angle:     10.100 deg
Next calculation will be the dimer endpoint after rotation
dl-find/turbomole/=============================== Tstep:  118.8 Ttot:131957.7 ==
eandg
Spin: 
 Energy calculation finished, energy: -2.138685315E+03
Curvature at dimer midpoint after rotation     0.00017
Curvature at dimer minimum                    -0.00245
Actual dimer rotation angle:         0.542 deg
Dimer rotation converged after    1 steps
Writing TS-mode
Curvature after dimer rotation:               -0.00245
Frequency of transition mode  -254.521 cm^-1 (negative value denotes imaginary frequency)
Crossover temperature for tunnelling       58.28246 K
Restarting L-BFGS optimiser, instance: dimer rotation
Next calculation will be the dimer  midpoint
dl-find/turbomole/=============================== Tstep:   98.8 Ttot:132056.5 ==
eandg
Spin: 
 Energy calculation finished, energy: -2.138685324E+03
Testing convergence of dimer midpoint in cycle  386
    Energy  2.3370E-06 Target: 1.0000E-06 converged?   no
  Max step  1.6105E-02 Target: 1.8000E-03 converged?   no component    13
  RMS step  3.7030E-03 Target: 1.2000E-03 converged?   no
  Max grad  2.4042E-04 Target: 4.5000E-04 converged?  yes component   246
  RMS grad  5.0790E-05 Target: 3.0000E-04 converged?  yes
Next calculation will be the dimer endpoint before rotation
dl-find/turbomole/=============================== Tstep:  131.7 Ttot:132188.2 ==
eandg
Spin: 
 Energy calculation finished, energy: -2.138685325E+03
Curvature at dimer midpoint                   -0.00281
Predicted dimer rotation angle:     23.086 deg
Next calculation will be the dimer endpoint after rotation
dl-find/turbomole/=============================== Tstep:  118.3 Ttot:132306.4 ==
eandg
Spin: 
 Energy calculation finished, energy: -2.138685324E+03
Curvature at dimer midpoint after rotation     0.01813
Curvature at dimer minimum                    -0.00287
Actual dimer rotation angle:         1.118 deg
Dimer rotation converged after    1 steps
Writing TS-mode
Curvature after dimer rotation:               -0.00287
Frequency of transition mode  -275.315 cm^-1 (negative value denotes imaginary frequency)
Crossover temperature for tunnelling       63.04405 K
Restarting L-BFGS optimiser, instance: dimer rotation
Next calculation will be the dimer  midpoint
dl-find/turbomole/=============================== Tstep:  112.9 Ttot:132419.4 ==
eandg
Spin: 
 Energy calculation finished, energy: -2.138685324E+03
Testing convergence of dimer midpoint in cycle  387
    Energy  1.0700E-07 Target: 1.0000E-06 converged?  yes
  Max step  8.5572E-03 Target: 1.8000E-03 converged?   no component   130
  RMS step  2.7970E-03 Target: 1.2000E-03 converged?   no
  Max grad  2.7307E-04 Target: 4.5000E-04 converged?  yes component    55
  RMS grad  5.8953E-05 Target: 3.0000E-04 converged?  yes
Next calculation will be the dimer endpoint before rotation
dl-find/turbomole/=============================== Tstep:  109.3 Ttot:132528.7 ==
eandg
Spin: 
 Energy calculation finished, energy: -2.138685327E+03
Curvature at dimer midpoint                   -0.00282
Predicted dimer rotation angle:     15.211 deg
Next calculation will be the dimer endpoint after rotation
dl-find/turbomole/=============================== Tstep:  119.2 Ttot:132647.8 ==
eandg
Spin: 
 Energy calculation finished, energy: -2.138685325E+03
Curvature at dimer midpoint after rotation     0.02027
Curvature at dimer minimum                    -0.00283
Actual dimer rotation angle:         0.273 deg
Dimer rotation converged after    1 steps
Writing TS-mode
Curvature after dimer rotation:               -0.00283
Frequency of transition mode  -273.492 cm^-1 (negative value denotes imaginary frequency)
Crossover temperature for tunnelling       62.62647 K
Restarting L-BFGS optimiser, instance: dimer rotation
Next calculation will be the dimer  midpoint
dl-find/turbomole/=============================== Tstep:  101.7 Ttot:132749.5 ==
eandg
Spin: 
 Energy calculation finished, energy: -2.138685349E+03
Testing convergence of dimer midpoint in cycle  388
    Energy  2.4635E-05 Target: 1.0000E-06 converged?   no
  Max step  1.6788E-02 Target: 1.8000E-03 converged?   no component    13
  RMS step  5.0789E-03 Target: 1.2000E-03 converged?   no
  Max grad  1.9976E-04 Target: 4.5000E-04 converged?  yes component    55
  RMS grad  4.7222E-05 Target: 3.0000E-04 converged?  yes
Next calculation will be the dimer endpoint before rotation
dl-find/turbomole/=============================== Tstep:  122.7 Ttot:132872.3 ==
eandg
Spin: 
 Energy calculation finished, energy: -2.138685349E+03
Curvature at dimer midpoint                   -0.00285
Predicted dimer rotation angle:      5.833 deg
Next calculation will be the dimer endpoint after rotation
dl-find/turbomole/=============================== Tstep:  114.5 Ttot:132986.8 ==
eandg
Spin: 
 Energy calculation finished, energy: -2.138685349E+03
Curvature at dimer midpoint after rotation    -0.00166
Curvature at dimer minimum                    -0.00285
Actual dimer rotation angle:         0.267 deg
Dimer rotation converged after    1 steps
Writing TS-mode
Curvature after dimer rotation:               -0.00285
Frequency of transition mode  -274.569 cm^-1 (negative value denotes imaginary frequency)
Crossover temperature for tunnelling       62.87315 K
Restarting L-BFGS optimiser, instance: dimer rotation
Next calculation will be the dimer  midpoint
dl-find/turbomole/=============================== Tstep:   97.5 Ttot:133084.3 ==
eandg
Spin: 
 Energy calculation finished, energy: -2.138685359E+03
Testing convergence of dimer midpoint in cycle  389
    Energy  9.9660E-06 Target: 1.0000E-06 converged?   no
  Max step  3.2721E-02 Target: 1.8000E-03 converged?   no component    13
  RMS step  1.0562E-02 Target: 1.2000E-03 converged?   no
  Max grad  1.5740E-04 Target: 4.5000E-04 converged?  yes component    51
  RMS grad  4.5238E-05 Target: 3.0000E-04 converged?  yes
Next calculation will be the dimer endpoint before rotation
dl-find/turbomole/=============================== Tstep:  131.5 Ttot:133215.8 ==
eandg
Spin: 
 Energy calculation finished, energy: -2.138685358E+03
Curvature at dimer midpoint                   -0.00276
Predicted dimer rotation angle:      5.534 deg
Next calculation will be the dimer endpoint after rotation
dl-find/turbomole/=============================== Tstep:  115.0 Ttot:133330.7 ==
eandg
Spin: 
 Energy calculation finished, energy: -2.138685359E+03
Curvature at dimer midpoint after rotation     0.00004
Curvature at dimer minimum                    -0.00277
Actual dimer rotation angle:         0.099 deg
Dimer rotation converged after    1 steps
Writing TS-mode
Curvature after dimer rotation:               -0.00277
Frequency of transition mode  -270.320 cm^-1 (negative value denotes imaginary frequency)
Crossover temperature for tunnelling       61.90013 K
Restarting L-BFGS optimiser, instance: dimer rotation
Next calculation will be the dimer  midpoint
dl-find/turbomole/=============================== Tstep:   93.8 Ttot:133424.6 ==
eandg
Spin: 
 Energy calculation finished, energy: -2.138685356E+03
Testing convergence of dimer midpoint in cycle  390
    Energy  2.5490E-06 Target: 1.0000E-06 converged?   no
  Max step  1.8453E-02 Target: 1.8000E-03 converged?   no component   130
  RMS step  6.0400E-03 Target: 1.2000E-03 converged?   no
  Max grad  3.7585E-04 Target: 4.5000E-04 converged?  yes component    66
  RMS grad  6.9221E-05 Target: 3.0000E-04 converged?  yes
Next calculation will be the dimer endpoint before rotation
dl-find/turbomole/=============================== Tstep:  121.3 Ttot:133545.8 ==
eandg
Spin: 
 Energy calculation finished, energy: -2.138685356E+03
Curvature at dimer midpoint                   -0.00278
Predicted dimer rotation angle:      3.448 deg
Next calculation will be the dimer endpoint after rotation
dl-find/turbomole/=============================== Tstep:  114.9 Ttot:133660.7 ==
eandg
Spin: 
 Energy calculation finished, energy: -2.138685356E+03
Curvature at dimer midpoint after rotation    -0.00231
Curvature at dimer minimum                    -0.00278
Actual dimer rotation angle:         0.138 deg
Dimer rotation converged after    1 steps
Writing TS-mode
Curvature after dimer rotation:               -0.00278
Frequency of transition mode  -270.995 cm^-1 (negative value denotes imaginary frequency)
Crossover temperature for tunnelling       62.05464 K
Restarting L-BFGS optimiser, instance: dimer rotation
Next calculation will be the dimer  midpoint
dl-find/turbomole/=============================== Tstep:   82.2 Ttot:133742.9 ==
eandg
Spin: 
 Energy calculation finished, energy: -2.138685362E+03
Testing convergence of dimer midpoint in cycle  391
    Energy  5.2180E-06 Target: 1.0000E-06 converged?   no
  Max step  9.1335E-03 Target: 1.8000E-03 converged?   no component    10
  RMS step  3.0223E-03 Target: 1.2000E-03 converged?   no
  Max grad  1.8046E-04 Target: 4.5000E-04 converged?  yes component    84
  RMS grad  4.4769E-05 Target: 3.0000E-04 converged?  yes
Next calculation will be the dimer endpoint before rotation
dl-find/turbomole/=============================== Tstep:  122.0 Ttot:133864.9 ==
eandg
Spin: 
 Energy calculation finished, energy: -2.138685361E+03
Curvature at dimer midpoint                   -0.00277
Predicted dimer rotation angle:      4.058 deg
Next calculation will be the dimer endpoint after rotation
dl-find/turbomole/=============================== Tstep:  117.4 Ttot:133982.3 ==
eandg
Spin: 
 Energy calculation finished, energy: -2.138685361E+03
Curvature at dimer midpoint after rotation    -0.00140
Curvature at dimer minimum                    -0.00277
Actual dimer rotation angle:         0.079 deg
Dimer rotation converged after    1 steps
Writing TS-mode
Curvature after dimer rotation:               -0.00277
Frequency of transition mode  -270.627 cm^-1 (negative value denotes imaginary frequency)
Crossover temperature for tunnelling       61.97053 K
Restarting L-BFGS optimiser, instance: dimer rotation
Next calculation will be the dimer  midpoint
dl-find/turbomole/=============================== Tstep:   87.2 Ttot:134069.5 ==
eandg
Spin: 
 Energy calculation finished, energy: -2.138685365E+03
Testing convergence of dimer midpoint in cycle  392
    Energy  3.4630E-06 Target: 1.0000E-06 converged?   no
  Max step  1.0145E-02 Target: 1.8000E-03 converged?   no component   160
  RMS step  3.1150E-03 Target: 1.2000E-03 converged?   no
  Max grad  1.1446E-04 Target: 4.5000E-04 converged?  yes component    66
  RMS grad  3.1942E-05 Target: 3.0000E-04 converged?  yes
Next calculation will be the dimer endpoint before rotation
dl-find/turbomole/=============================== Tstep:  127.0 Ttot:134196.5 ==
eandg
Spin: 
 Energy calculation finished, energy: -2.138685366E+03
Curvature at dimer midpoint                   -0.00274
Predicted dimer rotation angle:      2.928 deg
Next calculation will be the dimer endpoint after rotation
dl-find/turbomole/=============================== Tstep:  113.4 Ttot:134310.0 ==
eandg
Spin: 
 Energy calculation finished, energy: -2.138685366E+03
Curvature at dimer midpoint after rotation    -0.00235
Curvature at dimer minimum                    -0.00275
Actual dimer rotation angle:         0.099 deg
Dimer rotation converged after    1 steps
Writing TS-mode
Curvature after dimer rotation:               -0.00275
Frequency of transition mode  -269.328 cm^-1 (negative value denotes imaginary frequency)
Crossover temperature for tunnelling       61.67299 K
Restarting L-BFGS optimiser, instance: dimer rotation
Next calculation will be the dimer  midpoint
dl-find/turbomole/=============================== Tstep:   91.1 Ttot:134401.0 ==
eandg
Spin: 
 Energy calculation finished, energy: -2.138685367E+03
Testing convergence of dimer midpoint in cycle  393
    Energy  2.1470E-06 Target: 1.0000E-06 converged?   no
  Max step  6.9284E-03 Target: 1.8000E-03 converged?   no component   160
  RMS step  2.1963E-03 Target: 1.2000E-03 converged?   no
  Max grad  1.4748E-04 Target: 4.5000E-04 converged?  yes component   154
  RMS grad  3.5394E-05 Target: 3.0000E-04 converged?  yes
Next calculation will be the dimer endpoint before rotation
dl-find/turbomole/=============================== Tstep:  121.6 Ttot:134522.6 ==
eandg
Spin: 
 Energy calculation finished, energy: -2.138685367E+03
Curvature at dimer midpoint                   -0.00272
Predicted dimer rotation angle:      3.074 deg
Next calculation will be the dimer endpoint after rotation
dl-find/turbomole/=============================== Tstep:  119.1 Ttot:134641.7 ==
eandg
Spin: 
 Energy calculation finished, energy: -2.138685367E+03
Curvature at dimer midpoint after rotation    -0.00209
Curvature at dimer minimum                    -0.00272
Actual dimer rotation angle:         0.073 deg
Dimer rotation converged after    1 steps
Writing TS-mode
Curvature after dimer rotation:               -0.00272
Frequency of transition mode  -268.229 cm^-1 (negative value denotes imaginary frequency)
Crossover temperature for tunnelling       61.42133 K
Restarting L-BFGS optimiser, instance: dimer rotation
Next calculation will be the dimer  midpoint
dl-find/turbomole/=============================== Tstep:   89.7 Ttot:134731.4 ==
eandg
Spin: 
 Energy calculation finished, energy: -2.138685369E+03
Testing convergence of dimer midpoint in cycle  394
    Energy  1.3870E-06 Target: 1.0000E-06 converged?   no
  Max step  1.3543E-02 Target: 1.8000E-03 converged?   no component   208
  RMS step  3.9435E-03 Target: 1.2000E-03 converged?   no
  Max grad  2.1326E-04 Target: 4.5000E-04 converged?  yes component    84
  RMS grad  5.1705E-05 Target: 3.0000E-04 converged?  yes
Next calculation will be the dimer endpoint before rotation
dl-find/turbomole/=============================== Tstep:  121.4 Ttot:134852.8 ==
eandg
Spin: 
 Energy calculation finished, energy: -2.138685368E+03
Curvature at dimer midpoint                   -0.00267
Predicted dimer rotation angle:      3.473 deg
Next calculation will be the dimer endpoint after rotation
dl-find/turbomole/=============================== Tstep:  114.1 Ttot:134966.9 ==
eandg
Spin: 
 Energy calculation finished, energy: -2.138685368E+03
Curvature at dimer midpoint after rotation    -0.00183
Curvature at dimer minimum                    -0.00267
Actual dimer rotation angle:         0.077 deg
Dimer rotation converged after    1 steps
Writing TS-mode
Curvature after dimer rotation:               -0.00267
Frequency of transition mode  -265.739 cm^-1 (negative value denotes imaginary frequency)
Crossover temperature for tunnelling       60.85107 K
Restarting L-BFGS optimiser, instance: dimer rotation
Next calculation will be the dimer  midpoint
dl-find/turbomole/=============================== Tstep:   92.0 Ttot:135058.9 ==
eandg
Spin: 
 Energy calculation finished, energy: -2.138685376E+03
Testing convergence of dimer midpoint in cycle  395
    Energy  7.3440E-06 Target: 1.0000E-06 converged?   no
  Max step  1.1210E-02 Target: 1.8000E-03 converged?   no component   130
  RMS step  3.5366E-03 Target: 1.2000E-03 converged?   no
  Max grad  1.8331E-04 Target: 4.5000E-04 converged?  yes component   253
  RMS grad  3.7993E-05 Target: 3.0000E-04 converged?  yes
Next calculation will be the dimer endpoint before rotation
dl-find/turbomole/=============================== Tstep:  127.7 Ttot:135186.6 ==
eandg
Spin: 
 Energy calculation finished, energy: -2.138685370E+03
Curvature at dimer midpoint                   -0.00262
Predicted dimer rotation angle:      4.118 deg
Next calculation will be the dimer endpoint after rotation
dl-find/turbomole/=============================== Tstep:  117.2 Ttot:135303.7 ==
eandg
Spin: 
 Energy calculation finished, energy: -2.138685370E+03
Curvature at dimer midpoint after rotation    -0.00204
Curvature at dimer minimum                    -0.00262
Actual dimer rotation angle:         0.177 deg
Dimer rotation converged after    1 steps
Writing TS-mode
Curvature after dimer rotation:               -0.00262
Frequency of transition mode  -263.182 cm^-1 (negative value denotes imaginary frequency)
Crossover temperature for tunnelling       60.26564 K
Restarting L-BFGS optimiser, instance: dimer rotation
Next calculation will be the dimer  midpoint
dl-find/turbomole/=============================== Tstep:   96.6 Ttot:135400.3 ==
eandg
Spin: 
 Energy calculation finished, energy: -2.138685377E+03
Testing convergence of dimer midpoint in cycle  396
    Energy  6.8500E-07 Target: 1.0000E-06 converged?  yes
  Max step  1.1660E-02 Target: 1.8000E-03 converged?   no component    13
  RMS step  3.3439E-03 Target: 1.2000E-03 converged?   no
  Max grad  1.6399E-04 Target: 4.5000E-04 converged?  yes component   253
  RMS grad  3.5838E-05 Target: 3.0000E-04 converged?  yes
Next calculation will be the dimer endpoint before rotation
dl-find/turbomole/=============================== Tstep:  119.4 Ttot:135519.7 ==
eandg
Spin: 
 Energy calculation finished, energy: -2.138685371E+03
Curvature at dimer midpoint                   -0.00261
Predicted dimer rotation angle:      4.232 deg
Next calculation will be the dimer endpoint after rotation
dl-find/turbomole/=============================== Tstep:  114.3 Ttot:135634.0 ==
eandg
Spin: 
 Energy calculation finished, energy: -2.138685371E+03
Curvature at dimer midpoint after rotation    -0.00124
Curvature at dimer minimum                    -0.00261
Actual dimer rotation angle:         0.085 deg
Dimer rotation converged after    1 steps
Writing TS-mode
Curvature after dimer rotation:               -0.00261
Frequency of transition mode  -262.454 cm^-1 (negative value denotes imaginary frequency)
Crossover temperature for tunnelling       60.09897 K
Restarting L-BFGS optimiser, instance: dimer rotation
Next calculation will be the dimer  midpoint
dl-find/turbomole/=============================== Tstep:   83.6 Ttot:135717.6 ==
eandg
Spin: 
 Energy calculation finished, energy: -2.138685377E+03
Testing convergence of dimer midpoint in cycle  397
    Energy  5.5000E-08 Target: 1.0000E-06 converged?  yes
  Max step  1.8332E-02 Target: 1.8000E-03 converged?   no component   130
  RMS step  5.8112E-03 Target: 1.2000E-03 converged?   no
  Max grad  2.4414E-04 Target: 4.5000E-04 converged?  yes component    88
  RMS grad  4.8398E-05 Target: 3.0000E-04 converged?  yes
Next calculation will be the dimer endpoint before rotation
dl-find/turbomole/=============================== Tstep:  124.2 Ttot:135841.8 ==
eandg
Spin: 
 Energy calculation finished, energy: -2.138685371E+03
Curvature at dimer midpoint                   -0.00259
Predicted dimer rotation angle:      3.283 deg
Next calculation will be the dimer endpoint after rotation
dl-find/turbomole/=============================== Tstep:  117.9 Ttot:135959.7 ==
eandg
Spin: 
 Energy calculation finished, energy: -2.138685371E+03
Curvature at dimer midpoint after rotation    -0.00185
Curvature at dimer minimum                    -0.00259
Actual dimer rotation angle:         0.072 deg
Dimer rotation converged after    1 steps
Writing TS-mode
Curvature after dimer rotation:               -0.00259
Frequency of transition mode  -261.385 cm^-1 (negative value denotes imaginary frequency)
Crossover temperature for tunnelling       59.85404 K
Restarting L-BFGS optimiser, instance: dimer rotation
Next calculation will be the dimer  midpoint
dl-find/turbomole/=============================== Tstep:   77.3 Ttot:136037.0 ==
eandg
Spin: 
 Energy calculation finished, energy: -2.138685378E+03
Testing convergence of dimer midpoint in cycle  398
    Energy  8.8700E-07 Target: 1.0000E-06 converged?  yes
  Max step  1.4373E-02 Target: 1.8000E-03 converged?   no component   130
  RMS step  4.3252E-03 Target: 1.2000E-03 converged?   no
  Max grad  2.4440E-04 Target: 4.5000E-04 converged?  yes component    84
  RMS grad  4.7040E-05 Target: 3.0000E-04 converged?  yes
Next calculation will be the dimer endpoint before rotation
dl-find/turbomole/=============================== Tstep:  124.8 Ttot:136161.7 ==
eandg
Spin: 
 Energy calculation finished, energy: -2.138685377E+03
Curvature at dimer midpoint                   -0.00260
Predicted dimer rotation angle:      3.986 deg
Next calculation will be the dimer endpoint after rotation
dl-find/turbomole/=============================== Tstep:  115.4 Ttot:136277.2 ==
eandg
Spin: 
 Energy calculation finished, energy: -2.138685377E+03
Curvature at dimer midpoint after rotation    -0.00196
Curvature at dimer minimum                    -0.00260
Actual dimer rotation angle:         0.146 deg
Dimer rotation converged after    1 steps
Writing TS-mode
Curvature after dimer rotation:               -0.00260
Frequency of transition mode  -261.982 cm^-1 (negative value denotes imaginary frequency)
Crossover temperature for tunnelling       59.99092 K
Restarting L-BFGS optimiser, instance: dimer rotation
Next calculation will be the dimer  midpoint
dl-find/turbomole/=============================== Tstep:   96.0 Ttot:136373.2 ==
eandg
Spin: 
 Energy calculation finished, energy: -2.138685379E+03
Testing convergence of dimer midpoint in cycle  399
    Energy  1.7600E-06 Target: 1.0000E-06 converged?   no
  Max step  4.4066E-03 Target: 1.8000E-03 converged?   no component   101
  RMS step  1.4254E-03 Target: 1.2000E-03 converged?   no
  Max grad  1.4629E-04 Target: 4.5000E-04 converged?  yes component   253
  RMS grad  3.4432E-05 Target: 3.0000E-04 converged?  yes
Next calculation will be the dimer endpoint before rotation
dl-find/turbomole/=============================== Tstep:  121.0 Ttot:136494.2 ==
eandg
Spin: 
 Energy calculation finished, energy: -2.138685378E+03
Curvature at dimer midpoint                   -0.00259
Predicted dimer rotation angle:      3.646 deg
Next calculation will be the dimer endpoint after rotation
dl-find/turbomole/=============================== Tstep:  115.2 Ttot:136609.4 ==
eandg
Spin: 
 Energy calculation finished, energy: -2.138685378E+03
Curvature at dimer midpoint after rotation    -0.00144
Curvature at dimer minimum                    -0.00259
Actual dimer rotation angle:         0.064 deg
Dimer rotation converged after    1 steps
Writing TS-mode
Curvature after dimer rotation:               -0.00259
Frequency of transition mode  -261.715 cm^-1 (negative value denotes imaginary frequency)
Crossover temperature for tunnelling       59.92961 K
Restarting L-BFGS optimiser, instance: dimer rotation
Next calculation will be the dimer  midpoint
dl-find/turbomole/=============================== Tstep:   72.4 Ttot:136681.7 ==
eandg
Spin: 
 Energy calculation finished, energy: -2.138685384E+03
Testing convergence of dimer midpoint in cycle  400
    Energy  4.5210E-06 Target: 1.0000E-06 converged?   no
  Max step  1.1025E-02 Target: 1.8000E-03 converged?   no component   101
  RMS step  3.4087E-03 Target: 1.2000E-03 converged?   no
  Max grad  1.5134E-04 Target: 4.5000E-04 converged?  yes component    88
  RMS grad  3.9040E-05 Target: 3.0000E-04 converged?  yes
Next calculation will be the dimer endpoint before rotation
dl-find/turbomole/=============================== Tstep:  128.0 Ttot:136809.7 ==
eandg
Spin: 
 Energy calculation finished, energy: -2.138685378E+03
Curvature at dimer midpoint                   -0.00254
Predicted dimer rotation angle:      3.984 deg
Next calculation will be the dimer endpoint after rotation
dl-find/turbomole/=============================== Tstep:  117.9 Ttot:136927.6 ==
eandg
Spin: 
 Energy calculation finished, energy: -2.138685378E+03
Curvature at dimer midpoint after rotation    -0.00197
Curvature at dimer minimum                    -0.00254
Actual dimer rotation angle:         0.159 deg
Dimer rotation converged after    1 steps
Writing TS-mode
Curvature after dimer rotation:               -0.00254
Frequency of transition mode  -259.236 cm^-1 (negative value denotes imaginary frequency)
Crossover temperature for tunnelling       59.36194 K
Restarting L-BFGS optimiser, instance: dimer rotation
Next calculation will be the dimer  midpoint
dl-find/turbomole/=============================== Tstep:   92.1 Ttot:137019.6 ==
eandg
Spin: 
 Energy calculation finished, energy: -2.138685386E+03
Testing convergence of dimer midpoint in cycle  401
    Energy  2.1710E-06 Target: 1.0000E-06 converged?   no
  Max step  8.5404E-03 Target: 1.8000E-03 converged?   no component   117
  RMS step  2.0402E-03 Target: 1.2000E-03 converged?   no
  Max grad  2.6676E-04 Target: 4.5000E-04 converged?  yes component   154
  RMS grad  4.9103E-05 Target: 3.0000E-04 converged?  yes
Next calculation will be the dimer endpoint before rotation
dl-find/turbomole/=============================== Tstep:  118.1 Ttot:137137.7 ==
eandg
Spin: 
 Energy calculation finished, energy: -2.138685380E+03
Curvature at dimer midpoint                   -0.00253
Predicted dimer rotation angle:      3.501 deg
Next calculation will be the dimer endpoint after rotation
dl-find/turbomole/=============================== Tstep:  117.3 Ttot:137255.1 ==
eandg
Spin: 
 Energy calculation finished, energy: -2.138685380E+03
Curvature at dimer midpoint after rotation    -0.00150
Curvature at dimer minimum                    -0.00253
Actual dimer rotation angle:         0.062 deg
Dimer rotation converged after    1 steps
Writing TS-mode
Curvature after dimer rotation:               -0.00253
Frequency of transition mode  -258.668 cm^-1 (negative value denotes imaginary frequency)
Crossover temperature for tunnelling       59.23204 K
Restarting L-BFGS optimiser, instance: dimer rotation
Next calculation will be the dimer  midpoint
dl-find/turbomole/=============================== Tstep:   91.2 Ttot:137346.2 ==
eandg
Spin: 
 Energy calculation finished, energy: -2.138685387E+03
Testing convergence of dimer midpoint in cycle  402
    Energy  1.3860E-06 Target: 1.0000E-06 converged?   no
  Max step  2.4935E-03 Target: 1.8000E-03 converged?   no component   130
  RMS step  8.0919E-04 Target: 1.2000E-03 converged?  yes
  Max grad  1.6426E-04 Target: 4.5000E-04 converged?  yes component   154
  RMS grad  3.5170E-05 Target: 3.0000E-04 converged?  yes
Next calculation will be the dimer endpoint before rotation
dl-find/turbomole/=============================== Tstep:  121.4 Ttot:137467.6 ==
eandg
Spin: 
 Energy calculation finished, energy: -2.138685382E+03
Curvature at dimer midpoint                   -0.00253
Predicted dimer rotation angle:      2.251 deg
Next calculation will be the dimer endpoint after rotation
dl-find/turbomole/=============================== Tstep:  119.2 Ttot:137586.8 ==
eandg
Spin: 
 Energy calculation finished, energy: -2.138685382E+03
Curvature at dimer midpoint after rotation    -0.00233
Curvature at dimer minimum                    -0.00253
Actual dimer rotation angle:         0.081 deg
Dimer rotation converged after    1 steps
Writing TS-mode
Curvature after dimer rotation:               -0.00253
Frequency of transition mode  -258.779 cm^-1 (negative value denotes imaginary frequency)
Crossover temperature for tunnelling       59.25734 K
Restarting L-BFGS optimiser, instance: dimer rotation
Next calculation will be the dimer  midpoint
dl-find/turbomole/=============================== Tstep:   84.4 Ttot:137671.1 ==
eandg
Spin: 
 Energy calculation finished, energy: -2.138685352E+03
Testing convergence of dimer midpoint in cycle  403
    Energy  3.5587E-05 Target: 1.0000E-06 converged?   no
  Max step  1.1087E-02 Target: 1.8000E-03 converged?   no component   130
  RMS step  3.5525E-03 Target: 1.2000E-03 converged?   no
  Max grad  1.8790E-04 Target: 4.5000E-04 converged?  yes component   253
  RMS grad  3.0650E-05 Target: 3.0000E-04 converged?  yes
Next calculation will be the dimer endpoint before rotation
dl-find/turbomole/=============================== Tstep:  130.5 Ttot:137801.7 ==
eandg
Spin: 
 Energy calculation finished, energy: -2.138685351E+03
Curvature at dimer midpoint                   -0.00256
Predicted dimer rotation angle:      4.424 deg
Next calculation will be the dimer endpoint after rotation
dl-find/turbomole/=============================== Tstep:  117.4 Ttot:137919.1 ==
eandg
Spin: 
 Energy calculation finished, energy: -2.138685351E+03
Curvature at dimer midpoint after rotation    -0.00145
Curvature at dimer minimum                    -0.00256
Actual dimer rotation angle:         0.115 deg
Dimer rotation converged after    1 steps
Writing TS-mode
Curvature after dimer rotation:               -0.00256
Frequency of transition mode  -260.258 cm^-1 (negative value denotes imaginary frequency)
Crossover temperature for tunnelling       59.59607 K
Restarting L-BFGS optimiser, instance: dimer rotation
Next calculation will be the dimer  midpoint
dl-find/turbomole/=============================== Tstep:   86.4 Ttot:138005.5 ==
eandg
Spin: 
 Energy calculation finished, energy: -2.138685351E+03
Testing convergence of dimer midpoint in cycle  404
    Energy  5.6100E-07 Target: 1.0000E-06 converged?  yes
  Max step  1.3221E-02 Target: 1.8000E-03 converged?   no component   130
  RMS step  4.2495E-03 Target: 1.2000E-03 converged?   no
  Max grad  2.5335E-04 Target: 4.5000E-04 converged?  yes component   154
  RMS grad  3.8409E-05 Target: 3.0000E-04 converged?  yes
Next calculation will be the dimer endpoint before rotation
dl-find/turbomole/=============================== Tstep:  119.5 Ttot:138125.0 ==
eandg
Spin: 
 Energy calculation finished, energy: -2.138685351E+03
Curvature at dimer midpoint                   -0.00256
Predicted dimer rotation angle:      3.674 deg
Next calculation will be the dimer endpoint after rotation
dl-find/turbomole/=============================== Tstep:  115.2 Ttot:138240.2 ==
eandg
Spin: 
 Energy calculation finished, energy: -2.138685350E+03
Curvature at dimer midpoint after rotation    -0.00153
Curvature at dimer minimum                    -0.00256
Actual dimer rotation angle:         0.073 deg
Dimer rotation converged after    1 steps
Writing TS-mode
Curvature after dimer rotation:               -0.00256
Frequency of transition mode  -259.996 cm^-1 (negative value denotes imaginary frequency)
Crossover temperature for tunnelling       59.53604 K
Restarting L-BFGS optimiser, instance: dimer rotation
Next calculation will be the dimer  midpoint
dl-find/turbomole/=============================== Tstep:   95.0 Ttot:138335.1 ==
eandg
Spin: 
 Energy calculation finished, energy: -2.138685356E+03
Testing convergence of dimer midpoint in cycle  405
    Energy  4.8110E-06 Target: 1.0000E-06 converged?   no
  Max step  1.8440E-02 Target: 1.8000E-03 converged?   no component   130
  RMS step  5.8165E-03 Target: 1.2000E-03 converged?   no
  Max grad  1.9635E-04 Target: 4.5000E-04 converged?  yes component   154
  RMS grad  3.1106E-05 Target: 3.0000E-04 converged?  yes
Next calculation will be the dimer endpoint before rotation
dl-find/turbomole/=============================== Tstep:  126.8 Ttot:138462.0 ==
eandg
Spin: 
 Energy calculation finished, energy: -2.138685351E+03
Curvature at dimer midpoint                   -0.00258
Predicted dimer rotation angle:      4.424 deg
Next calculation will be the dimer endpoint after rotation
dl-find/turbomole/=============================== Tstep:  120.5 Ttot:138582.5 ==
eandg
Spin: 
 Energy calculation finished, energy: -2.138685351E+03
Curvature at dimer midpoint after rotation    -0.00158
Curvature at dimer minimum                    -0.00258
Actual dimer rotation angle:         0.129 deg
Dimer rotation converged after    1 steps
Writing TS-mode
Curvature after dimer rotation:               -0.00258
Frequency of transition mode  -261.042 cm^-1 (negative value denotes imaginary frequency)
Crossover temperature for tunnelling       59.77569 K
Restarting L-BFGS optimiser, instance: dimer rotation
Next calculation will be the dimer  midpoint
dl-find/turbomole/=============================== Tstep:   93.2 Ttot:138675.7 ==
eandg
Spin: 
 Energy calculation finished, energy: -2.138685351E+03
Testing convergence of dimer midpoint in cycle  406
    Energy  5.1680E-06 Target: 1.0000E-06 converged?   no
  Max step  1.6504E-02 Target: 1.8000E-03 converged?   no component   160
  RMS step  4.2643E-03 Target: 1.2000E-03 converged?   no
  Max grad  2.8704E-04 Target: 4.5000E-04 converged?  yes component   154
  RMS grad  4.7516E-05 Target: 3.0000E-04 converged?  yes
Next calculation will be the dimer endpoint before rotation
dl-find/turbomole/=============================== Tstep:  119.4 Ttot:138795.1 ==
eandg
Spin: 
 Energy calculation finished, energy: -2.138685351E+03
Curvature at dimer midpoint                   -0.00259
Predicted dimer rotation angle:      5.366 deg
Next calculation will be the dimer endpoint after rotation
dl-find/turbomole/=============================== Tstep:  119.9 Ttot:138915.0 ==
eandg
Spin: 
 Energy calculation finished, energy: -2.138685351E+03
Curvature at dimer midpoint after rotation    -0.00077
Curvature at dimer minimum                    -0.00259
Actual dimer rotation angle:         0.129 deg
Dimer rotation converged after    1 steps
Writing TS-mode
Curvature after dimer rotation:               -0.00259
Frequency of transition mode  -261.704 cm^-1 (negative value denotes imaginary frequency)
Crossover temperature for tunnelling       59.92711 K
Restarting L-BFGS optimiser, instance: dimer rotation
Next calculation will be the dimer  midpoint
dl-find/turbomole/=============================== Tstep:   96.9 Ttot:139011.9 ==
eandg
Spin: 
 Energy calculation finished, energy: -2.138685349E+03
Testing convergence of dimer midpoint in cycle  407
    Energy  2.0990E-06 Target: 1.0000E-06 converged?   no
  Max step  1.6848E-02 Target: 1.8000E-03 converged?   no component   160
  RMS step  4.9106E-03 Target: 1.2000E-03 converged?   no
  Max grad  2.3927E-04 Target: 4.5000E-04 converged?  yes component   253
  RMS grad  5.6659E-05 Target: 3.0000E-04 converged?  yes
Next calculation will be the dimer endpoint before rotation
dl-find/turbomole/=============================== Tstep:  126.2 Ttot:139138.1 ==
eandg
Spin: 
 Energy calculation finished, energy: -2.138685348E+03
Curvature at dimer midpoint                   -0.00259
Predicted dimer rotation angle:      3.712 deg
Next calculation will be the dimer endpoint after rotation
dl-find/turbomole/=============================== Tstep:  118.7 Ttot:139256.9 ==
eandg
Spin: 
 Energy calculation finished, energy: -2.138685348E+03
Curvature at dimer midpoint after rotation    -0.00132
Curvature at dimer minimum                    -0.00259
Actual dimer rotation angle:         0.062 deg
Dimer rotation converged after    1 steps
Writing TS-mode
Curvature after dimer rotation:               -0.00259
Frequency of transition mode  -261.614 cm^-1 (negative value denotes imaginary frequency)
Crossover temperature for tunnelling       59.90660 K
Restarting L-BFGS optimiser, instance: dimer rotation
Next calculation will be the dimer  midpoint
dl-find/turbomole/=============================== Tstep:   92.3 Ttot:139349.2 ==
eandg
Spin: 
 Energy calculation finished, energy: -2.138685353E+03
Testing convergence of dimer midpoint in cycle  408
    Energy  4.3190E-06 Target: 1.0000E-06 converged?   no
  Max step  6.2201E-03 Target: 1.8000E-03 converged?   no component   116
  RMS step  2.0052E-03 Target: 1.2000E-03 converged?   no
  Max grad  8.3479E-05 Target: 4.5000E-04 converged?  yes component   154
  RMS grad  2.6375E-05 Target: 3.0000E-04 converged?  yes
Next calculation will be the dimer endpoint before rotation
dl-find/turbomole/=============================== Tstep:  121.2 Ttot:139470.4 ==
eandg
Spin: 
 Energy calculation finished, energy: -2.138685353E+03
Curvature at dimer midpoint                   -0.00257
Predicted dimer rotation angle:      2.333 deg
Next calculation will be the dimer endpoint after rotation
dl-find/turbomole/=============================== Tstep:  118.4 Ttot:139588.9 ==
eandg
Spin: 
 Energy calculation finished, energy: -2.138685353E+03
Curvature at dimer midpoint after rotation    -0.00236
Curvature at dimer minimum                    -0.00258
Actual dimer rotation angle:         0.087 deg
Dimer rotation converged after    1 steps
Writing TS-mode
Curvature after dimer rotation:               -0.00258
Frequency of transition mode  -260.853 cm^-1 (negative value denotes imaginary frequency)
Crossover temperature for tunnelling       59.73242 K
Restarting L-BFGS optimiser, instance: dimer rotation
Next calculation will be the dimer  midpoint
dl-find/turbomole/=============================== Tstep:   90.5 Ttot:139679.4 ==
eandg
Spin: 
 Energy calculation finished, energy: -2.138685342E+03
Testing convergence of dimer midpoint in cycle  409
    Energy  1.0977E-05 Target: 1.0000E-06 converged?   no
  Max step  7.7520E-03 Target: 1.8000E-03 converged?   no component   116
  RMS step  2.2863E-03 Target: 1.2000E-03 converged?   no
  Max grad  7.9991E-05 Target: 4.5000E-04 converged?  yes component    43
  RMS grad  2.5334E-05 Target: 3.0000E-04 converged?  yes
Next calculation will be the dimer endpoint before rotation
dl-find/turbomole/=============================== Tstep:  125.2 Ttot:139804.6 ==
eandg
Spin: 
 Energy calculation finished, energy: -2.138685342E+03
Curvature at dimer midpoint                   -0.00258
Predicted dimer rotation angle:      2.683 deg
Next calculation will be the dimer endpoint after rotation
dl-find/turbomole/=============================== Tstep:  114.9 Ttot:139919.5 ==
eandg
Spin: 
 Energy calculation finished, energy: -2.138685342E+03
Curvature at dimer midpoint after rotation    -0.00198
Curvature at dimer minimum                    -0.00258
Actual dimer rotation angle:         0.049 deg
Dimer rotation converged after    1 steps
Writing TS-mode
Curvature after dimer rotation:               -0.00258
Frequency of transition mode  -260.883 cm^-1 (negative value denotes imaginary frequency)
Crossover temperature for tunnelling       59.73913 K
Restarting L-BFGS optimiser, instance: dimer rotation
Next calculation will be the dimer  midpoint
dl-find/turbomole/=============================== Tstep:   82.5 Ttot:140002.0 ==
eandg
Spin: 
 Energy calculation finished, energy: -2.138685344E+03
Testing convergence of dimer midpoint in cycle  410
    Energy  2.1520E-06 Target: 1.0000E-06 converged?   no
  Max step  4.4456E-03 Target: 1.8000E-03 converged?   no component   175
  RMS step  1.4056E-03 Target: 1.2000E-03 converged?   no
  Max grad  1.7483E-04 Target: 4.5000E-04 converged?  yes component   253
  RMS grad  3.2148E-05 Target: 3.0000E-04 converged?  yes
Next calculation will be the dimer endpoint before rotation
dl-find/turbomole/=============================== Tstep:  117.1 Ttot:140119.1 ==
eandg
Spin: 
 Energy calculation finished, energy: -2.138685343E+03
Curvature at dimer midpoint                   -0.00259
Predicted dimer rotation angle:      1.778 deg
Dimer rotation converged after    0 steps
Writing TS-mode
Curvature after dimer rotation:               -0.00259
Frequency of transition mode  -261.687 cm^-1 (negative value denotes imaginary frequency)
Crossover temperature for tunnelling       59.92335 K
Restarting L-BFGS optimiser, instance: dimer rotation
Next calculation will be the dimer  midpoint
dl-find/turbomole/=============================== Tstep:  118.0 Ttot:140237.1 ==
eandg
Spin: 
 Energy calculation finished, energy: -2.138685348E+03
Testing convergence of dimer midpoint in cycle  411
    Energy  3.7630E-06 Target: 1.0000E-06 converged?   no
  Max step  1.4793E-02 Target: 1.8000E-03 converged?   no component   160
  RMS step  4.2693E-03 Target: 1.2000E-03 converged?   no
  Max grad  2.5516E-04 Target: 4.5000E-04 converged?  yes component    51
  RMS grad  6.5317E-05 Target: 3.0000E-04 converged?  yes
Next calculation will be the dimer endpoint before rotation
dl-find/turbomole/=============================== Tstep:  121.9 Ttot:140359.0 ==
eandg
Spin: 
 Energy calculation finished, energy: -2.138685342E+03
Curvature at dimer midpoint                   -0.00259
Predicted dimer rotation angle:      5.135 deg
Next calculation will be the dimer endpoint after rotation
dl-find/turbomole/=============================== Tstep:  119.4 Ttot:140478.4 ==
eandg
Spin: 
 Energy calculation finished, energy: -2.138685343E+03
Curvature at dimer midpoint after rotation    -0.00177
Curvature at dimer minimum                    -0.00259
Actual dimer rotation angle:         0.238 deg
Dimer rotation converged after    1 steps
Writing TS-mode
Curvature after dimer rotation:               -0.00259
Frequency of transition mode  -261.577 cm^-1 (negative value denotes imaginary frequency)
Crossover temperature for tunnelling       59.89803 K
Restarting L-BFGS optimiser, instance: dimer rotation
Next calculation will be the dimer  midpoint
dl-find/turbomole/=============================== Tstep:   95.6 Ttot:140574.0 ==
eandg
Spin: 
 Energy calculation finished, energy: -2.138685343E+03
Testing convergence of dimer midpoint in cycle  412
    Energy  5.4740E-06 Target: 1.0000E-06 converged?   no
  Max step  1.4662E-02 Target: 1.8000E-03 converged?   no component   160
  RMS step  4.6817E-03 Target: 1.2000E-03 converged?   no
  Max grad  1.2004E-04 Target: 4.5000E-04 converged?  yes component   253
  RMS grad  3.0906E-05 Target: 3.0000E-04 converged?  yes
Next calculation will be the dimer endpoint before rotation
dl-find/turbomole/=============================== Tstep:  124.7 Ttot:140698.7 ==
eandg
Spin: 
 Energy calculation finished, energy: -2.138685342E+03
Curvature at dimer midpoint                   -0.00263
Predicted dimer rotation angle:      5.685 deg
Next calculation will be the dimer endpoint after rotation
dl-find/turbomole/=============================== Tstep:  115.7 Ttot:140814.4 ==
eandg
Spin: 
 Energy calculation finished, energy: -2.138685342E+03
Curvature at dimer midpoint after rotation    -0.00043
Curvature at dimer minimum                    -0.00263
Actual dimer rotation angle:         0.129 deg
Dimer rotation converged after    1 steps
Writing TS-mode
Curvature after dimer rotation:               -0.00263
Frequency of transition mode  -263.689 cm^-1 (negative value denotes imaginary frequency)
Crossover temperature for tunnelling       60.38177 K
Restarting L-BFGS optimiser, instance: dimer rotation
Next calculation will be the dimer  midpoint
dl-find/turbomole/=============================== Tstep:   92.7 Ttot:140907.1 ==
eandg
Spin: 
 Energy calculation finished, energy: -2.138685341E+03
Testing convergence of dimer midpoint in cycle  413
    Energy  1.4700E-06 Target: 1.0000E-06 converged?   no
  Max step  1.0514E-02 Target: 1.8000E-03 converged?   no component   130
  RMS step  3.3945E-03 Target: 1.2000E-03 converged?   no
  Max grad  6.6463E-05 Target: 4.5000E-04 converged?  yes component   175
  RMS grad  2.3713E-05 Target: 3.0000E-04 converged?  yes
Next calculation will be the dimer endpoint before rotation
dl-find/turbomole/=============================== Tstep:  113.1 Ttot:141020.2 ==
eandg
Spin: 
 Energy calculation finished, energy: -2.138685341E+03
Curvature at dimer midpoint                   -0.00264
Predicted dimer rotation angle:      3.524 deg
Next calculation will be the dimer endpoint after rotation
dl-find/turbomole/=============================== Tstep:  114.6 Ttot:141134.8 ==
eandg
Spin: 
 Energy calculation finished, energy: -2.138685342E+03
Curvature at dimer midpoint after rotation    -0.00183
Curvature at dimer minimum                    -0.00264
Actual dimer rotation angle:         0.083 deg
Dimer rotation converged after    1 steps
Writing TS-mode
Curvature after dimer rotation:               -0.00264
Frequency of transition mode  -264.344 cm^-1 (negative value denotes imaginary frequency)
Crossover temperature for tunnelling       60.53182 K
Restarting L-BFGS optimiser, instance: dimer rotation
Next calculation will be the dimer  midpoint
dl-find/turbomole/=============================== Tstep:   92.2 Ttot:141227.0 ==
eandg
Spin: 
 Energy calculation finished, energy: -2.138685343E+03
Testing convergence of dimer midpoint in cycle  414
    Energy  2.0320E-06 Target: 1.0000E-06 converged?   no
  Max step  1.4074E-02 Target: 1.8000E-03 converged?   no component   130
  RMS step  4.4832E-03 Target: 1.2000E-03 converged?   no
  Max grad  1.0809E-04 Target: 4.5000E-04 converged?  yes component   248
  RMS grad  3.0701E-05 Target: 3.0000E-04 converged?  yes
Next calculation will be the dimer endpoint before rotation
dl-find/turbomole/=============================== Tstep:  117.8 Ttot:141344.8 ==
eandg
Spin: 
 Energy calculation finished, energy: -2.138685343E+03
Curvature at dimer midpoint                   -0.00266
Predicted dimer rotation angle:      2.638 deg
Next calculation will be the dimer endpoint after rotation
dl-find/turbomole/=============================== Tstep:  118.3 Ttot:141463.1 ==
eandg
Spin: 
 Energy calculation finished, energy: -2.138685343E+03
Curvature at dimer midpoint after rotation    -0.00217
Curvature at dimer minimum                    -0.00266
Actual dimer rotation angle:         0.058 deg
Dimer rotation converged after    1 steps
Writing TS-mode
Curvature after dimer rotation:               -0.00266
Frequency of transition mode  -265.355 cm^-1 (negative value denotes imaginary frequency)
Crossover temperature for tunnelling       60.76314 K
Restarting L-BFGS optimiser, instance: dimer rotation
Next calculation will be the dimer  midpoint
dl-find/turbomole/=============================== Tstep:   82.3 Ttot:141545.4 ==
eandg
Spin: 
 Energy calculation finished, energy: -2.138685347E+03
Testing convergence of dimer midpoint in cycle  415
    Energy  4.2290E-06 Target: 1.0000E-06 converged?   no
  Max step  1.0402E-02 Target: 1.8000E-03 converged?   no component   160
  RMS step  3.4090E-03 Target: 1.2000E-03 converged?   no
  Max grad  2.4090E-04 Target: 4.5000E-04 converged?  yes component    82
  RMS grad  5.7320E-05 Target: 3.0000E-04 converged?  yes
Next calculation will be the dimer endpoint before rotation
dl-find/turbomole/=============================== Tstep:  118.6 Ttot:141664.0 ==
eandg
Spin: 
 Energy calculation finished, energy: -2.138685348E+03
Curvature at dimer midpoint                   -0.00268
Predicted dimer rotation angle:      2.055 deg
Next calculation will be the dimer endpoint after rotation
dl-find/turbomole/=============================== Tstep:  116.5 Ttot:141780.5 ==
eandg
Spin: 
 Energy calculation finished, energy: -2.138685347E+03
Curvature at dimer midpoint after rotation    -0.00246
Curvature at dimer minimum                    -0.00268
Actual dimer rotation angle:         0.060 deg
Dimer rotation converged after    1 steps
Writing TS-mode
Curvature after dimer rotation:               -0.00268
Frequency of transition mode  -266.210 cm^-1 (negative value denotes imaginary frequency)
Crossover temperature for tunnelling       60.95906 K
Restarting L-BFGS optimiser, instance: dimer rotation
Next calculation will be the dimer  midpoint
dl-find/turbomole/=============================== Tstep:   81.2 Ttot:141861.7 ==
eandg
Spin: 
 Energy calculation finished, energy: -2.138685349E+03
Testing convergence of dimer midpoint in cycle  416
    Energy  1.6210E-06 Target: 1.0000E-06 converged?   no
  Max step  3.4744E-03 Target: 1.8000E-03 converged?   no component    37
  RMS step  8.6251E-04 Target: 1.2000E-03 converged?  yes
  Max grad  1.2406E-04 Target: 4.5000E-04 converged?  yes component   253
  RMS grad  3.2909E-05 Target: 3.0000E-04 converged?  yes
Next calculation will be the dimer endpoint before rotation
dl-find/turbomole/=============================== Tstep:  116.6 Ttot:141978.3 ==
eandg
Spin: 
 Energy calculation finished, energy: -2.138685349E+03
Curvature at dimer midpoint                   -0.00269
Predicted dimer rotation angle:      1.818 deg
Dimer rotation converged after    0 steps
Writing TS-mode
Curvature after dimer rotation:               -0.00269
Frequency of transition mode  -266.710 cm^-1 (negative value denotes imaginary frequency)
Crossover temperature for tunnelling       61.07361 K
Restarting L-BFGS optimiser, instance: dimer rotation
Next calculation will be the dimer  midpoint
dl-find/turbomole/=============================== Tstep:  119.4 Ttot:142097.7 ==
eandg
Spin: 
 Energy calculation finished, energy: -2.138685351E+03
Testing convergence of dimer midpoint in cycle  417
    Energy  2.0150E-06 Target: 1.0000E-06 converged?   no
  Max step  8.8686E-03 Target: 1.8000E-03 converged?   no component   247
  RMS step  2.2027E-03 Target: 1.2000E-03 converged?   no
  Max grad  7.6501E-05 Target: 4.5000E-04 converged?  yes component    43
  RMS grad  2.3783E-05 Target: 3.0000E-04 converged?  yes
Next calculation will be the dimer endpoint before rotation
dl-find/turbomole/=============================== Tstep:  118.2 Ttot:142216.0 ==
eandg
Spin: 
 Energy calculation finished, energy: -2.138685351E+03
Curvature at dimer midpoint                   -0.00270
Predicted dimer rotation angle:      1.782 deg
Dimer rotation converged after    0 steps
Writing TS-mode
Curvature after dimer rotation:               -0.00270
Frequency of transition mode  -267.122 cm^-1 (negative value denotes imaginary frequency)
Crossover temperature for tunnelling       61.16779 K
Restarting L-BFGS optimiser, instance: dimer rotation
Next calculation will be the dimer  midpoint
dl-find/turbomole/=============================== Tstep:  118.7 Ttot:142334.6 ==
eandg
Spin: 
 Energy calculation finished, energy: -2.138685352E+03
Testing convergence of dimer midpoint in cycle  418
    Energy  1.2930E-06 Target: 1.0000E-06 converged?   no
  Max step  4.9222E-03 Target: 1.8000E-03 converged?   no component    37
  RMS step  1.1527E-03 Target: 1.2000E-03 converged?  yes
  Max grad  9.8054E-05 Target: 4.5000E-04 converged?  yes component   246
  RMS grad  2.5445E-05 Target: 3.0000E-04 converged?  yes
Next calculation will be the dimer endpoint before rotation
dl-find/turbomole/=============================== Tstep:  119.6 Ttot:142454.2 ==
eandg
Spin: 
 Energy calculation finished, energy: -2.138685352E+03
Curvature at dimer midpoint                   -0.00271
Predicted dimer rotation angle:      1.809 deg
Dimer rotation converged after    0 steps
Writing TS-mode
Curvature after dimer rotation:               -0.00271
Frequency of transition mode  -267.509 cm^-1 (negative value denotes imaginary frequency)
Crossover temperature for tunnelling       61.25652 K
Restarting L-BFGS optimiser, instance: dimer rotation
Next calculation will be the dimer  midpoint
dl-find/turbomole/=============================== Tstep:  114.7 Ttot:142568.9 ==
eandg
Spin: 
 Energy calculation finished, energy: -2.138685352E+03
Testing convergence of dimer midpoint in cycle  419
    Energy  5.8300E-07 Target: 1.0000E-06 converged?  yes
  Max step  1.8691E-02 Target: 1.8000E-03 converged?   no component    13
  RMS step  5.3136E-03 Target: 1.2000E-03 converged?   no
  Max grad  3.4329E-04 Target: 4.5000E-04 converged?  yes component   246
  RMS grad  6.2567E-05 Target: 3.0000E-04 converged?  yes
Next calculation will be the dimer endpoint before rotation
dl-find/turbomole/=============================== Tstep:  127.0 Ttot:142695.9 ==
eandg
Spin: 
 Energy calculation finished, energy: -2.138685352E+03
Curvature at dimer midpoint                   -0.00271
Predicted dimer rotation angle:      2.181 deg
Next calculation will be the dimer endpoint after rotation
dl-find/turbomole/=============================== Tstep:  115.1 Ttot:142811.0 ==
eandg
Spin: 
 Energy calculation finished, energy: -2.138685352E+03
Curvature at dimer midpoint after rotation    -0.00236
Curvature at dimer minimum                    -0.00271
Actual dimer rotation angle:         0.046 deg
Dimer rotation converged after    1 steps
Writing TS-mode
Curvature after dimer rotation:               -0.00271
Frequency of transition mode  -267.813 cm^-1 (negative value denotes imaginary frequency)
Crossover temperature for tunnelling       61.32617 K
Restarting L-BFGS optimiser, instance: dimer rotation
Next calculation will be the dimer  midpoint
dl-find/turbomole/=============================== Tstep:   85.8 Ttot:142896.8 ==
eandg
Spin: 
 Energy calculation finished, energy: -2.138685353E+03
Testing convergence of dimer midpoint in cycle  420
    Energy  1.5510E-06 Target: 1.0000E-06 converged?   no
  Max step  6.1504E-03 Target: 1.8000E-03 converged?   no component   130
  RMS step  1.9003E-03 Target: 1.2000E-03 converged?   no
  Max grad  6.8056E-05 Target: 4.5000E-04 converged?  yes component    43
  RMS grad  2.4007E-05 Target: 3.0000E-04 converged?  yes
Next calculation will be the dimer endpoint before rotation
dl-find/turbomole/=============================== Tstep:  117.4 Ttot:143014.2 ==
eandg
Spin: 
 Energy calculation finished, energy: -2.138685353E+03
Curvature at dimer midpoint                   -0.00271
Predicted dimer rotation angle:      1.472 deg
Dimer rotation converged after    0 steps
Writing TS-mode
Curvature after dimer rotation:               -0.00271
Frequency of transition mode  -267.830 cm^-1 (negative value denotes imaginary frequency)
Crossover temperature for tunnelling       61.32999 K
Restarting L-BFGS optimiser, instance: dimer rotation
Next calculation will be the dimer  midpoint
dl-find/turbomole/=============================== Tstep:  119.8 Ttot:143134.0 ==
eandg
Spin: 
 Energy calculation finished, energy: -2.138685354E+03
Testing convergence of dimer midpoint in cycle  421
    Energy  3.2900E-07 Target: 1.0000E-06 converged?  yes
  Max step  4.2896E-03 Target: 1.8000E-03 converged?   no component    13
  RMS step  1.3690E-03 Target: 1.2000E-03 converged?   no
  Max grad  6.2238E-05 Target: 4.5000E-04 converged?  yes component    23
  RMS grad  2.1392E-05 Target: 3.0000E-04 converged?  yes
Next calculation will be the dimer endpoint before rotation
dl-find/turbomole/=============================== Tstep:  123.7 Ttot:143257.6 ==
eandg
Spin: 
 Energy calculation finished, energy: -2.138685354E+03
Curvature at dimer midpoint                   -0.00271
Predicted dimer rotation angle:      1.528 deg
Dimer rotation converged after    0 steps
Writing TS-mode
Curvature after dimer rotation:               -0.00271
Frequency of transition mode  -267.739 cm^-1 (negative value denotes imaginary frequency)
Crossover temperature for tunnelling       61.30910 K
Restarting L-BFGS optimiser, instance: dimer rotation
Next calculation will be the dimer  midpoint
dl-find/turbomole/=============================== Tstep:  113.8 Ttot:143371.5 ==
eandg
Spin: 
 Energy calculation finished, energy: -2.138685354E+03
Testing convergence of dimer midpoint in cycle  422
    Energy  7.5300E-07 Target: 1.0000E-06 converged?  yes
  Max step  1.4116E-02 Target: 1.8000E-03 converged?   no component    13
  RMS step  3.9277E-03 Target: 1.2000E-03 converged?   no
  Max grad  1.0534E-04 Target: 4.5000E-04 converged?  yes component    69
  RMS grad  2.9043E-05 Target: 3.0000E-04 converged?  yes
Next calculation will be the dimer endpoint before rotation
dl-find/turbomole/=============================== Tstep:  129.8 Ttot:143501.3 ==
eandg
Spin: 
 Energy calculation finished, energy: -2.138685354E+03
Curvature at dimer midpoint                   -0.00271
Predicted dimer rotation angle:      1.816 deg
Dimer rotation converged after    0 steps
Writing TS-mode
Curvature after dimer rotation:               -0.00271
Frequency of transition mode  -267.416 cm^-1 (negative value denotes imaginary frequency)
Crossover temperature for tunnelling       61.23526 K
Restarting L-BFGS optimiser, instance: dimer rotation
Next calculation will be the dimer  midpoint
dl-find/turbomole/=============================== Tstep:  114.6 Ttot:143615.9 ==
eandg
Spin: 
 Energy calculation finished, energy: -2.138685353E+03
Testing convergence of dimer midpoint in cycle  423
    Energy  1.6100E-06 Target: 1.0000E-06 converged?   no
  Max step  1.6826E-02 Target: 1.8000E-03 converged?   no component    13
  RMS step  4.7409E-03 Target: 1.2000E-03 converged?   no
  Max grad  3.3279E-04 Target: 4.5000E-04 converged?  yes component   253
  RMS grad  5.9994E-05 Target: 3.0000E-04 converged?  yes
Next calculation will be the dimer endpoint before rotation
dl-find/turbomole/=============================== Tstep:  118.3 Ttot:143734.2 ==
eandg
Spin: 
 Energy calculation finished, energy: -2.138685353E+03
Curvature at dimer midpoint                   -0.00268
Predicted dimer rotation angle:      2.603 deg
Next calculation will be the dimer endpoint after rotation
dl-find/turbomole/=============================== Tstep:  116.8 Ttot:143851.1 ==
eandg
Spin: 
 Energy calculation finished, energy: -2.138685353E+03
Curvature at dimer midpoint after rotation    -0.00219
Curvature at dimer minimum                    -0.00268
Actual dimer rotation angle:         0.056 deg
Dimer rotation converged after    1 steps
Writing TS-mode
Curvature after dimer rotation:               -0.00268
Frequency of transition mode  -266.256 cm^-1 (negative value denotes imaginary frequency)
Crossover temperature for tunnelling       60.96949 K
Restarting L-BFGS optimiser, instance: dimer rotation
Next calculation will be the dimer  midpoint
dl-find/turbomole/=============================== Tstep:   87.9 Ttot:143939.0 ==
eandg
Spin: 
 Energy calculation finished, energy: -2.138685355E+03
Testing convergence of dimer midpoint in cycle  424
    Energy  2.0600E-06 Target: 1.0000E-06 converged?   no
  Max step  1.3940E-02 Target: 1.8000E-03 converged?   no component    13
  RMS step  3.9427E-03 Target: 1.2000E-03 converged?   no
  Max grad  1.9020E-04 Target: 4.5000E-04 converged?  yes component   253
  RMS grad  3.7031E-05 Target: 3.0000E-04 converged?  yes
Next calculation will be the dimer endpoint before rotation
dl-find/turbomole/=============================== Tstep:  117.9 Ttot:144056.9 ==
eandg
Spin: 
 Energy calculation finished, energy: -2.138685355E+03
Curvature at dimer midpoint                   -0.00270
Predicted dimer rotation angle:      2.948 deg
Next calculation will be the dimer endpoint after rotation
dl-find/turbomole/=============================== Tstep:  118.4 Ttot:144175.3 ==
eandg
Spin: 
 Energy calculation finished, energy: -2.138685355E+03
Curvature at dimer midpoint after rotation    -0.00241
Curvature at dimer minimum                    -0.00270
Actual dimer rotation angle:         0.134 deg
Dimer rotation converged after    1 steps
Writing TS-mode
Curvature after dimer rotation:               -0.00270
Frequency of transition mode  -267.082 cm^-1 (negative value denotes imaginary frequency)
Crossover temperature for tunnelling       61.15870 K
Restarting L-BFGS optimiser, instance: dimer rotation
Next calculation will be the dimer  midpoint
dl-find/turbomole/=============================== Tstep:   90.9 Ttot:144266.2 ==
eandg
Spin: 
 Energy calculation finished, energy: -2.138685355E+03
Testing convergence of dimer midpoint in cycle  425
    Energy  5.6000E-07 Target: 1.0000E-06 converged?  yes
  Max step  1.7881E-02 Target: 1.8000E-03 converged?   no component    37
  RMS step  4.4930E-03 Target: 1.2000E-03 converged?   no
  Max grad  1.0050E-04 Target: 4.5000E-04 converged?  yes component   250
  RMS grad  2.8097E-05 Target: 3.0000E-04 converged?  yes
Next calculation will be the dimer endpoint before rotation
dl-find/turbomole/=============================== Tstep:  119.4 Ttot:144385.6 ==
eandg
Spin: 
 Energy calculation finished, energy: -2.138685355E+03
Curvature at dimer midpoint                   -0.00268
Predicted dimer rotation angle:      3.312 deg
Next calculation will be the dimer endpoint after rotation
dl-find/turbomole/=============================== Tstep:  115.3 Ttot:144500.9 ==
eandg
Spin: 
 Energy calculation finished, energy: -2.138685355E+03
Curvature at dimer midpoint after rotation    -0.00202
Curvature at dimer minimum                    -0.00268
Actual dimer rotation angle:         0.085 deg
Dimer rotation converged after    1 steps
Writing TS-mode
Curvature after dimer rotation:               -0.00268
Frequency of transition mode  -266.125 cm^-1 (negative value denotes imaginary frequency)
Crossover temperature for tunnelling       60.93966 K
Restarting L-BFGS optimiser, instance: dimer rotation
Next calculation will be the dimer  midpoint
dl-find/turbomole/=============================== Tstep:   92.6 Ttot:144593.5 ==
eandg
Spin: 
 Energy calculation finished, energy: -2.138685359E+03
Testing convergence of dimer midpoint in cycle  426
    Energy  3.4940E-06 Target: 1.0000E-06 converged?   no
  Max step  1.4141E-02 Target: 1.8000E-03 converged?   no component    37
  RMS step  3.1169E-03 Target: 1.2000E-03 converged?   no
  Max grad  1.4768E-04 Target: 4.5000E-04 converged?  yes component   246
  RMS grad  3.6556E-05 Target: 3.0000E-04 converged?  yes
Next calculation will be the dimer endpoint before rotation
dl-find/turbomole/=============================== Tstep:  126.8 Ttot:144720.3 ==
eandg
Spin: 
 Energy calculation finished, energy: -2.138685358E+03
Curvature at dimer midpoint                   -0.00268
Predicted dimer rotation angle:      2.490 deg
Next calculation will be the dimer endpoint after rotation
dl-find/turbomole/=============================== Tstep:  119.7 Ttot:144840.0 ==
eandg
Spin: 
 Energy calculation finished, energy: -2.138685358E+03
Curvature at dimer midpoint after rotation    -0.00219
Curvature at dimer minimum                    -0.00268
Actual dimer rotation angle:         0.049 deg
Dimer rotation converged after    1 steps
Writing TS-mode
Curvature after dimer rotation:               -0.00268
Frequency of transition mode  -266.047 cm^-1 (negative value denotes imaginary frequency)
Crossover temperature for tunnelling       60.92178 K
Restarting L-BFGS optimiser, instance: dimer rotation
Next calculation will be the dimer  midpoint
dl-find/turbomole/=============================== Tstep:   90.4 Ttot:144930.5 ==
eandg
Spin: 
 Energy calculation finished, energy: -2.138685363E+03
Testing convergence of dimer midpoint in cycle  427
    Energy  4.2690E-06 Target: 1.0000E-06 converged?   no
  Max step  2.5275E-02 Target: 1.8000E-03 converged?   no component    37
  RMS step  6.2406E-03 Target: 1.2000E-03 converged?   no
  Max grad  2.8381E-04 Target: 4.5000E-04 converged?  yes component   253
  RMS grad  5.4386E-05 Target: 3.0000E-04 converged?  yes
Next calculation will be the dimer endpoint before rotation
dl-find/turbomole/=============================== Tstep:  122.3 Ttot:145052.7 ==
eandg
Spin: 
 Energy calculation finished, energy: -2.138685363E+03
Curvature at dimer midpoint                   -0.00267
Predicted dimer rotation angle:      1.583 deg
Dimer rotation converged after    0 steps
Writing TS-mode
Curvature after dimer rotation:               -0.00267
Frequency of transition mode  -265.547 cm^-1 (negative value denotes imaginary frequency)
Crossover temperature for tunnelling       60.80730 K
Restarting L-BFGS optimiser, instance: dimer rotation
Next calculation will be the dimer  midpoint
dl-find/turbomole/=============================== Tstep:  118.2 Ttot:145170.9 ==
eandg
Spin: 
 Energy calculation finished, energy: -2.138685365E+03
Testing convergence of dimer midpoint in cycle  428
    Energy  1.7070E-06 Target: 1.0000E-06 converged?   no
  Max step  8.5266E-03 Target: 1.8000E-03 converged?   no component    37
  RMS step  2.2128E-03 Target: 1.2000E-03 converged?   no
  Max grad  1.2278E-04 Target: 4.5000E-04 converged?  yes component    43
  RMS grad  3.1376E-05 Target: 3.0000E-04 converged?  yes
Next calculation will be the dimer endpoint before rotation
dl-find/turbomole/=============================== Tstep:  126.4 Ttot:145297.3 ==
eandg
Spin: 
 Energy calculation finished, energy: -2.138685364E+03
Curvature at dimer midpoint                   -0.00267
Predicted dimer rotation angle:      1.650 deg
Dimer rotation converged after    0 steps
Writing TS-mode
Curvature after dimer rotation:               -0.00267
Frequency of transition mode  -265.705 cm^-1 (negative value denotes imaginary frequency)
Crossover temperature for tunnelling       60.84339 K
Restarting L-BFGS optimiser, instance: dimer rotation
Next calculation will be the dimer  midpoint
dl-find/turbomole/=============================== Tstep:  118.2 Ttot:145415.5 ==
eandg
Spin: 
 Energy calculation finished, energy: -2.138685367E+03
Testing convergence of dimer midpoint in cycle  429
    Energy  2.5550E-06 Target: 1.0000E-06 converged?   no
  Max step  6.2536E-03 Target: 1.8000E-03 converged?   no component    40
  RMS step  1.5477E-03 Target: 1.2000E-03 converged?   no
  Max grad  8.8583E-05 Target: 4.5000E-04 converged?  yes component    48
  RMS grad  2.4198E-05 Target: 3.0000E-04 converged?  yes
Next calculation will be the dimer endpoint before rotation
dl-find/turbomole/=============================== Tstep:  124.0 Ttot:145539.5 ==
eandg
Spin: 
 Energy calculation finished, energy: -2.138685368E+03
Curvature at dimer midpoint                   -0.00268
Predicted dimer rotation angle:      3.113 deg
Next calculation will be the dimer endpoint after rotation
dl-find/turbomole/=============================== Tstep:  116.4 Ttot:145656.0 ==
eandg
Spin: 
 Energy calculation finished, energy: -2.138685367E+03
Curvature at dimer midpoint after rotation    -0.00231
Curvature at dimer minimum                    -0.00268
Actual dimer rotation angle:         0.124 deg
Dimer rotation converged after    1 steps
Writing TS-mode
Curvature after dimer rotation:               -0.00268
Frequency of transition mode  -265.948 cm^-1 (negative value denotes imaginary frequency)
Crossover temperature for tunnelling       60.89912 K
Restarting L-BFGS optimiser, instance: dimer rotation
Next calculation will be the dimer  midpoint
dl-find/turbomole/=============================== Tstep:   87.7 Ttot:145743.7 ==
eandg
Spin: 
 Energy calculation finished, energy: -2.138685372E+03
Testing convergence of dimer midpoint in cycle  430
    Energy  4.7030E-06 Target: 1.0000E-06 converged?   no
  Max step  7.7905E-03 Target: 1.8000E-03 converged?   no component   130
  RMS step  2.2141E-03 Target: 1.2000E-03 converged?   no
  Max grad  1.1458E-04 Target: 4.5000E-04 converged?  yes component   253
  RMS grad  2.8366E-05 Target: 3.0000E-04 converged?  yes
Next calculation will be the dimer endpoint before rotation
dl-find/turbomole/=============================== Tstep:  124.6 Ttot:145868.3 ==
eandg
Spin: 
 Energy calculation finished, energy: -2.138685372E+03
Curvature at dimer midpoint                   -0.00267
Predicted dimer rotation angle:      3.474 deg
Next calculation will be the dimer endpoint after rotation
dl-find/turbomole/=============================== Tstep:  117.2 Ttot:145985.5 ==
eandg
Spin: 
 Energy calculation finished, energy: -2.138685371E+03
Curvature at dimer midpoint after rotation    -0.00151
Curvature at dimer minimum                    -0.00267
Actual dimer rotation angle:         0.057 deg
Dimer rotation converged after    1 steps
Writing TS-mode
Curvature after dimer rotation:               -0.00267
Frequency of transition mode  -265.487 cm^-1 (negative value denotes imaginary frequency)
Crossover temperature for tunnelling       60.79338 K
Restarting L-BFGS optimiser, instance: dimer rotation
Next calculation will be the dimer  midpoint
dl-find/turbomole/=============================== Tstep:   87.8 Ttot:146073.4 ==
eandg
Spin: 
 Energy calculation finished, energy: -2.138685375E+03
Testing convergence of dimer midpoint in cycle  431
    Energy  3.3440E-06 Target: 1.0000E-06 converged?   no
  Max step  9.0955E-03 Target: 1.8000E-03 converged?   no component    37
  RMS step  2.2564E-03 Target: 1.2000E-03 converged?   no
  Max grad  1.1602E-04 Target: 4.5000E-04 converged?  yes component    43
  RMS grad  2.5746E-05 Target: 3.0000E-04 converged?  yes
Next calculation will be the dimer endpoint before rotation
dl-find/turbomole/=============================== Tstep:  125.0 Ttot:146198.4 ==
eandg
Spin: 
 Energy calculation finished, energy: -2.138685375E+03
Curvature at dimer midpoint                   -0.00266
Predicted dimer rotation angle:      1.605 deg
Dimer rotation converged after    0 steps
Writing TS-mode
Curvature after dimer rotation:               -0.00266
Frequency of transition mode  -265.328 cm^-1 (negative value denotes imaginary frequency)
Crossover temperature for tunnelling       60.75714 K
Restarting L-BFGS optimiser, instance: dimer rotation
Next calculation will be the dimer  midpoint
dl-find/turbomole/=============================== Tstep:  118.8 Ttot:146317.1 ==
eandg
Spin: 
 Energy calculation finished, energy: -2.138685381E+03
Testing convergence of dimer midpoint in cycle  432
    Energy  5.1680E-06 Target: 1.0000E-06 converged?   no
  Max step  1.2701E-02 Target: 1.8000E-03 converged?   no component    37
  RMS step  2.7013E-03 Target: 1.2000E-03 converged?   no
  Max grad  9.2135E-05 Target: 4.5000E-04 converged?  yes component    66
  RMS grad  2.6612E-05 Target: 3.0000E-04 converged?  yes
Next calculation will be the dimer endpoint before rotation
dl-find/turbomole/=============================== Tstep:  127.1 Ttot:146444.2 ==
eandg
Spin: 
 Energy calculation finished, energy: -2.138685380E+03
Curvature at dimer midpoint                   -0.00266
Predicted dimer rotation angle:      1.735 deg
Dimer rotation converged after    0 steps
Writing TS-mode
Curvature after dimer rotation:               -0.00266
Frequency of transition mode  -265.011 cm^-1 (negative value denotes imaginary frequency)
Crossover temperature for tunnelling       60.68448 K
Restarting L-BFGS optimiser, instance: dimer rotation
Next calculation will be the dimer  midpoint
dl-find/turbomole/=============================== Tstep:  119.5 Ttot:146563.7 ==
eandg
Spin: 
 Energy calculation finished, energy: -2.138685384E+03
Testing convergence of dimer midpoint in cycle  433
    Energy  3.7870E-06 Target: 1.0000E-06 converged?   no
  Max step  1.8614E-02 Target: 1.8000E-03 converged?   no component    37
  RMS step  4.4028E-03 Target: 1.2000E-03 converged?   no
  Max grad  2.1082E-04 Target: 4.5000E-04 converged?  yes component    48
  RMS grad  4.8543E-05 Target: 3.0000E-04 converged?  yes
Next calculation will be the dimer endpoint before rotation
dl-find/turbomole/=============================== Tstep:  127.9 Ttot:146691.6 ==
eandg
Spin: 
 Energy calculation finished, energy: -2.138685384E+03
Curvature at dimer midpoint                   -0.00264
Predicted dimer rotation angle:      2.294 deg
Next calculation will be the dimer endpoint after rotation
dl-find/turbomole/=============================== Tstep:  115.7 Ttot:146807.3 ==
eandg
Spin: 
 Energy calculation finished, energy: -2.138685384E+03
Curvature at dimer midpoint after rotation    -0.00228
Curvature at dimer minimum                    -0.00264
Actual dimer rotation angle:         0.051 deg
Dimer rotation converged after    1 steps
Writing TS-mode
Curvature after dimer rotation:               -0.00264
Frequency of transition mode  -264.274 cm^-1 (negative value denotes imaginary frequency)
Crossover temperature for tunnelling       60.51559 K
Restarting L-BFGS optimiser, instance: dimer rotation
Next calculation will be the dimer  midpoint
dl-find/turbomole/=============================== Tstep:   90.2 Ttot:146897.5 ==
eandg
Spin: 
 Energy calculation finished, energy: -2.138685386E+03
Testing convergence of dimer midpoint in cycle  434
    Energy  1.0990E-06 Target: 1.0000E-06 converged?   no
  Max step  1.4952E-03 Target: 1.8000E-03 converged?  yes component    10
  RMS step  4.4918E-04 Target: 1.2000E-03 converged?  yes
  Max grad  1.0057E-04 Target: 4.5000E-04 converged?  yes component   249
  RMS grad  2.3522E-05 Target: 3.0000E-04 converged?  yes
Next calculation will be the dimer endpoint before rotation
dl-find/turbomole/=============================== Tstep:  117.7 Ttot:147015.2 ==
eandg
Spin: 
 Energy calculation finished, energy: -2.138685385E+03
Curvature at dimer midpoint                   -0.00264
Predicted dimer rotation angle:      1.578 deg
Dimer rotation converged after    0 steps
Writing TS-mode
Curvature after dimer rotation:               -0.00264
Frequency of transition mode  -264.285 cm^-1 (negative value denotes imaginary frequency)
Crossover temperature for tunnelling       60.51810 K
Restarting L-BFGS optimiser, instance: dimer rotation
Next calculation will be the dimer  midpoint
dl-find/turbomole/=============================== Tstep:  119.6 Ttot:147134.7 ==
eandg
Spin: 
 Energy calculation finished, energy: -2.138685385E+03
Testing convergence of dimer midpoint in cycle  435
    Energy  9.6500E-07 Target: 1.0000E-06 converged?  yes
  Max step  2.0714E-03 Target: 1.8000E-03 converged?   no component    12
  RMS step  4.6563E-04 Target: 1.2000E-03 converged?  yes
  Max grad  1.2539E-04 Target: 4.5000E-04 converged?  yes component    43
  RMS grad  2.3265E-05 Target: 3.0000E-04 converged?  yes
Next calculation will be the dimer endpoint before rotation
dl-find/turbomole/=============================== Tstep:  121.2 Ttot:147255.9 ==
eandg
Spin: 
 Energy calculation finished, energy: -2.138685384E+03
Curvature at dimer midpoint                   -0.00264
Predicted dimer rotation angle:      1.517 deg
Dimer rotation converged after    0 steps
Writing TS-mode
Curvature after dimer rotation:               -0.00264
Frequency of transition mode  -264.279 cm^-1 (negative value denotes imaginary frequency)
Crossover temperature for tunnelling       60.51682 K
Restarting L-BFGS optimiser, instance: dimer rotation
Next calculation will be the dimer  midpoint
dl-find/turbomole/=============================== Tstep:  118.5 Ttot:147374.4 ==
eandg
Spin: 
 Energy calculation finished, energy: -2.138685388E+03
Testing convergence of dimer midpoint in cycle  436
    Energy  3.8230E-06 Target: 1.0000E-06 converged?   no
  Max step  8.3984E-03 Target: 1.8000E-03 converged?   no component    37
  RMS step  2.1279E-03 Target: 1.2000E-03 converged?   no
  Max grad  1.2798E-04 Target: 4.5000E-04 converged?  yes component    43
  RMS grad  3.0034E-05 Target: 3.0000E-04 converged?  yes
Next calculation will be the dimer endpoint before rotation
dl-find/turbomole/=============================== Tstep:  121.5 Ttot:147495.9 ==
eandg
Spin: 
 Energy calculation finished, energy: -2.138685388E+03
Curvature at dimer midpoint                   -0.00264
Predicted dimer rotation angle:      1.465 deg
Dimer rotation converged after    0 steps
Writing TS-mode
Curvature after dimer rotation:               -0.00264
Frequency of transition mode  -263.913 cm^-1 (negative value denotes imaginary frequency)
Crossover temperature for tunnelling       60.43312 K
Restarting L-BFGS optimiser, instance: dimer rotation
Next calculation will be the dimer  midpoint
dl-find/turbomole/=============================== Tstep:  116.1 Ttot:147612.0 ==
eandg
Spin: 
 Energy calculation finished, energy: -2.138685392E+03
Testing convergence of dimer midpoint in cycle  437
    Energy  4.0990E-06 Target: 1.0000E-06 converged?   no
  Max step  1.8322E-02 Target: 1.8000E-03 converged?   no component    37
  RMS step  4.5469E-03 Target: 1.2000E-03 converged?   no
  Max grad  2.6020E-04 Target: 4.5000E-04 converged?  yes component    43
  RMS grad  4.1461E-05 Target: 3.0000E-04 converged?  yes
Next calculation will be the dimer endpoint before rotation
dl-find/turbomole/=============================== Tstep:  124.0 Ttot:147736.1 ==
eandg
Spin: 
 Energy calculation finished, energy: -2.138685392E+03
Curvature at dimer midpoint                   -0.00262
Predicted dimer rotation angle:      1.696 deg
Dimer rotation converged after    0 steps
Writing TS-mode
Curvature after dimer rotation:               -0.00262
Frequency of transition mode  -263.196 cm^-1 (negative value denotes imaginary frequency)
Crossover temperature for tunnelling       60.26873 K
Restarting L-BFGS optimiser, instance: dimer rotation
Next calculation will be the dimer  midpoint
dl-find/turbomole/=============================== Tstep:  115.7 Ttot:147851.7 ==
eandg
Spin: 
 Energy calculation finished, energy: -2.138685383E+03
Testing convergence of dimer midpoint in cycle  438
    Energy  9.0220E-06 Target: 1.0000E-06 converged?   no
  Max step  4.0964E-02 Target: 1.8000E-03 converged?   no component    37
  RMS step  1.0168E-02 Target: 1.2000E-03 converged?   no
  Max grad  3.5091E-04 Target: 4.5000E-04 converged?  yes component   173
  RMS grad  6.7167E-05 Target: 3.0000E-04 converged?  yes
Next calculation will be the dimer endpoint before rotation
dl-find/turbomole/=============================== Tstep:  135.8 Ttot:147987.5 ==
eandg
Spin: 
 Energy calculation finished, energy: -2.138685383E+03
Curvature at dimer midpoint                   -0.00261
Predicted dimer rotation angle:      2.732 deg
Next calculation will be the dimer endpoint after rotation
dl-find/turbomole/=============================== Tstep:  118.9 Ttot:148106.4 ==
eandg
Spin: 
 Energy calculation finished, energy: -2.138685383E+03
Curvature at dimer midpoint after rotation    -0.00212
Curvature at dimer minimum                    -0.00261
Actual dimer rotation angle:         0.064 deg
Dimer rotation converged after    1 steps
Writing TS-mode
Curvature after dimer rotation:               -0.00261
Frequency of transition mode  -262.469 cm^-1 (negative value denotes imaginary frequency)
Crossover temperature for tunnelling       60.10240 K
Restarting L-BFGS optimiser, instance: dimer rotation
Next calculation will be the dimer  midpoint
dl-find/turbomole/=============================== Tstep:   60.3 Ttot:148166.8 ==
eandg
Spin: 
 Energy calculation finished, energy: -2.138685386E+03
Testing convergence of dimer midpoint in cycle  439
    Energy  2.7720E-06 Target: 1.0000E-06 converged?   no
  Max step  2.2109E-03 Target: 1.8000E-03 converged?   no component    37
  RMS step  5.7970E-04 Target: 1.2000E-03 converged?  yes
  Max grad  6.8877E-05 Target: 4.5000E-04 converged?  yes component   100
  RMS grad  2.3717E-05 Target: 3.0000E-04 converged?  yes
Next calculation will be the dimer endpoint before rotation
dl-find/turbomole/=============================== Tstep:  120.5 Ttot:148287.3 ==
eandg
Spin: 
 Energy calculation finished, energy: -2.138685385E+03
Curvature at dimer midpoint                   -0.00261
Predicted dimer rotation angle:      2.251 deg
Next calculation will be the dimer endpoint after rotation
dl-find/turbomole/=============================== Tstep:  118.9 Ttot:148406.2 ==
eandg
Spin: 
 Energy calculation finished, energy: -2.138685385E+03
Curvature at dimer midpoint after rotation    -0.00224
Curvature at dimer minimum                    -0.00261
Actual dimer rotation angle:         0.048 deg
Dimer rotation converged after    1 steps
Writing TS-mode
Curvature after dimer rotation:               -0.00261
Frequency of transition mode  -262.404 cm^-1 (negative value denotes imaginary frequency)
Crossover temperature for tunnelling       60.08754 K
Restarting L-BFGS optimiser, instance: dimer rotation
Next calculation will be the dimer  midpoint
dl-find/turbomole/=============================== Tstep:   86.0 Ttot:148492.2 ==
eandg
Spin: 
 Energy calculation finished, energy: -2.138685390E+03
Testing convergence of dimer midpoint in cycle  440
    Energy  3.3670E-06 Target: 1.0000E-06 converged?   no
  Max step  3.0587E-03 Target: 1.8000E-03 converged?   no component    37
  RMS step  6.5329E-04 Target: 1.2000E-03 converged?  yes
  Max grad  7.9883E-05 Target: 4.5000E-04 converged?  yes component   173
  RMS grad  2.3109E-05 Target: 3.0000E-04 converged?  yes
Next calculation will be the dimer endpoint before rotation
dl-find/turbomole/=============================== Tstep:  121.0 Ttot:148613.2 ==
eandg
Spin: 
 Energy calculation finished, energy: -2.138685389E+03
Curvature at dimer midpoint                   -0.00261
Predicted dimer rotation angle:      1.502 deg
Dimer rotation converged after    0 steps
Writing TS-mode
Curvature after dimer rotation:               -0.00261
Frequency of transition mode  -262.474 cm^-1 (negative value denotes imaginary frequency)
Crossover temperature for tunnelling       60.10353 K
Restarting L-BFGS optimiser, instance: dimer rotation
Next calculation will be the dimer  midpoint
dl-find/turbomole/=============================== Tstep:  119.9 Ttot:148733.1 ==
eandg
Spin: 
 Energy calculation finished, energy: -2.138685394E+03
Testing convergence of dimer midpoint in cycle  441
    Energy  4.2940E-06 Target: 1.0000E-06 converged?   no
  Max step  9.4624E-03 Target: 1.8000E-03 converged?   no component    37
  RMS step  2.1740E-03 Target: 1.2000E-03 converged?   no
  Max grad  1.2038E-04 Target: 4.5000E-04 converged?  yes component    88
  RMS grad  2.7631E-05 Target: 3.0000E-04 converged?  yes
Next calculation will be the dimer endpoint before rotation
dl-find/turbomole/=============================== Tstep:  125.0 Ttot:148858.1 ==
eandg
Spin: 
 Energy calculation finished, energy: -2.138685393E+03
Curvature at dimer midpoint                   -0.00260
Predicted dimer rotation angle:      1.545 deg
Dimer rotation converged after    0 steps
Writing TS-mode
Curvature after dimer rotation:               -0.00260
Frequency of transition mode  -262.348 cm^-1 (negative value denotes imaginary frequency)
Crossover temperature for tunnelling       60.07459 K
Restarting L-BFGS optimiser, instance: dimer rotation
Next calculation will be the dimer  midpoint
dl-find/turbomole/=============================== Tstep:  119.5 Ttot:148977.7 ==
eandg
Spin: 
 Energy calculation finished, energy: -2.138685465E+03
Testing convergence of dimer midpoint in cycle  442
    Energy  7.0773E-05 Target: 1.0000E-06 converged?   no
  Max step  2.1498E-02 Target: 1.8000E-03 converged?   no component    37
  RMS step  4.6710E-03 Target: 1.2000E-03 converged?   no
  Max grad  3.0684E-04 Target: 4.5000E-04 converged?  yes component   173
  RMS grad  5.8806E-05 Target: 3.0000E-04 converged?  yes
Next calculation will be the dimer endpoint before rotation
dl-find/turbomole/=============================== Tstep:  137.1 Ttot:149114.8 ==
eandg
Spin: 
 Energy calculation finished, energy: -2.138685464E+03
Curvature at dimer midpoint                   -0.00260
Predicted dimer rotation angle:      1.889 deg
Dimer rotation converged after    0 steps
Writing TS-mode
Curvature after dimer rotation:               -0.00260
Frequency of transition mode  -262.055 cm^-1 (negative value denotes imaginary frequency)
Crossover temperature for tunnelling       60.00749 K
Restarting L-BFGS optimiser, instance: dimer rotation
Next calculation will be the dimer  midpoint
dl-find/turbomole/=============================== Tstep:  117.9 Ttot:149232.7 ==
eandg
Spin: 
 Energy calculation finished, energy: -2.138685464E+03
Testing convergence of dimer midpoint in cycle  443
    Energy  3.7100E-07 Target: 1.0000E-06 converged?  yes
  Max step  3.0230E-02 Target: 1.8000E-03 converged?   no component    37
  RMS step  8.2477E-03 Target: 1.2000E-03 converged?   no
  Max grad  1.0621E-04 Target: 4.5000E-04 converged?  yes component   250
  RMS grad  3.0782E-05 Target: 3.0000E-04 converged?  yes
Next calculation will be the dimer endpoint before rotation
dl-find/turbomole/=============================== Tstep:  131.0 Ttot:149363.6 ==
eandg
Spin: 
 Energy calculation finished, energy: -2.138685466E+03
Curvature at dimer midpoint                   -0.00260
Predicted dimer rotation angle:      3.060 deg
Next calculation will be the dimer endpoint after rotation
dl-find/turbomole/=============================== Tstep:  115.8 Ttot:149479.5 ==
eandg
Spin: 
 Energy calculation finished, energy: -2.138685466E+03
Curvature at dimer midpoint after rotation    -0.00208
Curvature at dimer minimum                    -0.00260
Actual dimer rotation angle:         0.082 deg
Dimer rotation converged after    1 steps
Writing TS-mode
Curvature after dimer rotation:               -0.00260
Frequency of transition mode  -262.132 cm^-1 (negative value denotes imaginary frequency)
Crossover temperature for tunnelling       60.02524 K
Restarting L-BFGS optimiser, instance: dimer rotation
Next calculation will be the dimer  midpoint
dl-find/turbomole/=============================== Tstep:   88.9 Ttot:149568.4 ==
eandg
Spin: 
 Energy calculation finished, energy: -2.138685468E+03
Testing convergence of dimer midpoint in cycle  444
    Energy  3.7750E-06 Target: 1.0000E-06 converged?   no
  Max step  1.3517E-02 Target: 1.8000E-03 converged?   no component    37
  RMS step  3.8752E-03 Target: 1.2000E-03 converged?   no
  Max grad  8.2844E-05 Target: 4.5000E-04 converged?  yes component   250
  RMS grad  2.5131E-05 Target: 3.0000E-04 converged?  yes
Next calculation will be the dimer endpoint before rotation
dl-find/turbomole/=============================== Tstep:  124.9 Ttot:149693.3 ==
eandg
Spin: 
 Energy calculation finished, energy: -2.138685469E+03
Curvature at dimer midpoint                   -0.00260
Predicted dimer rotation angle:      2.419 deg
Next calculation will be the dimer endpoint after rotation
dl-find/turbomole/=============================== Tstep:  118.5 Ttot:149811.8 ==
eandg
Spin: 
 Energy calculation finished, energy: -2.138685468E+03
Curvature at dimer midpoint after rotation    -0.00223
Curvature at dimer minimum                    -0.00260
Actual dimer rotation angle:         0.057 deg
Dimer rotation converged after    1 steps
Writing TS-mode
Curvature after dimer rotation:               -0.00260
Frequency of transition mode  -262.362 cm^-1 (negative value denotes imaginary frequency)
Crossover temperature for tunnelling       60.07781 K
Restarting L-BFGS optimiser, instance: dimer rotation
Next calculation will be the dimer  midpoint
dl-find/turbomole/=============================== Tstep:   80.3 Ttot:149892.1 ==
eandg
Spin: 
 Energy calculation finished, energy: -2.138685471E+03
Testing convergence of dimer midpoint in cycle  445
    Energy  3.4130E-06 Target: 1.0000E-06 converged?   no
  Max step  2.3001E-02 Target: 1.8000E-03 converged?   no component    37
  RMS step  6.5417E-03 Target: 1.2000E-03 converged?   no
  Max grad  1.7083E-04 Target: 4.5000E-04 converged?  yes component   173
  RMS grad  3.6227E-05 Target: 3.0000E-04 converged?  yes
Next calculation will be the dimer endpoint before rotation
dl-find/turbomole/=============================== Tstep:  127.8 Ttot:150019.9 ==
eandg
Spin: 
 Energy calculation finished, energy: -2.138685471E+03
Curvature at dimer midpoint                   -0.00259
Predicted dimer rotation angle:      2.552 deg
Next calculation will be the dimer endpoint after rotation
dl-find/turbomole/=============================== Tstep:  119.3 Ttot:150139.2 ==
eandg
Spin: 
 Energy calculation finished, energy: -2.138685471E+03
Curvature at dimer midpoint after rotation    -0.00224
Curvature at dimer minimum                    -0.00259
Actual dimer rotation angle:         0.071 deg
Dimer rotation converged after    1 steps
Writing TS-mode
Curvature after dimer rotation:               -0.00259
Frequency of transition mode  -261.760 cm^-1 (negative value denotes imaginary frequency)
Crossover temperature for tunnelling       59.94000 K
Restarting L-BFGS optimiser, instance: dimer rotation
Next calculation will be the dimer  midpoint
dl-find/turbomole/=============================== Tstep:   86.6 Ttot:150225.8 ==
eandg
Spin: 
 Energy calculation finished, energy: -2.138685465E+03
Testing convergence of dimer midpoint in cycle  446
    Energy  6.6270E-06 Target: 1.0000E-06 converged?   no
  Max step  1.6365E-02 Target: 1.8000E-03 converged?   no component    37
  RMS step  3.9393E-03 Target: 1.2000E-03 converged?   no
  Max grad  2.4655E-04 Target: 4.5000E-04 converged?  yes component   200
  RMS grad  5.6011E-05 Target: 3.0000E-04 converged?  yes
Next calculation will be the dimer endpoint before rotation
dl-find/turbomole/=============================== Tstep:  128.3 Ttot:150354.2 ==
eandg
Spin: 
 Energy calculation finished, energy: -2.138685464E+03
Curvature at dimer midpoint                   -0.00260
Predicted dimer rotation angle:      2.398 deg
Next calculation will be the dimer endpoint after rotation
dl-find/turbomole/=============================== Tstep:  119.8 Ttot:150474.0 ==
eandg
Spin: 
 Energy calculation finished, energy: -2.138685464E+03
Curvature at dimer midpoint after rotation    -0.00216
Curvature at dimer minimum                    -0.00260
Actual dimer rotation angle:         0.048 deg
Dimer rotation converged after    1 steps
Writing TS-mode
Curvature after dimer rotation:               -0.00260
Frequency of transition mode  -261.944 cm^-1 (negative value denotes imaginary frequency)
Crossover temperature for tunnelling       59.98207 K
Restarting L-BFGS optimiser, instance: dimer rotation
Next calculation will be the dimer  midpoint
dl-find/turbomole/=============================== Tstep:   90.6 Ttot:150564.5 ==
eandg
Spin: 
 Energy calculation finished, energy: -2.138685443E+03
Testing convergence of dimer midpoint in cycle  447
    Energy  2.1524E-05 Target: 1.0000E-06 converged?   no
  Max step  1.1997E-02 Target: 1.8000E-03 converged?   no component    37
  RMS step  3.0150E-03 Target: 1.2000E-03 converged?   no
  Max grad  1.1247E-04 Target: 4.5000E-04 converged?  yes component    55
  RMS grad  3.6920E-05 Target: 3.0000E-04 converged?  yes
Next calculation will be the dimer endpoint before rotation
dl-find/turbomole/=============================== Tstep:  125.4 Ttot:150690.0 ==
eandg
Spin: 
 Energy calculation finished, energy: -2.138685444E+03
Curvature at dimer midpoint                   -0.00261
Predicted dimer rotation angle:      2.106 deg
Next calculation will be the dimer endpoint after rotation
dl-find/turbomole/=============================== Tstep:  115.9 Ttot:150805.9 ==
eandg
Spin: 
 Energy calculation finished, energy: -2.138685444E+03
Curvature at dimer midpoint after rotation    -0.00244
Curvature at dimer minimum                    -0.00261
Actual dimer rotation angle:         0.081 deg
Dimer rotation converged after    1 steps
Writing TS-mode
Curvature after dimer rotation:               -0.00261
Frequency of transition mode  -262.418 cm^-1 (negative value denotes imaginary frequency)
Crossover temperature for tunnelling       60.09062 K
Restarting L-BFGS optimiser, instance: dimer rotation
Next calculation will be the dimer  midpoint
dl-find/turbomole/=============================== Tstep:   88.7 Ttot:150894.6 ==
eandg
Spin: 
 Energy calculation finished, energy: -2.138685454E+03
Testing convergence of dimer midpoint in cycle  448
    Energy  1.0406E-05 Target: 1.0000E-06 converged?   no
  Max step  2.4981E-02 Target: 1.8000E-03 converged?   no component    37
  RMS step  5.9708E-03 Target: 1.2000E-03 converged?   no
  Max grad  1.4001E-04 Target: 4.5000E-04 converged?  yes component    55
  RMS grad  3.4016E-05 Target: 3.0000E-04 converged?  yes
Next calculation will be the dimer endpoint before rotation
dl-find/turbomole/=============================== Tstep:  132.8 Ttot:151027.3 ==
eandg
Spin: 
 Energy calculation finished, energy: -2.138685453E+03
Curvature at dimer midpoint                   -0.00258
Predicted dimer rotation angle:      2.438 deg
Next calculation will be the dimer endpoint after rotation
dl-find/turbomole/=============================== Tstep:  114.9 Ttot:151142.3 ==
eandg
Spin: 
 Energy calculation finished, energy: -2.138685453E+03
Curvature at dimer midpoint after rotation    -0.00222
Curvature at dimer minimum                    -0.00258
Actual dimer rotation angle:         0.060 deg
Dimer rotation converged after    1 steps
Writing TS-mode
Curvature after dimer rotation:               -0.00258
Frequency of transition mode  -261.186 cm^-1 (negative value denotes imaginary frequency)
Crossover temperature for tunnelling       59.80861 K
Restarting L-BFGS optimiser, instance: dimer rotation
Next calculation will be the dimer  midpoint
dl-find/turbomole/=============================== Tstep:   84.0 Ttot:151226.2 ==
eandg
Spin: 
 Energy calculation finished, energy: -2.138685456E+03
Testing convergence of dimer midpoint in cycle  449
    Energy  2.6810E-06 Target: 1.0000E-06 converged?   no
  Max step  1.5714E-02 Target: 1.8000E-03 converged?   no component    37
  RMS step  3.7155E-03 Target: 1.2000E-03 converged?   no
  Max grad  2.2071E-04 Target: 4.5000E-04 converged?  yes component   200
  RMS grad  4.7293E-05 Target: 3.0000E-04 converged?  yes
Next calculation will be the dimer endpoint before rotation
dl-find/turbomole/=============================== Tstep:  124.6 Ttot:151350.8 ==
eandg
Spin: 
 Energy calculation finished, energy: -2.138685456E+03
Curvature at dimer midpoint                   -0.00258
Predicted dimer rotation angle:      2.015 deg
Next calculation will be the dimer endpoint after rotation
dl-find/turbomole/=============================== Tstep:  119.5 Ttot:151470.3 ==
eandg
Spin: 
 Energy calculation finished, energy: -2.138685456E+03
Curvature at dimer midpoint after rotation    -0.00232
Curvature at dimer minimum                    -0.00258
Actual dimer rotation angle:         0.047 deg
Dimer rotation converged after    1 steps
Writing TS-mode
Curvature after dimer rotation:               -0.00258
Frequency of transition mode  -261.319 cm^-1 (negative value denotes imaginary frequency)
Crossover temperature for tunnelling       59.83909 K
Restarting L-BFGS optimiser, instance: dimer rotation
Next calculation will be the dimer  midpoint
dl-find/turbomole/=============================== Tstep:   85.5 Ttot:151555.8 ==
eandg
Spin: 
 Energy calculation finished, energy: -2.138685460E+03
Testing convergence of dimer midpoint in cycle  450
    Energy  3.5700E-06 Target: 1.0000E-06 converged?   no
  Max step  1.4305E-02 Target: 1.8000E-03 converged?   no component    37
  RMS step  3.4131E-03 Target: 1.2000E-03 converged?   no
  Max grad  1.4615E-04 Target: 4.5000E-04 converged?  yes component   200
  RMS grad  3.6241E-05 Target: 3.0000E-04 converged?  yes
Next calculation will be the dimer endpoint before rotation
dl-find/turbomole/=============================== Tstep:  118.6 Ttot:151674.3 ==
eandg
Spin: 
 Energy calculation finished, energy: -2.138685459E+03
Curvature at dimer midpoint                   -0.00259
Predicted dimer rotation angle:      1.574 deg
Dimer rotation converged after    0 steps
Writing TS-mode
Curvature after dimer rotation:               -0.00259
Frequency of transition mode  -261.401 cm^-1 (negative value denotes imaginary frequency)
Crossover temperature for tunnelling       59.85778 K
Restarting L-BFGS optimiser, instance: dimer rotation
Next calculation will be the dimer  midpoint
dl-find/turbomole/=============================== Tstep:  112.7 Ttot:151787.0 ==
eandg
Spin: 
 Energy calculation finished, energy: -2.138685475E+03
Testing convergence of dimer midpoint in cycle  451
    Energy  1.4656E-05 Target: 1.0000E-06 converged?   no
  Max step  2.7706E-02 Target: 1.8000E-03 converged?   no component    37
  RMS step  6.6869E-03 Target: 1.2000E-03 converged?   no
  Max grad  1.2180E-04 Target: 4.5000E-04 converged?  yes component    69
  RMS grad  3.4896E-05 Target: 3.0000E-04 converged?  yes
Next calculation will be the dimer endpoint before rotation
dl-find/turbomole/=============================== Tstep:  100.9 Ttot:151888.0 ==
eandg
Spin: 
 Energy calculation finished, energy: -2.138685474E+03
Curvature at dimer midpoint                   -0.00254
Predicted dimer rotation angle:      1.952 deg
Dimer rotation converged after    0 steps
Writing TS-mode
Curvature after dimer rotation:               -0.00254
Frequency of transition mode  -259.255 cm^-1 (negative value denotes imaginary frequency)
Crossover temperature for tunnelling       59.36629 K
Restarting L-BFGS optimiser, instance: dimer rotation
Next calculation will be the dimer  midpoint
dl-find/turbomole/=============================== Tstep:  116.2 Ttot:152004.2 ==
eandg
Spin: 
 Energy calculation finished, energy: -2.138685480E+03
Testing convergence of dimer midpoint in cycle  452
    Energy  5.7700E-06 Target: 1.0000E-06 converged?   no
  Max step  2.3248E-02 Target: 1.8000E-03 converged?   no component    37
  RMS step  5.5893E-03 Target: 1.2000E-03 converged?   no
  Max grad  3.6841E-04 Target: 4.5000E-04 converged?  yes component    69
  RMS grad  6.0294E-05 Target: 3.0000E-04 converged?  yes
Next calculation will be the dimer endpoint before rotation
dl-find/turbomole/=============================== Tstep:  118.8 Ttot:152123.0 ==
eandg
Spin: 
 Energy calculation finished, energy: -2.138685480E+03
Curvature at dimer midpoint                   -0.00262
Predicted dimer rotation angle:      1.594 deg
Dimer rotation converged after    0 steps
Writing TS-mode
Curvature after dimer rotation:               -0.00262
Frequency of transition mode  -263.081 cm^-1 (negative value denotes imaginary frequency)
Crossover temperature for tunnelling       60.24253 K
Restarting L-BFGS optimiser, instance: dimer rotation
Next calculation will be the dimer  midpoint
dl-find/turbomole/=============================== Tstep:  119.5 Ttot:152242.6 ==
eandg
Spin: 
 Energy calculation finished, energy: -2.138685482E+03
Testing convergence of dimer midpoint in cycle  453
    Energy  1.8870E-06 Target: 1.0000E-06 converged?   no
  Max step  4.5520E-03 Target: 1.8000E-03 converged?   no component    37
  RMS step  1.2116E-03 Target: 1.2000E-03 converged?   no
  Max grad  1.2115E-04 Target: 4.5000E-04 converged?  yes component    88
  RMS grad  2.9754E-05 Target: 3.0000E-04 converged?  yes
Next calculation will be the dimer endpoint before rotation
dl-find/turbomole/=============================== Tstep:  121.1 Ttot:152363.7 ==
eandg
Spin: 
 Energy calculation finished, energy: -2.138685482E+03
Curvature at dimer midpoint                   -0.00262
Predicted dimer rotation angle:      1.544 deg
Dimer rotation converged after    0 steps
Writing TS-mode
Curvature after dimer rotation:               -0.00262
Frequency of transition mode  -263.296 cm^-1 (negative value denotes imaginary frequency)
Crossover temperature for tunnelling       60.29183 K
Restarting L-BFGS optimiser, instance: dimer rotation
Next calculation will be the dimer  midpoint
dl-find/turbomole/=============================== Tstep:  116.1 Ttot:152479.8 ==
eandg
Spin: 
 Energy calculation finished, energy: -2.138685484E+03
Testing convergence of dimer midpoint in cycle  454
    Energy  2.1160E-06 Target: 1.0000E-06 converged?   no
  Max step  3.0016E-03 Target: 1.8000E-03 converged?   no component   254
  RMS step  7.1727E-04 Target: 1.2000E-03 converged?  yes
  Max grad  8.6591E-05 Target: 4.5000E-04 converged?  yes component    69
  RMS grad  2.5424E-05 Target: 3.0000E-04 converged?  yes
Next calculation will be the dimer endpoint before rotation
dl-find/turbomole/=============================== Tstep:  122.8 Ttot:152602.6 ==
eandg
Spin: 
 Energy calculation finished, energy: -2.138685484E+03
Curvature at dimer midpoint                   -0.00263
Predicted dimer rotation angle:      1.582 deg
Dimer rotation converged after    0 steps
Writing TS-mode
Curvature after dimer rotation:               -0.00263
Frequency of transition mode  -263.680 cm^-1 (negative value denotes imaginary frequency)
Crossover temperature for tunnelling       60.37961 K
Restarting L-BFGS optimiser, instance: dimer rotation
Next calculation will be the dimer  midpoint
dl-find/turbomole/=============================== Tstep:  118.2 Ttot:152720.7 ==
eandg
Spin: 
 Energy calculation finished, energy: -2.138685482E+03
Testing convergence of dimer midpoint in cycle  455
    Energy  2.6750E-06 Target: 1.0000E-06 converged?   no
  Max step  8.7841E-03 Target: 1.8000E-03 converged?   no component    37
  RMS step  2.0884E-03 Target: 1.2000E-03 converged?   no
  Max grad  1.6766E-04 Target: 4.5000E-04 converged?  yes component    69
  RMS grad  3.2104E-05 Target: 3.0000E-04 converged?  yes
Next calculation will be the dimer endpoint before rotation
dl-find/turbomole/=============================== Tstep:  118.2 Ttot:152838.9 ==
eandg
Spin: 
 Energy calculation finished, energy: -2.138685481E+03
Curvature at dimer midpoint                   -0.00264
Predicted dimer rotation angle:      1.750 deg
Dimer rotation converged after    0 steps
Writing TS-mode
Curvature after dimer rotation:               -0.00264
Frequency of transition mode  -264.059 cm^-1 (negative value denotes imaginary frequency)
Crossover temperature for tunnelling       60.46655 K
Restarting L-BFGS optimiser, instance: dimer rotation
Next calculation will be the dimer  midpoint
dl-find/turbomole/=============================== Tstep:  120.2 Ttot:152959.1 ==
eandg
Spin: 
 Energy calculation finished, energy: -2.138685478E+03
Testing convergence of dimer midpoint in cycle  456
    Energy  3.6740E-06 Target: 1.0000E-06 converged?   no
  Max step  2.0823E-02 Target: 1.8000E-03 converged?   no component    37
  RMS step  4.7537E-03 Target: 1.2000E-03 converged?   no
  Max grad  2.1242E-04 Target: 4.5000E-04 converged?  yes component    69
  RMS grad  3.5927E-05 Target: 3.0000E-04 converged?  yes
Next calculation will be the dimer endpoint before rotation
dl-find/turbomole/=============================== Tstep:  119.2 Ttot:153078.3 ==
eandg
Spin: 
 Energy calculation finished, energy: -2.138685478E+03
Curvature at dimer midpoint                   -0.00266
Predicted dimer rotation angle:      2.156 deg
Next calculation will be the dimer endpoint after rotation
dl-find/turbomole/=============================== Tstep:  119.4 Ttot:153197.7 ==
eandg
Spin: 
 Energy calculation finished, energy: -2.138685478E+03
Curvature at dimer midpoint after rotation    -0.00238
Curvature at dimer minimum                    -0.00266
Actual dimer rotation angle:         0.055 deg
Dimer rotation converged after    1 steps
Writing TS-mode
Curvature after dimer rotation:               -0.00266
Frequency of transition mode  -265.077 cm^-1 (negative value denotes imaginary frequency)
Crossover temperature for tunnelling       60.69955 K
Restarting L-BFGS optimiser, instance: dimer rotation
Next calculation will be the dimer  midpoint
dl-find/turbomole/=============================== Tstep:   87.6 Ttot:153285.3 ==
eandg
Spin: 
 Energy calculation finished, energy: -2.138685470E+03
Testing convergence of dimer midpoint in cycle  457
    Energy  8.5070E-06 Target: 1.0000E-06 converged?   no
  Max step  4.5551E-02 Target: 1.8000E-03 converged?   no component    37
  RMS step  1.0885E-02 Target: 1.2000E-03 converged?   no
  Max grad  7.3064E-04 Target: 4.5000E-04 converged?   no component   190
  RMS grad  1.4370E-04 Target: 3.0000E-04 converged?  yes
Next calculation will be the dimer endpoint before rotation
dl-find/turbomole/=============================== Tstep:  122.6 Ttot:153407.9 ==
eandg
Spin: 
 Energy calculation finished, energy: -2.138685470E+03
Curvature at dimer midpoint                   -0.00269
Predicted dimer rotation angle:      1.984 deg
Dimer rotation converged after    0 steps
Writing TS-mode
Curvature after dimer rotation:               -0.00269
Frequency of transition mode  -266.849 cm^-1 (negative value denotes imaginary frequency)
Crossover temperature for tunnelling       61.10534 K
Restarting L-BFGS optimiser, instance: dimer rotation
Next calculation will be the dimer  midpoint
dl-find/turbomole/=============================== Tstep:  119.1 Ttot:153526.9 ==
eandg
Spin: 
 Energy calculation finished, energy: -2.138685476E+03
Testing convergence of dimer midpoint in cycle  458
    Energy  6.8210E-06 Target: 1.0000E-06 converged?   no
  Max step  4.6002E-03 Target: 1.8000E-03 converged?   no component    13
  RMS step  1.2796E-03 Target: 1.2000E-03 converged?   no
  Max grad  1.5003E-04 Target: 4.5000E-04 converged?  yes component    88
  RMS grad  3.0564E-05 Target: 3.0000E-04 converged?  yes
Next calculation will be the dimer endpoint before rotation
dl-find/turbomole/=============================== Tstep:  123.7 Ttot:153650.6 ==
eandg
Spin: 
 Energy calculation finished, energy: -2.138685476E+03
Curvature at dimer midpoint                   -0.00265
Predicted dimer rotation angle:      2.266 deg
Next calculation will be the dimer endpoint after rotation
dl-find/turbomole/=============================== Tstep:  120.2 Ttot:153770.8 ==
eandg
Spin: 
 Energy calculation finished, energy: -2.138685476E+03
Curvature at dimer midpoint after rotation    -0.00243
Curvature at dimer minimum                    -0.00265
Actual dimer rotation angle:         0.081 deg
Dimer rotation converged after    1 steps
Writing TS-mode
Curvature after dimer rotation:               -0.00265
Frequency of transition mode  -264.566 cm^-1 (negative value denotes imaginary frequency)
Crossover temperature for tunnelling       60.58259 K
Restarting L-BFGS optimiser, instance: dimer rotation
Next calculation will be the dimer  midpoint
dl-find/turbomole/=============================== Tstep:   75.8 Ttot:153846.7 ==
eandg
Spin: 
 Energy calculation finished, energy: -2.138685476E+03
Testing convergence of dimer midpoint in cycle  459
    Energy  8.3000E-08 Target: 1.0000E-06 converged?  yes
  Max step  1.2352E-03 Target: 1.8000E-03 converged?  yes component    86
  RMS step  2.6496E-04 Target: 1.2000E-03 converged?  yes
  Max grad  6.4393E-05 Target: 4.5000E-04 converged?  yes component   244
  RMS grad  2.0786E-05 Target: 3.0000E-04 converged?  yes
Convergence reached
Writing TS-mode
Testing convergence of dimer midpoint in cycle  459
    Energy  0.0000E+00 Target: 1.0000E-06 converged?  yes
  Max step  1.2352E-03 Target: 1.8000E-03 converged?  yes component    86
  RMS step  2.6496E-04 Target: 1.2000E-03 converged?  yes
  Max grad  6.4393E-05 Target: 4.5000E-04 converged?  yes component   244
  RMS grad  2.0786E-05 Target: 3.0000E-04 converged?  yes
Convergence reached

 Optimisation converged
 ----------------------
 Final converged energy:   -2138.685476479000


DL-FIND Report:
===============
Optimisation algorithm: L-BFGS
Number of steps in L-BFGS memory ...............         50
 
Step length: simple scaled
Maximum step length ............................  4.000E-01
Scaling step by ................................  1.000E+00
 
Coordinate system: Mass-weighted Cartesian coordinates
Dimer method, rotation by line search with extrapolation
Dimer distance (mid- to endpoint) ..............  1.000E-02
Maximum number of dimer rotations ..............         40
Tolerance in rotation ..........................  2.000E+00 degrees
 
Number of atoms ................................         85
Number of input geometries .....................          2
Variables to be optimised ......................        510
No restart information is written
This run has not been restarted.
Number of energy evaluations on this processor .       1400
Number of steps ................................        459
Number of accepted steps / line searches .......        459
 

Timing report
=============
Module                                      CPU time            Wall clock time
Total .................................  2324.594 (100.00%)-60784.322 (******%) seconds
Energy and Gradient ...................  2323.483 ( 99.95%)-60786.786 (******%) seconds
Step direction ........................     0.183 (  0.01%)     0.224 ( 16.93%) seconds
Coordinate transformation .............     0.372 (  0.02%)     1.322 (100.00%) seconds
Checkpoint file I/O ...................     0.000 (  0.00%)     0.000 (  0.00%) seconds
XYZ-file I/O ..........................     0.000 (  0.00%)     0.000 (  0.01%) seconds
exit 0
write_xyz/======================================= Tstep:  117.4 Ttot:153964.0 ==
dl-find/========================================= Tstep:    0.0 Ttot:153964.1 ==
dl-find/copy_object/============================= Tstep:    0.0 Ttot:153964.1 ==
dl-find/get_number_of_atoms/===================== Tstep:    0.0 Ttot:153964.1 ==
dl-find/set_matrix_size/========================= Tstep:    0.0 Ttot:153964.1 ==
dl-find/set_matrix_size/========================= Tstep:    0.0 Ttot:153964.1 ==
Using 2018 CODATA recommended values

***********************************************************************
**                                                                   **
**                       ---------------------                       **
**                              DL-FIND                              **
**                       Geometry Optimisation                       **
**                       ---------------------                       **
**                                                                   **
**                 J. Kaestner, J.M. Carr, T.W. Keal,                **
**                W. Thiel, A. Wander and P. Sherwood                **
**                                                                   **
**              J. Phys. Chem. A, 2009, 113 (43), 11856.             **
**                                                                   **
**   Please include this reference in published work using DL-FIND.  **
**                                                                   **
**               Copyright:  STFC Daresbury Laboratory               **
**                  and the University of Stuttgart                  **
**                           Revision:  341 $                        **
**                                                                   **
***********************************************************************

Atom      1  free
Atom      2  free
Atom      3  free
Atom      4  free
Atom      5  free
Atom      6  free
Atom      7  free
Atom      8  free
Atom      9  free
Atom     10  free
Atom     11  free
Atom     12  free
Atom     13  free
Atom     14  free
Atom     15  free
Atom     16  free
Atom     17  free
Atom     18  free
Atom     19  free
Atom     20  free
Atom     21  free
Atom     22  free
Atom     23  free
Atom     24  free
Atom     25  free
Atom     26  free
Atom     27  free
Atom     28  free
Atom     29  free
Atom     30  free
Atom     31  free
Atom     32  free
Atom     33  free
Atom     34  free
Atom     35  free
Atom     36  free
Atom     37  free
Atom     38  free
Atom     39  free
Atom     40  free
Atom     41  free
Atom     42  free
Atom     43  free
Atom     44  free
Atom     45  free
Atom     46  free
Atom     47  free
Atom     48  free
Atom     49  free
Atom     50  free
Atom     51  free
Atom     52  free
Atom     53  free
Atom     54  free
Atom     55  free
Atom     56  free
Atom     57  free
Atom     58  free
Atom     59  free
Atom     60  free
Atom     61  free
Atom     62  free
Atom     63  free
Atom     64  free
Atom     65  free
Atom     66  free
Atom     67  free
Atom     68  free
Atom     69  free
Atom     70  free
Atom     71  free
Atom     72  free
Atom     73  free
Atom     74  free
Atom     75  free
Atom     76  free
Atom     77  free
Atom     78  free
Atom     79  free
Atom     80  free
Atom     81  free
Atom     82  free
Atom     83  free
Atom     84  free
Atom     85  free

DL-FIND Report:
===============
Optimisation algorithm: no optimisation, just calculate the
    Hessian and thermal corrections
Modes assumed to have zero vibrational frequency          6
Temperature ....................................  2.981E+02 K
Minimum wave number ............................  1.000E+02 cm^-1
Finite difference for Hessian calculation ......  1.000E-02
 
Step length: simple scaled
Maximum step length ............................  5.000E-01
Scaling step by ................................  1.000E+00
 
Coordinate system: Mass-weighted Cartesian coordinates
 
Number of atoms ................................         85
Number of input geometries .....................          1
Variables to be optimised ......................        255
No restart information is written
This run has not been restarted.
Maximum number of steps ........................        100
Maximum number of energy evaluations ...........     100000
 
dl-find/turbomole/=============================== Tstep:    0.0 Ttot:153964.1 ==
eandg
Spin: 
 Energy calculation finished, energy: -2.138685476E+03
dl-find/turbomole/=============================== Tstep:   57.1 Ttot:154021.2 ==
hessian
Analytic hessian calculated

Hessian eigenvalues:
 -0.00264 -0.00016 -0.00000 -0.00000 -0.00000 -0.00000  0.00000  0.00000  0.00000  0.00001  0.00001  0.00002
  0.00003  0.00004  0.00006  0.00011  0.00012  0.00013  0.00016  0.00017  0.00021  0.00024  0.00026  0.00028
  0.00033  0.00049  0.00055  0.00060  0.00066  0.00082  0.00086  0.00092  0.00099  0.00105  0.00125  0.00137
  0.00148  0.00159  0.00177  0.00207  0.00229  0.00240  0.00246  0.00253  0.00289  0.00311  0.00319  0.00326
  0.00414  0.00439  0.00465  0.00502  0.00573  0.00589  0.00592  0.00645  0.00685  0.00691  0.00730  0.00738
  0.00763  0.00798  0.00926  0.00989  0.01013  0.01074  0.01101  0.01110  0.01126  0.01181  0.01183  0.01226
  0.01392  0.01424  0.01455  0.01479  0.01488  0.01549  0.01596  0.01631  0.01769  0.01802  0.01818  0.01878
  0.01911  0.01940  0.01975  0.02035  0.02073  0.02156  0.02194  0.02233  0.02255  0.02281  0.02284  0.02338
  0.02380  0.02450  0.02453  0.02483  0.02538  0.02577  0.02727  0.02754  0.02787  0.02855  0.02874  0.02912
  0.02961  0.03022  0.03101  0.03124  0.03171  0.03181  0.03352  0.03435  0.03512  0.03569  0.03770  0.03784
  0.03799  0.03866  0.03884  0.03888  0.03918  0.03932  0.03955  0.04005  0.04054  0.04058  0.04078  0.04094
  0.04159  0.04214  0.04246  0.04254  0.04278  0.04461  0.04529  0.04623  0.04657  0.04742  0.04836  0.04871
  0.04918  0.04936  0.04950  0.04973  0.04979  0.04982  0.04998  0.05087  0.05128  0.05199  0.05285  0.05346
  0.05524  0.05714  0.05732  0.05791  0.05866  0.05915  0.06082  0.06184  0.06248  0.06286  0.06315  0.06443
  0.06560  0.06695  0.06784  0.07009  0.07027  0.07067  0.07099  0.07280  0.07427  0.07528  0.07587  0.07614
  0.07637  0.07704  0.07755  0.07846  0.07908  0.07912  0.07935  0.07975  0.08007  0.08035  0.08088  0.08109
  0.08260  0.08294  0.08313  0.08349  0.08424  0.08479  0.08581  0.08598  0.08768  0.08920  0.08976  0.09387
  0.09470  0.09936  0.10095  0.10363  0.10439  0.10550  0.10659  0.10792  0.10797  0.10840  0.11086  0.11156
  0.12146  0.12510  0.13078  0.23905  0.35434  0.35698  0.35868  0.36361  0.36922  0.37157  0.37435  0.37488
  0.37969  0.38074  0.38377  0.38681  0.38929  0.38941  0.38964  0.39016  0.39022  0.39106  0.39146  0.39219
  0.39268  0.39312  0.39373  0.39444  0.39463  0.39483  0.39586  0.39591  0.39670  0.39694  0.39977  0.40168
  0.40692  0.41346  0.41795
Testing convergence  in cycle    1
  Max grad  6.4394E-05 Target: 4.5000E-04 converged?  yes component   244
  RMS grad  2.0786E-05 Target: 3.0000E-04 converged?  yes
Convergence reached
 
Projecting out translational and rotational modes

Number of translational/rotational modes:   6
 
Thermochemical analysis
 Mode     Eigenvalue Frequency Vib.T.(K)        ZPE (H)   Vib. Ene.(H)      - T*S (H)
    1  -0.0026404448   264.145i
    2  -0.0001588289   -64.784    93.210   0.0001475893   0.0007346202  -0.0016412577
    3   0.0000041019    10.411    14.979   0.0000237182   0.0007346202  -0.0016412577
    4   0.0000083038    14.813    21.313   0.0000337464   0.0007346202  -0.0016412577
    5   0.0000103032    16.500    23.740   0.0000375904   0.0007346202  -0.0016412577
    6   0.0000200618    23.024    33.127   0.0000524535   0.0007346202  -0.0016412577
    7   0.0000308148    28.535    41.056   0.0000650084   0.0007346202  -0.0016412577
    8   0.0000423981    33.472    48.158   0.0000762541   0.0007346202  -0.0016412577
    9   0.0000632985    40.898    58.843   0.0000931723   0.0007346202  -0.0016412577
   10   0.0001085814    53.565    77.068   0.0001220303   0.0007346202  -0.0016412577
   11   0.0001222249    56.831    81.767   0.0001294702   0.0007346202  -0.0016412577
   12   0.0001256644    57.625    82.909   0.0001312792   0.0007346202  -0.0016412577
   13   0.0001596001    64.941    93.436   0.0001479471   0.0007346202  -0.0016412577
   14   0.0001701845    67.060    96.485   0.0001527742   0.0007346202  -0.0016412577
   15   0.0002130052    75.024   107.943   0.0001709169   0.0007346202  -0.0016412577
   16   0.0002356875    78.917   113.544   0.0001797870   0.0007346202  -0.0016412577
   17   0.0002603394    82.942   119.335   0.0001889557   0.0007346202  -0.0016412577
   18   0.0002789092    85.849   123.518   0.0001955786   0.0007346202  -0.0016412577
   19   0.0003338525    93.925   135.137   0.0002139771   0.0007346202  -0.0016412577
   20   0.0004924461   114.073   164.126   0.0002598779   0.0007080304  -0.0015196602
   21   0.0005484749   120.388   173.211   0.0002742637   0.0006963287  -0.0014701241
   22   0.0005986547   125.774   180.961   0.0002865353   0.0006864584  -0.0014299891
   23   0.0006570773   131.769   189.586   0.0003001914   0.0006755951  -0.0013874169
   24   0.0008182861   147.047   211.568   0.0003349982   0.0006484774  -0.0012876506
   25   0.0008606752   150.808   216.979   0.0003435655   0.0006419277  -0.0012648077
   26   0.0009213274   156.031   224.494   0.0003554651   0.0006329122  -0.0012340879
   27   0.0009948870   162.140   233.284   0.0003693829   0.0006224873  -0.0011995542
   28   0.0010522958   166.753   239.920   0.0003798909   0.0006147019  -0.0011744168
   29   0.0012451544   181.391   260.981   0.0004132392   0.0005904767  -0.0010994789
   30   0.0013699009   190.261   273.743   0.0004334455   0.0005761529  -0.0010573063
   31   0.0014797949   197.745   284.511   0.0004504958   0.0005642726  -0.0010234250
   32   0.0015920657   205.109   295.106   0.0004672727   0.0005527659  -0.0009914955
   33   0.0017748172   216.561   311.584   0.0004933632   0.0005352291  -0.0009443997
   34   0.0020745905   234.137   336.871   0.0005334038   0.0005091531  -0.0008775687
   35   0.0022879104   245.880   353.767   0.0005601566   0.0004922879  -0.0008361979
   36   0.0023973801   251.694   362.131   0.0005734009   0.0004841016  -0.0008166029
   37   0.0024606712   254.995   366.880   0.0005809206   0.0004795014  -0.0008057255
   38   0.0025276977   258.444   371.844   0.0005887793   0.0004747306  -0.0007945434
   39   0.0028943496   276.554   397.899   0.0006300361   0.0004502947  -0.0007387799
   40   0.0031129471   286.807   412.652   0.0006533950   0.0004369082  -0.0007092437
   41   0.0031904237   290.354   417.755   0.0006614761   0.0004323517  -0.0006993447
   42   0.0032627760   293.628   422.466   0.0006689345   0.0004281799  -0.0006903487
   43   0.0041431199   330.878   476.060   0.0007537958   0.0003829509  -0.0005966676
   44   0.0043890647   340.557   489.986   0.0007758467   0.0003718558  -0.0005746904
   45   0.0046486235   350.483   504.266   0.0007984581   0.0003607526  -0.0005530641
   46   0.0050164988   364.087   523.839   0.0008294502   0.0003459771  -0.0005248321
   47   0.0057254969   388.965   559.634   0.0008861282   0.0003202475  -0.0004770840
   48   0.0058863140   394.390   567.439   0.0008984867   0.0003148536  -0.0004672920
   49   0.0059192909   395.493   569.027   0.0009010000   0.0003137661  -0.0004653264
   50   0.0064534209   412.952   594.145   0.0009407732   0.0002969683  -0.0004353379
   51   0.0068467503   425.350   611.984   0.0009690188   0.0002855029  -0.0004152573
   52   0.0069116620   427.362   614.878   0.0009736014   0.0002836783  -0.0004120901
   53   0.0072967910   439.107   631.777   0.0010003591   0.0002732204  -0.0003940829
   54   0.0073756256   441.473   635.180   0.0010057485   0.0002711540  -0.0003905540
   55   0.0076265853   448.920   645.896   0.0010227159   0.0002647347  -0.0003796521
   56   0.0079774206   459.130   660.585   0.0010459747   0.0002561454  -0.0003652062
   57   0.0092646480   494.788   711.889   0.0011272089   0.0002279889  -0.0003189486
   58   0.0098911447   511.243   735.565   0.0011646977   0.0002159212  -0.0002996197
   59   0.0101329408   517.454   744.501   0.0011788477   0.0002115123  -0.0002926300
   60   0.0107404222   532.740   766.493   0.0012136700   0.0002009938  -0.0002761076
   61   0.0110143859   539.491   776.208   0.0012290515   0.0001964947  -0.0002691056
   62   0.0110996639   541.576   779.207   0.0012338003   0.0001951236  -0.0002669793
   63   0.0112578712   545.422   784.740   0.0012425621   0.0001926157  -0.0002630996
   64   0.0118129050   558.705   803.852   0.0012728239   0.0001841696  -0.0002501206
   65   0.0118341421   559.207   804.574   0.0012739675   0.0001838569  -0.0002496426
   66   0.0122595777   569.170   818.909   0.0012966648   0.0001777464  -0.0002403393
   67   0.0139172022   606.429   872.517   0.0013815478   0.0001564520  -0.0002084548
   68   0.0142364938   613.346   882.469   0.0013973058   0.0001527579  -0.0002030074
   69   0.0145533032   620.133   892.233   0.0014127677   0.0001492089  -0.0001977969
   70   0.0147941110   625.243   899.585   0.0014244080   0.0001465858  -0.0001939602
   71   0.0148840253   627.140   902.314   0.0014287300   0.0001456224  -0.0001925541
   72   0.0154895621   639.770   920.486   0.0014575032   0.0001393514  -0.0001834423
   73   0.0159593238   649.399   934.340   0.0014794395   0.0001347341  -0.0001767779
   74   0.0163077827   656.450   944.485   0.0014955034   0.0001314404  -0.0001720469
   75   0.0176907160   683.718   983.718   0.0015576241   0.0001193741  -0.0001548786
   76   0.0180155460   689.966   992.708   0.0015718593   0.0001167540  -0.0001511844
   77   0.0181836172   693.177   997.328   0.0015791744   0.0001154279  -0.0001493193
   78   0.0187755227   704.369  1013.430   0.0016046709   0.0001109118  -0.0001429908
   79   0.0191065499   710.551  1022.325   0.0016187549   0.0001084865  -0.0001396069
   80   0.0194039171   716.059  1030.250   0.0016313031   0.0001063663  -0.0001366572
   81   0.0197522893   722.459  1039.457   0.0016458819   0.0001039504  -0.0001333057
   82   0.0203510425   733.327  1055.094   0.0016706416   0.0000999617  -0.0001277947
   83   0.0207273225   740.075  1064.803   0.0016860155   0.0000975557  -0.0001244841
   84   0.0215553003   754.712  1085.862   0.0017193607   0.0000925181  -0.0001175855
   85   0.0219417483   761.447  1095.553   0.0017347048   0.0000902810  -0.0001145363
   86   0.0223262823   768.091  1105.111   0.0017498393   0.0000881231  -0.0001116035
   87   0.0225474274   771.885  1110.571   0.0017584841   0.0000869118  -0.0001099610
   88   0.0228097615   776.363  1117.013   0.0017686843   0.0000855023  -0.0001080529
   89   0.0228415033   776.903  1117.790   0.0017699145   0.0000853337  -0.0001078249
   90   0.0233776646   785.968  1130.833   0.0017905667   0.0000825491  -0.0001040665
   91   0.0237983479   793.008  1140.962   0.0018066056   0.0000804445  -0.0001012352
   92   0.0244964272   804.555  1157.575   0.0018329108   0.0000770995  -0.0000967516
   93   0.0245305219   805.115  1158.380   0.0018341859   0.0000769406  -0.0000965392
   94   0.0248259944   809.949  1165.336   0.0018451993   0.0000755813  -0.0000947233
   95   0.0253782147   818.907  1178.225   0.0018656084   0.0000731207  -0.0000914449
   96   0.0257730601   825.253  1187.355   0.0018800654   0.0000714227  -0.0000891891
   97   0.0272681069   848.852  1221.308   0.0019338262   0.0000654241  -0.0000812620
   98   0.0275398632   853.071  1227.379   0.0019434387   0.0000644021  -0.0000799182
   99   0.0278675912   858.132  1234.660   0.0019549681   0.0000631959  -0.0000783346
  100   0.0285501865   868.578  1249.690   0.0019787659   0.0000607724  -0.0000751612
  101   0.0287395538   871.454  1253.827   0.0019853175   0.0000601205  -0.0000743096
  102   0.0291237816   877.260  1262.181   0.0019985446   0.0000588243  -0.0000726185
  103   0.0296125722   884.591  1272.729   0.0020152458   0.0000572249  -0.0000705362
  104   0.0302186700   893.598  1285.687   0.0020357649   0.0000553154  -0.0000680567
  105   0.0310136573   905.276  1302.489   0.0020623693   0.0000529282  -0.0000649669
  106   0.0312400562   908.574  1307.235   0.0020698833   0.0000522717  -0.0000641190
  107   0.0317066565   915.334  1316.961   0.0020852838   0.0000509498  -0.0000624146
  108   0.0318144478   916.888  1319.198   0.0020888254   0.0000506503  -0.0000620288
  109   0.0335227950   941.184  1354.153   0.0021441742   0.0000461785  -0.0000562915
  110   0.0343549687   952.794  1370.858   0.0021706247   0.0000441751  -0.0000537342
  111   0.0351178880   963.315  1385.996   0.0021945938   0.0000424305  -0.0000515141
  112   0.0356852482   971.066  1397.147   0.0022122506   0.0000411871  -0.0000499357
  113   0.0377025720   998.136  1436.095   0.0022739214   0.0000371086  -0.0000447815
  114   0.0378399895   999.953  1438.710   0.0022780616   0.0000368489  -0.0000444545
  115   0.0379882121  1001.910  1441.525   0.0022825189   0.0000365713  -0.0000441052
  116   0.0386582413  1010.707  1454.182   0.0023025602   0.0000353472  -0.0000425668
  117   0.0388376374  1013.050  1457.552   0.0023078966   0.0000350279  -0.0000421660
  118   0.0388844650  1013.660  1458.431   0.0023092876   0.0000349451  -0.0000420621
  119   0.0391782308  1017.482  1463.929   0.0023179943   0.0000344311  -0.0000414176
  120   0.0393153116  1019.260  1466.488   0.0023220460   0.0000341944  -0.0000411209
  121   0.0395537273  1022.346  1470.928   0.0023290760   0.0000337873  -0.0000406111
  122   0.0400539044  1028.790  1480.199   0.0023437559   0.0000329519  -0.0000395661
  123   0.0405416065  1035.034  1489.183   0.0023579817   0.0000321611  -0.0000385783
  124   0.0405772503  1035.489  1489.838   0.0023590180   0.0000321043  -0.0000385073
  125   0.0407797245  1038.069  1493.550   0.0023648963   0.0000317833  -0.0000381068
  126   0.0409380639  1040.083  1496.447   0.0023694830   0.0000315350  -0.0000377972
  127   0.0415926210  1048.365  1508.363   0.0023883507   0.0000305328  -0.0000365489
  128   0.0421388073  1055.226  1518.234   0.0024039812   0.0000297256  -0.0000355451
  129   0.0424638466  1059.288  1524.079   0.0024132350   0.0000292573  -0.0000349635
  130   0.0425393405  1060.229  1525.433   0.0024153792   0.0000291498  -0.0000348301
  131   0.0427774423  1063.192  1529.696   0.0024221295   0.0000288138  -0.0000344132
  132   0.0446118871  1085.749  1562.151   0.0024735190   0.0000263741  -0.0000313944
  133   0.0452898298  1093.968  1573.976   0.0024922425   0.0000255351  -0.0000303597
  134   0.0462310822  1105.277  1590.248   0.0025180073   0.0000244222  -0.0000289899
  135   0.0465686628  1109.305  1596.043   0.0025271838   0.0000240371  -0.0000285167
  136   0.0474192871  1119.391  1610.554   0.0025501602   0.0000230982  -0.0000273645
  137   0.0483594338  1130.433  1626.441   0.0025753162   0.0000221104  -0.0000261549
  138   0.0487113348  1134.539  1632.348   0.0025846692   0.0000217536  -0.0000257185
  139   0.0491849921  1140.041  1640.265   0.0025972052   0.0000212839  -0.0000251448
  140   0.0493566100  1142.028  1643.124   0.0026017323   0.0000211167  -0.0000249406
  141   0.0494968163  1143.649  1645.456   0.0026054251   0.0000209812  -0.0000247753
  142   0.0497270705  1146.306  1649.279   0.0026114781   0.0000207610  -0.0000245067
  143   0.0497914818  1147.049  1650.347   0.0026131689   0.0000206999  -0.0000244321
  144   0.0498192184  1147.368  1650.807   0.0026138966   0.0000206736  -0.0000244001
  145   0.0499781210  1149.196  1653.437   0.0026180619   0.0000205240  -0.0000242176
  146   0.0508665679  1159.366  1668.069   0.0026412297   0.0000197103  -0.0000232268
  147   0.0512788332  1164.055  1674.815   0.0026519115   0.0000193456  -0.0000227833
  148   0.0519931980  1172.135  1686.440   0.0026703194   0.0000187324  -0.0000220383
  149   0.0528501227  1181.755  1700.281   0.0026922349   0.0000180266  -0.0000211823
  150   0.0534638218  1188.596  1710.124   0.0027078210   0.0000175402  -0.0000205933
  151   0.0552441455  1208.224  1738.365   0.0027525365   0.0000162138  -0.0000189906
  152   0.0571407914  1228.789  1767.954   0.0027993879   0.0000149277  -0.0000174418
  153   0.0573221663  1230.738  1770.757   0.0028038272   0.0000148111  -0.0000173016
  154   0.0579082747  1237.014  1779.787   0.0028181251   0.0000144414  -0.0000168575
  155   0.0586572450  1244.988  1791.260   0.0028362910   0.0000139845  -0.0000163093
  156   0.0591514220  1250.221  1798.789   0.0028482135   0.0000136922  -0.0000159590
  157   0.0608222749  1267.756  1824.018   0.0028881602   0.0000127552  -0.0000148379
  158   0.0618384712  1278.303  1839.192   0.0029121874   0.0000122218  -0.0000142010
  159   0.0624776185  1284.892  1848.672   0.0029271986   0.0000118996  -0.0000138167
  160   0.0628573733  1288.791  1854.282   0.0029360812   0.0000117127  -0.0000135942
  161   0.0631531223  1291.819  1858.639   0.0029429804   0.0000115696  -0.0000134237
  162   0.0644318183  1304.832  1877.362   0.0029726251   0.0000109736  -0.0000127147
  163   0.0656028013  1316.635  1894.344   0.0029995157   0.0000104587  -0.0000121033
  164   0.0669520686  1330.106  1913.726   0.0030302046   0.0000098996  -0.0000114407
  165   0.0678446930  1338.943  1926.441   0.0030503375   0.0000095487  -0.0000110254
  166   0.0700923184  1360.942  1958.091   0.0031004531   0.0000087267  -0.0000100545
  167   0.0702731977  1362.696  1960.616   0.0031044510   0.0000086642  -0.0000099808
  168   0.0706695835  1366.534  1966.138   0.0031131942   0.0000085289  -0.0000098214
  169   0.0709860612  1369.591  1970.536   0.0031201573   0.0000084227  -0.0000096962
  170   0.0727960508  1386.942  1995.500   0.0031596855   0.0000078434  -0.0000090146
  171   0.0742708626  1400.921  2015.612   0.0031915319   0.0000074051  -0.0000084998
  172   0.0752752292  1410.361  2029.195   0.0032130390   0.0000071226  -0.0000081686
  173   0.0758721256  1415.942  2037.224   0.0032257528   0.0000069606  -0.0000079787
  174   0.0761351321  1418.394  2040.752   0.0032313389   0.0000068905  -0.0000078967
  175   0.0763704726  1420.584  2043.904   0.0032363292   0.0000068285  -0.0000078241
  176   0.0770394134  1426.792  2052.836   0.0032504721   0.0000066557  -0.0000076219
  177   0.0775493600  1431.507  2059.619   0.0032612122   0.0000065274  -0.0000074718
  178   0.0784573856  1439.863  2071.642   0.0032802494   0.0000063058  -0.0000072128
  179   0.0790816482  1445.580  2079.867   0.0032932736   0.0000061584  -0.0000070408
  180   0.0791190851  1445.922  2080.359   0.0032940530   0.0000061496  -0.0000070306
  181   0.0793523262  1448.052  2083.423   0.0032989048   0.0000060957  -0.0000069676
  182   0.0797532536  1451.705  2088.680   0.0033072282   0.0000060042  -0.0000068608
  183   0.0800687594  1454.574  2092.807   0.0033137634   0.0000059332  -0.0000067781
  184   0.0803544595  1457.167  2096.538   0.0033196702   0.0000058698  -0.0000067042
  185   0.0808766477  1461.894  2103.339   0.0033304393   0.0000057560  -0.0000065715
  186   0.0810895223  1463.817  2106.105   0.0033348194   0.0000057103  -0.0000065183
  187   0.0826043015  1477.426  2125.686   0.0033658231   0.0000053967  -0.0000061534
  188   0.0829382206  1480.409  2129.978   0.0033726192   0.0000053303  -0.0000060761
  189   0.0831274553  1482.097  2132.406   0.0033764646   0.0000052930  -0.0000060328
  190   0.0834861922  1485.291  2137.003   0.0033837423   0.0000052232  -0.0000059517
  191   0.0842361918  1491.948  2146.580   0.0033989073   0.0000050806  -0.0000057861
  192   0.0847855569  1496.805  2153.568   0.0034099726   0.0000049790  -0.0000056681
  193   0.0858074542  1505.798  2166.508   0.0034304608   0.0000047961  -0.0000054558
  194   0.0859829155  1507.337  2168.722   0.0034339664   0.0000047654  -0.0000054203
  195   0.0876774543  1522.118  2189.988   0.0034676393   0.0000044806  -0.0000050905
  196   0.0891990387  1535.269  2208.909   0.0034975992   0.0000042413  -0.0000048136
  197   0.0897617324  1540.103  2215.865   0.0035086138   0.0000041565  -0.0000047156
  198   0.0938717002  1574.968  2266.027   0.0035880402   0.0000035920  -0.0000040645
  199   0.0946989739  1581.892  2275.990   0.0036038158   0.0000034892  -0.0000039462
  200   0.0993619103  1620.370  2331.351   0.0036914749   0.0000029682  -0.0000033477
  201   0.1009467416  1633.242  2349.870   0.0037207981   0.0000028115  -0.0000031681
  202   0.1036330871  1654.830  2380.932   0.0037699811   0.0000025667  -0.0000028881
  203   0.1043874152  1660.842  2389.581   0.0037836767   0.0000025024  -0.0000028145
  204   0.1054985856  1669.658  2402.266   0.0038037614   0.0000024108  -0.0000027100
  205   0.1065881276  1678.258  2414.639   0.0038233528   0.0000023247  -0.0000026117
  206   0.1079245210  1688.746  2429.729   0.0038472465   0.0000022238  -0.0000024966
  207   0.1079727193  1689.123  2430.271   0.0038481055   0.0000022202  -0.0000024926
  208   0.1083951880  1692.424  2435.021   0.0038556265   0.0000021894  -0.0000024574
  209   0.1108647543  1711.595  2462.603   0.0038993005   0.0000020185  -0.0000022628
  210   0.1115627603  1716.975  2470.344   0.0039115562   0.0000019729  -0.0000022110
  211   0.1214574200  1791.498  2577.566   0.0040813325   0.0000014366  -0.0000016028
  212   0.1250980461  1818.149  2615.911   0.0041420489   0.0000012820  -0.0000014281
  213   0.1307831749  1859.004  2674.691   0.0042351217   0.0000010763  -0.0000011962
  214   0.2390491662  2513.321  3616.108   0.0057257657   0.0000000619  -0.0000000670
  215   0.3543381085  3059.942  4402.574   0.0069710610   0.0000000054  -0.0000000058
  216   0.3569835126  3071.343  4418.978   0.0069970348   0.0000000051  -0.0000000055
  217   0.3586832973  3078.647  4429.486   0.0070136733   0.0000000050  -0.0000000053
  218   0.3636119889  3099.726  4459.815   0.0070616965   0.0000000045  -0.0000000048
  219   0.3692248084  3123.559  4494.104   0.0071159910   0.0000000040  -0.0000000043
  220   0.3715720699  3133.472  4508.367   0.0071385743   0.0000000039  -0.0000000041
  221   0.3743503146  3145.165  4525.190   0.0071652122   0.0000000037  -0.0000000039
  222   0.3748797113  3147.388  4528.389   0.0071702768   0.0000000036  -0.0000000039
  223   0.3796878108  3167.507  4557.336   0.0072161123   0.0000000033  -0.0000000035
  224   0.3807445773  3171.912  4563.674   0.0072261474   0.0000000033  -0.0000000035
  225   0.3837743127  3184.507  4581.795   0.0072548411   0.0000000031  -0.0000000033
  226   0.3868128895  3197.089  4599.898   0.0072835050   0.0000000029  -0.0000000031
  227   0.3892875118  3207.299  4614.588   0.0073067658   0.0000000028  -0.0000000030
  228   0.3894113313  3207.809  4615.322   0.0073079278   0.0000000028  -0.0000000029
  229   0.3896427023  3208.762  4616.693   0.0073100985   0.0000000028  -0.0000000029
  230   0.3901582643  3210.884  4619.746   0.0073149331   0.0000000027  -0.0000000029
  231   0.3902214985  3211.145  4620.121   0.0073155259   0.0000000027  -0.0000000029
  232   0.3910610050  3214.597  4625.088   0.0073233908   0.0000000027  -0.0000000029
  233   0.3914562379  3216.221  4627.424   0.0073270906   0.0000000027  -0.0000000028
  234   0.3921916734  3219.241  4631.769   0.0073339701   0.0000000026  -0.0000000028
  235   0.3926757949  3221.227  4634.627   0.0073384953   0.0000000026  -0.0000000028
  236   0.3931241995  3223.066  4637.272   0.0073426841   0.0000000026  -0.0000000027
  237   0.3937335995  3225.563  4640.865   0.0073483730   0.0000000026  -0.0000000027
  238   0.3944356644  3228.437  4645.001   0.0073549215   0.0000000025  -0.0000000027
  239   0.3946340855  3229.249  4646.169   0.0073567712   0.0000000025  -0.0000000027
  240   0.3948328194  3230.062  4647.339   0.0073586234   0.0000000025  -0.0000000027
  241   0.3958571931  3234.250  4653.364   0.0073681630   0.0000000025  -0.0000000026
  242   0.3959125752  3234.476  4653.689   0.0073686784   0.0000000025  -0.0000000026
  243   0.3966994381  3237.689  4658.311   0.0073759972   0.0000000024  -0.0000000026
  244   0.3969393722  3238.668  4659.720   0.0073782275   0.0000000024  -0.0000000026
  245   0.3997659577  3250.178  4676.281   0.0074044509   0.0000000023  -0.0000000024
  246   0.4016787907  3257.945  4687.456   0.0074221445   0.0000000022  -0.0000000023
  247   0.4069217448  3279.138  4717.948   0.0074704266   0.0000000020  -0.0000000021
  248   0.4134593303  3305.375  4755.696   0.0075301972   0.0000000018  -0.0000000019
  249   0.4179468449  3323.264  4781.435   0.0075709518   0.0000000016  -0.0000000017
total                                      0.6856071226   0.0380092073  -0.0696911685
Wave numbers > 0 and <    100.0 cm^-1 were raised to that value for vibrational H and S.
Temperature:            298.15 Kelvin
 
Energy contributions for the gas phase:
The standard state is an ideal gas at a pressure of 101300.0 Pa
Molar volume (V_m):      24.47 L
                                  Hartree     kJ/mol   kcal/mol          K
ZPE .........................    0.685607   1800.061    430.225   216497.6
H_trans .....................    0.002360      6.197      1.481      745.4
H_rot .......................    0.001416      3.718      0.889      447.2
H_vib .......................    0.038009     99.793     23.851    12002.4
H_total .....................    0.041786    109.709     26.221    13195.0
 
S_trans*T ...................    0.021527     56.520     13.509     6797.8
S_rot*T .....................    0.018126     47.591     11.374     5723.9
S_vib*T .....................    0.069691    182.974     43.732    22006.7
S_total*T ...................    0.109345    287.085     68.615    34528.4
 
H(T) ........................    0.727393   1909.770    456.446   229692.6
S(T)*T ......................    0.109345    287.085     68.615    34528.4
G(T) ........................    0.618048   1622.685    387.831   195164.1
Total free energy G (electronic energy+ZPE+RRHO):  -2138.067428 Hartree
 
Energy contributions for solutions:
The standard state is a concentration of c_0 = 1 mol / L:
R*T*ln(c_0*V_m) .............    0.003019      7.926      1.894      953.3
S_trans*T ...................    0.018508     48.594     11.614     5844.5
S_total*T ...................    0.106326    279.159     66.721    33575.1
S(T)*T ......................    0.106326    279.159     66.721    33575.1
G(T) ........................    0.621067   1630.611    389.725   196117.5
Total free energy G (electronic energy+ZPE+RRHO):  -2138.064409 Hartree
 
Crossover temperature for tunnelling       60.48622 K
 Writing file qts_ts.txt
 Writing Hessian file qts_hessian_ts.txt

DL-FIND Report:
===============
Optimisation algorithm: no optimisation, just calculate the
    Hessian and thermal corrections
Modes assumed to have zero vibrational frequency          6
Temperature ....................................  2.981E+02 K
Minimum wave number ............................  1.000E+02 cm^-1
Finite difference for Hessian calculation ......  1.000E-02
 
Step length: simple scaled
Maximum step length ............................  5.000E-01
Scaling step by ................................  1.000E+00
 
Coordinate system: Mass-weighted Cartesian coordinates
 
Number of atoms ................................         85
Number of input geometries .....................          1
Variables to be optimised ......................        255
No restart information is written
This run has not been restarted.
Number of energy evaluations on this processor .          1
Number of steps ................................          1
Number of accepted steps / line searches .......          0
 

Timing report
=============
Module                                      CPU time            Wall clock time
Total .................................     4.426 (100.00%) 13836.300 (100.00%) seconds
Energy and Gradient ...................     3.299 ( 74.53%)    57.126 (  0.41%) seconds
Step direction ........................     0.000 (  0.00%)     0.000 (  0.00%) seconds
Coordinate transformation .............     0.009 (  0.20%)     0.038 (  0.00%) seconds
Checkpoint file I/O ...................     0.000 (  0.00%)     0.000 (  0.00%) seconds
XYZ-file I/O ..........................     0.000 (  0.01%)     0.003 (  0.00%) seconds
exit 0

 Timing Analysis by Executable 
                                 aoforce  [      1]  13777.757   8.2%
                                    grad  [   1401]  30841.470  18.4%
                                    dscf  [   1402] 120832.867  72.0%
                                  define  [      1]      0.337   0.0%
                               ChemShell              2347.929   1.4%

                                   Total            167800.360

  Timing Analysis by Module       module   # calls        time time (exc) percent 
                               write_xyz  [      1]      0.005      0.005   0.0%
                                 dl-find  [      2] 167800.315      6.777   0.0%
                               turbomole  [   1402] 167793.536 166953.558  99.5%
                      set_matrix_element  [250502181]    839.118    839.118   0.5%
                       get_number_of_bqs  [   1403]      0.022      0.022   0.0%
                          get_atom_entry  [ 119170]      0.653      0.653   0.0%
                         set_matrix_size  [   2807]      0.151      0.151   0.0%
                     get_number_of_atoms  [   1404]      0.035      0.035   0.0%
                             copy_object  [      2]      0.001      0.001   0.0%
                                read_xyz  [      2]      0.001      0.001   0.0%
                                   Other                 0.039              0.0%

                                   Total            167800.360
ChemShell exiting code 0
