Initialising ChemShell DEVELOPMENT VERSION 3.7_2023_DLF_GPR.dev on linux
read_xyz/======================================== Tstep:    0.1 Ttot:    0.1 ==
read_xyz/======================================== Tstep:    0.0 Ttot:    0.1 ==
dl-find/========================================= Tstep:    0.0 Ttot:    0.1 ==
dl-find/copy_object/============================= Tstep:    0.0 Ttot:    0.1 ==
dl-find/get_number_of_atoms/===================== Tstep:    0.0 Ttot:    0.1 ==
dl-find/set_matrix_size/========================= Tstep:    0.0 Ttot:    0.1 ==
dl-find/set_matrix_size/========================= Tstep:    0.0 Ttot:    0.1 ==
Using 2018 CODATA recommended values

***********************************************************************
**                                                                   **
**                       ---------------------                       **
**                              DL-FIND                              **
**                       Geometry Optimisation                       **
**                       ---------------------                       **
**                                                                   **
**                 J. Kaestner, J.M. Carr, T.W. Keal,                **
**                W. Thiel, A. Wander and P. Sherwood                **
**                                                                   **
**              J. Phys. Chem. A, 2009, 113 (43), 11856.             **
**                                                                   **
**   Please include this reference in published work using DL-FIND.  **
**                                                                   **
**               Copyright:  STFC Daresbury Laboratory               **
**                  and the University of Stuttgart                  **
**                           Revision:  341 $                        **
**                                                                   **
***********************************************************************


DL-FIND Report:
===============
Optimisation algorithm: L-BFGS
Number of steps in L-BFGS memory ...............         50
 
Step length: simple scaled
Maximum step length ............................  4.000E-01
Scaling step by ................................  1.000E+00
 
Coordinate system: Mass-weighted Cartesian coordinates
Dimer method, rotation by line search with extrapolation
Dimer distance (mid- to endpoint) ..............  1.000E-02
Maximum number of dimer rotations ..............         40
Tolerance in rotation ..........................  2.000E+00 degrees
 
Number of atoms ................................         85
Number of input geometries .....................          2
Variables to be optimised ......................        510
No restart information is written
This run has not been restarted.
Maximum number of steps ........................      10000
Maximum number of energy evaluations ...........  100000000
 
dl-find/turbomole/=============================== Tstep:    0.4 Ttot:    0.6 ==
eandg
Size of integral file returned by statistics run:  11954
Spin: 
 Energy calculation finished, energy: -2.138688178E+03
Testing convergence of dimer midpoint in cycle    1
  Max grad  6.6513E-04 Target: 4.5000E-04 converged?   no component   232
  RMS grad  1.1376E-04 Target: 3.0000E-04 converged?  yes
Next calculation will be the dimer endpoint before rotation
dl-find/turbomole/=============================== Tstep:  218.6 Ttot:  219.2 ==
eandg
Spin: 
 Energy calculation finished, energy: -2.138688173E+03
Curvature at dimer midpoint                   -0.00382
Predicted dimer rotation angle:      7.843 deg
Next calculation will be the dimer endpoint after rotation
dl-find/turbomole/=============================== Tstep:  101.4 Ttot:  320.6 ==
eandg
Spin: 
 Energy calculation finished, energy: -2.138688171E+03
Curvature at dimer midpoint after rotation    -0.00224
Curvature at dimer minimum                    -0.00383
Actual dimer rotation angle:         0.612 deg
Dimer rotation converged after    1 steps
Writing TS-mode
Curvature after dimer rotation:               -0.00383
Frequency of transition mode  -318.062 cm^-1 (negative value denotes imaginary frequency)
Crossover temperature for tunnelling       72.83260 K
Restarting L-BFGS optimiser, instance: dimer rotation
Next calculation will be the dimer  midpoint
dl-find/turbomole/=============================== Tstep:   79.9 Ttot:  400.5 ==
eandg
Spin: 
 Energy calculation finished, energy: -2.138688171E+03
Testing convergence of dimer midpoint in cycle    2
    Energy  6.5390E-06 Target: 1.0000E-06 converged?   no
  Max step  7.7286E-03 Target: 1.8000E-03 converged?   no component   234
  RMS step  1.2524E-03 Target: 1.2000E-03 converged?   no
  Max grad  1.0839E-03 Target: 4.5000E-04 converged?   no component   251
  RMS grad  2.2136E-04 Target: 3.0000E-04 converged?  yes
Next calculation will be the dimer endpoint before rotation
dl-find/turbomole/=============================== Tstep:   97.7 Ttot:  498.2 ==
eandg
Spin: 
 Energy calculation finished, energy: -2.138688165E+03
Curvature at dimer midpoint                   -0.00382
Predicted dimer rotation angle:      9.002 deg
Next calculation will be the dimer endpoint after rotation
dl-find/turbomole/=============================== Tstep:  101.4 Ttot:  599.6 ==
eandg
Spin: 
 Energy calculation finished, energy: -2.138688167E+03
Curvature at dimer midpoint after rotation     0.00134
Curvature at dimer minimum                    -0.00383
Actual dimer rotation angle:         0.314 deg
Dimer rotation converged after    1 steps
Writing TS-mode
Curvature after dimer rotation:               -0.00383
Frequency of transition mode  -318.154 cm^-1 (negative value denotes imaginary frequency)
Crossover temperature for tunnelling       72.85361 K
Restarting L-BFGS optimiser, instance: dimer rotation
Next calculation will be the dimer  midpoint
dl-find/turbomole/=============================== Tstep:   76.2 Ttot:  675.8 ==
eandg
Spin: 
 Energy calculation finished, energy: -2.138688184E+03
Testing convergence of dimer midpoint in cycle    3
    Energy  1.2939E-05 Target: 1.0000E-06 converged?   no
  Max step  1.9121E-03 Target: 1.8000E-03 converged?   no component   251
  RMS step  3.8585E-04 Target: 1.2000E-03 converged?  yes
  Max grad  5.2674E-04 Target: 4.5000E-04 converged?   no component    18
  RMS grad  1.0142E-04 Target: 3.0000E-04 converged?  yes
Next calculation will be the dimer endpoint before rotation
dl-find/turbomole/=============================== Tstep:   92.5 Ttot:  768.3 ==
eandg
Spin: 
 Energy calculation finished, energy: -2.138688178E+03
Curvature at dimer midpoint                   -0.00380
Predicted dimer rotation angle:      5.485 deg
Next calculation will be the dimer endpoint after rotation
dl-find/turbomole/=============================== Tstep:  102.8 Ttot:  871.1 ==
eandg
Spin: 
 Energy calculation finished, energy: -2.138688180E+03
Curvature at dimer midpoint after rotation    -0.00133
Curvature at dimer minimum                    -0.00381
Actual dimer rotation angle:         0.147 deg
Dimer rotation converged after    1 steps
Writing TS-mode
Curvature after dimer rotation:               -0.00381
Frequency of transition mode  -317.162 cm^-1 (negative value denotes imaginary frequency)
Crossover temperature for tunnelling       72.62644 K
Restarting L-BFGS optimiser, instance: dimer rotation
Next calculation will be the dimer  midpoint
dl-find/turbomole/=============================== Tstep:   70.1 Ttot:  941.3 ==
eandg
Spin: 
 Energy calculation finished, energy: -2.138688185E+03
Testing convergence of dimer midpoint in cycle    4
    Energy  7.9100E-07 Target: 1.0000E-06 converged?  yes
  Max step  6.9423E-03 Target: 1.8000E-03 converged?   no component   234
  RMS step  9.1182E-04 Target: 1.2000E-03 converged?  yes
  Max grad  4.8973E-04 Target: 4.5000E-04 converged?   no component    18
  RMS grad  6.7987E-05 Target: 3.0000E-04 converged?  yes
Next calculation will be the dimer endpoint before rotation
dl-find/turbomole/=============================== Tstep:   99.5 Ttot: 1040.8 ==
eandg
Spin: 
 Energy calculation finished, energy: -2.138688180E+03
Curvature at dimer midpoint                   -0.00379
Predicted dimer rotation angle:      3.125 deg
Next calculation will be the dimer endpoint after rotation
dl-find/turbomole/=============================== Tstep:  100.3 Ttot: 1141.1 ==
eandg
Spin: 
 Energy calculation finished, energy: -2.138688181E+03
Curvature at dimer midpoint after rotation    -0.00309
Curvature at dimer minimum                    -0.00379
Actual dimer rotation angle:         0.095 deg
Dimer rotation converged after    1 steps
Writing TS-mode
Curvature after dimer rotation:               -0.00379
Frequency of transition mode  -316.402 cm^-1 (negative value denotes imaginary frequency)
Crossover temperature for tunnelling       72.45236 K
Restarting L-BFGS optimiser, instance: dimer rotation
Next calculation will be the dimer  midpoint
dl-find/turbomole/=============================== Tstep:   75.1 Ttot: 1216.2 ==
eandg
Spin: 
 Energy calculation finished, energy: -2.138688187E+03
Testing convergence of dimer midpoint in cycle    5
    Energy  2.0060E-06 Target: 1.0000E-06 converged?   no
  Max step  1.0786E-02 Target: 1.8000E-03 converged?   no component   234
  RMS step  1.2996E-03 Target: 1.2000E-03 converged?   no
  Max grad  4.3240E-04 Target: 4.5000E-04 converged?  yes component    18
  RMS grad  9.7176E-05 Target: 3.0000E-04 converged?  yes
Next calculation will be the dimer endpoint before rotation
dl-find/turbomole/=============================== Tstep:  108.3 Ttot: 1324.5 ==
eandg
Spin: 
 Energy calculation finished, energy: -2.138688182E+03
Curvature at dimer midpoint                   -0.00365
Predicted dimer rotation angle:      6.344 deg
Next calculation will be the dimer endpoint after rotation
dl-find/turbomole/=============================== Tstep:   94.5 Ttot: 1419.0 ==
eandg
Spin: 
 Energy calculation finished, energy: -2.138688180E+03
Curvature at dimer midpoint after rotation    -0.00225
Curvature at dimer minimum                    -0.00366
Actual dimer rotation angle:         0.364 deg
Dimer rotation converged after    1 steps
Writing TS-mode
Curvature after dimer rotation:               -0.00366
Frequency of transition mode  -310.823 cm^-1 (negative value denotes imaginary frequency)
Crossover temperature for tunnelling       71.17481 K
Restarting L-BFGS optimiser, instance: dimer rotation
Next calculation will be the dimer  midpoint
dl-find/turbomole/=============================== Tstep:   75.8 Ttot: 1494.8 ==
eandg
Spin: 
 Energy calculation finished, energy: -2.138688144E+03
Testing convergence of dimer midpoint in cycle    6
    Energy  4.3071E-05 Target: 1.0000E-06 converged?   no
  Max step  2.2819E-02 Target: 1.8000E-03 converged?   no component   234
  RMS step  2.7159E-03 Target: 1.2000E-03 converged?   no
  Max grad  6.7228E-04 Target: 4.5000E-04 converged?   no component   251
  RMS grad  1.2463E-04 Target: 3.0000E-04 converged?  yes
Next calculation will be the dimer endpoint before rotation
dl-find/turbomole/=============================== Tstep:  112.7 Ttot: 1607.4 ==
eandg
Spin: 
 Energy calculation finished, energy: -2.138688139E+03
Curvature at dimer midpoint                   -0.00359
Predicted dimer rotation angle:      8.017 deg
Next calculation will be the dimer endpoint after rotation
dl-find/turbomole/=============================== Tstep:  100.3 Ttot: 1707.8 ==
eandg
Spin: 
 Energy calculation finished, energy: -2.138688139E+03
Curvature at dimer midpoint after rotation     0.00128
Curvature at dimer minimum                    -0.00359
Actual dimer rotation angle:         0.223 deg
Dimer rotation converged after    1 steps
Writing TS-mode
Curvature after dimer rotation:               -0.00359
Frequency of transition mode  -308.043 cm^-1 (negative value denotes imaginary frequency)
Crossover temperature for tunnelling       70.53822 K
Restarting L-BFGS optimiser, instance: dimer rotation
Next calculation will be the dimer  midpoint
dl-find/turbomole/=============================== Tstep:   76.4 Ttot: 1784.2 ==
eandg
Spin: 
 Energy calculation finished, energy: -2.138688152E+03
Testing convergence of dimer midpoint in cycle    7
    Energy  7.9110E-06 Target: 1.0000E-06 converged?   no
  Max step  4.8193E-02 Target: 1.8000E-03 converged?   no component   234
  RMS step  5.9004E-03 Target: 1.2000E-03 converged?   no
  Max grad  1.0934E-03 Target: 4.5000E-04 converged?   no component   154
  RMS grad  1.7977E-04 Target: 3.0000E-04 converged?  yes
Next calculation will be the dimer endpoint before rotation
dl-find/turbomole/=============================== Tstep:  120.7 Ttot: 1904.9 ==
eandg
Spin: 
 Energy calculation finished, energy: -2.138688150E+03
Curvature at dimer midpoint                   -0.00320
Predicted dimer rotation angle:      9.930 deg
Next calculation will be the dimer endpoint after rotation
dl-find/turbomole/=============================== Tstep:  102.3 Ttot: 2007.2 ==
eandg
Spin: 
 Energy calculation finished, energy: -2.138688151E+03
Curvature at dimer midpoint after rotation     0.00440
Curvature at dimer minimum                    -0.00321
Actual dimer rotation angle:         0.247 deg
Dimer rotation converged after    1 steps
Writing TS-mode
Curvature after dimer rotation:               -0.00321
Frequency of transition mode  -291.135 cm^-1 (negative value denotes imaginary frequency)
Crossover temperature for tunnelling       66.66651 K
Restarting L-BFGS optimiser, instance: dimer rotation
Next calculation will be the dimer  midpoint
dl-find/turbomole/=============================== Tstep:   76.1 Ttot: 2083.3 ==
eandg
Spin: 
 Energy calculation finished, energy: -2.138688149E+03
Testing convergence of dimer midpoint in cycle    8
    Energy  2.6530E-06 Target: 1.0000E-06 converged?   no
  Max step  5.7203E-02 Target: 1.8000E-03 converged?   no component   234
  RMS step  7.3183E-03 Target: 1.2000E-03 converged?   no
  Max grad  1.3246E-03 Target: 4.5000E-04 converged?   no component   154
  RMS grad  2.1551E-04 Target: 3.0000E-04 converged?  yes
Next calculation will be the dimer endpoint before rotation
dl-find/turbomole/=============================== Tstep:  124.4 Ttot: 2207.7 ==
eandg
Spin: 
 Energy calculation finished, energy: -2.138688150E+03
Curvature at dimer midpoint                   -0.00277
Predicted dimer rotation angle:     11.252 deg
Next calculation will be the dimer endpoint after rotation
dl-find/turbomole/=============================== Tstep:  100.7 Ttot: 2308.4 ==
eandg
Spin: 
 Energy calculation finished, energy: -2.138688150E+03
Curvature at dimer midpoint after rotation     0.00297
Curvature at dimer minimum                    -0.00277
Actual dimer rotation angle:         0.405 deg
Dimer rotation converged after    1 steps
Writing TS-mode
Curvature after dimer rotation:               -0.00277
Frequency of transition mode  -270.724 cm^-1 (negative value denotes imaginary frequency)
Crossover temperature for tunnelling       61.99259 K
Restarting L-BFGS optimiser, instance: dimer rotation
Next calculation will be the dimer  midpoint
dl-find/turbomole/=============================== Tstep:   89.9 Ttot: 2398.3 ==
eandg
Spin: 
 Energy calculation finished, energy: -2.138688170E+03
Testing convergence of dimer midpoint in cycle    9
    Energy  2.0454E-05 Target: 1.0000E-06 converged?   no
  Max step  1.3554E-02 Target: 1.8000E-03 converged?   no component   234
  RMS step  1.6920E-03 Target: 1.2000E-03 converged?   no
  Max grad  2.2930E-04 Target: 4.5000E-04 converged?  yes component    60
  RMS grad  7.0037E-05 Target: 3.0000E-04 converged?  yes
Next calculation will be the dimer endpoint before rotation
dl-find/turbomole/=============================== Tstep:  113.6 Ttot: 2511.9 ==
eandg
Spin: 
 Energy calculation finished, energy: -2.138688170E+03
Curvature at dimer midpoint                   -0.00284
Predicted dimer rotation angle:     12.149 deg
Next calculation will be the dimer endpoint after rotation
dl-find/turbomole/=============================== Tstep:  101.1 Ttot: 2613.0 ==
eandg
Spin: 
 Energy calculation finished, energy: -2.138688169E+03
Curvature at dimer midpoint after rotation     0.01003
Curvature at dimer minimum                    -0.00285
Actual dimer rotation angle:         0.243 deg
Dimer rotation converged after    1 steps
Writing TS-mode
Curvature after dimer rotation:               -0.00285
Frequency of transition mode  -274.345 cm^-1 (negative value denotes imaginary frequency)
Crossover temperature for tunnelling       62.82177 K
Restarting L-BFGS optimiser, instance: dimer rotation
Next calculation will be the dimer  midpoint
dl-find/turbomole/=============================== Tstep:   65.8 Ttot: 2678.7 ==
eandg
Spin: 
 Energy calculation finished, energy: -2.138688177E+03
Testing convergence of dimer midpoint in cycle   10
    Energy  7.1110E-06 Target: 1.0000E-06 converged?   no
  Max step  3.8590E-03 Target: 1.8000E-03 converged?   no component   232
  RMS step  8.6350E-04 Target: 1.2000E-03 converged?  yes
  Max grad  1.7209E-04 Target: 4.5000E-04 converged?  yes component    22
  RMS grad  6.2561E-05 Target: 3.0000E-04 converged?  yes
Next calculation will be the dimer endpoint before rotation
dl-find/turbomole/=============================== Tstep:  106.7 Ttot: 2785.5 ==
eandg
Spin: 
 Energy calculation finished, energy: -2.138688177E+03
Curvature at dimer midpoint                   -0.00276
Predicted dimer rotation angle:      7.378 deg
Next calculation will be the dimer endpoint after rotation
dl-find/turbomole/=============================== Tstep:  101.6 Ttot: 2887.1 ==
eandg
Spin: 
 Energy calculation finished, energy: -2.138688177E+03
Curvature at dimer midpoint after rotation    -0.00154
Curvature at dimer minimum                    -0.00277
Actual dimer rotation angle:         0.490 deg
Dimer rotation converged after    1 steps
Writing TS-mode
Curvature after dimer rotation:               -0.00277
Frequency of transition mode  -270.388 cm^-1 (negative value denotes imaginary frequency)
Crossover temperature for tunnelling       61.91568 K
Restarting L-BFGS optimiser, instance: dimer rotation
Next calculation will be the dimer  midpoint
dl-find/turbomole/=============================== Tstep:   86.1 Ttot: 2973.2 ==
eandg
Spin: 
 Energy calculation finished, energy: -2.138688187E+03
Testing convergence of dimer midpoint in cycle   11
    Energy  1.0350E-05 Target: 1.0000E-06 converged?   no
  Max step  1.1051E-02 Target: 1.8000E-03 converged?   no component    18
  RMS step  1.7739E-03 Target: 1.2000E-03 converged?   no
  Max grad  3.2463E-04 Target: 4.5000E-04 converged?  yes component   251
  RMS grad  6.8607E-05 Target: 3.0000E-04 converged?  yes
Next calculation will be the dimer endpoint before rotation
dl-find/turbomole/=============================== Tstep:  105.1 Ttot: 3078.3 ==
eandg
Spin: 
 Energy calculation finished, energy: -2.138688188E+03
Curvature at dimer midpoint                   -0.00277
Predicted dimer rotation angle:     10.708 deg
Next calculation will be the dimer endpoint after rotation
dl-find/turbomole/=============================== Tstep:  101.6 Ttot: 3179.9 ==
eandg
Spin: 
 Energy calculation finished, energy: -2.138688187E+03
Curvature at dimer midpoint after rotation     0.00797
Curvature at dimer minimum                    -0.00278
Actual dimer rotation angle:         0.193 deg
Dimer rotation converged after    1 steps
Writing TS-mode
Curvature after dimer rotation:               -0.00278
Frequency of transition mode  -270.832 cm^-1 (negative value denotes imaginary frequency)
Crossover temperature for tunnelling       62.01733 K
Restarting L-BFGS optimiser, instance: dimer rotation
Next calculation will be the dimer  midpoint
dl-find/turbomole/=============================== Tstep:   85.9 Ttot: 3265.8 ==
eandg
Spin: 
 Energy calculation finished, energy: -2.138688161E+03
Testing convergence of dimer midpoint in cycle   12
    Energy  2.6735E-05 Target: 1.0000E-06 converged?   no
  Max step  2.4396E-02 Target: 1.8000E-03 converged?   no component    18
  RMS step  4.2123E-03 Target: 1.2000E-03 converged?   no
  Max grad  1.1704E-03 Target: 4.5000E-04 converged?   no component    61
  RMS grad  2.3194E-04 Target: 3.0000E-04 converged?  yes
Next calculation will be the dimer endpoint before rotation
dl-find/turbomole/=============================== Tstep:  121.1 Ttot: 3386.9 ==
eandg
Spin: 
 Energy calculation finished, energy: -2.138688162E+03
Curvature at dimer midpoint                   -0.00255
Predicted dimer rotation angle:      8.012 deg
Next calculation will be the dimer endpoint after rotation
dl-find/turbomole/=============================== Tstep:  101.5 Ttot: 3488.4 ==
eandg
Spin: 
 Energy calculation finished, energy: -2.138688163E+03
Curvature at dimer midpoint after rotation    -0.00041
Curvature at dimer minimum                    -0.00255
Actual dimer rotation angle:         0.348 deg
Dimer rotation converged after    1 steps
Writing TS-mode
Curvature after dimer rotation:               -0.00255
Frequency of transition mode  -259.804 cm^-1 (negative value denotes imaginary frequency)
Crossover temperature for tunnelling       59.49208 K
Restarting L-BFGS optimiser, instance: dimer rotation
Next calculation will be the dimer  midpoint
dl-find/turbomole/=============================== Tstep:   84.8 Ttot: 3573.2 ==
eandg
Spin: 
 Energy calculation finished, energy: -2.138688181E+03
Testing convergence of dimer midpoint in cycle   13
    Energy  2.0489E-05 Target: 1.0000E-06 converged?   no
  Max step  4.5493E-03 Target: 1.8000E-03 converged?   no component   234
  RMS step  7.7423E-04 Target: 1.2000E-03 converged?  yes
  Max grad  2.2846E-04 Target: 4.5000E-04 converged?  yes component   251
  RMS grad  5.0787E-05 Target: 3.0000E-04 converged?  yes
Next calculation will be the dimer endpoint before rotation
dl-find/turbomole/=============================== Tstep:  109.2 Ttot: 3682.3 ==
eandg
Spin: 
 Energy calculation finished, energy: -2.138688183E+03
Curvature at dimer midpoint                   -0.00254
Predicted dimer rotation angle:      9.967 deg
Next calculation will be the dimer endpoint after rotation
dl-find/turbomole/=============================== Tstep:  101.5 Ttot: 3783.8 ==
eandg
Spin: 
 Energy calculation finished, energy: -2.138688182E+03
Curvature at dimer midpoint after rotation     0.00588
Curvature at dimer minimum                    -0.00255
Actual dimer rotation angle:         0.181 deg
Dimer rotation converged after    1 steps
Writing TS-mode
Curvature after dimer rotation:               -0.00255
Frequency of transition mode  -259.439 cm^-1 (negative value denotes imaginary frequency)
Crossover temperature for tunnelling       59.40857 K
Restarting L-BFGS optimiser, instance: dimer rotation
Next calculation will be the dimer  midpoint
dl-find/turbomole/=============================== Tstep:   84.8 Ttot: 3868.6 ==
eandg
Spin: 
 Energy calculation finished, energy: -2.138688186E+03
Testing convergence of dimer midpoint in cycle   14
    Energy  4.5030E-06 Target: 1.0000E-06 converged?   no
  Max step  3.8281E-03 Target: 1.8000E-03 converged?   no component   234
  RMS step  5.5997E-04 Target: 1.2000E-03 converged?  yes
  Max grad  1.3931E-04 Target: 4.5000E-04 converged?  yes component   234
  RMS grad  3.6350E-05 Target: 3.0000E-04 converged?  yes
Next calculation will be the dimer endpoint before rotation
dl-find/turbomole/=============================== Tstep:   99.3 Ttot: 3967.9 ==
eandg
Spin: 
 Energy calculation finished, energy: -2.138688187E+03
Curvature at dimer midpoint                   -0.00253
Predicted dimer rotation angle:      6.356 deg
Next calculation will be the dimer endpoint after rotation
dl-find/turbomole/=============================== Tstep:   99.7 Ttot: 4067.5 ==
eandg
Spin: 
 Energy calculation finished, energy: -2.138688186E+03
Curvature at dimer midpoint after rotation    -0.00092
Curvature at dimer minimum                    -0.00253
Actual dimer rotation angle:         0.231 deg
Dimer rotation converged after    1 steps
Writing TS-mode
Curvature after dimer rotation:               -0.00253
Frequency of transition mode  -258.612 cm^-1 (negative value denotes imaginary frequency)
Crossover temperature for tunnelling       59.21910 K
Restarting L-BFGS optimiser, instance: dimer rotation
Next calculation will be the dimer  midpoint
dl-find/turbomole/=============================== Tstep:   84.3 Ttot: 4151.8 ==
eandg
Spin: 
 Energy calculation finished, energy: -2.138688194E+03
Testing convergence of dimer midpoint in cycle   15
    Energy  8.4920E-06 Target: 1.0000E-06 converged?   no
  Max step  8.4365E-03 Target: 1.8000E-03 converged?   no component   234
  RMS step  1.5214E-03 Target: 1.2000E-03 converged?   no
  Max grad  1.6364E-04 Target: 4.5000E-04 converged?  yes component    83
  RMS grad  4.5468E-05 Target: 3.0000E-04 converged?  yes
Next calculation will be the dimer endpoint before rotation
dl-find/turbomole/=============================== Tstep:  104.0 Ttot: 4255.8 ==
eandg
Spin: 
 Energy calculation finished, energy: -2.138688196E+03
Curvature at dimer midpoint                   -0.00248
Predicted dimer rotation angle:      7.443 deg
Next calculation will be the dimer endpoint after rotation
dl-find/turbomole/=============================== Tstep:  101.6 Ttot: 4357.4 ==
eandg
Spin: 
 Energy calculation finished, energy: -2.138688196E+03
Curvature at dimer midpoint after rotation     0.00137
Curvature at dimer minimum                    -0.00248
Actual dimer rotation angle:         0.157 deg
Dimer rotation converged after    1 steps
Writing TS-mode
Curvature after dimer rotation:               -0.00248
Frequency of transition mode  -255.910 cm^-1 (negative value denotes imaginary frequency)
Crossover temperature for tunnelling       58.60048 K
Restarting L-BFGS optimiser, instance: dimer rotation
Next calculation will be the dimer  midpoint
dl-find/turbomole/=============================== Tstep:   83.0 Ttot: 4440.4 ==
eandg
Spin: 
 Energy calculation finished, energy: -2.138688197E+03
Testing convergence of dimer midpoint in cycle   16
    Energy  2.6550E-06 Target: 1.0000E-06 converged?   no
  Max step  7.2325E-03 Target: 1.8000E-03 converged?   no component   234
  RMS step  1.9483E-03 Target: 1.2000E-03 converged?   no
  Max grad  4.8385E-04 Target: 4.5000E-04 converged?   no component    83
  RMS grad  8.2143E-05 Target: 3.0000E-04 converged?  yes
Next calculation will be the dimer endpoint before rotation
dl-find/turbomole/=============================== Tstep:   97.3 Ttot: 4537.7 ==
eandg
Spin: 
 Energy calculation finished, energy: -2.138688199E+03
Curvature at dimer midpoint                   -0.00243
Predicted dimer rotation angle:      6.949 deg
Next calculation will be the dimer endpoint after rotation
dl-find/turbomole/=============================== Tstep:  101.0 Ttot: 4638.7 ==
eandg
Spin: 
 Energy calculation finished, energy: -2.138688199E+03
Curvature at dimer midpoint after rotation     0.00040
Curvature at dimer minimum                    -0.00243
Actual dimer rotation angle:         0.170 deg
Dimer rotation converged after    1 steps
Writing TS-mode
Curvature after dimer rotation:               -0.00243
Frequency of transition mode  -253.245 cm^-1 (negative value denotes imaginary frequency)
Crossover temperature for tunnelling       57.99014 K
Restarting L-BFGS optimiser, instance: dimer rotation
Next calculation will be the dimer  midpoint
dl-find/turbomole/=============================== Tstep:   88.1 Ttot: 4726.8 ==
eandg
Spin: 
 Energy calculation finished, energy: -2.138688210E+03
Testing convergence of dimer midpoint in cycle   17
    Energy  1.2973E-05 Target: 1.0000E-06 converged?   no
  Max step  8.6770E-03 Target: 1.8000E-03 converged?   no component     9
  RMS step  2.4045E-03 Target: 1.2000E-03 converged?   no
  Max grad  2.2160E-04 Target: 4.5000E-04 converged?  yes component   251
  RMS grad  6.2137E-05 Target: 3.0000E-04 converged?  yes
Next calculation will be the dimer endpoint before rotation
dl-find/turbomole/=============================== Tstep:  106.5 Ttot: 4833.3 ==
eandg
Spin: 
 Energy calculation finished, energy: -2.138688210E+03
Curvature at dimer midpoint                   -0.00241
Predicted dimer rotation angle:      7.100 deg
Next calculation will be the dimer endpoint after rotation
dl-find/turbomole/=============================== Tstep:  101.4 Ttot: 4934.8 ==
eandg
Spin: 
 Energy calculation finished, energy: -2.138688210E+03
Curvature at dimer midpoint after rotation    -0.00005
Curvature at dimer minimum                    -0.00241
Actual dimer rotation angle:         0.213 deg
Dimer rotation converged after    1 steps
Writing TS-mode
Curvature after dimer rotation:               -0.00241
Frequency of transition mode  -252.299 cm^-1 (negative value denotes imaginary frequency)
Crossover temperature for tunnelling       57.77365 K
Restarting L-BFGS optimiser, instance: dimer rotation
Next calculation will be the dimer  midpoint
dl-find/turbomole/=============================== Tstep:   77.4 Ttot: 5012.2 ==
eandg
Spin: 
 Energy calculation finished, energy: -2.138688214E+03
Testing convergence of dimer midpoint in cycle   18
    Energy  4.5510E-06 Target: 1.0000E-06 converged?   no
  Max step  9.3719E-03 Target: 1.8000E-03 converged?   no component    14
  RMS step  2.7069E-03 Target: 1.2000E-03 converged?   no
  Max grad  2.4343E-04 Target: 4.5000E-04 converged?  yes component   245
  RMS grad  5.5037E-05 Target: 3.0000E-04 converged?  yes
Next calculation will be the dimer endpoint before rotation
dl-find/turbomole/=============================== Tstep:  101.9 Ttot: 5114.1 ==
eandg
Spin: 
 Energy calculation finished, energy: -2.138688217E+03
Curvature at dimer midpoint                   -0.00234
Predicted dimer rotation angle:      8.386 deg
Next calculation will be the dimer endpoint after rotation
dl-find/turbomole/=============================== Tstep:  100.8 Ttot: 5214.9 ==
eandg
Spin: 
 Energy calculation finished, energy: -2.138688217E+03
Curvature at dimer midpoint after rotation     0.00255
Curvature at dimer minimum                    -0.00234
Actual dimer rotation angle:         0.169 deg
Dimer rotation converged after    1 steps
Writing TS-mode
Curvature after dimer rotation:               -0.00234
Frequency of transition mode  -248.742 cm^-1 (negative value denotes imaginary frequency)
Crossover temperature for tunnelling       56.95894 K
Restarting L-BFGS optimiser, instance: dimer rotation
Next calculation will be the dimer  midpoint
dl-find/turbomole/=============================== Tstep:   90.1 Ttot: 5304.9 ==
eandg
Spin: 
 Energy calculation finished, energy: -2.138688213E+03
Testing convergence of dimer midpoint in cycle   19
    Energy  1.0060E-06 Target: 1.0000E-06 converged?   no
  Max step  1.9064E-02 Target: 1.8000E-03 converged?   no component    42
  RMS step  5.4481E-03 Target: 1.2000E-03 converged?   no
  Max grad  9.1002E-04 Target: 4.5000E-04 converged?   no component    83
  RMS grad  1.6143E-04 Target: 3.0000E-04 converged?  yes
Next calculation will be the dimer endpoint before rotation
dl-find/turbomole/=============================== Tstep:  110.2 Ttot: 5415.1 ==
eandg
Spin: 
 Energy calculation finished, energy: -2.138688216E+03
Curvature at dimer midpoint                   -0.00232
Predicted dimer rotation angle:      6.678 deg
Next calculation will be the dimer endpoint after rotation
dl-find/turbomole/=============================== Tstep:  101.4 Ttot: 5516.5 ==
eandg
Spin: 
 Energy calculation finished, energy: -2.138688216E+03
Curvature at dimer midpoint after rotation    -0.00034
Curvature at dimer minimum                    -0.00232
Actual dimer rotation angle:         0.203 deg
Dimer rotation converged after    1 steps
Writing TS-mode
Curvature after dimer rotation:               -0.00232
Frequency of transition mode  -247.791 cm^-1 (negative value denotes imaginary frequency)
Crossover temperature for tunnelling       56.74125 K
Restarting L-BFGS optimiser, instance: dimer rotation
Next calculation will be the dimer  midpoint
dl-find/turbomole/=============================== Tstep:   84.7 Ttot: 5601.2 ==
eandg
Spin: 
 Energy calculation finished, energy: -2.138688223E+03
Testing convergence of dimer midpoint in cycle   20
    Energy  9.5260E-06 Target: 1.0000E-06 converged?   no
  Max step  5.5490E-03 Target: 1.8000E-03 converged?   no component    42
  RMS step  1.6453E-03 Target: 1.2000E-03 converged?   no
  Max grad  2.3808E-04 Target: 4.5000E-04 converged?  yes component    74
  RMS grad  7.7546E-05 Target: 3.0000E-04 converged?  yes
Next calculation will be the dimer endpoint before rotation
dl-find/turbomole/=============================== Tstep:  108.0 Ttot: 5709.2 ==
eandg
Spin: 
 Energy calculation finished, energy: -2.138688225E+03
Curvature at dimer midpoint                   -0.00237
Predicted dimer rotation angle:      6.697 deg
Next calculation will be the dimer endpoint after rotation
dl-find/turbomole/=============================== Tstep:  100.0 Ttot: 5809.2 ==
eandg
Spin: 
 Energy calculation finished, energy: -2.138688226E+03
Curvature at dimer midpoint after rotation     0.00113
Curvature at dimer minimum                    -0.00237
Actual dimer rotation angle:         0.121 deg
Dimer rotation converged after    1 steps
Writing TS-mode
Curvature after dimer rotation:               -0.00237
Frequency of transition mode  -250.236 cm^-1 (negative value denotes imaginary frequency)
Crossover temperature for tunnelling       57.30108 K
Restarting L-BFGS optimiser, instance: dimer rotation
Next calculation will be the dimer  midpoint
dl-find/turbomole/=============================== Tstep:   88.0 Ttot: 5897.2 ==
eandg
Spin: 
 Energy calculation finished, energy: -2.138688229E+03
Testing convergence of dimer midpoint in cycle   21
    Energy  5.9260E-06 Target: 1.0000E-06 converged?   no
  Max step  4.2890E-03 Target: 1.8000E-03 converged?   no component    42
  RMS step  1.3505E-03 Target: 1.2000E-03 converged?   no
  Max grad  2.2141E-04 Target: 4.5000E-04 converged?  yes component   249
  RMS grad  6.8616E-05 Target: 3.0000E-04 converged?  yes
Next calculation will be the dimer endpoint before rotation
dl-find/turbomole/=============================== Tstep:  107.7 Ttot: 6004.9 ==
eandg
Spin: 
 Energy calculation finished, energy: -2.138688231E+03
Curvature at dimer midpoint                   -0.00239
Predicted dimer rotation angle:      4.838 deg
Next calculation will be the dimer endpoint after rotation
dl-find/turbomole/=============================== Tstep:  101.3 Ttot: 6106.3 ==
eandg
Spin: 
 Energy calculation finished, energy: -2.138688231E+03
Curvature at dimer midpoint after rotation    -0.00113
Curvature at dimer minimum                    -0.00239
Actual dimer rotation angle:         0.125 deg
Dimer rotation converged after    1 steps
Writing TS-mode
Curvature after dimer rotation:               -0.00239
Frequency of transition mode  -251.514 cm^-1 (negative value denotes imaginary frequency)
Crossover temperature for tunnelling       57.59369 K
Restarting L-BFGS optimiser, instance: dimer rotation
Next calculation will be the dimer  midpoint
dl-find/turbomole/=============================== Tstep:   82.7 Ttot: 6189.0 ==
eandg
Spin: 
 Energy calculation finished, energy: -2.138688241E+03
Testing convergence of dimer midpoint in cycle   22
    Energy  1.1907E-05 Target: 1.0000E-06 converged?   no
  Max step  1.4067E-02 Target: 1.8000E-03 converged?   no component    14
  RMS step  4.1571E-03 Target: 1.2000E-03 converged?   no
  Max grad  4.2970E-04 Target: 4.5000E-04 converged?  yes component    83
  RMS grad  7.9747E-05 Target: 3.0000E-04 converged?  yes
Next calculation will be the dimer endpoint before rotation
dl-find/turbomole/=============================== Tstep:  114.5 Ttot: 6303.5 ==
eandg
Spin: 
 Energy calculation finished, energy: -2.138688243E+03
Curvature at dimer midpoint                   -0.00243
Predicted dimer rotation angle:      4.395 deg
Next calculation will be the dimer endpoint after rotation
dl-find/turbomole/=============================== Tstep:  101.3 Ttot: 6404.8 ==
eandg
Spin: 
 Energy calculation finished, energy: -2.138688243E+03
Curvature at dimer midpoint after rotation    -0.00130
Curvature at dimer minimum                    -0.00243
Actual dimer rotation angle:         0.106 deg
Dimer rotation converged after    1 steps
Writing TS-mode
Curvature after dimer rotation:               -0.00243
Frequency of transition mode  -253.531 cm^-1 (negative value denotes imaginary frequency)
Crossover temperature for tunnelling       58.05564 K
Restarting L-BFGS optimiser, instance: dimer rotation
Next calculation will be the dimer  midpoint
dl-find/turbomole/=============================== Tstep:   83.0 Ttot: 6487.9 ==
eandg
Spin: 
 Energy calculation finished, energy: -2.138688240E+03
Testing convergence of dimer midpoint in cycle   23
    Energy  3.0200E-07 Target: 1.0000E-06 converged?  yes
  Max step  2.2883E-02 Target: 1.8000E-03 converged?   no component    14
  RMS step  6.5944E-03 Target: 1.2000E-03 converged?   no
  Max grad  6.9406E-04 Target: 4.5000E-04 converged?   no component    58
  RMS grad  1.4844E-04 Target: 3.0000E-04 converged?  yes
Next calculation will be the dimer endpoint before rotation
dl-find/turbomole/=============================== Tstep:  118.5 Ttot: 6606.4 ==
eandg
Spin: 
 Energy calculation finished, energy: -2.138688243E+03
Curvature at dimer midpoint                   -0.00248
Predicted dimer rotation angle:      4.874 deg
Next calculation will be the dimer endpoint after rotation
dl-find/turbomole/=============================== Tstep:  101.0 Ttot: 6707.4 ==
eandg
Spin: 
 Energy calculation finished, energy: -2.138688243E+03
Curvature at dimer midpoint after rotation    -0.00061
Curvature at dimer minimum                    -0.00248
Actual dimer rotation angle:         0.091 deg
Dimer rotation converged after    1 steps
Writing TS-mode
Curvature after dimer rotation:               -0.00248
Frequency of transition mode  -256.110 cm^-1 (negative value denotes imaginary frequency)
Crossover temperature for tunnelling       58.64632 K
Restarting L-BFGS optimiser, instance: dimer rotation
Next calculation will be the dimer  midpoint
dl-find/turbomole/=============================== Tstep:   82.0 Ttot: 6789.4 ==
eandg
Spin: 
 Energy calculation finished, energy: -2.138688259E+03
Testing convergence of dimer midpoint in cycle   24
    Energy  1.8866E-05 Target: 1.0000E-06 converged?   no
  Max step  2.2685E-02 Target: 1.8000E-03 converged?   no component    13
  RMS step  6.4734E-03 Target: 1.2000E-03 converged?   no
  Max grad  3.9669E-04 Target: 4.5000E-04 converged?  yes component   245
  RMS grad  9.6259E-05 Target: 3.0000E-04 converged?  yes
Next calculation will be the dimer endpoint before rotation
dl-find/turbomole/=============================== Tstep:  117.5 Ttot: 6906.9 ==
eandg
Spin: 
 Energy calculation finished, energy: -2.138688260E+03
Curvature at dimer midpoint                   -0.00253
Predicted dimer rotation angle:      3.286 deg
Next calculation will be the dimer endpoint after rotation
dl-find/turbomole/=============================== Tstep:  101.9 Ttot: 7008.8 ==
eandg
Spin: 
 Energy calculation finished, energy: -2.138688260E+03
Curvature at dimer midpoint after rotation    -0.00236
Curvature at dimer minimum                    -0.00253
Actual dimer rotation angle:         0.267 deg
Dimer rotation converged after    1 steps
Writing TS-mode
Curvature after dimer rotation:               -0.00253
Frequency of transition mode  -258.573 cm^-1 (negative value denotes imaginary frequency)
Crossover temperature for tunnelling       59.21017 K
Restarting L-BFGS optimiser, instance: dimer rotation
Next calculation will be the dimer  midpoint
dl-find/turbomole/=============================== Tstep:   72.7 Ttot: 7081.5 ==
eandg
Spin: 
 Energy calculation finished, energy: -2.138688279E+03
Testing convergence of dimer midpoint in cycle   25
    Energy  1.9712E-05 Target: 1.0000E-06 converged?   no
  Max step  2.7816E-02 Target: 1.8000E-03 converged?   no component    13
  RMS step  7.8535E-03 Target: 1.2000E-03 converged?   no
  Max grad  3.2184E-04 Target: 4.5000E-04 converged?  yes component   245
  RMS grad  8.0890E-05 Target: 3.0000E-04 converged?  yes
Next calculation will be the dimer endpoint before rotation
dl-find/turbomole/=============================== Tstep:  115.8 Ttot: 7197.3 ==
eandg
Spin: 
 Energy calculation finished, energy: -2.138688280E+03
Curvature at dimer midpoint                   -0.00260
Predicted dimer rotation angle:      6.294 deg
Next calculation will be the dimer endpoint after rotation
dl-find/turbomole/=============================== Tstep:  101.0 Ttot: 7298.3 ==
eandg
Spin: 
 Energy calculation finished, energy: -2.138688280E+03
Curvature at dimer midpoint after rotation     0.00124
Curvature at dimer minimum                    -0.00260
Actual dimer rotation angle:         0.101 deg
Dimer rotation converged after    1 steps
Writing TS-mode
Curvature after dimer rotation:               -0.00260
Frequency of transition mode  -262.357 cm^-1 (negative value denotes imaginary frequency)
Crossover temperature for tunnelling       60.07671 K
Restarting L-BFGS optimiser, instance: dimer rotation
Next calculation will be the dimer  midpoint
dl-find/turbomole/=============================== Tstep:   75.0 Ttot: 7373.3 ==
eandg
Spin: 
 Energy calculation finished, energy: -2.138688393E+03
Testing convergence of dimer midpoint in cycle   26
    Energy  1.1428E-04 Target: 1.0000E-06 converged?   no
  Max step  2.8029E-02 Target: 1.8000E-03 converged?   no component    13
  RMS step  7.8006E-03 Target: 1.2000E-03 converged?   no
  Max grad  6.9743E-04 Target: 4.5000E-04 converged?   no component    88
  RMS grad  1.2904E-04 Target: 3.0000E-04 converged?  yes
Next calculation will be the dimer endpoint before rotation
dl-find/turbomole/=============================== Tstep:  110.2 Ttot: 7483.5 ==
eandg
Spin: 
 Energy calculation finished, energy: -2.138688395E+03
Curvature at dimer midpoint                   -0.00271
Predicted dimer rotation angle:      4.441 deg
Next calculation will be the dimer endpoint after rotation
dl-find/turbomole/=============================== Tstep:  100.6 Ttot: 7584.1 ==
eandg
Spin: 
 Energy calculation finished, energy: -2.138688394E+03
Curvature at dimer midpoint after rotation    -0.00115
Curvature at dimer minimum                    -0.00271
Actual dimer rotation angle:         0.090 deg
Dimer rotation converged after    1 steps
Writing TS-mode
Curvature after dimer rotation:               -0.00271
Frequency of transition mode  -267.745 cm^-1 (negative value denotes imaginary frequency)
Crossover temperature for tunnelling       61.31050 K
Restarting L-BFGS optimiser, instance: dimer rotation
Next calculation will be the dimer  midpoint
dl-find/turbomole/=============================== Tstep:   82.0 Ttot: 7666.1 ==
eandg
Spin: 
 Energy calculation finished, energy: -2.138688409E+03
Testing convergence of dimer midpoint in cycle   27
    Energy  1.6180E-05 Target: 1.0000E-06 converged?   no
  Max step  1.8270E-02 Target: 1.8000E-03 converged?   no component    13
  RMS step  5.4465E-03 Target: 1.2000E-03 converged?   no
  Max grad  4.2925E-04 Target: 4.5000E-04 converged?  yes component   249
  RMS grad  1.0133E-04 Target: 3.0000E-04 converged?  yes
Next calculation will be the dimer endpoint before rotation
dl-find/turbomole/=============================== Tstep:  112.8 Ttot: 7778.9 ==
eandg
Spin: 
 Energy calculation finished, energy: -2.138688410E+03
Curvature at dimer midpoint                   -0.00286
Predicted dimer rotation angle:      4.024 deg
Next calculation will be the dimer endpoint after rotation
dl-find/turbomole/=============================== Tstep:   97.4 Ttot: 7876.3 ==
eandg
Spin: 
 Energy calculation finished, energy: -2.138688410E+03
Curvature at dimer midpoint after rotation    -0.00201
Curvature at dimer minimum                    -0.00287
Actual dimer rotation angle:         0.126 deg
Dimer rotation converged after    1 steps
Writing TS-mode
Curvature after dimer rotation:               -0.00287
Frequency of transition mode  -275.170 cm^-1 (negative value denotes imaginary frequency)
Crossover temperature for tunnelling       63.01071 K
Restarting L-BFGS optimiser, instance: dimer rotation
Next calculation will be the dimer  midpoint
dl-find/turbomole/=============================== Tstep:   63.0 Ttot: 7939.3 ==
eandg
Spin: 
 Energy calculation finished, energy: -2.138688415E+03
Testing convergence of dimer midpoint in cycle   28
    Energy  6.1170E-06 Target: 1.0000E-06 converged?   no
  Max step  3.7338E-03 Target: 1.8000E-03 converged?   no component    42
  RMS step  1.0038E-03 Target: 1.2000E-03 converged?  yes
  Max grad  1.8896E-04 Target: 4.5000E-04 converged?  yes component    21
  RMS grad  6.1243E-05 Target: 3.0000E-04 converged?  yes
Next calculation will be the dimer endpoint before rotation
dl-find/turbomole/=============================== Tstep:  105.7 Ttot: 8045.0 ==
eandg
Spin: 
 Energy calculation finished, energy: -2.138688416E+03
Curvature at dimer midpoint                   -0.00288
Predicted dimer rotation angle:      3.504 deg
Next calculation will be the dimer endpoint after rotation
dl-find/turbomole/=============================== Tstep:   99.6 Ttot: 8144.5 ==
eandg
Spin: 
 Energy calculation finished, energy: -2.138688416E+03
Curvature at dimer midpoint after rotation    -0.00204
Curvature at dimer minimum                    -0.00288
Actual dimer rotation angle:         0.085 deg
Dimer rotation converged after    1 steps
Writing TS-mode
Curvature after dimer rotation:               -0.00288
Frequency of transition mode  -275.986 cm^-1 (negative value denotes imaginary frequency)
Crossover temperature for tunnelling       63.19756 K
Restarting L-BFGS optimiser, instance: dimer rotation
Next calculation will be the dimer  midpoint
dl-find/turbomole/=============================== Tstep:   69.4 Ttot: 8213.9 ==
eandg
Spin: 
 Energy calculation finished, energy: -2.138688428E+03
Testing convergence of dimer midpoint in cycle   29
    Energy  1.2386E-05 Target: 1.0000E-06 converged?   no
  Max step  6.9023E-03 Target: 1.8000E-03 converged?   no component    21
  RMS step  1.6252E-03 Target: 1.2000E-03 converged?   no
  Max grad  2.7161E-04 Target: 4.5000E-04 converged?  yes component   249
  RMS grad  6.1436E-05 Target: 3.0000E-04 converged?  yes
Next calculation will be the dimer endpoint before rotation
dl-find/turbomole/=============================== Tstep:  108.6 Ttot: 8322.5 ==
eandg
Spin: 
 Energy calculation finished, energy: -2.138688428E+03
Curvature at dimer midpoint                   -0.00292
Predicted dimer rotation angle:      2.842 deg
Next calculation will be the dimer endpoint after rotation
dl-find/turbomole/=============================== Tstep:  100.3 Ttot: 8422.8 ==
eandg
Spin: 
 Energy calculation finished, energy: -2.138688428E+03
Curvature at dimer midpoint after rotation    -0.00244
Curvature at dimer minimum                    -0.00292
Actual dimer rotation angle:         0.081 deg
Dimer rotation converged after    1 steps
Writing TS-mode
Curvature after dimer rotation:               -0.00292
Frequency of transition mode  -277.710 cm^-1 (negative value denotes imaginary frequency)
Crossover temperature for tunnelling       63.59231 K
Restarting L-BFGS optimiser, instance: dimer rotation
Next calculation will be the dimer  midpoint
dl-find/turbomole/=============================== Tstep:   72.4 Ttot: 8495.2 ==
eandg
Spin: 
 Energy calculation finished, energy: -2.138688453E+03
Testing convergence of dimer midpoint in cycle   30
    Energy  2.5575E-05 Target: 1.0000E-06 converged?   no
  Max step  1.0895E-02 Target: 1.8000E-03 converged?   no component    13
  RMS step  3.2216E-03 Target: 1.2000E-03 converged?   no
  Max grad  6.0262E-04 Target: 4.5000E-04 converged?   no component    88
  RMS grad  8.7872E-05 Target: 3.0000E-04 converged?  yes
Next calculation will be the dimer endpoint before rotation
dl-find/turbomole/=============================== Tstep:  113.5 Ttot: 8608.7 ==
eandg
Spin: 
 Energy calculation finished, energy: -2.138688454E+03
Curvature at dimer midpoint                   -0.00295
Predicted dimer rotation angle:      2.557 deg
Next calculation will be the dimer endpoint after rotation
dl-find/turbomole/=============================== Tstep:  100.4 Ttot: 8709.1 ==
eandg
Spin: 
 Energy calculation finished, energy: -2.138688454E+03
Curvature at dimer midpoint after rotation    -0.00264
Curvature at dimer minimum                    -0.00295
Actual dimer rotation angle:         0.090 deg
Dimer rotation converged after    1 steps
Writing TS-mode
Curvature after dimer rotation:               -0.00295
Frequency of transition mode  -279.336 cm^-1 (negative value denotes imaginary frequency)
Crossover temperature for tunnelling       63.96461 K
Restarting L-BFGS optimiser, instance: dimer rotation
Next calculation will be the dimer  midpoint
dl-find/turbomole/=============================== Tstep:   63.3 Ttot: 8772.5 ==
eandg
Spin: 
 Energy calculation finished, energy: -2.138688459E+03
Testing convergence of dimer midpoint in cycle   31
    Energy  5.7580E-06 Target: 1.0000E-06 converged?   no
  Max step  1.1894E-02 Target: 1.8000E-03 converged?   no component    13
  RMS step  3.2814E-03 Target: 1.2000E-03 converged?   no
  Max grad  2.3961E-04 Target: 4.5000E-04 converged?  yes component    88
  RMS grad  6.0467E-05 Target: 3.0000E-04 converged?  yes
Next calculation will be the dimer endpoint before rotation
dl-find/turbomole/=============================== Tstep:  112.6 Ttot: 8885.0 ==
eandg
Spin: 
 Energy calculation finished, energy: -2.138688459E+03
Curvature at dimer midpoint                   -0.00299
Predicted dimer rotation angle:      3.015 deg
Next calculation will be the dimer endpoint after rotation
dl-find/turbomole/=============================== Tstep:   99.9 Ttot: 8985.0 ==
eandg
Spin: 
 Energy calculation finished, energy: -2.138688460E+03
Curvature at dimer midpoint after rotation    -0.00237
Curvature at dimer minimum                    -0.00299
Actual dimer rotation angle:         0.077 deg
Dimer rotation converged after    1 steps
Writing TS-mode
Curvature after dimer rotation:               -0.00299
Frequency of transition mode  -280.954 cm^-1 (negative value denotes imaginary frequency)
Crossover temperature for tunnelling       64.33516 K
Restarting L-BFGS optimiser, instance: dimer rotation
Next calculation will be the dimer  midpoint
dl-find/turbomole/=============================== Tstep:   76.5 Ttot: 9061.4 ==
eandg
Spin: 
 Energy calculation finished, energy: -2.138688467E+03
Testing convergence of dimer midpoint in cycle   32
    Energy  7.6420E-06 Target: 1.0000E-06 converged?   no
  Max step  1.9881E-02 Target: 1.8000E-03 converged?   no component    13
  RMS step  5.3870E-03 Target: 1.2000E-03 converged?   no
  Max grad  2.2429E-04 Target: 4.5000E-04 converged?  yes component   251
  RMS grad  5.1767E-05 Target: 3.0000E-04 converged?  yes
Next calculation will be the dimer endpoint before rotation
dl-find/turbomole/=============================== Tstep:  108.9 Ttot: 9170.3 ==
eandg
Spin: 
 Energy calculation finished, energy: -2.138688467E+03
Curvature at dimer midpoint                   -0.00303
Predicted dimer rotation angle:      2.962 deg
Next calculation will be the dimer endpoint after rotation
dl-find/turbomole/=============================== Tstep:  100.6 Ttot: 9271.0 ==
eandg
Spin: 
 Energy calculation finished, energy: -2.138688466E+03
Curvature at dimer midpoint after rotation    -0.00248
Curvature at dimer minimum                    -0.00303
Actual dimer rotation angle:         0.083 deg
Dimer rotation converged after    1 steps
Writing TS-mode
Curvature after dimer rotation:               -0.00303
Frequency of transition mode  -283.015 cm^-1 (negative value denotes imaginary frequency)
Crossover temperature for tunnelling       64.80722 K
Restarting L-BFGS optimiser, instance: dimer rotation
Next calculation will be the dimer  midpoint
dl-find/turbomole/=============================== Tstep:   72.3 Ttot: 9343.2 ==
eandg
Spin: 
 Energy calculation finished, energy: -2.138688466E+03
Testing convergence of dimer midpoint in cycle   33
    Energy  9.8800E-07 Target: 1.0000E-06 converged?  yes
  Max step  1.3848E-02 Target: 1.8000E-03 converged?   no component    13
  RMS step  3.8555E-03 Target: 1.2000E-03 converged?   no
  Max grad  5.9458E-04 Target: 4.5000E-04 converged?   no component    88
  RMS grad  8.9185E-05 Target: 3.0000E-04 converged?  yes
Next calculation will be the dimer endpoint before rotation
dl-find/turbomole/=============================== Tstep:  110.6 Ttot: 9453.8 ==
eandg
Spin: 
 Energy calculation finished, energy: -2.138688466E+03
Curvature at dimer midpoint                   -0.00308
Predicted dimer rotation angle:      2.654 deg
Next calculation will be the dimer endpoint after rotation
dl-find/turbomole/=============================== Tstep:  100.7 Ttot: 9554.5 ==
eandg
Spin: 
 Energy calculation finished, energy: -2.138688467E+03
Curvature at dimer midpoint after rotation    -0.00271
Curvature at dimer minimum                    -0.00308
Actual dimer rotation angle:         0.089 deg
Dimer rotation converged after    1 steps
Writing TS-mode
Curvature after dimer rotation:               -0.00308
Frequency of transition mode  -285.346 cm^-1 (negative value denotes imaginary frequency)
Crossover temperature for tunnelling       65.34089 K
Restarting L-BFGS optimiser, instance: dimer rotation
Next calculation will be the dimer  midpoint
dl-find/turbomole/=============================== Tstep:   75.9 Ttot: 9630.4 ==
eandg
Spin: 
 Energy calculation finished, energy: -2.138688481E+03
Testing convergence of dimer midpoint in cycle   34
    Energy  1.5007E-05 Target: 1.0000E-06 converged?   no
  Max step  3.2204E-03 Target: 1.8000E-03 converged?   no component    21
  RMS step  9.0671E-04 Target: 1.2000E-03 converged?  yes
  Max grad  2.8289E-04 Target: 4.5000E-04 converged?  yes component    88
  RMS grad  5.3691E-05 Target: 3.0000E-04 converged?  yes
Next calculation will be the dimer endpoint before rotation
dl-find/turbomole/=============================== Tstep:  102.0 Ttot: 9732.4 ==
eandg
Spin: 
 Energy calculation finished, energy: -2.138688481E+03
Curvature at dimer midpoint                   -0.00309
Predicted dimer rotation angle:      2.576 deg
Next calculation will be the dimer endpoint after rotation
dl-find/turbomole/=============================== Tstep:  101.5 Ttot: 9833.9 ==
eandg
Spin: 
 Energy calculation finished, energy: -2.138688481E+03
Curvature at dimer midpoint after rotation    -0.00267
Curvature at dimer minimum                    -0.00309
Actual dimer rotation angle:         0.073 deg
Dimer rotation converged after    1 steps
Writing TS-mode
Curvature after dimer rotation:               -0.00309
Frequency of transition mode  -285.826 cm^-1 (negative value denotes imaginary frequency)
Crossover temperature for tunnelling       65.45081 K
Restarting L-BFGS optimiser, instance: dimer rotation
Next calculation will be the dimer  midpoint
dl-find/turbomole/=============================== Tstep:   72.3 Ttot: 9906.2 ==
eandg
Spin: 
 Energy calculation finished, energy: -2.138688490E+03
Testing convergence of dimer midpoint in cycle   35
    Energy  8.9710E-06 Target: 1.0000E-06 converged?   no
  Max step  5.5046E-03 Target: 1.8000E-03 converged?   no component   188
  RMS step  1.1890E-03 Target: 1.2000E-03 converged?  yes
  Max grad  1.3784E-04 Target: 4.5000E-04 converged?  yes component    55
  RMS grad  4.3642E-05 Target: 3.0000E-04 converged?  yes
Next calculation will be the dimer endpoint before rotation
dl-find/turbomole/=============================== Tstep:  111.8 Ttot:10018.0 ==
eandg
Spin: 
 Energy calculation finished, energy: -2.138688488E+03
Curvature at dimer midpoint                   -0.00318
Predicted dimer rotation angle:      4.233 deg
Next calculation will be the dimer endpoint after rotation
dl-find/turbomole/=============================== Tstep:  103.2 Ttot:10121.2 ==
eandg
Spin: 
 Energy calculation finished, energy: -2.138688489E+03
Curvature at dimer midpoint after rotation    -0.00230
Curvature at dimer minimum                    -0.00318
Actual dimer rotation angle:         0.156 deg
Dimer rotation converged after    1 steps
Writing TS-mode
Curvature after dimer rotation:               -0.00318
Frequency of transition mode  -289.755 cm^-1 (negative value denotes imaginary frequency)
Crossover temperature for tunnelling       66.35057 K
Restarting L-BFGS optimiser, instance: dimer rotation
Next calculation will be the dimer  midpoint
dl-find/turbomole/=============================== Tstep:   78.4 Ttot:10199.6 ==
eandg
Spin: 
 Energy calculation finished, energy: -2.138688494E+03
Testing convergence of dimer midpoint in cycle   36
    Energy  4.5860E-06 Target: 1.0000E-06 converged?   no
  Max step  4.8008E-03 Target: 1.8000E-03 converged?   no component   188
  RMS step  1.3059E-03 Target: 1.2000E-03 converged?   no
  Max grad  2.3514E-04 Target: 4.5000E-04 converged?  yes component    88
  RMS grad  5.0330E-05 Target: 3.0000E-04 converged?  yes
Next calculation will be the dimer endpoint before rotation
dl-find/turbomole/=============================== Tstep:  103.9 Ttot:10303.5 ==
eandg
Spin: 
 Energy calculation finished, energy: -2.138688492E+03
Curvature at dimer midpoint                   -0.00314
Predicted dimer rotation angle:      6.691 deg
Next calculation will be the dimer endpoint after rotation
dl-find/turbomole/=============================== Tstep:   98.3 Ttot:10401.8 ==
eandg
Spin: 
 Energy calculation finished, energy: -2.138688491E+03
Curvature at dimer midpoint after rotation    -0.00050
Curvature at dimer minimum                    -0.00314
Actual dimer rotation angle:         0.206 deg
Dimer rotation converged after    1 steps
Writing TS-mode
Curvature after dimer rotation:               -0.00314
Frequency of transition mode  -288.189 cm^-1 (negative value denotes imaginary frequency)
Crossover temperature for tunnelling       65.99196 K
Restarting L-BFGS optimiser, instance: dimer rotation
Next calculation will be the dimer  midpoint
dl-find/turbomole/=============================== Tstep:   84.5 Ttot:10486.3 ==
eandg
Spin: 
 Energy calculation finished, energy: -2.138688494E+03
Testing convergence of dimer midpoint in cycle   37
    Energy  5.0600E-07 Target: 1.0000E-06 converged?  yes
  Max step  1.2445E-02 Target: 1.8000E-03 converged?   no component    13
  RMS step  3.6267E-03 Target: 1.2000E-03 converged?   no
  Max grad  5.5965E-04 Target: 4.5000E-04 converged?   no component   123
  RMS grad  8.6288E-05 Target: 3.0000E-04 converged?  yes
Next calculation will be the dimer endpoint before rotation
dl-find/turbomole/=============================== Tstep:  114.3 Ttot:10600.6 ==
eandg
Spin: 
 Energy calculation finished, energy: -2.138688494E+03
Curvature at dimer midpoint                   -0.00317
Predicted dimer rotation angle:      6.636 deg
Next calculation will be the dimer endpoint after rotation
dl-find/turbomole/=============================== Tstep:  100.7 Ttot:10701.3 ==
eandg
Spin: 
 Energy calculation finished, energy: -2.138688493E+03
Curvature at dimer midpoint after rotation     0.00142
Curvature at dimer minimum                    -0.00317
Actual dimer rotation angle:         0.120 deg
Dimer rotation converged after    1 steps
Writing TS-mode
Curvature after dimer rotation:               -0.00317
Frequency of transition mode  -289.420 cm^-1 (negative value denotes imaginary frequency)
Crossover temperature for tunnelling       66.27388 K
Restarting L-BFGS optimiser, instance: dimer rotation
Next calculation will be the dimer  midpoint
dl-find/turbomole/=============================== Tstep:   84.8 Ttot:10786.1 ==
eandg
Spin: 
 Energy calculation finished, energy: -2.138688495E+03
Testing convergence of dimer midpoint in cycle   38
    Energy  1.5200E-06 Target: 1.0000E-06 converged?   no
  Max step  1.5854E-02 Target: 1.8000E-03 converged?   no component    13
  RMS step  4.1826E-03 Target: 1.2000E-03 converged?   no
  Max grad  2.5083E-04 Target: 4.5000E-04 converged?  yes component    88
  RMS grad  5.9554E-05 Target: 3.0000E-04 converged?  yes
Next calculation will be the dimer endpoint before rotation
dl-find/turbomole/=============================== Tstep:  110.6 Ttot:10896.7 ==
eandg
Spin: 
 Energy calculation finished, energy: -2.138688495E+03
Curvature at dimer midpoint                   -0.00320
Predicted dimer rotation angle:      2.629 deg
Next calculation will be the dimer endpoint after rotation
dl-find/turbomole/=============================== Tstep:   98.6 Ttot:10995.3 ==
eandg
Spin: 
 Energy calculation finished, energy: -2.138688495E+03
Curvature at dimer midpoint after rotation    -0.00297
Curvature at dimer minimum                    -0.00320
Actual dimer rotation angle:         0.139 deg
Dimer rotation converged after    1 steps
Writing TS-mode
Curvature after dimer rotation:               -0.00320
Frequency of transition mode  -290.874 cm^-1 (negative value denotes imaginary frequency)
Crossover temperature for tunnelling       66.60678 K
Restarting L-BFGS optimiser, instance: dimer rotation
Next calculation will be the dimer  midpoint
dl-find/turbomole/=============================== Tstep:   75.6 Ttot:11070.9 ==
eandg
Spin: 
 Energy calculation finished, energy: -2.138688500E+03
Testing convergence of dimer midpoint in cycle   39
    Energy  4.2790E-06 Target: 1.0000E-06 converged?   no
  Max step  7.0447E-03 Target: 1.8000E-03 converged?   no component    13
  RMS step  1.7943E-03 Target: 1.2000E-03 converged?   no
  Max grad  1.3911E-04 Target: 4.5000E-04 converged?  yes component    21
  RMS grad  4.3837E-05 Target: 3.0000E-04 converged?  yes
Next calculation will be the dimer endpoint before rotation
dl-find/turbomole/=============================== Tstep:  109.7 Ttot:11180.5 ==
eandg
Spin: 
 Energy calculation finished, energy: -2.138688499E+03
Curvature at dimer midpoint                   -0.00322
Predicted dimer rotation angle:      3.058 deg
Next calculation will be the dimer endpoint after rotation
dl-find/turbomole/=============================== Tstep:  100.9 Ttot:11281.4 ==
eandg
Spin: 
 Energy calculation finished, energy: -2.138688500E+03
Curvature at dimer midpoint after rotation    -0.00241
Curvature at dimer minimum                    -0.00322
Actual dimer rotation angle:         0.067 deg
Dimer rotation converged after    1 steps
Writing TS-mode
Curvature after dimer rotation:               -0.00322
Frequency of transition mode  -291.500 cm^-1 (negative value denotes imaginary frequency)
Crossover temperature for tunnelling       66.75012 K
Restarting L-BFGS optimiser, instance: dimer rotation
Next calculation will be the dimer  midpoint
dl-find/turbomole/=============================== Tstep:   81.8 Ttot:11363.2 ==
eandg
Spin: 
 Energy calculation finished, energy: -2.138688503E+03
Testing convergence of dimer midpoint in cycle   40
    Energy  2.9260E-06 Target: 1.0000E-06 converged?   no
  Max step  1.5520E-02 Target: 1.8000E-03 converged?   no component    13
  RMS step  3.9466E-03 Target: 1.2000E-03 converged?   no
  Max grad  2.3485E-04 Target: 4.5000E-04 converged?  yes component    67
  RMS grad  5.9838E-05 Target: 3.0000E-04 converged?  yes
Next calculation will be the dimer endpoint before rotation
dl-find/turbomole/=============================== Tstep:  114.9 Ttot:11478.1 ==
eandg
Spin: 
 Energy calculation finished, energy: -2.138688503E+03
Curvature at dimer midpoint                   -0.00320
Predicted dimer rotation angle:      2.210 deg
Next calculation will be the dimer endpoint after rotation
dl-find/turbomole/=============================== Tstep:  101.3 Ttot:11579.4 ==
eandg
Spin: 
 Energy calculation finished, energy: -2.138688503E+03
Curvature at dimer midpoint after rotation    -0.00298
Curvature at dimer minimum                    -0.00320
Actual dimer rotation angle:         0.088 deg
Dimer rotation converged after    1 steps
Writing TS-mode
Curvature after dimer rotation:               -0.00320
Frequency of transition mode  -290.633 cm^-1 (negative value denotes imaginary frequency)
Crossover temperature for tunnelling       66.55150 K
Restarting L-BFGS optimiser, instance: dimer rotation
Next calculation will be the dimer  midpoint
dl-find/turbomole/=============================== Tstep:   72.3 Ttot:11651.7 ==
eandg
Spin: 
 Energy calculation finished, energy: -2.138688503E+03
Testing convergence of dimer midpoint in cycle   41
    Energy  6.0100E-07 Target: 1.0000E-06 converged?  yes
  Max step  1.4413E-02 Target: 1.8000E-03 converged?   no component    13
  RMS step  3.6062E-03 Target: 1.2000E-03 converged?   no
  Max grad  4.5214E-04 Target: 4.5000E-04 converged?   no component   215
  RMS grad  9.5892E-05 Target: 3.0000E-04 converged?  yes
Next calculation will be the dimer endpoint before rotation
dl-find/turbomole/=============================== Tstep:  115.3 Ttot:11766.9 ==
eandg
Spin: 
 Energy calculation finished, energy: -2.138688503E+03
Curvature at dimer midpoint                   -0.00317
Predicted dimer rotation angle:      2.482 deg
Next calculation will be the dimer endpoint after rotation
dl-find/turbomole/=============================== Tstep:   97.3 Ttot:11864.2 ==
eandg
Spin: 
 Energy calculation finished, energy: -2.138688503E+03
Curvature at dimer midpoint after rotation    -0.00274
Curvature at dimer minimum                    -0.00317
Actual dimer rotation angle:         0.065 deg
Dimer rotation converged after    1 steps
Writing TS-mode
Curvature after dimer rotation:               -0.00317
Frequency of transition mode  -289.513 cm^-1 (negative value denotes imaginary frequency)
Crossover temperature for tunnelling       66.29508 K
Restarting L-BFGS optimiser, instance: dimer rotation
Next calculation will be the dimer  midpoint
dl-find/turbomole/=============================== Tstep:   73.7 Ttot:11937.9 ==
eandg
Spin: 
 Energy calculation finished, energy: -2.138688507E+03
Testing convergence of dimer midpoint in cycle   42
    Energy  4.0500E-06 Target: 1.0000E-06 converged?   no
  Max step  5.0994E-03 Target: 1.8000E-03 converged?   no component    13
  RMS step  1.5170E-03 Target: 1.2000E-03 converged?   no
  Max grad  2.9129E-04 Target: 4.5000E-04 converged?  yes component    88
  RMS grad  6.5367E-05 Target: 3.0000E-04 converged?  yes
Next calculation will be the dimer endpoint before rotation
dl-find/turbomole/=============================== Tstep:  106.6 Ttot:12044.5 ==
eandg
Spin: 
 Energy calculation finished, energy: -2.138688507E+03
Curvature at dimer midpoint                   -0.00318
Predicted dimer rotation angle:      1.946 deg
Dimer rotation converged after    0 steps
Writing TS-mode
Curvature after dimer rotation:               -0.00318
Frequency of transition mode  -289.658 cm^-1 (negative value denotes imaginary frequency)
Crossover temperature for tunnelling       66.32837 K
Restarting L-BFGS optimiser, instance: dimer rotation
Next calculation will be the dimer  midpoint
dl-find/turbomole/=============================== Tstep:   97.0 Ttot:12141.5 ==
eandg
Spin: 
 Energy calculation finished, energy: -2.138688482E+03
Testing convergence of dimer midpoint in cycle   43
    Energy  2.4900E-05 Target: 1.0000E-06 converged?   no
  Max step  1.5485E-02 Target: 1.8000E-03 converged?   no component   188
  RMS step  4.6512E-03 Target: 1.2000E-03 converged?   no
  Max grad  1.5495E-04 Target: 4.5000E-04 converged?  yes component   215
  RMS grad  5.2282E-05 Target: 3.0000E-04 converged?  yes
Next calculation will be the dimer endpoint before rotation
dl-find/turbomole/=============================== Tstep:  110.3 Ttot:12251.7 ==
eandg
Spin: 
 Energy calculation finished, energy: -2.138688483E+03
Curvature at dimer midpoint                   -0.00318
Predicted dimer rotation angle:      2.449 deg
Next calculation will be the dimer endpoint after rotation
dl-find/turbomole/=============================== Tstep:   98.5 Ttot:12350.3 ==
eandg
Spin: 
 Energy calculation finished, energy: -2.138688483E+03
Curvature at dimer midpoint after rotation    -0.00275
Curvature at dimer minimum                    -0.00318
Actual dimer rotation angle:         0.063 deg
Dimer rotation converged after    1 steps
Writing TS-mode
Curvature after dimer rotation:               -0.00318
Frequency of transition mode  -289.872 cm^-1 (negative value denotes imaginary frequency)
Crossover temperature for tunnelling       66.37733 K
Restarting L-BFGS optimiser, instance: dimer rotation
Next calculation will be the dimer  midpoint
dl-find/turbomole/=============================== Tstep:   58.8 Ttot:12409.0 ==
eandg
Spin: 
 Energy calculation finished, energy: -2.138688487E+03
Testing convergence of dimer midpoint in cycle   44
    Energy  4.9090E-06 Target: 1.0000E-06 converged?   no
  Max step  1.0621E-02 Target: 1.8000E-03 converged?   no component    13
  RMS step  2.8633E-03 Target: 1.2000E-03 converged?   no
  Max grad  2.2746E-04 Target: 4.5000E-04 converged?  yes component   215
  RMS grad  5.6785E-05 Target: 3.0000E-04 converged?  yes
Next calculation will be the dimer endpoint before rotation
dl-find/turbomole/=============================== Tstep:  107.2 Ttot:12516.2 ==
eandg
Spin: 
 Energy calculation finished, energy: -2.138688488E+03
Curvature at dimer midpoint                   -0.00317
Predicted dimer rotation angle:      1.801 deg
Dimer rotation converged after    0 steps
Writing TS-mode
Curvature after dimer rotation:               -0.00317
Frequency of transition mode  -289.552 cm^-1 (negative value denotes imaginary frequency)
Crossover temperature for tunnelling       66.30411 K
Restarting L-BFGS optimiser, instance: dimer rotation
Next calculation will be the dimer  midpoint
dl-find/turbomole/=============================== Tstep:   98.8 Ttot:12615.0 ==
eandg
Spin: 
 Energy calculation finished, energy: -2.138688501E+03
Testing convergence of dimer midpoint in cycle   45
    Energy  1.3558E-05 Target: 1.0000E-06 converged?   no
  Max step  4.0340E-02 Target: 1.8000E-03 converged?   no component    13
  RMS step  1.0360E-02 Target: 1.2000E-03 converged?   no
  Max grad  1.1590E-03 Target: 4.5000E-04 converged?   no component    61
  RMS grad  1.7918E-04 Target: 3.0000E-04 converged?  yes
Next calculation will be the dimer endpoint before rotation
dl-find/turbomole/=============================== Tstep:  112.8 Ttot:12727.8 ==
eandg
Spin: 
 Energy calculation finished, energy: -2.138688500E+03
Curvature at dimer midpoint                   -0.00319
Predicted dimer rotation angle:      2.852 deg
Next calculation will be the dimer endpoint after rotation
dl-find/turbomole/=============================== Tstep:  103.0 Ttot:12830.8 ==
eandg
Spin: 
 Energy calculation finished, energy: -2.138688501E+03
Curvature at dimer midpoint after rotation    -0.00295
Curvature at dimer minimum                    -0.00319
Actual dimer rotation angle:         0.163 deg
Dimer rotation converged after    1 steps
Writing TS-mode
Curvature after dimer rotation:               -0.00319
Frequency of transition mode  -290.541 cm^-1 (negative value denotes imaginary frequency)
Crossover temperature for tunnelling       66.53049 K
Restarting L-BFGS optimiser, instance: dimer rotation
Next calculation will be the dimer  midpoint
dl-find/turbomole/=============================== Tstep:   68.3 Ttot:12899.0 ==
eandg
Spin: 
 Energy calculation finished, energy: -2.138688513E+03
Testing convergence of dimer midpoint in cycle   46
    Energy  1.2484E-05 Target: 1.0000E-06 converged?   no
  Max step  6.7556E-03 Target: 1.8000E-03 converged?   no component    13
  RMS step  1.7330E-03 Target: 1.2000E-03 converged?   no
  Max grad  1.8387E-04 Target: 4.5000E-04 converged?  yes component    19
  RMS grad  5.2420E-05 Target: 3.0000E-04 converged?  yes
Next calculation will be the dimer endpoint before rotation
dl-find/turbomole/=============================== Tstep:   76.3 Ttot:12975.4 ==
eandg
Spin: 
 Energy calculation finished, energy: -2.138688514E+03
Curvature at dimer midpoint                   -0.00281
Predicted dimer rotation angle:      6.169 deg
Next calculation will be the dimer endpoint after rotation
dl-find/turbomole/=============================== Tstep:   90.6 Ttot:13066.0 ==
eandg
Spin: 
 Energy calculation finished, energy: -2.138688513E+03
Curvature at dimer midpoint after rotation    -0.00072
Curvature at dimer minimum                    -0.00282
Actual dimer rotation angle:         0.183 deg
Dimer rotation converged after    1 steps
Writing TS-mode
Curvature after dimer rotation:               -0.00282
Frequency of transition mode  -272.781 cm^-1 (negative value denotes imaginary frequency)
Crossover temperature for tunnelling       62.46381 K
Restarting L-BFGS optimiser, instance: dimer rotation
Next calculation will be the dimer  midpoint
dl-find/turbomole/=============================== Tstep:   88.8 Ttot:13154.8 ==
eandg
Spin: 
 Energy calculation finished, energy: -2.138688517E+03
Testing convergence of dimer midpoint in cycle   47
    Energy  3.9340E-06 Target: 1.0000E-06 converged?   no
  Max step  2.2833E-03 Target: 1.8000E-03 converged?   no component    36
  RMS step  6.7288E-04 Target: 1.2000E-03 converged?  yes
  Max grad  1.3099E-04 Target: 4.5000E-04 converged?  yes component    19
  RMS grad  4.4996E-05 Target: 3.0000E-04 converged?  yes
Next calculation will be the dimer endpoint before rotation
dl-find/turbomole/=============================== Tstep:  105.3 Ttot:13260.1 ==
eandg
Spin: 
 Energy calculation finished, energy: -2.138688517E+03
Curvature at dimer midpoint                   -0.00314
Predicted dimer rotation angle:      4.778 deg
Next calculation will be the dimer endpoint after rotation
dl-find/turbomole/=============================== Tstep:  101.9 Ttot:13362.0 ==
eandg
Spin: 
 Energy calculation finished, energy: -2.138688517E+03
Curvature at dimer midpoint after rotation    -0.00101
Curvature at dimer minimum                    -0.00314
Actual dimer rotation angle:         0.095 deg
Dimer rotation converged after    1 steps
Writing TS-mode
Curvature after dimer rotation:               -0.00314
Frequency of transition mode  -287.961 cm^-1 (negative value denotes imaginary frequency)
Crossover temperature for tunnelling       65.93967 K
Restarting L-BFGS optimiser, instance: dimer rotation
Next calculation will be the dimer  midpoint
dl-find/turbomole/=============================== Tstep:   87.4 Ttot:13449.5 ==
eandg
Spin: 
 Energy calculation finished, energy: -2.138688522E+03
Testing convergence of dimer midpoint in cycle   48
    Energy  5.0930E-06 Target: 1.0000E-06 converged?   no
  Max step  1.4775E-02 Target: 1.8000E-03 converged?   no component    13
  RMS step  3.6537E-03 Target: 1.2000E-03 converged?   no
  Max grad  2.0089E-04 Target: 4.5000E-04 converged?  yes component   204
  RMS grad  5.6608E-05 Target: 3.0000E-04 converged?  yes
Next calculation will be the dimer endpoint before rotation
dl-find/turbomole/=============================== Tstep:  108.8 Ttot:13558.3 ==
eandg
Spin: 
 Energy calculation finished, energy: -2.138688523E+03
Curvature at dimer midpoint                   -0.00309
Predicted dimer rotation angle:      2.021 deg
Next calculation will be the dimer endpoint after rotation
dl-find/turbomole/=============================== Tstep:  102.6 Ttot:13660.9 ==
eandg
Spin: 
 Energy calculation finished, energy: -2.138688523E+03
Curvature at dimer midpoint after rotation    -0.00294
Curvature at dimer minimum                    -0.00309
Actual dimer rotation angle:         0.097 deg
Dimer rotation converged after    1 steps
Writing TS-mode
Curvature after dimer rotation:               -0.00309
Frequency of transition mode  -285.735 cm^-1 (negative value denotes imaginary frequency)
Crossover temperature for tunnelling       65.42992 K
Restarting L-BFGS optimiser, instance: dimer rotation
Next calculation will be the dimer  midpoint
dl-find/turbomole/=============================== Tstep:   73.1 Ttot:13734.1 ==
eandg
Spin: 
 Energy calculation finished, energy: -2.138688521E+03
Testing convergence of dimer midpoint in cycle   49
    Energy  9.4600E-07 Target: 1.0000E-06 converged?  yes
  Max step  1.8450E-02 Target: 1.8000E-03 converged?   no component   241
  RMS step  4.9259E-03 Target: 1.2000E-03 converged?   no
  Max grad  7.9725E-04 Target: 4.5000E-04 converged?   no component    61
  RMS grad  9.4784E-05 Target: 3.0000E-04 converged?  yes
Next calculation will be the dimer endpoint before rotation
dl-find/turbomole/=============================== Tstep:  109.6 Ttot:13843.6 ==
eandg
Spin: 
 Energy calculation finished, energy: -2.138688522E+03
Curvature at dimer midpoint                   -0.00304
Predicted dimer rotation angle:      2.604 deg
Next calculation will be the dimer endpoint after rotation
dl-find/turbomole/=============================== Tstep:  102.5 Ttot:13946.2 ==
eandg
Spin: 
 Energy calculation finished, energy: -2.138688522E+03
Curvature at dimer midpoint after rotation    -0.00260
Curvature at dimer minimum                    -0.00304
Actual dimer rotation angle:         0.070 deg
Dimer rotation converged after    1 steps
Writing TS-mode
Curvature after dimer rotation:               -0.00304
Frequency of transition mode  -283.276 cm^-1 (negative value denotes imaginary frequency)
Crossover temperature for tunnelling       64.86692 K
Restarting L-BFGS optimiser, instance: dimer rotation
Next calculation will be the dimer  midpoint
dl-find/turbomole/=============================== Tstep:   75.1 Ttot:14021.3 ==
eandg
Spin: 
 Energy calculation finished, energy: -2.138688522E+03
Testing convergence of dimer midpoint in cycle   50
    Energy  6.7100E-07 Target: 1.0000E-06 converged?  yes
  Max step  1.8257E-02 Target: 1.8000E-03 converged?   no component    13
  RMS step  4.7809E-03 Target: 1.2000E-03 converged?   no
  Max grad  1.2527E-04 Target: 4.5000E-04 converged?  yes component   190
  RMS grad  4.0296E-05 Target: 3.0000E-04 converged?  yes
Next calculation will be the dimer endpoint before rotation
dl-find/turbomole/=============================== Tstep:  108.8 Ttot:14130.1 ==
eandg
Spin: 
 Energy calculation finished, energy: -2.138688523E+03
Curvature at dimer midpoint                   -0.00303
Predicted dimer rotation angle:      2.176 deg
Next calculation will be the dimer endpoint after rotation
dl-find/turbomole/=============================== Tstep:  100.6 Ttot:14230.7 ==
eandg
Spin: 
 Energy calculation finished, energy: -2.138688523E+03
Curvature at dimer midpoint after rotation    -0.00272
Curvature at dimer minimum                    -0.00303
Actual dimer rotation angle:         0.057 deg
Dimer rotation converged after    1 steps
Writing TS-mode
Curvature after dimer rotation:               -0.00303
Frequency of transition mode  -283.126 cm^-1 (negative value denotes imaginary frequency)
Crossover temperature for tunnelling       64.83266 K
Restarting L-BFGS optimiser, instance: dimer rotation
Next calculation will be the dimer  midpoint
dl-find/turbomole/=============================== Tstep:   66.9 Ttot:14297.6 ==
eandg
Spin: 
 Energy calculation finished, energy: -2.138688523E+03
Testing convergence of dimer midpoint in cycle   51
    Energy  7.3000E-07 Target: 1.0000E-06 converged?  yes
  Max step  2.9156E-03 Target: 1.8000E-03 converged?   no component    15
  RMS step  8.0427E-04 Target: 1.2000E-03 converged?  yes
  Max grad  7.7740E-05 Target: 4.5000E-04 converged?  yes component    15
  RMS grad  2.9124E-05 Target: 3.0000E-04 converged?  yes
Next calculation will be the dimer endpoint before rotation
dl-find/turbomole/=============================== Tstep:  102.9 Ttot:14400.5 ==
eandg
Spin: 
 Energy calculation finished, energy: -2.138688524E+03
Curvature at dimer midpoint                   -0.00303
Predicted dimer rotation angle:      1.789 deg
Dimer rotation converged after    0 steps
Writing TS-mode
Curvature after dimer rotation:               -0.00303
Frequency of transition mode  -282.742 cm^-1 (negative value denotes imaginary frequency)
Crossover temperature for tunnelling       64.74469 K
Restarting L-BFGS optimiser, instance: dimer rotation
Next calculation will be the dimer  midpoint
dl-find/turbomole/=============================== Tstep:   99.9 Ttot:14500.4 ==
eandg
Spin: 
 Energy calculation finished, energy: -2.138688524E+03
Testing convergence of dimer midpoint in cycle   52
    Energy  1.3310E-06 Target: 1.0000E-06 converged?   no
  Max step  6.9789E-03 Target: 1.8000E-03 converged?   no component    15
  RMS step  1.7311E-03 Target: 1.2000E-03 converged?   no
  Max grad  1.2066E-04 Target: 4.5000E-04 converged?  yes component   204
  RMS grad  3.6399E-05 Target: 3.0000E-04 converged?  yes
Next calculation will be the dimer endpoint before rotation
dl-find/turbomole/=============================== Tstep:  106.6 Ttot:14606.9 ==
eandg
Spin: 
 Energy calculation finished, energy: -2.138688525E+03
Curvature at dimer midpoint                   -0.00301
Predicted dimer rotation angle:      2.105 deg
Next calculation will be the dimer endpoint after rotation
dl-find/turbomole/=============================== Tstep:  101.4 Ttot:14708.3 ==
eandg
Spin: 
 Energy calculation finished, energy: -2.138688525E+03
Curvature at dimer midpoint after rotation    -0.00273
Curvature at dimer minimum                    -0.00301
Actual dimer rotation angle:         0.059 deg
Dimer rotation converged after    1 steps
Writing TS-mode
Curvature after dimer rotation:               -0.00301
Frequency of transition mode  -281.803 cm^-1 (negative value denotes imaginary frequency)
Crossover temperature for tunnelling       64.52971 K
Restarting L-BFGS optimiser, instance: dimer rotation
Next calculation will be the dimer  midpoint
dl-find/turbomole/=============================== Tstep:   71.8 Ttot:14780.1 ==
eandg
Spin: 
 Energy calculation finished, energy: -2.138688523E+03
Testing convergence of dimer midpoint in cycle   53
    Energy  5.8100E-07 Target: 1.0000E-06 converged?  yes
  Max step  1.0701E-02 Target: 1.8000E-03 converged?   no component    15
  RMS step  2.7121E-03 Target: 1.2000E-03 converged?   no
  Max grad  7.8481E-04 Target: 4.5000E-04 converged?   no component   244
  RMS grad  8.1272E-05 Target: 3.0000E-04 converged?  yes
Next calculation will be the dimer endpoint before rotation
dl-find/turbomole/=============================== Tstep:  106.7 Ttot:14886.8 ==
eandg
Spin: 
 Energy calculation finished, energy: -2.138688524E+03
Curvature at dimer midpoint                   -0.00298
Predicted dimer rotation angle:      2.060 deg
Next calculation will be the dimer endpoint after rotation
dl-find/turbomole/=============================== Tstep:  101.7 Ttot:14988.5 ==
eandg
Spin: 
 Energy calculation finished, energy: -2.138688524E+03
Curvature at dimer midpoint after rotation    -0.00274
Curvature at dimer minimum                    -0.00298
Actual dimer rotation angle:         0.061 deg
Dimer rotation converged after    1 steps
Writing TS-mode
Curvature after dimer rotation:               -0.00298
Frequency of transition mode  -280.645 cm^-1 (negative value denotes imaginary frequency)
Crossover temperature for tunnelling       64.26445 K
Restarting L-BFGS optimiser, instance: dimer rotation
Next calculation will be the dimer  midpoint
dl-find/turbomole/=============================== Tstep:   68.0 Ttot:15056.6 ==
eandg
Spin: 
 Energy calculation finished, energy: -2.138688526E+03
Testing convergence of dimer midpoint in cycle   54
    Energy  2.8590E-06 Target: 1.0000E-06 converged?   no
  Max step  2.6704E-03 Target: 1.8000E-03 converged?   no component    13
  RMS step  7.3092E-04 Target: 1.2000E-03 converged?  yes
  Max grad  1.9943E-04 Target: 4.5000E-04 converged?  yes component   244
  RMS grad  3.7739E-05 Target: 3.0000E-04 converged?  yes
Next calculation will be the dimer endpoint before rotation
dl-find/turbomole/=============================== Tstep:   99.9 Ttot:15156.5 ==
eandg
Spin: 
 Energy calculation finished, energy: -2.138688527E+03
Curvature at dimer midpoint                   -0.00298
Predicted dimer rotation angle:      1.876 deg
Dimer rotation converged after    0 steps
Writing TS-mode
Curvature after dimer rotation:               -0.00298
Frequency of transition mode  -280.717 cm^-1 (negative value denotes imaginary frequency)
Crossover temperature for tunnelling       64.28096 K
Restarting L-BFGS optimiser, instance: dimer rotation
Next calculation will be the dimer  midpoint
dl-find/turbomole/=============================== Tstep:  101.8 Ttot:15258.3 ==
eandg
Spin: 
 Energy calculation finished, energy: -2.138688515E+03
Testing convergence of dimer midpoint in cycle   55
    Energy  1.1218E-05 Target: 1.0000E-06 converged?   no
  Max step  5.1856E-03 Target: 1.8000E-03 converged?   no component    13
  RMS step  1.3909E-03 Target: 1.2000E-03 converged?   no
  Max grad  1.7853E-04 Target: 4.5000E-04 converged?  yes component   244
  RMS grad  3.1564E-05 Target: 3.0000E-04 converged?  yes
Next calculation will be the dimer endpoint before rotation
dl-find/turbomole/=============================== Tstep:  108.9 Ttot:15367.2 ==
eandg
Spin: 
 Energy calculation finished, energy: -2.138688515E+03
Curvature at dimer midpoint                   -0.00298
Predicted dimer rotation angle:      2.010 deg
Next calculation will be the dimer endpoint after rotation
dl-find/turbomole/=============================== Tstep:  102.3 Ttot:15469.4 ==
eandg
Spin: 
 Energy calculation finished, energy: -2.138688515E+03
Curvature at dimer midpoint after rotation    -0.00274
Curvature at dimer minimum                    -0.00298
Actual dimer rotation angle:         0.058 deg
Dimer rotation converged after    1 steps
Writing TS-mode
Curvature after dimer rotation:               -0.00298
Frequency of transition mode  -280.649 cm^-1 (negative value denotes imaginary frequency)
Crossover temperature for tunnelling       64.26531 K
Restarting L-BFGS optimiser, instance: dimer rotation
Next calculation will be the dimer  midpoint
dl-find/turbomole/=============================== Tstep:   67.3 Ttot:15536.8 ==
eandg
Spin: 
 Energy calculation finished, energy: -2.138688515E+03
Testing convergence of dimer midpoint in cycle   56
    Energy  1.4000E-07 Target: 1.0000E-06 converged?  yes
  Max step  6.6937E-03 Target: 1.8000E-03 converged?   no component    13
  RMS step  1.7605E-03 Target: 1.2000E-03 converged?   no
  Max grad  2.7481E-04 Target: 4.5000E-04 converged?  yes component   244
  RMS grad  3.9400E-05 Target: 3.0000E-04 converged?  yes
Next calculation will be the dimer endpoint before rotation
dl-find/turbomole/=============================== Tstep:   96.2 Ttot:15633.0 ==
eandg
Spin: 
 Energy calculation finished, energy: -2.138688516E+03
Curvature at dimer midpoint                   -0.00297
Predicted dimer rotation angle:      1.779 deg
Dimer rotation converged after    0 steps
Writing TS-mode
Curvature after dimer rotation:               -0.00297
Frequency of transition mode  -280.001 cm^-1 (negative value denotes imaginary frequency)
Crossover temperature for tunnelling       64.11699 K
Restarting L-BFGS optimiser, instance: dimer rotation
Next calculation will be the dimer  midpoint
dl-find/turbomole/=============================== Tstep:  102.3 Ttot:15735.2 ==
eandg
Spin: 
 Energy calculation finished, energy: -2.138688517E+03
Testing convergence of dimer midpoint in cycle   57
    Energy  1.3190E-06 Target: 1.0000E-06 converged?   no
  Max step  1.2087E-02 Target: 1.8000E-03 converged?   no component    15
  RMS step  3.0182E-03 Target: 1.2000E-03 converged?   no
  Max grad  2.8215E-04 Target: 4.5000E-04 converged?  yes component   244
  RMS grad  4.7943E-05 Target: 3.0000E-04 converged?  yes
Next calculation will be the dimer endpoint before rotation
dl-find/turbomole/=============================== Tstep:   98.4 Ttot:15833.6 ==
eandg
Spin: 
 Energy calculation finished, energy: -2.138688517E+03
Curvature at dimer midpoint                   -0.00296
Predicted dimer rotation angle:      1.891 deg
Dimer rotation converged after    0 steps
Writing TS-mode
Curvature after dimer rotation:               -0.00296
Frequency of transition mode  -279.504 cm^-1 (negative value denotes imaginary frequency)
Crossover temperature for tunnelling       64.00308 K
Restarting L-BFGS optimiser, instance: dimer rotation
Next calculation will be the dimer  midpoint
dl-find/turbomole/=============================== Tstep:  101.2 Ttot:15934.8 ==
eandg
Spin: 
 Energy calculation finished, energy: -2.138688489E+03
Testing convergence of dimer midpoint in cycle   58
    Energy  2.7703E-05 Target: 1.0000E-06 converged?   no
  Max step  3.0150E-02 Target: 1.8000E-03 converged?   no component    15
  RMS step  7.2851E-03 Target: 1.2000E-03 converged?   no
  Max grad  1.9161E-03 Target: 4.5000E-04 converged?   no component    80
  RMS grad  1.6849E-04 Target: 3.0000E-04 converged?  yes
Next calculation will be the dimer endpoint before rotation
dl-find/turbomole/=============================== Tstep:  115.3 Ttot:16050.0 ==
eandg
Spin: 
 Energy calculation finished, energy: -2.138688490E+03
Curvature at dimer midpoint                   -0.00296
Predicted dimer rotation angle:      2.639 deg
Next calculation will be the dimer endpoint after rotation
dl-find/turbomole/=============================== Tstep:  101.7 Ttot:16151.8 ==
eandg
Spin: 
 Energy calculation finished, energy: -2.138688490E+03
Curvature at dimer midpoint after rotation    -0.00236
Curvature at dimer minimum                    -0.00296
Actual dimer rotation angle:         0.053 deg
Dimer rotation converged after    1 steps
Writing TS-mode
Curvature after dimer rotation:               -0.00296
Frequency of transition mode  -279.620 cm^-1 (negative value denotes imaginary frequency)
Crossover temperature for tunnelling       64.02975 K
Restarting L-BFGS optimiser, instance: dimer rotation
Next calculation will be the dimer  midpoint
dl-find/turbomole/=============================== Tstep:   71.5 Ttot:16223.2 ==
eandg
Spin: 
 Energy calculation finished, energy: -2.138688518E+03
Testing convergence of dimer midpoint in cycle   59
    Energy  2.9406E-05 Target: 1.0000E-06 converged?   no
  Max step  7.1990E-03 Target: 1.8000E-03 converged?   no component    15
  RMS step  1.8977E-03 Target: 1.2000E-03 converged?   no
  Max grad  1.6604E-04 Target: 4.5000E-04 converged?  yes component    80
  RMS grad  3.8483E-05 Target: 3.0000E-04 converged?  yes
Next calculation will be the dimer endpoint before rotation
dl-find/turbomole/=============================== Tstep:  110.6 Ttot:16333.8 ==
eandg
Spin: 
 Energy calculation finished, energy: -2.138688519E+03
Curvature at dimer midpoint                   -0.00296
Predicted dimer rotation angle:      1.474 deg
Dimer rotation converged after    0 steps
Writing TS-mode
Curvature after dimer rotation:               -0.00296
Frequency of transition mode  -279.896 cm^-1 (negative value denotes imaginary frequency)
Crossover temperature for tunnelling       64.09298 K
Restarting L-BFGS optimiser, instance: dimer rotation
Next calculation will be the dimer  midpoint
dl-find/turbomole/=============================== Tstep:  100.9 Ttot:16434.7 ==
eandg
Spin: 
 Energy calculation finished, energy: -2.138688516E+03
Testing convergence of dimer midpoint in cycle   60
    Energy  1.9580E-06 Target: 1.0000E-06 converged?   no
  Max step  1.6742E-03 Target: 1.8000E-03 converged?  yes component     9
  RMS step  4.4948E-04 Target: 1.2000E-03 converged?  yes
  Max grad  9.8518E-05 Target: 4.5000E-04 converged?  yes component   232
  RMS grad  3.1635E-05 Target: 3.0000E-04 converged?  yes
Next calculation will be the dimer endpoint before rotation
dl-find/turbomole/=============================== Tstep:  104.0 Ttot:16538.8 ==
eandg
Spin: 
 Energy calculation finished, energy: -2.138688519E+03
Curvature at dimer midpoint                   -0.00293
Predicted dimer rotation angle:      2.739 deg
Next calculation will be the dimer endpoint after rotation
dl-find/turbomole/=============================== Tstep:   98.6 Ttot:16637.3 ==
eandg
Spin: 
 Energy calculation finished, energy: -2.138688519E+03
Curvature at dimer midpoint after rotation    -0.00261
Curvature at dimer minimum                    -0.00294
Actual dimer rotation angle:         0.105 deg
Dimer rotation converged after    1 steps
Writing TS-mode
Curvature after dimer rotation:               -0.00294
Frequency of transition mode  -278.511 cm^-1 (negative value denotes imaginary frequency)
Crossover temperature for tunnelling       63.77591 K
Restarting L-BFGS optimiser, instance: dimer rotation
Next calculation will be the dimer  midpoint
dl-find/turbomole/=============================== Tstep:   73.1 Ttot:16710.4 ==
eandg
Spin: 
 Energy calculation finished, energy: -2.138688517E+03
Testing convergence of dimer midpoint in cycle   61
    Energy  7.2700E-07 Target: 1.0000E-06 converged?  yes
  Max step  9.5390E-03 Target: 1.8000E-03 converged?   no component    15
  RMS step  2.1493E-03 Target: 1.2000E-03 converged?   no
  Max grad  2.2296E-04 Target: 4.5000E-04 converged?  yes component    80
  RMS grad  4.3989E-05 Target: 3.0000E-04 converged?  yes
Next calculation will be the dimer endpoint before rotation
dl-find/turbomole/=============================== Tstep:  107.4 Ttot:16817.8 ==
eandg
Spin: 
 Energy calculation finished, energy: -2.138688518E+03
Curvature at dimer midpoint                   -0.00297
Predicted dimer rotation angle:      2.521 deg
Next calculation will be the dimer endpoint after rotation
dl-find/turbomole/=============================== Tstep:  102.3 Ttot:16920.1 ==
eandg
Spin: 
 Energy calculation finished, energy: -2.138688518E+03
Curvature at dimer midpoint after rotation    -0.00253
Curvature at dimer minimum                    -0.00297
Actual dimer rotation angle:         0.063 deg
Dimer rotation converged after    1 steps
Writing TS-mode
Curvature after dimer rotation:               -0.00297
Frequency of transition mode  -280.029 cm^-1 (negative value denotes imaginary frequency)
Crossover temperature for tunnelling       64.12333 K
Restarting L-BFGS optimiser, instance: dimer rotation
Next calculation will be the dimer  midpoint
dl-find/turbomole/=============================== Tstep:   74.3 Ttot:16994.4 ==
eandg
Spin: 
 Energy calculation finished, energy: -2.138688518E+03
Testing convergence of dimer midpoint in cycle   62
    Energy  6.8700E-07 Target: 1.0000E-06 converged?  yes
  Max step  1.7502E-02 Target: 1.8000E-03 converged?   no component    15
  RMS step  3.8469E-03 Target: 1.2000E-03 converged?   no
  Max grad  2.8680E-04 Target: 4.5000E-04 converged?  yes component    80
  RMS grad  5.0167E-05 Target: 3.0000E-04 converged?  yes
Next calculation will be the dimer endpoint before rotation
dl-find/turbomole/=============================== Tstep:  112.7 Ttot:17107.2 ==
eandg
Spin: 
 Energy calculation finished, energy: -2.138688519E+03
Curvature at dimer midpoint                   -0.00298
Predicted dimer rotation angle:      1.609 deg
Dimer rotation converged after    0 steps
Writing TS-mode
Curvature after dimer rotation:               -0.00298
Frequency of transition mode  -280.426 cm^-1 (negative value denotes imaginary frequency)
Crossover temperature for tunnelling       64.21439 K
Restarting L-BFGS optimiser, instance: dimer rotation
Next calculation will be the dimer  midpoint
dl-find/turbomole/=============================== Tstep:  102.8 Ttot:17210.0 ==
eandg
Spin: 
 Energy calculation finished, energy: -2.138688495E+03
Testing convergence of dimer midpoint in cycle   63
    Energy  2.2383E-05 Target: 1.0000E-06 converged?   no
  Max step  4.6847E-02 Target: 1.8000E-03 converged?   no component    15
  RMS step  1.0441E-02 Target: 1.2000E-03 converged?   no
  Max grad  1.7853E-03 Target: 4.5000E-04 converged?   no component   213
  RMS grad  2.4801E-04 Target: 3.0000E-04 converged?  yes
Next calculation will be the dimer endpoint before rotation
dl-find/turbomole/=============================== Tstep:  115.9 Ttot:17325.9 ==
eandg
Spin: 
 Energy calculation finished, energy: -2.138688495E+03
Curvature at dimer midpoint                   -0.00303
Predicted dimer rotation angle:      3.822 deg
Next calculation will be the dimer endpoint after rotation
dl-find/turbomole/=============================== Tstep:  100.6 Ttot:17426.5 ==
eandg
Spin: 
 Energy calculation finished, energy: -2.138688495E+03
Curvature at dimer midpoint after rotation    -0.00245
Curvature at dimer minimum                    -0.00303
Actual dimer rotation angle:         0.163 deg
Dimer rotation converged after    1 steps
Writing TS-mode
Curvature after dimer rotation:               -0.00303
Frequency of transition mode  -282.982 cm^-1 (negative value denotes imaginary frequency)
Crossover temperature for tunnelling       64.79960 K
Restarting L-BFGS optimiser, instance: dimer rotation
Next calculation will be the dimer  midpoint
dl-find/turbomole/=============================== Tstep:   79.9 Ttot:17506.3 ==
eandg
Spin: 
 Energy calculation finished, energy: -2.138688513E+03
Testing convergence of dimer midpoint in cycle   64
    Energy  1.7884E-05 Target: 1.0000E-06 converged?   no
  Max step  1.0378E-02 Target: 1.8000E-03 converged?   no component    15
  RMS step  2.3761E-03 Target: 1.2000E-03 converged?   no
  Max grad  1.4896E-04 Target: 4.5000E-04 converged?  yes component   213
  RMS grad  3.8520E-05 Target: 3.0000E-04 converged?  yes
Next calculation will be the dimer endpoint before rotation
dl-find/turbomole/=============================== Tstep:  100.7 Ttot:17607.0 ==
eandg
Spin: 
 Energy calculation finished, energy: -2.138688514E+03
Curvature at dimer midpoint                   -0.00296
Predicted dimer rotation angle:      3.689 deg
Next calculation will be the dimer endpoint after rotation
dl-find/turbomole/=============================== Tstep:  102.1 Ttot:17709.1 ==
eandg
Spin: 
 Energy calculation finished, energy: -2.138688514E+03
Curvature at dimer midpoint after rotation    -0.00182
Curvature at dimer minimum                    -0.00296
Actual dimer rotation angle:         0.076 deg
Dimer rotation converged after    1 steps
Writing TS-mode
Curvature after dimer rotation:               -0.00296
Frequency of transition mode  -279.598 cm^-1 (negative value denotes imaginary frequency)
Crossover temperature for tunnelling       64.02461 K
Restarting L-BFGS optimiser, instance: dimer rotation
Next calculation will be the dimer  midpoint
dl-find/turbomole/=============================== Tstep:   73.9 Ttot:17783.0 ==
eandg
Spin: 
 Energy calculation finished, energy: -2.138688515E+03
Testing convergence of dimer midpoint in cycle   65
    Energy  1.8450E-06 Target: 1.0000E-06 converged?   no
  Max step  2.3066E-03 Target: 1.8000E-03 converged?   no component    13
  RMS step  6.3067E-04 Target: 1.2000E-03 converged?  yes
  Max grad  1.0388E-04 Target: 4.5000E-04 converged?  yes component     7
  RMS grad  2.9058E-05 Target: 3.0000E-04 converged?  yes
Next calculation will be the dimer endpoint before rotation
dl-find/turbomole/=============================== Tstep:   86.0 Ttot:17869.0 ==
eandg
Spin: 
 Energy calculation finished, energy: -2.138688516E+03
Curvature at dimer midpoint                   -0.00291
Predicted dimer rotation angle:      2.290 deg
Next calculation will be the dimer endpoint after rotation
dl-find/turbomole/=============================== Tstep:  102.4 Ttot:17971.4 ==
eandg
Spin: 
 Energy calculation finished, energy: -2.138688516E+03
Curvature at dimer midpoint after rotation    -0.00266
Curvature at dimer minimum                    -0.00291
Actual dimer rotation angle:         0.077 deg
Dimer rotation converged after    1 steps
Writing TS-mode
Curvature after dimer rotation:               -0.00291
Frequency of transition mode  -277.508 cm^-1 (negative value denotes imaginary frequency)
Crossover temperature for tunnelling       63.54612 K
Restarting L-BFGS optimiser, instance: dimer rotation
Next calculation will be the dimer  midpoint
dl-find/turbomole/=============================== Tstep:   72.8 Ttot:18044.2 ==
eandg
Spin: 
 Energy calculation finished, energy: -2.138688503E+03
Testing convergence of dimer midpoint in cycle   66
    Energy  1.1778E-05 Target: 1.0000E-06 converged?   no
  Max step  1.2143E-02 Target: 1.8000E-03 converged?   no component    15
  RMS step  3.0175E-03 Target: 1.2000E-03 converged?   no
  Max grad  2.0143E-04 Target: 4.5000E-04 converged?  yes component   244
  RMS grad  3.6885E-05 Target: 3.0000E-04 converged?  yes
Next calculation will be the dimer endpoint before rotation
dl-find/turbomole/=============================== Tstep:  113.0 Ttot:18157.2 ==
eandg
Spin: 
 Energy calculation finished, energy: -2.138688504E+03
Curvature at dimer midpoint                   -0.00301
Predicted dimer rotation angle:      1.456 deg
Dimer rotation converged after    0 steps
Writing TS-mode
Curvature after dimer rotation:               -0.00301
Frequency of transition mode  -281.987 cm^-1 (negative value denotes imaginary frequency)
Crossover temperature for tunnelling       64.57182 K
Restarting L-BFGS optimiser, instance: dimer rotation
Next calculation will be the dimer  midpoint
dl-find/turbomole/=============================== Tstep:  103.4 Ttot:18260.6 ==
eandg
Spin: 
 Energy calculation finished, energy: -2.138688501E+03
Testing convergence of dimer midpoint in cycle   67
    Energy  2.6370E-06 Target: 1.0000E-06 converged?   no
  Max step  1.1973E-02 Target: 1.8000E-03 converged?   no component    15
  RMS step  2.9499E-03 Target: 1.2000E-03 converged?   no
  Max grad  2.1285E-04 Target: 4.5000E-04 converged?  yes component    64
  RMS grad  4.5542E-05 Target: 3.0000E-04 converged?  yes
Next calculation will be the dimer endpoint before rotation
dl-find/turbomole/=============================== Tstep:  111.9 Ttot:18372.5 ==
eandg
Spin: 
 Energy calculation finished, energy: -2.138688499E+03
Curvature at dimer midpoint                   -0.00300
Predicted dimer rotation angle:      3.822 deg
Next calculation will be the dimer endpoint after rotation
dl-find/turbomole/=============================== Tstep:   97.4 Ttot:18469.9 ==
eandg
Spin: 
 Energy calculation finished, energy: -2.138688499E+03
Curvature at dimer midpoint after rotation    -0.00182
Curvature at dimer minimum                    -0.00300
Actual dimer rotation angle:         0.083 deg
Dimer rotation converged after    1 steps
Writing TS-mode
Curvature after dimer rotation:               -0.00300
Frequency of transition mode  -281.665 cm^-1 (negative value denotes imaginary frequency)
Crossover temperature for tunnelling       64.49813 K
Restarting L-BFGS optimiser, instance: dimer rotation
Next calculation will be the dimer  midpoint
dl-find/turbomole/=============================== Tstep:   84.2 Ttot:18554.2 ==
eandg
Spin: 
 Energy calculation finished, energy: -2.138688445E+03
Testing convergence of dimer midpoint in cycle   68
    Energy  5.6136E-05 Target: 1.0000E-06 converged?   no
  Max step  3.1103E-02 Target: 1.8000E-03 converged?   no component    15
  RMS step  7.5836E-03 Target: 1.2000E-03 converged?   no
  Max grad  8.9381E-04 Target: 4.5000E-04 converged?   no component    64
  RMS grad  1.1504E-04 Target: 3.0000E-04 converged?  yes
Next calculation will be the dimer endpoint before rotation
dl-find/turbomole/=============================== Tstep:  116.3 Ttot:18670.4 ==
eandg
Spin: 
 Energy calculation finished, energy: -2.138688443E+03
Curvature at dimer midpoint                   -0.00304
Predicted dimer rotation angle:      2.523 deg
Next calculation will be the dimer endpoint after rotation
dl-find/turbomole/=============================== Tstep:   98.4 Ttot:18768.8 ==
eandg
Spin: 
 Energy calculation finished, energy: -2.138688443E+03
Curvature at dimer midpoint after rotation    -0.00259
Curvature at dimer minimum                    -0.00304
Actual dimer rotation angle:         0.064 deg
Dimer rotation converged after    1 steps
Writing TS-mode
Curvature after dimer rotation:               -0.00304
Frequency of transition mode  -283.282 cm^-1 (negative value denotes imaginary frequency)
Crossover temperature for tunnelling       64.86820 K
Restarting L-BFGS optimiser, instance: dimer rotation
Next calculation will be the dimer  midpoint
dl-find/turbomole/=============================== Tstep:   74.4 Ttot:18843.2 ==
eandg
Spin: 
 Energy calculation finished, energy: -2.138688454E+03
Testing convergence of dimer midpoint in cycle   69
    Energy  9.7300E-06 Target: 1.0000E-06 converged?   no
  Max step  7.1976E-03 Target: 1.8000E-03 converged?   no component    13
  RMS step  1.8559E-03 Target: 1.2000E-03 converged?   no
  Max grad  8.7456E-05 Target: 4.5000E-04 converged?  yes component   250
  RMS grad  2.9238E-05 Target: 3.0000E-04 converged?  yes
Next calculation will be the dimer endpoint before rotation
dl-find/turbomole/=============================== Tstep:  112.3 Ttot:18955.5 ==
eandg
Spin: 
 Energy calculation finished, energy: -2.138688455E+03
Curvature at dimer midpoint                   -0.00305
Predicted dimer rotation angle:      2.993 deg
Next calculation will be the dimer endpoint after rotation
dl-find/turbomole/=============================== Tstep:  102.7 Ttot:19058.2 ==
eandg
Spin: 
 Energy calculation finished, energy: -2.138688455E+03
Curvature at dimer midpoint after rotation    -0.00233
Curvature at dimer minimum                    -0.00305
Actual dimer rotation angle:         0.066 deg
Dimer rotation converged after    1 steps
Writing TS-mode
Curvature after dimer rotation:               -0.00305
Frequency of transition mode  -284.005 cm^-1 (negative value denotes imaginary frequency)
Crossover temperature for tunnelling       65.03382 K
Restarting L-BFGS optimiser, instance: dimer rotation
Next calculation will be the dimer  midpoint
dl-find/turbomole/=============================== Tstep:   65.2 Ttot:19123.5 ==
eandg
Spin: 
 Energy calculation finished, energy: -2.138688455E+03
Testing convergence of dimer midpoint in cycle   70
    Energy  9.1500E-07 Target: 1.0000E-06 converged?  yes
  Max step  9.6078E-04 Target: 1.8000E-03 converged?  yes component   189
  RMS step  3.2833E-04 Target: 1.2000E-03 converged?  yes
  Max grad  8.1177E-05 Target: 4.5000E-04 converged?  yes component   244
  RMS grad  2.6695E-05 Target: 3.0000E-04 converged?  yes
Convergence reached
Writing TS-mode
Testing convergence of dimer midpoint in cycle   70
    Energy  0.0000E+00 Target: 1.0000E-06 converged?  yes
  Max step  9.6078E-04 Target: 1.8000E-03 converged?  yes component   189
  RMS step  3.2833E-04 Target: 1.2000E-03 converged?  yes
  Max grad  8.1177E-05 Target: 4.5000E-04 converged?  yes component   244
  RMS grad  2.6695E-05 Target: 3.0000E-04 converged?  yes
Convergence reached

 Optimisation converged
 ----------------------
 Final converged energy:   -2138.688455169000


DL-FIND Report:
===============
Optimisation algorithm: L-BFGS
Number of steps in L-BFGS memory ...............         50
 
Step length: simple scaled
Maximum step length ............................  4.000E-01
Scaling step by ................................  1.000E+00
 
Coordinate system: Mass-weighted Cartesian coordinates
Dimer method, rotation by line search with extrapolation
Dimer distance (mid- to endpoint) ..............  1.000E-02
Maximum number of dimer rotations ..............         40
Tolerance in rotation ..........................  2.000E+00 degrees
 
Number of atoms ................................         85
Number of input geometries .....................          2
Variables to be optimised ......................        510
No restart information is written
This run has not been restarted.
Number of energy evaluations on this processor .        199
Number of steps ................................         70
Number of accepted steps / line searches .......         70
 

Timing report
=============
Module                                      CPU time            Wall clock time
Total .................................    48.827 (100.00%) 19226.408 (100.00%) seconds
Energy and Gradient ...................    48.677 ( 99.69%) 19225.983 (100.00%) seconds
Step direction ........................     0.022 (  0.05%)     0.027 (  0.00%) seconds
Coordinate transformation .............     0.048 (  0.10%)     0.183 (  0.00%) seconds
Checkpoint file I/O ...................     0.000 (  0.00%)     0.000 (  0.00%) seconds
XYZ-file I/O ..........................     0.000 (  0.00%)     0.000 (  0.00%) seconds
exit 0
write_xyz/======================================= Tstep:  103.4 Ttot:19226.9 ==
dl-find/========================================= Tstep:    0.0 Ttot:19226.9 ==
dl-find/copy_object/============================= Tstep:    0.0 Ttot:19226.9 ==
dl-find/get_number_of_atoms/===================== Tstep:    0.0 Ttot:19226.9 ==
dl-find/set_matrix_size/========================= Tstep:    0.0 Ttot:19226.9 ==
dl-find/set_matrix_size/========================= Tstep:    0.0 Ttot:19226.9 ==
Using 2018 CODATA recommended values

***********************************************************************
**                                                                   **
**                       ---------------------                       **
**                              DL-FIND                              **
**                       Geometry Optimisation                       **
**                       ---------------------                       **
**                                                                   **
**                 J. Kaestner, J.M. Carr, T.W. Keal,                **
**                W. Thiel, A. Wander and P. Sherwood                **
**                                                                   **
**              J. Phys. Chem. A, 2009, 113 (43), 11856.             **
**                                                                   **
**   Please include this reference in published work using DL-FIND.  **
**                                                                   **
**               Copyright:  STFC Daresbury Laboratory               **
**                  and the University of Stuttgart                  **
**                           Revision:  341 $                        **
**                                                                   **
***********************************************************************

Atom      1  free
Atom      2  free
Atom      3  free
Atom      4  free
Atom      5  free
Atom      6  free
Atom      7  free
Atom      8  free
Atom      9  free
Atom     10  free
Atom     11  free
Atom     12  free
Atom     13  free
Atom     14  free
Atom     15  free
Atom     16  free
Atom     17  free
Atom     18  free
Atom     19  free
Atom     20  free
Atom     21  free
Atom     22  free
Atom     23  free
Atom     24  free
Atom     25  free
Atom     26  free
Atom     27  free
Atom     28  free
Atom     29  free
Atom     30  free
Atom     31  free
Atom     32  free
Atom     33  free
Atom     34  free
Atom     35  free
Atom     36  free
Atom     37  free
Atom     38  free
Atom     39  free
Atom     40  free
Atom     41  free
Atom     42  free
Atom     43  free
Atom     44  free
Atom     45  free
Atom     46  free
Atom     47  free
Atom     48  free
Atom     49  free
Atom     50  free
Atom     51  free
Atom     52  free
Atom     53  free
Atom     54  free
Atom     55  free
Atom     56  free
Atom     57  free
Atom     58  free
Atom     59  free
Atom     60  free
Atom     61  free
Atom     62  free
Atom     63  free
Atom     64  free
Atom     65  free
Atom     66  free
Atom     67  free
Atom     68  free
Atom     69  free
Atom     70  free
Atom     71  free
Atom     72  free
Atom     73  free
Atom     74  free
Atom     75  free
Atom     76  free
Atom     77  free
Atom     78  free
Atom     79  free
Atom     80  free
Atom     81  free
Atom     82  free
Atom     83  free
Atom     84  free
Atom     85  free

DL-FIND Report:
===============
Optimisation algorithm: no optimisation, just calculate the
    Hessian and thermal corrections
Modes assumed to have zero vibrational frequency          6
Temperature ....................................  2.981E+02 K
Minimum wave number ............................  1.000E+02 cm^-1
Finite difference for Hessian calculation ......  1.000E-02
 
Step length: simple scaled
Maximum step length ............................  5.000E-01
Scaling step by ................................  1.000E+00
 
Coordinate system: Mass-weighted Cartesian coordinates
 
Number of atoms ................................         85
Number of input geometries .....................          1
Variables to be optimised ......................        255
No restart information is written
This run has not been restarted.
Maximum number of steps ........................        100
Maximum number of energy evaluations ...........     100000
 
dl-find/turbomole/=============================== Tstep:    0.0 Ttot:19226.9 ==
eandg
Spin: 
 Energy calculation finished, energy: -2.138688455E+03
dl-find/turbomole/=============================== Tstep:   47.8 Ttot:19274.7 ==
hessian
Analytic hessian calculated

Hessian eigenvalues:
 -0.00309 -0.00000 -0.00000 -0.00000 -0.00000 -0.00000  0.00000  0.00000  0.00002  0.00004  0.00004  0.00006
  0.00008  0.00010  0.00011  0.00013  0.00014  0.00016  0.00017  0.00018  0.00023  0.00024  0.00033  0.00039
  0.00041  0.00057  0.00061  0.00071  0.00080  0.00087  0.00091  0.00093  0.00098  0.00111  0.00125  0.00144
  0.00160  0.00162  0.00200  0.00212  0.00227  0.00233  0.00239  0.00263  0.00275  0.00325  0.00360  0.00407
  0.00451  0.00457  0.00483  0.00509  0.00560  0.00592  0.00613  0.00644  0.00682  0.00690  0.00730  0.00732
  0.00764  0.00783  0.00848  0.00924  0.01002  0.01083  0.01094  0.01113  0.01146  0.01170  0.01175  0.01233
  0.01391  0.01405  0.01450  0.01461  0.01493  0.01553  0.01602  0.01627  0.01769  0.01793  0.01817  0.01857
  0.01922  0.01925  0.01985  0.02001  0.02059  0.02074  0.02174  0.02190  0.02272  0.02288  0.02292  0.02320
  0.02372  0.02452  0.02454  0.02488  0.02505  0.02545  0.02604  0.02751  0.02757  0.02787  0.02856  0.02878
  0.02886  0.02941  0.03031  0.03102  0.03130  0.03144  0.03216  0.03365  0.03497  0.03551  0.03611  0.03785
  0.03815  0.03838  0.03863  0.03916  0.03924  0.03933  0.03968  0.03986  0.04014  0.04027  0.04057  0.04100
  0.04164  0.04187  0.04214  0.04225  0.04233  0.04471  0.04521  0.04553  0.04587  0.04726  0.04796  0.04852
  0.04870  0.04940  0.04985  0.04987  0.04989  0.04993  0.04995  0.05076  0.05120  0.05197  0.05341  0.05356
  0.05499  0.05660  0.05729  0.05763  0.05900  0.05930  0.06080  0.06107  0.06148  0.06287  0.06371  0.06577
  0.06624  0.06700  0.06801  0.06828  0.06963  0.07067  0.07070  0.07213  0.07357  0.07472  0.07517  0.07600
  0.07629  0.07680  0.07784  0.07817  0.07883  0.07903  0.07958  0.07970  0.08043  0.08068  0.08133  0.08149
  0.08221  0.08275  0.08324  0.08357  0.08387  0.08458  0.08589  0.08636  0.08799  0.08963  0.09007  0.09360
  0.09453  0.10038  0.10269  0.10330  0.10525  0.10643  0.10657  0.10753  0.10855  0.10873  0.11137  0.11147
  0.11652  0.11954  0.12681  0.34965  0.35713  0.36247  0.36402  0.36533  0.37134  0.37186  0.37872  0.38021
  0.38281  0.38327  0.38785  0.38885  0.38940  0.38998  0.39064  0.39073  0.39116  0.39256  0.39288  0.39302
  0.39321  0.39330  0.39338  0.39394  0.39525  0.39548  0.39586  0.39620  0.39715  0.39799  0.40020  0.40524
  0.40589  0.41336  0.41781
Testing convergence  in cycle    1
  Max grad  8.1173E-05 Target: 4.5000E-04 converged?  yes component   244
  RMS grad  2.6695E-05 Target: 3.0000E-04 converged?  yes
Convergence reached
 
Projecting out translational and rotational modes

Number of translational/rotational modes:   6
 
Thermochemical analysis
 Mode     Eigenvalue Frequency Vib.T.(K)        ZPE (H)   Vib. Ene.(H)      - T*S (H)
    1  -0.0030900229   285.749i
    2   0.0000034902     9.603    13.817   0.0000218783   0.0007346202  -0.0016412577
    3   0.0000152248    20.058    28.859   0.0000456948   0.0007346202  -0.0016412577
    4   0.0000350808    30.447    43.806   0.0000693625   0.0007346202  -0.0016412577
    5   0.0000389608    32.086    46.165   0.0000730977   0.0007346202  -0.0016412577
    6   0.0000558543    38.418    55.275   0.0000875222   0.0007346202  -0.0016412577
    7   0.0000753848    44.632    64.215   0.0001016791   0.0007346202  -0.0016412577
    8   0.0001033693    52.264    75.196   0.0001190655   0.0007346202  -0.0016412577
    9   0.0001087378    53.604    77.124   0.0001221182   0.0007346202  -0.0016412577
   10   0.0001278279    58.119    83.620   0.0001324045   0.0007346202  -0.0016412577
   11   0.0001372418    60.221    86.644   0.0001371934   0.0007346202  -0.0016412577
   12   0.0001624065    65.510    94.254   0.0001492422   0.0007346202  -0.0016412577
   13   0.0001668496    66.400    95.535   0.0001512699   0.0007346202  -0.0016412577
   14   0.0001819879    69.347    99.774   0.0001579833   0.0007346202  -0.0016412577
   15   0.0002342429    78.675   113.196   0.0001792351   0.0007346202  -0.0016412577
   16   0.0002446236    80.400   115.677   0.0001831636   0.0007346202  -0.0016412577
   17   0.0003282885    93.139   134.006   0.0002121865   0.0007346202  -0.0016412577
   18   0.0003932544   101.939   146.668   0.0002322345   0.0007309144  -0.0016234782
   19   0.0004136988   104.555   150.432   0.0002381947   0.0007259359  -0.0016000407
   20   0.0005743992   123.200   177.258   0.0002806706   0.0006911628  -0.0014489383
   21   0.0006085088   126.805   182.445   0.0002888839   0.0006845811  -0.0014225158
   22   0.0007143624   137.393   197.677   0.0003130035   0.0006655181  -0.0013493133
   23   0.0008008126   145.469   209.297   0.0003314022   0.0006512412  -0.0012974280
   24   0.0008686242   151.503   217.979   0.0003451484   0.0006407230  -0.0012606550
   25   0.0009121613   155.253   223.374   0.0003536924   0.0006342492  -0.0012385924
   26   0.0009296053   156.731   225.500   0.0003570584   0.0006317122  -0.0012300600
   27   0.0009795793   160.888   231.482   0.0003665302   0.0006246136  -0.0012065149
   28   0.0011067923   171.016   246.054   0.0003896037   0.0006075706  -0.0011518566
   29   0.0012468036   181.511   261.154   0.0004135128   0.0005902810  -0.0010988925
   30   0.0014409226   195.130   280.749   0.0004445394   0.0005684015  -0.0010350918
   31   0.0016049056   205.934   296.294   0.0004691532   0.0005514874  -0.0009879995
   32   0.0016206121   206.940   297.740   0.0004714433   0.0005499334  -0.0009837639
   33   0.0020025046   230.033   330.967   0.0005240548   0.0005151516  -0.0008926235
   34   0.0021178950   236.568   340.369   0.0005389422   0.0005056253  -0.0008687999
   35   0.0022675183   244.782   352.187   0.0005576547   0.0004938464  -0.0008399636
   36   0.0023284659   248.050   356.889   0.0005650995   0.0004892201  -0.0008288187
   37   0.0023898590   251.299   361.563   0.0005725008   0.0004846546  -0.0008179169
   38   0.0026347971   263.863   379.639   0.0006011233   0.0004673123  -0.0007773520
   39   0.0027539624   269.764   388.130   0.0006145666   0.0004593377  -0.0007591297
   40   0.0032481154   292.968   421.515   0.0006674299   0.0004290189  -0.0006921527
   41   0.0035971038   308.305   443.582   0.0007023708   0.0004098723  -0.0006516019
   42   0.0040735131   328.087   472.044   0.0007474369   0.0003862000  -0.0006031747
   43   0.0045078863   345.136   496.574   0.0007862786   0.0003666991  -0.0005646016
   44   0.0045690672   347.471   499.933   0.0007915962   0.0003640930  -0.0005595326
   45   0.0048301922   357.262   514.020   0.0008139021   0.0003533262  -0.0005387977
   46   0.0050861653   366.606   527.464   0.0008351898   0.0003432962  -0.0005197746
   47   0.0056028565   384.777   553.608   0.0008765863   0.0003244643  -0.0004847908
   48   0.0059209369   395.548   569.106   0.0009011253   0.0003137119  -0.0004652287
   49   0.0061269790   402.372   578.923   0.0009166703   0.0003070555  -0.0004532635
   50   0.0064425582   412.604   593.645   0.0009399811   0.0002972953  -0.0004359152
   51   0.0068239429   424.641   610.964   0.0009674035   0.0002861483  -0.0004163796
   52   0.0068983240   426.949   614.284   0.0009726615   0.0002840517  -0.0004127376
   53   0.0073013663   439.245   631.975   0.0010006726   0.0002730998  -0.0003938767
   54   0.0073164866   439.699   632.629   0.0010017082   0.0002727019  -0.0003931964
   55   0.0076384972   449.271   646.401   0.0010235143   0.0002644358  -0.0003791467
   56   0.0078331497   454.959   654.585   0.0010364734   0.0002596250  -0.0003710391
   57   0.0084814101   473.411   681.133   0.0010785095   0.0002445302  -0.0003459233
   58   0.0092370761   494.051   710.829   0.0011255304   0.0002285426  -0.0003198425
   59   0.0100235022   514.652   740.470   0.0011724645   0.0002134914  -0.0002957629
   60   0.0108253235   534.841   769.517   0.0012184575   0.0001995839  -0.0002739092
   61   0.0109354203   537.554   773.420   0.0012246379   0.0001977766  -0.0002710967
   62   0.0111279442   542.265   780.199   0.0012353711   0.0001946719  -0.0002662797
   63   0.0114596796   550.289   791.743   0.0012536497   0.0001894826  -0.0002582692
   64   0.0116981962   555.986   799.940   0.0012666289   0.0001858717  -0.0002527253
   65   0.0117518366   557.259   801.771   0.0012695296   0.0001850730  -0.0002515024
   66   0.0123297966   570.798   821.251   0.0013003729   0.0001767653  -0.0002388520
   67   0.0139148915   606.379   872.444   0.0013814331   0.0001564791  -0.0002084950
   68   0.0140474882   609.261   876.591   0.0013879994   0.0001549300  -0.0002062076
   69   0.0145000506   618.998   890.600   0.0014101805   0.0001497976  -0.0001986596
   70   0.0146124500   621.392   894.045   0.0014156356   0.0001485588  -0.0001968448
   71   0.0149315089   628.140   903.753   0.0014310071   0.0001451171  -0.0001918173
   72   0.0155321863   640.650   921.752   0.0014595072   0.0001389238  -0.0001828235
   73   0.0160231797   650.697   936.207   0.0014823962   0.0001341223  -0.0001758977
   74   0.0162720319   655.730   943.449   0.0014938633   0.0001317733  -0.0001725243
   75   0.0176877284   683.660   983.635   0.0015574926   0.0001193986  -0.0001549132
   76   0.0179271038   688.271   990.268   0.0015679963   0.0001174598  -0.0001521784
   77   0.0181656228   692.834   996.834   0.0015783928   0.0001155689  -0.0001495176
   78   0.0185680750   700.467  1007.816   0.0015957814   0.0001124679  -0.0001451673
   79   0.0192235650   712.724  1025.450   0.0016237042   0.0001076457  -0.0001384362
   80   0.0192499506   713.213  1026.154   0.0016248182   0.0001074573  -0.0001381740
   81   0.0198450491   724.153  1041.895   0.0016497420   0.0001033192  -0.0001324317
   82   0.0200140113   727.229  1046.321   0.0016567502   0.0001021820  -0.0001308590
   83   0.0205879748   737.583  1061.218   0.0016803385   0.0000984379  -0.0001256968
   84   0.0207403753   740.308  1065.138   0.0016865463   0.0000974736  -0.0001243713
   85   0.0217435724   758.001  1090.594   0.0017268531   0.0000914194  -0.0001160869
   86   0.0218980388   760.689  1094.461   0.0017329761   0.0000905305  -0.0001148760
   87   0.0227200635   774.835  1114.814   0.0017652033   0.0000859809  -0.0001087005
   88   0.0228824312   777.598  1118.791   0.0017714995   0.0000851170  -0.0001075319
   89   0.0229243333   778.310  1119.814   0.0017731207   0.0000848958  -0.0001072330
   90   0.0231990611   782.960  1126.505   0.0017837137   0.0000834637  -0.0001052995
   91   0.0237189209   791.684  1139.056   0.0018035883   0.0000808366  -0.0001017621
   92   0.0245243993   805.014  1158.236   0.0018339570   0.0000769691  -0.0000965773
   93   0.0245367731   805.217  1158.528   0.0018344196   0.0000769116  -0.0000965003
   94   0.0248784716   810.804  1166.567   0.0018471485   0.0000753430  -0.0000944053
   95   0.0250502005   813.598  1170.586   0.0018535127   0.0000745699  -0.0000933744
   96   0.0254538873   820.127  1179.980   0.0018683878   0.0000727914  -0.0000910070
   97   0.0260412798   829.536  1193.518   0.0018898229   0.0000702974  -0.0000876970
   98   0.0275052978   852.535  1226.608   0.0019422187   0.0000645310  -0.0000800876
   99   0.0275655647   853.469  1227.951   0.0019443453   0.0000643065  -0.0000797926
  100   0.0278673388   858.128  1234.655   0.0019549592   0.0000631968  -0.0000783359
  101   0.0285593384   868.717  1249.890   0.0019790831   0.0000607407  -0.0000751198
  102   0.0287846620   872.137  1254.811   0.0019868749   0.0000599665  -0.0000741085
  103   0.0288619103   873.307  1256.494   0.0019895392   0.0000597040  -0.0000737657
  104   0.0294123919   881.596  1268.419   0.0020084227   0.0000578734  -0.0000713798
  105   0.0303126503   894.986  1287.685   0.0020389281   0.0000550264  -0.0000676820
  106   0.0310198365   905.366  1302.619   0.0020625748   0.0000529102  -0.0000649435
  107   0.0313045770   909.512  1308.584   0.0020720197   0.0000520864  -0.0000638799
  108   0.0314426341   911.515  1311.466   0.0020765836   0.0000516927  -0.0000633720
  109   0.0321608412   921.866  1326.360   0.0021001661   0.0000497022  -0.0000608091
  110   0.0336472027   942.928  1356.664   0.0021481492   0.0000458721  -0.0000558998
  111   0.0349686811   961.267  1383.048   0.0021899267   0.0000427650  -0.0000519393
  112   0.0355084636   968.657  1393.682   0.0022067640   0.0000415697  -0.0000504211
  113   0.0361099051   976.827  1405.435   0.0022253746   0.0000402852  -0.0000487929
  114   0.0378511870  1000.101  1438.923   0.0022783986   0.0000368278  -0.0000444280
  115   0.0381520635  1004.068  1444.630   0.0022874361   0.0000362673  -0.0000437228
  116   0.0383828745  1007.101  1448.994   0.0022943449   0.0000358442  -0.0000431910
  117   0.0386344717  1010.396  1453.735   0.0023018522   0.0000353898  -0.0000426202
  118   0.0391560591  1017.194  1463.515   0.0023173383   0.0000344696  -0.0000414658
  119   0.0392398347  1018.282  1465.080   0.0023198160   0.0000343245  -0.0000412840
  120   0.0393327042  1019.486  1466.813   0.0023225595   0.0000341645  -0.0000410835
  121   0.0396765565  1023.932  1473.210   0.0023326895   0.0000335798  -0.0000403514
  122   0.0398634917  1026.342  1476.677   0.0023381783   0.0000332670  -0.0000399600
  123   0.0401360081  1029.844  1481.715   0.0023461568   0.0000328172  -0.0000393977
  124   0.0402736266  1031.608  1484.254   0.0023501757   0.0000325928  -0.0000391173
  125   0.0405697047  1035.393  1489.699   0.0023587987   0.0000321163  -0.0000385223
  126   0.0409967153  1040.828  1497.519   0.0023711798   0.0000314436  -0.0000376833
  127   0.0416449434  1049.024  1509.311   0.0023898525   0.0000304544  -0.0000364513
  128   0.0418681190  1051.831  1513.350   0.0023962475   0.0000301224  -0.0000360384
  129   0.0421392087  1055.231  1518.242   0.0024039927   0.0000297250  -0.0000355444
  130   0.0422511067  1056.631  1520.256   0.0024071824   0.0000295628  -0.0000353429
  131   0.0423344995  1057.673  1521.756   0.0024095568   0.0000294426  -0.0000351936
  132   0.0447144962  1086.997  1563.947   0.0024763620   0.0000262450  -0.0000312351
  133   0.0452117353  1093.024  1572.618   0.0024900929   0.0000256301  -0.0000304768
  134   0.0455256345  1096.812  1578.068   0.0024987221   0.0000252507  -0.0000300094
  135   0.0458676220  1100.924  1583.984   0.0025080897   0.0000248450  -0.0000295100
  136   0.0472643399  1117.561  1607.920   0.0025459903   0.0000232659  -0.0000275702
  137   0.0479563614  1125.712  1619.649   0.0025645612   0.0000225277  -0.0000266655
  138   0.0485163951  1132.266  1629.078   0.0025794922   0.0000219504  -0.0000259592
  139   0.0486989071  1134.394  1632.140   0.0025843395   0.0000217660  -0.0000257338
  140   0.0494007001  1142.538  1643.858   0.0026028941   0.0000210740  -0.0000248885
  141   0.0498453951  1147.669  1651.240   0.0026145833   0.0000206489  -0.0000243699
  142   0.0498702750  1147.956  1651.652   0.0026152357   0.0000206254  -0.0000243413
  143   0.0498910590  1148.195  1651.996   0.0026157806   0.0000206058  -0.0000243174
  144   0.0499316163  1148.662  1652.668   0.0026168436   0.0000205676  -0.0000242709
  145   0.0499485591  1148.856  1652.948   0.0026172875   0.0000205517  -0.0000242515
  146   0.0507588958  1158.138  1666.302   0.0026384328   0.0000198069  -0.0000233443
  147   0.0511984845  1163.142  1673.502   0.0026498330   0.0000194161  -0.0000228689
  148   0.0519675125  1171.845  1686.024   0.0026696598   0.0000187540  -0.0000220646
  149   0.0534115009  1188.014  1709.288   0.0027064957   0.0000175810  -0.0000206427
  150   0.0535571317  1189.633  1711.616   0.0027101829   0.0000174676  -0.0000205054
  151   0.0549933160  1205.478  1734.414   0.0027462806   0.0000163934  -0.0000192073
  152   0.0566025076  1222.988  1759.607   0.0027861711   0.0000152802  -0.0000178658
  153   0.0572928852  1230.424  1770.305   0.0028031110   0.0000148299  -0.0000173242
  154   0.0576292091  1234.030  1775.493   0.0028113265   0.0000146161  -0.0000170673
  155   0.0589996437  1248.616  1796.480   0.0028445570   0.0000137812  -0.0000160656
  156   0.0593039365  1251.832  1801.107   0.0028518831   0.0000136034  -0.0000158526
  157   0.0608014985  1267.539  1823.706   0.0028876669   0.0000127664  -0.0000148513
  158   0.0610724112  1270.360  1827.765   0.0028940930   0.0000126215  -0.0000146781
  159   0.0614757506  1274.548  1833.790   0.0029036340   0.0000124092  -0.0000144246
  160   0.0628681390  1288.901  1854.441   0.0029363327   0.0000117075  -0.0000135879
  161   0.0637052958  1297.454  1866.747   0.0029558182   0.0000113078  -0.0000131121
  162   0.0657722067  1318.334  1896.789   0.0030033861   0.0000103865  -0.0000120178
  163   0.0662379025  1322.993  1903.492   0.0030139999   0.0000101911  -0.0000117860
  164   0.0670042582  1330.624  1914.472   0.0030313854   0.0000098787  -0.0000114159
  165   0.0680141187  1340.614  1928.845   0.0030541439   0.0000094837  -0.0000109485
  166   0.0682784054  1343.216  1932.589   0.0030600720   0.0000093834  -0.0000108299
  167   0.0696299589  1356.445  1951.622   0.0030902102   0.0000088889  -0.0000102459
  168   0.0706683515  1366.522  1966.121   0.0031131671   0.0000085293  -0.0000098219
  169   0.0707000212  1366.829  1966.561   0.0031138646   0.0000085186  -0.0000098092
  170   0.0721305204  1380.587  1986.357   0.0031452088   0.0000080509  -0.0000092586
  171   0.0735695359  1394.291  2006.073   0.0031764276   0.0000076099  -0.0000087403
  172   0.0747191379  1405.142  2021.686   0.0032011489   0.0000072775  -0.0000083501
  173   0.0751726871  1409.400  2027.812   0.0032108498   0.0000071509  -0.0000082017
  174   0.0760049951  1417.181  2039.007   0.0032285761   0.0000069251  -0.0000079372
  175   0.0762894951  1419.831  2042.820   0.0032346130   0.0000068498  -0.0000078490
  176   0.0768017497  1424.590  2049.667   0.0032454544   0.0000067166  -0.0000076931
  177   0.0778420815  1434.206  2063.502   0.0032673614   0.0000064550  -0.0000073872
  178   0.0781689909  1437.214  2067.831   0.0032742151   0.0000063752  -0.0000072940
  179   0.0788348651  1443.323  2076.619   0.0032881310   0.0000062162  -0.0000071082
  180   0.0790313703  1445.120  2079.206   0.0032922265   0.0000061701  -0.0000070544
  181   0.0795785313  1450.114  2086.391   0.0033036035   0.0000060438  -0.0000069071
  182   0.0797006625  1451.227  2087.991   0.0033061376   0.0000060161  -0.0000068747
  183   0.0804347115  1457.894  2097.585   0.0033213275   0.0000058522  -0.0000066836
  184   0.0806828441  1460.141  2100.817   0.0033264466   0.0000057979  -0.0000066204
  185   0.0813349864  1466.030  2109.291   0.0033398630   0.0000056581  -0.0000064575
  186   0.0814926422  1467.451  2111.334   0.0033430983   0.0000056248  -0.0000064188
  187   0.0822060724  1473.860  2120.556   0.0033577001   0.0000054772  -0.0000062470
  188   0.0827526734  1478.752  2127.594   0.0033688445   0.0000053671  -0.0000061189
  189   0.0832430353  1483.127  2133.888   0.0033788111   0.0000052704  -0.0000060065
  190   0.0835727020  1486.061  2138.110   0.0033854950   0.0000052065  -0.0000059323
  191   0.0838678854  1488.683  2141.882   0.0033914686   0.0000051501  -0.0000058667
  192   0.0845824734  1495.011  2150.988   0.0034058863   0.0000050163  -0.0000057114
  193   0.0858862185  1506.489  2167.502   0.0034320349   0.0000047823  -0.0000054399
  194   0.0863617359  1510.654  2173.494   0.0034415227   0.0000047000  -0.0000053445
  195   0.0879890673  1524.820  2193.876   0.0034737960   0.0000044304  -0.0000050323
  196   0.0896279230  1538.955  2214.213   0.0035059976   0.0000041765  -0.0000047387
  197   0.0900725857  1542.768  2219.699   0.0035146839   0.0000041104  -0.0000046624
  198   0.0935972816  1572.664  2262.712   0.0035827918   0.0000036269  -0.0000041047
  199   0.0945260619  1580.447  2273.911   0.0036005242   0.0000035104  -0.0000039706
  200   0.1003762690  1628.620  2343.221   0.0037102697   0.0000028668  -0.0000032315
  201   0.1026902559  1647.286  2370.076   0.0037527927   0.0000026498  -0.0000029831
  202   0.1032961153  1652.138  2377.058   0.0037638469   0.0000025961  -0.0000029216
  203   0.1052507869  1667.696  2399.443   0.0037992916   0.0000024309  -0.0000027329
  204   0.1064316556  1677.026  2412.866   0.0038205454   0.0000023369  -0.0000026256
  205   0.1065736965  1678.144  2414.475   0.0038230939   0.0000023258  -0.0000026130
  206   0.1075267297  1685.631  2425.247   0.0038401499   0.0000022533  -0.0000025303
  207   0.1085456503  1693.599  2436.711   0.0038583015   0.0000021785  -0.0000024450
  208   0.1087308813  1695.043  2438.789   0.0038615922   0.0000021652  -0.0000024299
  209   0.1113732396  1715.516  2468.244   0.0039082324   0.0000019852  -0.0000022249
  210   0.1114662875  1716.232  2469.275   0.0039098646   0.0000019792  -0.0000022181
  211   0.1165159415  1754.676  2524.587   0.0039974462   0.0000016808  -0.0000018793
  212   0.1195423674  1777.318  2557.164   0.0040490289   0.0000015262  -0.0000017042
  213   0.1268106399  1830.552  2633.756   0.0041703048   0.0000012158  -0.0000013534
  214   0.3496454793  3039.613  4373.324   0.0069247470   0.0000000059  -0.0000000063
  215   0.3571264565  3071.958  4419.862   0.0069984355   0.0000000051  -0.0000000054
  216   0.3624727108  3094.867  4452.823   0.0070506249   0.0000000046  -0.0000000049
  217   0.3640195264  3101.463  4462.313   0.0070656528   0.0000000045  -0.0000000048
  218   0.3653293782  3107.038  4470.335   0.0070783536   0.0000000044  -0.0000000046
  219   0.3713384084  3132.487  4506.949   0.0071363294   0.0000000039  -0.0000000041
  220   0.3718596004  3134.684  4510.111   0.0071413358   0.0000000038  -0.0000000041
  221   0.3787239076  3163.484  4551.548   0.0072069468   0.0000000034  -0.0000000036
  222   0.3802108510  3169.688  4560.474   0.0072210808   0.0000000033  -0.0000000035
  223   0.3828089702  3180.499  4576.029   0.0072457110   0.0000000031  -0.0000000033
  224   0.3832713397  3182.420  4578.792   0.0072500855   0.0000000031  -0.0000000033
  225   0.3878456964  3201.354  4606.035   0.0072932221   0.0000000028  -0.0000000030
  226   0.3888536546  3205.512  4612.016   0.0073026930   0.0000000028  -0.0000000030
  227   0.3894034174  3207.777  4615.275   0.0073078535   0.0000000028  -0.0000000029
  228   0.3899762353  3210.135  4618.669   0.0073132265   0.0000000027  -0.0000000029
  229   0.3906408683  3212.870  4622.603   0.0073194558   0.0000000027  -0.0000000029
  230   0.3907253313  3213.217  4623.102   0.0073202470   0.0000000027  -0.0000000029
  231   0.3911641762  3215.021  4625.698   0.0073243568   0.0000000027  -0.0000000029
  232   0.3925626221  3220.763  4633.959   0.0073374377   0.0000000026  -0.0000000028
  233   0.3928849006  3222.085  4635.861   0.0073404489   0.0000000026  -0.0000000028
  234   0.3930179188  3222.630  4636.646   0.0073416915   0.0000000026  -0.0000000028
  235   0.3932107808  3223.421  4637.783   0.0073434926   0.0000000026  -0.0000000027
  236   0.3932966859  3223.773  4638.290   0.0073442947   0.0000000026  -0.0000000027
  237   0.3933782215  3224.107  4638.770   0.0073450560   0.0000000026  -0.0000000027
  238   0.3939434664  3226.422  4642.102   0.0073503311   0.0000000025  -0.0000000027
  239   0.3952464486  3231.754  4649.773   0.0073624768   0.0000000025  -0.0000000026
  240   0.3954799776  3232.708  4651.146   0.0073646516   0.0000000025  -0.0000000026
  241   0.3958564971  3234.247  4653.360   0.0073681565   0.0000000025  -0.0000000026
  242   0.3961975551  3235.640  4655.364   0.0073713299   0.0000000024  -0.0000000026
  243   0.3971463994  3239.512  4660.935   0.0073801513   0.0000000024  -0.0000000026
  244   0.3979910243  3242.955  4665.889   0.0073879950   0.0000000024  -0.0000000025
  245   0.4001966812  3251.929  4678.800   0.0074084388   0.0000000023  -0.0000000024
  246   0.4052387061  3272.350  4708.181   0.0074549616   0.0000000021  -0.0000000022
  247   0.4058905875  3274.981  4711.967   0.0074609554   0.0000000020  -0.0000000022
  248   0.4133616551  3304.984  4755.135   0.0075293077   0.0000000018  -0.0000000019
  249   0.4178055767  3322.702  4780.627   0.0075696721   0.0000000016  -0.0000000017
total                                      0.6870339328   0.0378482300  -0.0690809908
Wave numbers > 0 and <    100.0 cm^-1 were raised to that value for vibrational H and S.
Temperature:            298.15 Kelvin
 
Energy contributions for the gas phase:
The standard state is an ideal gas at a pressure of 101300.0 Pa
Molar volume (V_m):      24.47 L
                                  Hartree     kJ/mol   kcal/mol          K
ZPE .........................    0.687034   1803.807    431.120   216948.2
H_trans .....................    0.002360      6.197      1.481      745.4
H_rot .......................    0.001416      3.718      0.889      447.2
H_vib .......................    0.037848     99.371     23.750    11951.5
H_total .....................    0.041625    109.286     26.120    13144.1
 
S_trans*T ...................    0.021527     56.520     13.509     6797.8
S_rot*T .....................    0.018246     47.905     11.450     5761.7
S_vib*T .....................    0.069081    181.372     43.349    21814.1
S_total*T ...................    0.108855    285.798     68.307    34373.6
 
H(T) ........................    0.728659   1913.094    457.240   230092.3
S(T)*T ......................    0.108855    285.798     68.307    34373.6
G(T) ........................    0.619804   1627.296    388.933   195718.7
Total free energy G (electronic energy+ZPE+RRHO):  -2138.068651 Hartree
 
Energy contributions for solutions:
The standard state is a concentration of c_0 = 1 mol / L:
R*T*ln(c_0*V_m) .............    0.003019      7.926      1.894      953.3
S_trans*T ...................    0.018508     48.594     11.614     5844.5
S_total*T ...................    0.105836    277.871     66.413    33420.2
S(T)*T ......................    0.105836    277.871     66.413    33420.2
G(T) ........................    0.622823   1635.222    390.828   196672.0
Total free energy G (electronic energy+ZPE+RRHO):  -2138.065632 Hartree
 
Crossover temperature for tunnelling       65.43329 K
 Writing file qts_ts.txt
 Writing Hessian file qts_hessian_ts.txt

DL-FIND Report:
===============
Optimisation algorithm: no optimisation, just calculate the
    Hessian and thermal corrections
Modes assumed to have zero vibrational frequency          6
Temperature ....................................  2.981E+02 K
Minimum wave number ............................  1.000E+02 cm^-1
Finite difference for Hessian calculation ......  1.000E-02
 
Step length: simple scaled
Maximum step length ............................  5.000E-01
Scaling step by ................................  1.000E+00
 
Coordinate system: Mass-weighted Cartesian coordinates
 
Number of atoms ................................         85
Number of input geometries .....................          1
Variables to be optimised ......................        255
No restart information is written
This run has not been restarted.
Number of energy evaluations on this processor .          1
Number of steps ................................          1
Number of accepted steps / line searches .......          0
 

Timing report
=============
Module                                      CPU time            Wall clock time
Total .................................     1.589 (100.00%) 12735.028 (100.00%) seconds
Energy and Gradient ...................     0.488 ( 30.72%)    47.818 (  0.38%) seconds
Step direction ........................     0.000 (  0.00%)     0.000 (  0.00%) seconds
Coordinate transformation .............     0.008 (  0.53%)     0.039 (  0.00%) seconds
Checkpoint file I/O ...................     0.000 (  0.00%)     0.000 (  0.00%) seconds
XYZ-file I/O ..........................     0.000 (  0.02%)     0.003 (  0.00%) seconds
exit 0

 Timing Analysis by Executable 
                                 aoforce  [      1]  12685.849  39.7%
                                    grad  [    200]   4026.041  12.6%
                                    dscf  [    201]  15196.155  47.5%
                                  define  [      1]      0.414   0.0%
                               ChemShell                53.476   0.2%

                                   Total             31961.935

  Timing Analysis by Module       module   # calls        time time (exc) percent 
                               write_xyz  [      1]      0.006      0.006   0.0%
                                 dl-find  [      2]  31961.795      1.679   0.0%
                               turbomole  [    201]  31960.115  31942.115  99.9%
                      set_matrix_element  [5190725]     17.835     17.835   0.1%
                       get_number_of_bqs  [    202]      0.003      0.003   0.0%
                          get_atom_entry  [  17085]      0.094      0.094   0.0%
                         set_matrix_size  [    405]      0.062      0.062   0.0%
                     get_number_of_atoms  [    203]      0.005      0.005   0.0%
                             copy_object  [      2]      0.001      0.001   0.0%
                                read_xyz  [      2]      0.001      0.001   0.0%
                                   Other                 0.132              0.0%

                                   Total             31961.935
ChemShell exiting code 0
